
==========================================================================
detailed place report_tns
--------------------------------------------------------------------------
tns max -3555.12

==========================================================================
detailed place report_wns
--------------------------------------------------------------------------
wns max -28.47

==========================================================================
detailed place report_worst_slack
--------------------------------------------------------------------------
worst slack max -28.47

==========================================================================
detailed place report_clock_min_period
--------------------------------------------------------------------------
clk1 period_min = 10.88 fmax = 91.87
clk2 period_min = 0.00 fmax = inf
clk3 period_min = 0.00 fmax = inf
clk4 period_min = 0.00 fmax = inf
clk5 period_min = 0.00 fmax = inf
clk_s1 period_min = 6.87 fmax = 145.50
clk_s1_gate period_min = 0.00 fmax = inf
clk_s2 period_min = 7.46 fmax = 134.01
clk_s2_gate period_min = 0.00 fmax = inf
clk_s3 period_min = 6.89 fmax = 145.08
clk_s4 period_min = 8.06 fmax = 124.00
clk_s4_gate period_min = 0.00 fmax = inf
clk_s5 period_min = 40.97 fmax = 24.41
clk_s5_gate period_min = 0.00 fmax = inf
clk_s8 period_min = 6.15 fmax = 162.67
dot_clk_div_clk_div2 period_min = 0.00 fmax = inf
dot_clk_div_clk_div4 period_min = 0.00 fmax = inf
dot_clk_div_clk_div8 period_min = 0.00 fmax = inf
gpio_clk_div_clk_div2 period_min = 0.00 fmax = inf
gpio_clk_div_clk_div4 period_min = 0.00 fmax = inf
gpio_clk_div_clk_div8 period_min = 0.00 fmax = inf
timer_clk_div_clk_div2 period_min = 0.00 fmax = inf
timer_clk_div_clk_div4 period_min = 0.00 fmax = inf
timer_clk_div_clk_div8 period_min = 0.00 fmax = inf
uart_clk_div_clk_div2 period_min = 0.00 fmax = inf
uart_clk_div_clk_div4 period_min = 0.00 fmax = inf
uart_clk_div_clk_div8 period_min = 0.00 fmax = inf

==========================================================================
detailed place report_checks -path_delay min
--------------------------------------------------------------------------
Startpoint: clkcfg_done$_SDFF_PP0_
            (rising edge-triggered flip-flop clocked by clk1)
Endpoint: clkcfg_done$_SDFF_PP0_
          (rising edge-triggered flip-flop clocked by clk1)
Path Group: clk1
Path Type: min

Fanout     Cap    Slew   Delay    Time   Description
-----------------------------------------------------------------------------
                  0.15    0.00    0.00   clock clk1 (rise edge)
                          0.00    0.00   clock network delay (ideal)
                  0.15    0.00    0.00 ^ clkcfg_done$_SDFF_PP0_/CLK (sky130_fd_sc_hd__dfxtp_1)
     2    0.01    0.07    0.36    0.36 ^ clkcfg_done$_SDFF_PP0_/Q (sky130_fd_sc_hd__dfxtp_1)
                                         clkcfg_done (net)
                  0.07    0.00    0.36 ^ _3159_/B (sky130_fd_sc_hd__nor3_1)
     1    0.00    0.03    0.05    0.41 v _3159_/Y (sky130_fd_sc_hd__nor3_1)
                                         _0103_ (net)
                  0.03    0.00    0.41 v clkcfg_done$_SDFF_PP0_/D (sky130_fd_sc_hd__dfxtp_1)
                                  0.41   data arrival time

                  0.15    0.00    0.00   clock clk1 (rise edge)
                          0.00    0.00   clock network delay (ideal)
                          0.10    0.10   clock uncertainty
                          0.00    0.10   clock reconvergence pessimism
                                  0.10 ^ clkcfg_done$_SDFF_PP0_/CLK (sky130_fd_sc_hd__dfxtp_1)
                         -0.02    0.08   library hold time
                                  0.08   data required time
-----------------------------------------------------------------------------
                                  0.08   data required time
                                 -0.41   data arrival time
-----------------------------------------------------------------------------
                                  0.33   slack (MET)


Startpoint: timer_0/fifo_timer_w/synchronizers_1_clk_2[0]$_SDFF_PP0_
            (rising edge-triggered flip-flop clocked by clk_s1)
Endpoint: timer_0/fifo_timer_w/synchronizers_2_clk_2[0]$_SDFF_PP0_
          (rising edge-triggered flip-flop clocked by clk_s1)
Path Group: clk_s1
Path Type: min

Fanout     Cap    Slew   Delay    Time   Description
-----------------------------------------------------------------------------
                  0.15    0.00    0.00   clock clk_s1 (rise edge)
                          0.00    0.00   clock network delay (ideal)
                  0.15    0.00    0.00 ^ timer_0/fifo_timer_w/synchronizers_1_clk_2[0]$_SDFF_PP0_/CLK (sky130_fd_sc_hd__dfxtp_1)
     1    0.00    0.02    0.32    0.32 v timer_0/fifo_timer_w/synchronizers_1_clk_2[0]$_SDFF_PP0_/Q (sky130_fd_sc_hd__dfxtp_1)
                                         timer_0/fifo_timer_w/synchronizers_1_clk_2[0] (net)
                  0.02    0.00    0.32 v timer_0/fifo_timer_w/_806_/B_N (sky130_fd_sc_hd__nor2b_1)
     1    0.00    0.03    0.11    0.43 v timer_0/fifo_timer_w/_806_/Y (sky130_fd_sc_hd__nor2b_1)
                                         timer_0/fifo_timer_w/_023_ (net)
                  0.03    0.00    0.43 v timer_0/fifo_timer_w/synchronizers_2_clk_2[0]$_SDFF_PP0_/D (sky130_fd_sc_hd__dfxtp_1)
                                  0.43   data arrival time

                  0.15    0.00    0.00   clock clk_s1 (rise edge)
                          0.00    0.00   clock network delay (ideal)
                          0.10    0.10   clock uncertainty
                          0.00    0.10   clock reconvergence pessimism
                                  0.10 ^ timer_0/fifo_timer_w/synchronizers_2_clk_2[0]$_SDFF_PP0_/CLK (sky130_fd_sc_hd__dfxtp_1)
                         -0.02    0.08   library hold time
                                  0.08   data required time
-----------------------------------------------------------------------------
                                  0.08   data required time
                                 -0.43   data arrival time
-----------------------------------------------------------------------------
                                  0.36   slack (MET)


Startpoint: timer_clk_div/clk_div[0]$_SDFF_PP0_/Q
            (clock source 'timer_clk_div_clk_div2')
Endpoint: timer_clk_div/clk_div[0]$_SDFF_PP0_
          (rising edge-triggered flip-flop clocked by clk_s1_gate)
Path Group: clk_s1_gate
Path Type: min

Fanout     Cap    Slew   Delay    Time   Description
-----------------------------------------------------------------------------
                  0.15    0.00    0.00   clock timer_clk_div_clk_div2 (rise edge)
     3    0.01    0.08    0.00    0.00 ^ timer_clk_div/clk_div[0]$_SDFF_PP0_/Q (sky130_fd_sc_hd__dfxtp_1)
                                         timer_clk_div/clk_div2 (net)
                  0.08    0.00    0.00 ^ timer_clk_div/_07_/B (sky130_fd_sc_hd__nor2_1)
     1    0.00    0.03    0.04    0.04 v timer_clk_div/_07_/Y (sky130_fd_sc_hd__nor2_1)
                                         timer_clk_div/_03_ (net)
                  0.03    0.00    0.04 v timer_clk_div/clk_div[0]$_SDFF_PP0_/D (sky130_fd_sc_hd__dfxtp_1)
                                  0.04   data arrival time

                  0.15    0.00    0.00   clock clk_s1_gate (rise edge)
                          0.00    0.00   clock network delay (ideal)
                          0.10    0.10   clock uncertainty
                          0.00    0.10   clock reconvergence pessimism
                                  0.10 ^ timer_clk_div/clk_div[0]$_SDFF_PP0_/CLK (sky130_fd_sc_hd__dfxtp_1)
                         -0.02    0.08   library hold time
                                  0.08   data required time
-----------------------------------------------------------------------------
                                  0.08   data required time
                                 -0.04   data arrival time
-----------------------------------------------------------------------------
                                 -0.04   slack (VIOLATED)


Startpoint: gpio_0/gpio_0/int_clr_reg_gpio[5]$_SDFFE_PP0P_
            (rising edge-triggered flip-flop clocked by clk_s2)
Endpoint: gpio_0/gpio_0/int_status_reg_gpio[5]$_SDFF_PP0_
          (rising edge-triggered flip-flop clocked by clk_s2)
Path Group: clk_s2
Path Type: min

Fanout     Cap    Slew   Delay    Time   Description
-----------------------------------------------------------------------------
                  0.15    0.00    0.00   clock clk_s2 (rise edge)
                          0.00    0.00   clock network delay (ideal)
                  0.15    0.00    0.00 ^ gpio_0/gpio_0/int_clr_reg_gpio[5]$_SDFFE_PP0P_/CLK (sky130_fd_sc_hd__dfxtp_1)
     3    0.01    0.09    0.38    0.38 ^ gpio_0/gpio_0/int_clr_reg_gpio[5]$_SDFFE_PP0P_/Q (sky130_fd_sc_hd__dfxtp_1)
                                         gpio_0/gpio_0/int_clr_reg_gpio[5] (net)
                  0.09    0.00    0.38 ^ gpio_0/gpio_0/_3190_/C1 (sky130_fd_sc_hd__a211oi_1)
     1    0.00    0.04    0.05    0.43 v gpio_0/gpio_0/_3190_/Y (sky130_fd_sc_hd__a211oi_1)
                                         gpio_0/gpio_0/_0382_ (net)
                  0.04    0.00    0.43 v gpio_0/gpio_0/int_status_reg_gpio[5]$_SDFF_PP0_/D (sky130_fd_sc_hd__dfxtp_1)
                                  0.43   data arrival time

                  0.15    0.00    0.00   clock clk_s2 (rise edge)
                          0.00    0.00   clock network delay (ideal)
                          0.10    0.10   clock uncertainty
                          0.00    0.10   clock reconvergence pessimism
                                  0.10 ^ gpio_0/gpio_0/int_status_reg_gpio[5]$_SDFF_PP0_/CLK (sky130_fd_sc_hd__dfxtp_1)
                         -0.03    0.07   library hold time
                                  0.07   data required time
-----------------------------------------------------------------------------
                                  0.07   data required time
                                 -0.43   data arrival time
-----------------------------------------------------------------------------
                                  0.35   slack (MET)


Startpoint: gpio_clk_div/clk_div[0]$_SDFF_PP0_/Q
            (clock source 'gpio_clk_div_clk_div2')
Endpoint: gpio_clk_div/clk_div[0]$_SDFF_PP0_
          (rising edge-triggered flip-flop clocked by clk_s2_gate)
Path Group: clk_s2_gate
Path Type: min

Fanout     Cap    Slew   Delay    Time   Description
-----------------------------------------------------------------------------
                  0.15    0.00    0.00   clock gpio_clk_div_clk_div2 (rise edge)
     3    0.01    0.08    0.00    0.00 ^ gpio_clk_div/clk_div[0]$_SDFF_PP0_/Q (sky130_fd_sc_hd__dfxtp_1)
                                         gpio_clk_div/clk_div2 (net)
                  0.08    0.00    0.00 ^ gpio_clk_div/_07_/B (sky130_fd_sc_hd__nor2_1)
     1    0.00    0.03    0.04    0.04 v gpio_clk_div/_07_/Y (sky130_fd_sc_hd__nor2_1)
                                         gpio_clk_div/_03_ (net)
                  0.03    0.00    0.04 v gpio_clk_div/clk_div[0]$_SDFF_PP0_/D (sky130_fd_sc_hd__dfxtp_1)
                                  0.04   data arrival time

                  0.15    0.00    0.00   clock clk_s2_gate (rise edge)
                          0.00    0.00   clock network delay (ideal)
                          0.10    0.10   clock uncertainty
                          0.00    0.10   clock reconvergence pessimism
                                  0.10 ^ gpio_clk_div/clk_div[0]$_SDFF_PP0_/CLK (sky130_fd_sc_hd__dfxtp_1)
                         -0.02    0.08   library hold time
                                  0.08   data required time
-----------------------------------------------------------------------------
                                  0.08   data required time
                                 -0.04   data arrival time
-----------------------------------------------------------------------------
                                 -0.04   slack (VIOLATED)


Startpoint: dma_config_0/dma_0/dest_addr_counter_dma[1]$_SDFFE_PP0P_
            (rising edge-triggered flip-flop clocked by clk_s3)
Endpoint: dma_config_0/dma_0/dest_addr_counter_dma[1]$_SDFFE_PP0P_
          (rising edge-triggered flip-flop clocked by clk_s3)
Path Group: clk_s3
Path Type: min

Fanout     Cap    Slew   Delay    Time   Description
-----------------------------------------------------------------------------
                  0.15    0.00    0.00   clock clk_s3 (rise edge)
                          0.00    0.00   clock network delay (ideal)
                  0.15    0.00    0.00 ^ dma_config_0/dma_0/dest_addr_counter_dma[1]$_SDFFE_PP0P_/CLK (sky130_fd_sc_hd__dfxtp_1)
     2    0.00    0.03    0.33    0.33 v dma_config_0/dma_0/dest_addr_counter_dma[1]$_SDFFE_PP0P_/Q (sky130_fd_sc_hd__dfxtp_1)
                                         dma_config_0/dma_0/dest_addr_counter_dma[1] (net)
                  0.03    0.00    0.33 v dma_config_0/dma_0/_3331_/A (sky130_fd_sc_hd__nand2_1)
     1    0.00    0.04    0.05    0.38 ^ dma_config_0/dma_0/_3331_/Y (sky130_fd_sc_hd__nand2_1)
                                         dma_config_0/dma_0/_1503_ (net)
                  0.04    0.00    0.38 ^ dma_config_0/dma_0/_3332_/A2 (sky130_fd_sc_hd__a21oi_1)
     1    0.00    0.04    0.05    0.44 v dma_config_0/dma_0/_3332_/Y (sky130_fd_sc_hd__a21oi_1)
                                         dma_config_0/dma_0/_0335_ (net)
                  0.04    0.00    0.44 v dma_config_0/dma_0/dest_addr_counter_dma[1]$_SDFFE_PP0P_/D (sky130_fd_sc_hd__dfxtp_1)
                                  0.44   data arrival time

                  0.15    0.00    0.00   clock clk_s3 (rise edge)
                          0.00    0.00   clock network delay (ideal)
                          0.10    0.10   clock uncertainty
                          0.00    0.10   clock reconvergence pessimism
                                  0.10 ^ dma_config_0/dma_0/dest_addr_counter_dma[1]$_SDFFE_PP0P_/CLK (sky130_fd_sc_hd__dfxtp_1)
                         -0.03    0.07   library hold time
                                  0.07   data required time
-----------------------------------------------------------------------------
                                  0.07   data required time
                                 -0.44   data arrival time
-----------------------------------------------------------------------------
                                  0.36   slack (MET)


Startpoint: uart_0/uart_0/rx_sync[0]$_SDFF_PP1_
            (rising edge-triggered flip-flop clocked by clk_s4)
Endpoint: uart_0/uart_0/rx_sync[1]$_SDFF_PP1_
          (rising edge-triggered flip-flop clocked by clk_s4)
Path Group: clk_s4
Path Type: min

Fanout     Cap    Slew   Delay    Time   Description
-----------------------------------------------------------------------------
                  0.15    0.00    0.00   clock clk_s4 (rise edge)
                          0.00    0.00   clock network delay (ideal)
                  0.15    0.00    0.00 ^ uart_0/uart_0/rx_sync[0]$_SDFF_PP1_/CLK (sky130_fd_sc_hd__dfxtp_1)
     1    0.00    0.03    0.33    0.33 ^ uart_0/uart_0/rx_sync[0]$_SDFF_PP1_/Q (sky130_fd_sc_hd__dfxtp_1)
                                         uart_0/uart_0/rx_sync[0] (net)
                  0.03    0.00    0.33 ^ uart_0/uart_0/_1320_/B (sky130_fd_sc_hd__or2_2)
     1    0.00    0.03    0.09    0.42 ^ uart_0/uart_0/_1320_/X (sky130_fd_sc_hd__or2_2)
                                         uart_0/uart_0/_0138_ (net)
                  0.03    0.00    0.42 ^ uart_0/uart_0/rx_sync[1]$_SDFF_PP1_/D (sky130_fd_sc_hd__dfxtp_1)
                                  0.42   data arrival time

                  0.15    0.00    0.00   clock clk_s4 (rise edge)
                          0.00    0.00   clock network delay (ideal)
                          0.10    0.10   clock uncertainty
                          0.00    0.10   clock reconvergence pessimism
                                  0.10 ^ uart_0/uart_0/rx_sync[1]$_SDFF_PP1_/CLK (sky130_fd_sc_hd__dfxtp_1)
                         -0.01    0.09   library hold time
                                  0.09   data required time
-----------------------------------------------------------------------------
                                  0.09   data required time
                                 -0.42   data arrival time
-----------------------------------------------------------------------------
                                  0.33   slack (MET)


Startpoint: uart_clk_div/clk_div[0]$_SDFF_PP0_/Q
            (clock source 'uart_clk_div_clk_div2')
Endpoint: uart_clk_div/clk_div[0]$_SDFF_PP0_
          (rising edge-triggered flip-flop clocked by clk_s4_gate)
Path Group: clk_s4_gate
Path Type: min

Fanout     Cap    Slew   Delay    Time   Description
-----------------------------------------------------------------------------
                  0.15    0.00    0.00   clock uart_clk_div_clk_div2 (rise edge)
     3    0.01    0.08    0.00    0.00 ^ uart_clk_div/clk_div[0]$_SDFF_PP0_/Q (sky130_fd_sc_hd__dfxtp_1)
                                         uart_clk_div/clk_div2 (net)
                  0.08    0.00    0.00 ^ uart_clk_div/_07_/B (sky130_fd_sc_hd__nor2_1)
     1    0.00    0.03    0.04    0.04 v uart_clk_div/_07_/Y (sky130_fd_sc_hd__nor2_1)
                                         uart_clk_div/_03_ (net)
                  0.03    0.00    0.04 v uart_clk_div/clk_div[0]$_SDFF_PP0_/D (sky130_fd_sc_hd__dfxtp_1)
                                  0.04   data arrival time

                  0.15    0.00    0.00   clock clk_s4_gate (rise edge)
                          0.00    0.00   clock network delay (ideal)
                          0.10    0.10   clock uncertainty
                          0.00    0.10   clock reconvergence pessimism
                                  0.10 ^ uart_clk_div/clk_div[0]$_SDFF_PP0_/CLK (sky130_fd_sc_hd__dfxtp_1)
                         -0.02    0.08   library hold time
                                  0.08   data required time
-----------------------------------------------------------------------------
                                  0.08   data required time
                                 -0.04   data arrival time
-----------------------------------------------------------------------------
                                 -0.04   slack (VIOLATED)


Startpoint: dot_0/fifo_timer_r/synchronizers_1_clk_1[3]$_SDFF_PP0_
            (rising edge-triggered flip-flop clocked by clk_s5)
Endpoint: dot_0/fifo_timer_r/synchronizers_2_clk_1[3]$_SDFF_PP0_
          (rising edge-triggered flip-flop clocked by clk_s5)
Path Group: clk_s5
Path Type: min

Fanout     Cap    Slew   Delay    Time   Description
-----------------------------------------------------------------------------
                  0.15    0.00    0.00   clock clk_s5 (rise edge)
                          0.00    0.00   clock network delay (ideal)
                  0.15    0.00    0.00 ^ dot_0/fifo_timer_r/synchronizers_1_clk_1[3]$_SDFF_PP0_/CLK (sky130_fd_sc_hd__dfxtp_1)
     1    0.00    0.02    0.32    0.32 v dot_0/fifo_timer_r/synchronizers_1_clk_1[3]$_SDFF_PP0_/Q (sky130_fd_sc_hd__dfxtp_1)
                                         dot_0/fifo_timer_r/synchronizers_1_clk_1[3] (net)
                  0.02    0.00    0.32 v dot_0/fifo_timer_r/_699_/B_N (sky130_fd_sc_hd__nor2b_1)
     1    0.00    0.03    0.11    0.44 v dot_0/fifo_timer_r/_699_/Y (sky130_fd_sc_hd__nor2b_1)
                                         dot_0/fifo_timer_r/_036_ (net)
                  0.03    0.00    0.44 v dot_0/fifo_timer_r/synchronizers_2_clk_1[3]$_SDFF_PP0_/D (sky130_fd_sc_hd__dfxtp_1)
                                  0.44   data arrival time

                  0.15    0.00    0.00   clock clk_s5 (rise edge)
                          0.00    0.00   clock network delay (ideal)
                          0.10    0.10   clock uncertainty
                          0.00    0.10   clock reconvergence pessimism
                                  0.10 ^ dot_0/fifo_timer_r/synchronizers_2_clk_1[3]$_SDFF_PP0_/CLK (sky130_fd_sc_hd__dfxtp_1)
                         -0.02    0.08   library hold time
                                  0.08   data required time
-----------------------------------------------------------------------------
                                  0.08   data required time
                                 -0.44   data arrival time
-----------------------------------------------------------------------------
                                  0.36   slack (MET)


Startpoint: dot_clk_div/clk_div[0]$_SDFF_PP0_/Q
            (clock source 'dot_clk_div_clk_div2')
Endpoint: dot_clk_div/clk_div[0]$_SDFF_PP0_
          (rising edge-triggered flip-flop clocked by clk_s5_gate)
Path Group: clk_s5_gate
Path Type: min

Fanout     Cap    Slew   Delay    Time   Description
-----------------------------------------------------------------------------
                  0.15    0.00    0.00   clock dot_clk_div_clk_div2 (rise edge)
     3    0.01    0.08    0.00    0.00 ^ dot_clk_div/clk_div[0]$_SDFF_PP0_/Q (sky130_fd_sc_hd__dfxtp_1)
                                         dot_clk_div/clk_div2 (net)
                  0.08    0.00    0.00 ^ dot_clk_div/_07_/B (sky130_fd_sc_hd__nor2_1)
     1    0.00    0.03    0.04    0.04 v dot_clk_div/_07_/Y (sky130_fd_sc_hd__nor2_1)
                                         dot_clk_div/_03_ (net)
                  0.03    0.00    0.04 v dot_clk_div/clk_div[0]$_SDFF_PP0_/D (sky130_fd_sc_hd__dfxtp_1)
                                  0.04   data arrival time

                  0.15    0.00    0.00   clock clk_s5_gate (rise edge)
                          0.00    0.00   clock network delay (ideal)
                          0.10    0.10   clock uncertainty
                          0.00    0.10   clock reconvergence pessimism
                                  0.10 ^ dot_clk_div/clk_div[0]$_SDFF_PP0_/CLK (sky130_fd_sc_hd__dfxtp_1)
                         -0.02    0.08   library hold time
                                  0.08   data required time
-----------------------------------------------------------------------------
                                  0.08   data required time
                                 -0.04   data arrival time
-----------------------------------------------------------------------------
                                 -0.04   slack (VIOLATED)


Startpoint: memory_axi_0/count_len[7]$_SDFF_PP0_
            (rising edge-triggered flip-flop clocked by clk_s8)
Endpoint: memory_axi_0/count_len[7]$_SDFF_PP0_
          (rising edge-triggered flip-flop clocked by clk_s8)
Path Group: clk_s8
Path Type: min

Fanout     Cap    Slew   Delay    Time   Description
-----------------------------------------------------------------------------
                  0.15    0.00    0.00   clock clk_s8 (rise edge)
                          0.00    0.00   clock network delay (ideal)
                  0.15    0.00    0.00 ^ memory_axi_0/count_len[7]$_SDFF_PP0_/CLK (sky130_fd_sc_hd__dfxtp_1)
     3    0.01    0.07    0.36    0.36 v memory_axi_0/count_len[7]$_SDFF_PP0_/Q (sky130_fd_sc_hd__dfxtp_1)
                                         memory_axi_0/count_len[7] (net)
                  0.07    0.00    0.37 v memory_axi_0/_1158_/A1 (sky130_fd_sc_hd__a21oi_1)
     1    0.00    0.07    0.12    0.48 ^ memory_axi_0/_1158_/Y (sky130_fd_sc_hd__a21oi_1)
                                         memory_axi_0/_0082_ (net)
                  0.07    0.00    0.48 ^ memory_axi_0/count_len[7]$_SDFF_PP0_/D (sky130_fd_sc_hd__dfxtp_1)
                                  0.48   data arrival time

                  0.15    0.00    0.00   clock clk_s8 (rise edge)
                          0.00    0.00   clock network delay (ideal)
                          0.10    0.10   clock uncertainty
                          0.00    0.10   clock reconvergence pessimism
                                  0.10 ^ memory_axi_0/count_len[7]$_SDFF_PP0_/CLK (sky130_fd_sc_hd__dfxtp_1)
                         -0.02    0.08   library hold time
                                  0.08   data required time
-----------------------------------------------------------------------------
                                  0.08   data required time
                                 -0.48   data arrival time
-----------------------------------------------------------------------------
                                  0.40   slack (MET)



==========================================================================
detailed place report_checks -path_delay max
--------------------------------------------------------------------------
Startpoint: processor_0/pipeline_ex_mem/alu_out_out[29]$_SDFFE_PP0N_
            (rising edge-triggered flip-flop clocked by clk1)
Endpoint: soc_obs[23]$_SDFF_PP0_
          (rising edge-triggered flip-flop clocked by clk1)
Path Group: clk1
Path Type: max

Fanout     Cap    Slew   Delay    Time   Description
-----------------------------------------------------------------------------
                  0.15    0.00    0.00   clock clk1 (rise edge)
                          0.00    0.00   clock network delay (ideal)
                  0.15    0.00    0.00 ^ processor_0/pipeline_ex_mem/alu_out_out[29]$_SDFFE_PP0N_/CLK (sky130_fd_sc_hd__dfxtp_1)
     2    0.12    1.10    1.07    1.07 ^ processor_0/pipeline_ex_mem/alu_out_out[29]$_SDFFE_PP0N_/Q (sky130_fd_sc_hd__dfxtp_1)
                                         addr_m_axi[29] (net)
                  1.10    0.00    1.08 ^ _1528_/C (sky130_fd_sc_hd__and4b_1)
     2    0.10    0.95    0.96    2.04 ^ _1528_/X (sky130_fd_sc_hd__and4b_1)
                                         _0108_ (net)
                  0.95    0.03    2.07 ^ _1542_/C (sky130_fd_sc_hd__and4_1)
     4    0.08    0.75    0.82    2.89 ^ _1542_/X (sky130_fd_sc_hd__and4_1)
                                         _0121_ (net)
                  0.76    0.02    2.91 ^ _1546_/A (sky130_fd_sc_hd__nand2_1)
     1    0.01    0.19    0.21    3.12 v _1546_/Y (sky130_fd_sc_hd__nand2_1)
                                         _0125_ (net)
                  0.19    0.00    3.12 v place32189/A (sky130_fd_sc_hd__buf_12)
    19    0.11    0.07    0.22    3.34 v place32189/X (sky130_fd_sc_hd__buf_12)
                                         net32188 (net)
                  0.08    0.02    3.36 v place32188/A (sky130_fd_sc_hd__buf_4)
    17    0.07    0.09    0.21    3.58 v place32188/X (sky130_fd_sc_hd__buf_4)
                                         net32187 (net)
                  0.09    0.00    3.58 v _1721_/B (sky130_fd_sc_hd__nand2_1)
     1    0.00    0.05    0.08    3.66 ^ _1721_/Y (sky130_fd_sc_hd__nand2_1)
                                         _0248_ (net)
                  0.05    0.00    3.66 ^ _1722_/B (sky130_fd_sc_hd__nand2_1)
     2    0.05    0.38    0.31    3.97 v _1722_/Y (sky130_fd_sc_hd__nand2_1)
                                         m1_aw_addr[9] (net)
                  0.38    0.01    3.98 v interconnect_0/_0821_/D (sky130_fd_sc_hd__nor4_1)
     1    0.01    0.59    0.57    4.55 ^ interconnect_0/_0821_/Y (sky130_fd_sc_hd__nor4_1)
                                         interconnect_0/_0046_ (net)
                  0.59    0.00    4.55 ^ interconnect_0/_0822_/B (sky130_fd_sc_hd__nor2_1)
     6    0.02    0.19    0.23    4.77 v interconnect_0/_0822_/Y (sky130_fd_sc_hd__nor2_1)
                                         interconnect_0/_0047_ (net)
                  0.19    0.00    4.78 v interconnect_0/_0838_/A (sky130_fd_sc_hd__nor3_1)
     3    0.01    0.42    0.43    5.21 ^ interconnect_0/_0838_/Y (sky130_fd_sc_hd__nor3_1)
                                         interconnect_0/_0063_ (net)
                  0.42    0.00    5.21 ^ interconnect_0/_0873_/A1 (sky130_fd_sc_hd__a31oi_1)
     4    0.02    0.27    0.32    5.52 v interconnect_0/_0873_/Y (sky130_fd_sc_hd__a31oi_1)
                                         interconnect_0/_0098_ (net)
                  0.27    0.00    5.52 v interconnect_0/_0885_/A1 (sky130_fd_sc_hd__a21o_1)
     2    0.01    0.07    0.27    5.80 v interconnect_0/_0885_/X (sky130_fd_sc_hd__a21o_1)
                                         interconnect_0/_0110_ (net)
                  0.07    0.00    5.80 v interconnect_0/_0894_/C (sky130_fd_sc_hd__nor4_2)
     2    0.02    0.43    0.40    6.20 ^ interconnect_0/_0894_/Y (sky130_fd_sc_hd__nor4_2)
                                         interconnect_0/_0119_ (net)
                  0.43    0.00    6.20 ^ interconnect_0/_2483_/A2 (sky130_fd_sc_hd__a22o_1)
     1    0.01    0.08    0.23    6.43 ^ interconnect_0/_2483_/X (sky130_fd_sc_hd__a22o_1)
                                         s5_dr_ready (net)
                  0.08    0.00    6.43 ^ dot_0/_415_/D (sky130_fd_sc_hd__and4b_1)
     2    0.04    0.38    0.44    6.87 ^ dot_0/_415_/X (sky130_fd_sc_hd__and4b_1)
                                         dot_0/read_en_axi (net)
                  0.38    0.01    6.88 ^ dot_0/fifo_timer_r/_386_/B1_N (sky130_fd_sc_hd__a21bo_2)
     6    0.10    0.25    0.46    7.33 v dot_0/fifo_timer_r/_386_/X (sky130_fd_sc_hd__a21bo_2)
                                         dot_0/fifo_timer_r/_096_ (net)
                  0.25    0.03    7.36 v dot_0/fifo_timer_r/place29608/A (sky130_fd_sc_hd__buf_4)
     9    0.06    0.09    0.29    7.65 v dot_0/fifo_timer_r/place29608/X (sky130_fd_sc_hd__buf_4)
                                         dot_0/fifo_timer_r/net29607 (net)
                  0.09    0.00    7.66 v dot_0/fifo_timer_r/_463_/A (sky130_fd_sc_hd__nor3_1)
     1    0.02    0.68    0.60    8.25 ^ dot_0/fifo_timer_r/_463_/Y (sky130_fd_sc_hd__nor3_1)
                                         dot_0/fifo_read_data_axi[23] (net)
                  0.68    0.00    8.25 ^ dot_0/place29038/A (sky130_fd_sc_hd__buf_4)
     1    0.04    0.13    0.30    8.55 ^ dot_0/place29038/X (sky130_fd_sc_hd__buf_4)
                                         dot_0/net29037 (net)
                  0.13    0.01    8.56 ^ dot_0/_177_/A (sky130_fd_sc_hd__and2_1)
     1    0.01    0.12    0.19    8.76 ^ dot_0/_177_/X (sky130_fd_sc_hd__and2_1)
                                         s5_dr_data[23] (net)
                  0.12    0.00    8.76 ^ place28203/A (sky130_fd_sc_hd__buf_12)
     2    0.08    0.10    0.16    8.92 ^ place28203/X (sky130_fd_sc_hd__buf_12)
                                         net28202 (net)
                  0.11    0.02    8.94 ^ _2462_/A (sky130_fd_sc_hd__xnor2_1)
     1    0.01    0.14    0.10    9.04 v _2462_/Y (sky130_fd_sc_hd__xnor2_1)
                                         _0817_ (net)
                  0.14    0.00    9.04 v _2464_/A (sky130_fd_sc_hd__xnor2_1)
     1    0.00    0.07    0.17    9.21 v _2464_/Y (sky130_fd_sc_hd__xnor2_1)
                                         _0819_ (net)
                  0.07    0.00    9.21 v _2468_/A (sky130_fd_sc_hd__xnor2_1)
     1    0.01    0.35    0.33    9.54 ^ _2468_/Y (sky130_fd_sc_hd__xnor2_1)
                                         _0823_ (net)
                  0.35    0.00    9.54 ^ place25941/A (sky130_fd_sc_hd__buf_4)
     2    0.04    0.13    0.25    9.79 ^ place25941/X (sky130_fd_sc_hd__buf_4)
                                         net25940 (net)
                  0.13    0.01    9.80 ^ _2469_/C1 (sky130_fd_sc_hd__o211ai_1)
     2    0.01    0.10    0.13    9.93 v _2469_/Y (sky130_fd_sc_hd__o211ai_1)
                                         _0824_ (net)
                  0.10    0.00    9.93 v _2484_/A1 (sky130_fd_sc_hd__a211oi_1)
     1    0.01    0.30    0.30   10.23 ^ _2484_/Y (sky130_fd_sc_hd__a211oi_1)
                                         _0839_ (net)
                  0.30    0.00   10.23 ^ _2486_/B (sky130_fd_sc_hd__nor3b_2)
     1    0.01    0.09    0.11   10.34 v _2486_/Y (sky130_fd_sc_hd__nor3b_2)
                                         _0075_ (net)
                  0.09    0.00   10.34 v place25840/A (sky130_fd_sc_hd__buf_12)
     1    0.08    0.05    0.17   10.52 v place25840/X (sky130_fd_sc_hd__buf_12)
                                         net25839 (net)
                  0.07    0.02   10.54 v soc_obs[23]$_SDFF_PP0_/D (sky130_fd_sc_hd__dfxtp_1)
                                 10.54   data arrival time

                  0.15   10.00   10.00   clock clk1 (rise edge)
                          0.00   10.00   clock network delay (ideal)
                         -0.25    9.75   clock uncertainty
                          0.00    9.75   clock reconvergence pessimism
                                  9.75 ^ soc_obs[23]$_SDFF_PP0_/CLK (sky130_fd_sc_hd__dfxtp_1)
                         -0.10    9.65   library setup time
                                  9.65   data required time
-----------------------------------------------------------------------------
                                  9.65   data required time
                                -10.54   data arrival time
-----------------------------------------------------------------------------
                                 -0.88   slack (VIOLATED)


Startpoint: timer_0/fifo_timer_w/counter_2[2]$_SDFFE_PP0P_
            (rising edge-triggered flip-flop clocked by clk_s1)
Endpoint: timer_0/fifo_timer_r/mem[4][4]$_DFFE_PP_
          (rising edge-triggered flip-flop clocked by clk_s1)
Path Group: clk_s1
Path Type: max

Fanout     Cap    Slew   Delay    Time   Description
-----------------------------------------------------------------------------
                  0.15    0.00    0.00   clock clk_s1 (rise edge)
                          0.00    0.00   clock network delay (ideal)
                  0.15    0.00    0.00 ^ timer_0/fifo_timer_w/counter_2[2]$_SDFFE_PP0P_/CLK (sky130_fd_sc_hd__dfxtp_1)
    15    0.08    0.71    0.81    0.81 ^ timer_0/fifo_timer_w/counter_2[2]$_SDFFE_PP0P_/Q (sky130_fd_sc_hd__dfxtp_1)
                                         timer_0/fifo_timer_w/counter_2[2] (net)
                  0.71    0.00    0.81 ^ timer_0/fifo_timer_w/place31546/A (sky130_fd_sc_hd__buf_4)
    19    0.14    0.37    0.47    1.28 ^ timer_0/fifo_timer_w/place31546/X (sky130_fd_sc_hd__buf_4)
                                         timer_0/fifo_timer_w/net31545 (net)
                  0.37    0.00    1.29 ^ timer_0/fifo_timer_w/_888_/B (sky130_fd_sc_hd__ha_1)
     2    0.01    0.07    0.32    1.61 v timer_0/fifo_timer_w/_888_/SUM (sky130_fd_sc_hd__ha_1)
                                         timer_0/fifo_timer_w/counter_2_gray[1] (net)
                  0.07    0.00    1.61 v timer_0/fifo_timer_w/_447_/A (sky130_fd_sc_hd__xor2_1)
     1    0.01    0.08    0.19    1.80 v timer_0/fifo_timer_w/_447_/X (sky130_fd_sc_hd__xor2_1)
                                         timer_0/fifo_timer_w/_262_ (net)
                  0.08    0.00    1.80 v timer_0/fifo_timer_w/_450_/B (sky130_fd_sc_hd__nor4_4)
     6    0.02    0.34    0.37    2.17 ^ timer_0/fifo_timer_w/_450_/Y (sky130_fd_sc_hd__nor4_4)
                                         timer_0/fifo_timer_w/_265_ (net)
                  0.34    0.00    2.17 ^ timer_0/fifo_timer_w/_872_/A (sky130_fd_sc_hd__and2_1)
     2    0.03    0.30    0.36    2.54 ^ timer_0/fifo_timer_w/_872_/X (sky130_fd_sc_hd__and2_1)
                                         timer_0/fifo_empty (net)
                  0.30    0.00    2.54 ^ timer_0/_337_/A (sky130_fd_sc_hd__inv_1)
     6    0.02    0.14    0.18    2.72 v timer_0/_337_/Y (sky130_fd_sc_hd__inv_1)
                                         timer_0/addr_valid (net)
                  0.14    0.00    2.72 v timer_0/fifo_timer_w/_453_/B1_N (sky130_fd_sc_hd__a21bo_1)
    11    0.09    0.71    0.68    3.41 ^ timer_0/fifo_timer_w/_453_/X (sky130_fd_sc_hd__a21bo_1)
                                         timer_0/fifo_timer_w/_268_ (net)
                  0.71    0.00    3.41 ^ timer_0/fifo_timer_w/_535_/A (sky130_fd_sc_hd__nor3_2)
     1    0.01    0.14    0.15    3.56 v timer_0/fifo_timer_w/_535_/Y (sky130_fd_sc_hd__nor3_2)
                                         timer_0/fifo_data_read[32] (net)
                  0.14    0.00    3.56 v timer_0/timer_0/_0548_/B (sky130_fd_sc_hd__nor4b_1)
     2    0.01    0.40    0.43    4.00 ^ timer_0/timer_0/_0548_/Y (sky130_fd_sc_hd__nor4b_1)
                                         timer_0/timer_0/_0099_ (net)
                  0.40    0.00    4.00 ^ timer_0/timer_0/_0550_/B (sky130_fd_sc_hd__nand3b_1)
    13    0.07    0.69    0.64    4.63 v timer_0/timer_0/_0550_/Y (sky130_fd_sc_hd__nand3b_1)
                                         timer_0/timer_0/_0101_ (net)
                  0.69    0.01    4.64 v timer_0/timer_0/place29688/A (sky130_fd_sc_hd__buf_4)
    20    0.08    0.12    0.46    5.11 v timer_0/timer_0/place29688/X (sky130_fd_sc_hd__buf_4)
                                         timer_0/timer_0/net29687 (net)
                  0.12    0.00    5.11 v timer_0/timer_0/_0678_/A (sky130_fd_sc_hd__nor2_1)
    16    0.08    1.45    1.11    6.22 ^ timer_0/timer_0/_0678_/Y (sky130_fd_sc_hd__nor2_1)
                                         timer_0/data_out[4] (net)
                  1.45    0.02    6.23 ^ timer_0/fifo_timer_r/mem[4][4]$_DFFE_PP_/D (sky130_fd_sc_hd__edfxtp_1)
                                  6.23   data arrival time

                  0.15   25.00   25.00   clock clk_s1 (rise edge)
                          0.00   25.00   clock network delay (ideal)
                         -0.25   24.75   clock uncertainty
                          0.00   24.75   clock reconvergence pessimism
                                 24.75 ^ timer_0/fifo_timer_r/mem[4][4]$_DFFE_PP_/CLK (sky130_fd_sc_hd__edfxtp_1)
                         -0.39   24.36   library setup time
                                 24.36   data required time
-----------------------------------------------------------------------------
                                 24.36   data required time
                                 -6.23   data arrival time
-----------------------------------------------------------------------------
                                 18.13   slack (MET)


Startpoint: timer_clk_div/clk_div[0]$_SDFF_PP0_/Q
            (clock source 'timer_clk_div_clk_div2')
Endpoint: timer_clk_div/clk_div[1]$_SDFF_PP0_
          (rising edge-triggered flip-flop clocked by clk_s1_gate)
Path Group: clk_s1_gate
Path Type: max

Fanout     Cap    Slew   Delay    Time   Description
-----------------------------------------------------------------------------
                  0.15   25.00   25.00   clock timer_clk_div_clk_div2 (fall edge)
     3    0.01    0.04    0.00   25.00 v timer_clk_div/clk_div[0]$_SDFF_PP0_/Q (sky130_fd_sc_hd__dfxtp_1)
                                         timer_clk_div/clk_div2 (net)
                  0.04    0.00   25.00 v timer_clk_div/_11_/A (sky130_fd_sc_hd__ha_1)
     1    0.00    0.04    0.27   25.27 v timer_clk_div/_11_/SUM (sky130_fd_sc_hd__ha_1)
                                         timer_clk_div/_01_ (net)
                  0.04    0.00   25.27 v timer_clk_div/_06_/B_N (sky130_fd_sc_hd__nor2b_1)
     1    0.00    0.05    0.12   25.39 v timer_clk_div/_06_/Y (sky130_fd_sc_hd__nor2b_1)
                                         timer_clk_div/_02_ (net)
                  0.05    0.00   25.39 v timer_clk_div/clk_div[1]$_SDFF_PP0_/D (sky130_fd_sc_hd__dfxtp_1)
                                 25.39   data arrival time

                  0.15   50.00   50.00   clock clk_s1_gate (rise edge)
                          0.00   50.00   clock network delay (ideal)
                         -0.25   49.75   clock uncertainty
                          0.00   49.75   clock reconvergence pessimism
                                 49.75 ^ timer_clk_div/clk_div[1]$_SDFF_PP0_/CLK (sky130_fd_sc_hd__dfxtp_1)
                         -0.09   49.66   library setup time
                                 49.66   data required time
-----------------------------------------------------------------------------
                                 49.66   data required time
                                -25.39   data arrival time
-----------------------------------------------------------------------------
                                 24.27   slack (MET)


Startpoint: gpio_0/fifo_timer_w/counter_2[2]$_SDFFE_PP0P_
            (rising edge-triggered flip-flop clocked by clk_s2)
Endpoint: gpio_0/fifo_timer_r/mem[10][17]$_DFFE_PP_
          (rising edge-triggered flip-flop clocked by clk_s2)
Path Group: clk_s2
Path Type: max

Fanout     Cap    Slew   Delay    Time   Description
-----------------------------------------------------------------------------
                  0.15    0.00    0.00   clock clk_s2 (rise edge)
                          0.00    0.00   clock network delay (ideal)
                  0.15    0.00    0.00 ^ gpio_0/fifo_timer_w/counter_2[2]$_SDFFE_PP0P_/CLK (sky130_fd_sc_hd__dfxtp_1)
     9    0.06    0.56    0.70    0.70 ^ gpio_0/fifo_timer_w/counter_2[2]$_SDFFE_PP0P_/Q (sky130_fd_sc_hd__dfxtp_1)
                                         gpio_0/fifo_timer_w/counter_2[2] (net)
                  0.56    0.00    0.70 ^ gpio_0/fifo_timer_w/_888_/B (sky130_fd_sc_hd__ha_1)
     2    0.01    0.10    0.38    1.08 v gpio_0/fifo_timer_w/_888_/SUM (sky130_fd_sc_hd__ha_1)
                                         gpio_0/fifo_timer_w/counter_2_gray[1] (net)
                  0.10    0.00    1.09 v gpio_0/fifo_timer_w/_447_/A (sky130_fd_sc_hd__xor2_1)
     1    0.01    0.08    0.20    1.29 v gpio_0/fifo_timer_w/_447_/X (sky130_fd_sc_hd__xor2_1)
                                         gpio_0/fifo_timer_w/_262_ (net)
                  0.08    0.00    1.29 v gpio_0/fifo_timer_w/_450_/B (sky130_fd_sc_hd__nor4_4)
     6    0.03    0.48    0.48    1.77 ^ gpio_0/fifo_timer_w/_450_/Y (sky130_fd_sc_hd__nor4_4)
                                         gpio_0/fifo_timer_w/_265_ (net)
                  0.48    0.00    1.77 ^ gpio_0/fifo_timer_w/_872_/A (sky130_fd_sc_hd__and2_1)
     2    0.04    0.40    0.45    2.23 ^ gpio_0/fifo_timer_w/_872_/X (sky130_fd_sc_hd__and2_1)
                                         gpio_0/fifo_empty (net)
                  0.40    0.00    2.23 ^ gpio_0/_335_/A (sky130_fd_sc_hd__inv_1)
     8    0.08    0.38    0.43    2.66 v gpio_0/_335_/Y (sky130_fd_sc_hd__inv_1)
                                         gpio_0/addr_valid (net)
                  0.38    0.00    2.66 v gpio_0/fifo_timer_w/_453_/B1_N (sky130_fd_sc_hd__a21bo_1)
    10    0.09    0.76    0.80    3.46 ^ gpio_0/fifo_timer_w/_453_/X (sky130_fd_sc_hd__a21bo_1)
                                         gpio_0/fifo_timer_w/_268_ (net)
                  0.76    0.01    3.47 ^ gpio_0/fifo_timer_w/_479_/A (sky130_fd_sc_hd__nor3_2)
     5    0.05    0.25    0.31    3.78 v gpio_0/fifo_timer_w/_479_/Y (sky130_fd_sc_hd__nor3_2)
                                         gpio_0/fifo_data_read[38] (net)
                  0.25    0.01    3.79 v gpio_0/gpio_0/_2050_/A (sky130_fd_sc_hd__nor4_4)
    13    0.07    1.00    0.95    4.74 ^ gpio_0/gpio_0/_2050_/Y (sky130_fd_sc_hd__nor4_4)
                                         gpio_0/gpio_0/_0714_ (net)
                  1.00    0.00    4.74 ^ gpio_0/gpio_0/_2052_/B (sky130_fd_sc_hd__nand3_1)
    13    0.06    0.64    0.74    5.49 v gpio_0/gpio_0/_2052_/Y (sky130_fd_sc_hd__nand3_1)
                                         gpio_0/gpio_0/_0716_ (net)
                  0.64    0.00    5.49 v gpio_0/gpio_0/place29931/A (sky130_fd_sc_hd__buf_4)
    20    0.11    0.14    0.47    5.96 v gpio_0/gpio_0/place29931/X (sky130_fd_sc_hd__buf_4)
                                         gpio_0/gpio_0/net29930 (net)
                  0.14    0.01    5.97 v gpio_0/gpio_0/_2223_/B1 (sky130_fd_sc_hd__a31oi_1)
     1    0.01    0.29    0.29    6.26 ^ gpio_0/gpio_0/_2223_/Y (sky130_fd_sc_hd__a31oi_1)
                                         gpio_0/gpio_0/_0874_ (net)
                  0.29    0.00    6.26 ^ gpio_0/gpio_0/_2224_/B1 (sky130_fd_sc_hd__a21o_1)
    16    0.09    0.78    0.64    6.90 ^ gpio_0/gpio_0/_2224_/X (sky130_fd_sc_hd__a21o_1)
                                         gpio_0/data_out[17] (net)
                  0.78    0.02    6.92 ^ gpio_0/fifo_timer_r/mem[10][17]$_DFFE_PP_/D (sky130_fd_sc_hd__edfxtp_1)
                                  6.92   data arrival time

                  0.15   20.00   20.00   clock clk_s2 (rise edge)
                          0.00   20.00   clock network delay (ideal)
                         -0.25   19.75   clock uncertainty
                          0.00   19.75   clock reconvergence pessimism
                                 19.75 ^ gpio_0/fifo_timer_r/mem[10][17]$_DFFE_PP_/CLK (sky130_fd_sc_hd__edfxtp_1)
                         -0.29   19.46   library setup time
                                 19.46   data required time
-----------------------------------------------------------------------------
                                 19.46   data required time
                                 -6.92   data arrival time
-----------------------------------------------------------------------------
                                 12.54   slack (MET)


Startpoint: gpio_clk_div/clk_div[0]$_SDFF_PP0_/Q
            (clock source 'gpio_clk_div_clk_div2')
Endpoint: gpio_clk_div/clk_div[1]$_SDFF_PP0_
          (rising edge-triggered flip-flop clocked by clk_s2_gate)
Path Group: clk_s2_gate
Path Type: max

Fanout     Cap    Slew   Delay    Time   Description
-----------------------------------------------------------------------------
                  0.15   20.00   20.00   clock gpio_clk_div_clk_div2 (fall edge)
     3    0.01    0.04    0.00   20.00 v gpio_clk_div/clk_div[0]$_SDFF_PP0_/Q (sky130_fd_sc_hd__dfxtp_1)
                                         gpio_clk_div/clk_div2 (net)
                  0.04    0.00   20.00 v gpio_clk_div/_11_/A (sky130_fd_sc_hd__ha_1)
     1    0.00    0.04    0.27   20.27 v gpio_clk_div/_11_/SUM (sky130_fd_sc_hd__ha_1)
                                         gpio_clk_div/_01_ (net)
                  0.04    0.00   20.27 v gpio_clk_div/_06_/B_N (sky130_fd_sc_hd__nor2b_1)
     1    0.00    0.06    0.12   20.39 v gpio_clk_div/_06_/Y (sky130_fd_sc_hd__nor2b_1)
                                         gpio_clk_div/_02_ (net)
                  0.06    0.00   20.39 v gpio_clk_div/clk_div[1]$_SDFF_PP0_/D (sky130_fd_sc_hd__dfxtp_1)
                                 20.39   data arrival time

                  0.15   40.00   40.00   clock clk_s2_gate (rise edge)
                          0.00   40.00   clock network delay (ideal)
                         -0.25   39.75   clock uncertainty
                          0.00   39.75   clock reconvergence pessimism
                                 39.75 ^ gpio_clk_div/clk_div[1]$_SDFF_PP0_/CLK (sky130_fd_sc_hd__dfxtp_1)
                         -0.09   39.66   library setup time
                                 39.66   data required time
-----------------------------------------------------------------------------
                                 39.66   data required time
                                -20.39   data arrival time
-----------------------------------------------------------------------------
                                 19.27   slack (MET)


Startpoint: processor_0/pipeline_ex_mem/alu_out_out[29]$_SDFFE_PP0N_
            (rising edge-triggered flip-flop clocked by clk1)
Endpoint: dma_config_0/dma_0/buffer_dma[24]$_SDFFE_PP0P_
          (rising edge-triggered flip-flop clocked by clk_s3)
Path Group: clk_s3
Path Type: max

Fanout     Cap    Slew   Delay    Time   Description
-----------------------------------------------------------------------------
                  0.15    0.00    0.00   clock clk1 (rise edge)
                          0.00    0.00   clock network delay (ideal)
                  0.15    0.00    0.00 ^ processor_0/pipeline_ex_mem/alu_out_out[29]$_SDFFE_PP0N_/CLK (sky130_fd_sc_hd__dfxtp_1)
     2    0.12    1.10    1.07    1.07 ^ processor_0/pipeline_ex_mem/alu_out_out[29]$_SDFFE_PP0N_/Q (sky130_fd_sc_hd__dfxtp_1)
                                         addr_m_axi[29] (net)
                  1.10    0.00    1.08 ^ _1528_/C (sky130_fd_sc_hd__and4b_1)
     2    0.10    0.95    0.96    2.04 ^ _1528_/X (sky130_fd_sc_hd__and4b_1)
                                         _0108_ (net)
                  0.95    0.03    2.07 ^ _1542_/C (sky130_fd_sc_hd__and4_1)
     4    0.08    0.75    0.82    2.89 ^ _1542_/X (sky130_fd_sc_hd__and4_1)
                                         _0121_ (net)
                  0.76    0.02    2.91 ^ _1546_/A (sky130_fd_sc_hd__nand2_1)
     1    0.01    0.19    0.21    3.12 v _1546_/Y (sky130_fd_sc_hd__nand2_1)
                                         _0125_ (net)
                  0.19    0.00    3.12 v place32189/A (sky130_fd_sc_hd__buf_12)
    19    0.11    0.07    0.22    3.34 v place32189/X (sky130_fd_sc_hd__buf_12)
                                         net32188 (net)
                  0.08    0.02    3.36 v place32188/A (sky130_fd_sc_hd__buf_4)
    17    0.07    0.09    0.21    3.58 v place32188/X (sky130_fd_sc_hd__buf_4)
                                         net32187 (net)
                  0.09    0.00    3.58 v _1721_/B (sky130_fd_sc_hd__nand2_1)
     1    0.00    0.05    0.08    3.66 ^ _1721_/Y (sky130_fd_sc_hd__nand2_1)
                                         _0248_ (net)
                  0.05    0.00    3.66 ^ _1722_/B (sky130_fd_sc_hd__nand2_1)
     2    0.05    0.38    0.31    3.97 v _1722_/Y (sky130_fd_sc_hd__nand2_1)
                                         m1_aw_addr[9] (net)
                  0.38    0.01    3.98 v interconnect_0/_0821_/D (sky130_fd_sc_hd__nor4_1)
     1    0.01    0.59    0.57    4.55 ^ interconnect_0/_0821_/Y (sky130_fd_sc_hd__nor4_1)
                                         interconnect_0/_0046_ (net)
                  0.59    0.00    4.55 ^ interconnect_0/_0822_/B (sky130_fd_sc_hd__nor2_1)
     6    0.02    0.19    0.23    4.77 v interconnect_0/_0822_/Y (sky130_fd_sc_hd__nor2_1)
                                         interconnect_0/_0047_ (net)
                  0.19    0.00    4.78 v interconnect_0/_0838_/A (sky130_fd_sc_hd__nor3_1)
     3    0.01    0.42    0.43    5.21 ^ interconnect_0/_0838_/Y (sky130_fd_sc_hd__nor3_1)
                                         interconnect_0/_0063_ (net)
                  0.42    0.00    5.21 ^ interconnect_0/_0873_/A1 (sky130_fd_sc_hd__a31oi_1)
     4    0.02    0.27    0.32    5.52 v interconnect_0/_0873_/Y (sky130_fd_sc_hd__a31oi_1)
                                         interconnect_0/_0098_ (net)
                  0.27    0.00    5.52 v interconnect_0/_0885_/A1 (sky130_fd_sc_hd__a21o_1)
     2    0.01    0.07    0.27    5.80 v interconnect_0/_0885_/X (sky130_fd_sc_hd__a21o_1)
                                         interconnect_0/_0110_ (net)
                  0.07    0.00    5.80 v interconnect_0/_0894_/C (sky130_fd_sc_hd__nor4_2)
     2    0.02    0.43    0.40    6.20 ^ interconnect_0/_0894_/Y (sky130_fd_sc_hd__nor4_2)
                                         interconnect_0/_0119_ (net)
                  0.43    0.00    6.20 ^ interconnect_0/_2483_/A2 (sky130_fd_sc_hd__a22o_1)
     1    0.01    0.08    0.23    6.43 ^ interconnect_0/_2483_/X (sky130_fd_sc_hd__a22o_1)
                                         s5_dr_ready (net)
                  0.08    0.00    6.43 ^ dot_0/_415_/D (sky130_fd_sc_hd__and4b_1)
     2    0.04    0.38    0.44    6.87 ^ dot_0/_415_/X (sky130_fd_sc_hd__and4b_1)
                                         dot_0/read_en_axi (net)
                  0.38    0.01    6.88 ^ dot_0/fifo_timer_r/_386_/B1_N (sky130_fd_sc_hd__a21bo_2)
     6    0.10    0.25    0.46    7.33 v dot_0/fifo_timer_r/_386_/X (sky130_fd_sc_hd__a21bo_2)
                                         dot_0/fifo_timer_r/_096_ (net)
                  0.25    0.03    7.36 v dot_0/fifo_timer_r/place29609/A (sky130_fd_sc_hd__buf_4)
     9    0.07    0.10    0.30    7.66 v dot_0/fifo_timer_r/place29609/X (sky130_fd_sc_hd__buf_4)
                                         dot_0/fifo_timer_r/net29608 (net)
                  0.10    0.00    7.66 v dot_0/fifo_timer_r/_456_/A (sky130_fd_sc_hd__nor3_1)
     1    0.02    0.64    0.57    8.23 ^ dot_0/fifo_timer_r/_456_/Y (sky130_fd_sc_hd__nor3_1)
                                         dot_0/fifo_read_data_axi[24] (net)
                  0.64    0.00    8.23 ^ dot_0/_176_/A (sky130_fd_sc_hd__and2_1)
     1    0.00    0.07    0.23    8.46 ^ dot_0/_176_/X (sky130_fd_sc_hd__and2_1)
                                         s5_dr_data[24] (net)
                  0.07    0.00    8.46 ^ place28205/A (sky130_fd_sc_hd__buf_4)
     2    0.12    0.33    0.31    8.77 ^ place28205/X (sky130_fd_sc_hd__buf_4)
                                         net28204 (net)
                  0.34    0.05    8.82 ^ interconnect_0/place28204/A (sky130_fd_sc_hd__buf_4)
     2    0.04    0.12    0.25    9.07 ^ interconnect_0/place28204/X (sky130_fd_sc_hd__buf_4)
                                         interconnect_0/net28203 (net)
                  0.12    0.01    9.07 ^ interconnect_0/_1295_/B2 (sky130_fd_sc_hd__a22oi_1)
     1    0.01    0.13    0.11    9.18 v interconnect_0/_1295_/Y (sky130_fd_sc_hd__a22oi_1)
                                         interconnect_0/_0482_ (net)
                  0.13    0.00    9.18 v interconnect_0/_1296_/C (sky130_fd_sc_hd__nand3_1)
     1    0.01    0.13    0.16    9.34 ^ interconnect_0/_1296_/Y (sky130_fd_sc_hd__nand3_1)
                                         m2_dr_data[24] (net)
                  0.13    0.00    9.34 ^ dma_config_0/dma_0/_2024_/A1 (sky130_fd_sc_hd__mux2i_1)
     1    0.00    0.09    0.09    9.43 v dma_config_0/dma_0/_2024_/Y (sky130_fd_sc_hd__mux2i_1)
                                         dma_config_0/dma_0/_0485_ (net)
                  0.09    0.00    9.43 v dma_config_0/dma_0/_2025_/B (sky130_fd_sc_hd__nor2_1)
     1    0.00    0.08    0.09    9.53 ^ dma_config_0/dma_0/_2025_/Y (sky130_fd_sc_hd__nor2_1)
                                         dma_config_0/dma_0/_0053_ (net)
                  0.08    0.00    9.53 ^ dma_config_0/dma_0/buffer_dma[24]$_SDFFE_PP0P_/D (sky130_fd_sc_hd__dfxtp_1)
                                  9.53   data arrival time

                  0.15   10.00   10.00   clock clk_s3 (rise edge)
                          0.00   10.00   clock network delay (ideal)
                         -0.25    9.75   clock uncertainty
                          0.00    9.75   clock reconvergence pessimism
                                  9.75 ^ dma_config_0/dma_0/buffer_dma[24]$_SDFFE_PP0P_/CLK (sky130_fd_sc_hd__dfxtp_1)
                         -0.05    9.70   library setup time
                                  9.70   data required time
-----------------------------------------------------------------------------
                                  9.70   data required time
                                 -9.53   data arrival time
-----------------------------------------------------------------------------
                                  0.18   slack (MET)


Startpoint: uart_0/fifo_uart_w/counter_2[2]$_SDFFE_PP0P_
            (rising edge-triggered flip-flop clocked by clk_s4)
Endpoint: uart_0/fifo_uart_r/mem[11][24]$_DFFE_PP_
          (rising edge-triggered flip-flop clocked by clk_s4)
Path Group: clk_s4
Path Type: max

Fanout     Cap    Slew   Delay    Time   Description
-----------------------------------------------------------------------------
                  0.15    0.00    0.00   clock clk_s4 (rise edge)
                          0.00    0.00   clock network delay (ideal)
                  0.15    0.00    0.00 ^ uart_0/fifo_uart_w/counter_2[2]$_SDFFE_PP0P_/CLK (sky130_fd_sc_hd__dfxtp_1)
    12    0.07    0.65    0.77    0.77 ^ uart_0/fifo_uart_w/counter_2[2]$_SDFFE_PP0P_/Q (sky130_fd_sc_hd__dfxtp_1)
                                         uart_0/fifo_uart_w/counter_2[2] (net)
                  0.65    0.00    0.77 ^ uart_0/fifo_uart_w/place31525/A (sky130_fd_sc_hd__buf_4)
    20    0.14    0.37    0.47    1.24 ^ uart_0/fifo_uart_w/place31525/X (sky130_fd_sc_hd__buf_4)
                                         uart_0/fifo_uart_w/net31524 (net)
                  0.37    0.00    1.25 ^ uart_0/fifo_uart_w/_888_/B (sky130_fd_sc_hd__ha_1)
     2    0.01    0.10    0.35    1.60 v uart_0/fifo_uart_w/_888_/SUM (sky130_fd_sc_hd__ha_1)
                                         uart_0/fifo_uart_w/counter_2_gray[1] (net)
                  0.10    0.00    1.60 v uart_0/fifo_uart_w/_447_/A (sky130_fd_sc_hd__xor2_1)
     1    0.01    0.10    0.21    1.81 v uart_0/fifo_uart_w/_447_/X (sky130_fd_sc_hd__xor2_1)
                                         uart_0/fifo_uart_w/_262_ (net)
                  0.10    0.00    1.81 v uart_0/fifo_uart_w/_450_/B (sky130_fd_sc_hd__nor4_4)
     6    0.02    0.35    0.39    2.21 ^ uart_0/fifo_uart_w/_450_/Y (sky130_fd_sc_hd__nor4_4)
                                         uart_0/fifo_uart_w/_265_ (net)
                  0.35    0.00    2.21 ^ uart_0/fifo_uart_w/_872_/A (sky130_fd_sc_hd__and2_1)
     2    0.04    0.39    0.43    2.64 ^ uart_0/fifo_uart_w/_872_/X (sky130_fd_sc_hd__and2_1)
                                         uart_0/fifo_empty (net)
                  0.39    0.00    2.64 ^ uart_0/_335_/A (sky130_fd_sc_hd__inv_1)
    11    0.04    0.22    0.28    2.92 v uart_0/_335_/Y (sky130_fd_sc_hd__inv_1)
                                         uart_0/addr_valid (net)
                  0.22    0.00    2.92 v uart_0/fifo_uart_w/_453_/B1_N (sky130_fd_sc_hd__a21bo_1)
    12    0.08    0.65    0.68    3.59 ^ uart_0/fifo_uart_w/_453_/X (sky130_fd_sc_hd__a21bo_1)
                                         uart_0/fifo_uart_w/_268_ (net)
                  0.65    0.01    3.60 ^ uart_0/fifo_uart_w/_479_/A (sky130_fd_sc_hd__nor3_2)
     1    0.01    0.14    0.15    3.75 v uart_0/fifo_uart_w/_479_/Y (sky130_fd_sc_hd__nor3_2)
                                         uart_0/fifo_data_read[38] (net)
                  0.14    0.00    3.76 v uart_0/uart_0/_0682_/A (sky130_fd_sc_hd__or4_1)
     1    0.02    0.17    0.66    4.41 v uart_0/uart_0/_0682_/X (sky130_fd_sc_hd__or4_1)
                                         uart_0/uart_0/_0192_ (net)
                  0.17    0.00    4.41 v uart_0/uart_0/_0683_/C (sky130_fd_sc_hd__nor3_1)
     1    0.01    0.38    0.35    4.76 ^ uart_0/uart_0/_0683_/Y (sky130_fd_sc_hd__nor3_1)
                                         uart_0/uart_0/_0193_ (net)
                  0.38    0.00    4.77 ^ uart_0/uart_0/place29687/A (sky130_fd_sc_hd__buf_4)
     9    0.04    0.12    0.25    5.02 ^ uart_0/uart_0/place29687/X (sky130_fd_sc_hd__buf_4)
                                         uart_0/uart_0/net29686 (net)
                  0.12    0.00    5.02 ^ uart_0/uart_0/_0686_/C (sky130_fd_sc_hd__and3_1)
    12    0.05    0.52    0.51    5.53 ^ uart_0/uart_0/_0686_/X (sky130_fd_sc_hd__and3_1)
                                         uart_0/uart_0/_0196_ (net)
                  0.52    0.00    5.53 ^ uart_0/uart_0/place29172/A (sky130_fd_sc_hd__buf_4)
    18    0.09    0.24    0.36    5.89 ^ uart_0/uart_0/place29172/X (sky130_fd_sc_hd__buf_4)
                                         uart_0/uart_0/net29171 (net)
                  0.24    0.00    5.90 ^ uart_0/uart_0/_1369_/A2 (sky130_fd_sc_hd__a22oi_1)
     1    0.03    0.24    0.27    6.17 v uart_0/uart_0/_1369_/Y (sky130_fd_sc_hd__a22oi_1)
                                         uart_0/uart_0/_0185_ (net)
                  0.24    0.00    6.17 v uart_0/uart_0/_1370_/B (sky130_fd_sc_hd__nor2_1)
    16    0.09    1.56    1.22    7.39 ^ uart_0/uart_0/_1370_/Y (sky130_fd_sc_hd__nor2_1)
                                         uart_0/data_out[24] (net)
                  1.56    0.02    7.41 ^ uart_0/fifo_uart_r/mem[11][24]$_DFFE_PP_/D (sky130_fd_sc_hd__edfxtp_1)
                                  7.41   data arrival time

                  0.15   40.00   40.00   clock clk_s4 (rise edge)
                          0.00   40.00   clock network delay (ideal)
                         -0.25   39.75   clock uncertainty
                          0.00   39.75   clock reconvergence pessimism
                                 39.75 ^ uart_0/fifo_uart_r/mem[11][24]$_DFFE_PP_/CLK (sky130_fd_sc_hd__edfxtp_1)
                         -0.40   39.35   library setup time
                                 39.35   data required time
-----------------------------------------------------------------------------
                                 39.35   data required time
                                 -7.41   data arrival time
-----------------------------------------------------------------------------
                                 31.94   slack (MET)


Startpoint: uart_clk_div/clk_div[0]$_SDFF_PP0_/Q
            (clock source 'uart_clk_div_clk_div2')
Endpoint: uart_clk_div/clk_div[1]$_SDFF_PP0_
          (rising edge-triggered flip-flop clocked by clk_s4_gate)
Path Group: clk_s4_gate
Path Type: max

Fanout     Cap    Slew   Delay    Time   Description
-----------------------------------------------------------------------------
                  0.15   40.00   40.00   clock uart_clk_div_clk_div2 (fall edge)
     3    0.01    0.04    0.00   40.00 v uart_clk_div/clk_div[0]$_SDFF_PP0_/Q (sky130_fd_sc_hd__dfxtp_1)
                                         uart_clk_div/clk_div2 (net)
                  0.04    0.00   40.00 v uart_clk_div/_11_/A (sky130_fd_sc_hd__ha_1)
     1    0.00    0.04    0.27   40.27 v uart_clk_div/_11_/SUM (sky130_fd_sc_hd__ha_1)
                                         uart_clk_div/_01_ (net)
                  0.04    0.00   40.27 v uart_clk_div/_06_/B_N (sky130_fd_sc_hd__nor2b_1)
     1    0.00    0.05    0.12   40.39 v uart_clk_div/_06_/Y (sky130_fd_sc_hd__nor2b_1)
                                         uart_clk_div/_02_ (net)
                  0.05    0.00   40.39 v uart_clk_div/clk_div[1]$_SDFF_PP0_/D (sky130_fd_sc_hd__dfxtp_1)
                                 40.39   data arrival time

                  0.15   80.00   80.00   clock clk_s4_gate (rise edge)
                          0.00   80.00   clock network delay (ideal)
                         -0.25   79.75   clock uncertainty
                          0.00   79.75   clock reconvergence pessimism
                                 79.75 ^ uart_clk_div/clk_div[1]$_SDFF_PP0_/CLK (sky130_fd_sc_hd__dfxtp_1)
                         -0.09   79.66   library setup time
                                 79.66   data required time
-----------------------------------------------------------------------------
                                 79.66   data required time
                                -40.39   data arrival time
-----------------------------------------------------------------------------
                                 39.27   slack (MET)


Startpoint: dot_0/fifo_timer_r/counter_1[1]$_SDFFE_PP0P_
            (rising edge-triggered flip-flop clocked by clk_s5)
Endpoint: dot_0/fifo_timer_r/mem[3][2]$_DFFE_PP_
          (rising edge-triggered flip-flop clocked by clk_s5)
Path Group: clk_s5
Path Type: max

Fanout     Cap    Slew   Delay    Time   Description
-----------------------------------------------------------------------------
                  0.15    0.00    0.00   clock clk_s5 (rise edge)
                          0.00    0.00   clock network delay (ideal)
                  0.15    0.00    0.00 ^ dot_0/fifo_timer_r/counter_1[1]$_SDFFE_PP0P_/CLK (sky130_fd_sc_hd__dfxtp_1)
     3    0.01    0.11    0.39    0.39 ^ dot_0/fifo_timer_r/counter_1[1]$_SDFFE_PP0P_/Q (sky130_fd_sc_hd__dfxtp_1)
                                         dot_0/fifo_timer_r/counter_1[1] (net)
                  0.11    0.00    0.39 ^ dot_0/fifo_timer_r/_720_/A (sky130_fd_sc_hd__inv_1)
     2    0.01    0.05    0.07    0.46 v dot_0/fifo_timer_r/_720_/Y (sky130_fd_sc_hd__inv_1)
                                         dot_0/fifo_timer_r/_011_ (net)
                  0.05    0.00    0.46 v dot_0/fifo_timer_r/_750_/B (sky130_fd_sc_hd__ha_1)
     2    0.01    0.08    0.31    0.77 v dot_0/fifo_timer_r/_750_/SUM (sky130_fd_sc_hd__ha_1)
                                         dot_0/fifo_timer_r/counter_1_gray[0] (net)
                  0.08    0.00    0.77 v dot_0/fifo_timer_r/_651_/A (sky130_fd_sc_hd__xor2_1)
     1    0.01    0.26    0.27    1.04 ^ dot_0/fifo_timer_r/_651_/X (sky130_fd_sc_hd__xor2_1)
                                         dot_0/fifo_timer_r/_325_ (net)
                  0.26    0.00    1.04 ^ dot_0/fifo_timer_r/_654_/B (sky130_fd_sc_hd__nor4_4)
     2    0.01    0.07    0.08    1.12 v dot_0/fifo_timer_r/_654_/Y (sky130_fd_sc_hd__nor4_4)
                                         dot_0/fifo_timer_r/_328_ (net)
                  0.07    0.00    1.12 v dot_0/fifo_timer_r/_730_/A (sky130_fd_sc_hd__and2_1)
     1    0.01    0.07    0.18    1.30 v dot_0/fifo_timer_r/_730_/X (sky130_fd_sc_hd__and2_1)
                                         dot_0/fifo_full (net)
                  0.07    0.00    1.30 v dot_0/place30661/A (sky130_fd_sc_hd__buf_12)
     1    0.05    0.04    0.15    1.45 v dot_0/place30661/X (sky130_fd_sc_hd__buf_12)
                                         dot_0/net30660 (net)
                  0.05    0.01    1.46 v dot_0/_416_/C (sky130_fd_sc_hd__nor3_2)
     2    0.01    0.16    0.13    1.59 ^ dot_0/_416_/Y (sky130_fd_sc_hd__nor3_2)
                                         dot_0/r_en_1 (net)
                  0.16    0.00    1.59 ^ dot_0/fifo_timer_w1/place30524/A (sky130_fd_sc_hd__buf_4)
     2    0.02    0.08    0.17    1.77 ^ dot_0/fifo_timer_w1/place30524/X (sky130_fd_sc_hd__buf_4)
                                         dot_0/fifo_timer_w1/net30523 (net)
                  0.08    0.00    1.77 ^ dot_0/fifo_timer_w1/_386_/B1_N (sky130_fd_sc_hd__a21bo_2)
     6    0.05    0.12    0.32    2.09 v dot_0/fifo_timer_w1/_386_/X (sky130_fd_sc_hd__a21bo_2)
                                         dot_0/fifo_timer_w1/_096_ (net)
                  0.12    0.00    2.09 v dot_0/fifo_timer_w1/place30448/A (sky130_fd_sc_hd__buf_4)
     2    0.01    0.03    0.17    2.26 v dot_0/fifo_timer_w1/place30448/X (sky130_fd_sc_hd__buf_4)
                                         dot_0/fifo_timer_w1/net30447 (net)
                  0.03    0.00    2.26 v dot_0/fifo_timer_w1/place30447/A (sky130_fd_sc_hd__buf_4)
     2    0.01    0.03    0.13    2.39 v dot_0/fifo_timer_w1/place30447/X (sky130_fd_sc_hd__buf_4)
                                         dot_0/fifo_timer_w1/net30446 (net)
                  0.03    0.00    2.39 v dot_0/fifo_timer_w1/_534_/A (sky130_fd_sc_hd__nor3_1)
     1    0.04    1.01    0.81    3.20 ^ dot_0/fifo_timer_w1/_534_/Y (sky130_fd_sc_hd__nor3_1)
                                         dot_0/fifo_data_read_1[14] (net)
                  1.01    0.00    3.20 ^ dot_0/fp4_dot_0/fp4_3/place30262/A (sky130_fd_sc_hd__buf_4)
     2    0.02    0.09    0.29    3.49 ^ dot_0/fp4_dot_0/fp4_3/place30262/X (sky130_fd_sc_hd__buf_4)
                                         dot_0/fp4_dot_0/fp4_3/net30261 (net)
                  0.09    0.00    3.49 ^ dot_0/fp4_dot_0/fp4_3/_57_/A (sky130_fd_sc_hd__inv_1)
     1    0.00    0.03    0.05    3.54 v dot_0/fp4_dot_0/fp4_3/_57_/Y (sky130_fd_sc_hd__inv_1)
                                         dot_0/fp4_dot_0/fp4_3/_05_ (net)
                  0.03    0.00    3.54 v dot_0/fp4_dot_0/fp4_3/_76_/B (sky130_fd_sc_hd__ha_1)
     2    0.01    0.06    0.19    3.73 v dot_0/fp4_dot_0/fp4_3/_76_/COUT (sky130_fd_sc_hd__ha_1)
                                         dot_0/fp4_dot_0/fp4_3/_06_ (net)
                  0.06    0.00    3.73 v dot_0/fp4_dot_0/fp4_3/_48_/B (sky130_fd_sc_hd__nor2_1)
     1    0.01    0.15    0.15    3.88 ^ dot_0/fp4_dot_0/fp4_3/_48_/Y (sky130_fd_sc_hd__nor2_1)
                                         dot_0/fp4_dot_0/fp4_3/expa[0] (net)
                  0.15    0.00    3.88 ^ dot_0/fp4_dot_0/fp4_3/_83_/A (sky130_fd_sc_hd__ha_1)
     1    0.01    0.07    0.18    4.06 ^ dot_0/fp4_dot_0/fp4_3/_83_/COUT (sky130_fd_sc_hd__ha_1)
                                         dot_0/fp4_dot_0/fp4_3/_33_ (net)
                  0.07    0.00    4.06 ^ dot_0/fp4_dot_0/fp4_3/_75_/CIN (sky130_fd_sc_hd__fa_1)
     2    0.01    0.09    0.43    4.49 v dot_0/fp4_dot_0/fp4_3/_75_/SUM (sky130_fd_sc_hd__fa_1)
                                         dot_0/fp4_dot_0/fp4_3/sum1[1] (net)
                  0.09    0.00    4.49 v dot_0/fp4_dot_0/fp4_3/_46_/A (sky130_fd_sc_hd__inv_1)
     1    0.00    0.05    0.07    4.57 ^ dot_0/fp4_dot_0/fp4_3/_46_/Y (sky130_fd_sc_hd__inv_1)
                                         dot_0/fp4_dot_0/fp4_3/_08_ (net)
                  0.05    0.00    4.57 ^ dot_0/fp4_dot_0/fp4_3/_78_/B (sky130_fd_sc_hd__ha_1)
     1    0.01    0.07    0.15    4.72 ^ dot_0/fp4_dot_0/fp4_3/_78_/COUT (sky130_fd_sc_hd__ha_1)
                                         dot_0/fp4_dot_0/fp4_3/_09_ (net)
                  0.07    0.00    4.72 ^ dot_0/fp4_dot_0/fp4_3/_44_/A (sky130_fd_sc_hd__xnor2_1)
     1    0.00    0.12    0.12    4.83 ^ dot_0/fp4_dot_0/fp4_3/_44_/Y (sky130_fd_sc_hd__xnor2_1)
                                         dot_0/fp4_dot_0/fp4_3/_22_ (net)
                  0.12    0.00    4.84 ^ dot_0/fp4_dot_0/fp4_3/_45_/B (sky130_fd_sc_hd__nor2_1)
     1    0.00    0.07    0.06    4.89 v dot_0/fp4_dot_0/fp4_3/_45_/Y (sky130_fd_sc_hd__nor2_1)
                                         dot_0/fp4_dot_0/fp4_3/sum2[2] (net)
                  0.07    0.00    4.89 v dot_0/fp4_dot_0/fp4_3/_79_/A (sky130_fd_sc_hd__ha_1)
     3    0.01    0.10    0.35    5.25 v dot_0/fp4_dot_0/fp4_3/_79_/SUM (sky130_fd_sc_hd__ha_1)
                                         dot_0/fp4_dot_0/fp4_3/_12_ (net)
                  0.10    0.00    5.25 v dot_0/fp4_dot_0/fp4_3/_50_/A1 (sky130_fd_sc_hd__a21oi_1)
     1    0.00    0.13    0.16    5.40 ^ dot_0/fp4_dot_0/fp4_3/_50_/Y (sky130_fd_sc_hd__a21oi_1)
                                         dot_0/fp4_dot_0/fp4_3/_24_ (net)
                  0.13    0.00    5.40 ^ dot_0/fp4_dot_0/fp4_3/_51_/B (sky130_fd_sc_hd__nand2_1)
     1    0.00    0.04    0.07    5.47 v dot_0/fp4_dot_0/fp4_3/_51_/Y (sky130_fd_sc_hd__nand2_1)
                                         dot_0/fp4_dot_0/fp4_3/_25_ (net)
                  0.04    0.00    5.47 v dot_0/fp4_dot_0/fp4_3/_56_/A (sky130_fd_sc_hd__xnor3_1)
     2    0.02    0.13    0.43    5.90 v dot_0/fp4_dot_0/fp4_3/_56_/X (sky130_fd_sc_hd__xnor3_1)
                                         dot_0/fp4_dot_0/y_3[6] (net)
                  0.13    0.00    5.90 v dot_0/fp4_dot_0/add1/_0805_/A (sky130_fd_sc_hd__inv_1)
     2    0.01    0.07    0.10    6.00 ^ dot_0/fp4_dot_0/add1/_0805_/Y (sky130_fd_sc_hd__inv_1)
                                         dot_0/fp4_dot_0/add1/_0111_ (net)
                  0.07    0.00    6.00 ^ dot_0/fp4_dot_0/add1/_0806_/A2 (sky130_fd_sc_hd__a31oi_1)
     2    0.01    0.12    0.13    6.14 v dot_0/fp4_dot_0/add1/_0806_/Y (sky130_fd_sc_hd__a31oi_1)
                                         dot_0/fp4_dot_0/add1/_0040_ (net)
                  0.12    0.00    6.14 v dot_0/fp4_dot_0/add1/_1215_/A (sky130_fd_sc_hd__ha_1)
     2    0.01    0.08    0.27    6.41 v dot_0/fp4_dot_0/add1/_1215_/COUT (sky130_fd_sc_hd__ha_1)
                                         dot_0/fp4_dot_0/add1/_0013_ (net)
                  0.08    0.00    6.41 v dot_0/fp4_dot_0/add1/_1208_/CIN (sky130_fd_sc_hd__fa_1)
     2    0.01    0.09    0.40    6.82 v dot_0/fp4_dot_0/add1/_1208_/COUT (sky130_fd_sc_hd__fa_1)
                                         dot_0/fp4_dot_0/add1/_0014_ (net)
                  0.09    0.00    6.82 v dot_0/fp4_dot_0/add1/_1001_/A (sky130_fd_sc_hd__nor2b_1)
     1    0.01    0.14    0.16    6.98 ^ dot_0/fp4_dot_0/add1/_1001_/Y (sky130_fd_sc_hd__nor2b_1)
                                         dot_0/fp4_dot_0/add1/_0468_ (net)
                  0.14    0.00    6.98 ^ dot_0/fp4_dot_0/add1/_1002_/A2 (sky130_fd_sc_hd__o21ai_0)
     2    0.01    0.11    0.13    7.11 v dot_0/fp4_dot_0/add1/_1002_/Y (sky130_fd_sc_hd__o21ai_0)
                                         dot_0/fp4_dot_0/add1/_0469_ (net)
                  0.11    0.00    7.11 v dot_0/fp4_dot_0/add1/place25549/A (sky130_fd_sc_hd__buf_4)
     1    0.00    0.03    0.16    7.27 v dot_0/fp4_dot_0/add1/place25549/X (sky130_fd_sc_hd__buf_4)
                                         dot_0/fp4_dot_0/add1/net25548 (net)
                  0.03    0.00    7.27 v dot_0/fp4_dot_0/add1/_1006_/A2 (sky130_fd_sc_hd__a211oi_2)
     2    0.01    0.24    0.27    7.54 ^ dot_0/fp4_dot_0/add1/_1006_/Y (sky130_fd_sc_hd__a211oi_2)
                                         dot_0/fp4_dot_0/add1/_0473_ (net)
                  0.24    0.00    7.54 ^ dot_0/fp4_dot_0/add1/_1152_/B (sky130_fd_sc_hd__nand2b_1)
     2    0.01    0.09    0.12    7.66 v dot_0/fp4_dot_0/add1/_1152_/Y (sky130_fd_sc_hd__nand2b_1)
                                         dot_0/fp4_dot_0/add1/_0142_ (net)
                  0.09    0.00    7.66 v dot_0/fp4_dot_0/add1/_1252_/B (sky130_fd_sc_hd__ha_1)
     2    0.01    0.06    0.21    7.87 v dot_0/fp4_dot_0/add1/_1252_/COUT (sky130_fd_sc_hd__ha_1)
                                         dot_0/fp4_dot_0/add1/_0143_ (net)
                  0.06    0.00    7.87 v dot_0/fp4_dot_0/add1/_1093_/A_N (sky130_fd_sc_hd__nand3b_1)
     1    0.00    0.08    0.15    8.03 v dot_0/fp4_dot_0/add1/_1093_/Y (sky130_fd_sc_hd__nand3b_1)
                                         dot_0/fp4_dot_0/add1/_0551_ (net)
                  0.08    0.00    8.03 v dot_0/fp4_dot_0/add1/_1094_/A2 (sky130_fd_sc_hd__o2111ai_1)
     2    0.01    0.31    0.30    8.33 ^ dot_0/fp4_dot_0/add1/_1094_/Y (sky130_fd_sc_hd__o2111ai_1)
                                         dot_0/fp4_dot_0/add1/_0552_ (net)
                  0.31    0.00    8.33 ^ dot_0/fp4_dot_0/add1/_1095_/B1 (sky130_fd_sc_hd__o2111ai_1)
     3    0.01    0.28    0.27    8.60 v dot_0/fp4_dot_0/add1/_1095_/Y (sky130_fd_sc_hd__o2111ai_1)
                                         dot_0/fp4_dot_0/add1/_0553_ (net)
                  0.28    0.00    8.60 v dot_0/fp4_dot_0/add1/_1096_/B1 (sky130_fd_sc_hd__a21oi_1)
     1    0.01    0.20    0.27    8.87 ^ dot_0/fp4_dot_0/add1/_1096_/Y (sky130_fd_sc_hd__a21oi_1)
                                         dot_0/fp4_dot_0/add1/_0554_ (net)
                  0.20    0.00    8.87 ^ dot_0/fp4_dot_0/add1/_1097_/C1 (sky130_fd_sc_hd__a311o_1)
     2    0.01    0.17    0.23    9.10 ^ dot_0/fp4_dot_0/add1/_1097_/X (sky130_fd_sc_hd__a311o_1)
                                         dot_0/fp4_dot_0/add1/_0555_ (net)
                  0.17    0.00    9.10 ^ dot_0/fp4_dot_0/add1/_1098_/C1 (sky130_fd_sc_hd__o211ai_1)
     1    0.01    0.15    0.18    9.28 v dot_0/fp4_dot_0/add1/_1098_/Y (sky130_fd_sc_hd__o211ai_1)
                                         dot_0/fp4_dot_0/add1/_0556_ (net)
                  0.16    0.00    9.28 v dot_0/fp4_dot_0/add1/_1105_/B1 (sky130_fd_sc_hd__o221ai_1)
     1    0.01    0.27    0.29    9.57 ^ dot_0/fp4_dot_0/add1/_1105_/Y (sky130_fd_sc_hd__o221ai_1)
                                         dot_0/fp4_dot_0/add1/_0563_ (net)
                  0.27    0.00    9.57 ^ dot_0/fp4_dot_0/add1/_1106_/B (sky130_fd_sc_hd__nand2_1)
     1    0.01    0.08    0.11    9.68 v dot_0/fp4_dot_0/add1/_1106_/Y (sky130_fd_sc_hd__nand2_1)
                                         dot_0/fp4_dot_0/add1/_0564_ (net)
                  0.08    0.00    9.68 v dot_0/fp4_dot_0/add1/_1107_/B (sky130_fd_sc_hd__xnor2_1)
     1    0.01    0.08    0.16    9.84 v dot_0/fp4_dot_0/add1/_1107_/Y (sky130_fd_sc_hd__xnor2_1)
                                         dot_0/fp4_dot_0/add1/_0022_ (net)
                  0.08    0.00    9.84 v dot_0/fp4_dot_0/add1/_1210_/B (sky130_fd_sc_hd__fa_1)
     2    0.02    0.15    0.50   10.34 v dot_0/fp4_dot_0/add1/_1210_/COUT (sky130_fd_sc_hd__fa_1)
                                         dot_0/fp4_dot_0/add1/_0016_ (net)
                  0.15    0.00   10.34 v dot_0/fp4_dot_0/add1/_1209_/A (sky130_fd_sc_hd__fa_1)
     3    0.02    0.16    0.56   10.90 v dot_0/fp4_dot_0/add1/_1209_/COUT (sky130_fd_sc_hd__fa_1)
                                         dot_0/fp4_dot_0/add1/_0019_ (net)
                  0.16    0.00   10.90 v dot_0/fp4_dot_0/add1/_0670_/A2 (sky130_fd_sc_hd__a211o_1)
     3    0.01    0.08    0.37   11.27 v dot_0/fp4_dot_0/add1/_0670_/X (sky130_fd_sc_hd__a211o_1)
                                         dot_0/fp4_dot_0/add1/_0178_ (net)
                  0.08    0.00   11.27 v dot_0/fp4_dot_0/add1/place25239/A (sky130_fd_sc_hd__buf_4)
     2    0.00    0.03    0.15   11.42 v dot_0/fp4_dot_0/add1/place25239/X (sky130_fd_sc_hd__buf_4)
                                         dot_0/fp4_dot_0/add1/net25238 (net)
                  0.03    0.00   11.42 v dot_0/fp4_dot_0/add1/_0796_/A1 (sky130_fd_sc_hd__a21oi_1)
     2    0.01    0.22    0.20   11.61 ^ dot_0/fp4_dot_0/add1/_0796_/Y (sky130_fd_sc_hd__a21oi_1)
                                         dot_0/fp4_dot_0/add1/_0283_ (net)
                  0.22    0.00   11.61 ^ dot_0/fp4_dot_0/add1/_0818_/B1 (sky130_fd_sc_hd__o32ai_1)
     2    0.01    0.13    0.18   11.80 v dot_0/fp4_dot_0/add1/_0818_/Y (sky130_fd_sc_hd__o32ai_1)
                                         dot_0/fp4_dot_0/add1/_0299_ (net)
                  0.13    0.00   11.80 v dot_0/fp4_dot_0/add1/_0909_/A2 (sky130_fd_sc_hd__a21oi_1)
     2    0.01    0.30    0.32   12.12 ^ dot_0/fp4_dot_0/add1/_0909_/Y (sky130_fd_sc_hd__a21oi_1)
                                         dot_0/fp4_dot_0/add1/_0390_ (net)
                  0.30    0.00   12.12 ^ dot_0/fp4_dot_0/add1/_0910_/A2 (sky130_fd_sc_hd__o21ai_1)
     2    0.01    0.11    0.15   12.27 v dot_0/fp4_dot_0/add1/_0910_/Y (sky130_fd_sc_hd__o21ai_1)
                                         dot_0/fp4_dot_0/add1/_0147_ (net)
                  0.11    0.00   12.27 v dot_0/fp4_dot_0/add1/_1255_/A (sky130_fd_sc_hd__ha_1)
     2    0.01    0.09    0.27   12.54 v dot_0/fp4_dot_0/add1/_1255_/COUT (sky130_fd_sc_hd__ha_1)
                                         dot_0/fp4_dot_0/add1/_0148_ (net)
                  0.09    0.00   12.54 v dot_0/fp4_dot_0/add1/_0743_/A (sky130_fd_sc_hd__nor2b_1)
     2    0.01    0.13    0.16   12.70 ^ dot_0/fp4_dot_0/add1/_0743_/Y (sky130_fd_sc_hd__nor2b_1)
                                         dot_0/fp4_dot_0/add1/_0246_ (net)
                  0.13    0.00   12.70 ^ dot_0/fp4_dot_0/add1/_0744_/A2 (sky130_fd_sc_hd__o211ai_1)
     3    0.01    0.12    0.14   12.83 v dot_0/fp4_dot_0/add1/_0744_/Y (sky130_fd_sc_hd__o211ai_1)
                                         dot_0/fp4_dot_0/add1/_0247_ (net)
                  0.12    0.00   12.83 v dot_0/fp4_dot_0/add1/_0801_/A (sky130_fd_sc_hd__and2_1)
     4    0.03    0.13    0.26   13.09 v dot_0/fp4_dot_0/add1/_0801_/X (sky130_fd_sc_hd__and2_1)
                                         dot_0/fp4_dot_0/add1/_0288_ (net)
                  0.13    0.00   13.09 v dot_0/fp4_dot_0/add1/_0802_/B1 (sky130_fd_sc_hd__a2bb2oi_1)
     2    0.01    0.35    0.35   13.45 ^ dot_0/fp4_dot_0/add1/_0802_/Y (sky130_fd_sc_hd__a2bb2oi_1)
                                         dot_0/fp4_dot_0/add1/_0289_ (net)
                  0.35    0.00   13.45 ^ dot_0/fp4_dot_0/add1/_0831_/C1 (sky130_fd_sc_hd__o211ai_2)
     3    0.02    0.20    0.24   13.69 v dot_0/fp4_dot_0/add1/_0831_/Y (sky130_fd_sc_hd__o211ai_2)
                                         dot_0/fp4_dot_0/add1/_0312_ (net)
                  0.20    0.00   13.69 v dot_0/fp4_dot_0/add1/place24837/A (sky130_fd_sc_hd__buf_4)
     2    0.00    0.03    0.20   13.89 v dot_0/fp4_dot_0/add1/place24837/X (sky130_fd_sc_hd__buf_4)
                                         dot_0/fp4_dot_0/add1/net24836 (net)
                  0.03    0.00   13.89 v dot_0/fp4_dot_0/add1/place24836/A (sky130_fd_sc_hd__buf_4)
     5    0.03    0.05    0.15   14.05 v dot_0/fp4_dot_0/add1/place24836/X (sky130_fd_sc_hd__buf_4)
                                         dot_0/fp4_dot_0/add1/net24835 (net)
                  0.05    0.00   14.05 v dot_0/fp4_dot_0/add1/_0977_/B (sky130_fd_sc_hd__or4_1)
     1    0.00    0.09    0.50   14.55 v dot_0/fp4_dot_0/add1/_0977_/X (sky130_fd_sc_hd__or4_1)
                                         dot_0/fp4_dot_0/add1/_0448_ (net)
                  0.09    0.00   14.55 v dot_0/fp4_dot_0/add1/_0987_/C1 (sky130_fd_sc_hd__o2111ai_1)
     2    0.01    0.29    0.16   14.71 ^ dot_0/fp4_dot_0/add1/_0987_/Y (sky130_fd_sc_hd__o2111ai_1)
                                         dot_0/fp4_dot_0/add1/_0000_ (net)
                  0.29    0.00   14.71 ^ dot_0/fp4_dot_0/add1/_1184_/B1 (sky130_fd_sc_hd__a21oi_1)
     2    0.01    0.09    0.10   14.81 v dot_0/fp4_dot_0/add1/_1184_/Y (sky130_fd_sc_hd__a21oi_1)
                                         dot_0/fp4_dot_0/add1/_0621_ (net)
                  0.09    0.00   14.81 v dot_0/fp4_dot_0/add1/place24700/A (sky130_fd_sc_hd__buf_4)
     1    0.00    0.02    0.14   14.95 v dot_0/fp4_dot_0/add1/place24700/X (sky130_fd_sc_hd__buf_4)
                                         dot_0/fp4_dot_0/add1/net24699 (net)
                  0.02    0.00   14.95 v dot_0/fp4_dot_0/add1/_1192_/A2 (sky130_fd_sc_hd__a221oi_1)
     1    0.01    0.45    0.45   15.40 ^ dot_0/fp4_dot_0/add1/_1192_/Y (sky130_fd_sc_hd__a221oi_1)
                                         dot_0/fp4_dot_0/add1/_0002_ (net)
                  0.45    0.00   15.40 ^ dot_0/fp4_dot_0/add1/place24692/A (sky130_fd_sc_hd__buf_4)
     1    0.01    0.05    0.21   15.60 ^ dot_0/fp4_dot_0/add1/place24692/X (sky130_fd_sc_hd__buf_4)
                                         dot_0/fp4_dot_0/add1/net24691 (net)
                  0.05    0.00   15.61 ^ dot_0/fp4_dot_0/add1/_1257_/B (sky130_fd_sc_hd__ha_1)
     1    0.00    0.06    0.14   15.75 ^ dot_0/fp4_dot_0/add1/_1257_/COUT (sky130_fd_sc_hd__ha_1)
                                         dot_0/fp4_dot_0/add1/_0638_ (net)
                  0.06    0.00   15.75 ^ dot_0/fp4_dot_0/add1/_1212_/A (sky130_fd_sc_hd__ha_1)
     1    0.01    0.12    0.20   15.94 ^ dot_0/fp4_dot_0/add1/_1212_/COUT (sky130_fd_sc_hd__ha_1)
                                         dot_0/fp4_dot_0/add1/_0029_ (net)
                  0.12    0.00   15.94 ^ dot_0/fp4_dot_0/add1/_0900_/B1 (sky130_fd_sc_hd__o41ai_4)
     2    0.02    0.09    0.12   16.06 v dot_0/fp4_dot_0/add1/_0900_/Y (sky130_fd_sc_hd__o41ai_4)
                                         dot_0/fp4_dot_0/add1/_0381_ (net)
                  0.09    0.00   16.06 v dot_0/fp4_dot_0/add1/_0901_/C1 (sky130_fd_sc_hd__a211oi_4)
     4    0.02    0.31    0.28   16.34 ^ dot_0/fp4_dot_0/add1/_0901_/Y (sky130_fd_sc_hd__a211oi_4)
                                         dot_0/fp4_dot_0/add1/_0382_ (net)
                  0.31    0.00   16.34 ^ dot_0/fp4_dot_0/add1/place24680/A (sky130_fd_sc_hd__buf_4)
     1    0.01    0.04    0.17   16.52 ^ dot_0/fp4_dot_0/add1/place24680/X (sky130_fd_sc_hd__buf_4)
                                         dot_0/fp4_dot_0/add1/net24679 (net)
                  0.04    0.00   16.52 ^ dot_0/fp4_dot_0/add1/_0902_/B (sky130_fd_sc_hd__nand2_2)
     2    0.01    0.04    0.06   16.57 v dot_0/fp4_dot_0/add1/_0902_/Y (sky130_fd_sc_hd__nand2_2)
                                         dot_0/fp4_dot_0/add1/_0383_ (net)
                  0.04    0.00   16.57 v dot_0/fp4_dot_0/add1/_0934_/A2 (sky130_fd_sc_hd__o311a_4)
     3    0.01    0.06    0.36   16.94 v dot_0/fp4_dot_0/add1/_0934_/X (sky130_fd_sc_hd__o311a_4)
                                         dot_0/fp4_dot_0/add1/_0413_ (net)
                  0.06    0.00   16.94 v dot_0/fp4_dot_0/add1/place24672/A (sky130_fd_sc_hd__buf_4)
     5    0.02    0.04    0.16   17.09 v dot_0/fp4_dot_0/add1/place24672/X (sky130_fd_sc_hd__buf_4)
                                         dot_0/fp4_dot_0/add1/net24671 (net)
                  0.04    0.00   17.09 v dot_0/fp4_dot_0/add1/_1150_/A1 (sky130_fd_sc_hd__a21oi_1)
     1    0.01    0.22    0.21   17.30 ^ dot_0/fp4_dot_0/add1/_1150_/Y (sky130_fd_sc_hd__a21oi_1)
                                         dot_0/fp4_dot_0/add1/_0592_ (net)
                  0.22    0.00   17.30 ^ dot_0/fp4_dot_0/add1/_1151_/A2_N (sky130_fd_sc_hd__a2bb2oi_1)
     1    0.00    0.12    0.18   17.48 ^ dot_0/fp4_dot_0/add1/_1151_/Y (sky130_fd_sc_hd__a2bb2oi_1)
                                         dot_0/fp4_dot_0/add_1[4] (net)
                  0.12    0.00   17.48 ^ dot_0/fp4_dot_0/add4/place24652/A (sky130_fd_sc_hd__buf_4)
     2    0.04    0.12    0.19   17.67 ^ dot_0/fp4_dot_0/add4/place24652/X (sky130_fd_sc_hd__buf_4)
                                         dot_0/fp4_dot_0/add4/net24651 (net)
                  0.12    0.01   17.68 ^ dot_0/fp4_dot_0/add4/_0719_/A (sky130_fd_sc_hd__inv_1)
     2    0.01    0.06    0.09   17.76 v dot_0/fp4_dot_0/add4/_0719_/Y (sky130_fd_sc_hd__inv_1)
                                         dot_0/fp4_dot_0/add4/_0007_ (net)
                  0.06    0.00   17.76 v dot_0/fp4_dot_0/add4/_0806_/A3 (sky130_fd_sc_hd__a31oi_1)
     2    0.01    0.35    0.32   18.09 ^ dot_0/fp4_dot_0/add4/_0806_/Y (sky130_fd_sc_hd__a31oi_1)
                                         dot_0/fp4_dot_0/add4/_0040_ (net)
                  0.35    0.00   18.09 ^ dot_0/fp4_dot_0/add4/_0807_/A (sky130_fd_sc_hd__inv_1)
     2    0.01    0.09    0.12   18.21 v dot_0/fp4_dot_0/add4/_0807_/Y (sky130_fd_sc_hd__inv_1)
                                         dot_0/fp4_dot_0/add4/exp_b[0] (net)
                  0.09    0.00   18.21 v dot_0/fp4_dot_0/add4/_1260_/B (sky130_fd_sc_hd__ha_1)
     2    0.01    0.08    0.32   18.52 ^ dot_0/fp4_dot_0/add4/_1260_/SUM (sky130_fd_sc_hd__ha_1)
                                         dot_0/fp4_dot_0/add4/_0157_ (net)
                  0.08    0.00   18.52 ^ dot_0/fp4_dot_0/add4/_0722_/C (sky130_fd_sc_hd__nand4_1)
     1    0.00    0.07    0.10   18.62 v dot_0/fp4_dot_0/add4/_0722_/Y (sky130_fd_sc_hd__nand4_1)
                                         dot_0/fp4_dot_0/add4/_0226_ (net)
                  0.07    0.00   18.62 v dot_0/fp4_dot_0/add4/_0723_/C1 (sky130_fd_sc_hd__o311a_1)
     3    0.01    0.10    0.16   18.78 v dot_0/fp4_dot_0/add4/_0723_/X (sky130_fd_sc_hd__o311a_1)
                                         dot_0/fp4_dot_0/add4/_0227_ (net)
                  0.10    0.00   18.78 v dot_0/fp4_dot_0/add4/_1003_/B1 (sky130_fd_sc_hd__a211oi_1)
     2    0.01    0.48    0.46   19.24 ^ dot_0/fp4_dot_0/add4/_1003_/Y (sky130_fd_sc_hd__a211oi_1)
                                         dot_0/fp4_dot_0/add4/_0470_ (net)
                  0.48    0.00   19.24 ^ dot_0/fp4_dot_0/add4/_1083_/A (sky130_fd_sc_hd__inv_1)
     2    0.01    0.10    0.12   19.36 v dot_0/fp4_dot_0/add4/_1083_/Y (sky130_fd_sc_hd__inv_1)
                                         dot_0/fp4_dot_0/add4/_0141_ (net)
                  0.10    0.00   19.36 v dot_0/fp4_dot_0/add4/_1252_/A (sky130_fd_sc_hd__ha_1)
     2    0.01    0.06    0.23   19.59 v dot_0/fp4_dot_0/add4/_1252_/COUT (sky130_fd_sc_hd__ha_1)
                                         dot_0/fp4_dot_0/add4/_0143_ (net)
                  0.06    0.00   19.59 v dot_0/fp4_dot_0/add4/_1093_/A_N (sky130_fd_sc_hd__nand3b_1)
     1    0.00    0.07    0.16   19.75 v dot_0/fp4_dot_0/add4/_1093_/Y (sky130_fd_sc_hd__nand3b_1)
                                         dot_0/fp4_dot_0/add4/_0551_ (net)
                  0.07    0.00   19.75 v dot_0/fp4_dot_0/add4/_1094_/A2 (sky130_fd_sc_hd__o2111ai_1)
     2    0.01    0.28    0.28   20.03 ^ dot_0/fp4_dot_0/add4/_1094_/Y (sky130_fd_sc_hd__o2111ai_1)
                                         dot_0/fp4_dot_0/add4/_0552_ (net)
                  0.28    0.00   20.03 ^ dot_0/fp4_dot_0/add4/_1095_/B1 (sky130_fd_sc_hd__o2111ai_1)
     3    0.01    0.17    0.22   20.24 v dot_0/fp4_dot_0/add4/_1095_/Y (sky130_fd_sc_hd__o2111ai_1)
                                         dot_0/fp4_dot_0/add4/_0553_ (net)
                  0.17    0.00   20.24 v dot_0/fp4_dot_0/add4/_1096_/B1 (sky130_fd_sc_hd__a21oi_1)
     1    0.01    0.23    0.25   20.49 ^ dot_0/fp4_dot_0/add4/_1096_/Y (sky130_fd_sc_hd__a21oi_1)
                                         dot_0/fp4_dot_0/add4/_0554_ (net)
                  0.23    0.00   20.49 ^ dot_0/fp4_dot_0/add4/place24391/A (sky130_fd_sc_hd__buf_4)
     1    0.00    0.03    0.15   20.64 ^ dot_0/fp4_dot_0/add4/place24391/X (sky130_fd_sc_hd__buf_4)
                                         dot_0/fp4_dot_0/add4/net24390 (net)
                  0.03    0.00   20.64 ^ dot_0/fp4_dot_0/add4/_1097_/C1 (sky130_fd_sc_hd__a311o_1)
     2    0.01    0.11    0.14   20.78 ^ dot_0/fp4_dot_0/add4/_1097_/X (sky130_fd_sc_hd__a311o_1)
                                         dot_0/fp4_dot_0/add4/_0555_ (net)
                  0.11    0.00   20.78 ^ dot_0/fp4_dot_0/add4/_1133_/B1_N (sky130_fd_sc_hd__a21boi_0)
     1    0.01    0.21    0.24   21.02 ^ dot_0/fp4_dot_0/add4/_1133_/Y (sky130_fd_sc_hd__a21boi_0)
                                         dot_0/fp4_dot_0/add4/_0581_ (net)
                  0.21    0.00   21.02 ^ dot_0/fp4_dot_0/add4/_1137_/A1 (sky130_fd_sc_hd__o21ai_0)
     1    0.00    0.07    0.13   21.15 v dot_0/fp4_dot_0/add4/_1137_/Y (sky130_fd_sc_hd__o21ai_0)
                                         dot_0/fp4_dot_0/add4/_0585_ (net)
                  0.07    0.00   21.15 v dot_0/fp4_dot_0/add4/_1138_/A2 (sky130_fd_sc_hd__a21boi_1)
     1    0.01    0.26    0.27   21.41 ^ dot_0/fp4_dot_0/add4/_1138_/Y (sky130_fd_sc_hd__a21boi_1)
                                         dot_0/fp4_dot_0/add4/_0586_ (net)
                  0.26    0.00   21.41 ^ dot_0/fp4_dot_0/add4/_1139_/B (sky130_fd_sc_hd__xnor2_1)
     1    0.01    0.08    0.13   21.54 v dot_0/fp4_dot_0/add4/_1139_/Y (sky130_fd_sc_hd__xnor2_1)
                                         dot_0/fp4_dot_0/add4/_0023_ (net)
                  0.08    0.00   21.54 v dot_0/fp4_dot_0/add4/_1210_/CIN (sky130_fd_sc_hd__fa_1)
     2    0.02    0.16    0.50   22.04 v dot_0/fp4_dot_0/add4/_1210_/COUT (sky130_fd_sc_hd__fa_1)
                                         dot_0/fp4_dot_0/add4/_0016_ (net)
                  0.16    0.00   22.04 v dot_0/fp4_dot_0/add4/_1209_/A (sky130_fd_sc_hd__fa_1)
     3    0.01    0.13    0.53   22.57 v dot_0/fp4_dot_0/add4/_1209_/COUT (sky130_fd_sc_hd__fa_1)
                                         dot_0/fp4_dot_0/add4/_0019_ (net)
                  0.13    0.00   22.57 v dot_0/fp4_dot_0/add4/_0670_/A2 (sky130_fd_sc_hd__a211o_1)
     4    0.01    0.09    0.37   22.94 v dot_0/fp4_dot_0/add4/_0670_/X (sky130_fd_sc_hd__a211o_1)
                                         dot_0/fp4_dot_0/add4/_0178_ (net)
                  0.09    0.00   22.94 v dot_0/fp4_dot_0/add4/_0675_/B (sky130_fd_sc_hd__and4b_1)
     2    0.01    0.06    0.21   23.15 v dot_0/fp4_dot_0/add4/_0675_/X (sky130_fd_sc_hd__and4b_1)
                                         dot_0/fp4_dot_0/add4/_0183_ (net)
                  0.06    0.00   23.15 v dot_0/fp4_dot_0/add4/_0677_/A1 (sky130_fd_sc_hd__mux2_2)
     2    0.01    0.07    0.29   23.44 v dot_0/fp4_dot_0/add4/_0677_/X (sky130_fd_sc_hd__mux2_2)
                                         dot_0/fp4_dot_0/add4/_0185_ (net)
                  0.07    0.00   23.44 v dot_0/fp4_dot_0/add4/_0685_/A2 (sky130_fd_sc_hd__o21ai_0)
     1    0.01    0.22    0.22   23.66 ^ dot_0/fp4_dot_0/add4/_0685_/Y (sky130_fd_sc_hd__o21ai_0)
                                         dot_0/fp4_dot_0/add4/_0193_ (net)
                  0.22    0.00   23.66 ^ dot_0/fp4_dot_0/add4/place24242/A (sky130_fd_sc_hd__buf_4)
     1    0.00    0.03    0.15   23.81 ^ dot_0/fp4_dot_0/add4/place24242/X (sky130_fd_sc_hd__buf_4)
                                         dot_0/fp4_dot_0/add4/net24241 (net)
                  0.03    0.00   23.81 ^ dot_0/fp4_dot_0/add4/_0697_/A2 (sky130_fd_sc_hd__a21oi_1)
     2    0.02    0.16    0.13   23.94 v dot_0/fp4_dot_0/add4/_0697_/Y (sky130_fd_sc_hd__a21oi_1)
                                         dot_0/fp4_dot_0/add4/_0026_ (net)
                  0.16    0.00   23.94 v dot_0/fp4_dot_0/add4/place24226/A (sky130_fd_sc_hd__buf_4)
     2    0.01    0.03    0.18   24.13 v dot_0/fp4_dot_0/add4/place24226/X (sky130_fd_sc_hd__buf_4)
                                         dot_0/fp4_dot_0/add4/net24225 (net)
                  0.03    0.00   24.13 v dot_0/fp4_dot_0/add4/_1230_/B (sky130_fd_sc_hd__ha_1)
     2    0.01    0.06    0.28   24.40 ^ dot_0/fp4_dot_0/add4/_1230_/SUM (sky130_fd_sc_hd__ha_1)
                                         dot_0/fp4_dot_0/add4/_0089_ (net)
                  0.06    0.00   24.40 ^ dot_0/fp4_dot_0/add4/_0743_/B_N (sky130_fd_sc_hd__nor2b_1)
     2    0.01    0.17    0.19   24.60 ^ dot_0/fp4_dot_0/add4/_0743_/Y (sky130_fd_sc_hd__nor2b_1)
                                         dot_0/fp4_dot_0/add4/_0246_ (net)
                  0.17    0.00   24.60 ^ dot_0/fp4_dot_0/add4/_0744_/A2 (sky130_fd_sc_hd__o211ai_1)
     3    0.01    0.16    0.17   24.77 v dot_0/fp4_dot_0/add4/_0744_/Y (sky130_fd_sc_hd__o211ai_1)
                                         dot_0/fp4_dot_0/add4/_0247_ (net)
                  0.16    0.00   24.77 v dot_0/fp4_dot_0/add4/_0747_/A1 (sky130_fd_sc_hd__a21oi_1)
     3    0.03    0.57    0.50   25.27 ^ dot_0/fp4_dot_0/add4/_0747_/Y (sky130_fd_sc_hd__a21oi_1)
                                         dot_0/fp4_dot_0/add4/_0250_ (net)
                  0.57    0.00   25.28 ^ dot_0/fp4_dot_0/add4/_0820_/D (sky130_fd_sc_hd__nand4_1)
     2    0.02    0.25    0.31   25.58 v dot_0/fp4_dot_0/add4/_0820_/Y (sky130_fd_sc_hd__nand4_1)
                                         dot_0/fp4_dot_0/add4/_0301_ (net)
                  0.25    0.00   25.59 v dot_0/fp4_dot_0/add4/_0827_/C (sky130_fd_sc_hd__and3_1)
     2    0.01    0.08    0.32   25.90 v dot_0/fp4_dot_0/add4/_0827_/X (sky130_fd_sc_hd__and3_1)
                                         dot_0/fp4_dot_0/add4/_0308_ (net)
                  0.08    0.00   25.90 v dot_0/fp4_dot_0/add4/_0975_/B (sky130_fd_sc_hd__nor2_1)
     2    0.01    0.17    0.17   26.07 ^ dot_0/fp4_dot_0/add4/_0975_/Y (sky130_fd_sc_hd__nor2_1)
                                         dot_0/fp4_dot_0/add4/_0446_ (net)
                  0.17    0.00   26.07 ^ dot_0/fp4_dot_0/add4/_0976_/B1 (sky130_fd_sc_hd__a21oi_1)
     1    0.00    0.06    0.07   26.14 v dot_0/fp4_dot_0/add4/_0976_/Y (sky130_fd_sc_hd__a21oi_1)
                                         dot_0/fp4_dot_0/add4/_0447_ (net)
                  0.06    0.00   26.14 v dot_0/fp4_dot_0/add4/_0977_/D (sky130_fd_sc_hd__or4_1)
     1    0.01    0.10    0.43   26.57 v dot_0/fp4_dot_0/add4/_0977_/X (sky130_fd_sc_hd__or4_1)
                                         dot_0/fp4_dot_0/add4/_0448_ (net)
                  0.10    0.00   26.57 v dot_0/fp4_dot_0/add4/_0987_/C1 (sky130_fd_sc_hd__o2111ai_1)
     2    0.01    0.25    0.15   26.72 ^ dot_0/fp4_dot_0/add4/_0987_/Y (sky130_fd_sc_hd__o2111ai_1)
                                         dot_0/fp4_dot_0/add4/_0000_ (net)
                  0.25    0.00   26.72 ^ dot_0/fp4_dot_0/add4/_1184_/B1 (sky130_fd_sc_hd__a21oi_1)
     2    0.01    0.09    0.10   26.82 v dot_0/fp4_dot_0/add4/_1184_/Y (sky130_fd_sc_hd__a21oi_1)
                                         dot_0/fp4_dot_0/add4/_0621_ (net)
                  0.09    0.00   26.82 v dot_0/fp4_dot_0/add4/_1191_/A1 (sky130_fd_sc_hd__o21a_1)
     1    0.00    0.03    0.19   27.01 v dot_0/fp4_dot_0/add4/_1191_/X (sky130_fd_sc_hd__o21a_1)
                                         dot_0/fp4_dot_0/add4/_0628_ (net)
                  0.03    0.00   27.01 v dot_0/fp4_dot_0/add4/_1192_/C1 (sky130_fd_sc_hd__a221oi_1)
     1    0.01    0.29    0.26   27.26 ^ dot_0/fp4_dot_0/add4/_1192_/Y (sky130_fd_sc_hd__a221oi_1)
                                         dot_0/fp4_dot_0/add4/_0002_ (net)
                  0.29    0.00   27.26 ^ dot_0/fp4_dot_0/add4/place24047/A (sky130_fd_sc_hd__buf_4)
     1    0.02    0.08    0.21   27.47 ^ dot_0/fp4_dot_0/add4/place24047/X (sky130_fd_sc_hd__buf_4)
                                         dot_0/fp4_dot_0/add4/net24046 (net)
                  0.08    0.00   27.48 ^ dot_0/fp4_dot_0/add4/_1257_/B (sky130_fd_sc_hd__ha_1)
     1    0.01    0.08    0.17   27.64 ^ dot_0/fp4_dot_0/add4/_1257_/COUT (sky130_fd_sc_hd__ha_1)
                                         dot_0/fp4_dot_0/add4/_0638_ (net)
                  0.08    0.00   27.64 ^ dot_0/fp4_dot_0/add4/_1212_/A (sky130_fd_sc_hd__ha_1)
     1    0.01    0.12    0.20   27.84 ^ dot_0/fp4_dot_0/add4/_1212_/COUT (sky130_fd_sc_hd__ha_1)
                                         dot_0/fp4_dot_0/add4/_0029_ (net)
                  0.12    0.00   27.84 ^ dot_0/fp4_dot_0/add4/_0900_/B1 (sky130_fd_sc_hd__o41ai_4)
     2    0.03    0.13    0.14   27.98 v dot_0/fp4_dot_0/add4/_0900_/Y (sky130_fd_sc_hd__o41ai_4)
                                         dot_0/fp4_dot_0/add4/_0381_ (net)
                  0.13    0.00   27.99 v dot_0/fp4_dot_0/add4/_0901_/C1 (sky130_fd_sc_hd__a211oi_4)
     1    0.01    0.19    0.20   28.19 ^ dot_0/fp4_dot_0/add4/_0901_/Y (sky130_fd_sc_hd__a211oi_4)
                                         dot_0/fp4_dot_0/add4/_0382_ (net)
                  0.19    0.00   28.19 ^ dot_0/fp4_dot_0/add4/place24043/A (sky130_fd_sc_hd__buf_4)
     2    0.02    0.06    0.17   28.36 ^ dot_0/fp4_dot_0/add4/place24043/X (sky130_fd_sc_hd__buf_4)
                                         dot_0/fp4_dot_0/add4/net24042 (net)
                  0.06    0.00   28.36 ^ dot_0/fp4_dot_0/add4/_0902_/B (sky130_fd_sc_hd__nand2_2)
     2    0.01    0.06    0.08   28.44 v dot_0/fp4_dot_0/add4/_0902_/Y (sky130_fd_sc_hd__nand2_2)
                                         dot_0/fp4_dot_0/add4/_0383_ (net)
                  0.06    0.00   28.44 v dot_0/fp4_dot_0/add4/_0934_/A2 (sky130_fd_sc_hd__o311a_4)
     2    0.01    0.05    0.36   28.80 v dot_0/fp4_dot_0/add4/_0934_/X (sky130_fd_sc_hd__o311a_4)
                                         dot_0/fp4_dot_0/add4/_0413_ (net)
                  0.05    0.00   28.80 v dot_0/fp4_dot_0/add4/place24037/A (sky130_fd_sc_hd__buf_4)
     6    0.02    0.04    0.16   28.96 v dot_0/fp4_dot_0/add4/place24037/X (sky130_fd_sc_hd__buf_4)
                                         dot_0/fp4_dot_0/add4/net24036 (net)
                  0.04    0.00   28.96 v dot_0/fp4_dot_0/add4/_1164_/A1 (sky130_fd_sc_hd__a21oi_1)
     1    0.01    0.15    0.15   29.11 ^ dot_0/fp4_dot_0/add4/_1164_/Y (sky130_fd_sc_hd__a21oi_1)
                                         dot_0/fp4_dot_0/add4/_0602_ (net)
                  0.15    0.00   29.11 ^ dot_0/fp4_dot_0/add4/_1165_/C1 (sky130_fd_sc_hd__a221o_1)
     2    0.01    0.11    0.18   29.29 ^ dot_0/fp4_dot_0/add4/_1165_/X (sky130_fd_sc_hd__a221o_1)
                                         dot_0/fp4_dot_0/add_4[6] (net)
                  0.11    0.00   29.29 ^ dot_0/fp4_dot_0/add6/_0754_/A (sky130_fd_sc_hd__inv_1)
     2    0.01    0.04    0.07   29.35 v dot_0/fp4_dot_0/add6/_0754_/Y (sky130_fd_sc_hd__inv_1)
                                         dot_0/fp4_dot_0/add6/_0135_ (net)
                  0.04    0.00   29.35 v dot_0/fp4_dot_0/add6/_0808_/A2 (sky130_fd_sc_hd__a31oi_1)
     2    0.01    0.26    0.26   29.62 ^ dot_0/fp4_dot_0/add6/_0808_/Y (sky130_fd_sc_hd__a31oi_1)
                                         dot_0/fp4_dot_0/add6/_0042_ (net)
                  0.26    0.00   29.62 ^ dot_0/fp4_dot_0/add6/_1140_/A (sky130_fd_sc_hd__inv_1)
     1    0.00    0.06    0.08   29.70 v dot_0/fp4_dot_0/add6/_1140_/Y (sky130_fd_sc_hd__inv_1)
                                         dot_0/fp4_dot_0/add6/exp_a[0] (net)
                  0.06    0.00   29.70 v dot_0/fp4_dot_0/add6/_1215_/B (sky130_fd_sc_hd__ha_1)
     2    0.01    0.08    0.22   29.92 v dot_0/fp4_dot_0/add6/_1215_/COUT (sky130_fd_sc_hd__ha_1)
                                         dot_0/fp4_dot_0/add6/_0013_ (net)
                  0.08    0.00   29.92 v dot_0/fp4_dot_0/add6/_1208_/CIN (sky130_fd_sc_hd__fa_1)
     2    0.01    0.10    0.41   30.33 v dot_0/fp4_dot_0/add6/_1208_/COUT (sky130_fd_sc_hd__fa_1)
                                         dot_0/fp4_dot_0/add6/_0014_ (net)
                  0.10    0.00   30.33 v dot_0/fp4_dot_0/add6/_1001_/A (sky130_fd_sc_hd__nor2b_1)
     1    0.00    0.07    0.11   30.44 ^ dot_0/fp4_dot_0/add6/_1001_/Y (sky130_fd_sc_hd__nor2b_1)
                                         dot_0/fp4_dot_0/add6/_0468_ (net)
                  0.07    0.00   30.45 ^ dot_0/fp4_dot_0/add6/_1002_/A2 (sky130_fd_sc_hd__o21ai_0)
     2    0.01    0.12    0.12   30.57 v dot_0/fp4_dot_0/add6/_1002_/Y (sky130_fd_sc_hd__o21ai_0)
                                         dot_0/fp4_dot_0/add6/_0469_ (net)
                  0.12    0.00   30.57 v dot_0/fp4_dot_0/add6/_1003_/A2 (sky130_fd_sc_hd__a211oi_1)
     2    0.01    0.42    0.44   31.00 ^ dot_0/fp4_dot_0/add6/_1003_/Y (sky130_fd_sc_hd__a211oi_1)
                                         dot_0/fp4_dot_0/add6/_0470_ (net)
                  0.42    0.00   31.00 ^ dot_0/fp4_dot_0/add6/_1083_/A (sky130_fd_sc_hd__inv_1)
     2    0.01    0.10    0.12   31.12 v dot_0/fp4_dot_0/add6/_1083_/Y (sky130_fd_sc_hd__inv_1)
                                         dot_0/fp4_dot_0/add6/_0141_ (net)
                  0.10    0.00   31.12 v dot_0/fp4_dot_0/add6/_1252_/A (sky130_fd_sc_hd__ha_1)
     2    0.01    0.06    0.23   31.35 v dot_0/fp4_dot_0/add6/_1252_/COUT (sky130_fd_sc_hd__ha_1)
                                         dot_0/fp4_dot_0/add6/_0143_ (net)
                  0.06    0.00   31.35 v dot_0/fp4_dot_0/add6/_1093_/A_N (sky130_fd_sc_hd__nand3b_1)
     1    0.00    0.09    0.16   31.51 v dot_0/fp4_dot_0/add6/_1093_/Y (sky130_fd_sc_hd__nand3b_1)
                                         dot_0/fp4_dot_0/add6/_0551_ (net)
                  0.09    0.00   31.51 v dot_0/fp4_dot_0/add6/_1094_/A2 (sky130_fd_sc_hd__o2111ai_1)
     2    0.01    0.30    0.30   31.80 ^ dot_0/fp4_dot_0/add6/_1094_/Y (sky130_fd_sc_hd__o2111ai_1)
                                         dot_0/fp4_dot_0/add6/_0552_ (net)
                  0.30    0.00   31.81 ^ dot_0/fp4_dot_0/add6/_1095_/B1 (sky130_fd_sc_hd__o2111ai_1)
     3    0.01    0.31    0.26   32.06 v dot_0/fp4_dot_0/add6/_1095_/Y (sky130_fd_sc_hd__o2111ai_1)
                                         dot_0/fp4_dot_0/add6/_0553_ (net)
                  0.31    0.00   32.06 v dot_0/fp4_dot_0/add6/_1096_/B1 (sky130_fd_sc_hd__a21oi_1)
     1    0.01    0.25    0.32   32.38 ^ dot_0/fp4_dot_0/add6/_1096_/Y (sky130_fd_sc_hd__a21oi_1)
                                         dot_0/fp4_dot_0/add6/_0554_ (net)
                  0.25    0.00   32.38 ^ dot_0/fp4_dot_0/add6/_1097_/C1 (sky130_fd_sc_hd__a311o_1)
     2    0.01    0.13    0.22   32.60 ^ dot_0/fp4_dot_0/add6/_1097_/X (sky130_fd_sc_hd__a311o_1)
                                         dot_0/fp4_dot_0/add6/_0555_ (net)
                  0.13    0.00   32.60 ^ dot_0/fp4_dot_0/add6/_1133_/B1_N (sky130_fd_sc_hd__a21boi_0)
     1    0.00    0.12    0.18   32.77 ^ dot_0/fp4_dot_0/add6/_1133_/Y (sky130_fd_sc_hd__a21boi_0)
                                         dot_0/fp4_dot_0/add6/_0581_ (net)
                  0.12    0.00   32.77 ^ dot_0/fp4_dot_0/add6/_1137_/A1 (sky130_fd_sc_hd__o21ai_0)
     1    0.00    0.08    0.12   32.89 v dot_0/fp4_dot_0/add6/_1137_/Y (sky130_fd_sc_hd__o21ai_0)
                                         dot_0/fp4_dot_0/add6/_0585_ (net)
                  0.08    0.00   32.89 v dot_0/fp4_dot_0/add6/_1138_/A2 (sky130_fd_sc_hd__a21boi_1)
     1    0.01    0.30    0.30   33.19 ^ dot_0/fp4_dot_0/add6/_1138_/Y (sky130_fd_sc_hd__a21boi_1)
                                         dot_0/fp4_dot_0/add6/_0586_ (net)
                  0.30    0.00   33.19 ^ dot_0/fp4_dot_0/add6/_1139_/B (sky130_fd_sc_hd__xnor2_1)
     1    0.01    0.09    0.14   33.33 v dot_0/fp4_dot_0/add6/_1139_/Y (sky130_fd_sc_hd__xnor2_1)
                                         dot_0/fp4_dot_0/add6/_0023_ (net)
                  0.09    0.00   33.33 v dot_0/fp4_dot_0/add6/_1210_/CIN (sky130_fd_sc_hd__fa_1)
     2    0.01    0.12    0.44   33.78 v dot_0/fp4_dot_0/add6/_1210_/COUT (sky130_fd_sc_hd__fa_1)
                                         dot_0/fp4_dot_0/add6/_0016_ (net)
                  0.12    0.00   33.78 v dot_0/fp4_dot_0/add6/_1209_/A (sky130_fd_sc_hd__fa_1)
     3    0.01    0.12    0.50   34.28 v dot_0/fp4_dot_0/add6/_1209_/COUT (sky130_fd_sc_hd__fa_1)
                                         dot_0/fp4_dot_0/add6/_0019_ (net)
                  0.12    0.00   34.28 v dot_0/fp4_dot_0/add6/place23870/A (sky130_fd_sc_hd__buf_4)
     2    0.01    0.03    0.17   34.45 v dot_0/fp4_dot_0/add6/place23870/X (sky130_fd_sc_hd__buf_4)
                                         dot_0/fp4_dot_0/add6/net23869 (net)
                  0.03    0.00   34.45 v dot_0/fp4_dot_0/add6/_0711_/B (sky130_fd_sc_hd__xnor2_1)
     2    0.01    0.06    0.13   34.58 v dot_0/fp4_dot_0/add6/_0711_/Y (sky130_fd_sc_hd__xnor2_1)
                                         dot_0/fp4_dot_0/add6/_0216_ (net)
                  0.06    0.00   34.58 v dot_0/fp4_dot_0/add6/_0814_/B1 (sky130_fd_sc_hd__a32o_1)
     1    0.00    0.05    0.21   34.79 v dot_0/fp4_dot_0/add6/_0814_/X (sky130_fd_sc_hd__a32o_1)
                                         dot_0/fp4_dot_0/add6/_0295_ (net)
                  0.05    0.00   34.79 v dot_0/fp4_dot_0/add6/_0818_/A1 (sky130_fd_sc_hd__o32ai_1)
     2    0.01    0.44    0.45   35.24 ^ dot_0/fp4_dot_0/add6/_0818_/Y (sky130_fd_sc_hd__o32ai_1)
                                         dot_0/fp4_dot_0/add6/_0299_ (net)
                  0.44    0.00   35.24 ^ dot_0/fp4_dot_0/add6/_0909_/A2 (sky130_fd_sc_hd__a21oi_1)
     2    0.01    0.12    0.18   35.41 v dot_0/fp4_dot_0/add6/_0909_/Y (sky130_fd_sc_hd__a21oi_1)
                                         dot_0/fp4_dot_0/add6/_0390_ (net)
                  0.12    0.00   35.41 v dot_0/fp4_dot_0/add6/_0910_/A2 (sky130_fd_sc_hd__o21ai_1)
     2    0.01    0.21    0.22   35.64 ^ dot_0/fp4_dot_0/add6/_0910_/Y (sky130_fd_sc_hd__o21ai_1)
                                         dot_0/fp4_dot_0/add6/_0147_ (net)
                  0.21    0.00   35.64 ^ dot_0/fp4_dot_0/add6/_1255_/A (sky130_fd_sc_hd__ha_1)
     2    0.01    0.08    0.29   35.93 v dot_0/fp4_dot_0/add6/_1255_/SUM (sky130_fd_sc_hd__ha_1)
                                         dot_0/fp4_dot_0/add6/_0149_ (net)
                  0.08    0.00   35.93 v dot_0/fp4_dot_0/add6/_0746_/B (sky130_fd_sc_hd__and4b_1)
     5    0.03    0.14    0.28   36.21 v dot_0/fp4_dot_0/add6/_0746_/X (sky130_fd_sc_hd__and4b_1)
                                         dot_0/fp4_dot_0/add6/_0249_ (net)
                  0.14    0.00   36.21 v dot_0/fp4_dot_0/add6/_0774_/B1 (sky130_fd_sc_hd__a21o_1)
     5    0.03    0.15    0.29   36.50 v dot_0/fp4_dot_0/add6/_0774_/X (sky130_fd_sc_hd__a21o_1)
                                         dot_0/fp4_dot_0/add6/_0261_ (net)
                  0.15    0.00   36.51 v dot_0/fp4_dot_0/add6/_0819_/D1 (sky130_fd_sc_hd__a2111o_1)
     2    0.01    0.11    0.38   36.88 v dot_0/fp4_dot_0/add6/_0819_/X (sky130_fd_sc_hd__a2111o_1)
                                         dot_0/fp4_dot_0/add6/_0300_ (net)
                  0.11    0.00   36.88 v dot_0/fp4_dot_0/add6/_0827_/B (sky130_fd_sc_hd__and3_1)
     2    0.01    0.06    0.21   37.09 v dot_0/fp4_dot_0/add6/_0827_/X (sky130_fd_sc_hd__and3_1)
                                         dot_0/fp4_dot_0/add6/_0308_ (net)
                  0.06    0.00   37.09 v dot_0/fp4_dot_0/add6/_0975_/B (sky130_fd_sc_hd__nor2_1)
     2    0.01    0.14    0.14   37.23 ^ dot_0/fp4_dot_0/add6/_0975_/Y (sky130_fd_sc_hd__nor2_1)
                                         dot_0/fp4_dot_0/add6/_0446_ (net)
                  0.14    0.00   37.23 ^ dot_0/fp4_dot_0/add6/_0976_/B1 (sky130_fd_sc_hd__a21oi_1)
     1    0.00    0.05    0.05   37.28 v dot_0/fp4_dot_0/add6/_0976_/Y (sky130_fd_sc_hd__a21oi_1)
                                         dot_0/fp4_dot_0/add6/_0447_ (net)
                  0.05    0.00   37.28 v dot_0/fp4_dot_0/add6/_0977_/D (sky130_fd_sc_hd__or4_1)
     1    0.00    0.08    0.39   37.67 v dot_0/fp4_dot_0/add6/_0977_/X (sky130_fd_sc_hd__or4_1)
                                         dot_0/fp4_dot_0/add6/_0448_ (net)
                  0.08    0.00   37.67 v dot_0/fp4_dot_0/add6/_0987_/C1 (sky130_fd_sc_hd__o2111ai_1)
     2    0.01    0.38    0.19   37.87 ^ dot_0/fp4_dot_0/add6/_0987_/Y (sky130_fd_sc_hd__o2111ai_1)
                                         dot_0/fp4_dot_0/add6/_0000_ (net)
                  0.38    0.00   37.87 ^ dot_0/fp4_dot_0/add6/_1184_/B1 (sky130_fd_sc_hd__a21oi_1)
     2    0.01    0.11    0.12   37.98 v dot_0/fp4_dot_0/add6/_1184_/Y (sky130_fd_sc_hd__a21oi_1)
                                         dot_0/fp4_dot_0/add6/_0621_ (net)
                  0.11    0.00   37.98 v dot_0/fp4_dot_0/add6/_1191_/A1 (sky130_fd_sc_hd__o21a_1)
     1    0.00    0.03    0.20   38.18 v dot_0/fp4_dot_0/add6/_1191_/X (sky130_fd_sc_hd__o21a_1)
                                         dot_0/fp4_dot_0/add6/_0628_ (net)
                  0.03    0.00   38.18 v dot_0/fp4_dot_0/add6/_1192_/C1 (sky130_fd_sc_hd__a221oi_1)
     1    0.00    0.27    0.24   38.42 ^ dot_0/fp4_dot_0/add6/_1192_/Y (sky130_fd_sc_hd__a221oi_1)
                                         dot_0/fp4_dot_0/add6/_0002_ (net)
                  0.27    0.00   38.42 ^ dot_0/fp4_dot_0/add6/_1257_/B (sky130_fd_sc_hd__ha_1)
     1    0.00    0.06    0.21   38.63 ^ dot_0/fp4_dot_0/add6/_1257_/COUT (sky130_fd_sc_hd__ha_1)
                                         dot_0/fp4_dot_0/add6/_0638_ (net)
                  0.06    0.00   38.63 ^ dot_0/fp4_dot_0/add6/_1212_/A (sky130_fd_sc_hd__ha_1)
     1    0.01    0.14    0.21   38.84 ^ dot_0/fp4_dot_0/add6/_1212_/COUT (sky130_fd_sc_hd__ha_1)
                                         dot_0/fp4_dot_0/add6/_0029_ (net)
                  0.14    0.00   38.84 ^ dot_0/fp4_dot_0/add6/_0900_/B1 (sky130_fd_sc_hd__o41ai_4)
     2    0.02    0.09    0.12   38.96 v dot_0/fp4_dot_0/add6/_0900_/Y (sky130_fd_sc_hd__o41ai_4)
                                         dot_0/fp4_dot_0/add6/_0381_ (net)
                  0.09    0.00   38.96 v dot_0/fp4_dot_0/add6/_0901_/C1 (sky130_fd_sc_hd__a211oi_4)
     4    0.02    0.32    0.29   39.26 ^ dot_0/fp4_dot_0/add6/_0901_/Y (sky130_fd_sc_hd__a211oi_4)
                                         dot_0/fp4_dot_0/add6/_0382_ (net)
                  0.32    0.00   39.26 ^ dot_0/fp4_dot_0/add6/_0902_/B (sky130_fd_sc_hd__nand2_2)
     2    0.01    0.07    0.10   39.36 v dot_0/fp4_dot_0/add6/_0902_/Y (sky130_fd_sc_hd__nand2_2)
                                         dot_0/fp4_dot_0/add6/_0383_ (net)
                  0.07    0.00   39.36 v dot_0/fp4_dot_0/add6/_0934_/A2 (sky130_fd_sc_hd__o311a_4)
     6    0.02    0.08    0.40   39.75 v dot_0/fp4_dot_0/add6/_0934_/X (sky130_fd_sc_hd__o311a_4)
                                         dot_0/fp4_dot_0/add6/_0413_ (net)
                  0.08    0.00   39.76 v dot_0/fp4_dot_0/add6/place23729/A (sky130_fd_sc_hd__buf_4)
     2    0.01    0.03    0.14   39.90 v dot_0/fp4_dot_0/add6/place23729/X (sky130_fd_sc_hd__buf_4)
                                         dot_0/fp4_dot_0/add6/net23728 (net)
                  0.03    0.00   39.90 v dot_0/fp4_dot_0/add6/_1143_/A1 (sky130_fd_sc_hd__a21oi_1)
     1    0.00    0.11    0.11   40.01 ^ dot_0/fp4_dot_0/add6/_1143_/Y (sky130_fd_sc_hd__a21oi_1)
                                         dot_0/fp4_dot_0/add6/_0589_ (net)
                  0.11    0.00   40.01 ^ dot_0/fp4_dot_0/add6/_1144_/A2_N (sky130_fd_sc_hd__a2bb2oi_1)
     1    0.01    0.30    0.30   40.31 ^ dot_0/fp4_dot_0/add6/_1144_/Y (sky130_fd_sc_hd__a2bb2oi_1)
                                         dot_0/dot_out[2] (net)
                  0.30    0.00   40.31 ^ dot_0/fifo_timer_r/place23726/A (sky130_fd_sc_hd__buf_4)
    16    0.05    0.15    0.26   40.57 ^ dot_0/fifo_timer_r/place23726/X (sky130_fd_sc_hd__buf_4)
                                         dot_0/fifo_timer_r/net23725 (net)
                  0.15    0.00   40.57 ^ dot_0/fifo_timer_r/mem[3][2]$_DFFE_PP_/D (sky130_fd_sc_hd__edfxtp_1)
                                 40.57   data arrival time

                  0.15   12.50   12.50   clock clk_s5 (rise edge)
                          0.00   12.50   clock network delay (ideal)
                         -0.25   12.25   clock uncertainty
                          0.00   12.25   clock reconvergence pessimism
                                 12.25 ^ dot_0/fifo_timer_r/mem[3][2]$_DFFE_PP_/CLK (sky130_fd_sc_hd__edfxtp_1)
                         -0.14   12.11   library setup time
                                 12.11   data required time
-----------------------------------------------------------------------------
                                 12.11   data required time
                                -40.57   data arrival time
-----------------------------------------------------------------------------
                                -28.47   slack (VIOLATED)


Startpoint: dot_clk_div/clk_div[0]$_SDFF_PP0_/Q
            (clock source 'dot_clk_div_clk_div2')
Endpoint: dot_clk_div/clk_div[1]$_SDFF_PP0_
          (rising edge-triggered flip-flop clocked by clk_s5_gate)
Path Group: clk_s5_gate
Path Type: max

Fanout     Cap    Slew   Delay    Time   Description
-----------------------------------------------------------------------------
                  0.15   12.50   12.50   clock dot_clk_div_clk_div2 (fall edge)
     3    0.01    0.04    0.00   12.50 v dot_clk_div/clk_div[0]$_SDFF_PP0_/Q (sky130_fd_sc_hd__dfxtp_1)
                                         dot_clk_div/clk_div2 (net)
                  0.04    0.00   12.50 v dot_clk_div/_11_/A (sky130_fd_sc_hd__ha_1)
     1    0.00    0.04    0.27   12.77 v dot_clk_div/_11_/SUM (sky130_fd_sc_hd__ha_1)
                                         dot_clk_div/_01_ (net)
                  0.04    0.00   12.77 v dot_clk_div/_06_/B_N (sky130_fd_sc_hd__nor2b_1)
     1    0.00    0.05    0.12   12.89 v dot_clk_div/_06_/Y (sky130_fd_sc_hd__nor2b_1)
                                         dot_clk_div/_02_ (net)
                  0.05    0.00   12.89 v dot_clk_div/clk_div[1]$_SDFF_PP0_/D (sky130_fd_sc_hd__dfxtp_1)
                                 12.89   data arrival time

                  0.15   25.00   25.00   clock clk_s5_gate (rise edge)
                          0.00   25.00   clock network delay (ideal)
                         -0.25   24.75   clock uncertainty
                          0.00   24.75   clock reconvergence pessimism
                                 24.75 ^ dot_clk_div/clk_div[1]$_SDFF_PP0_/CLK (sky130_fd_sc_hd__dfxtp_1)
                         -0.09   24.66   library setup time
                                 24.66   data required time
-----------------------------------------------------------------------------
                                 24.66   data required time
                                -12.89   data arrival time
-----------------------------------------------------------------------------
                                 11.77   slack (MET)


Startpoint: processor_0/pipeline_ex_mem/alu_out_out[29]$_SDFFE_PP0N_
            (rising edge-triggered flip-flop clocked by clk1)
Endpoint: main_memory_0/mem[17][27]$_DFFE_PP_
          (rising edge-triggered flip-flop clocked by clk_s8)
Path Group: clk_s8
Path Type: max

Fanout     Cap    Slew   Delay    Time   Description
-----------------------------------------------------------------------------
                  0.15    0.00    0.00   clock clk1 (rise edge)
                          0.00    0.00   clock network delay (ideal)
                  0.15    0.00    0.00 ^ processor_0/pipeline_ex_mem/alu_out_out[29]$_SDFFE_PP0N_/CLK (sky130_fd_sc_hd__dfxtp_1)
     2    0.12    1.10    1.07    1.07 ^ processor_0/pipeline_ex_mem/alu_out_out[29]$_SDFFE_PP0N_/Q (sky130_fd_sc_hd__dfxtp_1)
                                         addr_m_axi[29] (net)
                  1.10    0.00    1.08 ^ _1528_/C (sky130_fd_sc_hd__and4b_1)
     2    0.10    0.95    0.96    2.04 ^ _1528_/X (sky130_fd_sc_hd__and4b_1)
                                         _0108_ (net)
                  0.95    0.03    2.07 ^ _1530_/C (sky130_fd_sc_hd__nand4_2)
     3    0.06    0.53    0.57    2.64 v _1530_/Y (sky130_fd_sc_hd__nand4_2)
                                         _0110_ (net)
                  0.53    0.01    2.65 v _1535_/A (sky130_fd_sc_hd__nor2_4)
    17    0.11    0.66    0.71    3.36 ^ _1535_/Y (sky130_fd_sc_hd__nor2_4)
                                         _0115_ (net)
                  0.66    0.01    3.37 ^ _3198_/B (sky130_fd_sc_hd__nand2_1)
     1    0.02    0.24    0.31    3.67 v _3198_/Y (sky130_fd_sc_hd__nand2_1)
                                         _1507_ (net)
                  0.24    0.00    3.68 v _3200_/A (sky130_fd_sc_hd__nand2_1)
     3    0.02    0.17    0.22    3.90 ^ _3200_/Y (sky130_fd_sc_hd__nand2_1)
                                         m1_aw_valid (net)
                  0.17    0.00    3.90 ^ interconnect_0/place31477/A (sky130_fd_sc_hd__buf_4)
    11    0.15    0.42    0.40    4.30 ^ interconnect_0/place31477/X (sky130_fd_sc_hd__buf_4)
                                         interconnect_0/net31476 (net)
                  0.42    0.00    4.30 ^ interconnect_0/_0811_/B (sky130_fd_sc_hd__nand3b_1)
     2    0.01    0.12    0.15    4.46 v interconnect_0/_0811_/Y (sky130_fd_sc_hd__nand3b_1)
                                         interconnect_0/_0036_ (net)
                  0.12    0.00    4.46 v interconnect_0/_0812_/D1 (sky130_fd_sc_hd__o2111ai_1)
     6    0.02    0.54    0.25    4.70 ^ interconnect_0/_0812_/Y (sky130_fd_sc_hd__o2111ai_1)
                                         interconnect_0/_0037_ (net)
                  0.54    0.00    4.70 ^ interconnect_0/_0879_/A1 (sky130_fd_sc_hd__a211oi_1)
     2    0.01    0.17    0.21    4.92 v interconnect_0/_0879_/Y (sky130_fd_sc_hd__a211oi_1)
                                         interconnect_0/_0104_ (net)
                  0.17    0.00    4.92 v interconnect_0/_0909_/A1 (sky130_fd_sc_hd__o21a_1)
     3    0.02    0.09    0.28    5.20 v interconnect_0/_0909_/X (sky130_fd_sc_hd__o21a_1)
                                         interconnect_0/_0134_ (net)
                  0.09    0.00    5.20 v interconnect_0/_0913_/B (sky130_fd_sc_hd__nor3_1)
     2    0.01    0.43    0.40    5.59 ^ interconnect_0/_0913_/Y (sky130_fd_sc_hd__nor3_1)
                                         interconnect_0/_0138_ (net)
                  0.43    0.00    5.60 ^ interconnect_0/_2502_/A2 (sky130_fd_sc_hd__a22o_1)
     6    0.07    0.64    0.63    6.23 ^ interconnect_0/_2502_/X (sky130_fd_sc_hd__a22o_1)
                                         s8_dw_valid (net)
                  0.64    0.01    6.24 ^ memory_axi_0/_1165_/A2 (sky130_fd_sc_hd__a21oi_1)
     1    0.00    0.11    0.15    6.38 v memory_axi_0/_1165_/Y (sky130_fd_sc_hd__a21oi_1)
                                         memory_axi_0/_0558_ (net)
                  0.11    0.00    6.38 v memory_axi_0/_1166_/B (sky130_fd_sc_hd__nor2_1)
     2    0.01    0.16    0.17    6.55 ^ memory_axi_0/_1166_/Y (sky130_fd_sc_hd__nor2_1)
                                         mem_en (net)
                  0.16    0.00    6.55 ^ _3139_/A (sky130_fd_sc_hd__and2_1)
     1    0.01    0.15    0.22    6.78 ^ _3139_/X (sky130_fd_sc_hd__and2_1)
                                         _0000_ (net)
                  0.15    0.00    6.78 ^ main_memory_0/place29677/A (sky130_fd_sc_hd__buf_4)
     8    0.09    0.26    0.29    7.06 ^ main_memory_0/place29677/X (sky130_fd_sc_hd__buf_4)
                                         main_memory_0/net29676 (net)
                  0.26    0.02    7.09 ^ main_memory_0/_4310_/A (sky130_fd_sc_hd__nand2_1)
     8    0.04    0.27    0.30    7.38 v main_memory_0/_4310_/Y (sky130_fd_sc_hd__nand2_1)
                                         main_memory_0/_2144_ (net)
                  0.27    0.00    7.39 v main_memory_0/_4321_/B (sky130_fd_sc_hd__nor2_1)
     7    0.07    1.15    0.95    8.33 ^ main_memory_0/_4321_/Y (sky130_fd_sc_hd__nor2_1)
                                         main_memory_0/_0040_ (net)
                  1.15    0.00    8.33 ^ main_memory_0/place28028/A (sky130_fd_sc_hd__buf_4)
    15    0.13    0.36    0.50    8.84 ^ main_memory_0/place28028/X (sky130_fd_sc_hd__buf_4)
                                         main_memory_0/net28027 (net)
                  0.37    0.01    8.85 ^ main_memory_0/mem[17][27]$_DFFE_PP_/DE (sky130_fd_sc_hd__edfxtp_1)
                                  8.85   data arrival time

                  0.15   10.00   10.00   clock clk_s8 (rise edge)
                          0.00   10.00   clock network delay (ideal)
                         -0.25    9.75   clock uncertainty
                          0.00    9.75   clock reconvergence pessimism
                                  9.75 ^ main_memory_0/mem[17][27]$_DFFE_PP_/CLK (sky130_fd_sc_hd__edfxtp_1)
                         -0.31    9.44   library setup time
                                  9.44   data required time
-----------------------------------------------------------------------------
                                  9.44   data required time
                                 -8.85   data arrival time
-----------------------------------------------------------------------------
                                  0.60   slack (MET)



==========================================================================
detailed place report_checks -unconstrained
--------------------------------------------------------------------------
Startpoint: processor_0/pipeline_ex_mem/alu_out_out[29]$_SDFFE_PP0N_
            (rising edge-triggered flip-flop clocked by clk1)
Endpoint: soc_obs[23]$_SDFF_PP0_
          (rising edge-triggered flip-flop clocked by clk1)
Path Group: clk1
Path Type: max

Fanout     Cap    Slew   Delay    Time   Description
-----------------------------------------------------------------------------
                  0.15    0.00    0.00   clock clk1 (rise edge)
                          0.00    0.00   clock network delay (ideal)
                  0.15    0.00    0.00 ^ processor_0/pipeline_ex_mem/alu_out_out[29]$_SDFFE_PP0N_/CLK (sky130_fd_sc_hd__dfxtp_1)
     2    0.12    1.10    1.07    1.07 ^ processor_0/pipeline_ex_mem/alu_out_out[29]$_SDFFE_PP0N_/Q (sky130_fd_sc_hd__dfxtp_1)
                                         addr_m_axi[29] (net)
                  1.10    0.00    1.08 ^ _1528_/C (sky130_fd_sc_hd__and4b_1)
     2    0.10    0.95    0.96    2.04 ^ _1528_/X (sky130_fd_sc_hd__and4b_1)
                                         _0108_ (net)
                  0.95    0.03    2.07 ^ _1542_/C (sky130_fd_sc_hd__and4_1)
     4    0.08    0.75    0.82    2.89 ^ _1542_/X (sky130_fd_sc_hd__and4_1)
                                         _0121_ (net)
                  0.76    0.02    2.91 ^ _1546_/A (sky130_fd_sc_hd__nand2_1)
     1    0.01    0.19    0.21    3.12 v _1546_/Y (sky130_fd_sc_hd__nand2_1)
                                         _0125_ (net)
                  0.19    0.00    3.12 v place32189/A (sky130_fd_sc_hd__buf_12)
    19    0.11    0.07    0.22    3.34 v place32189/X (sky130_fd_sc_hd__buf_12)
                                         net32188 (net)
                  0.08    0.02    3.36 v place32188/A (sky130_fd_sc_hd__buf_4)
    17    0.07    0.09    0.21    3.58 v place32188/X (sky130_fd_sc_hd__buf_4)
                                         net32187 (net)
                  0.09    0.00    3.58 v _1721_/B (sky130_fd_sc_hd__nand2_1)
     1    0.00    0.05    0.08    3.66 ^ _1721_/Y (sky130_fd_sc_hd__nand2_1)
                                         _0248_ (net)
                  0.05    0.00    3.66 ^ _1722_/B (sky130_fd_sc_hd__nand2_1)
     2    0.05    0.38    0.31    3.97 v _1722_/Y (sky130_fd_sc_hd__nand2_1)
                                         m1_aw_addr[9] (net)
                  0.38    0.01    3.98 v interconnect_0/_0821_/D (sky130_fd_sc_hd__nor4_1)
     1    0.01    0.59    0.57    4.55 ^ interconnect_0/_0821_/Y (sky130_fd_sc_hd__nor4_1)
                                         interconnect_0/_0046_ (net)
                  0.59    0.00    4.55 ^ interconnect_0/_0822_/B (sky130_fd_sc_hd__nor2_1)
     6    0.02    0.19    0.23    4.77 v interconnect_0/_0822_/Y (sky130_fd_sc_hd__nor2_1)
                                         interconnect_0/_0047_ (net)
                  0.19    0.00    4.78 v interconnect_0/_0838_/A (sky130_fd_sc_hd__nor3_1)
     3    0.01    0.42    0.43    5.21 ^ interconnect_0/_0838_/Y (sky130_fd_sc_hd__nor3_1)
                                         interconnect_0/_0063_ (net)
                  0.42    0.00    5.21 ^ interconnect_0/_0873_/A1 (sky130_fd_sc_hd__a31oi_1)
     4    0.02    0.27    0.32    5.52 v interconnect_0/_0873_/Y (sky130_fd_sc_hd__a31oi_1)
                                         interconnect_0/_0098_ (net)
                  0.27    0.00    5.52 v interconnect_0/_0885_/A1 (sky130_fd_sc_hd__a21o_1)
     2    0.01    0.07    0.27    5.80 v interconnect_0/_0885_/X (sky130_fd_sc_hd__a21o_1)
                                         interconnect_0/_0110_ (net)
                  0.07    0.00    5.80 v interconnect_0/_0894_/C (sky130_fd_sc_hd__nor4_2)
     2    0.02    0.43    0.40    6.20 ^ interconnect_0/_0894_/Y (sky130_fd_sc_hd__nor4_2)
                                         interconnect_0/_0119_ (net)
                  0.43    0.00    6.20 ^ interconnect_0/_2483_/A2 (sky130_fd_sc_hd__a22o_1)
     1    0.01    0.08    0.23    6.43 ^ interconnect_0/_2483_/X (sky130_fd_sc_hd__a22o_1)
                                         s5_dr_ready (net)
                  0.08    0.00    6.43 ^ dot_0/_415_/D (sky130_fd_sc_hd__and4b_1)
     2    0.04    0.38    0.44    6.87 ^ dot_0/_415_/X (sky130_fd_sc_hd__and4b_1)
                                         dot_0/read_en_axi (net)
                  0.38    0.01    6.88 ^ dot_0/fifo_timer_r/_386_/B1_N (sky130_fd_sc_hd__a21bo_2)
     6    0.10    0.25    0.46    7.33 v dot_0/fifo_timer_r/_386_/X (sky130_fd_sc_hd__a21bo_2)
                                         dot_0/fifo_timer_r/_096_ (net)
                  0.25    0.03    7.36 v dot_0/fifo_timer_r/place29608/A (sky130_fd_sc_hd__buf_4)
     9    0.06    0.09    0.29    7.65 v dot_0/fifo_timer_r/place29608/X (sky130_fd_sc_hd__buf_4)
                                         dot_0/fifo_timer_r/net29607 (net)
                  0.09    0.00    7.66 v dot_0/fifo_timer_r/_463_/A (sky130_fd_sc_hd__nor3_1)
     1    0.02    0.68    0.60    8.25 ^ dot_0/fifo_timer_r/_463_/Y (sky130_fd_sc_hd__nor3_1)
                                         dot_0/fifo_read_data_axi[23] (net)
                  0.68    0.00    8.25 ^ dot_0/place29038/A (sky130_fd_sc_hd__buf_4)
     1    0.04    0.13    0.30    8.55 ^ dot_0/place29038/X (sky130_fd_sc_hd__buf_4)
                                         dot_0/net29037 (net)
                  0.13    0.01    8.56 ^ dot_0/_177_/A (sky130_fd_sc_hd__and2_1)
     1    0.01    0.12    0.19    8.76 ^ dot_0/_177_/X (sky130_fd_sc_hd__and2_1)
                                         s5_dr_data[23] (net)
                  0.12    0.00    8.76 ^ place28203/A (sky130_fd_sc_hd__buf_12)
     2    0.08    0.10    0.16    8.92 ^ place28203/X (sky130_fd_sc_hd__buf_12)
                                         net28202 (net)
                  0.11    0.02    8.94 ^ _2462_/A (sky130_fd_sc_hd__xnor2_1)
     1    0.01    0.14    0.10    9.04 v _2462_/Y (sky130_fd_sc_hd__xnor2_1)
                                         _0817_ (net)
                  0.14    0.00    9.04 v _2464_/A (sky130_fd_sc_hd__xnor2_1)
     1    0.00    0.07    0.17    9.21 v _2464_/Y (sky130_fd_sc_hd__xnor2_1)
                                         _0819_ (net)
                  0.07    0.00    9.21 v _2468_/A (sky130_fd_sc_hd__xnor2_1)
     1    0.01    0.35    0.33    9.54 ^ _2468_/Y (sky130_fd_sc_hd__xnor2_1)
                                         _0823_ (net)
                  0.35    0.00    9.54 ^ place25941/A (sky130_fd_sc_hd__buf_4)
     2    0.04    0.13    0.25    9.79 ^ place25941/X (sky130_fd_sc_hd__buf_4)
                                         net25940 (net)
                  0.13    0.01    9.80 ^ _2469_/C1 (sky130_fd_sc_hd__o211ai_1)
     2    0.01    0.10    0.13    9.93 v _2469_/Y (sky130_fd_sc_hd__o211ai_1)
                                         _0824_ (net)
                  0.10    0.00    9.93 v _2484_/A1 (sky130_fd_sc_hd__a211oi_1)
     1    0.01    0.30    0.30   10.23 ^ _2484_/Y (sky130_fd_sc_hd__a211oi_1)
                                         _0839_ (net)
                  0.30    0.00   10.23 ^ _2486_/B (sky130_fd_sc_hd__nor3b_2)
     1    0.01    0.09    0.11   10.34 v _2486_/Y (sky130_fd_sc_hd__nor3b_2)
                                         _0075_ (net)
                  0.09    0.00   10.34 v place25840/A (sky130_fd_sc_hd__buf_12)
     1    0.08    0.05    0.17   10.52 v place25840/X (sky130_fd_sc_hd__buf_12)
                                         net25839 (net)
                  0.07    0.02   10.54 v soc_obs[23]$_SDFF_PP0_/D (sky130_fd_sc_hd__dfxtp_1)
                                 10.54   data arrival time

                  0.15   10.00   10.00   clock clk1 (rise edge)
                          0.00   10.00   clock network delay (ideal)
                         -0.25    9.75   clock uncertainty
                          0.00    9.75   clock reconvergence pessimism
                                  9.75 ^ soc_obs[23]$_SDFF_PP0_/CLK (sky130_fd_sc_hd__dfxtp_1)
                         -0.10    9.65   library setup time
                                  9.65   data required time
-----------------------------------------------------------------------------
                                  9.65   data required time
                                -10.54   data arrival time
-----------------------------------------------------------------------------
                                 -0.88   slack (VIOLATED)


Startpoint: timer_0/fifo_timer_w/counter_2[2]$_SDFFE_PP0P_
            (rising edge-triggered flip-flop clocked by clk_s1)
Endpoint: timer_0/fifo_timer_r/mem[4][4]$_DFFE_PP_
          (rising edge-triggered flip-flop clocked by clk_s1)
Path Group: clk_s1
Path Type: max

Fanout     Cap    Slew   Delay    Time   Description
-----------------------------------------------------------------------------
                  0.15    0.00    0.00   clock clk_s1 (rise edge)
                          0.00    0.00   clock network delay (ideal)
                  0.15    0.00    0.00 ^ timer_0/fifo_timer_w/counter_2[2]$_SDFFE_PP0P_/CLK (sky130_fd_sc_hd__dfxtp_1)
    15    0.08    0.71    0.81    0.81 ^ timer_0/fifo_timer_w/counter_2[2]$_SDFFE_PP0P_/Q (sky130_fd_sc_hd__dfxtp_1)
                                         timer_0/fifo_timer_w/counter_2[2] (net)
                  0.71    0.00    0.81 ^ timer_0/fifo_timer_w/place31546/A (sky130_fd_sc_hd__buf_4)
    19    0.14    0.37    0.47    1.28 ^ timer_0/fifo_timer_w/place31546/X (sky130_fd_sc_hd__buf_4)
                                         timer_0/fifo_timer_w/net31545 (net)
                  0.37    0.00    1.29 ^ timer_0/fifo_timer_w/_888_/B (sky130_fd_sc_hd__ha_1)
     2    0.01    0.07    0.32    1.61 v timer_0/fifo_timer_w/_888_/SUM (sky130_fd_sc_hd__ha_1)
                                         timer_0/fifo_timer_w/counter_2_gray[1] (net)
                  0.07    0.00    1.61 v timer_0/fifo_timer_w/_447_/A (sky130_fd_sc_hd__xor2_1)
     1    0.01    0.08    0.19    1.80 v timer_0/fifo_timer_w/_447_/X (sky130_fd_sc_hd__xor2_1)
                                         timer_0/fifo_timer_w/_262_ (net)
                  0.08    0.00    1.80 v timer_0/fifo_timer_w/_450_/B (sky130_fd_sc_hd__nor4_4)
     6    0.02    0.34    0.37    2.17 ^ timer_0/fifo_timer_w/_450_/Y (sky130_fd_sc_hd__nor4_4)
                                         timer_0/fifo_timer_w/_265_ (net)
                  0.34    0.00    2.17 ^ timer_0/fifo_timer_w/_872_/A (sky130_fd_sc_hd__and2_1)
     2    0.03    0.30    0.36    2.54 ^ timer_0/fifo_timer_w/_872_/X (sky130_fd_sc_hd__and2_1)
                                         timer_0/fifo_empty (net)
                  0.30    0.00    2.54 ^ timer_0/_337_/A (sky130_fd_sc_hd__inv_1)
     6    0.02    0.14    0.18    2.72 v timer_0/_337_/Y (sky130_fd_sc_hd__inv_1)
                                         timer_0/addr_valid (net)
                  0.14    0.00    2.72 v timer_0/fifo_timer_w/_453_/B1_N (sky130_fd_sc_hd__a21bo_1)
    11    0.09    0.71    0.68    3.41 ^ timer_0/fifo_timer_w/_453_/X (sky130_fd_sc_hd__a21bo_1)
                                         timer_0/fifo_timer_w/_268_ (net)
                  0.71    0.00    3.41 ^ timer_0/fifo_timer_w/_535_/A (sky130_fd_sc_hd__nor3_2)
     1    0.01    0.14    0.15    3.56 v timer_0/fifo_timer_w/_535_/Y (sky130_fd_sc_hd__nor3_2)
                                         timer_0/fifo_data_read[32] (net)
                  0.14    0.00    3.56 v timer_0/timer_0/_0548_/B (sky130_fd_sc_hd__nor4b_1)
     2    0.01    0.40    0.43    4.00 ^ timer_0/timer_0/_0548_/Y (sky130_fd_sc_hd__nor4b_1)
                                         timer_0/timer_0/_0099_ (net)
                  0.40    0.00    4.00 ^ timer_0/timer_0/_0550_/B (sky130_fd_sc_hd__nand3b_1)
    13    0.07    0.69    0.64    4.63 v timer_0/timer_0/_0550_/Y (sky130_fd_sc_hd__nand3b_1)
                                         timer_0/timer_0/_0101_ (net)
                  0.69    0.01    4.64 v timer_0/timer_0/place29688/A (sky130_fd_sc_hd__buf_4)
    20    0.08    0.12    0.46    5.11 v timer_0/timer_0/place29688/X (sky130_fd_sc_hd__buf_4)
                                         timer_0/timer_0/net29687 (net)
                  0.12    0.00    5.11 v timer_0/timer_0/_0678_/A (sky130_fd_sc_hd__nor2_1)
    16    0.08    1.45    1.11    6.22 ^ timer_0/timer_0/_0678_/Y (sky130_fd_sc_hd__nor2_1)
                                         timer_0/data_out[4] (net)
                  1.45    0.02    6.23 ^ timer_0/fifo_timer_r/mem[4][4]$_DFFE_PP_/D (sky130_fd_sc_hd__edfxtp_1)
                                  6.23   data arrival time

                  0.15   25.00   25.00   clock clk_s1 (rise edge)
                          0.00   25.00   clock network delay (ideal)
                         -0.25   24.75   clock uncertainty
                          0.00   24.75   clock reconvergence pessimism
                                 24.75 ^ timer_0/fifo_timer_r/mem[4][4]$_DFFE_PP_/CLK (sky130_fd_sc_hd__edfxtp_1)
                         -0.39   24.36   library setup time
                                 24.36   data required time
-----------------------------------------------------------------------------
                                 24.36   data required time
                                 -6.23   data arrival time
-----------------------------------------------------------------------------
                                 18.13   slack (MET)


Startpoint: timer_clk_div/clk_div[0]$_SDFF_PP0_/Q
            (clock source 'timer_clk_div_clk_div2')
Endpoint: timer_clk_div/clk_div[1]$_SDFF_PP0_
          (rising edge-triggered flip-flop clocked by clk_s1_gate)
Path Group: clk_s1_gate
Path Type: max

Fanout     Cap    Slew   Delay    Time   Description
-----------------------------------------------------------------------------
                  0.15   25.00   25.00   clock timer_clk_div_clk_div2 (fall edge)
     3    0.01    0.04    0.00   25.00 v timer_clk_div/clk_div[0]$_SDFF_PP0_/Q (sky130_fd_sc_hd__dfxtp_1)
                                         timer_clk_div/clk_div2 (net)
                  0.04    0.00   25.00 v timer_clk_div/_11_/A (sky130_fd_sc_hd__ha_1)
     1    0.00    0.04    0.27   25.27 v timer_clk_div/_11_/SUM (sky130_fd_sc_hd__ha_1)
                                         timer_clk_div/_01_ (net)
                  0.04    0.00   25.27 v timer_clk_div/_06_/B_N (sky130_fd_sc_hd__nor2b_1)
     1    0.00    0.05    0.12   25.39 v timer_clk_div/_06_/Y (sky130_fd_sc_hd__nor2b_1)
                                         timer_clk_div/_02_ (net)
                  0.05    0.00   25.39 v timer_clk_div/clk_div[1]$_SDFF_PP0_/D (sky130_fd_sc_hd__dfxtp_1)
                                 25.39   data arrival time

                  0.15   50.00   50.00   clock clk_s1_gate (rise edge)
                          0.00   50.00   clock network delay (ideal)
                         -0.25   49.75   clock uncertainty
                          0.00   49.75   clock reconvergence pessimism
                                 49.75 ^ timer_clk_div/clk_div[1]$_SDFF_PP0_/CLK (sky130_fd_sc_hd__dfxtp_1)
                         -0.09   49.66   library setup time
                                 49.66   data required time
-----------------------------------------------------------------------------
                                 49.66   data required time
                                -25.39   data arrival time
-----------------------------------------------------------------------------
                                 24.27   slack (MET)


Startpoint: gpio_0/fifo_timer_w/counter_2[2]$_SDFFE_PP0P_
            (rising edge-triggered flip-flop clocked by clk_s2)
Endpoint: gpio_0/fifo_timer_r/mem[10][17]$_DFFE_PP_
          (rising edge-triggered flip-flop clocked by clk_s2)
Path Group: clk_s2
Path Type: max

Fanout     Cap    Slew   Delay    Time   Description
-----------------------------------------------------------------------------
                  0.15    0.00    0.00   clock clk_s2 (rise edge)
                          0.00    0.00   clock network delay (ideal)
                  0.15    0.00    0.00 ^ gpio_0/fifo_timer_w/counter_2[2]$_SDFFE_PP0P_/CLK (sky130_fd_sc_hd__dfxtp_1)
     9    0.06    0.56    0.70    0.70 ^ gpio_0/fifo_timer_w/counter_2[2]$_SDFFE_PP0P_/Q (sky130_fd_sc_hd__dfxtp_1)
                                         gpio_0/fifo_timer_w/counter_2[2] (net)
                  0.56    0.00    0.70 ^ gpio_0/fifo_timer_w/_888_/B (sky130_fd_sc_hd__ha_1)
     2    0.01    0.10    0.38    1.08 v gpio_0/fifo_timer_w/_888_/SUM (sky130_fd_sc_hd__ha_1)
                                         gpio_0/fifo_timer_w/counter_2_gray[1] (net)
                  0.10    0.00    1.09 v gpio_0/fifo_timer_w/_447_/A (sky130_fd_sc_hd__xor2_1)
     1    0.01    0.08    0.20    1.29 v gpio_0/fifo_timer_w/_447_/X (sky130_fd_sc_hd__xor2_1)
                                         gpio_0/fifo_timer_w/_262_ (net)
                  0.08    0.00    1.29 v gpio_0/fifo_timer_w/_450_/B (sky130_fd_sc_hd__nor4_4)
     6    0.03    0.48    0.48    1.77 ^ gpio_0/fifo_timer_w/_450_/Y (sky130_fd_sc_hd__nor4_4)
                                         gpio_0/fifo_timer_w/_265_ (net)
                  0.48    0.00    1.77 ^ gpio_0/fifo_timer_w/_872_/A (sky130_fd_sc_hd__and2_1)
     2    0.04    0.40    0.45    2.23 ^ gpio_0/fifo_timer_w/_872_/X (sky130_fd_sc_hd__and2_1)
                                         gpio_0/fifo_empty (net)
                  0.40    0.00    2.23 ^ gpio_0/_335_/A (sky130_fd_sc_hd__inv_1)
     8    0.08    0.38    0.43    2.66 v gpio_0/_335_/Y (sky130_fd_sc_hd__inv_1)
                                         gpio_0/addr_valid (net)
                  0.38    0.00    2.66 v gpio_0/fifo_timer_w/_453_/B1_N (sky130_fd_sc_hd__a21bo_1)
    10    0.09    0.76    0.80    3.46 ^ gpio_0/fifo_timer_w/_453_/X (sky130_fd_sc_hd__a21bo_1)
                                         gpio_0/fifo_timer_w/_268_ (net)
                  0.76    0.01    3.47 ^ gpio_0/fifo_timer_w/_479_/A (sky130_fd_sc_hd__nor3_2)
     5    0.05    0.25    0.31    3.78 v gpio_0/fifo_timer_w/_479_/Y (sky130_fd_sc_hd__nor3_2)
                                         gpio_0/fifo_data_read[38] (net)
                  0.25    0.01    3.79 v gpio_0/gpio_0/_2050_/A (sky130_fd_sc_hd__nor4_4)
    13    0.07    1.00    0.95    4.74 ^ gpio_0/gpio_0/_2050_/Y (sky130_fd_sc_hd__nor4_4)
                                         gpio_0/gpio_0/_0714_ (net)
                  1.00    0.00    4.74 ^ gpio_0/gpio_0/_2052_/B (sky130_fd_sc_hd__nand3_1)
    13    0.06    0.64    0.74    5.49 v gpio_0/gpio_0/_2052_/Y (sky130_fd_sc_hd__nand3_1)
                                         gpio_0/gpio_0/_0716_ (net)
                  0.64    0.00    5.49 v gpio_0/gpio_0/place29931/A (sky130_fd_sc_hd__buf_4)
    20    0.11    0.14    0.47    5.96 v gpio_0/gpio_0/place29931/X (sky130_fd_sc_hd__buf_4)
                                         gpio_0/gpio_0/net29930 (net)
                  0.14    0.01    5.97 v gpio_0/gpio_0/_2223_/B1 (sky130_fd_sc_hd__a31oi_1)
     1    0.01    0.29    0.29    6.26 ^ gpio_0/gpio_0/_2223_/Y (sky130_fd_sc_hd__a31oi_1)
                                         gpio_0/gpio_0/_0874_ (net)
                  0.29    0.00    6.26 ^ gpio_0/gpio_0/_2224_/B1 (sky130_fd_sc_hd__a21o_1)
    16    0.09    0.78    0.64    6.90 ^ gpio_0/gpio_0/_2224_/X (sky130_fd_sc_hd__a21o_1)
                                         gpio_0/data_out[17] (net)
                  0.78    0.02    6.92 ^ gpio_0/fifo_timer_r/mem[10][17]$_DFFE_PP_/D (sky130_fd_sc_hd__edfxtp_1)
                                  6.92   data arrival time

                  0.15   20.00   20.00   clock clk_s2 (rise edge)
                          0.00   20.00   clock network delay (ideal)
                         -0.25   19.75   clock uncertainty
                          0.00   19.75   clock reconvergence pessimism
                                 19.75 ^ gpio_0/fifo_timer_r/mem[10][17]$_DFFE_PP_/CLK (sky130_fd_sc_hd__edfxtp_1)
                         -0.29   19.46   library setup time
                                 19.46   data required time
-----------------------------------------------------------------------------
                                 19.46   data required time
                                 -6.92   data arrival time
-----------------------------------------------------------------------------
                                 12.54   slack (MET)


Startpoint: gpio_clk_div/clk_div[0]$_SDFF_PP0_/Q
            (clock source 'gpio_clk_div_clk_div2')
Endpoint: gpio_clk_div/clk_div[1]$_SDFF_PP0_
          (rising edge-triggered flip-flop clocked by clk_s2_gate)
Path Group: clk_s2_gate
Path Type: max

Fanout     Cap    Slew   Delay    Time   Description
-----------------------------------------------------------------------------
                  0.15   20.00   20.00   clock gpio_clk_div_clk_div2 (fall edge)
     3    0.01    0.04    0.00   20.00 v gpio_clk_div/clk_div[0]$_SDFF_PP0_/Q (sky130_fd_sc_hd__dfxtp_1)
                                         gpio_clk_div/clk_div2 (net)
                  0.04    0.00   20.00 v gpio_clk_div/_11_/A (sky130_fd_sc_hd__ha_1)
     1    0.00    0.04    0.27   20.27 v gpio_clk_div/_11_/SUM (sky130_fd_sc_hd__ha_1)
                                         gpio_clk_div/_01_ (net)
                  0.04    0.00   20.27 v gpio_clk_div/_06_/B_N (sky130_fd_sc_hd__nor2b_1)
     1    0.00    0.06    0.12   20.39 v gpio_clk_div/_06_/Y (sky130_fd_sc_hd__nor2b_1)
                                         gpio_clk_div/_02_ (net)
                  0.06    0.00   20.39 v gpio_clk_div/clk_div[1]$_SDFF_PP0_/D (sky130_fd_sc_hd__dfxtp_1)
                                 20.39   data arrival time

                  0.15   40.00   40.00   clock clk_s2_gate (rise edge)
                          0.00   40.00   clock network delay (ideal)
                         -0.25   39.75   clock uncertainty
                          0.00   39.75   clock reconvergence pessimism
                                 39.75 ^ gpio_clk_div/clk_div[1]$_SDFF_PP0_/CLK (sky130_fd_sc_hd__dfxtp_1)
                         -0.09   39.66   library setup time
                                 39.66   data required time
-----------------------------------------------------------------------------
                                 39.66   data required time
                                -20.39   data arrival time
-----------------------------------------------------------------------------
                                 19.27   slack (MET)


Startpoint: processor_0/pipeline_ex_mem/alu_out_out[29]$_SDFFE_PP0N_
            (rising edge-triggered flip-flop clocked by clk1)
Endpoint: dma_config_0/dma_0/buffer_dma[24]$_SDFFE_PP0P_
          (rising edge-triggered flip-flop clocked by clk_s3)
Path Group: clk_s3
Path Type: max

Fanout     Cap    Slew   Delay    Time   Description
-----------------------------------------------------------------------------
                  0.15    0.00    0.00   clock clk1 (rise edge)
                          0.00    0.00   clock network delay (ideal)
                  0.15    0.00    0.00 ^ processor_0/pipeline_ex_mem/alu_out_out[29]$_SDFFE_PP0N_/CLK (sky130_fd_sc_hd__dfxtp_1)
     2    0.12    1.10    1.07    1.07 ^ processor_0/pipeline_ex_mem/alu_out_out[29]$_SDFFE_PP0N_/Q (sky130_fd_sc_hd__dfxtp_1)
                                         addr_m_axi[29] (net)
                  1.10    0.00    1.08 ^ _1528_/C (sky130_fd_sc_hd__and4b_1)
     2    0.10    0.95    0.96    2.04 ^ _1528_/X (sky130_fd_sc_hd__and4b_1)
                                         _0108_ (net)
                  0.95    0.03    2.07 ^ _1542_/C (sky130_fd_sc_hd__and4_1)
     4    0.08    0.75    0.82    2.89 ^ _1542_/X (sky130_fd_sc_hd__and4_1)
                                         _0121_ (net)
                  0.76    0.02    2.91 ^ _1546_/A (sky130_fd_sc_hd__nand2_1)
     1    0.01    0.19    0.21    3.12 v _1546_/Y (sky130_fd_sc_hd__nand2_1)
                                         _0125_ (net)
                  0.19    0.00    3.12 v place32189/A (sky130_fd_sc_hd__buf_12)
    19    0.11    0.07    0.22    3.34 v place32189/X (sky130_fd_sc_hd__buf_12)
                                         net32188 (net)
                  0.08    0.02    3.36 v place32188/A (sky130_fd_sc_hd__buf_4)
    17    0.07    0.09    0.21    3.58 v place32188/X (sky130_fd_sc_hd__buf_4)
                                         net32187 (net)
                  0.09    0.00    3.58 v _1721_/B (sky130_fd_sc_hd__nand2_1)
     1    0.00    0.05    0.08    3.66 ^ _1721_/Y (sky130_fd_sc_hd__nand2_1)
                                         _0248_ (net)
                  0.05    0.00    3.66 ^ _1722_/B (sky130_fd_sc_hd__nand2_1)
     2    0.05    0.38    0.31    3.97 v _1722_/Y (sky130_fd_sc_hd__nand2_1)
                                         m1_aw_addr[9] (net)
                  0.38    0.01    3.98 v interconnect_0/_0821_/D (sky130_fd_sc_hd__nor4_1)
     1    0.01    0.59    0.57    4.55 ^ interconnect_0/_0821_/Y (sky130_fd_sc_hd__nor4_1)
                                         interconnect_0/_0046_ (net)
                  0.59    0.00    4.55 ^ interconnect_0/_0822_/B (sky130_fd_sc_hd__nor2_1)
     6    0.02    0.19    0.23    4.77 v interconnect_0/_0822_/Y (sky130_fd_sc_hd__nor2_1)
                                         interconnect_0/_0047_ (net)
                  0.19    0.00    4.78 v interconnect_0/_0838_/A (sky130_fd_sc_hd__nor3_1)
     3    0.01    0.42    0.43    5.21 ^ interconnect_0/_0838_/Y (sky130_fd_sc_hd__nor3_1)
                                         interconnect_0/_0063_ (net)
                  0.42    0.00    5.21 ^ interconnect_0/_0873_/A1 (sky130_fd_sc_hd__a31oi_1)
     4    0.02    0.27    0.32    5.52 v interconnect_0/_0873_/Y (sky130_fd_sc_hd__a31oi_1)
                                         interconnect_0/_0098_ (net)
                  0.27    0.00    5.52 v interconnect_0/_0885_/A1 (sky130_fd_sc_hd__a21o_1)
     2    0.01    0.07    0.27    5.80 v interconnect_0/_0885_/X (sky130_fd_sc_hd__a21o_1)
                                         interconnect_0/_0110_ (net)
                  0.07    0.00    5.80 v interconnect_0/_0894_/C (sky130_fd_sc_hd__nor4_2)
     2    0.02    0.43    0.40    6.20 ^ interconnect_0/_0894_/Y (sky130_fd_sc_hd__nor4_2)
                                         interconnect_0/_0119_ (net)
                  0.43    0.00    6.20 ^ interconnect_0/_2483_/A2 (sky130_fd_sc_hd__a22o_1)
     1    0.01    0.08    0.23    6.43 ^ interconnect_0/_2483_/X (sky130_fd_sc_hd__a22o_1)
                                         s5_dr_ready (net)
                  0.08    0.00    6.43 ^ dot_0/_415_/D (sky130_fd_sc_hd__and4b_1)
     2    0.04    0.38    0.44    6.87 ^ dot_0/_415_/X (sky130_fd_sc_hd__and4b_1)
                                         dot_0/read_en_axi (net)
                  0.38    0.01    6.88 ^ dot_0/fifo_timer_r/_386_/B1_N (sky130_fd_sc_hd__a21bo_2)
     6    0.10    0.25    0.46    7.33 v dot_0/fifo_timer_r/_386_/X (sky130_fd_sc_hd__a21bo_2)
                                         dot_0/fifo_timer_r/_096_ (net)
                  0.25    0.03    7.36 v dot_0/fifo_timer_r/place29609/A (sky130_fd_sc_hd__buf_4)
     9    0.07    0.10    0.30    7.66 v dot_0/fifo_timer_r/place29609/X (sky130_fd_sc_hd__buf_4)
                                         dot_0/fifo_timer_r/net29608 (net)
                  0.10    0.00    7.66 v dot_0/fifo_timer_r/_456_/A (sky130_fd_sc_hd__nor3_1)
     1    0.02    0.64    0.57    8.23 ^ dot_0/fifo_timer_r/_456_/Y (sky130_fd_sc_hd__nor3_1)
                                         dot_0/fifo_read_data_axi[24] (net)
                  0.64    0.00    8.23 ^ dot_0/_176_/A (sky130_fd_sc_hd__and2_1)
     1    0.00    0.07    0.23    8.46 ^ dot_0/_176_/X (sky130_fd_sc_hd__and2_1)
                                         s5_dr_data[24] (net)
                  0.07    0.00    8.46 ^ place28205/A (sky130_fd_sc_hd__buf_4)
     2    0.12    0.33    0.31    8.77 ^ place28205/X (sky130_fd_sc_hd__buf_4)
                                         net28204 (net)
                  0.34    0.05    8.82 ^ interconnect_0/place28204/A (sky130_fd_sc_hd__buf_4)
     2    0.04    0.12    0.25    9.07 ^ interconnect_0/place28204/X (sky130_fd_sc_hd__buf_4)
                                         interconnect_0/net28203 (net)
                  0.12    0.01    9.07 ^ interconnect_0/_1295_/B2 (sky130_fd_sc_hd__a22oi_1)
     1    0.01    0.13    0.11    9.18 v interconnect_0/_1295_/Y (sky130_fd_sc_hd__a22oi_1)
                                         interconnect_0/_0482_ (net)
                  0.13    0.00    9.18 v interconnect_0/_1296_/C (sky130_fd_sc_hd__nand3_1)
     1    0.01    0.13    0.16    9.34 ^ interconnect_0/_1296_/Y (sky130_fd_sc_hd__nand3_1)
                                         m2_dr_data[24] (net)
                  0.13    0.00    9.34 ^ dma_config_0/dma_0/_2024_/A1 (sky130_fd_sc_hd__mux2i_1)
     1    0.00    0.09    0.09    9.43 v dma_config_0/dma_0/_2024_/Y (sky130_fd_sc_hd__mux2i_1)
                                         dma_config_0/dma_0/_0485_ (net)
                  0.09    0.00    9.43 v dma_config_0/dma_0/_2025_/B (sky130_fd_sc_hd__nor2_1)
     1    0.00    0.08    0.09    9.53 ^ dma_config_0/dma_0/_2025_/Y (sky130_fd_sc_hd__nor2_1)
                                         dma_config_0/dma_0/_0053_ (net)
                  0.08    0.00    9.53 ^ dma_config_0/dma_0/buffer_dma[24]$_SDFFE_PP0P_/D (sky130_fd_sc_hd__dfxtp_1)
                                  9.53   data arrival time

                  0.15   10.00   10.00   clock clk_s3 (rise edge)
                          0.00   10.00   clock network delay (ideal)
                         -0.25    9.75   clock uncertainty
                          0.00    9.75   clock reconvergence pessimism
                                  9.75 ^ dma_config_0/dma_0/buffer_dma[24]$_SDFFE_PP0P_/CLK (sky130_fd_sc_hd__dfxtp_1)
                         -0.05    9.70   library setup time
                                  9.70   data required time
-----------------------------------------------------------------------------
                                  9.70   data required time
                                 -9.53   data arrival time
-----------------------------------------------------------------------------
                                  0.18   slack (MET)


Startpoint: uart_0/fifo_uart_w/counter_2[2]$_SDFFE_PP0P_
            (rising edge-triggered flip-flop clocked by clk_s4)
Endpoint: uart_0/fifo_uart_r/mem[11][24]$_DFFE_PP_
          (rising edge-triggered flip-flop clocked by clk_s4)
Path Group: clk_s4
Path Type: max

Fanout     Cap    Slew   Delay    Time   Description
-----------------------------------------------------------------------------
                  0.15    0.00    0.00   clock clk_s4 (rise edge)
                          0.00    0.00   clock network delay (ideal)
                  0.15    0.00    0.00 ^ uart_0/fifo_uart_w/counter_2[2]$_SDFFE_PP0P_/CLK (sky130_fd_sc_hd__dfxtp_1)
    12    0.07    0.65    0.77    0.77 ^ uart_0/fifo_uart_w/counter_2[2]$_SDFFE_PP0P_/Q (sky130_fd_sc_hd__dfxtp_1)
                                         uart_0/fifo_uart_w/counter_2[2] (net)
                  0.65    0.00    0.77 ^ uart_0/fifo_uart_w/place31525/A (sky130_fd_sc_hd__buf_4)
    20    0.14    0.37    0.47    1.24 ^ uart_0/fifo_uart_w/place31525/X (sky130_fd_sc_hd__buf_4)
                                         uart_0/fifo_uart_w/net31524 (net)
                  0.37    0.00    1.25 ^ uart_0/fifo_uart_w/_888_/B (sky130_fd_sc_hd__ha_1)
     2    0.01    0.10    0.35    1.60 v uart_0/fifo_uart_w/_888_/SUM (sky130_fd_sc_hd__ha_1)
                                         uart_0/fifo_uart_w/counter_2_gray[1] (net)
                  0.10    0.00    1.60 v uart_0/fifo_uart_w/_447_/A (sky130_fd_sc_hd__xor2_1)
     1    0.01    0.10    0.21    1.81 v uart_0/fifo_uart_w/_447_/X (sky130_fd_sc_hd__xor2_1)
                                         uart_0/fifo_uart_w/_262_ (net)
                  0.10    0.00    1.81 v uart_0/fifo_uart_w/_450_/B (sky130_fd_sc_hd__nor4_4)
     6    0.02    0.35    0.39    2.21 ^ uart_0/fifo_uart_w/_450_/Y (sky130_fd_sc_hd__nor4_4)
                                         uart_0/fifo_uart_w/_265_ (net)
                  0.35    0.00    2.21 ^ uart_0/fifo_uart_w/_872_/A (sky130_fd_sc_hd__and2_1)
     2    0.04    0.39    0.43    2.64 ^ uart_0/fifo_uart_w/_872_/X (sky130_fd_sc_hd__and2_1)
                                         uart_0/fifo_empty (net)
                  0.39    0.00    2.64 ^ uart_0/_335_/A (sky130_fd_sc_hd__inv_1)
    11    0.04    0.22    0.28    2.92 v uart_0/_335_/Y (sky130_fd_sc_hd__inv_1)
                                         uart_0/addr_valid (net)
                  0.22    0.00    2.92 v uart_0/fifo_uart_w/_453_/B1_N (sky130_fd_sc_hd__a21bo_1)
    12    0.08    0.65    0.68    3.59 ^ uart_0/fifo_uart_w/_453_/X (sky130_fd_sc_hd__a21bo_1)
                                         uart_0/fifo_uart_w/_268_ (net)
                  0.65    0.01    3.60 ^ uart_0/fifo_uart_w/_479_/A (sky130_fd_sc_hd__nor3_2)
     1    0.01    0.14    0.15    3.75 v uart_0/fifo_uart_w/_479_/Y (sky130_fd_sc_hd__nor3_2)
                                         uart_0/fifo_data_read[38] (net)
                  0.14    0.00    3.76 v uart_0/uart_0/_0682_/A (sky130_fd_sc_hd__or4_1)
     1    0.02    0.17    0.66    4.41 v uart_0/uart_0/_0682_/X (sky130_fd_sc_hd__or4_1)
                                         uart_0/uart_0/_0192_ (net)
                  0.17    0.00    4.41 v uart_0/uart_0/_0683_/C (sky130_fd_sc_hd__nor3_1)
     1    0.01    0.38    0.35    4.76 ^ uart_0/uart_0/_0683_/Y (sky130_fd_sc_hd__nor3_1)
                                         uart_0/uart_0/_0193_ (net)
                  0.38    0.00    4.77 ^ uart_0/uart_0/place29687/A (sky130_fd_sc_hd__buf_4)
     9    0.04    0.12    0.25    5.02 ^ uart_0/uart_0/place29687/X (sky130_fd_sc_hd__buf_4)
                                         uart_0/uart_0/net29686 (net)
                  0.12    0.00    5.02 ^ uart_0/uart_0/_0686_/C (sky130_fd_sc_hd__and3_1)
    12    0.05    0.52    0.51    5.53 ^ uart_0/uart_0/_0686_/X (sky130_fd_sc_hd__and3_1)
                                         uart_0/uart_0/_0196_ (net)
                  0.52    0.00    5.53 ^ uart_0/uart_0/place29172/A (sky130_fd_sc_hd__buf_4)
    18    0.09    0.24    0.36    5.89 ^ uart_0/uart_0/place29172/X (sky130_fd_sc_hd__buf_4)
                                         uart_0/uart_0/net29171 (net)
                  0.24    0.00    5.90 ^ uart_0/uart_0/_1369_/A2 (sky130_fd_sc_hd__a22oi_1)
     1    0.03    0.24    0.27    6.17 v uart_0/uart_0/_1369_/Y (sky130_fd_sc_hd__a22oi_1)
                                         uart_0/uart_0/_0185_ (net)
                  0.24    0.00    6.17 v uart_0/uart_0/_1370_/B (sky130_fd_sc_hd__nor2_1)
    16    0.09    1.56    1.22    7.39 ^ uart_0/uart_0/_1370_/Y (sky130_fd_sc_hd__nor2_1)
                                         uart_0/data_out[24] (net)
                  1.56    0.02    7.41 ^ uart_0/fifo_uart_r/mem[11][24]$_DFFE_PP_/D (sky130_fd_sc_hd__edfxtp_1)
                                  7.41   data arrival time

                  0.15   40.00   40.00   clock clk_s4 (rise edge)
                          0.00   40.00   clock network delay (ideal)
                         -0.25   39.75   clock uncertainty
                          0.00   39.75   clock reconvergence pessimism
                                 39.75 ^ uart_0/fifo_uart_r/mem[11][24]$_DFFE_PP_/CLK (sky130_fd_sc_hd__edfxtp_1)
                         -0.40   39.35   library setup time
                                 39.35   data required time
-----------------------------------------------------------------------------
                                 39.35   data required time
                                 -7.41   data arrival time
-----------------------------------------------------------------------------
                                 31.94   slack (MET)


Startpoint: uart_clk_div/clk_div[0]$_SDFF_PP0_/Q
            (clock source 'uart_clk_div_clk_div2')
Endpoint: uart_clk_div/clk_div[1]$_SDFF_PP0_
          (rising edge-triggered flip-flop clocked by clk_s4_gate)
Path Group: clk_s4_gate
Path Type: max

Fanout     Cap    Slew   Delay    Time   Description
-----------------------------------------------------------------------------
                  0.15   40.00   40.00   clock uart_clk_div_clk_div2 (fall edge)
     3    0.01    0.04    0.00   40.00 v uart_clk_div/clk_div[0]$_SDFF_PP0_/Q (sky130_fd_sc_hd__dfxtp_1)
                                         uart_clk_div/clk_div2 (net)
                  0.04    0.00   40.00 v uart_clk_div/_11_/A (sky130_fd_sc_hd__ha_1)
     1    0.00    0.04    0.27   40.27 v uart_clk_div/_11_/SUM (sky130_fd_sc_hd__ha_1)
                                         uart_clk_div/_01_ (net)
                  0.04    0.00   40.27 v uart_clk_div/_06_/B_N (sky130_fd_sc_hd__nor2b_1)
     1    0.00    0.05    0.12   40.39 v uart_clk_div/_06_/Y (sky130_fd_sc_hd__nor2b_1)
                                         uart_clk_div/_02_ (net)
                  0.05    0.00   40.39 v uart_clk_div/clk_div[1]$_SDFF_PP0_/D (sky130_fd_sc_hd__dfxtp_1)
                                 40.39   data arrival time

                  0.15   80.00   80.00   clock clk_s4_gate (rise edge)
                          0.00   80.00   clock network delay (ideal)
                         -0.25   79.75   clock uncertainty
                          0.00   79.75   clock reconvergence pessimism
                                 79.75 ^ uart_clk_div/clk_div[1]$_SDFF_PP0_/CLK (sky130_fd_sc_hd__dfxtp_1)
                         -0.09   79.66   library setup time
                                 79.66   data required time
-----------------------------------------------------------------------------
                                 79.66   data required time
                                -40.39   data arrival time
-----------------------------------------------------------------------------
                                 39.27   slack (MET)


Startpoint: dot_0/fifo_timer_r/counter_1[1]$_SDFFE_PP0P_
            (rising edge-triggered flip-flop clocked by clk_s5)
Endpoint: dot_0/fifo_timer_r/mem[3][2]$_DFFE_PP_
          (rising edge-triggered flip-flop clocked by clk_s5)
Path Group: clk_s5
Path Type: max

Fanout     Cap    Slew   Delay    Time   Description
-----------------------------------------------------------------------------
                  0.15    0.00    0.00   clock clk_s5 (rise edge)
                          0.00    0.00   clock network delay (ideal)
                  0.15    0.00    0.00 ^ dot_0/fifo_timer_r/counter_1[1]$_SDFFE_PP0P_/CLK (sky130_fd_sc_hd__dfxtp_1)
     3    0.01    0.11    0.39    0.39 ^ dot_0/fifo_timer_r/counter_1[1]$_SDFFE_PP0P_/Q (sky130_fd_sc_hd__dfxtp_1)
                                         dot_0/fifo_timer_r/counter_1[1] (net)
                  0.11    0.00    0.39 ^ dot_0/fifo_timer_r/_720_/A (sky130_fd_sc_hd__inv_1)
     2    0.01    0.05    0.07    0.46 v dot_0/fifo_timer_r/_720_/Y (sky130_fd_sc_hd__inv_1)
                                         dot_0/fifo_timer_r/_011_ (net)
                  0.05    0.00    0.46 v dot_0/fifo_timer_r/_750_/B (sky130_fd_sc_hd__ha_1)
     2    0.01    0.08    0.31    0.77 v dot_0/fifo_timer_r/_750_/SUM (sky130_fd_sc_hd__ha_1)
                                         dot_0/fifo_timer_r/counter_1_gray[0] (net)
                  0.08    0.00    0.77 v dot_0/fifo_timer_r/_651_/A (sky130_fd_sc_hd__xor2_1)
     1    0.01    0.26    0.27    1.04 ^ dot_0/fifo_timer_r/_651_/X (sky130_fd_sc_hd__xor2_1)
                                         dot_0/fifo_timer_r/_325_ (net)
                  0.26    0.00    1.04 ^ dot_0/fifo_timer_r/_654_/B (sky130_fd_sc_hd__nor4_4)
     2    0.01    0.07    0.08    1.12 v dot_0/fifo_timer_r/_654_/Y (sky130_fd_sc_hd__nor4_4)
                                         dot_0/fifo_timer_r/_328_ (net)
                  0.07    0.00    1.12 v dot_0/fifo_timer_r/_730_/A (sky130_fd_sc_hd__and2_1)
     1    0.01    0.07    0.18    1.30 v dot_0/fifo_timer_r/_730_/X (sky130_fd_sc_hd__and2_1)
                                         dot_0/fifo_full (net)
                  0.07    0.00    1.30 v dot_0/place30661/A (sky130_fd_sc_hd__buf_12)
     1    0.05    0.04    0.15    1.45 v dot_0/place30661/X (sky130_fd_sc_hd__buf_12)
                                         dot_0/net30660 (net)
                  0.05    0.01    1.46 v dot_0/_416_/C (sky130_fd_sc_hd__nor3_2)
     2    0.01    0.16    0.13    1.59 ^ dot_0/_416_/Y (sky130_fd_sc_hd__nor3_2)
                                         dot_0/r_en_1 (net)
                  0.16    0.00    1.59 ^ dot_0/fifo_timer_w1/place30524/A (sky130_fd_sc_hd__buf_4)
     2    0.02    0.08    0.17    1.77 ^ dot_0/fifo_timer_w1/place30524/X (sky130_fd_sc_hd__buf_4)
                                         dot_0/fifo_timer_w1/net30523 (net)
                  0.08    0.00    1.77 ^ dot_0/fifo_timer_w1/_386_/B1_N (sky130_fd_sc_hd__a21bo_2)
     6    0.05    0.12    0.32    2.09 v dot_0/fifo_timer_w1/_386_/X (sky130_fd_sc_hd__a21bo_2)
                                         dot_0/fifo_timer_w1/_096_ (net)
                  0.12    0.00    2.09 v dot_0/fifo_timer_w1/place30448/A (sky130_fd_sc_hd__buf_4)
     2    0.01    0.03    0.17    2.26 v dot_0/fifo_timer_w1/place30448/X (sky130_fd_sc_hd__buf_4)
                                         dot_0/fifo_timer_w1/net30447 (net)
                  0.03    0.00    2.26 v dot_0/fifo_timer_w1/place30447/A (sky130_fd_sc_hd__buf_4)
     2    0.01    0.03    0.13    2.39 v dot_0/fifo_timer_w1/place30447/X (sky130_fd_sc_hd__buf_4)
                                         dot_0/fifo_timer_w1/net30446 (net)
                  0.03    0.00    2.39 v dot_0/fifo_timer_w1/_534_/A (sky130_fd_sc_hd__nor3_1)
     1    0.04    1.01    0.81    3.20 ^ dot_0/fifo_timer_w1/_534_/Y (sky130_fd_sc_hd__nor3_1)
                                         dot_0/fifo_data_read_1[14] (net)
                  1.01    0.00    3.20 ^ dot_0/fp4_dot_0/fp4_3/place30262/A (sky130_fd_sc_hd__buf_4)
     2    0.02    0.09    0.29    3.49 ^ dot_0/fp4_dot_0/fp4_3/place30262/X (sky130_fd_sc_hd__buf_4)
                                         dot_0/fp4_dot_0/fp4_3/net30261 (net)
                  0.09    0.00    3.49 ^ dot_0/fp4_dot_0/fp4_3/_57_/A (sky130_fd_sc_hd__inv_1)
     1    0.00    0.03    0.05    3.54 v dot_0/fp4_dot_0/fp4_3/_57_/Y (sky130_fd_sc_hd__inv_1)
                                         dot_0/fp4_dot_0/fp4_3/_05_ (net)
                  0.03    0.00    3.54 v dot_0/fp4_dot_0/fp4_3/_76_/B (sky130_fd_sc_hd__ha_1)
     2    0.01    0.06    0.19    3.73 v dot_0/fp4_dot_0/fp4_3/_76_/COUT (sky130_fd_sc_hd__ha_1)
                                         dot_0/fp4_dot_0/fp4_3/_06_ (net)
                  0.06    0.00    3.73 v dot_0/fp4_dot_0/fp4_3/_48_/B (sky130_fd_sc_hd__nor2_1)
     1    0.01    0.15    0.15    3.88 ^ dot_0/fp4_dot_0/fp4_3/_48_/Y (sky130_fd_sc_hd__nor2_1)
                                         dot_0/fp4_dot_0/fp4_3/expa[0] (net)
                  0.15    0.00    3.88 ^ dot_0/fp4_dot_0/fp4_3/_83_/A (sky130_fd_sc_hd__ha_1)
     1    0.01    0.07    0.18    4.06 ^ dot_0/fp4_dot_0/fp4_3/_83_/COUT (sky130_fd_sc_hd__ha_1)
                                         dot_0/fp4_dot_0/fp4_3/_33_ (net)
                  0.07    0.00    4.06 ^ dot_0/fp4_dot_0/fp4_3/_75_/CIN (sky130_fd_sc_hd__fa_1)
     2    0.01    0.09    0.43    4.49 v dot_0/fp4_dot_0/fp4_3/_75_/SUM (sky130_fd_sc_hd__fa_1)
                                         dot_0/fp4_dot_0/fp4_3/sum1[1] (net)
                  0.09    0.00    4.49 v dot_0/fp4_dot_0/fp4_3/_46_/A (sky130_fd_sc_hd__inv_1)
     1    0.00    0.05    0.07    4.57 ^ dot_0/fp4_dot_0/fp4_3/_46_/Y (sky130_fd_sc_hd__inv_1)
                                         dot_0/fp4_dot_0/fp4_3/_08_ (net)
                  0.05    0.00    4.57 ^ dot_0/fp4_dot_0/fp4_3/_78_/B (sky130_fd_sc_hd__ha_1)
     1    0.01    0.07    0.15    4.72 ^ dot_0/fp4_dot_0/fp4_3/_78_/COUT (sky130_fd_sc_hd__ha_1)
                                         dot_0/fp4_dot_0/fp4_3/_09_ (net)
                  0.07    0.00    4.72 ^ dot_0/fp4_dot_0/fp4_3/_44_/A (sky130_fd_sc_hd__xnor2_1)
     1    0.00    0.12    0.12    4.83 ^ dot_0/fp4_dot_0/fp4_3/_44_/Y (sky130_fd_sc_hd__xnor2_1)
                                         dot_0/fp4_dot_0/fp4_3/_22_ (net)
                  0.12    0.00    4.84 ^ dot_0/fp4_dot_0/fp4_3/_45_/B (sky130_fd_sc_hd__nor2_1)
     1    0.00    0.07    0.06    4.89 v dot_0/fp4_dot_0/fp4_3/_45_/Y (sky130_fd_sc_hd__nor2_1)
                                         dot_0/fp4_dot_0/fp4_3/sum2[2] (net)
                  0.07    0.00    4.89 v dot_0/fp4_dot_0/fp4_3/_79_/A (sky130_fd_sc_hd__ha_1)
     3    0.01    0.10    0.35    5.25 v dot_0/fp4_dot_0/fp4_3/_79_/SUM (sky130_fd_sc_hd__ha_1)
                                         dot_0/fp4_dot_0/fp4_3/_12_ (net)
                  0.10    0.00    5.25 v dot_0/fp4_dot_0/fp4_3/_50_/A1 (sky130_fd_sc_hd__a21oi_1)
     1    0.00    0.13    0.16    5.40 ^ dot_0/fp4_dot_0/fp4_3/_50_/Y (sky130_fd_sc_hd__a21oi_1)
                                         dot_0/fp4_dot_0/fp4_3/_24_ (net)
                  0.13    0.00    5.40 ^ dot_0/fp4_dot_0/fp4_3/_51_/B (sky130_fd_sc_hd__nand2_1)
     1    0.00    0.04    0.07    5.47 v dot_0/fp4_dot_0/fp4_3/_51_/Y (sky130_fd_sc_hd__nand2_1)
                                         dot_0/fp4_dot_0/fp4_3/_25_ (net)
                  0.04    0.00    5.47 v dot_0/fp4_dot_0/fp4_3/_56_/A (sky130_fd_sc_hd__xnor3_1)
     2    0.02    0.13    0.43    5.90 v dot_0/fp4_dot_0/fp4_3/_56_/X (sky130_fd_sc_hd__xnor3_1)
                                         dot_0/fp4_dot_0/y_3[6] (net)
                  0.13    0.00    5.90 v dot_0/fp4_dot_0/add1/_0805_/A (sky130_fd_sc_hd__inv_1)
     2    0.01    0.07    0.10    6.00 ^ dot_0/fp4_dot_0/add1/_0805_/Y (sky130_fd_sc_hd__inv_1)
                                         dot_0/fp4_dot_0/add1/_0111_ (net)
                  0.07    0.00    6.00 ^ dot_0/fp4_dot_0/add1/_0806_/A2 (sky130_fd_sc_hd__a31oi_1)
     2    0.01    0.12    0.13    6.14 v dot_0/fp4_dot_0/add1/_0806_/Y (sky130_fd_sc_hd__a31oi_1)
                                         dot_0/fp4_dot_0/add1/_0040_ (net)
                  0.12    0.00    6.14 v dot_0/fp4_dot_0/add1/_1215_/A (sky130_fd_sc_hd__ha_1)
     2    0.01    0.08    0.27    6.41 v dot_0/fp4_dot_0/add1/_1215_/COUT (sky130_fd_sc_hd__ha_1)
                                         dot_0/fp4_dot_0/add1/_0013_ (net)
                  0.08    0.00    6.41 v dot_0/fp4_dot_0/add1/_1208_/CIN (sky130_fd_sc_hd__fa_1)
     2    0.01    0.09    0.40    6.82 v dot_0/fp4_dot_0/add1/_1208_/COUT (sky130_fd_sc_hd__fa_1)
                                         dot_0/fp4_dot_0/add1/_0014_ (net)
                  0.09    0.00    6.82 v dot_0/fp4_dot_0/add1/_1001_/A (sky130_fd_sc_hd__nor2b_1)
     1    0.01    0.14    0.16    6.98 ^ dot_0/fp4_dot_0/add1/_1001_/Y (sky130_fd_sc_hd__nor2b_1)
                                         dot_0/fp4_dot_0/add1/_0468_ (net)
                  0.14    0.00    6.98 ^ dot_0/fp4_dot_0/add1/_1002_/A2 (sky130_fd_sc_hd__o21ai_0)
     2    0.01    0.11    0.13    7.11 v dot_0/fp4_dot_0/add1/_1002_/Y (sky130_fd_sc_hd__o21ai_0)
                                         dot_0/fp4_dot_0/add1/_0469_ (net)
                  0.11    0.00    7.11 v dot_0/fp4_dot_0/add1/place25549/A (sky130_fd_sc_hd__buf_4)
     1    0.00    0.03    0.16    7.27 v dot_0/fp4_dot_0/add1/place25549/X (sky130_fd_sc_hd__buf_4)
                                         dot_0/fp4_dot_0/add1/net25548 (net)
                  0.03    0.00    7.27 v dot_0/fp4_dot_0/add1/_1006_/A2 (sky130_fd_sc_hd__a211oi_2)
     2    0.01    0.24    0.27    7.54 ^ dot_0/fp4_dot_0/add1/_1006_/Y (sky130_fd_sc_hd__a211oi_2)
                                         dot_0/fp4_dot_0/add1/_0473_ (net)
                  0.24    0.00    7.54 ^ dot_0/fp4_dot_0/add1/_1152_/B (sky130_fd_sc_hd__nand2b_1)
     2    0.01    0.09    0.12    7.66 v dot_0/fp4_dot_0/add1/_1152_/Y (sky130_fd_sc_hd__nand2b_1)
                                         dot_0/fp4_dot_0/add1/_0142_ (net)
                  0.09    0.00    7.66 v dot_0/fp4_dot_0/add1/_1252_/B (sky130_fd_sc_hd__ha_1)
     2    0.01    0.06    0.21    7.87 v dot_0/fp4_dot_0/add1/_1252_/COUT (sky130_fd_sc_hd__ha_1)
                                         dot_0/fp4_dot_0/add1/_0143_ (net)
                  0.06    0.00    7.87 v dot_0/fp4_dot_0/add1/_1093_/A_N (sky130_fd_sc_hd__nand3b_1)
     1    0.00    0.08    0.15    8.03 v dot_0/fp4_dot_0/add1/_1093_/Y (sky130_fd_sc_hd__nand3b_1)
                                         dot_0/fp4_dot_0/add1/_0551_ (net)
                  0.08    0.00    8.03 v dot_0/fp4_dot_0/add1/_1094_/A2 (sky130_fd_sc_hd__o2111ai_1)
     2    0.01    0.31    0.30    8.33 ^ dot_0/fp4_dot_0/add1/_1094_/Y (sky130_fd_sc_hd__o2111ai_1)
                                         dot_0/fp4_dot_0/add1/_0552_ (net)
                  0.31    0.00    8.33 ^ dot_0/fp4_dot_0/add1/_1095_/B1 (sky130_fd_sc_hd__o2111ai_1)
     3    0.01    0.28    0.27    8.60 v dot_0/fp4_dot_0/add1/_1095_/Y (sky130_fd_sc_hd__o2111ai_1)
                                         dot_0/fp4_dot_0/add1/_0553_ (net)
                  0.28    0.00    8.60 v dot_0/fp4_dot_0/add1/_1096_/B1 (sky130_fd_sc_hd__a21oi_1)
     1    0.01    0.20    0.27    8.87 ^ dot_0/fp4_dot_0/add1/_1096_/Y (sky130_fd_sc_hd__a21oi_1)
                                         dot_0/fp4_dot_0/add1/_0554_ (net)
                  0.20    0.00    8.87 ^ dot_0/fp4_dot_0/add1/_1097_/C1 (sky130_fd_sc_hd__a311o_1)
     2    0.01    0.17    0.23    9.10 ^ dot_0/fp4_dot_0/add1/_1097_/X (sky130_fd_sc_hd__a311o_1)
                                         dot_0/fp4_dot_0/add1/_0555_ (net)
                  0.17    0.00    9.10 ^ dot_0/fp4_dot_0/add1/_1098_/C1 (sky130_fd_sc_hd__o211ai_1)
     1    0.01    0.15    0.18    9.28 v dot_0/fp4_dot_0/add1/_1098_/Y (sky130_fd_sc_hd__o211ai_1)
                                         dot_0/fp4_dot_0/add1/_0556_ (net)
                  0.16    0.00    9.28 v dot_0/fp4_dot_0/add1/_1105_/B1 (sky130_fd_sc_hd__o221ai_1)
     1    0.01    0.27    0.29    9.57 ^ dot_0/fp4_dot_0/add1/_1105_/Y (sky130_fd_sc_hd__o221ai_1)
                                         dot_0/fp4_dot_0/add1/_0563_ (net)
                  0.27    0.00    9.57 ^ dot_0/fp4_dot_0/add1/_1106_/B (sky130_fd_sc_hd__nand2_1)
     1    0.01    0.08    0.11    9.68 v dot_0/fp4_dot_0/add1/_1106_/Y (sky130_fd_sc_hd__nand2_1)
                                         dot_0/fp4_dot_0/add1/_0564_ (net)
                  0.08    0.00    9.68 v dot_0/fp4_dot_0/add1/_1107_/B (sky130_fd_sc_hd__xnor2_1)
     1    0.01    0.08    0.16    9.84 v dot_0/fp4_dot_0/add1/_1107_/Y (sky130_fd_sc_hd__xnor2_1)
                                         dot_0/fp4_dot_0/add1/_0022_ (net)
                  0.08    0.00    9.84 v dot_0/fp4_dot_0/add1/_1210_/B (sky130_fd_sc_hd__fa_1)
     2    0.02    0.15    0.50   10.34 v dot_0/fp4_dot_0/add1/_1210_/COUT (sky130_fd_sc_hd__fa_1)
                                         dot_0/fp4_dot_0/add1/_0016_ (net)
                  0.15    0.00   10.34 v dot_0/fp4_dot_0/add1/_1209_/A (sky130_fd_sc_hd__fa_1)
     3    0.02    0.16    0.56   10.90 v dot_0/fp4_dot_0/add1/_1209_/COUT (sky130_fd_sc_hd__fa_1)
                                         dot_0/fp4_dot_0/add1/_0019_ (net)
                  0.16    0.00   10.90 v dot_0/fp4_dot_0/add1/_0670_/A2 (sky130_fd_sc_hd__a211o_1)
     3    0.01    0.08    0.37   11.27 v dot_0/fp4_dot_0/add1/_0670_/X (sky130_fd_sc_hd__a211o_1)
                                         dot_0/fp4_dot_0/add1/_0178_ (net)
                  0.08    0.00   11.27 v dot_0/fp4_dot_0/add1/place25239/A (sky130_fd_sc_hd__buf_4)
     2    0.00    0.03    0.15   11.42 v dot_0/fp4_dot_0/add1/place25239/X (sky130_fd_sc_hd__buf_4)
                                         dot_0/fp4_dot_0/add1/net25238 (net)
                  0.03    0.00   11.42 v dot_0/fp4_dot_0/add1/_0796_/A1 (sky130_fd_sc_hd__a21oi_1)
     2    0.01    0.22    0.20   11.61 ^ dot_0/fp4_dot_0/add1/_0796_/Y (sky130_fd_sc_hd__a21oi_1)
                                         dot_0/fp4_dot_0/add1/_0283_ (net)
                  0.22    0.00   11.61 ^ dot_0/fp4_dot_0/add1/_0818_/B1 (sky130_fd_sc_hd__o32ai_1)
     2    0.01    0.13    0.18   11.80 v dot_0/fp4_dot_0/add1/_0818_/Y (sky130_fd_sc_hd__o32ai_1)
                                         dot_0/fp4_dot_0/add1/_0299_ (net)
                  0.13    0.00   11.80 v dot_0/fp4_dot_0/add1/_0909_/A2 (sky130_fd_sc_hd__a21oi_1)
     2    0.01    0.30    0.32   12.12 ^ dot_0/fp4_dot_0/add1/_0909_/Y (sky130_fd_sc_hd__a21oi_1)
                                         dot_0/fp4_dot_0/add1/_0390_ (net)
                  0.30    0.00   12.12 ^ dot_0/fp4_dot_0/add1/_0910_/A2 (sky130_fd_sc_hd__o21ai_1)
     2    0.01    0.11    0.15   12.27 v dot_0/fp4_dot_0/add1/_0910_/Y (sky130_fd_sc_hd__o21ai_1)
                                         dot_0/fp4_dot_0/add1/_0147_ (net)
                  0.11    0.00   12.27 v dot_0/fp4_dot_0/add1/_1255_/A (sky130_fd_sc_hd__ha_1)
     2    0.01    0.09    0.27   12.54 v dot_0/fp4_dot_0/add1/_1255_/COUT (sky130_fd_sc_hd__ha_1)
                                         dot_0/fp4_dot_0/add1/_0148_ (net)
                  0.09    0.00   12.54 v dot_0/fp4_dot_0/add1/_0743_/A (sky130_fd_sc_hd__nor2b_1)
     2    0.01    0.13    0.16   12.70 ^ dot_0/fp4_dot_0/add1/_0743_/Y (sky130_fd_sc_hd__nor2b_1)
                                         dot_0/fp4_dot_0/add1/_0246_ (net)
                  0.13    0.00   12.70 ^ dot_0/fp4_dot_0/add1/_0744_/A2 (sky130_fd_sc_hd__o211ai_1)
     3    0.01    0.12    0.14   12.83 v dot_0/fp4_dot_0/add1/_0744_/Y (sky130_fd_sc_hd__o211ai_1)
                                         dot_0/fp4_dot_0/add1/_0247_ (net)
                  0.12    0.00   12.83 v dot_0/fp4_dot_0/add1/_0801_/A (sky130_fd_sc_hd__and2_1)
     4    0.03    0.13    0.26   13.09 v dot_0/fp4_dot_0/add1/_0801_/X (sky130_fd_sc_hd__and2_1)
                                         dot_0/fp4_dot_0/add1/_0288_ (net)
                  0.13    0.00   13.09 v dot_0/fp4_dot_0/add1/_0802_/B1 (sky130_fd_sc_hd__a2bb2oi_1)
     2    0.01    0.35    0.35   13.45 ^ dot_0/fp4_dot_0/add1/_0802_/Y (sky130_fd_sc_hd__a2bb2oi_1)
                                         dot_0/fp4_dot_0/add1/_0289_ (net)
                  0.35    0.00   13.45 ^ dot_0/fp4_dot_0/add1/_0831_/C1 (sky130_fd_sc_hd__o211ai_2)
     3    0.02    0.20    0.24   13.69 v dot_0/fp4_dot_0/add1/_0831_/Y (sky130_fd_sc_hd__o211ai_2)
                                         dot_0/fp4_dot_0/add1/_0312_ (net)
                  0.20    0.00   13.69 v dot_0/fp4_dot_0/add1/place24837/A (sky130_fd_sc_hd__buf_4)
     2    0.00    0.03    0.20   13.89 v dot_0/fp4_dot_0/add1/place24837/X (sky130_fd_sc_hd__buf_4)
                                         dot_0/fp4_dot_0/add1/net24836 (net)
                  0.03    0.00   13.89 v dot_0/fp4_dot_0/add1/place24836/A (sky130_fd_sc_hd__buf_4)
     5    0.03    0.05    0.15   14.05 v dot_0/fp4_dot_0/add1/place24836/X (sky130_fd_sc_hd__buf_4)
                                         dot_0/fp4_dot_0/add1/net24835 (net)
                  0.05    0.00   14.05 v dot_0/fp4_dot_0/add1/_0977_/B (sky130_fd_sc_hd__or4_1)
     1    0.00    0.09    0.50   14.55 v dot_0/fp4_dot_0/add1/_0977_/X (sky130_fd_sc_hd__or4_1)
                                         dot_0/fp4_dot_0/add1/_0448_ (net)
                  0.09    0.00   14.55 v dot_0/fp4_dot_0/add1/_0987_/C1 (sky130_fd_sc_hd__o2111ai_1)
     2    0.01    0.29    0.16   14.71 ^ dot_0/fp4_dot_0/add1/_0987_/Y (sky130_fd_sc_hd__o2111ai_1)
                                         dot_0/fp4_dot_0/add1/_0000_ (net)
                  0.29    0.00   14.71 ^ dot_0/fp4_dot_0/add1/_1184_/B1 (sky130_fd_sc_hd__a21oi_1)
     2    0.01    0.09    0.10   14.81 v dot_0/fp4_dot_0/add1/_1184_/Y (sky130_fd_sc_hd__a21oi_1)
                                         dot_0/fp4_dot_0/add1/_0621_ (net)
                  0.09    0.00   14.81 v dot_0/fp4_dot_0/add1/place24700/A (sky130_fd_sc_hd__buf_4)
     1    0.00    0.02    0.14   14.95 v dot_0/fp4_dot_0/add1/place24700/X (sky130_fd_sc_hd__buf_4)
                                         dot_0/fp4_dot_0/add1/net24699 (net)
                  0.02    0.00   14.95 v dot_0/fp4_dot_0/add1/_1192_/A2 (sky130_fd_sc_hd__a221oi_1)
     1    0.01    0.45    0.45   15.40 ^ dot_0/fp4_dot_0/add1/_1192_/Y (sky130_fd_sc_hd__a221oi_1)
                                         dot_0/fp4_dot_0/add1/_0002_ (net)
                  0.45    0.00   15.40 ^ dot_0/fp4_dot_0/add1/place24692/A (sky130_fd_sc_hd__buf_4)
     1    0.01    0.05    0.21   15.60 ^ dot_0/fp4_dot_0/add1/place24692/X (sky130_fd_sc_hd__buf_4)
                                         dot_0/fp4_dot_0/add1/net24691 (net)
                  0.05    0.00   15.61 ^ dot_0/fp4_dot_0/add1/_1257_/B (sky130_fd_sc_hd__ha_1)
     1    0.00    0.06    0.14   15.75 ^ dot_0/fp4_dot_0/add1/_1257_/COUT (sky130_fd_sc_hd__ha_1)
                                         dot_0/fp4_dot_0/add1/_0638_ (net)
                  0.06    0.00   15.75 ^ dot_0/fp4_dot_0/add1/_1212_/A (sky130_fd_sc_hd__ha_1)
     1    0.01    0.12    0.20   15.94 ^ dot_0/fp4_dot_0/add1/_1212_/COUT (sky130_fd_sc_hd__ha_1)
                                         dot_0/fp4_dot_0/add1/_0029_ (net)
                  0.12    0.00   15.94 ^ dot_0/fp4_dot_0/add1/_0900_/B1 (sky130_fd_sc_hd__o41ai_4)
     2    0.02    0.09    0.12   16.06 v dot_0/fp4_dot_0/add1/_0900_/Y (sky130_fd_sc_hd__o41ai_4)
                                         dot_0/fp4_dot_0/add1/_0381_ (net)
                  0.09    0.00   16.06 v dot_0/fp4_dot_0/add1/_0901_/C1 (sky130_fd_sc_hd__a211oi_4)
     4    0.02    0.31    0.28   16.34 ^ dot_0/fp4_dot_0/add1/_0901_/Y (sky130_fd_sc_hd__a211oi_4)
                                         dot_0/fp4_dot_0/add1/_0382_ (net)
                  0.31    0.00   16.34 ^ dot_0/fp4_dot_0/add1/place24680/A (sky130_fd_sc_hd__buf_4)
     1    0.01    0.04    0.17   16.52 ^ dot_0/fp4_dot_0/add1/place24680/X (sky130_fd_sc_hd__buf_4)
                                         dot_0/fp4_dot_0/add1/net24679 (net)
                  0.04    0.00   16.52 ^ dot_0/fp4_dot_0/add1/_0902_/B (sky130_fd_sc_hd__nand2_2)
     2    0.01    0.04    0.06   16.57 v dot_0/fp4_dot_0/add1/_0902_/Y (sky130_fd_sc_hd__nand2_2)
                                         dot_0/fp4_dot_0/add1/_0383_ (net)
                  0.04    0.00   16.57 v dot_0/fp4_dot_0/add1/_0934_/A2 (sky130_fd_sc_hd__o311a_4)
     3    0.01    0.06    0.36   16.94 v dot_0/fp4_dot_0/add1/_0934_/X (sky130_fd_sc_hd__o311a_4)
                                         dot_0/fp4_dot_0/add1/_0413_ (net)
                  0.06    0.00   16.94 v dot_0/fp4_dot_0/add1/place24672/A (sky130_fd_sc_hd__buf_4)
     5    0.02    0.04    0.16   17.09 v dot_0/fp4_dot_0/add1/place24672/X (sky130_fd_sc_hd__buf_4)
                                         dot_0/fp4_dot_0/add1/net24671 (net)
                  0.04    0.00   17.09 v dot_0/fp4_dot_0/add1/_1150_/A1 (sky130_fd_sc_hd__a21oi_1)
     1    0.01    0.22    0.21   17.30 ^ dot_0/fp4_dot_0/add1/_1150_/Y (sky130_fd_sc_hd__a21oi_1)
                                         dot_0/fp4_dot_0/add1/_0592_ (net)
                  0.22    0.00   17.30 ^ dot_0/fp4_dot_0/add1/_1151_/A2_N (sky130_fd_sc_hd__a2bb2oi_1)
     1    0.00    0.12    0.18   17.48 ^ dot_0/fp4_dot_0/add1/_1151_/Y (sky130_fd_sc_hd__a2bb2oi_1)
                                         dot_0/fp4_dot_0/add_1[4] (net)
                  0.12    0.00   17.48 ^ dot_0/fp4_dot_0/add4/place24652/A (sky130_fd_sc_hd__buf_4)
     2    0.04    0.12    0.19   17.67 ^ dot_0/fp4_dot_0/add4/place24652/X (sky130_fd_sc_hd__buf_4)
                                         dot_0/fp4_dot_0/add4/net24651 (net)
                  0.12    0.01   17.68 ^ dot_0/fp4_dot_0/add4/_0719_/A (sky130_fd_sc_hd__inv_1)
     2    0.01    0.06    0.09   17.76 v dot_0/fp4_dot_0/add4/_0719_/Y (sky130_fd_sc_hd__inv_1)
                                         dot_0/fp4_dot_0/add4/_0007_ (net)
                  0.06    0.00   17.76 v dot_0/fp4_dot_0/add4/_0806_/A3 (sky130_fd_sc_hd__a31oi_1)
     2    0.01    0.35    0.32   18.09 ^ dot_0/fp4_dot_0/add4/_0806_/Y (sky130_fd_sc_hd__a31oi_1)
                                         dot_0/fp4_dot_0/add4/_0040_ (net)
                  0.35    0.00   18.09 ^ dot_0/fp4_dot_0/add4/_0807_/A (sky130_fd_sc_hd__inv_1)
     2    0.01    0.09    0.12   18.21 v dot_0/fp4_dot_0/add4/_0807_/Y (sky130_fd_sc_hd__inv_1)
                                         dot_0/fp4_dot_0/add4/exp_b[0] (net)
                  0.09    0.00   18.21 v dot_0/fp4_dot_0/add4/_1260_/B (sky130_fd_sc_hd__ha_1)
     2    0.01    0.08    0.32   18.52 ^ dot_0/fp4_dot_0/add4/_1260_/SUM (sky130_fd_sc_hd__ha_1)
                                         dot_0/fp4_dot_0/add4/_0157_ (net)
                  0.08    0.00   18.52 ^ dot_0/fp4_dot_0/add4/_0722_/C (sky130_fd_sc_hd__nand4_1)
     1    0.00    0.07    0.10   18.62 v dot_0/fp4_dot_0/add4/_0722_/Y (sky130_fd_sc_hd__nand4_1)
                                         dot_0/fp4_dot_0/add4/_0226_ (net)
                  0.07    0.00   18.62 v dot_0/fp4_dot_0/add4/_0723_/C1 (sky130_fd_sc_hd__o311a_1)
     3    0.01    0.10    0.16   18.78 v dot_0/fp4_dot_0/add4/_0723_/X (sky130_fd_sc_hd__o311a_1)
                                         dot_0/fp4_dot_0/add4/_0227_ (net)
                  0.10    0.00   18.78 v dot_0/fp4_dot_0/add4/_1003_/B1 (sky130_fd_sc_hd__a211oi_1)
     2    0.01    0.48    0.46   19.24 ^ dot_0/fp4_dot_0/add4/_1003_/Y (sky130_fd_sc_hd__a211oi_1)
                                         dot_0/fp4_dot_0/add4/_0470_ (net)
                  0.48    0.00   19.24 ^ dot_0/fp4_dot_0/add4/_1083_/A (sky130_fd_sc_hd__inv_1)
     2    0.01    0.10    0.12   19.36 v dot_0/fp4_dot_0/add4/_1083_/Y (sky130_fd_sc_hd__inv_1)
                                         dot_0/fp4_dot_0/add4/_0141_ (net)
                  0.10    0.00   19.36 v dot_0/fp4_dot_0/add4/_1252_/A (sky130_fd_sc_hd__ha_1)
     2    0.01    0.06    0.23   19.59 v dot_0/fp4_dot_0/add4/_1252_/COUT (sky130_fd_sc_hd__ha_1)
                                         dot_0/fp4_dot_0/add4/_0143_ (net)
                  0.06    0.00   19.59 v dot_0/fp4_dot_0/add4/_1093_/A_N (sky130_fd_sc_hd__nand3b_1)
     1    0.00    0.07    0.16   19.75 v dot_0/fp4_dot_0/add4/_1093_/Y (sky130_fd_sc_hd__nand3b_1)
                                         dot_0/fp4_dot_0/add4/_0551_ (net)
                  0.07    0.00   19.75 v dot_0/fp4_dot_0/add4/_1094_/A2 (sky130_fd_sc_hd__o2111ai_1)
     2    0.01    0.28    0.28   20.03 ^ dot_0/fp4_dot_0/add4/_1094_/Y (sky130_fd_sc_hd__o2111ai_1)
                                         dot_0/fp4_dot_0/add4/_0552_ (net)
                  0.28    0.00   20.03 ^ dot_0/fp4_dot_0/add4/_1095_/B1 (sky130_fd_sc_hd__o2111ai_1)
     3    0.01    0.17    0.22   20.24 v dot_0/fp4_dot_0/add4/_1095_/Y (sky130_fd_sc_hd__o2111ai_1)
                                         dot_0/fp4_dot_0/add4/_0553_ (net)
                  0.17    0.00   20.24 v dot_0/fp4_dot_0/add4/_1096_/B1 (sky130_fd_sc_hd__a21oi_1)
     1    0.01    0.23    0.25   20.49 ^ dot_0/fp4_dot_0/add4/_1096_/Y (sky130_fd_sc_hd__a21oi_1)
                                         dot_0/fp4_dot_0/add4/_0554_ (net)
                  0.23    0.00   20.49 ^ dot_0/fp4_dot_0/add4/place24391/A (sky130_fd_sc_hd__buf_4)
     1    0.00    0.03    0.15   20.64 ^ dot_0/fp4_dot_0/add4/place24391/X (sky130_fd_sc_hd__buf_4)
                                         dot_0/fp4_dot_0/add4/net24390 (net)
                  0.03    0.00   20.64 ^ dot_0/fp4_dot_0/add4/_1097_/C1 (sky130_fd_sc_hd__a311o_1)
     2    0.01    0.11    0.14   20.78 ^ dot_0/fp4_dot_0/add4/_1097_/X (sky130_fd_sc_hd__a311o_1)
                                         dot_0/fp4_dot_0/add4/_0555_ (net)
                  0.11    0.00   20.78 ^ dot_0/fp4_dot_0/add4/_1133_/B1_N (sky130_fd_sc_hd__a21boi_0)
     1    0.01    0.21    0.24   21.02 ^ dot_0/fp4_dot_0/add4/_1133_/Y (sky130_fd_sc_hd__a21boi_0)
                                         dot_0/fp4_dot_0/add4/_0581_ (net)
                  0.21    0.00   21.02 ^ dot_0/fp4_dot_0/add4/_1137_/A1 (sky130_fd_sc_hd__o21ai_0)
     1    0.00    0.07    0.13   21.15 v dot_0/fp4_dot_0/add4/_1137_/Y (sky130_fd_sc_hd__o21ai_0)
                                         dot_0/fp4_dot_0/add4/_0585_ (net)
                  0.07    0.00   21.15 v dot_0/fp4_dot_0/add4/_1138_/A2 (sky130_fd_sc_hd__a21boi_1)
     1    0.01    0.26    0.27   21.41 ^ dot_0/fp4_dot_0/add4/_1138_/Y (sky130_fd_sc_hd__a21boi_1)
                                         dot_0/fp4_dot_0/add4/_0586_ (net)
                  0.26    0.00   21.41 ^ dot_0/fp4_dot_0/add4/_1139_/B (sky130_fd_sc_hd__xnor2_1)
     1    0.01    0.08    0.13   21.54 v dot_0/fp4_dot_0/add4/_1139_/Y (sky130_fd_sc_hd__xnor2_1)
                                         dot_0/fp4_dot_0/add4/_0023_ (net)
                  0.08    0.00   21.54 v dot_0/fp4_dot_0/add4/_1210_/CIN (sky130_fd_sc_hd__fa_1)
     2    0.02    0.16    0.50   22.04 v dot_0/fp4_dot_0/add4/_1210_/COUT (sky130_fd_sc_hd__fa_1)
                                         dot_0/fp4_dot_0/add4/_0016_ (net)
                  0.16    0.00   22.04 v dot_0/fp4_dot_0/add4/_1209_/A (sky130_fd_sc_hd__fa_1)
     3    0.01    0.13    0.53   22.57 v dot_0/fp4_dot_0/add4/_1209_/COUT (sky130_fd_sc_hd__fa_1)
                                         dot_0/fp4_dot_0/add4/_0019_ (net)
                  0.13    0.00   22.57 v dot_0/fp4_dot_0/add4/_0670_/A2 (sky130_fd_sc_hd__a211o_1)
     4    0.01    0.09    0.37   22.94 v dot_0/fp4_dot_0/add4/_0670_/X (sky130_fd_sc_hd__a211o_1)
                                         dot_0/fp4_dot_0/add4/_0178_ (net)
                  0.09    0.00   22.94 v dot_0/fp4_dot_0/add4/_0675_/B (sky130_fd_sc_hd__and4b_1)
     2    0.01    0.06    0.21   23.15 v dot_0/fp4_dot_0/add4/_0675_/X (sky130_fd_sc_hd__and4b_1)
                                         dot_0/fp4_dot_0/add4/_0183_ (net)
                  0.06    0.00   23.15 v dot_0/fp4_dot_0/add4/_0677_/A1 (sky130_fd_sc_hd__mux2_2)
     2    0.01    0.07    0.29   23.44 v dot_0/fp4_dot_0/add4/_0677_/X (sky130_fd_sc_hd__mux2_2)
                                         dot_0/fp4_dot_0/add4/_0185_ (net)
                  0.07    0.00   23.44 v dot_0/fp4_dot_0/add4/_0685_/A2 (sky130_fd_sc_hd__o21ai_0)
     1    0.01    0.22    0.22   23.66 ^ dot_0/fp4_dot_0/add4/_0685_/Y (sky130_fd_sc_hd__o21ai_0)
                                         dot_0/fp4_dot_0/add4/_0193_ (net)
                  0.22    0.00   23.66 ^ dot_0/fp4_dot_0/add4/place24242/A (sky130_fd_sc_hd__buf_4)
     1    0.00    0.03    0.15   23.81 ^ dot_0/fp4_dot_0/add4/place24242/X (sky130_fd_sc_hd__buf_4)
                                         dot_0/fp4_dot_0/add4/net24241 (net)
                  0.03    0.00   23.81 ^ dot_0/fp4_dot_0/add4/_0697_/A2 (sky130_fd_sc_hd__a21oi_1)
     2    0.02    0.16    0.13   23.94 v dot_0/fp4_dot_0/add4/_0697_/Y (sky130_fd_sc_hd__a21oi_1)
                                         dot_0/fp4_dot_0/add4/_0026_ (net)
                  0.16    0.00   23.94 v dot_0/fp4_dot_0/add4/place24226/A (sky130_fd_sc_hd__buf_4)
     2    0.01    0.03    0.18   24.13 v dot_0/fp4_dot_0/add4/place24226/X (sky130_fd_sc_hd__buf_4)
                                         dot_0/fp4_dot_0/add4/net24225 (net)
                  0.03    0.00   24.13 v dot_0/fp4_dot_0/add4/_1230_/B (sky130_fd_sc_hd__ha_1)
     2    0.01    0.06    0.28   24.40 ^ dot_0/fp4_dot_0/add4/_1230_/SUM (sky130_fd_sc_hd__ha_1)
                                         dot_0/fp4_dot_0/add4/_0089_ (net)
                  0.06    0.00   24.40 ^ dot_0/fp4_dot_0/add4/_0743_/B_N (sky130_fd_sc_hd__nor2b_1)
     2    0.01    0.17    0.19   24.60 ^ dot_0/fp4_dot_0/add4/_0743_/Y (sky130_fd_sc_hd__nor2b_1)
                                         dot_0/fp4_dot_0/add4/_0246_ (net)
                  0.17    0.00   24.60 ^ dot_0/fp4_dot_0/add4/_0744_/A2 (sky130_fd_sc_hd__o211ai_1)
     3    0.01    0.16    0.17   24.77 v dot_0/fp4_dot_0/add4/_0744_/Y (sky130_fd_sc_hd__o211ai_1)
                                         dot_0/fp4_dot_0/add4/_0247_ (net)
                  0.16    0.00   24.77 v dot_0/fp4_dot_0/add4/_0747_/A1 (sky130_fd_sc_hd__a21oi_1)
     3    0.03    0.57    0.50   25.27 ^ dot_0/fp4_dot_0/add4/_0747_/Y (sky130_fd_sc_hd__a21oi_1)
                                         dot_0/fp4_dot_0/add4/_0250_ (net)
                  0.57    0.00   25.28 ^ dot_0/fp4_dot_0/add4/_0820_/D (sky130_fd_sc_hd__nand4_1)
     2    0.02    0.25    0.31   25.58 v dot_0/fp4_dot_0/add4/_0820_/Y (sky130_fd_sc_hd__nand4_1)
                                         dot_0/fp4_dot_0/add4/_0301_ (net)
                  0.25    0.00   25.59 v dot_0/fp4_dot_0/add4/_0827_/C (sky130_fd_sc_hd__and3_1)
     2    0.01    0.08    0.32   25.90 v dot_0/fp4_dot_0/add4/_0827_/X (sky130_fd_sc_hd__and3_1)
                                         dot_0/fp4_dot_0/add4/_0308_ (net)
                  0.08    0.00   25.90 v dot_0/fp4_dot_0/add4/_0975_/B (sky130_fd_sc_hd__nor2_1)
     2    0.01    0.17    0.17   26.07 ^ dot_0/fp4_dot_0/add4/_0975_/Y (sky130_fd_sc_hd__nor2_1)
                                         dot_0/fp4_dot_0/add4/_0446_ (net)
                  0.17    0.00   26.07 ^ dot_0/fp4_dot_0/add4/_0976_/B1 (sky130_fd_sc_hd__a21oi_1)
     1    0.00    0.06    0.07   26.14 v dot_0/fp4_dot_0/add4/_0976_/Y (sky130_fd_sc_hd__a21oi_1)
                                         dot_0/fp4_dot_0/add4/_0447_ (net)
                  0.06    0.00   26.14 v dot_0/fp4_dot_0/add4/_0977_/D (sky130_fd_sc_hd__or4_1)
     1    0.01    0.10    0.43   26.57 v dot_0/fp4_dot_0/add4/_0977_/X (sky130_fd_sc_hd__or4_1)
                                         dot_0/fp4_dot_0/add4/_0448_ (net)
                  0.10    0.00   26.57 v dot_0/fp4_dot_0/add4/_0987_/C1 (sky130_fd_sc_hd__o2111ai_1)
     2    0.01    0.25    0.15   26.72 ^ dot_0/fp4_dot_0/add4/_0987_/Y (sky130_fd_sc_hd__o2111ai_1)
                                         dot_0/fp4_dot_0/add4/_0000_ (net)
                  0.25    0.00   26.72 ^ dot_0/fp4_dot_0/add4/_1184_/B1 (sky130_fd_sc_hd__a21oi_1)
     2    0.01    0.09    0.10   26.82 v dot_0/fp4_dot_0/add4/_1184_/Y (sky130_fd_sc_hd__a21oi_1)
                                         dot_0/fp4_dot_0/add4/_0621_ (net)
                  0.09    0.00   26.82 v dot_0/fp4_dot_0/add4/_1191_/A1 (sky130_fd_sc_hd__o21a_1)
     1    0.00    0.03    0.19   27.01 v dot_0/fp4_dot_0/add4/_1191_/X (sky130_fd_sc_hd__o21a_1)
                                         dot_0/fp4_dot_0/add4/_0628_ (net)
                  0.03    0.00   27.01 v dot_0/fp4_dot_0/add4/_1192_/C1 (sky130_fd_sc_hd__a221oi_1)
     1    0.01    0.29    0.26   27.26 ^ dot_0/fp4_dot_0/add4/_1192_/Y (sky130_fd_sc_hd__a221oi_1)
                                         dot_0/fp4_dot_0/add4/_0002_ (net)
                  0.29    0.00   27.26 ^ dot_0/fp4_dot_0/add4/place24047/A (sky130_fd_sc_hd__buf_4)
     1    0.02    0.08    0.21   27.47 ^ dot_0/fp4_dot_0/add4/place24047/X (sky130_fd_sc_hd__buf_4)
                                         dot_0/fp4_dot_0/add4/net24046 (net)
                  0.08    0.00   27.48 ^ dot_0/fp4_dot_0/add4/_1257_/B (sky130_fd_sc_hd__ha_1)
     1    0.01    0.08    0.17   27.64 ^ dot_0/fp4_dot_0/add4/_1257_/COUT (sky130_fd_sc_hd__ha_1)
                                         dot_0/fp4_dot_0/add4/_0638_ (net)
                  0.08    0.00   27.64 ^ dot_0/fp4_dot_0/add4/_1212_/A (sky130_fd_sc_hd__ha_1)
     1    0.01    0.12    0.20   27.84 ^ dot_0/fp4_dot_0/add4/_1212_/COUT (sky130_fd_sc_hd__ha_1)
                                         dot_0/fp4_dot_0/add4/_0029_ (net)
                  0.12    0.00   27.84 ^ dot_0/fp4_dot_0/add4/_0900_/B1 (sky130_fd_sc_hd__o41ai_4)
     2    0.03    0.13    0.14   27.98 v dot_0/fp4_dot_0/add4/_0900_/Y (sky130_fd_sc_hd__o41ai_4)
                                         dot_0/fp4_dot_0/add4/_0381_ (net)
                  0.13    0.00   27.99 v dot_0/fp4_dot_0/add4/_0901_/C1 (sky130_fd_sc_hd__a211oi_4)
     1    0.01    0.19    0.20   28.19 ^ dot_0/fp4_dot_0/add4/_0901_/Y (sky130_fd_sc_hd__a211oi_4)
                                         dot_0/fp4_dot_0/add4/_0382_ (net)
                  0.19    0.00   28.19 ^ dot_0/fp4_dot_0/add4/place24043/A (sky130_fd_sc_hd__buf_4)
     2    0.02    0.06    0.17   28.36 ^ dot_0/fp4_dot_0/add4/place24043/X (sky130_fd_sc_hd__buf_4)
                                         dot_0/fp4_dot_0/add4/net24042 (net)
                  0.06    0.00   28.36 ^ dot_0/fp4_dot_0/add4/_0902_/B (sky130_fd_sc_hd__nand2_2)
     2    0.01    0.06    0.08   28.44 v dot_0/fp4_dot_0/add4/_0902_/Y (sky130_fd_sc_hd__nand2_2)
                                         dot_0/fp4_dot_0/add4/_0383_ (net)
                  0.06    0.00   28.44 v dot_0/fp4_dot_0/add4/_0934_/A2 (sky130_fd_sc_hd__o311a_4)
     2    0.01    0.05    0.36   28.80 v dot_0/fp4_dot_0/add4/_0934_/X (sky130_fd_sc_hd__o311a_4)
                                         dot_0/fp4_dot_0/add4/_0413_ (net)
                  0.05    0.00   28.80 v dot_0/fp4_dot_0/add4/place24037/A (sky130_fd_sc_hd__buf_4)
     6    0.02    0.04    0.16   28.96 v dot_0/fp4_dot_0/add4/place24037/X (sky130_fd_sc_hd__buf_4)
                                         dot_0/fp4_dot_0/add4/net24036 (net)
                  0.04    0.00   28.96 v dot_0/fp4_dot_0/add4/_1164_/A1 (sky130_fd_sc_hd__a21oi_1)
     1    0.01    0.15    0.15   29.11 ^ dot_0/fp4_dot_0/add4/_1164_/Y (sky130_fd_sc_hd__a21oi_1)
                                         dot_0/fp4_dot_0/add4/_0602_ (net)
                  0.15    0.00   29.11 ^ dot_0/fp4_dot_0/add4/_1165_/C1 (sky130_fd_sc_hd__a221o_1)
     2    0.01    0.11    0.18   29.29 ^ dot_0/fp4_dot_0/add4/_1165_/X (sky130_fd_sc_hd__a221o_1)
                                         dot_0/fp4_dot_0/add_4[6] (net)
                  0.11    0.00   29.29 ^ dot_0/fp4_dot_0/add6/_0754_/A (sky130_fd_sc_hd__inv_1)
     2    0.01    0.04    0.07   29.35 v dot_0/fp4_dot_0/add6/_0754_/Y (sky130_fd_sc_hd__inv_1)
                                         dot_0/fp4_dot_0/add6/_0135_ (net)
                  0.04    0.00   29.35 v dot_0/fp4_dot_0/add6/_0808_/A2 (sky130_fd_sc_hd__a31oi_1)
     2    0.01    0.26    0.26   29.62 ^ dot_0/fp4_dot_0/add6/_0808_/Y (sky130_fd_sc_hd__a31oi_1)
                                         dot_0/fp4_dot_0/add6/_0042_ (net)
                  0.26    0.00   29.62 ^ dot_0/fp4_dot_0/add6/_1140_/A (sky130_fd_sc_hd__inv_1)
     1    0.00    0.06    0.08   29.70 v dot_0/fp4_dot_0/add6/_1140_/Y (sky130_fd_sc_hd__inv_1)
                                         dot_0/fp4_dot_0/add6/exp_a[0] (net)
                  0.06    0.00   29.70 v dot_0/fp4_dot_0/add6/_1215_/B (sky130_fd_sc_hd__ha_1)
     2    0.01    0.08    0.22   29.92 v dot_0/fp4_dot_0/add6/_1215_/COUT (sky130_fd_sc_hd__ha_1)
                                         dot_0/fp4_dot_0/add6/_0013_ (net)
                  0.08    0.00   29.92 v dot_0/fp4_dot_0/add6/_1208_/CIN (sky130_fd_sc_hd__fa_1)
     2    0.01    0.10    0.41   30.33 v dot_0/fp4_dot_0/add6/_1208_/COUT (sky130_fd_sc_hd__fa_1)
                                         dot_0/fp4_dot_0/add6/_0014_ (net)
                  0.10    0.00   30.33 v dot_0/fp4_dot_0/add6/_1001_/A (sky130_fd_sc_hd__nor2b_1)
     1    0.00    0.07    0.11   30.44 ^ dot_0/fp4_dot_0/add6/_1001_/Y (sky130_fd_sc_hd__nor2b_1)
                                         dot_0/fp4_dot_0/add6/_0468_ (net)
                  0.07    0.00   30.45 ^ dot_0/fp4_dot_0/add6/_1002_/A2 (sky130_fd_sc_hd__o21ai_0)
     2    0.01    0.12    0.12   30.57 v dot_0/fp4_dot_0/add6/_1002_/Y (sky130_fd_sc_hd__o21ai_0)
                                         dot_0/fp4_dot_0/add6/_0469_ (net)
                  0.12    0.00   30.57 v dot_0/fp4_dot_0/add6/_1003_/A2 (sky130_fd_sc_hd__a211oi_1)
     2    0.01    0.42    0.44   31.00 ^ dot_0/fp4_dot_0/add6/_1003_/Y (sky130_fd_sc_hd__a211oi_1)
                                         dot_0/fp4_dot_0/add6/_0470_ (net)
                  0.42    0.00   31.00 ^ dot_0/fp4_dot_0/add6/_1083_/A (sky130_fd_sc_hd__inv_1)
     2    0.01    0.10    0.12   31.12 v dot_0/fp4_dot_0/add6/_1083_/Y (sky130_fd_sc_hd__inv_1)
                                         dot_0/fp4_dot_0/add6/_0141_ (net)
                  0.10    0.00   31.12 v dot_0/fp4_dot_0/add6/_1252_/A (sky130_fd_sc_hd__ha_1)
     2    0.01    0.06    0.23   31.35 v dot_0/fp4_dot_0/add6/_1252_/COUT (sky130_fd_sc_hd__ha_1)
                                         dot_0/fp4_dot_0/add6/_0143_ (net)
                  0.06    0.00   31.35 v dot_0/fp4_dot_0/add6/_1093_/A_N (sky130_fd_sc_hd__nand3b_1)
     1    0.00    0.09    0.16   31.51 v dot_0/fp4_dot_0/add6/_1093_/Y (sky130_fd_sc_hd__nand3b_1)
                                         dot_0/fp4_dot_0/add6/_0551_ (net)
                  0.09    0.00   31.51 v dot_0/fp4_dot_0/add6/_1094_/A2 (sky130_fd_sc_hd__o2111ai_1)
     2    0.01    0.30    0.30   31.80 ^ dot_0/fp4_dot_0/add6/_1094_/Y (sky130_fd_sc_hd__o2111ai_1)
                                         dot_0/fp4_dot_0/add6/_0552_ (net)
                  0.30    0.00   31.81 ^ dot_0/fp4_dot_0/add6/_1095_/B1 (sky130_fd_sc_hd__o2111ai_1)
     3    0.01    0.31    0.26   32.06 v dot_0/fp4_dot_0/add6/_1095_/Y (sky130_fd_sc_hd__o2111ai_1)
                                         dot_0/fp4_dot_0/add6/_0553_ (net)
                  0.31    0.00   32.06 v dot_0/fp4_dot_0/add6/_1096_/B1 (sky130_fd_sc_hd__a21oi_1)
     1    0.01    0.25    0.32   32.38 ^ dot_0/fp4_dot_0/add6/_1096_/Y (sky130_fd_sc_hd__a21oi_1)
                                         dot_0/fp4_dot_0/add6/_0554_ (net)
                  0.25    0.00   32.38 ^ dot_0/fp4_dot_0/add6/_1097_/C1 (sky130_fd_sc_hd__a311o_1)
     2    0.01    0.13    0.22   32.60 ^ dot_0/fp4_dot_0/add6/_1097_/X (sky130_fd_sc_hd__a311o_1)
                                         dot_0/fp4_dot_0/add6/_0555_ (net)
                  0.13    0.00   32.60 ^ dot_0/fp4_dot_0/add6/_1133_/B1_N (sky130_fd_sc_hd__a21boi_0)
     1    0.00    0.12    0.18   32.77 ^ dot_0/fp4_dot_0/add6/_1133_/Y (sky130_fd_sc_hd__a21boi_0)
                                         dot_0/fp4_dot_0/add6/_0581_ (net)
                  0.12    0.00   32.77 ^ dot_0/fp4_dot_0/add6/_1137_/A1 (sky130_fd_sc_hd__o21ai_0)
     1    0.00    0.08    0.12   32.89 v dot_0/fp4_dot_0/add6/_1137_/Y (sky130_fd_sc_hd__o21ai_0)
                                         dot_0/fp4_dot_0/add6/_0585_ (net)
                  0.08    0.00   32.89 v dot_0/fp4_dot_0/add6/_1138_/A2 (sky130_fd_sc_hd__a21boi_1)
     1    0.01    0.30    0.30   33.19 ^ dot_0/fp4_dot_0/add6/_1138_/Y (sky130_fd_sc_hd__a21boi_1)
                                         dot_0/fp4_dot_0/add6/_0586_ (net)
                  0.30    0.00   33.19 ^ dot_0/fp4_dot_0/add6/_1139_/B (sky130_fd_sc_hd__xnor2_1)
     1    0.01    0.09    0.14   33.33 v dot_0/fp4_dot_0/add6/_1139_/Y (sky130_fd_sc_hd__xnor2_1)
                                         dot_0/fp4_dot_0/add6/_0023_ (net)
                  0.09    0.00   33.33 v dot_0/fp4_dot_0/add6/_1210_/CIN (sky130_fd_sc_hd__fa_1)
     2    0.01    0.12    0.44   33.78 v dot_0/fp4_dot_0/add6/_1210_/COUT (sky130_fd_sc_hd__fa_1)
                                         dot_0/fp4_dot_0/add6/_0016_ (net)
                  0.12    0.00   33.78 v dot_0/fp4_dot_0/add6/_1209_/A (sky130_fd_sc_hd__fa_1)
     3    0.01    0.12    0.50   34.28 v dot_0/fp4_dot_0/add6/_1209_/COUT (sky130_fd_sc_hd__fa_1)
                                         dot_0/fp4_dot_0/add6/_0019_ (net)
                  0.12    0.00   34.28 v dot_0/fp4_dot_0/add6/place23870/A (sky130_fd_sc_hd__buf_4)
     2    0.01    0.03    0.17   34.45 v dot_0/fp4_dot_0/add6/place23870/X (sky130_fd_sc_hd__buf_4)
                                         dot_0/fp4_dot_0/add6/net23869 (net)
                  0.03    0.00   34.45 v dot_0/fp4_dot_0/add6/_0711_/B (sky130_fd_sc_hd__xnor2_1)
     2    0.01    0.06    0.13   34.58 v dot_0/fp4_dot_0/add6/_0711_/Y (sky130_fd_sc_hd__xnor2_1)
                                         dot_0/fp4_dot_0/add6/_0216_ (net)
                  0.06    0.00   34.58 v dot_0/fp4_dot_0/add6/_0814_/B1 (sky130_fd_sc_hd__a32o_1)
     1    0.00    0.05    0.21   34.79 v dot_0/fp4_dot_0/add6/_0814_/X (sky130_fd_sc_hd__a32o_1)
                                         dot_0/fp4_dot_0/add6/_0295_ (net)
                  0.05    0.00   34.79 v dot_0/fp4_dot_0/add6/_0818_/A1 (sky130_fd_sc_hd__o32ai_1)
     2    0.01    0.44    0.45   35.24 ^ dot_0/fp4_dot_0/add6/_0818_/Y (sky130_fd_sc_hd__o32ai_1)
                                         dot_0/fp4_dot_0/add6/_0299_ (net)
                  0.44    0.00   35.24 ^ dot_0/fp4_dot_0/add6/_0909_/A2 (sky130_fd_sc_hd__a21oi_1)
     2    0.01    0.12    0.18   35.41 v dot_0/fp4_dot_0/add6/_0909_/Y (sky130_fd_sc_hd__a21oi_1)
                                         dot_0/fp4_dot_0/add6/_0390_ (net)
                  0.12    0.00   35.41 v dot_0/fp4_dot_0/add6/_0910_/A2 (sky130_fd_sc_hd__o21ai_1)
     2    0.01    0.21    0.22   35.64 ^ dot_0/fp4_dot_0/add6/_0910_/Y (sky130_fd_sc_hd__o21ai_1)
                                         dot_0/fp4_dot_0/add6/_0147_ (net)
                  0.21    0.00   35.64 ^ dot_0/fp4_dot_0/add6/_1255_/A (sky130_fd_sc_hd__ha_1)
     2    0.01    0.08    0.29   35.93 v dot_0/fp4_dot_0/add6/_1255_/SUM (sky130_fd_sc_hd__ha_1)
                                         dot_0/fp4_dot_0/add6/_0149_ (net)
                  0.08    0.00   35.93 v dot_0/fp4_dot_0/add6/_0746_/B (sky130_fd_sc_hd__and4b_1)
     5    0.03    0.14    0.28   36.21 v dot_0/fp4_dot_0/add6/_0746_/X (sky130_fd_sc_hd__and4b_1)
                                         dot_0/fp4_dot_0/add6/_0249_ (net)
                  0.14    0.00   36.21 v dot_0/fp4_dot_0/add6/_0774_/B1 (sky130_fd_sc_hd__a21o_1)
     5    0.03    0.15    0.29   36.50 v dot_0/fp4_dot_0/add6/_0774_/X (sky130_fd_sc_hd__a21o_1)
                                         dot_0/fp4_dot_0/add6/_0261_ (net)
                  0.15    0.00   36.51 v dot_0/fp4_dot_0/add6/_0819_/D1 (sky130_fd_sc_hd__a2111o_1)
     2    0.01    0.11    0.38   36.88 v dot_0/fp4_dot_0/add6/_0819_/X (sky130_fd_sc_hd__a2111o_1)
                                         dot_0/fp4_dot_0/add6/_0300_ (net)
                  0.11    0.00   36.88 v dot_0/fp4_dot_0/add6/_0827_/B (sky130_fd_sc_hd__and3_1)
     2    0.01    0.06    0.21   37.09 v dot_0/fp4_dot_0/add6/_0827_/X (sky130_fd_sc_hd__and3_1)
                                         dot_0/fp4_dot_0/add6/_0308_ (net)
                  0.06    0.00   37.09 v dot_0/fp4_dot_0/add6/_0975_/B (sky130_fd_sc_hd__nor2_1)
     2    0.01    0.14    0.14   37.23 ^ dot_0/fp4_dot_0/add6/_0975_/Y (sky130_fd_sc_hd__nor2_1)
                                         dot_0/fp4_dot_0/add6/_0446_ (net)
                  0.14    0.00   37.23 ^ dot_0/fp4_dot_0/add6/_0976_/B1 (sky130_fd_sc_hd__a21oi_1)
     1    0.00    0.05    0.05   37.28 v dot_0/fp4_dot_0/add6/_0976_/Y (sky130_fd_sc_hd__a21oi_1)
                                         dot_0/fp4_dot_0/add6/_0447_ (net)
                  0.05    0.00   37.28 v dot_0/fp4_dot_0/add6/_0977_/D (sky130_fd_sc_hd__or4_1)
     1    0.00    0.08    0.39   37.67 v dot_0/fp4_dot_0/add6/_0977_/X (sky130_fd_sc_hd__or4_1)
                                         dot_0/fp4_dot_0/add6/_0448_ (net)
                  0.08    0.00   37.67 v dot_0/fp4_dot_0/add6/_0987_/C1 (sky130_fd_sc_hd__o2111ai_1)
     2    0.01    0.38    0.19   37.87 ^ dot_0/fp4_dot_0/add6/_0987_/Y (sky130_fd_sc_hd__o2111ai_1)
                                         dot_0/fp4_dot_0/add6/_0000_ (net)
                  0.38    0.00   37.87 ^ dot_0/fp4_dot_0/add6/_1184_/B1 (sky130_fd_sc_hd__a21oi_1)
     2    0.01    0.11    0.12   37.98 v dot_0/fp4_dot_0/add6/_1184_/Y (sky130_fd_sc_hd__a21oi_1)
                                         dot_0/fp4_dot_0/add6/_0621_ (net)
                  0.11    0.00   37.98 v dot_0/fp4_dot_0/add6/_1191_/A1 (sky130_fd_sc_hd__o21a_1)
     1    0.00    0.03    0.20   38.18 v dot_0/fp4_dot_0/add6/_1191_/X (sky130_fd_sc_hd__o21a_1)
                                         dot_0/fp4_dot_0/add6/_0628_ (net)
                  0.03    0.00   38.18 v dot_0/fp4_dot_0/add6/_1192_/C1 (sky130_fd_sc_hd__a221oi_1)
     1    0.00    0.27    0.24   38.42 ^ dot_0/fp4_dot_0/add6/_1192_/Y (sky130_fd_sc_hd__a221oi_1)
                                         dot_0/fp4_dot_0/add6/_0002_ (net)
                  0.27    0.00   38.42 ^ dot_0/fp4_dot_0/add6/_1257_/B (sky130_fd_sc_hd__ha_1)
     1    0.00    0.06    0.21   38.63 ^ dot_0/fp4_dot_0/add6/_1257_/COUT (sky130_fd_sc_hd__ha_1)
                                         dot_0/fp4_dot_0/add6/_0638_ (net)
                  0.06    0.00   38.63 ^ dot_0/fp4_dot_0/add6/_1212_/A (sky130_fd_sc_hd__ha_1)
     1    0.01    0.14    0.21   38.84 ^ dot_0/fp4_dot_0/add6/_1212_/COUT (sky130_fd_sc_hd__ha_1)
                                         dot_0/fp4_dot_0/add6/_0029_ (net)
                  0.14    0.00   38.84 ^ dot_0/fp4_dot_0/add6/_0900_/B1 (sky130_fd_sc_hd__o41ai_4)
     2    0.02    0.09    0.12   38.96 v dot_0/fp4_dot_0/add6/_0900_/Y (sky130_fd_sc_hd__o41ai_4)
                                         dot_0/fp4_dot_0/add6/_0381_ (net)
                  0.09    0.00   38.96 v dot_0/fp4_dot_0/add6/_0901_/C1 (sky130_fd_sc_hd__a211oi_4)
     4    0.02    0.32    0.29   39.26 ^ dot_0/fp4_dot_0/add6/_0901_/Y (sky130_fd_sc_hd__a211oi_4)
                                         dot_0/fp4_dot_0/add6/_0382_ (net)
                  0.32    0.00   39.26 ^ dot_0/fp4_dot_0/add6/_0902_/B (sky130_fd_sc_hd__nand2_2)
     2    0.01    0.07    0.10   39.36 v dot_0/fp4_dot_0/add6/_0902_/Y (sky130_fd_sc_hd__nand2_2)
                                         dot_0/fp4_dot_0/add6/_0383_ (net)
                  0.07    0.00   39.36 v dot_0/fp4_dot_0/add6/_0934_/A2 (sky130_fd_sc_hd__o311a_4)
     6    0.02    0.08    0.40   39.75 v dot_0/fp4_dot_0/add6/_0934_/X (sky130_fd_sc_hd__o311a_4)
                                         dot_0/fp4_dot_0/add6/_0413_ (net)
                  0.08    0.00   39.76 v dot_0/fp4_dot_0/add6/place23729/A (sky130_fd_sc_hd__buf_4)
     2    0.01    0.03    0.14   39.90 v dot_0/fp4_dot_0/add6/place23729/X (sky130_fd_sc_hd__buf_4)
                                         dot_0/fp4_dot_0/add6/net23728 (net)
                  0.03    0.00   39.90 v dot_0/fp4_dot_0/add6/_1143_/A1 (sky130_fd_sc_hd__a21oi_1)
     1    0.00    0.11    0.11   40.01 ^ dot_0/fp4_dot_0/add6/_1143_/Y (sky130_fd_sc_hd__a21oi_1)
                                         dot_0/fp4_dot_0/add6/_0589_ (net)
                  0.11    0.00   40.01 ^ dot_0/fp4_dot_0/add6/_1144_/A2_N (sky130_fd_sc_hd__a2bb2oi_1)
     1    0.01    0.30    0.30   40.31 ^ dot_0/fp4_dot_0/add6/_1144_/Y (sky130_fd_sc_hd__a2bb2oi_1)
                                         dot_0/dot_out[2] (net)
                  0.30    0.00   40.31 ^ dot_0/fifo_timer_r/place23726/A (sky130_fd_sc_hd__buf_4)
    16    0.05    0.15    0.26   40.57 ^ dot_0/fifo_timer_r/place23726/X (sky130_fd_sc_hd__buf_4)
                                         dot_0/fifo_timer_r/net23725 (net)
                  0.15    0.00   40.57 ^ dot_0/fifo_timer_r/mem[3][2]$_DFFE_PP_/D (sky130_fd_sc_hd__edfxtp_1)
                                 40.57   data arrival time

                  0.15   12.50   12.50   clock clk_s5 (rise edge)
                          0.00   12.50   clock network delay (ideal)
                         -0.25   12.25   clock uncertainty
                          0.00   12.25   clock reconvergence pessimism
                                 12.25 ^ dot_0/fifo_timer_r/mem[3][2]$_DFFE_PP_/CLK (sky130_fd_sc_hd__edfxtp_1)
                         -0.14   12.11   library setup time
                                 12.11   data required time
-----------------------------------------------------------------------------
                                 12.11   data required time
                                -40.57   data arrival time
-----------------------------------------------------------------------------
                                -28.47   slack (VIOLATED)


Startpoint: dot_clk_div/clk_div[0]$_SDFF_PP0_/Q
            (clock source 'dot_clk_div_clk_div2')
Endpoint: dot_clk_div/clk_div[1]$_SDFF_PP0_
          (rising edge-triggered flip-flop clocked by clk_s5_gate)
Path Group: clk_s5_gate
Path Type: max

Fanout     Cap    Slew   Delay    Time   Description
-----------------------------------------------------------------------------
                  0.15   12.50   12.50   clock dot_clk_div_clk_div2 (fall edge)
     3    0.01    0.04    0.00   12.50 v dot_clk_div/clk_div[0]$_SDFF_PP0_/Q (sky130_fd_sc_hd__dfxtp_1)
                                         dot_clk_div/clk_div2 (net)
                  0.04    0.00   12.50 v dot_clk_div/_11_/A (sky130_fd_sc_hd__ha_1)
     1    0.00    0.04    0.27   12.77 v dot_clk_div/_11_/SUM (sky130_fd_sc_hd__ha_1)
                                         dot_clk_div/_01_ (net)
                  0.04    0.00   12.77 v dot_clk_div/_06_/B_N (sky130_fd_sc_hd__nor2b_1)
     1    0.00    0.05    0.12   12.89 v dot_clk_div/_06_/Y (sky130_fd_sc_hd__nor2b_1)
                                         dot_clk_div/_02_ (net)
                  0.05    0.00   12.89 v dot_clk_div/clk_div[1]$_SDFF_PP0_/D (sky130_fd_sc_hd__dfxtp_1)
                                 12.89   data arrival time

                  0.15   25.00   25.00   clock clk_s5_gate (rise edge)
                          0.00   25.00   clock network delay (ideal)
                         -0.25   24.75   clock uncertainty
                          0.00   24.75   clock reconvergence pessimism
                                 24.75 ^ dot_clk_div/clk_div[1]$_SDFF_PP0_/CLK (sky130_fd_sc_hd__dfxtp_1)
                         -0.09   24.66   library setup time
                                 24.66   data required time
-----------------------------------------------------------------------------
                                 24.66   data required time
                                -12.89   data arrival time
-----------------------------------------------------------------------------
                                 11.77   slack (MET)


Startpoint: processor_0/pipeline_ex_mem/alu_out_out[29]$_SDFFE_PP0N_
            (rising edge-triggered flip-flop clocked by clk1)
Endpoint: main_memory_0/mem[17][27]$_DFFE_PP_
          (rising edge-triggered flip-flop clocked by clk_s8)
Path Group: clk_s8
Path Type: max

Fanout     Cap    Slew   Delay    Time   Description
-----------------------------------------------------------------------------
                  0.15    0.00    0.00   clock clk1 (rise edge)
                          0.00    0.00   clock network delay (ideal)
                  0.15    0.00    0.00 ^ processor_0/pipeline_ex_mem/alu_out_out[29]$_SDFFE_PP0N_/CLK (sky130_fd_sc_hd__dfxtp_1)
     2    0.12    1.10    1.07    1.07 ^ processor_0/pipeline_ex_mem/alu_out_out[29]$_SDFFE_PP0N_/Q (sky130_fd_sc_hd__dfxtp_1)
                                         addr_m_axi[29] (net)
                  1.10    0.00    1.08 ^ _1528_/C (sky130_fd_sc_hd__and4b_1)
     2    0.10    0.95    0.96    2.04 ^ _1528_/X (sky130_fd_sc_hd__and4b_1)
                                         _0108_ (net)
                  0.95    0.03    2.07 ^ _1530_/C (sky130_fd_sc_hd__nand4_2)
     3    0.06    0.53    0.57    2.64 v _1530_/Y (sky130_fd_sc_hd__nand4_2)
                                         _0110_ (net)
                  0.53    0.01    2.65 v _1535_/A (sky130_fd_sc_hd__nor2_4)
    17    0.11    0.66    0.71    3.36 ^ _1535_/Y (sky130_fd_sc_hd__nor2_4)
                                         _0115_ (net)
                  0.66    0.01    3.37 ^ _3198_/B (sky130_fd_sc_hd__nand2_1)
     1    0.02    0.24    0.31    3.67 v _3198_/Y (sky130_fd_sc_hd__nand2_1)
                                         _1507_ (net)
                  0.24    0.00    3.68 v _3200_/A (sky130_fd_sc_hd__nand2_1)
     3    0.02    0.17    0.22    3.90 ^ _3200_/Y (sky130_fd_sc_hd__nand2_1)
                                         m1_aw_valid (net)
                  0.17    0.00    3.90 ^ interconnect_0/place31477/A (sky130_fd_sc_hd__buf_4)
    11    0.15    0.42    0.40    4.30 ^ interconnect_0/place31477/X (sky130_fd_sc_hd__buf_4)
                                         interconnect_0/net31476 (net)
                  0.42    0.00    4.30 ^ interconnect_0/_0811_/B (sky130_fd_sc_hd__nand3b_1)
     2    0.01    0.12    0.15    4.46 v interconnect_0/_0811_/Y (sky130_fd_sc_hd__nand3b_1)
                                         interconnect_0/_0036_ (net)
                  0.12    0.00    4.46 v interconnect_0/_0812_/D1 (sky130_fd_sc_hd__o2111ai_1)
     6    0.02    0.54    0.25    4.70 ^ interconnect_0/_0812_/Y (sky130_fd_sc_hd__o2111ai_1)
                                         interconnect_0/_0037_ (net)
                  0.54    0.00    4.70 ^ interconnect_0/_0879_/A1 (sky130_fd_sc_hd__a211oi_1)
     2    0.01    0.17    0.21    4.92 v interconnect_0/_0879_/Y (sky130_fd_sc_hd__a211oi_1)
                                         interconnect_0/_0104_ (net)
                  0.17    0.00    4.92 v interconnect_0/_0909_/A1 (sky130_fd_sc_hd__o21a_1)
     3    0.02    0.09    0.28    5.20 v interconnect_0/_0909_/X (sky130_fd_sc_hd__o21a_1)
                                         interconnect_0/_0134_ (net)
                  0.09    0.00    5.20 v interconnect_0/_0913_/B (sky130_fd_sc_hd__nor3_1)
     2    0.01    0.43    0.40    5.59 ^ interconnect_0/_0913_/Y (sky130_fd_sc_hd__nor3_1)
                                         interconnect_0/_0138_ (net)
                  0.43    0.00    5.60 ^ interconnect_0/_2502_/A2 (sky130_fd_sc_hd__a22o_1)
     6    0.07    0.64    0.63    6.23 ^ interconnect_0/_2502_/X (sky130_fd_sc_hd__a22o_1)
                                         s8_dw_valid (net)
                  0.64    0.01    6.24 ^ memory_axi_0/_1165_/A2 (sky130_fd_sc_hd__a21oi_1)
     1    0.00    0.11    0.15    6.38 v memory_axi_0/_1165_/Y (sky130_fd_sc_hd__a21oi_1)
                                         memory_axi_0/_0558_ (net)
                  0.11    0.00    6.38 v memory_axi_0/_1166_/B (sky130_fd_sc_hd__nor2_1)
     2    0.01    0.16    0.17    6.55 ^ memory_axi_0/_1166_/Y (sky130_fd_sc_hd__nor2_1)
                                         mem_en (net)
                  0.16    0.00    6.55 ^ _3139_/A (sky130_fd_sc_hd__and2_1)
     1    0.01    0.15    0.22    6.78 ^ _3139_/X (sky130_fd_sc_hd__and2_1)
                                         _0000_ (net)
                  0.15    0.00    6.78 ^ main_memory_0/place29677/A (sky130_fd_sc_hd__buf_4)
     8    0.09    0.26    0.29    7.06 ^ main_memory_0/place29677/X (sky130_fd_sc_hd__buf_4)
                                         main_memory_0/net29676 (net)
                  0.26    0.02    7.09 ^ main_memory_0/_4310_/A (sky130_fd_sc_hd__nand2_1)
     8    0.04    0.27    0.30    7.38 v main_memory_0/_4310_/Y (sky130_fd_sc_hd__nand2_1)
                                         main_memory_0/_2144_ (net)
                  0.27    0.00    7.39 v main_memory_0/_4321_/B (sky130_fd_sc_hd__nor2_1)
     7    0.07    1.15    0.95    8.33 ^ main_memory_0/_4321_/Y (sky130_fd_sc_hd__nor2_1)
                                         main_memory_0/_0040_ (net)
                  1.15    0.00    8.33 ^ main_memory_0/place28028/A (sky130_fd_sc_hd__buf_4)
    15    0.13    0.36    0.50    8.84 ^ main_memory_0/place28028/X (sky130_fd_sc_hd__buf_4)
                                         main_memory_0/net28027 (net)
                  0.37    0.01    8.85 ^ main_memory_0/mem[17][27]$_DFFE_PP_/DE (sky130_fd_sc_hd__edfxtp_1)
                                  8.85   data arrival time

                  0.15   10.00   10.00   clock clk_s8 (rise edge)
                          0.00   10.00   clock network delay (ideal)
                         -0.25    9.75   clock uncertainty
                          0.00    9.75   clock reconvergence pessimism
                                  9.75 ^ main_memory_0/mem[17][27]$_DFFE_PP_/CLK (sky130_fd_sc_hd__edfxtp_1)
                         -0.31    9.44   library setup time
                                  9.44   data required time
-----------------------------------------------------------------------------
                                  9.44   data required time
                                 -8.85   data arrival time
-----------------------------------------------------------------------------
                                  0.60   slack (MET)



==========================================================================
detailed place report_check_types -max_slew -max_cap -max_fanout -violators
--------------------------------------------------------------------------
max slew

Pin                                    Limit    Slew   Slack
------------------------------------------------------------
uart_0/uart_0/_1370_/Y                  1.49    1.56   -0.07 (VIOLATED)
uart_0/fifo_uart_r/mem[11][24]$_DFFE_PP_/D    1.50    1.56   -0.06 (VIOLATED)
uart_0/fifo_uart_r/mem[9][24]$_DFFE_PP_/D    1.50    1.56   -0.06 (VIOLATED)
uart_0/fifo_uart_r/mem[10][24]$_DFFE_PP_/D    1.50    1.56   -0.06 (VIOLATED)
uart_0/fifo_uart_r/mem[8][24]$_DFFE_PP_/D    1.50    1.56   -0.06 (VIOLATED)
uart_0/fifo_uart_r/mem[14][24]$_DFFE_PP_/D    1.50    1.56   -0.06 (VIOLATED)
uart_0/fifo_uart_r/mem[15][24]$_DFFE_PP_/D    1.50    1.56   -0.06 (VIOLATED)
uart_0/fifo_uart_r/mem[13][24]$_DFFE_PP_/D    1.50    1.56   -0.06 (VIOLATED)
uart_0/fifo_uart_r/mem[7][24]$_DFFE_PP_/D    1.50    1.56   -0.06 (VIOLATED)
uart_0/fifo_uart_r/mem[3][24]$_DFFE_PP_/D    1.50    1.56   -0.06 (VIOLATED)
uart_0/fifo_uart_r/mem[12][24]$_DFFE_PP_/D    1.50    1.56   -0.06 (VIOLATED)
uart_0/fifo_uart_r/mem[2][24]$_DFFE_PP_/D    1.50    1.56   -0.06 (VIOLATED)
uart_0/fifo_uart_r/mem[6][24]$_DFFE_PP_/D    1.50    1.56   -0.06 (VIOLATED)
uart_0/fifo_uart_r/mem[0][24]$_DFFE_PP_/D    1.50    1.56   -0.06 (VIOLATED)
uart_0/fifo_uart_r/mem[1][24]$_DFFE_PP_/D    1.50    1.56   -0.06 (VIOLATED)
uart_0/fifo_uart_r/mem[4][24]$_DFFE_PP_/D    1.50    1.56   -0.06 (VIOLATED)
uart_0/fifo_uart_r/mem[5][24]$_DFFE_PP_/D    1.50    1.56   -0.06 (VIOLATED)

max capacitance

Pin                                    Limit     Cap   Slack
------------------------------------------------------------
uart_0/uart_0/_1370_/Y                  0.09    0.09   -0.01 (VIOLATED)


==========================================================================
detailed place max_slew_check_slack
--------------------------------------------------------------------------
-0.06827749311923981

==========================================================================
detailed place max_slew_check_limit
--------------------------------------------------------------------------
1.4944789409637451

==========================================================================
detailed place max_slew_check_slack_limit
--------------------------------------------------------------------------
-0.0457

==========================================================================
detailed place max_fanout_check_slack
--------------------------------------------------------------------------
0.0

==========================================================================
detailed place max_fanout_check_limit
--------------------------------------------------------------------------
20.0

==========================================================================
detailed place max_fanout_check_slack_limit
--------------------------------------------------------------------------
0.0000

==========================================================================
detailed place max_capacitance_check_slack
--------------------------------------------------------------------------
-0.005079568363726139

==========================================================================
detailed place max_capacitance_check_limit
--------------------------------------------------------------------------
0.0860700011253357

==========================================================================
detailed place max_capacitance_check_slack_limit
--------------------------------------------------------------------------
-0.0590

==========================================================================
detailed place max_slew_violation_count
--------------------------------------------------------------------------
max slew violation count 17

==========================================================================
detailed place max_fanout_violation_count
--------------------------------------------------------------------------
max fanout violation count 0

==========================================================================
detailed place max_cap_violation_count
--------------------------------------------------------------------------
max cap violation count 1

==========================================================================
detailed place setup_violation_count
--------------------------------------------------------------------------
setup violation count 367

==========================================================================
detailed place hold_violation_count
--------------------------------------------------------------------------
hold violation count 4

==========================================================================
detailed place report_checks -path_delay max reg to reg
--------------------------------------------------------------------------
Startpoint: processor_0/pipeline_ex_mem/alu_out_out[29]$_SDFFE_PP0N_
            (rising edge-triggered flip-flop clocked by clk1)
Endpoint: soc_obs[23]$_SDFF_PP0_
          (rising edge-triggered flip-flop clocked by clk1)
Path Group: clk1
Path Type: max

  Delay    Time   Description
---------------------------------------------------------
   0.00    0.00   clock clk1 (rise edge)
   0.00    0.00   clock network delay (ideal)
   0.00    0.00 ^ processor_0/pipeline_ex_mem/alu_out_out[29]$_SDFFE_PP0N_/CLK (sky130_fd_sc_hd__dfxtp_1)
   1.07    1.07 ^ processor_0/pipeline_ex_mem/alu_out_out[29]$_SDFFE_PP0N_/Q (sky130_fd_sc_hd__dfxtp_1)
   0.97    2.04 ^ _1528_/X (sky130_fd_sc_hd__and4b_1)
   0.85    2.89 ^ _1542_/X (sky130_fd_sc_hd__and4_1)
   0.22    3.12 v _1546_/Y (sky130_fd_sc_hd__nand2_1)
   0.23    3.34 v place32189/X (sky130_fd_sc_hd__buf_12)
   0.24    3.58 v place32188/X (sky130_fd_sc_hd__buf_4)
   0.08    3.66 ^ _1721_/Y (sky130_fd_sc_hd__nand2_1)
   0.31    3.97 v _1722_/Y (sky130_fd_sc_hd__nand2_1)
   0.58    4.55 ^ interconnect_0/_0821_/Y (sky130_fd_sc_hd__nor4_1)
   0.23    4.77 v interconnect_0/_0822_/Y (sky130_fd_sc_hd__nor2_1)
   0.43    5.21 ^ interconnect_0/_0838_/Y (sky130_fd_sc_hd__nor3_1)
   0.32    5.52 v interconnect_0/_0873_/Y (sky130_fd_sc_hd__a31oi_1)
   0.27    5.80 v interconnect_0/_0885_/X (sky130_fd_sc_hd__a21o_1)
   0.40    6.20 ^ interconnect_0/_0894_/Y (sky130_fd_sc_hd__nor4_2)
   0.23    6.43 ^ interconnect_0/_2483_/X (sky130_fd_sc_hd__a22o_1)
   0.44    6.87 ^ dot_0/_415_/X (sky130_fd_sc_hd__and4b_1)
   0.46    7.33 v dot_0/fifo_timer_r/_386_/X (sky130_fd_sc_hd__a21bo_2)
   0.32    7.65 v dot_0/fifo_timer_r/place29608/X (sky130_fd_sc_hd__buf_4)
   0.60    8.25 ^ dot_0/fifo_timer_r/_463_/Y (sky130_fd_sc_hd__nor3_1)
   0.30    8.55 ^ dot_0/place29038/X (sky130_fd_sc_hd__buf_4)
   0.20    8.76 ^ dot_0/_177_/X (sky130_fd_sc_hd__and2_1)
   0.16    8.92 ^ place28203/X (sky130_fd_sc_hd__buf_12)
   0.12    9.04 v _2462_/Y (sky130_fd_sc_hd__xnor2_1)
   0.17    9.21 v _2464_/Y (sky130_fd_sc_hd__xnor2_1)
   0.33    9.54 ^ _2468_/Y (sky130_fd_sc_hd__xnor2_1)
   0.25    9.79 ^ place25941/X (sky130_fd_sc_hd__buf_4)
   0.13    9.93 v _2469_/Y (sky130_fd_sc_hd__o211ai_1)
   0.31   10.23 ^ _2484_/Y (sky130_fd_sc_hd__a211oi_1)
   0.11   10.34 v _2486_/Y (sky130_fd_sc_hd__nor3b_2)
   0.17   10.52 v place25840/X (sky130_fd_sc_hd__buf_12)
   0.02   10.54 v soc_obs[23]$_SDFF_PP0_/D (sky130_fd_sc_hd__dfxtp_1)
          10.54   data arrival time

  10.00   10.00   clock clk1 (rise edge)
   0.00   10.00   clock network delay (ideal)
  -0.25    9.75   clock uncertainty
   0.00    9.75   clock reconvergence pessimism
           9.75 ^ soc_obs[23]$_SDFF_PP0_/CLK (sky130_fd_sc_hd__dfxtp_1)
  -0.10    9.65   library setup time
           9.65   data required time
---------------------------------------------------------
           9.65   data required time
         -10.54   data arrival time
---------------------------------------------------------
          -0.88   slack (VIOLATED)


Startpoint: timer_0/fifo_timer_w/counter_2[2]$_SDFFE_PP0P_
            (rising edge-triggered flip-flop clocked by clk_s1)
Endpoint: timer_0/fifo_timer_r/mem[4][4]$_DFFE_PP_
          (rising edge-triggered flip-flop clocked by clk_s1)
Path Group: clk_s1
Path Type: max

  Delay    Time   Description
---------------------------------------------------------
   0.00    0.00   clock clk_s1 (rise edge)
   0.00    0.00   clock network delay (ideal)
   0.00    0.00 ^ timer_0/fifo_timer_w/counter_2[2]$_SDFFE_PP0P_/CLK (sky130_fd_sc_hd__dfxtp_1)
   0.81    0.81 ^ timer_0/fifo_timer_w/counter_2[2]$_SDFFE_PP0P_/Q (sky130_fd_sc_hd__dfxtp_1)
   0.47    1.28 ^ timer_0/fifo_timer_w/place31546/X (sky130_fd_sc_hd__buf_4)
   0.33    1.61 v timer_0/fifo_timer_w/_888_/SUM (sky130_fd_sc_hd__ha_1)
   0.19    1.80 v timer_0/fifo_timer_w/_447_/X (sky130_fd_sc_hd__xor2_1)
   0.37    2.17 ^ timer_0/fifo_timer_w/_450_/Y (sky130_fd_sc_hd__nor4_4)
   0.36    2.54 ^ timer_0/fifo_timer_w/_872_/X (sky130_fd_sc_hd__and2_1)
   0.18    2.72 v timer_0/_337_/Y (sky130_fd_sc_hd__inv_1)
   0.68    3.41 ^ timer_0/fifo_timer_w/_453_/X (sky130_fd_sc_hd__a21bo_1)
   0.16    3.56 v timer_0/fifo_timer_w/_535_/Y (sky130_fd_sc_hd__nor3_2)
   0.43    4.00 ^ timer_0/timer_0/_0548_/Y (sky130_fd_sc_hd__nor4b_1)
   0.64    4.63 v timer_0/timer_0/_0550_/Y (sky130_fd_sc_hd__nand3b_1)
   0.47    5.11 v timer_0/timer_0/place29688/X (sky130_fd_sc_hd__buf_4)
   1.11    6.22 ^ timer_0/timer_0/_0678_/Y (sky130_fd_sc_hd__nor2_1)
   0.02    6.23 ^ timer_0/fifo_timer_r/mem[4][4]$_DFFE_PP_/D (sky130_fd_sc_hd__edfxtp_1)
           6.23   data arrival time

  25.00   25.00   clock clk_s1 (rise edge)
   0.00   25.00   clock network delay (ideal)
  -0.25   24.75   clock uncertainty
   0.00   24.75   clock reconvergence pessimism
          24.75 ^ timer_0/fifo_timer_r/mem[4][4]$_DFFE_PP_/CLK (sky130_fd_sc_hd__edfxtp_1)
  -0.39   24.36   library setup time
          24.36   data required time
---------------------------------------------------------
          24.36   data required time
          -6.23   data arrival time
---------------------------------------------------------
          18.13   slack (MET)


Startpoint: timer_clk_div/clk_div[0]$_SDFF_PP0_/Q
            (clock source 'timer_clk_div_clk_div2')
Endpoint: timer_clk_div/clk_div[1]$_SDFF_PP0_
          (rising edge-triggered flip-flop clocked by clk_s1_gate)
Path Group: clk_s1_gate
Path Type: max

  Delay    Time   Description
---------------------------------------------------------
  25.00   25.00   clock timer_clk_div_clk_div2 (fall edge)
   0.00   25.00 v timer_clk_div/clk_div[0]$_SDFF_PP0_/Q (sky130_fd_sc_hd__dfxtp_1)
   0.27   25.27 v timer_clk_div/_11_/SUM (sky130_fd_sc_hd__ha_1)
   0.12   25.39 v timer_clk_div/_06_/Y (sky130_fd_sc_hd__nor2b_1)
   0.00   25.39 v timer_clk_div/clk_div[1]$_SDFF_PP0_/D (sky130_fd_sc_hd__dfxtp_1)
          25.39   data arrival time

  50.00   50.00   clock clk_s1_gate (rise edge)
   0.00   50.00   clock network delay (ideal)
  -0.25   49.75   clock uncertainty
   0.00   49.75   clock reconvergence pessimism
          49.75 ^ timer_clk_div/clk_div[1]$_SDFF_PP0_/CLK (sky130_fd_sc_hd__dfxtp_1)
  -0.09   49.66   library setup time
          49.66   data required time
---------------------------------------------------------
          49.66   data required time
         -25.39   data arrival time
---------------------------------------------------------
          24.27   slack (MET)


Startpoint: gpio_0/fifo_timer_w/counter_2[2]$_SDFFE_PP0P_
            (rising edge-triggered flip-flop clocked by clk_s2)
Endpoint: gpio_0/fifo_timer_r/mem[10][17]$_DFFE_PP_
          (rising edge-triggered flip-flop clocked by clk_s2)
Path Group: clk_s2
Path Type: max

  Delay    Time   Description
---------------------------------------------------------
   0.00    0.00   clock clk_s2 (rise edge)
   0.00    0.00   clock network delay (ideal)
   0.00    0.00 ^ gpio_0/fifo_timer_w/counter_2[2]$_SDFFE_PP0P_/CLK (sky130_fd_sc_hd__dfxtp_1)
   0.70    0.70 ^ gpio_0/fifo_timer_w/counter_2[2]$_SDFFE_PP0P_/Q (sky130_fd_sc_hd__dfxtp_1)
   0.38    1.08 v gpio_0/fifo_timer_w/_888_/SUM (sky130_fd_sc_hd__ha_1)
   0.20    1.29 v gpio_0/fifo_timer_w/_447_/X (sky130_fd_sc_hd__xor2_1)
   0.48    1.77 ^ gpio_0/fifo_timer_w/_450_/Y (sky130_fd_sc_hd__nor4_4)
   0.45    2.23 ^ gpio_0/fifo_timer_w/_872_/X (sky130_fd_sc_hd__and2_1)
   0.43    2.66 v gpio_0/_335_/Y (sky130_fd_sc_hd__inv_1)
   0.80    3.46 ^ gpio_0/fifo_timer_w/_453_/X (sky130_fd_sc_hd__a21bo_1)
   0.32    3.78 v gpio_0/fifo_timer_w/_479_/Y (sky130_fd_sc_hd__nor3_2)
   0.96    4.74 ^ gpio_0/gpio_0/_2050_/Y (sky130_fd_sc_hd__nor4_4)
   0.74    5.49 v gpio_0/gpio_0/_2052_/Y (sky130_fd_sc_hd__nand3_1)
   0.47    5.96 v gpio_0/gpio_0/place29931/X (sky130_fd_sc_hd__buf_4)
   0.30    6.26 ^ gpio_0/gpio_0/_2223_/Y (sky130_fd_sc_hd__a31oi_1)
   0.64    6.90 ^ gpio_0/gpio_0/_2224_/X (sky130_fd_sc_hd__a21o_1)
   0.02    6.92 ^ gpio_0/fifo_timer_r/mem[10][17]$_DFFE_PP_/D (sky130_fd_sc_hd__edfxtp_1)
           6.92   data arrival time

  20.00   20.00   clock clk_s2 (rise edge)
   0.00   20.00   clock network delay (ideal)
  -0.25   19.75   clock uncertainty
   0.00   19.75   clock reconvergence pessimism
          19.75 ^ gpio_0/fifo_timer_r/mem[10][17]$_DFFE_PP_/CLK (sky130_fd_sc_hd__edfxtp_1)
  -0.29   19.46   library setup time
          19.46   data required time
---------------------------------------------------------
          19.46   data required time
          -6.92   data arrival time
---------------------------------------------------------
          12.54   slack (MET)


Startpoint: gpio_clk_div/clk_div[0]$_SDFF_PP0_/Q
            (clock source 'gpio_clk_div_clk_div2')
Endpoint: gpio_clk_div/clk_div[1]$_SDFF_PP0_
          (rising edge-triggered flip-flop clocked by clk_s2_gate)
Path Group: clk_s2_gate
Path Type: max

  Delay    Time   Description
---------------------------------------------------------
  20.00   20.00   clock gpio_clk_div_clk_div2 (fall edge)
   0.00   20.00 v gpio_clk_div/clk_div[0]$_SDFF_PP0_/Q (sky130_fd_sc_hd__dfxtp_1)
   0.27   20.27 v gpio_clk_div/_11_/SUM (sky130_fd_sc_hd__ha_1)
   0.12   20.39 v gpio_clk_div/_06_/Y (sky130_fd_sc_hd__nor2b_1)
   0.00   20.39 v gpio_clk_div/clk_div[1]$_SDFF_PP0_/D (sky130_fd_sc_hd__dfxtp_1)
          20.39   data arrival time

  40.00   40.00   clock clk_s2_gate (rise edge)
   0.00   40.00   clock network delay (ideal)
  -0.25   39.75   clock uncertainty
   0.00   39.75   clock reconvergence pessimism
          39.75 ^ gpio_clk_div/clk_div[1]$_SDFF_PP0_/CLK (sky130_fd_sc_hd__dfxtp_1)
  -0.09   39.66   library setup time
          39.66   data required time
---------------------------------------------------------
          39.66   data required time
         -20.39   data arrival time
---------------------------------------------------------
          19.27   slack (MET)


Startpoint: processor_0/pipeline_ex_mem/alu_out_out[29]$_SDFFE_PP0N_
            (rising edge-triggered flip-flop clocked by clk1)
Endpoint: dma_config_0/dma_0/buffer_dma[24]$_SDFFE_PP0P_
          (rising edge-triggered flip-flop clocked by clk_s3)
Path Group: clk_s3
Path Type: max

  Delay    Time   Description
---------------------------------------------------------
   0.00    0.00   clock clk1 (rise edge)
   0.00    0.00   clock network delay (ideal)
   0.00    0.00 ^ processor_0/pipeline_ex_mem/alu_out_out[29]$_SDFFE_PP0N_/CLK (sky130_fd_sc_hd__dfxtp_1)
   1.07    1.07 ^ processor_0/pipeline_ex_mem/alu_out_out[29]$_SDFFE_PP0N_/Q (sky130_fd_sc_hd__dfxtp_1)
   0.97    2.04 ^ _1528_/X (sky130_fd_sc_hd__and4b_1)
   0.85    2.89 ^ _1542_/X (sky130_fd_sc_hd__and4_1)
   0.22    3.12 v _1546_/Y (sky130_fd_sc_hd__nand2_1)
   0.23    3.34 v place32189/X (sky130_fd_sc_hd__buf_12)
   0.24    3.58 v place32188/X (sky130_fd_sc_hd__buf_4)
   0.08    3.66 ^ _1721_/Y (sky130_fd_sc_hd__nand2_1)
   0.31    3.97 v _1722_/Y (sky130_fd_sc_hd__nand2_1)
   0.58    4.55 ^ interconnect_0/_0821_/Y (sky130_fd_sc_hd__nor4_1)
   0.23    4.77 v interconnect_0/_0822_/Y (sky130_fd_sc_hd__nor2_1)
   0.43    5.21 ^ interconnect_0/_0838_/Y (sky130_fd_sc_hd__nor3_1)
   0.32    5.52 v interconnect_0/_0873_/Y (sky130_fd_sc_hd__a31oi_1)
   0.27    5.80 v interconnect_0/_0885_/X (sky130_fd_sc_hd__a21o_1)
   0.40    6.20 ^ interconnect_0/_0894_/Y (sky130_fd_sc_hd__nor4_2)
   0.23    6.43 ^ interconnect_0/_2483_/X (sky130_fd_sc_hd__a22o_1)
   0.44    6.87 ^ dot_0/_415_/X (sky130_fd_sc_hd__and4b_1)
   0.46    7.33 v dot_0/fifo_timer_r/_386_/X (sky130_fd_sc_hd__a21bo_2)
   0.33    7.66 v dot_0/fifo_timer_r/place29609/X (sky130_fd_sc_hd__buf_4)
   0.57    8.23 ^ dot_0/fifo_timer_r/_456_/Y (sky130_fd_sc_hd__nor3_1)
   0.23    8.46 ^ dot_0/_176_/X (sky130_fd_sc_hd__and2_1)
   0.31    8.77 ^ place28205/X (sky130_fd_sc_hd__buf_4)
   0.30    9.07 ^ interconnect_0/place28204/X (sky130_fd_sc_hd__buf_4)
   0.11    9.18 v interconnect_0/_1295_/Y (sky130_fd_sc_hd__a22oi_1)
   0.16    9.34 ^ interconnect_0/_1296_/Y (sky130_fd_sc_hd__nand3_1)
   0.09    9.43 v dma_config_0/dma_0/_2024_/Y (sky130_fd_sc_hd__mux2i_1)
   0.09    9.53 ^ dma_config_0/dma_0/_2025_/Y (sky130_fd_sc_hd__nor2_1)
   0.00    9.53 ^ dma_config_0/dma_0/buffer_dma[24]$_SDFFE_PP0P_/D (sky130_fd_sc_hd__dfxtp_1)
           9.53   data arrival time

  10.00   10.00   clock clk_s3 (rise edge)
   0.00   10.00   clock network delay (ideal)
  -0.25    9.75   clock uncertainty
   0.00    9.75   clock reconvergence pessimism
           9.75 ^ dma_config_0/dma_0/buffer_dma[24]$_SDFFE_PP0P_/CLK (sky130_fd_sc_hd__dfxtp_1)
  -0.05    9.70   library setup time
           9.70   data required time
---------------------------------------------------------
           9.70   data required time
          -9.53   data arrival time
---------------------------------------------------------
           0.18   slack (MET)


Startpoint: uart_0/fifo_uart_w/counter_2[2]$_SDFFE_PP0P_
            (rising edge-triggered flip-flop clocked by clk_s4)
Endpoint: uart_0/fifo_uart_r/mem[11][24]$_DFFE_PP_
          (rising edge-triggered flip-flop clocked by clk_s4)
Path Group: clk_s4
Path Type: max

  Delay    Time   Description
---------------------------------------------------------
   0.00    0.00   clock clk_s4 (rise edge)
   0.00    0.00   clock network delay (ideal)
   0.00    0.00 ^ uart_0/fifo_uart_w/counter_2[2]$_SDFFE_PP0P_/CLK (sky130_fd_sc_hd__dfxtp_1)
   0.77    0.77 ^ uart_0/fifo_uart_w/counter_2[2]$_SDFFE_PP0P_/Q (sky130_fd_sc_hd__dfxtp_1)
   0.47    1.24 ^ uart_0/fifo_uart_w/place31525/X (sky130_fd_sc_hd__buf_4)
   0.35    1.60 v uart_0/fifo_uart_w/_888_/SUM (sky130_fd_sc_hd__ha_1)
   0.22    1.81 v uart_0/fifo_uart_w/_447_/X (sky130_fd_sc_hd__xor2_1)
   0.40    2.21 ^ uart_0/fifo_uart_w/_450_/Y (sky130_fd_sc_hd__nor4_4)
   0.43    2.64 ^ uart_0/fifo_uart_w/_872_/X (sky130_fd_sc_hd__and2_1)
   0.28    2.92 v uart_0/_335_/Y (sky130_fd_sc_hd__inv_1)
   0.68    3.59 ^ uart_0/fifo_uart_w/_453_/X (sky130_fd_sc_hd__a21bo_1)
   0.16    3.75 v uart_0/fifo_uart_w/_479_/Y (sky130_fd_sc_hd__nor3_2)
   0.66    4.41 v uart_0/uart_0/_0682_/X (sky130_fd_sc_hd__or4_1)
   0.35    4.76 ^ uart_0/uart_0/_0683_/Y (sky130_fd_sc_hd__nor3_1)
   0.25    5.02 ^ uart_0/uart_0/place29687/X (sky130_fd_sc_hd__buf_4)
   0.51    5.53 ^ uart_0/uart_0/_0686_/X (sky130_fd_sc_hd__and3_1)
   0.36    5.89 ^ uart_0/uart_0/place29172/X (sky130_fd_sc_hd__buf_4)
   0.27    6.17 v uart_0/uart_0/_1369_/Y (sky130_fd_sc_hd__a22oi_1)
   1.22    7.39 ^ uart_0/uart_0/_1370_/Y (sky130_fd_sc_hd__nor2_1)
   0.02    7.41 ^ uart_0/fifo_uart_r/mem[11][24]$_DFFE_PP_/D (sky130_fd_sc_hd__edfxtp_1)
           7.41   data arrival time

  40.00   40.00   clock clk_s4 (rise edge)
   0.00   40.00   clock network delay (ideal)
  -0.25   39.75   clock uncertainty
   0.00   39.75   clock reconvergence pessimism
          39.75 ^ uart_0/fifo_uart_r/mem[11][24]$_DFFE_PP_/CLK (sky130_fd_sc_hd__edfxtp_1)
  -0.40   39.35   library setup time
          39.35   data required time
---------------------------------------------------------
          39.35   data required time
          -7.41   data arrival time
---------------------------------------------------------
          31.94   slack (MET)


Startpoint: uart_clk_div/clk_div[0]$_SDFF_PP0_/Q
            (clock source 'uart_clk_div_clk_div2')
Endpoint: uart_clk_div/clk_div[1]$_SDFF_PP0_
          (rising edge-triggered flip-flop clocked by clk_s4_gate)
Path Group: clk_s4_gate
Path Type: max

  Delay    Time   Description
---------------------------------------------------------
  40.00   40.00   clock uart_clk_div_clk_div2 (fall edge)
   0.00   40.00 v uart_clk_div/clk_div[0]$_SDFF_PP0_/Q (sky130_fd_sc_hd__dfxtp_1)
   0.27   40.27 v uart_clk_div/_11_/SUM (sky130_fd_sc_hd__ha_1)
   0.12   40.39 v uart_clk_div/_06_/Y (sky130_fd_sc_hd__nor2b_1)
   0.00   40.39 v uart_clk_div/clk_div[1]$_SDFF_PP0_/D (sky130_fd_sc_hd__dfxtp_1)
          40.39   data arrival time

  80.00   80.00   clock clk_s4_gate (rise edge)
   0.00   80.00   clock network delay (ideal)
  -0.25   79.75   clock uncertainty
   0.00   79.75   clock reconvergence pessimism
          79.75 ^ uart_clk_div/clk_div[1]$_SDFF_PP0_/CLK (sky130_fd_sc_hd__dfxtp_1)
  -0.09   79.66   library setup time
          79.66   data required time
---------------------------------------------------------
          79.66   data required time
         -40.39   data arrival time
---------------------------------------------------------
          39.27   slack (MET)


Startpoint: dot_0/fifo_timer_r/counter_1[1]$_SDFFE_PP0P_
            (rising edge-triggered flip-flop clocked by clk_s5)
Endpoint: dot_0/fifo_timer_r/mem[3][2]$_DFFE_PP_
          (rising edge-triggered flip-flop clocked by clk_s5)
Path Group: clk_s5
Path Type: max

  Delay    Time   Description
---------------------------------------------------------
   0.00    0.00   clock clk_s5 (rise edge)
   0.00    0.00   clock network delay (ideal)
   0.00    0.00 ^ dot_0/fifo_timer_r/counter_1[1]$_SDFFE_PP0P_/CLK (sky130_fd_sc_hd__dfxtp_1)
   0.39    0.39 ^ dot_0/fifo_timer_r/counter_1[1]$_SDFFE_PP0P_/Q (sky130_fd_sc_hd__dfxtp_1)
   0.07    0.46 v dot_0/fifo_timer_r/_720_/Y (sky130_fd_sc_hd__inv_1)
   0.31    0.77 v dot_0/fifo_timer_r/_750_/SUM (sky130_fd_sc_hd__ha_1)
   0.27    1.04 ^ dot_0/fifo_timer_r/_651_/X (sky130_fd_sc_hd__xor2_1)
   0.08    1.12 v dot_0/fifo_timer_r/_654_/Y (sky130_fd_sc_hd__nor4_4)
   0.18    1.30 v dot_0/fifo_timer_r/_730_/X (sky130_fd_sc_hd__and2_1)
   0.15    1.45 v dot_0/place30661/X (sky130_fd_sc_hd__buf_12)
   0.14    1.59 ^ dot_0/_416_/Y (sky130_fd_sc_hd__nor3_2)
   0.17    1.77 ^ dot_0/fifo_timer_w1/place30524/X (sky130_fd_sc_hd__buf_4)
   0.32    2.09 v dot_0/fifo_timer_w1/_386_/X (sky130_fd_sc_hd__a21bo_2)
   0.17    2.26 v dot_0/fifo_timer_w1/place30448/X (sky130_fd_sc_hd__buf_4)
   0.13    2.39 v dot_0/fifo_timer_w1/place30447/X (sky130_fd_sc_hd__buf_4)
   0.81    3.20 ^ dot_0/fifo_timer_w1/_534_/Y (sky130_fd_sc_hd__nor3_1)
   0.29    3.49 ^ dot_0/fp4_dot_0/fp4_3/place30262/X (sky130_fd_sc_hd__buf_4)
   0.05    3.54 v dot_0/fp4_dot_0/fp4_3/_57_/Y (sky130_fd_sc_hd__inv_1)
   0.19    3.73 v dot_0/fp4_dot_0/fp4_3/_76_/COUT (sky130_fd_sc_hd__ha_1)
   0.15    3.88 ^ dot_0/fp4_dot_0/fp4_3/_48_/Y (sky130_fd_sc_hd__nor2_1)
   0.18    4.06 ^ dot_0/fp4_dot_0/fp4_3/_83_/COUT (sky130_fd_sc_hd__ha_1)
   0.43    4.49 v dot_0/fp4_dot_0/fp4_3/_75_/SUM (sky130_fd_sc_hd__fa_1)
   0.07    4.57 ^ dot_0/fp4_dot_0/fp4_3/_46_/Y (sky130_fd_sc_hd__inv_1)
   0.15    4.72 ^ dot_0/fp4_dot_0/fp4_3/_78_/COUT (sky130_fd_sc_hd__ha_1)
   0.12    4.83 ^ dot_0/fp4_dot_0/fp4_3/_44_/Y (sky130_fd_sc_hd__xnor2_1)
   0.06    4.89 v dot_0/fp4_dot_0/fp4_3/_45_/Y (sky130_fd_sc_hd__nor2_1)
   0.35    5.25 v dot_0/fp4_dot_0/fp4_3/_79_/SUM (sky130_fd_sc_hd__ha_1)
   0.16    5.40 ^ dot_0/fp4_dot_0/fp4_3/_50_/Y (sky130_fd_sc_hd__a21oi_1)
   0.07    5.47 v dot_0/fp4_dot_0/fp4_3/_51_/Y (sky130_fd_sc_hd__nand2_1)
   0.43    5.90 v dot_0/fp4_dot_0/fp4_3/_56_/X (sky130_fd_sc_hd__xnor3_1)
   0.10    6.00 ^ dot_0/fp4_dot_0/add1/_0805_/Y (sky130_fd_sc_hd__inv_1)
   0.13    6.14 v dot_0/fp4_dot_0/add1/_0806_/Y (sky130_fd_sc_hd__a31oi_1)
   0.27    6.41 v dot_0/fp4_dot_0/add1/_1215_/COUT (sky130_fd_sc_hd__ha_1)
   0.40    6.82 v dot_0/fp4_dot_0/add1/_1208_/COUT (sky130_fd_sc_hd__fa_1)
   0.16    6.98 ^ dot_0/fp4_dot_0/add1/_1001_/Y (sky130_fd_sc_hd__nor2b_1)
   0.13    7.11 v dot_0/fp4_dot_0/add1/_1002_/Y (sky130_fd_sc_hd__o21ai_0)
   0.16    7.27 v dot_0/fp4_dot_0/add1/place25549/X (sky130_fd_sc_hd__buf_4)
   0.27    7.54 ^ dot_0/fp4_dot_0/add1/_1006_/Y (sky130_fd_sc_hd__a211oi_2)
   0.12    7.66 v dot_0/fp4_dot_0/add1/_1152_/Y (sky130_fd_sc_hd__nand2b_1)
   0.21    7.87 v dot_0/fp4_dot_0/add1/_1252_/COUT (sky130_fd_sc_hd__ha_1)
   0.15    8.03 v dot_0/fp4_dot_0/add1/_1093_/Y (sky130_fd_sc_hd__nand3b_1)
   0.30    8.33 ^ dot_0/fp4_dot_0/add1/_1094_/Y (sky130_fd_sc_hd__o2111ai_1)
   0.27    8.60 v dot_0/fp4_dot_0/add1/_1095_/Y (sky130_fd_sc_hd__o2111ai_1)
   0.27    8.87 ^ dot_0/fp4_dot_0/add1/_1096_/Y (sky130_fd_sc_hd__a21oi_1)
   0.23    9.10 ^ dot_0/fp4_dot_0/add1/_1097_/X (sky130_fd_sc_hd__a311o_1)
   0.18    9.28 v dot_0/fp4_dot_0/add1/_1098_/Y (sky130_fd_sc_hd__o211ai_1)
   0.29    9.57 ^ dot_0/fp4_dot_0/add1/_1105_/Y (sky130_fd_sc_hd__o221ai_1)
   0.11    9.68 v dot_0/fp4_dot_0/add1/_1106_/Y (sky130_fd_sc_hd__nand2_1)
   0.16    9.84 v dot_0/fp4_dot_0/add1/_1107_/Y (sky130_fd_sc_hd__xnor2_1)
   0.50   10.34 v dot_0/fp4_dot_0/add1/_1210_/COUT (sky130_fd_sc_hd__fa_1)
   0.56   10.90 v dot_0/fp4_dot_0/add1/_1209_/COUT (sky130_fd_sc_hd__fa_1)
   0.37   11.27 v dot_0/fp4_dot_0/add1/_0670_/X (sky130_fd_sc_hd__a211o_1)
   0.15   11.42 v dot_0/fp4_dot_0/add1/place25239/X (sky130_fd_sc_hd__buf_4)
   0.20   11.61 ^ dot_0/fp4_dot_0/add1/_0796_/Y (sky130_fd_sc_hd__a21oi_1)
   0.18   11.80 v dot_0/fp4_dot_0/add1/_0818_/Y (sky130_fd_sc_hd__o32ai_1)
   0.32   12.12 ^ dot_0/fp4_dot_0/add1/_0909_/Y (sky130_fd_sc_hd__a21oi_1)
   0.15   12.27 v dot_0/fp4_dot_0/add1/_0910_/Y (sky130_fd_sc_hd__o21ai_1)
   0.27   12.54 v dot_0/fp4_dot_0/add1/_1255_/COUT (sky130_fd_sc_hd__ha_1)
   0.16   12.70 ^ dot_0/fp4_dot_0/add1/_0743_/Y (sky130_fd_sc_hd__nor2b_1)
   0.14   12.83 v dot_0/fp4_dot_0/add1/_0744_/Y (sky130_fd_sc_hd__o211ai_1)
   0.26   13.09 v dot_0/fp4_dot_0/add1/_0801_/X (sky130_fd_sc_hd__and2_1)
   0.36   13.45 ^ dot_0/fp4_dot_0/add1/_0802_/Y (sky130_fd_sc_hd__a2bb2oi_1)
   0.25   13.69 v dot_0/fp4_dot_0/add1/_0831_/Y (sky130_fd_sc_hd__o211ai_2)
   0.20   13.89 v dot_0/fp4_dot_0/add1/place24837/X (sky130_fd_sc_hd__buf_4)
   0.15   14.05 v dot_0/fp4_dot_0/add1/place24836/X (sky130_fd_sc_hd__buf_4)
   0.50   14.55 v dot_0/fp4_dot_0/add1/_0977_/X (sky130_fd_sc_hd__or4_1)
   0.16   14.71 ^ dot_0/fp4_dot_0/add1/_0987_/Y (sky130_fd_sc_hd__o2111ai_1)
   0.10   14.81 v dot_0/fp4_dot_0/add1/_1184_/Y (sky130_fd_sc_hd__a21oi_1)
   0.14   14.95 v dot_0/fp4_dot_0/add1/place24700/X (sky130_fd_sc_hd__buf_4)
   0.45   15.40 ^ dot_0/fp4_dot_0/add1/_1192_/Y (sky130_fd_sc_hd__a221oi_1)
   0.21   15.60 ^ dot_0/fp4_dot_0/add1/place24692/X (sky130_fd_sc_hd__buf_4)
   0.14   15.75 ^ dot_0/fp4_dot_0/add1/_1257_/COUT (sky130_fd_sc_hd__ha_1)
   0.20   15.94 ^ dot_0/fp4_dot_0/add1/_1212_/COUT (sky130_fd_sc_hd__ha_1)
   0.12   16.06 v dot_0/fp4_dot_0/add1/_0900_/Y (sky130_fd_sc_hd__o41ai_4)
   0.28   16.34 ^ dot_0/fp4_dot_0/add1/_0901_/Y (sky130_fd_sc_hd__a211oi_4)
   0.17   16.52 ^ dot_0/fp4_dot_0/add1/place24680/X (sky130_fd_sc_hd__buf_4)
   0.06   16.57 v dot_0/fp4_dot_0/add1/_0902_/Y (sky130_fd_sc_hd__nand2_2)
   0.36   16.94 v dot_0/fp4_dot_0/add1/_0934_/X (sky130_fd_sc_hd__o311a_4)
   0.16   17.09 v dot_0/fp4_dot_0/add1/place24672/X (sky130_fd_sc_hd__buf_4)
   0.21   17.30 ^ dot_0/fp4_dot_0/add1/_1150_/Y (sky130_fd_sc_hd__a21oi_1)
   0.18   17.48 ^ dot_0/fp4_dot_0/add1/_1151_/Y (sky130_fd_sc_hd__a2bb2oi_1)
   0.19   17.67 ^ dot_0/fp4_dot_0/add4/place24652/X (sky130_fd_sc_hd__buf_4)
   0.09   17.76 v dot_0/fp4_dot_0/add4/_0719_/Y (sky130_fd_sc_hd__inv_1)
   0.32   18.09 ^ dot_0/fp4_dot_0/add4/_0806_/Y (sky130_fd_sc_hd__a31oi_1)
   0.12   18.21 v dot_0/fp4_dot_0/add4/_0807_/Y (sky130_fd_sc_hd__inv_1)
   0.32   18.52 ^ dot_0/fp4_dot_0/add4/_1260_/SUM (sky130_fd_sc_hd__ha_1)
   0.10   18.62 v dot_0/fp4_dot_0/add4/_0722_/Y (sky130_fd_sc_hd__nand4_1)
   0.16   18.78 v dot_0/fp4_dot_0/add4/_0723_/X (sky130_fd_sc_hd__o311a_1)
   0.46   19.24 ^ dot_0/fp4_dot_0/add4/_1003_/Y (sky130_fd_sc_hd__a211oi_1)
   0.12   19.36 v dot_0/fp4_dot_0/add4/_1083_/Y (sky130_fd_sc_hd__inv_1)
   0.23   19.59 v dot_0/fp4_dot_0/add4/_1252_/COUT (sky130_fd_sc_hd__ha_1)
   0.16   19.75 v dot_0/fp4_dot_0/add4/_1093_/Y (sky130_fd_sc_hd__nand3b_1)
   0.28   20.03 ^ dot_0/fp4_dot_0/add4/_1094_/Y (sky130_fd_sc_hd__o2111ai_1)
   0.22   20.24 v dot_0/fp4_dot_0/add4/_1095_/Y (sky130_fd_sc_hd__o2111ai_1)
   0.25   20.49 ^ dot_0/fp4_dot_0/add4/_1096_/Y (sky130_fd_sc_hd__a21oi_1)
   0.15   20.64 ^ dot_0/fp4_dot_0/add4/place24391/X (sky130_fd_sc_hd__buf_4)
   0.14   20.78 ^ dot_0/fp4_dot_0/add4/_1097_/X (sky130_fd_sc_hd__a311o_1)
   0.24   21.02 ^ dot_0/fp4_dot_0/add4/_1133_/Y (sky130_fd_sc_hd__a21boi_0)
   0.13   21.15 v dot_0/fp4_dot_0/add4/_1137_/Y (sky130_fd_sc_hd__o21ai_0)
   0.27   21.41 ^ dot_0/fp4_dot_0/add4/_1138_/Y (sky130_fd_sc_hd__a21boi_1)
   0.13   21.54 v dot_0/fp4_dot_0/add4/_1139_/Y (sky130_fd_sc_hd__xnor2_1)
   0.50   22.04 v dot_0/fp4_dot_0/add4/_1210_/COUT (sky130_fd_sc_hd__fa_1)
   0.53   22.57 v dot_0/fp4_dot_0/add4/_1209_/COUT (sky130_fd_sc_hd__fa_1)
   0.37   22.94 v dot_0/fp4_dot_0/add4/_0670_/X (sky130_fd_sc_hd__a211o_1)
   0.21   23.15 v dot_0/fp4_dot_0/add4/_0675_/X (sky130_fd_sc_hd__and4b_1)
   0.29   23.44 v dot_0/fp4_dot_0/add4/_0677_/X (sky130_fd_sc_hd__mux2_2)
   0.22   23.66 ^ dot_0/fp4_dot_0/add4/_0685_/Y (sky130_fd_sc_hd__o21ai_0)
   0.15   23.81 ^ dot_0/fp4_dot_0/add4/place24242/X (sky130_fd_sc_hd__buf_4)
   0.13   23.94 v dot_0/fp4_dot_0/add4/_0697_/Y (sky130_fd_sc_hd__a21oi_1)
   0.18   24.13 v dot_0/fp4_dot_0/add4/place24226/X (sky130_fd_sc_hd__buf_4)
   0.28   24.40 ^ dot_0/fp4_dot_0/add4/_1230_/SUM (sky130_fd_sc_hd__ha_1)
   0.19   24.60 ^ dot_0/fp4_dot_0/add4/_0743_/Y (sky130_fd_sc_hd__nor2b_1)
   0.17   24.77 v dot_0/fp4_dot_0/add4/_0744_/Y (sky130_fd_sc_hd__o211ai_1)
   0.50   25.27 ^ dot_0/fp4_dot_0/add4/_0747_/Y (sky130_fd_sc_hd__a21oi_1)
   0.31   25.58 v dot_0/fp4_dot_0/add4/_0820_/Y (sky130_fd_sc_hd__nand4_1)
   0.32   25.90 v dot_0/fp4_dot_0/add4/_0827_/X (sky130_fd_sc_hd__and3_1)
   0.17   26.07 ^ dot_0/fp4_dot_0/add4/_0975_/Y (sky130_fd_sc_hd__nor2_1)
   0.07   26.14 v dot_0/fp4_dot_0/add4/_0976_/Y (sky130_fd_sc_hd__a21oi_1)
   0.43   26.57 v dot_0/fp4_dot_0/add4/_0977_/X (sky130_fd_sc_hd__or4_1)
   0.15   26.72 ^ dot_0/fp4_dot_0/add4/_0987_/Y (sky130_fd_sc_hd__o2111ai_1)
   0.10   26.82 v dot_0/fp4_dot_0/add4/_1184_/Y (sky130_fd_sc_hd__a21oi_1)
   0.19   27.01 v dot_0/fp4_dot_0/add4/_1191_/X (sky130_fd_sc_hd__o21a_1)
   0.26   27.26 ^ dot_0/fp4_dot_0/add4/_1192_/Y (sky130_fd_sc_hd__a221oi_1)
   0.21   27.47 ^ dot_0/fp4_dot_0/add4/place24047/X (sky130_fd_sc_hd__buf_4)
   0.17   27.64 ^ dot_0/fp4_dot_0/add4/_1257_/COUT (sky130_fd_sc_hd__ha_1)
   0.20   27.84 ^ dot_0/fp4_dot_0/add4/_1212_/COUT (sky130_fd_sc_hd__ha_1)
   0.14   27.98 v dot_0/fp4_dot_0/add4/_0900_/Y (sky130_fd_sc_hd__o41ai_4)
   0.20   28.19 ^ dot_0/fp4_dot_0/add4/_0901_/Y (sky130_fd_sc_hd__a211oi_4)
   0.17   28.36 ^ dot_0/fp4_dot_0/add4/place24043/X (sky130_fd_sc_hd__buf_4)
   0.08   28.44 v dot_0/fp4_dot_0/add4/_0902_/Y (sky130_fd_sc_hd__nand2_2)
   0.36   28.80 v dot_0/fp4_dot_0/add4/_0934_/X (sky130_fd_sc_hd__o311a_4)
   0.16   28.96 v dot_0/fp4_dot_0/add4/place24037/X (sky130_fd_sc_hd__buf_4)
   0.15   29.11 ^ dot_0/fp4_dot_0/add4/_1164_/Y (sky130_fd_sc_hd__a21oi_1)
   0.18   29.29 ^ dot_0/fp4_dot_0/add4/_1165_/X (sky130_fd_sc_hd__a221o_1)
   0.07   29.35 v dot_0/fp4_dot_0/add6/_0754_/Y (sky130_fd_sc_hd__inv_1)
   0.26   29.62 ^ dot_0/fp4_dot_0/add6/_0808_/Y (sky130_fd_sc_hd__a31oi_1)
   0.08   29.70 v dot_0/fp4_dot_0/add6/_1140_/Y (sky130_fd_sc_hd__inv_1)
   0.22   29.92 v dot_0/fp4_dot_0/add6/_1215_/COUT (sky130_fd_sc_hd__ha_1)
   0.41   30.33 v dot_0/fp4_dot_0/add6/_1208_/COUT (sky130_fd_sc_hd__fa_1)
   0.11   30.44 ^ dot_0/fp4_dot_0/add6/_1001_/Y (sky130_fd_sc_hd__nor2b_1)
   0.12   30.57 v dot_0/fp4_dot_0/add6/_1002_/Y (sky130_fd_sc_hd__o21ai_0)
   0.44   31.00 ^ dot_0/fp4_dot_0/add6/_1003_/Y (sky130_fd_sc_hd__a211oi_1)
   0.12   31.12 v dot_0/fp4_dot_0/add6/_1083_/Y (sky130_fd_sc_hd__inv_1)
   0.23   31.35 v dot_0/fp4_dot_0/add6/_1252_/COUT (sky130_fd_sc_hd__ha_1)
   0.16   31.51 v dot_0/fp4_dot_0/add6/_1093_/Y (sky130_fd_sc_hd__nand3b_1)
   0.30   31.80 ^ dot_0/fp4_dot_0/add6/_1094_/Y (sky130_fd_sc_hd__o2111ai_1)
   0.26   32.06 v dot_0/fp4_dot_0/add6/_1095_/Y (sky130_fd_sc_hd__o2111ai_1)
   0.32   32.38 ^ dot_0/fp4_dot_0/add6/_1096_/Y (sky130_fd_sc_hd__a21oi_1)
   0.22   32.60 ^ dot_0/fp4_dot_0/add6/_1097_/X (sky130_fd_sc_hd__a311o_1)
   0.18   32.77 ^ dot_0/fp4_dot_0/add6/_1133_/Y (sky130_fd_sc_hd__a21boi_0)
   0.12   32.89 v dot_0/fp4_dot_0/add6/_1137_/Y (sky130_fd_sc_hd__o21ai_0)
   0.30   33.19 ^ dot_0/fp4_dot_0/add6/_1138_/Y (sky130_fd_sc_hd__a21boi_1)
   0.14   33.33 v dot_0/fp4_dot_0/add6/_1139_/Y (sky130_fd_sc_hd__xnor2_1)
   0.44   33.78 v dot_0/fp4_dot_0/add6/_1210_/COUT (sky130_fd_sc_hd__fa_1)
   0.50   34.28 v dot_0/fp4_dot_0/add6/_1209_/COUT (sky130_fd_sc_hd__fa_1)
   0.17   34.45 v dot_0/fp4_dot_0/add6/place23870/X (sky130_fd_sc_hd__buf_4)
   0.13   34.58 v dot_0/fp4_dot_0/add6/_0711_/Y (sky130_fd_sc_hd__xnor2_1)
   0.21   34.79 v dot_0/fp4_dot_0/add6/_0814_/X (sky130_fd_sc_hd__a32o_1)
   0.45   35.24 ^ dot_0/fp4_dot_0/add6/_0818_/Y (sky130_fd_sc_hd__o32ai_1)
   0.18   35.41 v dot_0/fp4_dot_0/add6/_0909_/Y (sky130_fd_sc_hd__a21oi_1)
   0.22   35.64 ^ dot_0/fp4_dot_0/add6/_0910_/Y (sky130_fd_sc_hd__o21ai_1)
   0.29   35.93 v dot_0/fp4_dot_0/add6/_1255_/SUM (sky130_fd_sc_hd__ha_1)
   0.28   36.21 v dot_0/fp4_dot_0/add6/_0746_/X (sky130_fd_sc_hd__and4b_1)
   0.29   36.50 v dot_0/fp4_dot_0/add6/_0774_/X (sky130_fd_sc_hd__a21o_1)
   0.38   36.88 v dot_0/fp4_dot_0/add6/_0819_/X (sky130_fd_sc_hd__a2111o_1)
   0.21   37.09 v dot_0/fp4_dot_0/add6/_0827_/X (sky130_fd_sc_hd__and3_1)
   0.14   37.23 ^ dot_0/fp4_dot_0/add6/_0975_/Y (sky130_fd_sc_hd__nor2_1)
   0.05   37.28 v dot_0/fp4_dot_0/add6/_0976_/Y (sky130_fd_sc_hd__a21oi_1)
   0.39   37.67 v dot_0/fp4_dot_0/add6/_0977_/X (sky130_fd_sc_hd__or4_1)
   0.19   37.87 ^ dot_0/fp4_dot_0/add6/_0987_/Y (sky130_fd_sc_hd__o2111ai_1)
   0.12   37.98 v dot_0/fp4_dot_0/add6/_1184_/Y (sky130_fd_sc_hd__a21oi_1)
   0.20   38.18 v dot_0/fp4_dot_0/add6/_1191_/X (sky130_fd_sc_hd__o21a_1)
   0.24   38.42 ^ dot_0/fp4_dot_0/add6/_1192_/Y (sky130_fd_sc_hd__a221oi_1)
   0.21   38.63 ^ dot_0/fp4_dot_0/add6/_1257_/COUT (sky130_fd_sc_hd__ha_1)
   0.21   38.84 ^ dot_0/fp4_dot_0/add6/_1212_/COUT (sky130_fd_sc_hd__ha_1)
   0.12   38.96 v dot_0/fp4_dot_0/add6/_0900_/Y (sky130_fd_sc_hd__o41ai_4)
   0.29   39.26 ^ dot_0/fp4_dot_0/add6/_0901_/Y (sky130_fd_sc_hd__a211oi_4)
   0.10   39.36 v dot_0/fp4_dot_0/add6/_0902_/Y (sky130_fd_sc_hd__nand2_2)
   0.40   39.75 v dot_0/fp4_dot_0/add6/_0934_/X (sky130_fd_sc_hd__o311a_4)
   0.15   39.90 v dot_0/fp4_dot_0/add6/place23729/X (sky130_fd_sc_hd__buf_4)
   0.11   40.01 ^ dot_0/fp4_dot_0/add6/_1143_/Y (sky130_fd_sc_hd__a21oi_1)
   0.30   40.31 ^ dot_0/fp4_dot_0/add6/_1144_/Y (sky130_fd_sc_hd__a2bb2oi_1)
   0.26   40.57 ^ dot_0/fifo_timer_r/place23726/X (sky130_fd_sc_hd__buf_4)
   0.00   40.57 ^ dot_0/fifo_timer_r/mem[3][2]$_DFFE_PP_/D (sky130_fd_sc_hd__edfxtp_1)
          40.57   data arrival time

  12.50   12.50   clock clk_s5 (rise edge)
   0.00   12.50   clock network delay (ideal)
  -0.25   12.25   clock uncertainty
   0.00   12.25   clock reconvergence pessimism
          12.25 ^ dot_0/fifo_timer_r/mem[3][2]$_DFFE_PP_/CLK (sky130_fd_sc_hd__edfxtp_1)
  -0.14   12.11   library setup time
          12.11   data required time
---------------------------------------------------------
          12.11   data required time
         -40.57   data arrival time
---------------------------------------------------------
         -28.47   slack (VIOLATED)


Startpoint: dot_clk_div/clk_div[0]$_SDFF_PP0_/Q
            (clock source 'dot_clk_div_clk_div2')
Endpoint: dot_clk_div/clk_div[1]$_SDFF_PP0_
          (rising edge-triggered flip-flop clocked by clk_s5_gate)
Path Group: clk_s5_gate
Path Type: max

  Delay    Time   Description
---------------------------------------------------------
  12.50   12.50   clock dot_clk_div_clk_div2 (fall edge)
   0.00   12.50 v dot_clk_div/clk_div[0]$_SDFF_PP0_/Q (sky130_fd_sc_hd__dfxtp_1)
   0.27   12.77 v dot_clk_div/_11_/SUM (sky130_fd_sc_hd__ha_1)
   0.12   12.89 v dot_clk_div/_06_/Y (sky130_fd_sc_hd__nor2b_1)
   0.00   12.89 v dot_clk_div/clk_div[1]$_SDFF_PP0_/D (sky130_fd_sc_hd__dfxtp_1)
          12.89   data arrival time

  25.00   25.00   clock clk_s5_gate (rise edge)
   0.00   25.00   clock network delay (ideal)
  -0.25   24.75   clock uncertainty
   0.00   24.75   clock reconvergence pessimism
          24.75 ^ dot_clk_div/clk_div[1]$_SDFF_PP0_/CLK (sky130_fd_sc_hd__dfxtp_1)
  -0.09   24.66   library setup time
          24.66   data required time
---------------------------------------------------------
          24.66   data required time
         -12.89   data arrival time
---------------------------------------------------------
          11.77   slack (MET)


Startpoint: processor_0/pipeline_ex_mem/alu_out_out[29]$_SDFFE_PP0N_
            (rising edge-triggered flip-flop clocked by clk1)
Endpoint: main_memory_0/mem[17][27]$_DFFE_PP_
          (rising edge-triggered flip-flop clocked by clk_s8)
Path Group: clk_s8
Path Type: max

  Delay    Time   Description
---------------------------------------------------------
   0.00    0.00   clock clk1 (rise edge)
   0.00    0.00   clock network delay (ideal)
   0.00    0.00 ^ processor_0/pipeline_ex_mem/alu_out_out[29]$_SDFFE_PP0N_/CLK (sky130_fd_sc_hd__dfxtp_1)
   1.07    1.07 ^ processor_0/pipeline_ex_mem/alu_out_out[29]$_SDFFE_PP0N_/Q (sky130_fd_sc_hd__dfxtp_1)
   0.97    2.04 ^ _1528_/X (sky130_fd_sc_hd__and4b_1)
   0.60    2.64 v _1530_/Y (sky130_fd_sc_hd__nand4_2)
   0.72    3.36 ^ _1535_/Y (sky130_fd_sc_hd__nor2_4)
   0.31    3.67 v _3198_/Y (sky130_fd_sc_hd__nand2_1)
   0.22    3.90 ^ _3200_/Y (sky130_fd_sc_hd__nand2_1)
   0.40    4.30 ^ interconnect_0/place31477/X (sky130_fd_sc_hd__buf_4)
   0.15    4.46 v interconnect_0/_0811_/Y (sky130_fd_sc_hd__nand3b_1)
   0.25    4.70 ^ interconnect_0/_0812_/Y (sky130_fd_sc_hd__o2111ai_1)
   0.21    4.92 v interconnect_0/_0879_/Y (sky130_fd_sc_hd__a211oi_1)
   0.28    5.20 v interconnect_0/_0909_/X (sky130_fd_sc_hd__o21a_1)
   0.40    5.59 ^ interconnect_0/_0913_/Y (sky130_fd_sc_hd__nor3_1)
   0.63    6.23 ^ interconnect_0/_2502_/X (sky130_fd_sc_hd__a22o_1)
   0.15    6.38 v memory_axi_0/_1165_/Y (sky130_fd_sc_hd__a21oi_1)
   0.17    6.55 ^ memory_axi_0/_1166_/Y (sky130_fd_sc_hd__nor2_1)
   0.22    6.78 ^ _3139_/X (sky130_fd_sc_hd__and2_1)
   0.29    7.06 ^ main_memory_0/place29677/X (sky130_fd_sc_hd__buf_4)
   0.32    7.38 v main_memory_0/_4310_/Y (sky130_fd_sc_hd__nand2_1)
   0.95    8.33 ^ main_memory_0/_4321_/Y (sky130_fd_sc_hd__nor2_1)
   0.50    8.84 ^ main_memory_0/place28028/X (sky130_fd_sc_hd__buf_4)
   0.01    8.85 ^ main_memory_0/mem[17][27]$_DFFE_PP_/DE (sky130_fd_sc_hd__edfxtp_1)
           8.85   data arrival time

  10.00   10.00   clock clk_s8 (rise edge)
   0.00   10.00   clock network delay (ideal)
  -0.25    9.75   clock uncertainty
   0.00    9.75   clock reconvergence pessimism
           9.75 ^ main_memory_0/mem[17][27]$_DFFE_PP_/CLK (sky130_fd_sc_hd__edfxtp_1)
  -0.31    9.44   library setup time
           9.44   data required time
---------------------------------------------------------
           9.44   data required time
          -8.85   data arrival time
---------------------------------------------------------
           0.60   slack (MET)



==========================================================================
detailed place report_checks -path_delay min reg to reg
--------------------------------------------------------------------------
Startpoint: clkcfg_done$_SDFF_PP0_
            (rising edge-triggered flip-flop clocked by clk1)
Endpoint: clkcfg_done$_SDFF_PP0_
          (rising edge-triggered flip-flop clocked by clk1)
Path Group: clk1
Path Type: min

  Delay    Time   Description
---------------------------------------------------------
   0.00    0.00   clock clk1 (rise edge)
   0.00    0.00   clock network delay (ideal)
   0.00    0.00 ^ clkcfg_done$_SDFF_PP0_/CLK (sky130_fd_sc_hd__dfxtp_1)
   0.36    0.36 ^ clkcfg_done$_SDFF_PP0_/Q (sky130_fd_sc_hd__dfxtp_1)
   0.05    0.41 v _3159_/Y (sky130_fd_sc_hd__nor3_1)
   0.00    0.41 v clkcfg_done$_SDFF_PP0_/D (sky130_fd_sc_hd__dfxtp_1)
           0.41   data arrival time

   0.00    0.00   clock clk1 (rise edge)
   0.00    0.00   clock network delay (ideal)
   0.10    0.10   clock uncertainty
   0.00    0.10   clock reconvergence pessimism
           0.10 ^ clkcfg_done$_SDFF_PP0_/CLK (sky130_fd_sc_hd__dfxtp_1)
  -0.02    0.08   library hold time
           0.08   data required time
---------------------------------------------------------
           0.08   data required time
          -0.41   data arrival time
---------------------------------------------------------
           0.33   slack (MET)


Startpoint: timer_0/fifo_timer_w/synchronizers_1_clk_2[0]$_SDFF_PP0_
            (rising edge-triggered flip-flop clocked by clk_s1)
Endpoint: timer_0/fifo_timer_w/synchronizers_2_clk_2[0]$_SDFF_PP0_
          (rising edge-triggered flip-flop clocked by clk_s1)
Path Group: clk_s1
Path Type: min

  Delay    Time   Description
---------------------------------------------------------
   0.00    0.00   clock clk_s1 (rise edge)
   0.00    0.00   clock network delay (ideal)
   0.00    0.00 ^ timer_0/fifo_timer_w/synchronizers_1_clk_2[0]$_SDFF_PP0_/CLK (sky130_fd_sc_hd__dfxtp_1)
   0.32    0.32 v timer_0/fifo_timer_w/synchronizers_1_clk_2[0]$_SDFF_PP0_/Q (sky130_fd_sc_hd__dfxtp_1)
   0.11    0.43 v timer_0/fifo_timer_w/_806_/Y (sky130_fd_sc_hd__nor2b_1)
   0.00    0.43 v timer_0/fifo_timer_w/synchronizers_2_clk_2[0]$_SDFF_PP0_/D (sky130_fd_sc_hd__dfxtp_1)
           0.43   data arrival time

   0.00    0.00   clock clk_s1 (rise edge)
   0.00    0.00   clock network delay (ideal)
   0.10    0.10   clock uncertainty
   0.00    0.10   clock reconvergence pessimism
           0.10 ^ timer_0/fifo_timer_w/synchronizers_2_clk_2[0]$_SDFF_PP0_/CLK (sky130_fd_sc_hd__dfxtp_1)
  -0.02    0.08   library hold time
           0.08   data required time
---------------------------------------------------------
           0.08   data required time
          -0.43   data arrival time
---------------------------------------------------------
           0.36   slack (MET)


Startpoint: timer_clk_div/clk_div[0]$_SDFF_PP0_/Q
            (clock source 'timer_clk_div_clk_div2')
Endpoint: timer_clk_div/clk_div[0]$_SDFF_PP0_
          (rising edge-triggered flip-flop clocked by clk_s1_gate)
Path Group: clk_s1_gate
Path Type: min

  Delay    Time   Description
---------------------------------------------------------
   0.00    0.00   clock timer_clk_div_clk_div2 (rise edge)
   0.00    0.00 ^ timer_clk_div/clk_div[0]$_SDFF_PP0_/Q (sky130_fd_sc_hd__dfxtp_1)
   0.04    0.04 v timer_clk_div/_07_/Y (sky130_fd_sc_hd__nor2_1)
   0.00    0.04 v timer_clk_div/clk_div[0]$_SDFF_PP0_/D (sky130_fd_sc_hd__dfxtp_1)
           0.04   data arrival time

   0.00    0.00   clock clk_s1_gate (rise edge)
   0.00    0.00   clock network delay (ideal)
   0.10    0.10   clock uncertainty
   0.00    0.10   clock reconvergence pessimism
           0.10 ^ timer_clk_div/clk_div[0]$_SDFF_PP0_/CLK (sky130_fd_sc_hd__dfxtp_1)
  -0.02    0.08   library hold time
           0.08   data required time
---------------------------------------------------------
           0.08   data required time
          -0.04   data arrival time
---------------------------------------------------------
          -0.04   slack (VIOLATED)


Startpoint: gpio_0/gpio_0/int_clr_reg_gpio[5]$_SDFFE_PP0P_
            (rising edge-triggered flip-flop clocked by clk_s2)
Endpoint: gpio_0/gpio_0/int_status_reg_gpio[5]$_SDFF_PP0_
          (rising edge-triggered flip-flop clocked by clk_s2)
Path Group: clk_s2
Path Type: min

  Delay    Time   Description
---------------------------------------------------------
   0.00    0.00   clock clk_s2 (rise edge)
   0.00    0.00   clock network delay (ideal)
   0.00    0.00 ^ gpio_0/gpio_0/int_clr_reg_gpio[5]$_SDFFE_PP0P_/CLK (sky130_fd_sc_hd__dfxtp_1)
   0.38    0.38 ^ gpio_0/gpio_0/int_clr_reg_gpio[5]$_SDFFE_PP0P_/Q (sky130_fd_sc_hd__dfxtp_1)
   0.05    0.43 v gpio_0/gpio_0/_3190_/Y (sky130_fd_sc_hd__a211oi_1)
   0.00    0.43 v gpio_0/gpio_0/int_status_reg_gpio[5]$_SDFF_PP0_/D (sky130_fd_sc_hd__dfxtp_1)
           0.43   data arrival time

   0.00    0.00   clock clk_s2 (rise edge)
   0.00    0.00   clock network delay (ideal)
   0.10    0.10   clock uncertainty
   0.00    0.10   clock reconvergence pessimism
           0.10 ^ gpio_0/gpio_0/int_status_reg_gpio[5]$_SDFF_PP0_/CLK (sky130_fd_sc_hd__dfxtp_1)
  -0.03    0.07   library hold time
           0.07   data required time
---------------------------------------------------------
           0.07   data required time
          -0.43   data arrival time
---------------------------------------------------------
           0.35   slack (MET)


Startpoint: gpio_clk_div/clk_div[0]$_SDFF_PP0_/Q
            (clock source 'gpio_clk_div_clk_div2')
Endpoint: gpio_clk_div/clk_div[0]$_SDFF_PP0_
          (rising edge-triggered flip-flop clocked by clk_s2_gate)
Path Group: clk_s2_gate
Path Type: min

  Delay    Time   Description
---------------------------------------------------------
   0.00    0.00   clock gpio_clk_div_clk_div2 (rise edge)
   0.00    0.00 ^ gpio_clk_div/clk_div[0]$_SDFF_PP0_/Q (sky130_fd_sc_hd__dfxtp_1)
   0.04    0.04 v gpio_clk_div/_07_/Y (sky130_fd_sc_hd__nor2_1)
   0.00    0.04 v gpio_clk_div/clk_div[0]$_SDFF_PP0_/D (sky130_fd_sc_hd__dfxtp_1)
           0.04   data arrival time

   0.00    0.00   clock clk_s2_gate (rise edge)
   0.00    0.00   clock network delay (ideal)
   0.10    0.10   clock uncertainty
   0.00    0.10   clock reconvergence pessimism
           0.10 ^ gpio_clk_div/clk_div[0]$_SDFF_PP0_/CLK (sky130_fd_sc_hd__dfxtp_1)
  -0.02    0.08   library hold time
           0.08   data required time
---------------------------------------------------------
           0.08   data required time
          -0.04   data arrival time
---------------------------------------------------------
          -0.04   slack (VIOLATED)


Startpoint: dma_config_0/dma_0/dest_addr_counter_dma[1]$_SDFFE_PP0P_
            (rising edge-triggered flip-flop clocked by clk_s3)
Endpoint: dma_config_0/dma_0/dest_addr_counter_dma[1]$_SDFFE_PP0P_
          (rising edge-triggered flip-flop clocked by clk_s3)
Path Group: clk_s3
Path Type: min

  Delay    Time   Description
---------------------------------------------------------
   0.00    0.00   clock clk_s3 (rise edge)
   0.00    0.00   clock network delay (ideal)
   0.00    0.00 ^ dma_config_0/dma_0/dest_addr_counter_dma[1]$_SDFFE_PP0P_/CLK (sky130_fd_sc_hd__dfxtp_1)
   0.33    0.33 v dma_config_0/dma_0/dest_addr_counter_dma[1]$_SDFFE_PP0P_/Q (sky130_fd_sc_hd__dfxtp_1)
   0.05    0.38 ^ dma_config_0/dma_0/_3331_/Y (sky130_fd_sc_hd__nand2_1)
   0.05    0.44 v dma_config_0/dma_0/_3332_/Y (sky130_fd_sc_hd__a21oi_1)
   0.00    0.44 v dma_config_0/dma_0/dest_addr_counter_dma[1]$_SDFFE_PP0P_/D (sky130_fd_sc_hd__dfxtp_1)
           0.44   data arrival time

   0.00    0.00   clock clk_s3 (rise edge)
   0.00    0.00   clock network delay (ideal)
   0.10    0.10   clock uncertainty
   0.00    0.10   clock reconvergence pessimism
           0.10 ^ dma_config_0/dma_0/dest_addr_counter_dma[1]$_SDFFE_PP0P_/CLK (sky130_fd_sc_hd__dfxtp_1)
  -0.03    0.07   library hold time
           0.07   data required time
---------------------------------------------------------
           0.07   data required time
          -0.44   data arrival time
---------------------------------------------------------
           0.36   slack (MET)


Startpoint: uart_0/uart_0/rx_sync[0]$_SDFF_PP1_
            (rising edge-triggered flip-flop clocked by clk_s4)
Endpoint: uart_0/uart_0/rx_sync[1]$_SDFF_PP1_
          (rising edge-triggered flip-flop clocked by clk_s4)
Path Group: clk_s4
Path Type: min

  Delay    Time   Description
---------------------------------------------------------
   0.00    0.00   clock clk_s4 (rise edge)
   0.00    0.00   clock network delay (ideal)
   0.00    0.00 ^ uart_0/uart_0/rx_sync[0]$_SDFF_PP1_/CLK (sky130_fd_sc_hd__dfxtp_1)
   0.33    0.33 ^ uart_0/uart_0/rx_sync[0]$_SDFF_PP1_/Q (sky130_fd_sc_hd__dfxtp_1)
   0.09    0.42 ^ uart_0/uart_0/_1320_/X (sky130_fd_sc_hd__or2_2)
   0.00    0.42 ^ uart_0/uart_0/rx_sync[1]$_SDFF_PP1_/D (sky130_fd_sc_hd__dfxtp_1)
           0.42   data arrival time

   0.00    0.00   clock clk_s4 (rise edge)
   0.00    0.00   clock network delay (ideal)
   0.10    0.10   clock uncertainty
   0.00    0.10   clock reconvergence pessimism
           0.10 ^ uart_0/uart_0/rx_sync[1]$_SDFF_PP1_/CLK (sky130_fd_sc_hd__dfxtp_1)
  -0.01    0.09   library hold time
           0.09   data required time
---------------------------------------------------------
           0.09   data required time
          -0.42   data arrival time
---------------------------------------------------------
           0.33   slack (MET)


Startpoint: uart_clk_div/clk_div[0]$_SDFF_PP0_/Q
            (clock source 'uart_clk_div_clk_div2')
Endpoint: uart_clk_div/clk_div[0]$_SDFF_PP0_
          (rising edge-triggered flip-flop clocked by clk_s4_gate)
Path Group: clk_s4_gate
Path Type: min

  Delay    Time   Description
---------------------------------------------------------
   0.00    0.00   clock uart_clk_div_clk_div2 (rise edge)
   0.00    0.00 ^ uart_clk_div/clk_div[0]$_SDFF_PP0_/Q (sky130_fd_sc_hd__dfxtp_1)
   0.04    0.04 v uart_clk_div/_07_/Y (sky130_fd_sc_hd__nor2_1)
   0.00    0.04 v uart_clk_div/clk_div[0]$_SDFF_PP0_/D (sky130_fd_sc_hd__dfxtp_1)
           0.04   data arrival time

   0.00    0.00   clock clk_s4_gate (rise edge)
   0.00    0.00   clock network delay (ideal)
   0.10    0.10   clock uncertainty
   0.00    0.10   clock reconvergence pessimism
           0.10 ^ uart_clk_div/clk_div[0]$_SDFF_PP0_/CLK (sky130_fd_sc_hd__dfxtp_1)
  -0.02    0.08   library hold time
           0.08   data required time
---------------------------------------------------------
           0.08   data required time
          -0.04   data arrival time
---------------------------------------------------------
          -0.04   slack (VIOLATED)


Startpoint: dot_0/fifo_timer_r/synchronizers_1_clk_1[3]$_SDFF_PP0_
            (rising edge-triggered flip-flop clocked by clk_s5)
Endpoint: dot_0/fifo_timer_r/synchronizers_2_clk_1[3]$_SDFF_PP0_
          (rising edge-triggered flip-flop clocked by clk_s5)
Path Group: clk_s5
Path Type: min

  Delay    Time   Description
---------------------------------------------------------
   0.00    0.00   clock clk_s5 (rise edge)
   0.00    0.00   clock network delay (ideal)
   0.00    0.00 ^ dot_0/fifo_timer_r/synchronizers_1_clk_1[3]$_SDFF_PP0_/CLK (sky130_fd_sc_hd__dfxtp_1)
   0.32    0.32 v dot_0/fifo_timer_r/synchronizers_1_clk_1[3]$_SDFF_PP0_/Q (sky130_fd_sc_hd__dfxtp_1)
   0.11    0.44 v dot_0/fifo_timer_r/_699_/Y (sky130_fd_sc_hd__nor2b_1)
   0.00    0.44 v dot_0/fifo_timer_r/synchronizers_2_clk_1[3]$_SDFF_PP0_/D (sky130_fd_sc_hd__dfxtp_1)
           0.44   data arrival time

   0.00    0.00   clock clk_s5 (rise edge)
   0.00    0.00   clock network delay (ideal)
   0.10    0.10   clock uncertainty
   0.00    0.10   clock reconvergence pessimism
           0.10 ^ dot_0/fifo_timer_r/synchronizers_2_clk_1[3]$_SDFF_PP0_/CLK (sky130_fd_sc_hd__dfxtp_1)
  -0.02    0.08   library hold time
           0.08   data required time
---------------------------------------------------------
           0.08   data required time
          -0.44   data arrival time
---------------------------------------------------------
           0.36   slack (MET)


Startpoint: dot_clk_div/clk_div[0]$_SDFF_PP0_/Q
            (clock source 'dot_clk_div_clk_div2')
Endpoint: dot_clk_div/clk_div[0]$_SDFF_PP0_
          (rising edge-triggered flip-flop clocked by clk_s5_gate)
Path Group: clk_s5_gate
Path Type: min

  Delay    Time   Description
---------------------------------------------------------
   0.00    0.00   clock dot_clk_div_clk_div2 (rise edge)
   0.00    0.00 ^ dot_clk_div/clk_div[0]$_SDFF_PP0_/Q (sky130_fd_sc_hd__dfxtp_1)
   0.04    0.04 v dot_clk_div/_07_/Y (sky130_fd_sc_hd__nor2_1)
   0.00    0.04 v dot_clk_div/clk_div[0]$_SDFF_PP0_/D (sky130_fd_sc_hd__dfxtp_1)
           0.04   data arrival time

   0.00    0.00   clock clk_s5_gate (rise edge)
   0.00    0.00   clock network delay (ideal)
   0.10    0.10   clock uncertainty
   0.00    0.10   clock reconvergence pessimism
           0.10 ^ dot_clk_div/clk_div[0]$_SDFF_PP0_/CLK (sky130_fd_sc_hd__dfxtp_1)
  -0.02    0.08   library hold time
           0.08   data required time
---------------------------------------------------------
           0.08   data required time
          -0.04   data arrival time
---------------------------------------------------------
          -0.04   slack (VIOLATED)


Startpoint: memory_axi_0/count_len[7]$_SDFF_PP0_
            (rising edge-triggered flip-flop clocked by clk_s8)
Endpoint: memory_axi_0/count_len[7]$_SDFF_PP0_
          (rising edge-triggered flip-flop clocked by clk_s8)
Path Group: clk_s8
Path Type: min

  Delay    Time   Description
---------------------------------------------------------
   0.00    0.00   clock clk_s8 (rise edge)
   0.00    0.00   clock network delay (ideal)
   0.00    0.00 ^ memory_axi_0/count_len[7]$_SDFF_PP0_/CLK (sky130_fd_sc_hd__dfxtp_1)
   0.36    0.36 v memory_axi_0/count_len[7]$_SDFF_PP0_/Q (sky130_fd_sc_hd__dfxtp_1)
   0.12    0.48 ^ memory_axi_0/_1158_/Y (sky130_fd_sc_hd__a21oi_1)
   0.00    0.48 ^ memory_axi_0/count_len[7]$_SDFF_PP0_/D (sky130_fd_sc_hd__dfxtp_1)
           0.48   data arrival time

   0.00    0.00   clock clk_s8 (rise edge)
   0.00    0.00   clock network delay (ideal)
   0.10    0.10   clock uncertainty
   0.00    0.10   clock reconvergence pessimism
           0.10 ^ memory_axi_0/count_len[7]$_SDFF_PP0_/CLK (sky130_fd_sc_hd__dfxtp_1)
  -0.02    0.08   library hold time
           0.08   data required time
---------------------------------------------------------
           0.08   data required time
          -0.48   data arrival time
---------------------------------------------------------
           0.40   slack (MET)



==========================================================================
detailed place critical path target clock latency max path
--------------------------------------------------------------------------
0

==========================================================================
detailed place critical path target clock latency min path
--------------------------------------------------------------------------
0

==========================================================================
detailed place critical path source clock latency min path
--------------------------------------------------------------------------
0

==========================================================================
detailed place critical path delay
--------------------------------------------------------------------------
40.5741

==========================================================================
detailed place critical path slack
--------------------------------------------------------------------------
-28.4675

==========================================================================
detailed place slack div critical path delay
--------------------------------------------------------------------------
-70.161753

==========================================================================
detailed place report_power
--------------------------------------------------------------------------
Group                  Internal  Switching    Leakage      Total
                          Power      Power      Power      Power (Watts)
----------------------------------------------------------------
Sequential             1.45e-01   5.74e-04   2.96e-07   1.45e-01  96.0%
Combinational          1.02e-03   2.64e-03   2.21e-07   3.66e-03   2.4%
Clock                  3.60e-05   2.38e-03   1.97e-10   2.42e-03   1.6%
Macro                  0.00e+00   0.00e+00   0.00e+00   0.00e+00   0.0%
Pad                    0.00e+00   0.00e+00   0.00e+00   0.00e+00   0.0%
----------------------------------------------------------------
Total                  1.46e-01   5.60e-03   5.17e-07   1.51e-01 100.0%
                          96.3%       3.7%       0.0%
