mkdir -p /Users/shubhanshu/Desktop/Nebula/digital/artifacts/model_ppa_20260912/pnr_gemini_flash/results/sky130hd/nebula_bench/gemini_flash/
echo  > /Users/shubhanshu/Desktop/Nebula/digital/artifacts/model_ppa_20260912/pnr_gemini_flash/results/sky130hd/nebula_bench/gemini_flash/clock_period.txt
/Users/shubhanshu/Desktop/Nebula/digital/orfs/flow/scripts/synth.sh /Users/shubhanshu/Desktop/Nebula/digital/orfs/flow/scripts/synth_canonicalize.tcl /Users/shubhanshu/Desktop/Nebula/digital/artifacts/model_ppa_20260912/pnr_gemini_flash/logs/sky130hd/nebula_bench/gemini_flash/1_1_yosys_canonicalize.log
Using ABC speed script.
Extracting clock period from SDC file: /Users/shubhanshu/Desktop/Nebula/digital/artifacts/model_ppa_20260912/pnr_gemini_flash/results/sky130hd/nebula_bench/gemini_flash/clock_period.txt
1. Executing Liberty frontend: /Users/shubhanshu/Desktop/Nebula/digital/orfs/flow/platforms/sky130hd/lib/sky130_fd_sc_hd__tt_025C_1v80.lib
2. Executing Liberty frontend: /Users/shubhanshu/Desktop/Nebula/digital/orfs/flow/platforms/sky130hd/lib/sky130_fd_sc_hd__tt_025C_1v80.lib
3. Executing Verilog-2005 frontend: /Users/shubhanshu/Desktop/Nebula/digital/output/rtl_variants/gemini_flash/rtl/alu.v
4. Executing Verilog-2005 frontend: /Users/shubhanshu/Desktop/Nebula/digital/output/rtl_variants/gemini_flash/rtl/alu_src_a_mux.v
5. Executing Verilog-2005 frontend: /Users/shubhanshu/Desktop/Nebula/digital/output/rtl_variants/gemini_flash/rtl/alu_src_b_mux.v
6. Executing Verilog-2005 frontend: /Users/shubhanshu/Desktop/Nebula/digital/output/rtl_variants/gemini_flash/rtl/arbiter.v
7. Executing Verilog-2005 frontend: /Users/shubhanshu/Desktop/Nebula/digital/output/rtl_variants/gemini_flash/rtl/asynchronous_fifo_gen.v
8. Executing Verilog-2005 frontend: /Users/shubhanshu/Desktop/Nebula/digital/output/rtl_variants/gemini_flash/rtl/axi_interconnect_2m_8s.v
9. Executing Verilog-2005 frontend: /Users/shubhanshu/Desktop/Nebula/digital/output/rtl_variants/gemini_flash/rtl/axi_lite_dma_config.v
10. Executing Verilog-2005 frontend: /Users/shubhanshu/Desktop/Nebula/digital/output/rtl_variants/gemini_flash/rtl/axi_lite_dot.v
11. Executing Verilog-2005 frontend: /Users/shubhanshu/Desktop/Nebula/digital/output/rtl_variants/gemini_flash/rtl/axi_lite_gpio.v
12. Executing Verilog-2005 frontend: /Users/shubhanshu/Desktop/Nebula/digital/output/rtl_variants/gemini_flash/rtl/axi_lite_master.v
13. Executing Verilog-2005 frontend: /Users/shubhanshu/Desktop/Nebula/digital/output/rtl_variants/gemini_flash/rtl/axi_lite_timer.v
14. Executing Verilog-2005 frontend: /Users/shubhanshu/Desktop/Nebula/digital/output/rtl_variants/gemini_flash/rtl/axi_lite_uart.v
15. Executing Verilog-2005 frontend: /Users/shubhanshu/Desktop/Nebula/digital/output/rtl_variants/gemini_flash/rtl/branch_comp_decoder.v
16. Executing Verilog-2005 frontend: /Users/shubhanshu/Desktop/Nebula/digital/output/rtl_variants/gemini_flash/rtl/branch_comprator.v
17. Executing Verilog-2005 frontend: /Users/shubhanshu/Desktop/Nebula/digital/output/rtl_variants/gemini_flash/rtl/branch_predictor.v
18. Executing Verilog-2005 frontend: /Users/shubhanshu/Desktop/Nebula/digital/output/rtl_variants/gemini_flash/rtl/clk_div_mux.v
19. Executing Verilog-2005 frontend: /Users/shubhanshu/Desktop/Nebula/digital/output/rtl_variants/gemini_flash/rtl/clk_gate.v
20. Executing Verilog-2005 frontend: /Users/shubhanshu/Desktop/Nebula/digital/output/rtl_variants/gemini_flash/rtl/control_unit.v
21. Executing Verilog-2005 frontend: /Users/shubhanshu/Desktop/Nebula/digital/output/rtl_variants/gemini_flash/rtl/csr_regfile.v
22. Executing Verilog-2005 frontend: /Users/shubhanshu/Desktop/Nebula/digital/output/rtl_variants/gemini_flash/rtl/data_clipper.v
23. Executing Verilog-2005 frontend: /Users/shubhanshu/Desktop/Nebula/digital/output/rtl_variants/gemini_flash/rtl/data_extender.v
24. Executing Verilog-2005 frontend: /Users/shubhanshu/Desktop/Nebula/digital/output/rtl_variants/gemini_flash/rtl/data_forwarding_unit.v
25. Executing Verilog-2005 frontend: /Users/shubhanshu/Desktop/Nebula/digital/output/rtl_variants/gemini_flash/rtl/dma_controller.v
26. Executing Verilog-2005 frontend: /Users/shubhanshu/Desktop/Nebula/digital/output/rtl_variants/gemini_flash/rtl/dmem.v
27. Executing Verilog-2005 frontend: /Users/shubhanshu/Desktop/Nebula/digital/output/rtl_variants/gemini_flash/rtl/execution_stage.v
28. Executing Verilog-2005 frontend: /Users/shubhanshu/Desktop/Nebula/digital/output/rtl_variants/gemini_flash/rtl/fp4_dot_unit.v
29. Executing Verilog-2005 frontend: /Users/shubhanshu/Desktop/Nebula/digital/output/rtl_variants/gemini_flash/rtl/fp4_mul.v
30. Executing Verilog-2005 frontend: /Users/shubhanshu/Desktop/Nebula/digital/output/rtl_variants/gemini_flash/rtl/fp8_adder.v
31. Executing Verilog-2005 frontend: /Users/shubhanshu/Desktop/Nebula/digital/output/rtl_variants/gemini_flash/rtl/gpio_controller.v
32. Executing Verilog-2005 frontend: /Users/shubhanshu/Desktop/Nebula/digital/output/rtl_variants/gemini_flash/rtl/hazard_detection_unit.v
33. Executing Verilog-2005 frontend: /Users/shubhanshu/Desktop/Nebula/digital/output/rtl_variants/gemini_flash/rtl/i_rom_32x256.v
34. Executing Verilog-2005 frontend: /Users/shubhanshu/Desktop/Nebula/digital/output/rtl_variants/gemini_flash/rtl/id_memory_256x64_wrap.v
35. Executing Verilog-2005 frontend: /Users/shubhanshu/Desktop/Nebula/digital/output/rtl_variants/gemini_flash/rtl/immediate_generator.v
36. Executing Verilog-2005 frontend: /Users/shubhanshu/Desktop/Nebula/digital/output/rtl_variants/gemini_flash/rtl/instruction_decode_stage.v
37. Executing Verilog-2005 frontend: /Users/shubhanshu/Desktop/Nebula/digital/output/rtl_variants/gemini_flash/rtl/instruction_fetch_stage.v
38. Executing Verilog-2005 frontend: /Users/shubhanshu/Desktop/Nebula/digital/output/rtl_variants/gemini_flash/rtl/interrupt_control_unit.v
39. Executing Verilog-2005 frontend: /Users/shubhanshu/Desktop/Nebula/digital/output/rtl_variants/gemini_flash/rtl/l1_cache_axi_master.v
40. Executing Verilog-2005 frontend: /Users/shubhanshu/Desktop/Nebula/digital/output/rtl_variants/gemini_flash/rtl/l1_d_cache_8kb.v
41. Executing Verilog-2005 frontend: /Users/shubhanshu/Desktop/Nebula/digital/output/rtl_variants/gemini_flash/rtl/l1_i_cache_8kb.v
42. Executing Verilog-2005 frontend: /Users/shubhanshu/Desktop/Nebula/digital/output/rtl_variants/gemini_flash/rtl/mem_axi_slave.v
43. Executing Verilog-2005 frontend: /Users/shubhanshu/Desktop/Nebula/digital/output/rtl_variants/gemini_flash/rtl/memory_stage.v
44. Executing Verilog-2005 frontend: /Users/shubhanshu/Desktop/Nebula/digital/output/rtl_variants/gemini_flash/rtl/multiplier_pipelined.v
45. Executing Verilog-2005 frontend: /Users/shubhanshu/Desktop/Nebula/digital/output/rtl_variants/gemini_flash/rtl/pipeline_reg_ex_mem.v
46. Executing Verilog-2005 frontend: /Users/shubhanshu/Desktop/Nebula/digital/output/rtl_variants/gemini_flash/rtl/pipeline_reg_id_ex.v
47. Executing Verilog-2005 frontend: /Users/shubhanshu/Desktop/Nebula/digital/output/rtl_variants/gemini_flash/rtl/pipeline_reg_if_id.v
48. Executing Verilog-2005 frontend: /Users/shubhanshu/Desktop/Nebula/digital/output/rtl_variants/gemini_flash/rtl/pipeline_reg_mem_wb.v
49. Executing Verilog-2005 frontend: /Users/shubhanshu/Desktop/Nebula/digital/output/rtl_variants/gemini_flash/rtl/processor_top.v
50. Executing Verilog-2005 frontend: /Users/shubhanshu/Desktop/Nebula/digital/output/rtl_variants/gemini_flash/rtl/read_buffer_d_cache.v
51. Executing Verilog-2005 frontend: /Users/shubhanshu/Desktop/Nebula/digital/output/rtl_variants/gemini_flash/rtl/read_buffer_i_cache.v
52. Executing Verilog-2005 frontend: /Users/shubhanshu/Desktop/Nebula/digital/output/rtl_variants/gemini_flash/rtl/register_file.v
53. Executing Verilog-2005 frontend: /Users/shubhanshu/Desktop/Nebula/digital/output/rtl_variants/gemini_flash/rtl/soc_top.v
54. Executing Verilog-2005 frontend: /Users/shubhanshu/Desktop/Nebula/digital/output/rtl_variants/gemini_flash/rtl/tag_memory_92x64_wrap.v
55. Executing Verilog-2005 frontend: /Users/shubhanshu/Desktop/Nebula/digital/output/rtl_variants/gemini_flash/rtl/timer.v
56. Executing Verilog-2005 frontend: /Users/shubhanshu/Desktop/Nebula/digital/output/rtl_variants/gemini_flash/rtl/uart_controller.v
57. Executing Verilog-2005 frontend: /Users/shubhanshu/Desktop/Nebula/digital/output/rtl_variants/gemini_flash/rtl/write_back_stage.v
58. Executing Verilog-2005 frontend: /Users/shubhanshu/Desktop/Nebula/digital/orfs/flow/platforms/sky130hd/cells_clkgate_hd.v
59. Executing HIERARCHY pass (managing design hierarchy).
60. Executing AST frontend in derive mode using pre-parsed AST for module `\soc_top'.
60.1. Analyzing design hierarchy..
60.2. Executing AST frontend in derive mode using pre-parsed AST for module `\dmem'.
60.3. Executing AST frontend in derive mode using pre-parsed AST for module `\interrupt_control_unit'.
60.4. Executing AST frontend in derive mode using pre-parsed AST for module `\clk_gate'.
60.5. Executing AST frontend in derive mode using pre-parsed AST for module `\clk_div_mux'.
60.6. Executing AST frontend in derive mode using pre-parsed AST for module `\axi_lite_uart'.
60.7. Executing AST frontend in derive mode using pre-parsed AST for module `\mem_axi_slave'.
60.8. Executing AST frontend in derive mode using pre-parsed AST for module `\axi_lite_dot'.
60.9. Executing AST frontend in derive mode using pre-parsed AST for module `\axi_lite_dma_config'.
60.10. Executing AST frontend in derive mode using pre-parsed AST for module `\axi_lite_gpio'.
60.11. Executing AST frontend in derive mode using pre-parsed AST for module `\axi_lite_timer'.
60.12. Executing AST frontend in derive mode using pre-parsed AST for module `\axi_interconnect_2m_8s'.
60.13. Executing AST frontend in derive mode using pre-parsed AST for module `\axi_lite_master'.
60.14. Executing AST frontend in derive mode using pre-parsed AST for module `\l1_cache_axi_master'.
60.15. Executing AST frontend in derive mode using pre-parsed AST for module `\l1_d_cache_8kb'.
60.16. Executing AST frontend in derive mode using pre-parsed AST for module `\read_buffer_d_cache'.
60.17. Executing AST frontend in derive mode using pre-parsed AST for module `\processor_top'.
60.18. Analyzing design hierarchy..
60.19. Executing AST frontend in derive mode using pre-parsed AST for module `\hazard_detection_unit'.
60.20. Executing AST frontend in derive mode using pre-parsed AST for module `\write_back_stage'.
60.21. Executing AST frontend in derive mode using pre-parsed AST for module `\pipeline_reg_mem_wb'.
60.22. Executing AST frontend in derive mode using pre-parsed AST for module `\memory_stage'.
60.23. Executing AST frontend in derive mode using pre-parsed AST for module `\pipeline_reg_ex_mem'.
60.24. Executing AST frontend in derive mode using pre-parsed AST for module `\branch_comprator'.
60.25. Executing AST frontend in derive mode using pre-parsed AST for module `\execution_stage'.
60.26. Executing AST frontend in derive mode using pre-parsed AST for module `\alu_src_b_mux'.
60.27. Executing AST frontend in derive mode using pre-parsed AST for module `\alu_src_a_mux'.
60.28. Executing AST frontend in derive mode using pre-parsed AST for module `\pipeline_reg_id_ex'.
60.29. Executing AST frontend in derive mode using pre-parsed AST for module `\data_forwarding_unit'.
60.30. Executing AST frontend in derive mode using pre-parsed AST for module `\data_extender'.
60.31. Executing AST frontend in derive mode using pre-parsed AST for module `\instruction_decode_stage'.
60.32. Executing AST frontend in derive mode using pre-parsed AST for module `\pipeline_reg_if_id'.
60.33. Executing AST frontend in derive mode using pre-parsed AST for module `\instruction_fetch_stage'.
60.34. Executing AST frontend in derive mode using pre-parsed AST for module `\id_memory_256x64_wrap'.
60.35. Executing AST frontend in derive mode using pre-parsed AST for module `\tag_memory_92x64_wrap'.
60.36. Executing AST frontend in derive mode using pre-parsed AST for module `\arbiter'.
60.37. Executing AST frontend in derive mode using pre-parsed AST for module `\timer'.
60.38. Executing AST frontend in derive mode using pre-parsed AST for module `\asynchronous_fifo_gen'.
60.39. Executing AST frontend in derive mode using pre-parsed AST for module `\asynchronous_fifo_gen'.
60.40. Executing AST frontend in derive mode using pre-parsed AST for module `\gpio_controller'.
60.41. Executing AST frontend in derive mode using pre-parsed AST for module `\dma_controller'.
60.42. Executing AST frontend in derive mode using pre-parsed AST for module `\fp4_dot_unit'.
60.43. Executing AST frontend in derive mode using pre-parsed AST for module `\uart_controller'.
60.44. Analyzing design hierarchy..
60.45. Executing AST frontend in derive mode using pre-parsed AST for module `\fp8_adder'.
60.46. Executing AST frontend in derive mode using pre-parsed AST for module `\fp4_mul'.
60.47. Executing AST frontend in derive mode using pre-parsed AST for module `\branch_predictor'.
60.48. Executing AST frontend in derive mode using pre-parsed AST for module `\i_rom_32x256'.
60.49. Executing AST frontend in derive mode using pre-parsed AST for module `\l1_i_cache_8kb'.
60.50. Executing AST frontend in derive mode using pre-parsed AST for module `\read_buffer_i_cache'.
Warning: Replacing memory \buf_data with list of registers. See /Users/shubhanshu/Desktop/Nebula/digital/output/rtl_variants/gemini_flash/rtl/read_buffer_i_cache.v:87
60.51. Executing AST frontend in derive mode using pre-parsed AST for module `\branch_comp_decoder'.
60.52. Executing AST frontend in derive mode using pre-parsed AST for module `\immediate_generator'.
60.53. Executing AST frontend in derive mode using pre-parsed AST for module `\csr_regfile'.
60.54. Executing AST frontend in derive mode using pre-parsed AST for module `\register_file'.
60.55. Executing AST frontend in derive mode using pre-parsed AST for module `\control_unit'.
60.56. Executing AST frontend in derive mode using pre-parsed AST for module `\data_clipper'.
60.57. Executing AST frontend in derive mode using pre-parsed AST for module `\multiplier_pipelined'.
60.58. Executing AST frontend in derive mode using pre-parsed AST for module `\alu'.
60.59. Analyzing design hierarchy..
60.60. Analyzing design hierarchy..
61. Executing OPT_CLEAN pass (remove unused cells and wires).
Warning: Ignoring module alu because it contains processes (run 'proc' command first).
Warning: Ignoring module multiplier_pipelined because it contains processes (run 'proc' command first).
Warning: Ignoring module data_clipper because it contains processes (run 'proc' command first).
Warning: Ignoring module control_unit because it contains processes (run 'proc' command first).
Warning: Ignoring module register_file because it contains processes (run 'proc' command first).
Warning: Ignoring module csr_regfile because it contains processes (run 'proc' command first).
Warning: Ignoring module immediate_generator because it contains processes (run 'proc' command first).
Warning: Ignoring module branch_comp_decoder because it contains processes (run 'proc' command first).
Warning: Ignoring module read_buffer_i_cache because it contains processes (run 'proc' command first).
Warning: Ignoring module l1_i_cache_8kb because it contains processes (run 'proc' command first).
Warning: Ignoring module i_rom_32x256 because it contains processes (run 'proc' command first).
Warning: Ignoring module branch_predictor because it contains processes (run 'proc' command first).
Warning: Ignoring module fp4_mul because it contains processes (run 'proc' command first).
Warning: Ignoring module fp8_adder because it contains processes (run 'proc' command first).
Warning: Ignoring module uart_controller because it contains processes (run 'proc' command first).
Warning: Ignoring module dma_controller because it contains processes (run 'proc' command first).
Warning: Ignoring module gpio_controller because it contains processes (run 'proc' command first).
Warning: Ignoring module $paramod$e9b0330b32c707496d2ac0891b99a36ab486e931\asynchronous_fifo_gen because it contains processes (run 'proc' command first).
Warning: Ignoring module $paramod$72f83d20332db853f52d52010cdb396e42162176\asynchronous_fifo_gen because it contains processes (run 'proc' command first).
Warning: Ignoring module timer because it contains processes (run 'proc' command first).
Warning: Ignoring module arbiter because it contains processes (run 'proc' command first).
Warning: Ignoring module tag_memory_92x64_wrap because it contains processes (run 'proc' command first).
Warning: Ignoring module id_memory_256x64_wrap because it contains processes (run 'proc' command first).
Warning: Ignoring module instruction_fetch_stage because it contains processes (run 'proc' command first).
Warning: Ignoring module pipeline_reg_if_id because it contains processes (run 'proc' command first).
Warning: Ignoring module data_extender because it contains processes (run 'proc' command first).
Warning: Ignoring module data_forwarding_unit because it contains processes (run 'proc' command first).
Warning: Ignoring module pipeline_reg_id_ex because it contains processes (run 'proc' command first).
Warning: Ignoring module alu_src_a_mux because it contains processes (run 'proc' command first).
Warning: Ignoring module alu_src_b_mux because it contains processes (run 'proc' command first).
Warning: Ignoring module branch_comprator because it contains processes (run 'proc' command first).
Warning: Ignoring module pipeline_reg_ex_mem because it contains processes (run 'proc' command first).
Warning: Ignoring module pipeline_reg_mem_wb because it contains processes (run 'proc' command first).
Warning: Ignoring module read_buffer_d_cache because it contains processes (run 'proc' command first).
Warning: Ignoring module l1_d_cache_8kb because it contains processes (run 'proc' command first).
Warning: Ignoring module l1_cache_axi_master because it contains processes (run 'proc' command first).
Warning: Ignoring module axi_lite_master because it contains processes (run 'proc' command first).
Warning: Ignoring module axi_interconnect_2m_8s because it contains processes (run 'proc' command first).
Warning: Ignoring module axi_lite_timer because it contains processes (run 'proc' command first).
Warning: Ignoring module axi_lite_gpio because it contains processes (run 'proc' command first).
Warning: Ignoring module axi_lite_dma_config because it contains processes (run 'proc' command first).
Warning: Ignoring module axi_lite_dot because it contains processes (run 'proc' command first).
Warning: Ignoring module mem_axi_slave because it contains processes (run 'proc' command first).
Warning: Ignoring module axi_lite_uart because it contains processes (run 'proc' command first).
Warning: Ignoring module clk_div_mux because it contains processes (run 'proc' command first).
Warning: Ignoring module interrupt_control_unit because it contains processes (run 'proc' command first).
Warning: Ignoring module dmem because it contains processes (run 'proc' command first).
Warning: Ignoring module soc_top because it contains processes (run 'proc' command first).
62. Executing RTLIL backend.
Warnings: 49 unique messages, 49 total
End of script. Logfile hash: 68c062a7eb, time: 0.47s, user: 0.37s, system: 0.04s, MEM: 79.75 MB peak
Yosys 0.67+ (git sha1 b88b73a99, Release, AppleClang /usr/bin/c++ 21.0.0.21000101) [github.com/The-OpenROAD-Project/yosys at HEAD]
Time spent: 51% 1x hierarchy (0 sec), 23% 4x read_liberty (0 sec), ...
Elapsed time: 0:00.50[h:]min:sec. CPU time: user 0.40 sys 0.05 (90%). Peak memory: 82032KB.
Log                       Ext     Elapsed/s Peak Memory/MB sha1sum result [0:20)
1_1_yosys_canonicalize    .rtlil          0             80 bff7efcd72c6ac7b2dc3
/Users/shubhanshu/Desktop/Nebula/digital/orfs/flow/scripts/synth.sh /Users/shubhanshu/Desktop/Nebula/digital/orfs/flow/scripts/synth.tcl /Users/shubhanshu/Desktop/Nebula/digital/artifacts/model_ppa_20260912/pnr_gemini_flash/logs/sky130hd/nebula_bench/gemini_flash/1_2_yosys.log
Using ABC speed script.
Extracting clock period from SDC file: /Users/shubhanshu/Desktop/Nebula/digital/artifacts/model_ppa_20260912/pnr_gemini_flash/results/sky130hd/nebula_bench/gemini_flash/clock_period.txt
1. Executing RTLIL frontend.
2. Executing HIERARCHY pass (managing design hierarchy).
2.1. Analyzing design hierarchy..
2.2. Analyzing design hierarchy..
3. Executing SYNTH pass.
3.1. Executing HIERARCHY pass (managing design hierarchy).
3.1.1. Analyzing design hierarchy..
3.1.2. Analyzing design hierarchy..
3.2. Executing PROC pass (convert processes to netlists).
3.2.1. Executing PROC_CLEAN pass (remove empty switches from decision trees).
3.2.2. Executing PROC_RMDEAD pass (remove dead branches from decision trees).
3.2.3. Executing PROC_PRUNE pass (remove redundant assignments in processes).
3.2.4. Executing PROC_INIT pass (extract init attributes).
3.2.5. Executing PROC_ARST pass (detect async resets in processes).
3.2.6. Executing PROC_ROM pass (convert switches to ROMs).
3.2.7. Executing PROC_MUX pass (convert decision trees to multiplexers).
3.2.8. Executing PROC_DLATCH pass (convert process syncs to latches).
3.2.9. Executing PROC_DFF pass (convert process syncs to FFs).
3.2.10. Executing PROC_MEMWR pass (convert process memory writes to cells).
3.2.11. Executing PROC_CLEAN pass (remove empty switches from decision trees).
3.2.12. Executing OPT_EXPR pass (perform const folding).
3.3. Executing OPT_EXPR pass (perform const folding).
3.4. Executing OPT_CLEAN pass (remove unused cells and wires).
3.5. Executing CHECK pass (checking for obvious problems).
3.6. Executing OPT pass (performing simple optimizations).
3.6.1. Executing OPT_EXPR pass (perform const folding).
3.6.2. Executing OPT_MERGE pass (detect identical cells).
3.6.3. Executing OPT_MUXTREE pass (detect dead branches in mux trees).
3.6.4. Executing OPT_REDUCE pass (consolidate $*mux and $reduce_* inputs).
3.6.5. Executing OPT_MERGE pass (detect identical cells).
3.6.6. Executing OPT_DFF pass (perform DFF optimizations).
3.6.7. Executing OPT_CLEAN pass (remove unused cells and wires).
3.6.8. Executing OPT_EXPR pass (perform const folding).
3.6.9. Rerunning OPT passes. (Maybe there is more to do..)
3.6.10. Executing OPT_MUXTREE pass (detect dead branches in mux trees).
3.6.11. Executing OPT_REDUCE pass (consolidate $*mux and $reduce_* inputs).
3.6.12. Executing OPT_MERGE pass (detect identical cells).
3.6.13. Executing OPT_DFF pass (perform DFF optimizations).
3.6.14. Executing OPT_CLEAN pass (remove unused cells and wires).
3.6.15. Executing OPT_EXPR pass (perform const folding).
3.6.16. Rerunning OPT passes. (Maybe there is more to do..)
3.6.17. Executing OPT_MUXTREE pass (detect dead branches in mux trees).
3.6.18. Executing OPT_REDUCE pass (consolidate $*mux and $reduce_* inputs).
3.6.19. Executing OPT_MERGE pass (detect identical cells).
3.6.20. Executing OPT_DFF pass (perform DFF optimizations).
3.6.21. Executing OPT_CLEAN pass (remove unused cells and wires).
3.6.22. Executing OPT_EXPR pass (perform const folding).
3.6.23. Finished fast OPT passes. (There is nothing left to do.)
3.7. Executing FSM pass (extract and optimize FSM).
3.7.1. Executing FSM_DETECT pass (finding FSMs in design).
3.7.2. Executing FSM_EXTRACT pass (extracting FSM from design).
3.7.3. Executing FSM_OPT pass (simple optimizations of FSMs).
3.7.4. Executing OPT_CLEAN pass (remove unused cells and wires).
3.7.5. Executing FSM_OPT pass (simple optimizations of FSMs).
3.7.6. Executing FSM_RECODE pass (re-assigning FSM state encoding).
3.7.7. Executing FSM_INFO pass (dumping all available information on FSM cells).
3.7.8. Executing FSM_MAP pass (mapping FSMs to basic logic).
3.8. Executing OPT pass (performing simple optimizations).
3.8.1. Executing OPT_EXPR pass (perform const folding).
3.8.2. Executing OPT_MERGE pass (detect identical cells).
3.8.3. Executing OPT_MUXTREE pass (detect dead branches in mux trees).
3.8.4. Executing OPT_REDUCE pass (consolidate $*mux and $reduce_* inputs).
3.8.5. Executing OPT_MERGE pass (detect identical cells).
3.8.6. Executing OPT_DFF pass (perform DFF optimizations).
3.8.7. Executing OPT_CLEAN pass (remove unused cells and wires).
3.8.8. Executing OPT_EXPR pass (perform const folding).
3.8.9. Rerunning OPT passes. (Maybe there is more to do..)
3.8.10. Executing OPT_MUXTREE pass (detect dead branches in mux trees).
3.8.11. Executing OPT_REDUCE pass (consolidate $*mux and $reduce_* inputs).
3.8.12. Executing OPT_MERGE pass (detect identical cells).
3.8.13. Executing OPT_DFF pass (perform DFF optimizations).
3.8.14. Executing OPT_CLEAN pass (remove unused cells and wires).
3.8.15. Executing OPT_EXPR pass (perform const folding).
3.8.16. Rerunning OPT passes. (Maybe there is more to do..)
3.8.17. Executing OPT_MUXTREE pass (detect dead branches in mux trees).
3.8.18. Executing OPT_REDUCE pass (consolidate $*mux and $reduce_* inputs).
3.8.19. Executing OPT_MERGE pass (detect identical cells).
3.8.20. Executing OPT_DFF pass (perform DFF optimizations).
3.8.21. Executing OPT_CLEAN pass (remove unused cells and wires).
3.8.22. Executing OPT_EXPR pass (perform const folding).
3.8.23. Finished fast OPT passes. (There is nothing left to do.)
3.9. Executing WREDUCE pass (reducing word size of cells).
3.10. Executing PEEPOPT pass (run peephole optimizers).
3.11. Executing OPT_CLEAN pass (remove unused cells and wires).
3.12. Executing ALUMACC pass (create $alu and $macc cells).
3.13. Executing SHARE pass (SAT-based resource sharing).
3.14. Executing OPT pass (performing simple optimizations).
3.14.1. Executing OPT_EXPR pass (perform const folding).
3.14.2. Executing OPT_MERGE pass (detect identical cells).
3.14.3. Executing OPT_MUXTREE pass (detect dead branches in mux trees).
3.14.4. Executing OPT_REDUCE pass (consolidate $*mux and $reduce_* inputs).
3.14.5. Executing OPT_MERGE pass (detect identical cells).
3.14.6. Executing OPT_DFF pass (perform DFF optimizations).
3.14.7. Executing OPT_CLEAN pass (remove unused cells and wires).
3.14.8. Executing OPT_EXPR pass (perform const folding).
3.14.9. Rerunning OPT passes. (Maybe there is more to do..)
3.14.10. Executing OPT_MUXTREE pass (detect dead branches in mux trees).
3.14.11. Executing OPT_REDUCE pass (consolidate $*mux and $reduce_* inputs).
3.14.12. Executing OPT_MERGE pass (detect identical cells).
3.14.13. Executing OPT_DFF pass (perform DFF optimizations).
3.14.14. Executing OPT_CLEAN pass (remove unused cells and wires).
3.14.15. Executing OPT_EXPR pass (perform const folding).
3.14.16. Finished fast OPT passes. (There is nothing left to do.)
3.15. Executing MEMORY pass.
3.15.1. Executing OPT_MEM pass (optimize memories).
3.15.2. Executing OPT_MEM_PRIORITY pass (removing unnecessary memory write priority relations).
3.15.3. Executing OPT_MEM_FEEDBACK pass (finding memory read-to-write feedback paths).
3.15.4. Executing MEMORY_BMUX2ROM pass (converting muxes to ROMs).
3.15.5. Executing MEMORY_DFF pass (merging $dff cells to $memrd).
3.15.6. Executing OPT_CLEAN pass (remove unused cells and wires).
3.15.7. Executing MEMORY_SHARE pass (consolidating $memrd/$memwr cells).
3.15.8. Executing OPT_MEM_WIDEN pass (optimize memories where all ports are wide).
3.15.9. Executing OPT_CLEAN pass (remove unused cells and wires).
3.15.10. Executing MEMORY_COLLECT pass (generating $mem cells).
3.16. Executing OPT_CLEAN pass (remove unused cells and wires).
Keep modules above estimated size of
      0 gate equivalents
4. Executing CELLMATCH pass. (match cells)
Warning: Ignoring blackbox module sky130_fd_sc_hd__sdlclkp_4.
Warning: Ignoring blackbox module sky130_fd_sc_hd__sdlclkp_2.
Warning: Ignoring blackbox module sky130_fd_sc_hd__sdlclkp_1.
Warning: Ignoring blackbox module sky130_fd_sc_hd__dlclkp_4.
Warning: Ignoring blackbox module sky130_fd_sc_hd__dlclkp_2.
Warning: Ignoring blackbox module sky130_fd_sc_hd__dlclkp_1.
5. Executing KEEP_HIERARCHY pass.
6. Executing SYNTH pass.
6.1. Executing PROC pass (convert processes to netlists).
6.1.1. Executing PROC_CLEAN pass (remove empty switches from decision trees).
6.1.2. Executing PROC_RMDEAD pass (remove dead branches from decision trees).
6.1.3. Executing PROC_PRUNE pass (remove redundant assignments in processes).
6.1.4. Executing PROC_INIT pass (extract init attributes).
6.1.5. Executing PROC_ARST pass (detect async resets in processes).
6.1.6. Executing PROC_ROM pass (convert switches to ROMs).
6.1.7. Executing PROC_MUX pass (convert decision trees to multiplexers).
6.1.8. Executing PROC_DLATCH pass (convert process syncs to latches).
6.1.9. Executing PROC_DFF pass (convert process syncs to FFs).
6.1.10. Executing PROC_MEMWR pass (convert process memory writes to cells).
6.1.11. Executing PROC_CLEAN pass (remove empty switches from decision trees).
6.1.12. Executing OPT_EXPR pass (perform const folding).
6.2. Executing CHECK pass (checking for obvious problems).
Warning: Wire i_rom_32x256.$memrd$\mem$/Users/shubhanshu/Desktop/Nebula/digital/output/rtl_variants/gemini_flash/rtl/i_rom_32x256.v:45$9170_DATA [31] is used but has no driver.
Warning: Wire i_rom_32x256.$memrd$\mem$/Users/shubhanshu/Desktop/Nebula/digital/output/rtl_variants/gemini_flash/rtl/i_rom_32x256.v:45$9170_DATA [30] is used but has no driver.
Warning: Wire i_rom_32x256.$memrd$\mem$/Users/shubhanshu/Desktop/Nebula/digital/output/rtl_variants/gemini_flash/rtl/i_rom_32x256.v:45$9170_DATA [29] is used but has no driver.
Warning: Wire i_rom_32x256.$memrd$\mem$/Users/shubhanshu/Desktop/Nebula/digital/output/rtl_variants/gemini_flash/rtl/i_rom_32x256.v:45$9170_DATA [28] is used but has no driver.
Warning: Wire i_rom_32x256.$memrd$\mem$/Users/shubhanshu/Desktop/Nebula/digital/output/rtl_variants/gemini_flash/rtl/i_rom_32x256.v:45$9170_DATA [27] is used but has no driver.
Warning: Wire i_rom_32x256.$memrd$\mem$/Users/shubhanshu/Desktop/Nebula/digital/output/rtl_variants/gemini_flash/rtl/i_rom_32x256.v:45$9170_DATA [26] is used but has no driver.
Warning: Wire i_rom_32x256.$memrd$\mem$/Users/shubhanshu/Desktop/Nebula/digital/output/rtl_variants/gemini_flash/rtl/i_rom_32x256.v:45$9170_DATA [25] is used but has no driver.
Warning: Wire i_rom_32x256.$memrd$\mem$/Users/shubhanshu/Desktop/Nebula/digital/output/rtl_variants/gemini_flash/rtl/i_rom_32x256.v:45$9170_DATA [24] is used but has no driver.
Warning: Wire i_rom_32x256.$memrd$\mem$/Users/shubhanshu/Desktop/Nebula/digital/output/rtl_variants/gemini_flash/rtl/i_rom_32x256.v:45$9170_DATA [23] is used but has no driver.
Warning: Wire i_rom_32x256.$memrd$\mem$/Users/shubhanshu/Desktop/Nebula/digital/output/rtl_variants/gemini_flash/rtl/i_rom_32x256.v:45$9170_DATA [22] is used but has no driver.
Warning: Wire i_rom_32x256.$memrd$\mem$/Users/shubhanshu/Desktop/Nebula/digital/output/rtl_variants/gemini_flash/rtl/i_rom_32x256.v:45$9170_DATA [21] is used but has no driver.
Warning: Wire i_rom_32x256.$memrd$\mem$/Users/shubhanshu/Desktop/Nebula/digital/output/rtl_variants/gemini_flash/rtl/i_rom_32x256.v:45$9170_DATA [20] is used but has no driver.
Warning: Wire i_rom_32x256.$memrd$\mem$/Users/shubhanshu/Desktop/Nebula/digital/output/rtl_variants/gemini_flash/rtl/i_rom_32x256.v:45$9170_DATA [19] is used but has no driver.
Warning: Wire i_rom_32x256.$memrd$\mem$/Users/shubhanshu/Desktop/Nebula/digital/output/rtl_variants/gemini_flash/rtl/i_rom_32x256.v:45$9170_DATA [18] is used but has no driver.
Warning: Wire i_rom_32x256.$memrd$\mem$/Users/shubhanshu/Desktop/Nebula/digital/output/rtl_variants/gemini_flash/rtl/i_rom_32x256.v:45$9170_DATA [17] is used but has no driver.
Warning: Wire i_rom_32x256.$memrd$\mem$/Users/shubhanshu/Desktop/Nebula/digital/output/rtl_variants/gemini_flash/rtl/i_rom_32x256.v:45$9170_DATA [16] is used but has no driver.
Warning: Wire i_rom_32x256.$memrd$\mem$/Users/shubhanshu/Desktop/Nebula/digital/output/rtl_variants/gemini_flash/rtl/i_rom_32x256.v:45$9170_DATA [15] is used but has no driver.
Warning: Wire i_rom_32x256.$memrd$\mem$/Users/shubhanshu/Desktop/Nebula/digital/output/rtl_variants/gemini_flash/rtl/i_rom_32x256.v:45$9170_DATA [14] is used but has no driver.
Warning: Wire i_rom_32x256.$memrd$\mem$/Users/shubhanshu/Desktop/Nebula/digital/output/rtl_variants/gemini_flash/rtl/i_rom_32x256.v:45$9170_DATA [13] is used but has no driver.
Warning: Wire i_rom_32x256.$memrd$\mem$/Users/shubhanshu/Desktop/Nebula/digital/output/rtl_variants/gemini_flash/rtl/i_rom_32x256.v:45$9170_DATA [12] is used but has no driver.
Warning: Wire i_rom_32x256.$memrd$\mem$/Users/shubhanshu/Desktop/Nebula/digital/output/rtl_variants/gemini_flash/rtl/i_rom_32x256.v:45$9170_DATA [11] is used but has no driver.
Warning: Wire i_rom_32x256.$memrd$\mem$/Users/shubhanshu/Desktop/Nebula/digital/output/rtl_variants/gemini_flash/rtl/i_rom_32x256.v:45$9170_DATA [10] is used but has no driver.
Warning: Wire i_rom_32x256.$memrd$\mem$/Users/shubhanshu/Desktop/Nebula/digital/output/rtl_variants/gemini_flash/rtl/i_rom_32x256.v:45$9170_DATA [9] is used but has no driver.
Warning: Wire i_rom_32x256.$memrd$\mem$/Users/shubhanshu/Desktop/Nebula/digital/output/rtl_variants/gemini_flash/rtl/i_rom_32x256.v:45$9170_DATA [8] is used but has no driver.
Warning: Wire i_rom_32x256.$memrd$\mem$/Users/shubhanshu/Desktop/Nebula/digital/output/rtl_variants/gemini_flash/rtl/i_rom_32x256.v:45$9170_DATA [7] is used but has no driver.
Warning: Wire i_rom_32x256.$memrd$\mem$/Users/shubhanshu/Desktop/Nebula/digital/output/rtl_variants/gemini_flash/rtl/i_rom_32x256.v:45$9170_DATA [6] is used but has no driver.
Warning: Wire i_rom_32x256.$memrd$\mem$/Users/shubhanshu/Desktop/Nebula/digital/output/rtl_variants/gemini_flash/rtl/i_rom_32x256.v:45$9170_DATA [5] is used but has no driver.
Warning: Wire i_rom_32x256.$memrd$\mem$/Users/shubhanshu/Desktop/Nebula/digital/output/rtl_variants/gemini_flash/rtl/i_rom_32x256.v:45$9170_DATA [4] is used but has no driver.
Warning: Wire i_rom_32x256.$memrd$\mem$/Users/shubhanshu/Desktop/Nebula/digital/output/rtl_variants/gemini_flash/rtl/i_rom_32x256.v:45$9170_DATA [2] is used but has no driver.
Warning: Wire i_rom_32x256.$memrd$\mem$/Users/shubhanshu/Desktop/Nebula/digital/output/rtl_variants/gemini_flash/rtl/i_rom_32x256.v:45$9169_DATA [31] is used but has no driver.
Warning: Wire i_rom_32x256.$memrd$\mem$/Users/shubhanshu/Desktop/Nebula/digital/output/rtl_variants/gemini_flash/rtl/i_rom_32x256.v:45$9169_DATA [30] is used but has no driver.
Warning: Wire i_rom_32x256.$memrd$\mem$/Users/shubhanshu/Desktop/Nebula/digital/output/rtl_variants/gemini_flash/rtl/i_rom_32x256.v:45$9169_DATA [29] is used but has no driver.
Warning: Wire i_rom_32x256.$memrd$\mem$/Users/shubhanshu/Desktop/Nebula/digital/output/rtl_variants/gemini_flash/rtl/i_rom_32x256.v:45$9169_DATA [28] is used but has no driver.
Warning: Wire i_rom_32x256.$memrd$\mem$/Users/shubhanshu/Desktop/Nebula/digital/output/rtl_variants/gemini_flash/rtl/i_rom_32x256.v:45$9169_DATA [27] is used but has no driver.
Warning: Wire i_rom_32x256.$memrd$\mem$/Users/shubhanshu/Desktop/Nebula/digital/output/rtl_variants/gemini_flash/rtl/i_rom_32x256.v:45$9169_DATA [26] is used but has no driver.
Warning: Wire i_rom_32x256.$memrd$\mem$/Users/shubhanshu/Desktop/Nebula/digital/output/rtl_variants/gemini_flash/rtl/i_rom_32x256.v:45$9169_DATA [25] is used but has no driver.
Warning: Wire i_rom_32x256.$memrd$\mem$/Users/shubhanshu/Desktop/Nebula/digital/output/rtl_variants/gemini_flash/rtl/i_rom_32x256.v:45$9169_DATA [24] is used but has no driver.
Warning: Wire i_rom_32x256.$memrd$\mem$/Users/shubhanshu/Desktop/Nebula/digital/output/rtl_variants/gemini_flash/rtl/i_rom_32x256.v:45$9169_DATA [23] is used but has no driver.
Warning: Wire i_rom_32x256.$memrd$\mem$/Users/shubhanshu/Desktop/Nebula/digital/output/rtl_variants/gemini_flash/rtl/i_rom_32x256.v:45$9169_DATA [22] is used but has no driver.
Warning: Wire i_rom_32x256.$memrd$\mem$/Users/shubhanshu/Desktop/Nebula/digital/output/rtl_variants/gemini_flash/rtl/i_rom_32x256.v:45$9169_DATA [21] is used but has no driver.
Warning: Wire i_rom_32x256.$memrd$\mem$/Users/shubhanshu/Desktop/Nebula/digital/output/rtl_variants/gemini_flash/rtl/i_rom_32x256.v:45$9169_DATA [20] is used but has no driver.
Warning: Wire i_rom_32x256.$memrd$\mem$/Users/shubhanshu/Desktop/Nebula/digital/output/rtl_variants/gemini_flash/rtl/i_rom_32x256.v:45$9169_DATA [19] is used but has no driver.
Warning: Wire i_rom_32x256.$memrd$\mem$/Users/shubhanshu/Desktop/Nebula/digital/output/rtl_variants/gemini_flash/rtl/i_rom_32x256.v:45$9169_DATA [18] is used but has no driver.
Warning: Wire i_rom_32x256.$memrd$\mem$/Users/shubhanshu/Desktop/Nebula/digital/output/rtl_variants/gemini_flash/rtl/i_rom_32x256.v:45$9169_DATA [17] is used but has no driver.
Warning: Wire i_rom_32x256.$memrd$\mem$/Users/shubhanshu/Desktop/Nebula/digital/output/rtl_variants/gemini_flash/rtl/i_rom_32x256.v:45$9169_DATA [16] is used but has no driver.
Warning: Wire i_rom_32x256.$memrd$\mem$/Users/shubhanshu/Desktop/Nebula/digital/output/rtl_variants/gemini_flash/rtl/i_rom_32x256.v:45$9169_DATA [15] is used but has no driver.
Warning: Wire i_rom_32x256.$memrd$\mem$/Users/shubhanshu/Desktop/Nebula/digital/output/rtl_variants/gemini_flash/rtl/i_rom_32x256.v:45$9169_DATA [14] is used but has no driver.
Warning: Wire i_rom_32x256.$memrd$\mem$/Users/shubhanshu/Desktop/Nebula/digital/output/rtl_variants/gemini_flash/rtl/i_rom_32x256.v:45$9169_DATA [13] is used but has no driver.
Warning: Wire i_rom_32x256.$memrd$\mem$/Users/shubhanshu/Desktop/Nebula/digital/output/rtl_variants/gemini_flash/rtl/i_rom_32x256.v:45$9169_DATA [12] is used but has no driver.
Warning: Wire i_rom_32x256.$memrd$\mem$/Users/shubhanshu/Desktop/Nebula/digital/output/rtl_variants/gemini_flash/rtl/i_rom_32x256.v:45$9169_DATA [11] is used but has no driver.
Warning: Wire i_rom_32x256.$memrd$\mem$/Users/shubhanshu/Desktop/Nebula/digital/output/rtl_variants/gemini_flash/rtl/i_rom_32x256.v:45$9169_DATA [10] is used but has no driver.
Warning: Wire i_rom_32x256.$memrd$\mem$/Users/shubhanshu/Desktop/Nebula/digital/output/rtl_variants/gemini_flash/rtl/i_rom_32x256.v:45$9169_DATA [9] is used but has no driver.
Warning: Wire i_rom_32x256.$memrd$\mem$/Users/shubhanshu/Desktop/Nebula/digital/output/rtl_variants/gemini_flash/rtl/i_rom_32x256.v:45$9169_DATA [8] is used but has no driver.
Warning: Wire i_rom_32x256.$memrd$\mem$/Users/shubhanshu/Desktop/Nebula/digital/output/rtl_variants/gemini_flash/rtl/i_rom_32x256.v:45$9169_DATA [7] is used but has no driver.
Warning: Wire i_rom_32x256.$memrd$\mem$/Users/shubhanshu/Desktop/Nebula/digital/output/rtl_variants/gemini_flash/rtl/i_rom_32x256.v:45$9169_DATA [6] is used but has no driver.
Warning: Wire i_rom_32x256.$memrd$\mem$/Users/shubhanshu/Desktop/Nebula/digital/output/rtl_variants/gemini_flash/rtl/i_rom_32x256.v:45$9169_DATA [5] is used but has no driver.
Warning: Wire i_rom_32x256.$memrd$\mem$/Users/shubhanshu/Desktop/Nebula/digital/output/rtl_variants/gemini_flash/rtl/i_rom_32x256.v:45$9169_DATA [4] is used but has no driver.
Warning: Wire i_rom_32x256.$memrd$\mem$/Users/shubhanshu/Desktop/Nebula/digital/output/rtl_variants/gemini_flash/rtl/i_rom_32x256.v:45$9169_DATA [2] is used but has no driver.
Warning: Wire i_rom_32x256.$memrd$\mem$/Users/shubhanshu/Desktop/Nebula/digital/output/rtl_variants/gemini_flash/rtl/i_rom_32x256.v:46$9168_DATA [31] is used but has no driver.
Warning: Wire i_rom_32x256.$memrd$\mem$/Users/shubhanshu/Desktop/Nebula/digital/output/rtl_variants/gemini_flash/rtl/i_rom_32x256.v:46$9168_DATA [30] is used but has no driver.
Warning: Wire i_rom_32x256.$memrd$\mem$/Users/shubhanshu/Desktop/Nebula/digital/output/rtl_variants/gemini_flash/rtl/i_rom_32x256.v:46$9168_DATA [29] is used but has no driver.
Warning: Wire i_rom_32x256.$memrd$\mem$/Users/shubhanshu/Desktop/Nebula/digital/output/rtl_variants/gemini_flash/rtl/i_rom_32x256.v:46$9168_DATA [28] is used but has no driver.
Warning: Wire i_rom_32x256.$memrd$\mem$/Users/shubhanshu/Desktop/Nebula/digital/output/rtl_variants/gemini_flash/rtl/i_rom_32x256.v:46$9168_DATA [27] is used but has no driver.
Warning: Wire i_rom_32x256.$memrd$\mem$/Users/shubhanshu/Desktop/Nebula/digital/output/rtl_variants/gemini_flash/rtl/i_rom_32x256.v:46$9168_DATA [26] is used but has no driver.
Warning: Wire i_rom_32x256.$memrd$\mem$/Users/shubhanshu/Desktop/Nebula/digital/output/rtl_variants/gemini_flash/rtl/i_rom_32x256.v:46$9168_DATA [25] is used but has no driver.
Warning: Wire i_rom_32x256.$memrd$\mem$/Users/shubhanshu/Desktop/Nebula/digital/output/rtl_variants/gemini_flash/rtl/i_rom_32x256.v:46$9168_DATA [24] is used but has no driver.
Warning: Wire i_rom_32x256.$memrd$\mem$/Users/shubhanshu/Desktop/Nebula/digital/output/rtl_variants/gemini_flash/rtl/i_rom_32x256.v:46$9168_DATA [23] is used but has no driver.
Warning: Wire i_rom_32x256.$memrd$\mem$/Users/shubhanshu/Desktop/Nebula/digital/output/rtl_variants/gemini_flash/rtl/i_rom_32x256.v:46$9168_DATA [22] is used but has no driver.
Warning: Wire i_rom_32x256.$memrd$\mem$/Users/shubhanshu/Desktop/Nebula/digital/output/rtl_variants/gemini_flash/rtl/i_rom_32x256.v:46$9168_DATA [21] is used but has no driver.
Warning: Wire i_rom_32x256.$memrd$\mem$/Users/shubhanshu/Desktop/Nebula/digital/output/rtl_variants/gemini_flash/rtl/i_rom_32x256.v:46$9168_DATA [20] is used but has no driver.
Warning: Wire i_rom_32x256.$memrd$\mem$/Users/shubhanshu/Desktop/Nebula/digital/output/rtl_variants/gemini_flash/rtl/i_rom_32x256.v:46$9168_DATA [19] is used but has no driver.
Warning: Wire i_rom_32x256.$memrd$\mem$/Users/shubhanshu/Desktop/Nebula/digital/output/rtl_variants/gemini_flash/rtl/i_rom_32x256.v:46$9168_DATA [18] is used but has no driver.
Warning: Wire i_rom_32x256.$memrd$\mem$/Users/shubhanshu/Desktop/Nebula/digital/output/rtl_variants/gemini_flash/rtl/i_rom_32x256.v:46$9168_DATA [17] is used but has no driver.
Warning: Wire i_rom_32x256.$memrd$\mem$/Users/shubhanshu/Desktop/Nebula/digital/output/rtl_variants/gemini_flash/rtl/i_rom_32x256.v:46$9168_DATA [16] is used but has no driver.
Warning: Wire i_rom_32x256.$memrd$\mem$/Users/shubhanshu/Desktop/Nebula/digital/output/rtl_variants/gemini_flash/rtl/i_rom_32x256.v:46$9168_DATA [15] is used but has no driver.
Warning: Wire i_rom_32x256.$memrd$\mem$/Users/shubhanshu/Desktop/Nebula/digital/output/rtl_variants/gemini_flash/rtl/i_rom_32x256.v:46$9168_DATA [14] is used but has no driver.
Warning: Wire i_rom_32x256.$memrd$\mem$/Users/shubhanshu/Desktop/Nebula/digital/output/rtl_variants/gemini_flash/rtl/i_rom_32x256.v:46$9168_DATA [13] is used but has no driver.
Warning: Wire i_rom_32x256.$memrd$\mem$/Users/shubhanshu/Desktop/Nebula/digital/output/rtl_variants/gemini_flash/rtl/i_rom_32x256.v:46$9168_DATA [12] is used but has no driver.
Warning: Wire i_rom_32x256.$memrd$\mem$/Users/shubhanshu/Desktop/Nebula/digital/output/rtl_variants/gemini_flash/rtl/i_rom_32x256.v:46$9168_DATA [11] is used but has no driver.
Warning: Wire i_rom_32x256.$memrd$\mem$/Users/shubhanshu/Desktop/Nebula/digital/output/rtl_variants/gemini_flash/rtl/i_rom_32x256.v:46$9168_DATA [10] is used but has no driver.
Warning: Wire i_rom_32x256.$memrd$\mem$/Users/shubhanshu/Desktop/Nebula/digital/output/rtl_variants/gemini_flash/rtl/i_rom_32x256.v:46$9168_DATA [9] is used but has no driver.
Warning: Wire i_rom_32x256.$memrd$\mem$/Users/shubhanshu/Desktop/Nebula/digital/output/rtl_variants/gemini_flash/rtl/i_rom_32x256.v:46$9168_DATA [8] is used but has no driver.
Warning: Wire i_rom_32x256.$memrd$\mem$/Users/shubhanshu/Desktop/Nebula/digital/output/rtl_variants/gemini_flash/rtl/i_rom_32x256.v:46$9168_DATA [7] is used but has no driver.
Warning: Wire i_rom_32x256.$memrd$\mem$/Users/shubhanshu/Desktop/Nebula/digital/output/rtl_variants/gemini_flash/rtl/i_rom_32x256.v:46$9168_DATA [6] is used but has no driver.
Warning: Wire i_rom_32x256.$memrd$\mem$/Users/shubhanshu/Desktop/Nebula/digital/output/rtl_variants/gemini_flash/rtl/i_rom_32x256.v:46$9168_DATA [5] is used but has no driver.
Warning: Wire i_rom_32x256.$memrd$\mem$/Users/shubhanshu/Desktop/Nebula/digital/output/rtl_variants/gemini_flash/rtl/i_rom_32x256.v:46$9168_DATA [4] is used but has no driver.
Warning: Wire i_rom_32x256.$memrd$\mem$/Users/shubhanshu/Desktop/Nebula/digital/output/rtl_variants/gemini_flash/rtl/i_rom_32x256.v:46$9168_DATA [2] is used but has no driver.
Warning: Wire i_rom_32x256.$memrd$\mem$/Users/shubhanshu/Desktop/Nebula/digital/output/rtl_variants/gemini_flash/rtl/i_rom_32x256.v:46$9167_DATA [31] is used but has no driver.
Warning: Wire i_rom_32x256.$memrd$\mem$/Users/shubhanshu/Desktop/Nebula/digital/output/rtl_variants/gemini_flash/rtl/i_rom_32x256.v:46$9167_DATA [30] is used but has no driver.
Warning: Wire i_rom_32x256.$memrd$\mem$/Users/shubhanshu/Desktop/Nebula/digital/output/rtl_variants/gemini_flash/rtl/i_rom_32x256.v:46$9167_DATA [29] is used but has no driver.
Warning: Wire i_rom_32x256.$memrd$\mem$/Users/shubhanshu/Desktop/Nebula/digital/output/rtl_variants/gemini_flash/rtl/i_rom_32x256.v:46$9167_DATA [28] is used but has no driver.
Warning: Wire i_rom_32x256.$memrd$\mem$/Users/shubhanshu/Desktop/Nebula/digital/output/rtl_variants/gemini_flash/rtl/i_rom_32x256.v:46$9167_DATA [27] is used but has no driver.
Warning: Wire i_rom_32x256.$memrd$\mem$/Users/shubhanshu/Desktop/Nebula/digital/output/rtl_variants/gemini_flash/rtl/i_rom_32x256.v:46$9167_DATA [26] is used but has no driver.
Warning: Wire i_rom_32x256.$memrd$\mem$/Users/shubhanshu/Desktop/Nebula/digital/output/rtl_variants/gemini_flash/rtl/i_rom_32x256.v:46$9167_DATA [25] is used but has no driver.
Warning: Wire i_rom_32x256.$memrd$\mem$/Users/shubhanshu/Desktop/Nebula/digital/output/rtl_variants/gemini_flash/rtl/i_rom_32x256.v:46$9167_DATA [24] is used but has no driver.
Warning: Wire i_rom_32x256.$memrd$\mem$/Users/shubhanshu/Desktop/Nebula/digital/output/rtl_variants/gemini_flash/rtl/i_rom_32x256.v:46$9167_DATA [23] is used but has no driver.
Warning: Wire i_rom_32x256.$memrd$\mem$/Users/shubhanshu/Desktop/Nebula/digital/output/rtl_variants/gemini_flash/rtl/i_rom_32x256.v:46$9167_DATA [22] is used but has no driver.
Warning: Wire i_rom_32x256.$memrd$\mem$/Users/shubhanshu/Desktop/Nebula/digital/output/rtl_variants/gemini_flash/rtl/i_rom_32x256.v:46$9167_DATA [21] is used but has no driver.
Warning: Wire i_rom_32x256.$memrd$\mem$/Users/shubhanshu/Desktop/Nebula/digital/output/rtl_variants/gemini_flash/rtl/i_rom_32x256.v:46$9167_DATA [20] is used but has no driver.
Warning: Wire i_rom_32x256.$memrd$\mem$/Users/shubhanshu/Desktop/Nebula/digital/output/rtl_variants/gemini_flash/rtl/i_rom_32x256.v:46$9167_DATA [19] is used but has no driver.
Warning: Wire i_rom_32x256.$memrd$\mem$/Users/shubhanshu/Desktop/Nebula/digital/output/rtl_variants/gemini_flash/rtl/i_rom_32x256.v:46$9167_DATA [18] is used but has no driver.
Warning: Wire i_rom_32x256.$memrd$\mem$/Users/shubhanshu/Desktop/Nebula/digital/output/rtl_variants/gemini_flash/rtl/i_rom_32x256.v:46$9167_DATA [17] is used but has no driver.
Warning: Wire i_rom_32x256.$memrd$\mem$/Users/shubhanshu/Desktop/Nebula/digital/output/rtl_variants/gemini_flash/rtl/i_rom_32x256.v:46$9167_DATA [16] is used but has no driver.
Warning: Wire i_rom_32x256.$memrd$\mem$/Users/shubhanshu/Desktop/Nebula/digital/output/rtl_variants/gemini_flash/rtl/i_rom_32x256.v:46$9167_DATA [15] is used but has no driver.
Warning: Wire i_rom_32x256.$memrd$\mem$/Users/shubhanshu/Desktop/Nebula/digital/output/rtl_variants/gemini_flash/rtl/i_rom_32x256.v:46$9167_DATA [14] is used but has no driver.
Warning: Wire i_rom_32x256.$memrd$\mem$/Users/shubhanshu/Desktop/Nebula/digital/output/rtl_variants/gemini_flash/rtl/i_rom_32x256.v:46$9167_DATA [13] is used but has no driver.
Warning: Wire i_rom_32x256.$memrd$\mem$/Users/shubhanshu/Desktop/Nebula/digital/output/rtl_variants/gemini_flash/rtl/i_rom_32x256.v:46$9167_DATA [12] is used but has no driver.
Warning: Wire i_rom_32x256.$memrd$\mem$/Users/shubhanshu/Desktop/Nebula/digital/output/rtl_variants/gemini_flash/rtl/i_rom_32x256.v:46$9167_DATA [11] is used but has no driver.
Warning: Wire i_rom_32x256.$memrd$\mem$/Users/shubhanshu/Desktop/Nebula/digital/output/rtl_variants/gemini_flash/rtl/i_rom_32x256.v:46$9167_DATA [10] is used but has no driver.
Warning: Wire i_rom_32x256.$memrd$\mem$/Users/shubhanshu/Desktop/Nebula/digital/output/rtl_variants/gemini_flash/rtl/i_rom_32x256.v:46$9167_DATA [9] is used but has no driver.
Warning: Wire i_rom_32x256.$memrd$\mem$/Users/shubhanshu/Desktop/Nebula/digital/output/rtl_variants/gemini_flash/rtl/i_rom_32x256.v:46$9167_DATA [8] is used but has no driver.
Warning: Wire i_rom_32x256.$memrd$\mem$/Users/shubhanshu/Desktop/Nebula/digital/output/rtl_variants/gemini_flash/rtl/i_rom_32x256.v:46$9167_DATA [7] is used but has no driver.
Warning: Wire i_rom_32x256.$memrd$\mem$/Users/shubhanshu/Desktop/Nebula/digital/output/rtl_variants/gemini_flash/rtl/i_rom_32x256.v:46$9167_DATA [6] is used but has no driver.
Warning: Wire i_rom_32x256.$memrd$\mem$/Users/shubhanshu/Desktop/Nebula/digital/output/rtl_variants/gemini_flash/rtl/i_rom_32x256.v:46$9167_DATA [5] is used but has no driver.
Warning: Wire i_rom_32x256.$memrd$\mem$/Users/shubhanshu/Desktop/Nebula/digital/output/rtl_variants/gemini_flash/rtl/i_rom_32x256.v:46$9167_DATA [4] is used but has no driver.
Warning: Wire i_rom_32x256.$memrd$\mem$/Users/shubhanshu/Desktop/Nebula/digital/output/rtl_variants/gemini_flash/rtl/i_rom_32x256.v:46$9167_DATA [2] is used but has no driver.
Warning: Wire i_rom_32x256.$memrd$\mem$/Users/shubhanshu/Desktop/Nebula/digital/output/rtl_variants/gemini_flash/rtl/i_rom_32x256.v:47$9166_DATA [31] is used but has no driver.
Warning: Wire i_rom_32x256.$memrd$\mem$/Users/shubhanshu/Desktop/Nebula/digital/output/rtl_variants/gemini_flash/rtl/i_rom_32x256.v:47$9166_DATA [30] is used but has no driver.
Warning: Wire i_rom_32x256.$memrd$\mem$/Users/shubhanshu/Desktop/Nebula/digital/output/rtl_variants/gemini_flash/rtl/i_rom_32x256.v:47$9166_DATA [29] is used but has no driver.
Warning: Wire i_rom_32x256.$memrd$\mem$/Users/shubhanshu/Desktop/Nebula/digital/output/rtl_variants/gemini_flash/rtl/i_rom_32x256.v:47$9166_DATA [28] is used but has no driver.
Warning: Wire i_rom_32x256.$memrd$\mem$/Users/shubhanshu/Desktop/Nebula/digital/output/rtl_variants/gemini_flash/rtl/i_rom_32x256.v:47$9166_DATA [27] is used but has no driver.
Warning: Wire i_rom_32x256.$memrd$\mem$/Users/shubhanshu/Desktop/Nebula/digital/output/rtl_variants/gemini_flash/rtl/i_rom_32x256.v:47$9166_DATA [26] is used but has no driver.
Warning: Wire i_rom_32x256.$memrd$\mem$/Users/shubhanshu/Desktop/Nebula/digital/output/rtl_variants/gemini_flash/rtl/i_rom_32x256.v:47$9166_DATA [25] is used but has no driver.
Warning: Wire i_rom_32x256.$memrd$\mem$/Users/shubhanshu/Desktop/Nebula/digital/output/rtl_variants/gemini_flash/rtl/i_rom_32x256.v:47$9166_DATA [24] is used but has no driver.
Warning: Wire i_rom_32x256.$memrd$\mem$/Users/shubhanshu/Desktop/Nebula/digital/output/rtl_variants/gemini_flash/rtl/i_rom_32x256.v:47$9166_DATA [23] is used but has no driver.
Warning: Wire i_rom_32x256.$memrd$\mem$/Users/shubhanshu/Desktop/Nebula/digital/output/rtl_variants/gemini_flash/rtl/i_rom_32x256.v:47$9166_DATA [22] is used but has no driver.
Warning: Wire i_rom_32x256.$memrd$\mem$/Users/shubhanshu/Desktop/Nebula/digital/output/rtl_variants/gemini_flash/rtl/i_rom_32x256.v:47$9166_DATA [21] is used but has no driver.
Warning: Wire i_rom_32x256.$memrd$\mem$/Users/shubhanshu/Desktop/Nebula/digital/output/rtl_variants/gemini_flash/rtl/i_rom_32x256.v:47$9166_DATA [20] is used but has no driver.
Warning: Wire i_rom_32x256.$memrd$\mem$/Users/shubhanshu/Desktop/Nebula/digital/output/rtl_variants/gemini_flash/rtl/i_rom_32x256.v:47$9166_DATA [19] is used but has no driver.
Warning: Wire i_rom_32x256.$memrd$\mem$/Users/shubhanshu/Desktop/Nebula/digital/output/rtl_variants/gemini_flash/rtl/i_rom_32x256.v:47$9166_DATA [18] is used but has no driver.
Warning: Wire i_rom_32x256.$memrd$\mem$/Users/shubhanshu/Desktop/Nebula/digital/output/rtl_variants/gemini_flash/rtl/i_rom_32x256.v:47$9166_DATA [17] is used but has no driver.
Warning: Wire i_rom_32x256.$memrd$\mem$/Users/shubhanshu/Desktop/Nebula/digital/output/rtl_variants/gemini_flash/rtl/i_rom_32x256.v:47$9166_DATA [16] is used but has no driver.
Warning: Wire i_rom_32x256.$memrd$\mem$/Users/shubhanshu/Desktop/Nebula/digital/output/rtl_variants/gemini_flash/rtl/i_rom_32x256.v:47$9166_DATA [15] is used but has no driver.
Warning: Wire i_rom_32x256.$memrd$\mem$/Users/shubhanshu/Desktop/Nebula/digital/output/rtl_variants/gemini_flash/rtl/i_rom_32x256.v:47$9166_DATA [14] is used but has no driver.
Warning: Wire i_rom_32x256.$memrd$\mem$/Users/shubhanshu/Desktop/Nebula/digital/output/rtl_variants/gemini_flash/rtl/i_rom_32x256.v:47$9166_DATA [13] is used but has no driver.
Warning: Wire i_rom_32x256.$memrd$\mem$/Users/shubhanshu/Desktop/Nebula/digital/output/rtl_variants/gemini_flash/rtl/i_rom_32x256.v:47$9166_DATA [12] is used but has no driver.
Warning: Wire i_rom_32x256.$memrd$\mem$/Users/shubhanshu/Desktop/Nebula/digital/output/rtl_variants/gemini_flash/rtl/i_rom_32x256.v:47$9166_DATA [11] is used but has no driver.
Warning: Wire i_rom_32x256.$memrd$\mem$/Users/shubhanshu/Desktop/Nebula/digital/output/rtl_variants/gemini_flash/rtl/i_rom_32x256.v:47$9166_DATA [10] is used but has no driver.
Warning: Wire i_rom_32x256.$memrd$\mem$/Users/shubhanshu/Desktop/Nebula/digital/output/rtl_variants/gemini_flash/rtl/i_rom_32x256.v:47$9166_DATA [9] is used but has no driver.
Warning: Wire i_rom_32x256.$memrd$\mem$/Users/shubhanshu/Desktop/Nebula/digital/output/rtl_variants/gemini_flash/rtl/i_rom_32x256.v:47$9166_DATA [8] is used but has no driver.
Warning: Wire i_rom_32x256.$memrd$\mem$/Users/shubhanshu/Desktop/Nebula/digital/output/rtl_variants/gemini_flash/rtl/i_rom_32x256.v:47$9166_DATA [7] is used but has no driver.
Warning: Wire i_rom_32x256.$memrd$\mem$/Users/shubhanshu/Desktop/Nebula/digital/output/rtl_variants/gemini_flash/rtl/i_rom_32x256.v:47$9166_DATA [6] is used but has no driver.
Warning: Wire i_rom_32x256.$memrd$\mem$/Users/shubhanshu/Desktop/Nebula/digital/output/rtl_variants/gemini_flash/rtl/i_rom_32x256.v:47$9166_DATA [5] is used but has no driver.
Warning: Wire i_rom_32x256.$memrd$\mem$/Users/shubhanshu/Desktop/Nebula/digital/output/rtl_variants/gemini_flash/rtl/i_rom_32x256.v:47$9166_DATA [4] is used but has no driver.
Warning: Wire i_rom_32x256.$memrd$\mem$/Users/shubhanshu/Desktop/Nebula/digital/output/rtl_variants/gemini_flash/rtl/i_rom_32x256.v:47$9166_DATA [2] is used but has no driver.
Warning: Wire i_rom_32x256.$memrd$\mem$/Users/shubhanshu/Desktop/Nebula/digital/output/rtl_variants/gemini_flash/rtl/i_rom_32x256.v:47$9165_DATA [31] is used but has no driver.
Warning: Wire i_rom_32x256.$memrd$\mem$/Users/shubhanshu/Desktop/Nebula/digital/output/rtl_variants/gemini_flash/rtl/i_rom_32x256.v:47$9165_DATA [30] is used but has no driver.
Warning: Wire i_rom_32x256.$memrd$\mem$/Users/shubhanshu/Desktop/Nebula/digital/output/rtl_variants/gemini_flash/rtl/i_rom_32x256.v:47$9165_DATA [29] is used but has no driver.
Warning: Wire i_rom_32x256.$memrd$\mem$/Users/shubhanshu/Desktop/Nebula/digital/output/rtl_variants/gemini_flash/rtl/i_rom_32x256.v:47$9165_DATA [28] is used but has no driver.
Warning: Wire i_rom_32x256.$memrd$\mem$/Users/shubhanshu/Desktop/Nebula/digital/output/rtl_variants/gemini_flash/rtl/i_rom_32x256.v:47$9165_DATA [27] is used but has no driver.
Warning: Wire i_rom_32x256.$memrd$\mem$/Users/shubhanshu/Desktop/Nebula/digital/output/rtl_variants/gemini_flash/rtl/i_rom_32x256.v:47$9165_DATA [26] is used but has no driver.
Warning: Wire i_rom_32x256.$memrd$\mem$/Users/shubhanshu/Desktop/Nebula/digital/output/rtl_variants/gemini_flash/rtl/i_rom_32x256.v:47$9165_DATA [25] is used but has no driver.
Warning: Wire i_rom_32x256.$memrd$\mem$/Users/shubhanshu/Desktop/Nebula/digital/output/rtl_variants/gemini_flash/rtl/i_rom_32x256.v:47$9165_DATA [24] is used but has no driver.
Warning: Wire i_rom_32x256.$memrd$\mem$/Users/shubhanshu/Desktop/Nebula/digital/output/rtl_variants/gemini_flash/rtl/i_rom_32x256.v:47$9165_DATA [23] is used but has no driver.
Warning: Wire i_rom_32x256.$memrd$\mem$/Users/shubhanshu/Desktop/Nebula/digital/output/rtl_variants/gemini_flash/rtl/i_rom_32x256.v:47$9165_DATA [22] is used but has no driver.
Warning: Wire i_rom_32x256.$memrd$\mem$/Users/shubhanshu/Desktop/Nebula/digital/output/rtl_variants/gemini_flash/rtl/i_rom_32x256.v:47$9165_DATA [21] is used but has no driver.
Warning: Wire i_rom_32x256.$memrd$\mem$/Users/shubhanshu/Desktop/Nebula/digital/output/rtl_variants/gemini_flash/rtl/i_rom_32x256.v:47$9165_DATA [20] is used but has no driver.
Warning: Wire i_rom_32x256.$memrd$\mem$/Users/shubhanshu/Desktop/Nebula/digital/output/rtl_variants/gemini_flash/rtl/i_rom_32x256.v:47$9165_DATA [19] is used but has no driver.
Warning: Wire i_rom_32x256.$memrd$\mem$/Users/shubhanshu/Desktop/Nebula/digital/output/rtl_variants/gemini_flash/rtl/i_rom_32x256.v:47$9165_DATA [18] is used but has no driver.
Warning: Wire i_rom_32x256.$memrd$\mem$/Users/shubhanshu/Desktop/Nebula/digital/output/rtl_variants/gemini_flash/rtl/i_rom_32x256.v:47$9165_DATA [17] is used but has no driver.
Warning: Wire i_rom_32x256.$memrd$\mem$/Users/shubhanshu/Desktop/Nebula/digital/output/rtl_variants/gemini_flash/rtl/i_rom_32x256.v:47$9165_DATA [16] is used but has no driver.
Warning: Wire i_rom_32x256.$memrd$\mem$/Users/shubhanshu/Desktop/Nebula/digital/output/rtl_variants/gemini_flash/rtl/i_rom_32x256.v:47$9165_DATA [15] is used but has no driver.
Warning: Wire i_rom_32x256.$memrd$\mem$/Users/shubhanshu/Desktop/Nebula/digital/output/rtl_variants/gemini_flash/rtl/i_rom_32x256.v:47$9165_DATA [14] is used but has no driver.
Warning: Wire i_rom_32x256.$memrd$\mem$/Users/shubhanshu/Desktop/Nebula/digital/output/rtl_variants/gemini_flash/rtl/i_rom_32x256.v:47$9165_DATA [13] is used but has no driver.
Warning: Wire i_rom_32x256.$memrd$\mem$/Users/shubhanshu/Desktop/Nebula/digital/output/rtl_variants/gemini_flash/rtl/i_rom_32x256.v:47$9165_DATA [12] is used but has no driver.
Warning: Wire i_rom_32x256.$memrd$\mem$/Users/shubhanshu/Desktop/Nebula/digital/output/rtl_variants/gemini_flash/rtl/i_rom_32x256.v:47$9165_DATA [11] is used but has no driver.
Warning: Wire i_rom_32x256.$memrd$\mem$/Users/shubhanshu/Desktop/Nebula/digital/output/rtl_variants/gemini_flash/rtl/i_rom_32x256.v:47$9165_DATA [10] is used but has no driver.
Warning: Wire i_rom_32x256.$memrd$\mem$/Users/shubhanshu/Desktop/Nebula/digital/output/rtl_variants/gemini_flash/rtl/i_rom_32x256.v:47$9165_DATA [9] is used but has no driver.
Warning: Wire i_rom_32x256.$memrd$\mem$/Users/shubhanshu/Desktop/Nebula/digital/output/rtl_variants/gemini_flash/rtl/i_rom_32x256.v:47$9165_DATA [8] is used but has no driver.
Warning: Wire i_rom_32x256.$memrd$\mem$/Users/shubhanshu/Desktop/Nebula/digital/output/rtl_variants/gemini_flash/rtl/i_rom_32x256.v:47$9165_DATA [7] is used but has no driver.
Warning: Wire i_rom_32x256.$memrd$\mem$/Users/shubhanshu/Desktop/Nebula/digital/output/rtl_variants/gemini_flash/rtl/i_rom_32x256.v:47$9165_DATA [6] is used but has no driver.
Warning: Wire i_rom_32x256.$memrd$\mem$/Users/shubhanshu/Desktop/Nebula/digital/output/rtl_variants/gemini_flash/rtl/i_rom_32x256.v:47$9165_DATA [5] is used but has no driver.
Warning: Wire i_rom_32x256.$memrd$\mem$/Users/shubhanshu/Desktop/Nebula/digital/output/rtl_variants/gemini_flash/rtl/i_rom_32x256.v:47$9165_DATA [4] is used but has no driver.
Warning: Wire i_rom_32x256.$memrd$\mem$/Users/shubhanshu/Desktop/Nebula/digital/output/rtl_variants/gemini_flash/rtl/i_rom_32x256.v:47$9165_DATA [2] is used but has no driver.
Warning: Wire i_rom_32x256.$memrd$\mem$/Users/shubhanshu/Desktop/Nebula/digital/output/rtl_variants/gemini_flash/rtl/i_rom_32x256.v:48$9164_DATA [31] is used but has no driver.
Warning: Wire i_rom_32x256.$memrd$\mem$/Users/shubhanshu/Desktop/Nebula/digital/output/rtl_variants/gemini_flash/rtl/i_rom_32x256.v:48$9164_DATA [30] is used but has no driver.
Warning: Wire i_rom_32x256.$memrd$\mem$/Users/shubhanshu/Desktop/Nebula/digital/output/rtl_variants/gemini_flash/rtl/i_rom_32x256.v:48$9164_DATA [29] is used but has no driver.
Warning: Wire i_rom_32x256.$memrd$\mem$/Users/shubhanshu/Desktop/Nebula/digital/output/rtl_variants/gemini_flash/rtl/i_rom_32x256.v:48$9164_DATA [28] is used but has no driver.
Warning: Wire i_rom_32x256.$memrd$\mem$/Users/shubhanshu/Desktop/Nebula/digital/output/rtl_variants/gemini_flash/rtl/i_rom_32x256.v:48$9164_DATA [27] is used but has no driver.
Warning: Wire i_rom_32x256.$memrd$\mem$/Users/shubhanshu/Desktop/Nebula/digital/output/rtl_variants/gemini_flash/rtl/i_rom_32x256.v:48$9164_DATA [26] is used but has no driver.
Warning: Wire i_rom_32x256.$memrd$\mem$/Users/shubhanshu/Desktop/Nebula/digital/output/rtl_variants/gemini_flash/rtl/i_rom_32x256.v:48$9164_DATA [25] is used but has no driver.
Warning: Wire i_rom_32x256.$memrd$\mem$/Users/shubhanshu/Desktop/Nebula/digital/output/rtl_variants/gemini_flash/rtl/i_rom_32x256.v:48$9164_DATA [24] is used but has no driver.
Warning: Wire i_rom_32x256.$memrd$\mem$/Users/shubhanshu/Desktop/Nebula/digital/output/rtl_variants/gemini_flash/rtl/i_rom_32x256.v:48$9164_DATA [23] is used but has no driver.
Warning: Wire i_rom_32x256.$memrd$\mem$/Users/shubhanshu/Desktop/Nebula/digital/output/rtl_variants/gemini_flash/rtl/i_rom_32x256.v:48$9164_DATA [22] is used but has no driver.
Warning: Wire i_rom_32x256.$memrd$\mem$/Users/shubhanshu/Desktop/Nebula/digital/output/rtl_variants/gemini_flash/rtl/i_rom_32x256.v:48$9164_DATA [21] is used but has no driver.
Warning: Wire i_rom_32x256.$memrd$\mem$/Users/shubhanshu/Desktop/Nebula/digital/output/rtl_variants/gemini_flash/rtl/i_rom_32x256.v:48$9164_DATA [20] is used but has no driver.
Warning: Wire i_rom_32x256.$memrd$\mem$/Users/shubhanshu/Desktop/Nebula/digital/output/rtl_variants/gemini_flash/rtl/i_rom_32x256.v:48$9164_DATA [19] is used but has no driver.
Warning: Wire i_rom_32x256.$memrd$\mem$/Users/shubhanshu/Desktop/Nebula/digital/output/rtl_variants/gemini_flash/rtl/i_rom_32x256.v:48$9164_DATA [18] is used but has no driver.
Warning: Wire i_rom_32x256.$memrd$\mem$/Users/shubhanshu/Desktop/Nebula/digital/output/rtl_variants/gemini_flash/rtl/i_rom_32x256.v:48$9164_DATA [17] is used but has no driver.
Warning: Wire i_rom_32x256.$memrd$\mem$/Users/shubhanshu/Desktop/Nebula/digital/output/rtl_variants/gemini_flash/rtl/i_rom_32x256.v:48$9164_DATA [16] is used but has no driver.
Warning: Wire i_rom_32x256.$memrd$\mem$/Users/shubhanshu/Desktop/Nebula/digital/output/rtl_variants/gemini_flash/rtl/i_rom_32x256.v:48$9164_DATA [15] is used but has no driver.
Warning: Wire i_rom_32x256.$memrd$\mem$/Users/shubhanshu/Desktop/Nebula/digital/output/rtl_variants/gemini_flash/rtl/i_rom_32x256.v:48$9164_DATA [14] is used but has no driver.
Warning: Wire i_rom_32x256.$memrd$\mem$/Users/shubhanshu/Desktop/Nebula/digital/output/rtl_variants/gemini_flash/rtl/i_rom_32x256.v:48$9164_DATA [13] is used but has no driver.
Warning: Wire i_rom_32x256.$memrd$\mem$/Users/shubhanshu/Desktop/Nebula/digital/output/rtl_variants/gemini_flash/rtl/i_rom_32x256.v:48$9164_DATA [12] is used but has no driver.
Warning: Wire i_rom_32x256.$memrd$\mem$/Users/shubhanshu/Desktop/Nebula/digital/output/rtl_variants/gemini_flash/rtl/i_rom_32x256.v:48$9164_DATA [11] is used but has no driver.
Warning: Wire i_rom_32x256.$memrd$\mem$/Users/shubhanshu/Desktop/Nebula/digital/output/rtl_variants/gemini_flash/rtl/i_rom_32x256.v:48$9164_DATA [10] is used but has no driver.
Warning: Wire i_rom_32x256.$memrd$\mem$/Users/shubhanshu/Desktop/Nebula/digital/output/rtl_variants/gemini_flash/rtl/i_rom_32x256.v:48$9164_DATA [9] is used but has no driver.
Warning: Wire i_rom_32x256.$memrd$\mem$/Users/shubhanshu/Desktop/Nebula/digital/output/rtl_variants/gemini_flash/rtl/i_rom_32x256.v:48$9164_DATA [8] is used but has no driver.
Warning: Wire i_rom_32x256.$memrd$\mem$/Users/shubhanshu/Desktop/Nebula/digital/output/rtl_variants/gemini_flash/rtl/i_rom_32x256.v:48$9164_DATA [7] is used but has no driver.
Warning: Wire i_rom_32x256.$memrd$\mem$/Users/shubhanshu/Desktop/Nebula/digital/output/rtl_variants/gemini_flash/rtl/i_rom_32x256.v:48$9164_DATA [6] is used but has no driver.
Warning: Wire i_rom_32x256.$memrd$\mem$/Users/shubhanshu/Desktop/Nebula/digital/output/rtl_variants/gemini_flash/rtl/i_rom_32x256.v:48$9164_DATA [5] is used but has no driver.
Warning: Wire i_rom_32x256.$memrd$\mem$/Users/shubhanshu/Desktop/Nebula/digital/output/rtl_variants/gemini_flash/rtl/i_rom_32x256.v:48$9164_DATA [4] is used but has no driver.
Warning: Wire i_rom_32x256.$memrd$\mem$/Users/shubhanshu/Desktop/Nebula/digital/output/rtl_variants/gemini_flash/rtl/i_rom_32x256.v:48$9164_DATA [2] is used but has no driver.
Warning: Wire i_rom_32x256.$memrd$\mem$/Users/shubhanshu/Desktop/Nebula/digital/output/rtl_variants/gemini_flash/rtl/i_rom_32x256.v:48$9163_DATA [31] is used but has no driver.
Warning: Wire i_rom_32x256.$memrd$\mem$/Users/shubhanshu/Desktop/Nebula/digital/output/rtl_variants/gemini_flash/rtl/i_rom_32x256.v:48$9163_DATA [30] is used but has no driver.
Warning: Wire i_rom_32x256.$memrd$\mem$/Users/shubhanshu/Desktop/Nebula/digital/output/rtl_variants/gemini_flash/rtl/i_rom_32x256.v:48$9163_DATA [29] is used but has no driver.
Warning: Wire i_rom_32x256.$memrd$\mem$/Users/shubhanshu/Desktop/Nebula/digital/output/rtl_variants/gemini_flash/rtl/i_rom_32x256.v:48$9163_DATA [28] is used but has no driver.
Warning: Wire i_rom_32x256.$memrd$\mem$/Users/shubhanshu/Desktop/Nebula/digital/output/rtl_variants/gemini_flash/rtl/i_rom_32x256.v:48$9163_DATA [27] is used but has no driver.
Warning: Wire i_rom_32x256.$memrd$\mem$/Users/shubhanshu/Desktop/Nebula/digital/output/rtl_variants/gemini_flash/rtl/i_rom_32x256.v:48$9163_DATA [26] is used but has no driver.
Warning: Wire i_rom_32x256.$memrd$\mem$/Users/shubhanshu/Desktop/Nebula/digital/output/rtl_variants/gemini_flash/rtl/i_rom_32x256.v:48$9163_DATA [25] is used but has no driver.
Warning: Wire i_rom_32x256.$memrd$\mem$/Users/shubhanshu/Desktop/Nebula/digital/output/rtl_variants/gemini_flash/rtl/i_rom_32x256.v:48$9163_DATA [24] is used but has no driver.
Warning: Wire i_rom_32x256.$memrd$\mem$/Users/shubhanshu/Desktop/Nebula/digital/output/rtl_variants/gemini_flash/rtl/i_rom_32x256.v:48$9163_DATA [23] is used but has no driver.
Warning: Wire i_rom_32x256.$memrd$\mem$/Users/shubhanshu/Desktop/Nebula/digital/output/rtl_variants/gemini_flash/rtl/i_rom_32x256.v:48$9163_DATA [22] is used but has no driver.
Warning: Wire i_rom_32x256.$memrd$\mem$/Users/shubhanshu/Desktop/Nebula/digital/output/rtl_variants/gemini_flash/rtl/i_rom_32x256.v:48$9163_DATA [21] is used but has no driver.
Warning: Wire i_rom_32x256.$memrd$\mem$/Users/shubhanshu/Desktop/Nebula/digital/output/rtl_variants/gemini_flash/rtl/i_rom_32x256.v:48$9163_DATA [20] is used but has no driver.
Warning: Wire i_rom_32x256.$memrd$\mem$/Users/shubhanshu/Desktop/Nebula/digital/output/rtl_variants/gemini_flash/rtl/i_rom_32x256.v:48$9163_DATA [19] is used but has no driver.
Warning: Wire i_rom_32x256.$memrd$\mem$/Users/shubhanshu/Desktop/Nebula/digital/output/rtl_variants/gemini_flash/rtl/i_rom_32x256.v:48$9163_DATA [18] is used but has no driver.
Warning: Wire i_rom_32x256.$memrd$\mem$/Users/shubhanshu/Desktop/Nebula/digital/output/rtl_variants/gemini_flash/rtl/i_rom_32x256.v:48$9163_DATA [17] is used but has no driver.
Warning: Wire i_rom_32x256.$memrd$\mem$/Users/shubhanshu/Desktop/Nebula/digital/output/rtl_variants/gemini_flash/rtl/i_rom_32x256.v:48$9163_DATA [16] is used but has no driver.
Warning: Wire i_rom_32x256.$memrd$\mem$/Users/shubhanshu/Desktop/Nebula/digital/output/rtl_variants/gemini_flash/rtl/i_rom_32x256.v:48$9163_DATA [15] is used but has no driver.
Warning: Wire i_rom_32x256.$memrd$\mem$/Users/shubhanshu/Desktop/Nebula/digital/output/rtl_variants/gemini_flash/rtl/i_rom_32x256.v:48$9163_DATA [14] is used but has no driver.
Warning: Wire i_rom_32x256.$memrd$\mem$/Users/shubhanshu/Desktop/Nebula/digital/output/rtl_variants/gemini_flash/rtl/i_rom_32x256.v:48$9163_DATA [13] is used but has no driver.
Warning: Wire i_rom_32x256.$memrd$\mem$/Users/shubhanshu/Desktop/Nebula/digital/output/rtl_variants/gemini_flash/rtl/i_rom_32x256.v:48$9163_DATA [12] is used but has no driver.
Warning: Wire i_rom_32x256.$memrd$\mem$/Users/shubhanshu/Desktop/Nebula/digital/output/rtl_variants/gemini_flash/rtl/i_rom_32x256.v:48$9163_DATA [11] is used but has no driver.
Warning: Wire i_rom_32x256.$memrd$\mem$/Users/shubhanshu/Desktop/Nebula/digital/output/rtl_variants/gemini_flash/rtl/i_rom_32x256.v:48$9163_DATA [10] is used but has no driver.
Warning: Wire i_rom_32x256.$memrd$\mem$/Users/shubhanshu/Desktop/Nebula/digital/output/rtl_variants/gemini_flash/rtl/i_rom_32x256.v:48$9163_DATA [9] is used but has no driver.
Warning: Wire i_rom_32x256.$memrd$\mem$/Users/shubhanshu/Desktop/Nebula/digital/output/rtl_variants/gemini_flash/rtl/i_rom_32x256.v:48$9163_DATA [8] is used but has no driver.
Warning: Wire i_rom_32x256.$memrd$\mem$/Users/shubhanshu/Desktop/Nebula/digital/output/rtl_variants/gemini_flash/rtl/i_rom_32x256.v:48$9163_DATA [7] is used but has no driver.
Warning: Wire i_rom_32x256.$memrd$\mem$/Users/shubhanshu/Desktop/Nebula/digital/output/rtl_variants/gemini_flash/rtl/i_rom_32x256.v:48$9163_DATA [6] is used but has no driver.
Warning: Wire i_rom_32x256.$memrd$\mem$/Users/shubhanshu/Desktop/Nebula/digital/output/rtl_variants/gemini_flash/rtl/i_rom_32x256.v:48$9163_DATA [5] is used but has no driver.
Warning: Wire i_rom_32x256.$memrd$\mem$/Users/shubhanshu/Desktop/Nebula/digital/output/rtl_variants/gemini_flash/rtl/i_rom_32x256.v:48$9163_DATA [4] is used but has no driver.
Warning: Wire i_rom_32x256.$memrd$\mem$/Users/shubhanshu/Desktop/Nebula/digital/output/rtl_variants/gemini_flash/rtl/i_rom_32x256.v:48$9163_DATA [2] is used but has no driver.
6.3. Executing FLATTEN pass (flatten design).
6.4. Executing OPT_EXPR pass (perform const folding).
6.5. Executing OPT_CLEAN pass (remove unused cells and wires).
6.6. Executing CHECK pass (checking for obvious problems).
6.7. Executing OPT pass (performing simple optimizations).
6.7.1. Executing OPT_EXPR pass (perform const folding).
6.7.2. Executing OPT_MERGE pass (detect identical cells).
6.7.3. Executing OPT_MUXTREE pass (detect dead branches in mux trees).
6.7.4. Executing OPT_REDUCE pass (consolidate $*mux and $reduce_* inputs).
6.7.5. Executing OPT_MERGE pass (detect identical cells).
6.7.6. Executing OPT_DFF pass (perform DFF optimizations).
6.7.7. Executing OPT_CLEAN pass (remove unused cells and wires).
6.7.8. Executing OPT_EXPR pass (perform const folding).
6.7.9. Rerunning OPT passes. (Maybe there is more to do..)
6.7.10. Executing OPT_MUXTREE pass (detect dead branches in mux trees).
6.7.11. Executing OPT_REDUCE pass (consolidate $*mux and $reduce_* inputs).
6.7.12. Executing OPT_MERGE pass (detect identical cells).
6.7.13. Executing OPT_DFF pass (perform DFF optimizations).
6.7.14. Executing OPT_CLEAN pass (remove unused cells and wires).
6.7.15. Executing OPT_EXPR pass (perform const folding).
6.7.16. Finished fast OPT passes. (There is nothing left to do.)
6.8. Executing OPT pass (performing simple optimizations).
6.8.1. Executing OPT_EXPR pass (perform const folding).
6.8.2. Executing OPT_MERGE pass (detect identical cells).
6.8.3. Executing OPT_MUXTREE pass (detect dead branches in mux trees).
6.8.4. Executing OPT_REDUCE pass (consolidate $*mux and $reduce_* inputs).
6.8.5. Executing OPT_MERGE pass (detect identical cells).
6.8.6. Executing OPT_DFF pass (perform DFF optimizations).
6.8.7. Executing OPT_CLEAN pass (remove unused cells and wires).
6.8.8. Executing OPT_EXPR pass (perform const folding).
6.8.9. Finished fast OPT passes. (There is nothing left to do.)
6.9. Executing WREDUCE pass (reducing word size of cells).
6.10. Executing PEEPOPT pass (run peephole optimizers).
6.11. Executing OPT_CLEAN pass (remove unused cells and wires).
6.12. Executing ALUMACC pass (create $alu and $macc cells).
6.13. Executing SHARE pass (SAT-based resource sharing).
6.14. Executing OPT pass (performing simple optimizations).
6.14.1. Executing OPT_EXPR pass (perform const folding).
6.14.2. Executing OPT_MERGE pass (detect identical cells).
6.14.3. Executing OPT_MUXTREE pass (detect dead branches in mux trees).
6.14.4. Executing OPT_REDUCE pass (consolidate $*mux and $reduce_* inputs).
6.14.5. Executing OPT_MERGE pass (detect identical cells).
6.14.6. Executing OPT_DFF pass (perform DFF optimizations).
6.14.7. Executing OPT_CLEAN pass (remove unused cells and wires).
6.14.8. Executing OPT_EXPR pass (perform const folding).
6.14.9. Finished fast OPT passes. (There is nothing left to do.)
6.15. Executing MEMORY pass.
6.15.1. Executing OPT_MEM pass (optimize memories).
6.15.2. Executing OPT_MEM_PRIORITY pass (removing unnecessary memory write priority relations).
6.15.3. Executing OPT_MEM_FEEDBACK pass (finding memory read-to-write feedback paths).
6.15.4. Executing MEMORY_BMUX2ROM pass (converting muxes to ROMs).
6.15.5. Executing MEMORY_DFF pass (merging $dff cells to $memrd).
6.15.6. Executing OPT_CLEAN pass (remove unused cells and wires).
6.15.7. Executing MEMORY_SHARE pass (consolidating $memrd/$memwr cells).
6.15.8. Executing OPT_MEM_WIDEN pass (optimize memories where all ports are wide).
6.15.9. Executing OPT_CLEAN pass (remove unused cells and wires).
6.15.10. Executing MEMORY_COLLECT pass (generating $mem cells).
6.16. Executing OPT_CLEAN pass (remove unused cells and wires).
7. Executing SYNTH pass.
7.1. Executing OPT pass (performing simple optimizations).
7.1.1. Executing OPT_EXPR pass (perform const folding).
7.1.2. Executing OPT_MERGE pass (detect identical cells).
7.1.3. Executing OPT_DFF pass (perform DFF optimizations).
7.1.4. Executing OPT_CLEAN pass (remove unused cells and wires).
7.1.5. Rerunning OPT passes. (Removed registers in this run.)
7.1.6. Executing OPT_EXPR pass (perform const folding).
7.1.7. Executing OPT_MERGE pass (detect identical cells).
7.1.8. Executing OPT_DFF pass (perform DFF optimizations).
7.1.9. Executing OPT_CLEAN pass (remove unused cells and wires).
7.1.10. Rerunning OPT passes. (Removed registers in this run.)
7.1.11. Executing OPT_EXPR pass (perform const folding).
7.1.12. Executing OPT_MERGE pass (detect identical cells).
7.1.13. Executing OPT_DFF pass (perform DFF optimizations).
7.1.14. Executing OPT_CLEAN pass (remove unused cells and wires).
7.1.15. Finished fast OPT passes.
7.2. Executing MEMORY_MAP pass (converting memories to logic and flip-flops).
7.3. Executing OPT pass (performing simple optimizations).
7.3.1. Executing OPT_EXPR pass (perform const folding).
7.3.2. Executing OPT_MERGE pass (detect identical cells).
7.3.3. Executing OPT_MUXTREE pass (detect dead branches in mux trees).
7.3.4. Executing OPT_REDUCE pass (consolidate $*mux and $reduce_* inputs).
7.3.5. Executing OPT_MERGE pass (detect identical cells).
7.3.6. Executing OPT_SHARE pass.
7.3.7. Executing OPT_DFF pass (perform DFF optimizations).
7.3.8. Executing OPT_CLEAN pass (remove unused cells and wires).
7.3.9. Executing OPT_EXPR pass (perform const folding).
7.3.10. Rerunning OPT passes. (Maybe there is more to do..)
7.3.11. Executing OPT_MUXTREE pass (detect dead branches in mux trees).
7.3.12. Executing OPT_REDUCE pass (consolidate $*mux and $reduce_* inputs).
7.3.13. Executing OPT_MERGE pass (detect identical cells).
7.3.14. Executing OPT_SHARE pass.
7.3.15. Executing OPT_DFF pass (perform DFF optimizations).
7.3.16. Executing OPT_CLEAN pass (remove unused cells and wires).
7.3.17. Executing OPT_EXPR pass (perform const folding).
7.3.18. Rerunning OPT passes. (Maybe there is more to do..)
7.3.19. Executing OPT_MUXTREE pass (detect dead branches in mux trees).
7.3.20. Executing OPT_REDUCE pass (consolidate $*mux and $reduce_* inputs).
7.3.21. Executing OPT_MERGE pass (detect identical cells).
7.3.22. Executing OPT_SHARE pass.
7.3.23. Executing OPT_DFF pass (perform DFF optimizations).
7.3.24. Executing OPT_CLEAN pass (remove unused cells and wires).
7.3.25. Executing OPT_EXPR pass (perform const folding).
7.3.26. Rerunning OPT passes. (Maybe there is more to do..)
7.3.27. Executing OPT_MUXTREE pass (detect dead branches in mux trees).
7.3.28. Executing OPT_REDUCE pass (consolidate $*mux and $reduce_* inputs).
7.3.29. Executing OPT_MERGE pass (detect identical cells).
7.3.30. Executing OPT_SHARE pass.
7.3.31. Executing OPT_DFF pass (perform DFF optimizations).
7.3.32. Executing OPT_CLEAN pass (remove unused cells and wires).
7.3.33. Executing OPT_EXPR pass (perform const folding).
7.3.34. Finished fast OPT passes. (There is nothing left to do.)
7.4. Executing TECHMAP pass (map to technology primitives).
7.4.1. Executing Verilog-2005 frontend: /Users/shubhanshu/Desktop/Nebula/digital/orfs/tools/install/yosys/bin/../share/yosys/techmap.v
7.4.2. Executing Verilog-2005 frontend: /Users/shubhanshu/Desktop/Nebula/digital/orfs/flow/platforms/common/lcu_kogge_stone.v
7.4.3. Continuing TECHMAP pass.
7.4.82. Executing OPT_MUXTREE pass (detect dead branches in mux trees).
7.4.83. Executing OPT_EXPR pass (perform const folding).
7.5. Executing OPT pass (performing simple optimizations).
7.5.1. Executing OPT_EXPR pass (perform const folding).
7.5.2. Executing OPT_MERGE pass (detect identical cells).
7.5.3. Executing OPT_DFF pass (perform DFF optimizations).
7.5.4. Executing OPT_CLEAN pass (remove unused cells and wires).
7.5.5. Finished fast OPT passes.
7.6. Executing HIERARCHY pass (managing design hierarchy).
7.6.1. Analyzing design hierarchy..
7.6.2. Analyzing design hierarchy..
7.7. Printing statistics.
7.8. Executing CHECK pass (checking for obvious problems).
8. Executing OPT pass (performing simple optimizations).
8.1. Executing OPT_EXPR pass (perform const folding).
8.2. Executing OPT_MERGE pass (detect identical cells).
8.3. Executing OPT_MUXTREE pass (detect dead branches in mux trees).
8.4. Executing OPT_REDUCE pass (consolidate $*mux and $reduce_* inputs).
8.5. Executing OPT_MERGE pass (detect identical cells).
8.6. Executing OPT_DFF pass (perform DFF optimizations).
8.7. Executing OPT_CLEAN pass (remove unused cells and wires).
8.8. Executing OPT_EXPR pass (perform const folding).
8.9. Rerunning OPT passes. (Maybe there is more to do..)
8.10. Executing OPT_MUXTREE pass (detect dead branches in mux trees).
8.11. Executing OPT_REDUCE pass (consolidate $*mux and $reduce_* inputs).
8.12. Executing OPT_MERGE pass (detect identical cells).
8.13. Executing OPT_DFF pass (perform DFF optimizations).
8.14. Executing OPT_CLEAN pass (remove unused cells and wires).
8.15. Executing OPT_EXPR pass (perform const folding).
8.16. Finished fast OPT passes. (There is nothing left to do.)
9. Executing EXTRACT_FA pass (find and extract full/half adders).
10. Executing TECHMAP pass (map to technology primitives).
10.1. Executing Verilog-2005 frontend: /Users/shubhanshu/Desktop/Nebula/digital/orfs/flow/platforms/sky130hd/cells_adders_hd.v
10.2. Continuing TECHMAP pass.
11. Executing TECHMAP pass (map to technology primitives).
11.1. Executing Verilog-2005 frontend: /Users/shubhanshu/Desktop/Nebula/digital/orfs/tools/install/yosys/bin/../share/yosys/techmap.v
11.2. Continuing TECHMAP pass.
12. Executing OPT pass (performing simple optimizations).
12.1. Executing OPT_EXPR pass (perform const folding).
12.2. Executing OPT_MERGE pass (detect identical cells).
12.3. Executing OPT_DFF pass (perform DFF optimizations).
12.4. Executing OPT_CLEAN pass (remove unused cells and wires).
12.5. Finished fast OPT passes.
13. Executing DFFLEGALIZE pass (convert FFs to types supported by the target).
14. Executing TECHMAP pass (map to technology primitives).
14.1. Executing Verilog-2005 frontend: /Users/shubhanshu/Desktop/Nebula/digital/orfs/flow/platforms/sky130hd/cells_latch_hd.v
14.2. Continuing TECHMAP pass.
15. Executing DFFLIBMAP pass (mapping DFF cells to sequential cells from liberty file).
15.1. Executing DFFLEGALIZE pass (convert FFs to types supported by the target).
16. Executing OPT pass (performing simple optimizations).
16.1. Executing OPT_EXPR pass (perform const folding).
16.2. Executing OPT_MERGE pass (detect identical cells).
16.3. Executing OPT_MUXTREE pass (detect dead branches in mux trees).
16.4. Executing OPT_REDUCE pass (consolidate $*mux and $reduce_* inputs).
16.5. Executing OPT_MERGE pass (detect identical cells).
16.6. Executing OPT_DFF pass (perform DFF optimizations).
16.7. Executing OPT_CLEAN pass (remove unused cells and wires).
16.8. Executing OPT_EXPR pass (perform const folding).
16.9. Finished fast OPT passes. (There is nothing left to do.)
17. Executing SETUNDEF pass (replace undef values with defined constants).
abc -script /Users/shubhanshu/Desktop/Nebula/digital/orfs/flow/scripts/abc_speed.script -liberty /Users/shubhanshu/Desktop/Nebula/digital/orfs/flow/platforms/sky130hd/lib/sky130_fd_sc_hd__tt_025C_1v80.lib -dont_use sky130_fd_sc_hd__probe_p_8 -dont_use sky130_fd_sc_hd__probec_p_8 -dont_use sky130_fd_sc_hd__lpflow_bleeder_1 -dont_use sky130_fd_sc_hd__lpflow_clkbufkapwr_1 -dont_use sky130_fd_sc_hd__lpflow_clkbufkapwr_16 -dont_use sky130_fd_sc_hd__lpflow_clkbufkapwr_2 -dont_use sky130_fd_sc_hd__lpflow_clkbufkapwr_4 -dont_use sky130_fd_sc_hd__lpflow_clkbufkapwr_8 -dont_use sky130_fd_sc_hd__lpflow_clkinvkapwr_1 -dont_use sky130_fd_sc_hd__lpflow_clkinvkapwr_16 -dont_use sky130_fd_sc_hd__lpflow_clkinvkapwr_2 -dont_use sky130_fd_sc_hd__lpflow_clkinvkapwr_4 -dont_use sky130_fd_sc_hd__lpflow_clkinvkapwr_8 -dont_use sky130_fd_sc_hd__lpflow_decapkapwr_12 -dont_use sky130_fd_sc_hd__lpflow_decapkapwr_3 -dont_use sky130_fd_sc_hd__lpflow_decapkapwr_4 -dont_use sky130_fd_sc_hd__lpflow_decapkapwr_6 -dont_use sky130_fd_sc_hd__lpflow_decapkapwr_8 -dont_use sky130_fd_sc_hd__lpflow_inputiso0n_1 -dont_use sky130_fd_sc_hd__lpflow_inputiso0p_1 -dont_use sky130_fd_sc_hd__lpflow_inputiso1n_1 -dont_use sky130_fd_sc_hd__lpflow_inputiso1p_1 -dont_use sky130_fd_sc_hd__lpflow_inputisolatch_1 -dont_use sky130_fd_sc_hd__lpflow_isobufsrc_1 -dont_use sky130_fd_sc_hd__lpflow_isobufsrc_16 -dont_use sky130_fd_sc_hd__lpflow_isobufsrc_2 -dont_use sky130_fd_sc_hd__lpflow_isobufsrc_4 -dont_use sky130_fd_sc_hd__lpflow_isobufsrc_8 -dont_use sky130_fd_sc_hd__lpflow_isobufsrckapwr_16 -dont_use sky130_fd_sc_hd__lpflow_lsbuf_lh_hl_isowell_tap_1 -dont_use sky130_fd_sc_hd__lpflow_lsbuf_lh_hl_isowell_tap_2 -dont_use sky130_fd_sc_hd__lpflow_lsbuf_lh_hl_isowell_tap_4 -dont_use sky130_fd_sc_hd__lpflow_lsbuf_lh_isowell_4 -dont_use sky130_fd_sc_hd__lpflow_lsbuf_lh_isowell_tap_1 -dont_use sky130_fd_sc_hd__lpflow_lsbuf_lh_isowell_tap_2 -dont_use sky130_fd_sc_hd__lpflow_lsbuf_lh_isowell_tap_4 -constr /Users/shubhanshu/Desktop/Nebula/digital/artifacts/model_ppa_20260912/pnr_gemini_flash/objects/sky130hd/nebula_bench/gemini_flash/abc.constr
18. Executing ABC pass (technology mapping using ABC).
18.1. Extracting gate netlist of module `$paramod$72f83d20332db853f52d52010cdb396e42162176\asynchronous_fifo_gen' to `<abc-temp-dir>/input.blif'..
18.1.1. Executed ABC.
18.1.2. Re-integrating ABC results.
18.2. Extracting gate netlist of module `$paramod$e9b0330b32c707496d2ac0891b99a36ab486e931\asynchronous_fifo_gen' to `<abc-temp-dir>/input.blif'..
18.2.1. Executed ABC.
18.2.2. Re-integrating ABC results.
18.3. Extracting gate netlist of module `\alu' to `<abc-temp-dir>/input.blif'..
18.3.1. Executed ABC.
18.3.2. Re-integrating ABC results.
18.4. Extracting gate netlist of module `\alu_src_a_mux' to `<abc-temp-dir>/input.blif'..
18.4.1. Executed ABC.
18.4.2. Re-integrating ABC results.
18.5. Extracting gate netlist of module `\alu_src_b_mux' to `<abc-temp-dir>/input.blif'..
18.5.1. Executed ABC.
18.5.2. Re-integrating ABC results.
18.6. Extracting gate netlist of module `\arbiter' to `<abc-temp-dir>/input.blif'..
18.6.1. Executed ABC.
18.6.2. Re-integrating ABC results.
18.7. Extracting gate netlist of module `\axi_interconnect_2m_8s' to `<abc-temp-dir>/input.blif'..
18.7.1. Executed ABC.
18.7.2. Re-integrating ABC results.
18.8. Extracting gate netlist of module `\axi_lite_dma_config' to `<abc-temp-dir>/input.blif'..
18.8.1. Executed ABC.
18.8.2. Re-integrating ABC results.
18.9. Extracting gate netlist of module `\axi_lite_dot' to `<abc-temp-dir>/input.blif'..
18.9.1. Executed ABC.
18.9.2. Re-integrating ABC results.
18.10. Extracting gate netlist of module `\axi_lite_gpio' to `<abc-temp-dir>/input.blif'..
18.10.1. Executed ABC.
18.10.2. Re-integrating ABC results.
18.11. Extracting gate netlist of module `\axi_lite_master' to `<abc-temp-dir>/input.blif'..
18.11.1. Executed ABC.
18.11.2. Re-integrating ABC results.
18.12. Extracting gate netlist of module `\axi_lite_timer' to `<abc-temp-dir>/input.blif'..
18.12.1. Executed ABC.
18.12.2. Re-integrating ABC results.
18.13. Extracting gate netlist of module `\axi_lite_uart' to `<abc-temp-dir>/input.blif'..
18.13.1. Executed ABC.
18.13.2. Re-integrating ABC results.
18.14. Extracting gate netlist of module `\branch_comp_decoder' to `<abc-temp-dir>/input.blif'..
18.14.1. Executed ABC.
18.14.2. Re-integrating ABC results.
18.15. Extracting gate netlist of module `\branch_comprator' to `<abc-temp-dir>/input.blif'..
18.15.1. Executed ABC.
18.15.2. Re-integrating ABC results.
18.16. Extracting gate netlist of module `\branch_predictor' to `<abc-temp-dir>/input.blif'..
18.16.1. Executed ABC.
18.16.2. Re-integrating ABC results.
18.17. Extracting gate netlist of module `\clk_div_mux' to `<abc-temp-dir>/input.blif'..
18.17.1. Executed ABC.
18.17.2. Re-integrating ABC results.
18.18. Extracting gate netlist of module `\clk_gate' to `<abc-temp-dir>/input.blif'..
18.18.1. Executed ABC.
18.18.2. Re-integrating ABC results.
18.19. Extracting gate netlist of module `\control_unit' to `<abc-temp-dir>/input.blif'..
18.19.1. Executed ABC.
18.19.2. Re-integrating ABC results.
18.20. Extracting gate netlist of module `\csr_regfile' to `<abc-temp-dir>/input.blif'..
18.20.1. Executed ABC.
18.20.2. Re-integrating ABC results.
18.21. Extracting gate netlist of module `\data_clipper' to `<abc-temp-dir>/input.blif'..
18.21.1. Executed ABC.
18.21.2. Re-integrating ABC results.
18.22. Extracting gate netlist of module `\data_extender' to `<abc-temp-dir>/input.blif'..
18.22.1. Executed ABC.
18.22.2. Re-integrating ABC results.
18.23. Extracting gate netlist of module `\data_forwarding_unit' to `<abc-temp-dir>/input.blif'..
18.23.1. Executed ABC.
18.23.2. Re-integrating ABC results.
18.24. Extracting gate netlist of module `\dma_controller' to `<abc-temp-dir>/input.blif'..
18.24.1. Executed ABC.
18.24.2. Re-integrating ABC results.
18.25. Extracting gate netlist of module `\dmem' to `<abc-temp-dir>/input.blif'..
18.25.1. Executed ABC.
18.25.2. Re-integrating ABC results.
18.26. Extracting gate netlist of module `\execution_stage' to `<abc-temp-dir>/input.blif'..
18.26.1. Executed ABC.
18.26.2. Re-integrating ABC results.
18.27. Extracting gate netlist of module `\fp4_dot_unit' to `<abc-temp-dir>/input.blif'..
18.27.1. Executed ABC.
18.28. Extracting gate netlist of module `\fp4_mul' to `<abc-temp-dir>/input.blif'..
18.28.1. Executed ABC.
18.28.2. Re-integrating ABC results.
18.29. Extracting gate netlist of module `\fp8_adder' to `<abc-temp-dir>/input.blif'..
18.29.1. Executed ABC.
18.29.2. Re-integrating ABC results.
18.30. Extracting gate netlist of module `\gpio_controller' to `<abc-temp-dir>/input.blif'..
18.30.1. Executed ABC.
18.30.2. Re-integrating ABC results.
18.31. Extracting gate netlist of module `\hazard_detection_unit' to `<abc-temp-dir>/input.blif'..
18.31.1. Executed ABC.
18.31.2. Re-integrating ABC results.
18.32. Extracting gate netlist of module `\i_rom_32x256' to `<abc-temp-dir>/input.blif'..
18.32.1. Executed ABC.
18.32.2. Re-integrating ABC results.
18.33. Extracting gate netlist of module `\id_memory_256x64_wrap' to `<abc-temp-dir>/input.blif'..
18.33.1. Executed ABC.
18.33.2. Re-integrating ABC results.
18.34. Extracting gate netlist of module `\immediate_generator' to `<abc-temp-dir>/input.blif'..
18.34.1. Executed ABC.
18.34.2. Re-integrating ABC results.
18.35. Extracting gate netlist of module `\instruction_decode_stage' to `<abc-temp-dir>/input.blif'..
18.35.1. Executed ABC.
18.35.2. Re-integrating ABC results.
18.36. Extracting gate netlist of module `\instruction_fetch_stage' to `<abc-temp-dir>/input.blif'..
18.36.1. Executed ABC.
18.36.2. Re-integrating ABC results.
18.37. Extracting gate netlist of module `\interrupt_control_unit' to `<abc-temp-dir>/input.blif'..
18.37.1. Executed ABC.
18.37.2. Re-integrating ABC results.
18.38. Extracting gate netlist of module `\l1_cache_axi_master' to `<abc-temp-dir>/input.blif'..
18.38.1. Executed ABC.
18.38.2. Re-integrating ABC results.
18.39. Extracting gate netlist of module `\l1_d_cache_8kb' to `<abc-temp-dir>/input.blif'..
18.39.1. Executed ABC.
18.39.2. Re-integrating ABC results.
18.40. Extracting gate netlist of module `\l1_i_cache_8kb' to `<abc-temp-dir>/input.blif'..
18.40.1. Executed ABC.
18.40.2. Re-integrating ABC results.
18.41. Extracting gate netlist of module `\mem_axi_slave' to `<abc-temp-dir>/input.blif'..
18.41.1. Executed ABC.
18.41.2. Re-integrating ABC results.
18.42. Extracting gate netlist of module `\memory_stage' to `<abc-temp-dir>/input.blif'..
18.42.1. Executed ABC.
18.43. Extracting gate netlist of module `\multiplier_pipelined' to `<abc-temp-dir>/input.blif'..
18.43.1. Executed ABC.
18.43.2. Re-integrating ABC results.
18.44. Extracting gate netlist of module `\pipeline_reg_ex_mem' to `<abc-temp-dir>/input.blif'..
18.44.1. Executed ABC.
18.44.2. Re-integrating ABC results.
18.45. Extracting gate netlist of module `\pipeline_reg_id_ex' to `<abc-temp-dir>/input.blif'..
18.45.1. Executed ABC.
18.45.2. Re-integrating ABC results.
18.46. Extracting gate netlist of module `\pipeline_reg_if_id' to `<abc-temp-dir>/input.blif'..
18.46.1. Executed ABC.
18.46.2. Re-integrating ABC results.
18.47. Extracting gate netlist of module `\pipeline_reg_mem_wb' to `<abc-temp-dir>/input.blif'..
18.47.1. Executed ABC.
18.47.2. Re-integrating ABC results.
18.48. Extracting gate netlist of module `\processor_top' to `<abc-temp-dir>/input.blif'..
18.48.1. Executed ABC.
18.48.2. Re-integrating ABC results.
18.49. Extracting gate netlist of module `\read_buffer_d_cache' to `<abc-temp-dir>/input.blif'..
18.49.1. Executed ABC.
18.49.2. Re-integrating ABC results.
18.50. Extracting gate netlist of module `\read_buffer_i_cache' to `<abc-temp-dir>/input.blif'..
18.50.1. Executed ABC.
18.50.2. Re-integrating ABC results.
18.51. Extracting gate netlist of module `\register_file' to `<abc-temp-dir>/input.blif'..
18.51.1. Executed ABC.
18.51.2. Re-integrating ABC results.
18.52. Extracting gate netlist of module `\soc_top' to `<abc-temp-dir>/input.blif'..
18.52.1. Executed ABC.
18.52.2. Re-integrating ABC results.
18.53. Extracting gate netlist of module `\tag_memory_92x64_wrap' to `<abc-temp-dir>/input.blif'..
18.53.1. Executed ABC.
18.53.2. Re-integrating ABC results.
18.54. Extracting gate netlist of module `\timer' to `<abc-temp-dir>/input.blif'..
18.54.1. Executed ABC.
18.54.2. Re-integrating ABC results.
18.55. Extracting gate netlist of module `\uart_controller' to `<abc-temp-dir>/input.blif'..
18.55.1. Executed ABC.
18.55.2. Re-integrating ABC results.
18.56. Extracting gate netlist of module `\write_back_stage' to `<abc-temp-dir>/input.blif'..
18.56.1. Executed ABC.
18.56.2. Re-integrating ABC results.
Took 66 seconds: abc -script /Users/shubhanshu/Desktop/Nebula/digital/orfs/flow/scripts/abc_speed.script -liberty /Users/shubhanshu/Desktop/Nebula/digital/orfs/flow/platforms/sky130hd/lib/sky130_fd_sc_hd__tt_025C_1v80.lib -dont_use sky130_fd_sc_hd__probe_p_8 -dont_use sky130_fd_sc_hd__probec_p_8 -dont_use sky130_fd_sc_hd__lpflow_bleeder_1 -dont_use sky130_fd_sc_hd__lpflow_clkbufkapwr_1 -dont_use sky130_fd_sc_hd__lpflow_clkbufkapwr_16 -dont_use sky130_fd_sc_hd__lpflow_clkbufkapwr_2 -dont_use sky130_fd_sc_hd__lpflow_clkbufkapwr_4 -dont_use sky130_fd_sc_hd__lpflow_clkbufkapwr_8 -dont_use sky130_fd_sc_hd__lpflow_clkinvkapwr_1 -dont_use sky130_fd_sc_hd__lpflow_clkinvkapwr_16 -dont_use sky130_fd_sc_hd__lpflow_clkinvkapwr_2 -dont_use sky130_fd_sc_hd__lpflow_clkinvkapwr_4 -dont_use sky130_fd_sc_hd__lpflow_clkinvkapwr_8 -dont_use sky130_fd_sc_hd__lpflow_decapkapwr_12 -dont_use sky130_fd_sc_hd__lpflow_decapkapwr_3 -dont_use sky130_fd_sc_hd__lpflow_decapkapwr_4 -dont_use sky130_fd_sc_hd__lpflow_decapkapwr_6 -dont_use sky130_fd_sc_hd__lpflow_decapkapwr_8 -dont_use sky130_fd_sc_hd__lpflow_inputiso0n_1 -dont_use sky130_fd_sc_hd__lpflow_inputiso0p_1 -dont_use sky130_fd_sc_hd__lpflow_inputiso1n_1 -dont_use sky130_fd_sc_hd__lpflow_inputiso1p_1 -dont_use sky130_fd_sc_hd__lpflow_inputisolatch_1 -dont_use sky130_fd_sc_hd__lpflow_isobufsrc_1 -dont_use sky130_fd_sc_hd__lpflow_isobufsrc_16 -dont_use sky130_fd_sc_hd__lpflow_isobufsrc_2 -dont_use sky130_fd_sc_hd__lpflow_isobufsrc_4 -dont_use sky130_fd_sc_hd__lpflow_isobufsrc_8 -dont_use sky130_fd_sc_hd__lpflow_isobufsrckapwr_16 -dont_use sky130_fd_sc_hd__lpflow_lsbuf_lh_hl_isowell_tap_1 -dont_use sky130_fd_sc_hd__lpflow_lsbuf_lh_hl_isowell_tap_2 -dont_use sky130_fd_sc_hd__lpflow_lsbuf_lh_hl_isowell_tap_4 -dont_use sky130_fd_sc_hd__lpflow_lsbuf_lh_isowell_4 -dont_use sky130_fd_sc_hd__lpflow_lsbuf_lh_isowell_tap_1 -dont_use sky130_fd_sc_hd__lpflow_lsbuf_lh_isowell_tap_2 -dont_use sky130_fd_sc_hd__lpflow_lsbuf_lh_isowell_tap_4 -constr /Users/shubhanshu/Desktop/Nebula/digital/artifacts/model_ppa_20260912/pnr_gemini_flash/objects/sky130hd/nebula_bench/gemini_flash/abc.constr
19. Executing SPLITNETS pass (splitting up multi-bit signals).
20. Executing OPT_CLEAN pass (remove unused cells and wires).
21. Executing HILOMAP pass (mapping to constant drivers).
22. Executing INSBUF pass (insert buffer cells for connected wires).
23. Executing CHECK pass (checking for obvious problems).
24. Printing statistics.
25. Executing CHECK pass (checking for obvious problems).
26. Executing Verilog backend.
26.1. Executing BMUXMAP pass.
26.2. Executing DEMUXMAP pass.
Warnings: 238 unique messages, 470 total
End of script. Logfile hash: 0cabbdd54c, time: 90.67s, user: 25.71s, system: 0.63s, MEM: 359.77 MB peak
Yosys 0.67+ (git sha1 b88b73a99, Release, AppleClang /usr/bin/c++ 21.0.0.21000101) [github.com/The-OpenROAD-Project/yosys at HEAD]
Time spent: 71% 1x abc (64 sec), 15% 1x extract_fa (14 sec), ...
Elapsed time: 1:30.73[h:]min:sec. CPU time: user 86.31 sys 4.39 (99%). Peak memory: 368400KB.
Log                       Ext     Elapsed/s Peak Memory/MB sha1sum result [0:20)
1_2_yosys                 .v             90            359 cbc483e64b48fab6ec96
cp /Users/shubhanshu/Desktop/Nebula/digital/orfs/flow/designs/sky130hd/nebula_bench/constraint.sdc /Users/shubhanshu/Desktop/Nebula/digital/artifacts/model_ppa_20260912/pnr_gemini_flash/results/sky130hd/nebula_bench/gemini_flash/1_2_yosys.sdc
OpenROAD 7cfb2105c93c35ce73de9cf4f538de1c9bf8115a 
Features included (+) or not (-): +GPU -GUI +Python
This program is licensed under the BSD-3 license. See the LICENSE file for details.
Components of this program may be licensed under more restrictive licenses which must be honored.
[INFO ORD-0030] Using 8 thread(s).
mkdir -p /Users/shubhanshu/Desktop/Nebula/digital/artifacts/model_ppa_20260912/pnr_gemini_flash/objects/sky130hd/nebula_bench/gemini_flash
/Users/shubhanshu/Desktop/Nebula/digital/orfs/flow/scripts/flow.sh 1_synth synth_odb
Running synth_odb.tcl, stage 1_synth
read_liberty /Users/shubhanshu/Desktop/Nebula/digital/orfs/flow/platforms/sky130hd/lib/sky130_fd_sc_hd__tt_025C_1v80.lib
[INFO ODB-0227] LEF file: /Users/shubhanshu/Desktop/Nebula/digital/orfs/flow/platforms/sky130hd/lef/sky130_fd_sc_hd.tlef, created 13 layers, 25 vias
[INFO ODB-0227] LEF file: /Users/shubhanshu/Desktop/Nebula/digital/orfs/flow/platforms/sky130hd/lef/sky130_fd_sc_hd_merged.lef, created 441 library cells
link_design soc_top
read_sdc /Users/shubhanshu/Desktop/Nebula/digital/artifacts/model_ppa_20260912/pnr_gemini_flash/results/sky130hd/nebula_bench/gemini_flash/1_2_yosys.sdc
source /Users/shubhanshu/Desktop/Nebula/digital/orfs/flow/platforms/sky130hd/setRC.tcl
eliminate_dead_logic
Removed 732 unused instances and 732 unused nets.
Design area 1497213 um^2 100% utilization.
write_db /Users/shubhanshu/Desktop/Nebula/digital/artifacts/model_ppa_20260912/pnr_gemini_flash/results/sky130hd/nebula_bench/gemini_flash/1_synth.odb
write_sdc -no_timestamp /Users/shubhanshu/Desktop/Nebula/digital/artifacts/model_ppa_20260912/pnr_gemini_flash/results/sky130hd/nebula_bench/gemini_flash/1_synth.sdc
Elapsed time: 0:02.27[h:]min:sec. CPU time: user 2.04 sys 0.20 (98%). Peak memory: 421936KB.
Log                       Ext     Elapsed/s Peak Memory/MB sha1sum result [0:20)
1_synth                   .odb            2            412 24532f9b10ecf8c8e56e
1_synth                   .sdc                             8347297830167474f4cc
/Users/shubhanshu/Desktop/Nebula/digital/orfs/flow/scripts/flow.sh 2_1_floorplan floorplan
Running floorplan.tcl, stage 2_1_floorplan
read_liberty /Users/shubhanshu/Desktop/Nebula/digital/orfs/flow/platforms/sky130hd/lib/sky130_fd_sc_hd__tt_025C_1v80.lib
read_db /Users/shubhanshu/Desktop/Nebula/digital/artifacts/model_ppa_20260912/pnr_gemini_flash/results/sky130hd/nebula_bench/gemini_flash/1_synth.odb
read_sdc /Users/shubhanshu/Desktop/Nebula/digital/artifacts/model_ppa_20260912/pnr_gemini_flash/results/sky130hd/nebula_bench/gemini_flash/1_synth.sdc
source /Users/shubhanshu/Desktop/Nebula/digital/orfs/flow/platforms/sky130hd/setRC.tcl
Master sky130_ef_sc_hd__decap_12 is loaded but not used in the design

==========================================================================
Floorplan check_setup
--------------------------------------------------------------------------
number instances in verilog is 112158
[WARNING IFP-0028] Core area lower left (10.000, 10.000) snapped to (10.120, 10.880).
[INFO IFP-0001] Added 690 rows of 4086 site unithd.
[INFO IFP-0100] Die BBox:  (  0.000  0.000 ) ( 1900.000 1900.000 ) um
[INFO IFP-0101] Core BBox: ( 10.120 10.880 ) ( 1889.680 1887.680 ) um
[INFO IFP-0102] Core area:                      3527558.208 um^2
[INFO IFP-0103] Total instances area:           1497213.446 um^2
[INFO IFP-0104] Effective utilization:                0.424
[INFO IFP-0105] Number of instances:                 112158
source /Users/shubhanshu/Desktop/Nebula/digital/orfs/flow/platforms/sky130hd/make_tracks.tcl
source /Users/shubhanshu/Desktop/Nebula/digital/orfs/flow/platforms/sky130hd/fastroute.tcl
Repair tie lo fanout...
[INFO RSZ-0042] Inserted 428 tie sky130_fd_sc_hd__conb_1 instances.
Repair tie hi fanout...
[INFO RSZ-0042] Inserted 17 tie sky130_fd_sc_hd__conb_1 instances.
[INFO RSZ-0026] Removed 9354 buffers.
Default units for flow
 time 1ns
 capacitance 1pF
 resistance 1kohm
 voltage 1v
 current 1mA
 power 1nW
 distance 1um
   Layer   | Unit Resistance | Unit Capacitance 
           |       (kohm/um) |          (pF/um)
------------------------------------------------
       li1 |        7.18e-02 |         1.50e-04
      met1 |        1.21e-03 |         1.72e-04
      met2 |        1.22e-03 |         1.36e-04
      met3 |        1.66e-04 |         2.15e-04
      met4 |        1.68e-04 |         1.48e-04
      met5 |        1.84e-05 |         1.54e-04
------------------------------------------------

   Layer   | Via Resistance 
           |         (kohm) 
----------------------------
      mcon |       9.25e-03 
       via |       4.50e-03 
      via2 |       3.37e-03 
      via3 |       3.77e-04 
      via4 |       5.80e-06 
----------------------------
Report metrics stage 2, floorplan final...

==========================================================================
floorplan final report_design_area
--------------------------------------------------------------------------
Design area 1451121 um^2 41% utilization.
write_db /Users/shubhanshu/Desktop/Nebula/digital/artifacts/model_ppa_20260912/pnr_gemini_flash/results/sky130hd/nebula_bench/gemini_flash/2_1_floorplan.odb
write_sdc -no_timestamp /Users/shubhanshu/Desktop/Nebula/digital/artifacts/model_ppa_20260912/pnr_gemini_flash/results/sky130hd/nebula_bench/gemini_flash/2_1_floorplan.sdc
Elapsed time: 0:35.70[h:]min:sec. CPU time: user 37.29 sys 11.36 (136%). Peak memory: 624000KB.
Log                       Ext     Elapsed/s Peak Memory/MB sha1sum result [0:20)
2_1_floorplan             .odb           35            609 ee9655ef41af46d2e6d4
2_1_floorplan             .sdc                             8347297830167474f4cc
/Users/shubhanshu/Desktop/Nebula/digital/orfs/flow/scripts/flow.sh 2_2_floorplan_macro macro_place
Running macro_place.tcl, stage 2_2_floorplan_macro
read_liberty /Users/shubhanshu/Desktop/Nebula/digital/orfs/flow/platforms/sky130hd/lib/sky130_fd_sc_hd__tt_025C_1v80.lib
read_db /Users/shubhanshu/Desktop/Nebula/digital/artifacts/model_ppa_20260912/pnr_gemini_flash/results/sky130hd/nebula_bench/gemini_flash/2_1_floorplan.odb
read_sdc /Users/shubhanshu/Desktop/Nebula/digital/artifacts/model_ppa_20260912/pnr_gemini_flash/results/sky130hd/nebula_bench/gemini_flash/2_1_floorplan.sdc
source /Users/shubhanshu/Desktop/Nebula/digital/orfs/flow/platforms/sky130hd/setRC.tcl
No macros found: Skipping macro_placement
Design area 1451121 um^2 41% utilization.
write_db /Users/shubhanshu/Desktop/Nebula/digital/artifacts/model_ppa_20260912/pnr_gemini_flash/results/sky130hd/nebula_bench/gemini_flash/2_2_floorplan_macro.odb
Elapsed time: 0:01.05[h:]min:sec. CPU time: user 0.85 sys 0.16 (96%). Peak memory: 307392KB.
Log                       Ext     Elapsed/s Peak Memory/MB sha1sum result [0:20)
2_2_floorplan_macro       .odb            1            300 ee9655ef41af46d2e6d4
/Users/shubhanshu/Desktop/Nebula/digital/orfs/flow/scripts/flow.sh 2_3_floorplan_tapcell tapcell
Running tapcell.tcl, stage 2_3_floorplan_tapcell
read_liberty /Users/shubhanshu/Desktop/Nebula/digital/orfs/flow/platforms/sky130hd/lib/sky130_fd_sc_hd__tt_025C_1v80.lib
read_db /Users/shubhanshu/Desktop/Nebula/digital/artifacts/model_ppa_20260912/pnr_gemini_flash/results/sky130hd/nebula_bench/gemini_flash/2_2_floorplan_macro.odb
read_sdc /Users/shubhanshu/Desktop/Nebula/digital/artifacts/model_ppa_20260912/pnr_gemini_flash/results/sky130hd/nebula_bench/gemini_flash/2_1_floorplan.sdc
source /Users/shubhanshu/Desktop/Nebula/digital/orfs/flow/platforms/sky130hd/setRC.tcl
[INFO TAP-0005] Inserted 47056 tapcells.
Design area 1509997 um^2 43% utilization.
write_db /Users/shubhanshu/Desktop/Nebula/digital/artifacts/model_ppa_20260912/pnr_gemini_flash/results/sky130hd/nebula_bench/gemini_flash/2_3_floorplan_tapcell.odb
Elapsed time: 0:01.01[h:]min:sec. CPU time: user 0.81 sys 0.18 (98%). Peak memory: 260384KB.
Log                       Ext     Elapsed/s Peak Memory/MB sha1sum result [0:20)
2_3_floorplan_tapcell     .odb            1            254 0d60b6130cc0cab307be
/Users/shubhanshu/Desktop/Nebula/digital/orfs/flow/scripts/flow.sh 2_4_floorplan_pdn pdn
Running pdn.tcl, stage 2_4_floorplan_pdn
read_liberty /Users/shubhanshu/Desktop/Nebula/digital/orfs/flow/platforms/sky130hd/lib/sky130_fd_sc_hd__tt_025C_1v80.lib
read_db /Users/shubhanshu/Desktop/Nebula/digital/artifacts/model_ppa_20260912/pnr_gemini_flash/results/sky130hd/nebula_bench/gemini_flash/2_3_floorplan_tapcell.odb
read_sdc /Users/shubhanshu/Desktop/Nebula/digital/artifacts/model_ppa_20260912/pnr_gemini_flash/results/sky130hd/nebula_bench/gemini_flash/2_1_floorplan.sdc
source /Users/shubhanshu/Desktop/Nebula/digital/orfs/flow/platforms/sky130hd/setRC.tcl
[WARNING PDN-1051] No instances found for grid (CORE_macro_grid_1).
[WARNING PDN-1051] No instances found for grid (CORE_macro_grid_2).
[INFO PDN-0001] Inserting grid: grid
[INFO PDN-0500] Runtime: 1.44s
Design area 1509997 um^2 43% utilization.
write_db /Users/shubhanshu/Desktop/Nebula/digital/artifacts/model_ppa_20260912/pnr_gemini_flash/results/sky130hd/nebula_bench/gemini_flash/2_4_floorplan_pdn.odb
Elapsed time: 0:06.05[h:]min:sec. CPU time: user 5.70 sys 0.29 (98%). Peak memory: 510976KB.
Log                       Ext     Elapsed/s Peak Memory/MB sha1sum result [0:20)
2_4_floorplan_pdn         .odb            6            499 c243c5dfb53d3c056113
cp /Users/shubhanshu/Desktop/Nebula/digital/artifacts/model_ppa_20260912/pnr_gemini_flash/results/sky130hd/nebula_bench/gemini_flash/2_4_floorplan_pdn.odb /Users/shubhanshu/Desktop/Nebula/digital/artifacts/model_ppa_20260912/pnr_gemini_flash/results/sky130hd/nebula_bench/gemini_flash/2_floorplan.odb
cp /Users/shubhanshu/Desktop/Nebula/digital/artifacts/model_ppa_20260912/pnr_gemini_flash/results/sky130hd/nebula_bench/gemini_flash/2_1_floorplan.sdc /Users/shubhanshu/Desktop/Nebula/digital/artifacts/model_ppa_20260912/pnr_gemini_flash/results/sky130hd/nebula_bench/gemini_flash/2_floorplan.sdc
/Users/shubhanshu/Desktop/Nebula/digital/orfs/flow/scripts/flow.sh 3_1_place_gp_skip_io global_place_skip_io
Running global_place_skip_io.tcl, stage 3_1_place_gp_skip_io
read_liberty /Users/shubhanshu/Desktop/Nebula/digital/orfs/flow/platforms/sky130hd/lib/sky130_fd_sc_hd__tt_025C_1v80.lib
read_db /Users/shubhanshu/Desktop/Nebula/digital/artifacts/model_ppa_20260912/pnr_gemini_flash/results/sky130hd/nebula_bench/gemini_flash/2_floorplan.odb
read_sdc /Users/shubhanshu/Desktop/Nebula/digital/artifacts/model_ppa_20260912/pnr_gemini_flash/results/sky130hd/nebula_bench/gemini_flash/2_floorplan.sdc
source /Users/shubhanshu/Desktop/Nebula/digital/orfs/flow/platforms/sky130hd/setRC.tcl
[INFO GPL-0022] Initialize gpl and calculate uniform density.
Placement density is 0.514999989271164, computed from PLACE_DENSITY_LB_ADDON  0.10 and lower bound 0.44999998807907104
global_placement -skip_io -density 0.514999989271164 -pad_left 0 -pad_right 0
[INFO GPL-0001] ---- Initialize GPL Main Data Structures
[INFO GPL-0002] DBU: 1000
[INFO GPL-0003] SiteSize: (  0.460  2.720 ) um
[INFO GPL-0004] CoreBBox: ( 10.120 10.880 ) ( 1889.680 1887.680 ) um
[INFO GPL-0016] Core area:                  3527558.208 um^2
[INFO GPL-0036] Movable instances area:     1451120.490 um^2
[INFO GPL-0037] Total instances area:       1509996.957 um^2
[INFO GPL-0035] Pin density area adjust:     83155.456 um^2
[INFO GPL-0032] ---- Initialize Region: Top-level
[INFO GPL-0006] Number of instances:            150292
[INFO GPL-0007] Movable instances:              103236
[INFO GPL-0008] Fixed instances:                 47056
[INFO GPL-0009] Dummy instances:                     0
[INFO GPL-0010] Number of nets:                 104901
[INFO GPL-0011] Number of pins:                 406419
[INFO GPL-0012] Die BBox:       (  0.000  0.000 ) ( 1900.000 1900.000 ) um
[INFO GPL-0013] Placement BBox: ( 10.120 10.880 ) ( 1889.680 1887.680 ) um
[INFO GPL-0014] Region name: top-level.
[INFO GPL-0015] Region area:                3527558.208 um^2
[INFO GPL-0017] Fixed instances area:        58876.467 um^2
[INFO GPL-0018] Movable instances area:     1534275.945 um^2
[INFO GPL-0019] Utilization:                    44.232 %
[INFO GPL-0020] Standard cells area:        1534275.945 um^2
[INFO GPL-0021] Large instances area:            0.000 um^2
[INFO GPL-0005] ---- Execute Conjugate Gradient Initial Placement.
[INFO GPL-0051] Source of initial instance position counters:
	Odb location = 0	Core center = 103236	Region center = 0
[INFO GPL-0033] ---- Initialize Nesterov Region: Top-level
[INFO GPL-0023] Placement target density:       0.5150
[INFO GPL-0024] Movable insts average area:     14.862 um^2
[INFO GPL-0025] Ideal bin area:                 28.858 um^2
[INFO GPL-0026] Ideal bin count:                122238
[INFO GPL-0027] Total bin area:             3527558.208 um^2
[INFO GPL-0028] Bin count (X, Y):         256 ,    256
[INFO GPL-0029] Bin size (W * H):       7.342 *  7.331 um
[INFO GPL-0030] Number of bins:                  65536
[INFO GPL-0084] ---- Execute Nesterov Global Placement.
[INFO GPL-0031] HPWL: Half-Perimeter Wirelength
Iteration | Overflow |     HPWL (um) |  HPWL(%) |   Penalty | Group
---------------------------------------------------------------
        0 |   0.9997 |  2.590876e+05 |   +0.00% |  3.29e-16 |      
       10 |   0.9996 |  1.181625e+05 |  -54.39% |  5.37e-16 |      
       20 |   0.9996 |  1.120714e+05 |   -5.15% |  8.74e-16 |      
       30 |   0.9996 |  1.103361e+05 |   -1.55% |  1.42e-15 |      
       40 |   0.9996 |  1.098977e+05 |   -0.40% |  2.32e-15 |      
       50 |   0.9995 |  1.097354e+05 |   -0.15% |  3.78e-15 |      
       60 |   0.9995 |  1.097806e+05 |   +0.04% |  6.15e-15 |      
       70 |   0.9995 |  1.111648e+05 |   +1.26% |  1.00e-14 |      
       80 |   0.9994 |  1.173464e+05 |   +5.56% |  1.63e-14 |      
       90 |   0.9992 |  1.330340e+05 |  +13.37% |  2.65e-14 |      
      100 |   0.9989 |  1.635447e+05 |  +22.93% |  4.31e-14 |      
      110 |   0.9981 |  2.120677e+05 |  +29.67% |  6.98e-14 |      
      120 |   0.9968 |  2.711989e+05 |  +27.88% |  1.13e-13 |      
      130 |   0.9950 |  3.354375e+05 |  +23.69% |  1.83e-13 |      
      140 |   0.9924 |  4.060165e+05 |  +21.04% |  2.96e-13 |      
      150 |   0.9888 |  4.883469e+05 |  +20.28% |  4.77e-13 |      
      160 |   0.9837 |  5.879308e+05 |  +20.39% |  7.69e-13 |      
      170 |   0.9762 |  7.128878e+05 |  +21.25% |  1.24e-12 |      
      180 |   0.9651 |  8.698774e+05 |  +22.02% |  1.98e-12 |      
      190 |   0.9505 |  1.063144e+06 |  +22.22% |  3.16e-12 |      
      200 |   0.9320 |  1.298868e+06 |  +22.17% |  5.02e-12 |      
      210 |   0.9105 |  1.568483e+06 |  +20.76% |  7.93e-12 |      
      220 |   0.8861 |  1.808615e+06 |  +15.31% |  1.26e-11 |      
      230 |   0.8584 |  2.030028e+06 |  +12.24% |  2.00e-11 |      
      240 |   0.8246 |  2.224577e+06 |   +9.58% |  3.19e-11 |      
      250 |   0.7888 |  2.381560e+06 |   +7.06% |  5.10e-11 |      
      260 |   0.7514 |  2.489762e+06 |   +4.54% |  8.21e-11 |      
      270 |   0.7139 |  2.570888e+06 |   +3.26% |  1.33e-10 |      
      280 |   0.6772 |  2.652190e+06 |   +3.16% |  2.14e-10 |      
      290 |   0.6405 |  2.705095e+06 |   +1.99% |  3.46e-10 |      
      300 |   0.6002 |  2.746515e+06 |   +1.53% |  5.62e-10 |      
      310 |   0.5669 |  2.776066e+06 |   +1.08% |  9.12e-10 |      
      320 |   0.5318 |  2.821522e+06 |   +1.64% |  1.48e-09 |      
      330 |   0.4894 |  2.854886e+06 |   +1.18% |  2.40e-09 |      
      340 |   0.4548 |  2.842368e+06 |   -0.44% |  3.90e-09 |      
      350 |   0.4198 |  2.831135e+06 |   -0.40% |  6.36e-09 |      
      360 |   0.3815 |  2.810874e+06 |   -0.72% |  1.04e-08 |      
      370 |   0.3437 |  2.781854e+06 |   -1.03% |  1.69e-08 |      
      380 |   0.3127 |  2.749670e+06 |   -1.16% |  2.48e-08 |      
      390 |   0.2786 |  2.732453e+06 |   -0.63% |  3.66e-08 |      
      400 |   0.2460 |  2.721823e+06 |   -0.39% |  5.39e-08 |      
      410 |   0.2164 |  2.716725e+06 |   -0.19% |  7.94e-08 |      
      420 |   0.1880 |  2.715199e+06 |   -0.06% |  1.17e-07 |      
      430 |   0.1619 |  2.716006e+06 |   +0.03% |  1.72e-07 |      
      440 |   0.1389 |  2.720298e+06 |   +0.16% |  2.54e-07 |      
      450 |   0.1196 |  2.726144e+06 |   +0.21% |  3.74e-07 |      
      460 |   0.1019 |  2.733181e+06 |   +0.26% |  5.50e-07 |      
      462 |   0.0991 |  2.734908e+06 |          |  6.18e-07 |      
---------------------------------------------------------------
[INFO GPL-1001] Global placement finished at iteration 462
[INFO GPL-1002] Placed Cell Area            1534275.9452
[INFO GPL-1003] Available Free Area         3468681.7408
[INFO GPL-1004] Minimum Feasible Density        0.4500 (cell_area / free_area)
[INFO GPL-1006]   Suggested Target Densities:
[INFO GPL-1007]     - For 90% usage of free space: 0.4915
[INFO GPL-1008]     - For 80% usage of free space: 0.5529
[INFO GPL-1009]     - For 50% usage of free space: 0.8846
[INFO GPL-1014] Final placement area: 1534275.95 (+0.00%)
Took 7 seconds: global_placement -skip_io -density 0.514999989271164 -pad_left 0 -pad_right 0
Design area 1509997 um^2 43% utilization.
write_db /Users/shubhanshu/Desktop/Nebula/digital/artifacts/model_ppa_20260912/pnr_gemini_flash/results/sky130hd/nebula_bench/gemini_flash/3_1_place_gp_skip_io.odb
Elapsed time: 0:08.13[h:]min:sec. CPU time: user 15.51 sys 0.74 (200%). Peak memory: 503328KB.
Log                       Ext     Elapsed/s Peak Memory/MB sha1sum result [0:20)
3_1_place_gp_skip_io      .odb            8            491 1a91daa60fa7b1a9076a
/Users/shubhanshu/Desktop/Nebula/digital/orfs/flow/scripts/flow.sh 3_2_place_iop io_placement
Running io_placement.tcl, stage 3_2_place_iop
read_liberty /Users/shubhanshu/Desktop/Nebula/digital/orfs/flow/platforms/sky130hd/lib/sky130_fd_sc_hd__tt_025C_1v80.lib
read_db /Users/shubhanshu/Desktop/Nebula/digital/artifacts/model_ppa_20260912/pnr_gemini_flash/results/sky130hd/nebula_bench/gemini_flash/3_1_place_gp_skip_io.odb
read_sdc /Users/shubhanshu/Desktop/Nebula/digital/artifacts/model_ppa_20260912/pnr_gemini_flash/results/sky130hd/nebula_bench/gemini_flash/2_floorplan.sdc
source /Users/shubhanshu/Desktop/Nebula/digital/orfs/flow/platforms/sky130hd/setRC.tcl
place_pins -hor_layers met3 -ver_layers met2
Found 0 macro blocks.
Using 2 tracks default min distance between IO pins.
[INFO PPL-0001] Number of available slots 6912
[INFO PPL-0002] Number of I/O             38
[INFO PPL-0003] Number of I/O w/sink      38
[INFO PPL-0004] Number of I/O w/o sink    0
[INFO PPL-0005] Slots per section         200
[INFO PPL-0008] Successfully assigned pins to sections.
[INFO PPL-0012] I/O nets HPWL: 31922.91 um.
Design area 1509997 um^2 43% utilization.
write_db /Users/shubhanshu/Desktop/Nebula/digital/artifacts/model_ppa_20260912/pnr_gemini_flash/results/sky130hd/nebula_bench/gemini_flash/3_2_place_iop.odb
Elapsed time: 0:01.15[h:]min:sec. CPU time: user 0.95 sys 0.18 (98%). Peak memory: 373712KB.
Log                       Ext     Elapsed/s Peak Memory/MB sha1sum result [0:20)
3_2_place_iop             .odb            1            364 bb564de9fd36ee4e670a
/Users/shubhanshu/Desktop/Nebula/digital/orfs/flow/scripts/flow.sh 3_3_place_gp global_place
Running global_place.tcl, stage 3_3_place_gp
read_liberty /Users/shubhanshu/Desktop/Nebula/digital/orfs/flow/platforms/sky130hd/lib/sky130_fd_sc_hd__tt_025C_1v80.lib
read_db /Users/shubhanshu/Desktop/Nebula/digital/artifacts/model_ppa_20260912/pnr_gemini_flash/results/sky130hd/nebula_bench/gemini_flash/3_2_place_iop.odb
read_sdc /Users/shubhanshu/Desktop/Nebula/digital/artifacts/model_ppa_20260912/pnr_gemini_flash/results/sky130hd/nebula_bench/gemini_flash/2_floorplan.sdc
source /Users/shubhanshu/Desktop/Nebula/digital/orfs/flow/platforms/sky130hd/setRC.tcl
[INFO RSZ-0026] Removed 0 buffers.
Perform port buffering...
[INFO RSZ-0027] Inserted 1 sky130_fd_sc_hd__clkdlybuf4s50_1 input buffers.
[INFO RSZ-0028] Inserted 32 sky130_fd_sc_hd__clkdlybuf4s50_1 output buffers.
[INFO GPL-0022] Initialize gpl and calculate uniform density.
Placement density is 0.514999989271164, computed from PLACE_DENSITY_LB_ADDON  0.10 and lower bound 0.44999998807907104
global_placement -density 0.514999989271164 -pad_left 0 -pad_right 0 -routability_driven -timing_driven -force_center_initial_place -min_phi_coef 0.95 -max_phi_coef 1.05
[INFO GPL-0001] ---- Initialize GPL Main Data Structures
[INFO GPL-0002] DBU: 1000
[INFO GPL-0003] SiteSize: (  0.460  2.720 ) um
[INFO GPL-0004] CoreBBox: ( 10.120 10.880 ) ( 1889.680 1887.680 ) um
[INFO GPL-0016] Core area:                  3527558.208 um^2
[INFO GPL-0036] Movable instances area:     1451450.806 um^2
[INFO GPL-0037] Total instances area:       1510327.274 um^2
[INFO GPL-0035] Pin density area adjust:     83185.109 um^2
[INFO GPL-0032] ---- Initialize Region: Top-level
[INFO GPL-0006] Number of instances:            150325
[INFO GPL-0007] Movable instances:              103269
[INFO GPL-0008] Fixed instances:                 47056
[INFO GPL-0009] Dummy instances:                     0
[INFO GPL-0010] Number of nets:                 104934
[INFO GPL-0011] Number of pins:                 406523
[INFO GPL-0012] Die BBox:       (  0.000  0.000 ) ( 1900.000 1900.000 ) um
[INFO GPL-0013] Placement BBox: ( 10.120 10.880 ) ( 1889.680 1887.680 ) um
[INFO GPL-0014] Region name: top-level.
[INFO GPL-0015] Region area:                3527558.208 um^2
[INFO GPL-0017] Fixed instances area:        58876.467 um^2
[INFO GPL-0018] Movable instances area:     1534635.915 um^2
[INFO GPL-0019] Utilization:                    44.243 %
[INFO GPL-0020] Standard cells area:        1534635.915 um^2
[INFO GPL-0021] Large instances area:            0.000 um^2
[INFO GPL-0005] ---- Execute Conjugate Gradient Initial Placement.
[INFO GPL-0051] Source of initial instance position counters:
	Odb location = 0	Core center = 103269	Region center = 0
[InitialPlace]  Iter: 1 conjugate gradient residual: 0.00151486 HPWL: 3688493147
[InitialPlace]  Iter: 2 conjugate gradient residual: 0.00099414 HPWL: 1087043666
[InitialPlace]  Iter: 3 conjugate gradient residual: 0.00064712 HPWL: 1096036691
[InitialPlace]  Iter: 4 conjugate gradient residual: 0.00094832 HPWL: 1099592390
[InitialPlace]  Iter: 5 conjugate gradient residual: 0.00079451 HPWL: 1098059478
[InitialPlace]  Iter: 6 conjugate gradient residual: 0.00170829 HPWL: 1100342906
[InitialPlace]  Iter: 7 conjugate gradient residual: 0.00084218 HPWL: 1097894910
[InitialPlace]  Iter: 8 conjugate gradient residual: 0.00080137 HPWL: 1099793393
[InitialPlace]  Iter: 9 conjugate gradient residual: 0.00089875 HPWL: 1098209980
[InitialPlace]  Iter: 10 conjugate gradient residual: 0.00082043 HPWL: 1099714916
[InitialPlace]  Iter: 11 conjugate gradient residual: 0.00071198 HPWL: 1098030076
[InitialPlace]  Iter: 12 conjugate gradient residual: 0.00085907 HPWL: 1099493047
[InitialPlace]  Iter: 13 conjugate gradient residual: 0.00121836 HPWL: 1098024584
[InitialPlace]  Iter: 14 conjugate gradient residual: 0.00181205 HPWL: 1099515979
[InitialPlace]  Iter: 15 conjugate gradient residual: 0.00074570 HPWL: 1097540101
[InitialPlace]  Iter: 16 conjugate gradient residual: 0.00104045 HPWL: 1098888024
[InitialPlace]  Iter: 17 conjugate gradient residual: 0.00334847 HPWL: 1097431067
[InitialPlace]  Iter: 18 conjugate gradient residual: 0.00093530 HPWL: 1098690819
[InitialPlace]  Iter: 19 conjugate gradient residual: 0.00077089 HPWL: 1096419412
[InitialPlace]  Iter: 20 conjugate gradient residual: 0.00100477 HPWL: 1097776688
[INFO GPL-0033] ---- Initialize Nesterov Region: Top-level
[INFO GPL-0023] Placement target density:       0.5150
[INFO GPL-0024] Movable insts average area:     14.861 um^2
[INFO GPL-0025] Ideal bin area:                 28.855 um^2
[INFO GPL-0026] Ideal bin count:                122249
[INFO GPL-0027] Total bin area:             3527558.208 um^2
[INFO GPL-0028] Bin count (X, Y):         256 ,    256
[INFO GPL-0029] Bin size (W * H):       7.342 *  7.331 um
[INFO GPL-0030] Number of bins:                  65536
[INFO GPL-0084] ---- Execute Nesterov Global Placement.
[INFO GPL-0031] HPWL: Half-Perimeter Wirelength
Iteration | Overflow |     HPWL (um) |  HPWL(%) |   Penalty | Group
---------------------------------------------------------------
        0 |   0.9992 |  1.493633e+05 |   +0.00% |  5.99e-18 |      
       10 |   0.9977 |  1.835468e+05 |  +22.89% |  9.72e-18 |      
       20 |   0.9972 |  2.071004e+05 |  +12.83% |  1.58e-17 |      
       30 |   0.9971 |  2.226706e+05 |   +7.52% |  2.57e-17 |      
       40 |   0.9970 |  2.352977e+05 |   +5.67% |  4.18e-17 |      
       50 |   0.9970 |  2.415778e+05 |   +2.67% |  6.80e-17 |      
       60 |   0.9969 |  2.433295e+05 |   +0.73% |  1.11e-16 |      
       70 |   0.9969 |  2.433765e+05 |   +0.02% |  1.80e-16 |      
       80 |   0.9968 |  2.431405e+05 |   -0.10% |  2.94e-16 |      
       90 |   0.9968 |  2.432125e+05 |   +0.03% |  4.78e-16 |      
      100 |   0.9968 |  2.436959e+05 |   +0.20% |  7.79e-16 |      
      110 |   0.9967 |  2.445116e+05 |   +0.33% |  1.27e-15 |      
      120 |   0.9966 |  2.456579e+05 |   +0.47% |  2.07e-15 |      
      130 |   0.9966 |  2.470215e+05 |   +0.56% |  3.37e-15 |      
      140 |   0.9965 |  2.483682e+05 |   +0.55% |  5.48e-15 |      
      150 |   0.9964 |  2.496789e+05 |   +0.53% |  8.93e-15 |      
      160 |   0.9962 |  2.514691e+05 |   +0.72% |  1.45e-14 |      
      170 |   0.9960 |  2.546316e+05 |   +1.26% |  2.37e-14 |      
      180 |   0.9958 |  2.605763e+05 |   +2.33% |  3.86e-14 |      
      190 |   0.9954 |  2.725004e+05 |   +4.58% |  6.27e-14 |      
      200 |   0.9947 |  2.961900e+05 |   +8.69% |  1.02e-13 |      
      210 |   0.9934 |  3.381706e+05 |  +14.17% |  1.65e-13 |      
      220 |   0.9910 |  3.998774e+05 |  +18.25% |  2.67e-13 |      
      230 |   0.9876 |  4.768863e+05 |  +19.26% |  4.32e-13 |      
      240 |   0.9825 |  5.656697e+05 |  +18.62% |  6.97e-13 |      
      250 |   0.9757 |  6.721224e+05 |  +18.82% |  1.12e-12 |      
      260 |   0.9663 |  8.074049e+05 |  +20.13% |  1.80e-12 |      
      270 |   0.9532 |  9.834567e+05 |  +21.80% |  2.88e-12 |      
      280 |   0.9355 |  1.230860e+06 |  +25.16% |  4.57e-12 |      
      290 |   0.9139 |  1.491313e+06 |  +21.16% |  7.24e-12 |      
      300 |   0.8888 |  1.743092e+06 |  +16.88% |  1.15e-11 |      
      310 |   0.8610 |  1.982321e+06 |  +13.72% |  1.82e-11 |      
      320 |   0.8309 |  2.197096e+06 |  +10.83% |  2.89e-11 |      
      330 |   0.7968 |  2.395500e+06 |   +9.03% |  4.61e-11 |      
      340 |   0.7583 |  2.577274e+06 |   +7.59% |  7.36e-11 |      
      350 |   0.7203 |  2.740226e+06 |   +6.32% |  1.18e-10 |      
      360 |   0.6836 |  2.885554e+06 |   +5.30% |  1.89e-10 |      
      370 |   0.6470 |  2.955525e+06 |   +2.42% |  3.05e-10 |      
[INFO GPL-0100] Timing-driven iteration 1/2, virtual: false.
[INFO GPL-0101]    Iter: 374, overflow: 0.634, keep resizer changes at: 1, HPWL: 2968848106
Iteration |   Area    | Resized | Buffers | Nets repaired | Remaining
---------------------------------------------------------------------
        0 |     +0.0% |       0 |       0 |             0 |    105379
    final |     +4.3% |    1668 |    6561 |          1622 |         0
---------------------------------------------------------------------
[INFO RSZ-0034] Found 1330 slew violations.
[INFO RSZ-0035] Found 1312 fanout violations.
[INFO RSZ-0036] Found 73 capacitance violations.
[INFO RSZ-0039] Resized 1668 instances.
[INFO RSZ-0038] Inserted 6561 buffers in 1622 nets.
   Iter   |    Area   | Removed | Inserted |   Pins
          |           | Buffers | Buffers  | Remaining
-------------------------------------------------------
        0 |     +0.0% |       0 |        0 |    103847
    10300 |     +1.4% |     381 |     2711 |     93547
    20600 |     +3.7% |    1962 |     7160 |     83247
    30900 |     +4.6% |    2819 |     9935 |     72947
    41200 |     +5.0% |    3263 |    11259 |     62647
    51500 |     +5.2% |    3602 |    12033 |     52347
    61800 |     +5.3% |    3973 |    12752 |     42047
    72100 |     +5.5% |    4668 |    13900 |     31747
    82400 |     +5.5% |    5913 |    15537 |     21447
    92700 |     +5.5% |    6171 |    15854 |     11147
   103000 |     +5.5% |    6196 |    15887 |       847
    final |     +5.5% |    6561 |    16227 |         0
-------------------------------------------------------
[INFO GPL-0106] Timing-driven: worst slack -2.5961022e-08
[INFO GPL-0107] Timing-driven: repair_design delta area: 149811.547 um^2 (+9.76%)
[INFO GPL-0108] Timing-driven: repair_design, gpl delta gcells: 16227 (+15.71%)
[INFO GPL-0109] Timing-driven: repair_design, gcells created: 22788, deleted: 6561
[INFO GPL-0110] Timing-driven: new target density: 0.55818975
[INFO GPL-0038] Routability snapshot saved at iter = 378
      377 |   0.5939 |  4.169559e+06 |          |           |      
Iteration | Overflow |     HPWL (um) |  HPWL(%) |   Penalty | Group
---------------------------------------------------------------
      380 |   0.5867 |  4.296275e+06 |  +45.36% |  4.33e-10 |      
      390 |   0.5913 |  4.326931e+06 |   +0.71% |  6.99e-10 |      
      400 |   0.5669 |  4.486372e+06 |   +3.68% |  1.12e-09 |      
      410 |   0.5245 |  4.597932e+06 |   +2.49% |  1.80e-09 |      
      420 |   0.4739 |  4.644880e+06 |   +1.02% |  2.91e-09 |      
      430 |   0.4292 |  4.685420e+06 |   +0.87% |  4.73e-09 |      
      440 |   0.3899 |  4.790379e+06 |   +2.24% |  7.61e-09 |      
      450 |   0.3524 |  4.818094e+06 |   +0.58% |  1.24e-08 |      
      460 |   0.3198 |  4.814968e+06 |   -0.06% |  1.86e-08 |      
[INFO GPL-0040] Routability iteration: 1
[WARNING GRT-0281] Net clk1 has a large fanout of 28504 terminals.
[WARNING GRT-0281] Net clk_s2 has a large fanout of 1055 terminals.
[WARNING GRT-0281] Net clk_s8 has a large fanout of 2138 terminals.
[INFO GPL-0041] Total routing overflow: 639.7291
[INFO GPL-0042] Number of overflowed tiles: 3287 (4.35%)
[INFO GPL-0043] Average top 0.5% routing congestion: 1.9325
[INFO GPL-0044] Average top 1.0% routing congestion: 1.5983
[INFO GPL-0045] Average top 2.0% routing congestion: 1.3721
[INFO GPL-0046] Average top 5.0% routing congestion: 1.1680
[INFO GPL-0047] Routability iteration weighted routing congestion: 1.7654
[INFO GPL-0048] Routing congestion (1.7654) lower than previous minimum (1e+30). Updating minimum.
[INFO GPL-0086] Inflated area:              105516.594 um^2 (+6.26%)
[INFO GPL-0052] Placement target density:       0.5582
[INFO GPL-0076] Removing fillers, count: Before: 16083, After: 9342 (-41.91%)
[INFO GPL-0077] Filler area (um^2)     : Before: 251735.198, After: 146220.984 (-41.91%)
[INFO GPL-0078] Removed fillers count: 6741, area removed: 105510.132 um^2. Remaining area to be compensated by modifying density: 6.459 um^2
[INFO GPL-0058] White space area:           3468681.741 um^2 (+0.00%)
[INFO GPL-0059] Movable instances area:     1936182.608 um^2 (+0.00%)
[INFO GPL-0060] Total filler area:          146220.984 um^2 (-41.91%)
[INFO GPL-0061] Total non-inflated area:    1936185.036 um^2 (+0.00%)
[INFO GPL-0062] Total inflated area:        2041701.627 um^2 (+0.00%)
[INFO GPL-0063] New Target Density:             0.5582
[INFO GPL-0087] Routability end iteration: increase inflation and revert back to snapshot.
Iteration | Overflow |     HPWL (um) |  HPWL(%) |   Penalty | Group
---------------------------------------------------------------
      470 |   0.6086 |  4.268197e+06 |  -11.36% |  4.13e-10 |      
      480 |   0.6023 |  4.381879e+06 |   +2.66% |  5.98e-10 |      
      490 |   0.5846 |  4.526076e+06 |   +3.29% |  8.71e-10 |      
      500 |   0.5581 |  4.626318e+06 |   +2.21% |  1.27e-09 |      
      510 |   0.5190 |  4.664706e+06 |   +0.83% |  1.86e-09 |      
      520 |   0.4837 |  4.663339e+06 |   -0.03% |  2.75e-09 |      
      530 |   0.4490 |  4.759298e+06 |   +2.06% |  4.01e-09 |      
      540 |   0.4155 |  4.819398e+06 |   +1.26% |  5.88e-09 |      
      550 |   0.3855 |  4.852378e+06 |   +0.68% |  8.64e-09 |      
      560 |   0.3570 |  4.888121e+06 |   +0.74% |  1.27e-08 |      
      570 |   0.3264 |  4.873845e+06 |   -0.29% |  1.87e-08 |      
[INFO GPL-0040] Routability iteration: 2
[INFO GPL-0041] Total routing overflow: 194.7878
[INFO GPL-0042] Number of overflowed tiles: 2277 (3.01%)
[INFO GPL-0043] Average top 0.5% routing congestion: 1.2256
[INFO GPL-0044] Average top 1.0% routing congestion: 1.1748
[INFO GPL-0045] Average top 2.0% routing congestion: 1.1199
[INFO GPL-0046] Average top 5.0% routing congestion: 1.0420
[INFO GPL-0047] Routability iteration weighted routing congestion: 1.2002
[INFO GPL-0048] Routing congestion (1.2002) lower than previous minimum (1.765). Updating minimum.
[INFO GPL-0086] Inflated area:               24700.240 um^2 (+1.38%)
[INFO GPL-0052] Placement target density:       0.5582
[INFO GPL-0076] Removing fillers, count: Before: 9342, After: 7764 (-16.89%)
[INFO GPL-0077] Filler area (um^2)     : Before: 146220.984, After: 121522.128 (-16.89%)
[INFO GPL-0078] Removed fillers count: 1578, area removed: 24698.856 um^2. Remaining area to be compensated by modifying density: 1.384 um^2
[INFO GPL-0058] White space area:           3468681.741 um^2 (+0.00%)
[INFO GPL-0059] Movable instances area:     1936182.608 um^2 (+0.00%)
[INFO GPL-0060] Total filler area:          121522.128 um^2 (-16.89%)
[INFO GPL-0061] Total non-inflated area:    1936186.419 um^2 (+0.00%)
[INFO GPL-0062] Total inflated area:        1960886.659 um^2 (+0.00%)
[INFO GPL-0063] New Target Density:             0.5582
[INFO GPL-0087] Routability end iteration: increase inflation and revert back to snapshot.
Iteration | Overflow |     HPWL (um) |  HPWL(%) |   Penalty | Group
---------------------------------------------------------------
      580 |   0.6135 |  4.254962e+06 |  -12.70% |  4.13e-10 |      
      590 |   0.6031 |  4.411006e+06 |   +3.67% |  5.96e-10 |      
      600 |   0.5843 |  4.562671e+06 |   +3.44% |  8.67e-10 |      
      610 |   0.5587 |  4.670477e+06 |   +2.36% |  1.26e-09 |      
      620 |   0.5203 |  4.711899e+06 |   +0.89% |  1.86e-09 |      
      630 |   0.4858 |  4.712823e+06 |   +0.02% |  2.73e-09 |      
      640 |   0.4509 |  4.813972e+06 |   +2.15% |  3.99e-09 |      
      650 |   0.4168 |  4.871996e+06 |   +1.21% |  5.85e-09 |      
      660 |   0.3863 |  4.910311e+06 |   +0.79% |  8.59e-09 |      
      670 |   0.3573 |  4.952876e+06 |   +0.87% |  1.26e-08 |      
      680 |   0.3276 |  4.938825e+06 |   -0.28% |  1.86e-08 |      
[INFO GPL-0040] Routability iteration: 3
[INFO GPL-0041] Total routing overflow: 165.6572
[INFO GPL-0042] Number of overflowed tiles: 2211 (2.92%)
[INFO GPL-0043] Average top 0.5% routing congestion: 1.1921
[INFO GPL-0044] Average top 1.0% routing congestion: 1.1502
[INFO GPL-0045] Average top 2.0% routing congestion: 1.1027
[INFO GPL-0046] Average top 5.0% routing congestion: 1.0339
[INFO GPL-0047] Routability iteration weighted routing congestion: 1.1712
[INFO GPL-0048] Routing congestion (1.1712) lower than previous minimum (1.2). Updating minimum.
[INFO GPL-0086] Inflated area:               20060.637 um^2 (+1.11%)
[INFO GPL-0052] Placement target density:       0.5582
[INFO GPL-0076] Removing fillers, count: Before: 7764, After: 6483 (-16.50%)
[INFO GPL-0077] Filler area (um^2)     : Before: 121522.128, After: 101471.916 (-16.50%)
[INFO GPL-0078] Removed fillers count: 1281, area removed: 20050.212 um^2. Remaining area to be compensated by modifying density: 10.425 um^2
[INFO GPL-0058] White space area:           3468681.741 um^2 (+0.00%)
[INFO GPL-0059] Movable instances area:     1936182.608 um^2 (+0.00%)
[INFO GPL-0060] Total filler area:          101471.916 um^2 (-16.50%)
[INFO GPL-0061] Total non-inflated area:    1936196.844 um^2 (+0.00%)
[INFO GPL-0062] Total inflated area:        1956257.481 um^2 (+0.00%)
[INFO GPL-0063] New Target Density:             0.5582
[INFO GPL-0087] Routability end iteration: increase inflation and revert back to snapshot.
Iteration | Overflow |     HPWL (um) |  HPWL(%) |   Penalty | Group
---------------------------------------------------------------
      690 |   0.6173 |  4.244933e+06 |  -14.05% |  4.13e-10 |      
      700 |   0.6036 |  4.436426e+06 |   +4.51% |  5.95e-10 |      
      710 |   0.5844 |  4.594486e+06 |   +3.56% |  8.64e-10 |      
      720 |   0.5590 |  4.708790e+06 |   +2.49% |  1.26e-09 |      
      730 |   0.5209 |  4.754542e+06 |   +0.97% |  1.85e-09 |      
      740 |   0.4860 |  4.757805e+06 |   +0.07% |  2.72e-09 |      
      750 |   0.4509 |  4.860027e+06 |   +2.15% |  3.98e-09 |      
      760 |   0.4177 |  4.918608e+06 |   +1.21% |  5.82e-09 |      
      770 |   0.3870 |  4.960741e+06 |   +0.86% |  8.55e-09 |      
      780 |   0.3591 |  5.010952e+06 |   +1.01% |  1.25e-08 |      
      790 |   0.3281 |  4.999557e+06 |   -0.23% |  1.85e-08 |      
[INFO GPL-0040] Routability iteration: 4
[INFO GPL-0041] Total routing overflow: 133.4899
[INFO GPL-0042] Number of overflowed tiles: 2113 (2.79%)
[INFO GPL-0043] Average top 0.5% routing congestion: 1.1612
[INFO GPL-0044] Average top 1.0% routing congestion: 1.1241
[INFO GPL-0045] Average top 2.0% routing congestion: 1.0838
[INFO GPL-0046] Average top 5.0% routing congestion: 1.0244
[INFO GPL-0047] Routability iteration weighted routing congestion: 1.1426
[INFO GPL-0048] Routing congestion (1.1426) lower than previous minimum (1.171). Updating minimum.
[INFO GPL-0086] Inflated area:               14887.049 um^2 (+0.81%)
[INFO GPL-0052] Placement target density:       0.5582
[INFO GPL-0076] Removing fillers, count: Before: 6483, After: 5532 (-14.67%)
[INFO GPL-0077] Filler area (um^2)     : Before: 101471.916, After: 86586.864 (-14.67%)
[INFO GPL-0078] Removed fillers count: 951, area removed: 14885.052 um^2. Remaining area to be compensated by modifying density: 1.997 um^2
[INFO GPL-0058] White space area:           3468681.741 um^2 (+0.00%)
[INFO GPL-0059] Movable instances area:     1936182.608 um^2 (+0.00%)
[INFO GPL-0060] Total filler area:           86586.864 um^2 (-14.67%)
[INFO GPL-0061] Total non-inflated area:    1936198.842 um^2 (+0.00%)
[INFO GPL-0062] Total inflated area:        1951085.891 um^2 (+0.00%)
[INFO GPL-0063] New Target Density:             0.5582
[INFO GPL-0087] Routability end iteration: increase inflation and revert back to snapshot.
Iteration | Overflow |     HPWL (um) |  HPWL(%) |   Penalty | Group
---------------------------------------------------------------
      800 |   0.6202 |  4.237174e+06 |  -15.25% |  4.13e-10 |      
      810 |   0.6041 |  4.456321e+06 |   +5.17% |  5.93e-10 |      
      820 |   0.5840 |  4.618986e+06 |   +3.65% |  8.62e-10 |      
      830 |   0.5592 |  4.738784e+06 |   +2.59% |  1.26e-09 |      
      840 |   0.5213 |  4.788818e+06 |   +1.06% |  1.84e-09 |      
      850 |   0.4869 |  4.793372e+06 |   +0.10% |  2.71e-09 |      
      860 |   0.4519 |  4.892756e+06 |   +2.07% |  3.96e-09 |      
      870 |   0.4186 |  4.953985e+06 |   +1.25% |  5.80e-09 |      
      880 |   0.3872 |  5.000171e+06 |   +0.93% |  8.52e-09 |      
      890 |   0.3582 |  5.054139e+06 |   +1.08% |  1.25e-08 |      
      900 |   0.3288 |  5.041291e+06 |   -0.25% |  1.84e-08 |      
[INFO GPL-0040] Routability iteration: 5
[INFO GPL-0041] Total routing overflow: 128.1786
[INFO GPL-0042] Number of overflowed tiles: 2063 (2.73%)
[INFO GPL-0043] Average top 0.5% routing congestion: 1.1548
[INFO GPL-0044] Average top 1.0% routing congestion: 1.1189
[INFO GPL-0045] Average top 2.0% routing congestion: 1.0807
[INFO GPL-0046] Average top 5.0% routing congestion: 1.0220
[INFO GPL-0047] Routability iteration weighted routing congestion: 1.1368
[INFO GPL-0048] Routing congestion (1.1368) lower than previous minimum (1.143). Updating minimum.
[INFO GPL-0086] Inflated area:               14314.350 um^2 (+0.77%)
[INFO GPL-0052] Placement target density:       0.5582
[INFO GPL-0076] Removing fillers, count: Before: 5532, After: 4618 (-16.52%)
[INFO GPL-0077] Filler area (um^2)     : Before: 86586.864, After: 72280.936 (-16.52%)
[INFO GPL-0078] Removed fillers count: 914, area removed: 14305.928 um^2. Remaining area to be compensated by modifying density: 8.422 um^2
[INFO GPL-0058] White space area:           3468681.741 um^2 (+0.00%)
[INFO GPL-0059] Movable instances area:     1936182.608 um^2 (+0.00%)
[INFO GPL-0060] Total filler area:           72280.936 um^2 (-16.52%)
[INFO GPL-0061] Total non-inflated area:    1936207.263 um^2 (+0.00%)
[INFO GPL-0062] Total inflated area:        1950521.613 um^2 (+0.00%)
[INFO GPL-0063] New Target Density:             0.5582
[INFO GPL-0087] Routability end iteration: increase inflation and revert back to snapshot.
Iteration | Overflow |     HPWL (um) |  HPWL(%) |   Penalty | Group
---------------------------------------------------------------
      910 |   0.6228 |  4.230031e+06 |  -16.09% |  4.13e-10 |      
      920 |   0.6042 |  4.476368e+06 |   +5.82% |  5.92e-10 |      
      930 |   0.5834 |  4.642884e+06 |   +3.72% |  8.60e-10 |      
      940 |   0.5593 |  4.768416e+06 |   +2.70% |  1.25e-09 |      
      950 |   0.5218 |  4.821927e+06 |   +1.12% |  1.84e-09 |      
      960 |   0.4883 |  4.830865e+06 |   +0.19% |  2.70e-09 |      
      970 |   0.4526 |  4.927492e+06 |   +2.00% |  3.95e-09 |      
      980 |   0.4191 |  4.988439e+06 |   +1.24% |  5.78e-09 |      
      990 |   0.3877 |  5.037175e+06 |   +0.98% |  8.49e-09 |      
     1000 |   0.3587 |  5.095089e+06 |   +1.15% |  1.24e-08 |      
     1010 |   0.3303 |  5.086449e+06 |   -0.17% |  1.83e-08 |      
[INFO GPL-0040] Routability iteration: 6
[INFO GPL-0041] Total routing overflow: 113.5468
[INFO GPL-0042] Number of overflowed tiles: 1982 (2.62%)
[INFO GPL-0043] Average top 0.5% routing congestion: 1.1410
[INFO GPL-0044] Average top 1.0% routing congestion: 1.1090
[INFO GPL-0045] Average top 2.0% routing congestion: 1.0725
[INFO GPL-0046] Average top 5.0% routing congestion: 1.0175
[INFO GPL-0047] Routability iteration weighted routing congestion: 1.1250
[INFO GPL-0048] Routing congestion (1.1250) lower than previous minimum (1.137). Updating minimum.
[INFO GPL-0086] Inflated area:               12545.917 um^2 (+0.67%)
[INFO GPL-0052] Placement target density:       0.5582
[INFO GPL-0076] Removing fillers, count: Before: 4618, After: 3817 (-17.35%)
[INFO GPL-0077] Filler area (um^2)     : Before: 72280.936, After: 59743.684 (-17.35%)
[INFO GPL-0078] Removed fillers count: 801, area removed: 12537.252 um^2. Remaining area to be compensated by modifying density: 8.665 um^2
[INFO GPL-0058] White space area:           3468681.741 um^2 (+0.00%)
[INFO GPL-0059] Movable instances area:     1936182.608 um^2 (+0.00%)
[INFO GPL-0060] Total filler area:           59743.684 um^2 (-17.35%)
[INFO GPL-0061] Total non-inflated area:    1936215.929 um^2 (+0.00%)
[INFO GPL-0062] Total inflated area:        1948761.846 um^2 (+0.00%)
[INFO GPL-0063] New Target Density:             0.5582
[INFO GPL-0087] Routability end iteration: increase inflation and revert back to snapshot.
Iteration | Overflow |     HPWL (um) |  HPWL(%) |   Penalty | Group
---------------------------------------------------------------
     1020 |   0.6277 |  4.160132e+06 |  -18.21% |  3.97e-10 |      
     1030 |   0.6060 |  4.480697e+06 |   +7.71% |  5.70e-10 |      
     1040 |   0.5852 |  4.648138e+06 |   +3.74% |  8.27e-10 |      
     1050 |   0.5624 |  4.786893e+06 |   +2.99% |  1.20e-09 |      
     1060 |   0.5258 |  4.850088e+06 |   +1.32% |  1.76e-09 |      
     1070 |   0.4924 |  4.857935e+06 |   +0.16% |  2.59e-09 |      
     1080 |   0.4573 |  4.944245e+06 |   +1.78% |  3.79e-09 |      
     1090 |   0.4224 |  5.014538e+06 |   +1.42% |  5.55e-09 |      
     1100 |   0.3921 |  5.058026e+06 |   +0.87% |  8.15e-09 |      
     1110 |   0.3609 |  5.130254e+06 |   +1.43% |  1.19e-08 |      
     1120 |   0.3343 |  5.127299e+06 |   -0.06% |  1.76e-08 |      
     1130 |   0.2978 |  5.113508e+06 |   -0.27% |  2.59e-08 |      
[INFO GPL-0040] Routability iteration: 7
[INFO GPL-0041] Total routing overflow: 98.0749
[INFO GPL-0042] Number of overflowed tiles: 1852 (2.45%)
[INFO GPL-0043] Average top 0.5% routing congestion: 1.1262
[INFO GPL-0044] Average top 1.0% routing congestion: 1.0962
[INFO GPL-0045] Average top 2.0% routing congestion: 1.0634
[INFO GPL-0046] Average top 5.0% routing congestion: 1.0117
[INFO GPL-0047] Routability iteration weighted routing congestion: 1.1112
[INFO GPL-0048] Routing congestion (1.1112) lower than previous minimum (1.125). Updating minimum.
[INFO GPL-0086] Inflated area:               10653.443 um^2 (+0.57%)
[INFO GPL-0052] Placement target density:       0.5582
[INFO GPL-0076] Removing fillers, count: Before: 3817, After: 3137 (-17.82%)
[INFO GPL-0077] Filler area (um^2)     : Before: 59743.684, After: 49100.324 (-17.82%)
[INFO GPL-0078] Removed fillers count: 680, area removed: 10643.360 um^2. Remaining area to be compensated by modifying density: 10.083 um^2
[INFO GPL-0058] White space area:           3468681.741 um^2 (+0.00%)
[INFO GPL-0059] Movable instances area:     1936182.608 um^2 (+0.00%)
[INFO GPL-0060] Total filler area:           49100.324 um^2 (-17.82%)
[INFO GPL-0061] Total non-inflated area:    1936226.012 um^2 (+0.00%)
[INFO GPL-0062] Total inflated area:        1946879.455 um^2 (+0.00%)
[INFO GPL-0063] New Target Density:             0.5582
[INFO GPL-0087] Routability end iteration: increase inflation and revert back to snapshot.
Iteration | Overflow |     HPWL (um) |  HPWL(%) |   Penalty | Group
---------------------------------------------------------------
     1140 |   0.6083 |  4.474831e+06 |  -12.49% |  5.48e-10 |      
     1150 |   0.5865 |  4.647039e+06 |   +3.85% |  7.95e-10 |      
     1160 |   0.5648 |  4.796451e+06 |   +3.22% |  1.16e-09 |      
     1170 |   0.5300 |  4.872934e+06 |   +1.59% |  1.69e-09 |      
     1180 |   0.4950 |  4.884156e+06 |   +0.23% |  2.49e-09 |      
     1190 |   0.4622 |  4.961108e+06 |   +1.58% |  3.64e-09 |      
     1200 |   0.4255 |  5.036573e+06 |   +1.52% |  5.33e-09 |      
     1210 |   0.3967 |  5.071736e+06 |   +0.70% |  7.83e-09 |      
     1220 |   0.3630 |  5.157493e+06 |   +1.69% |  1.14e-08 |      
     1230 |   0.3381 |  5.157054e+06 |   -0.01% |  1.68e-08 |      
     1240 |   0.3008 |  5.153662e+06 |   -0.07% |  2.48e-08 |      
[INFO GPL-0040] Routability iteration: 8
[INFO GPL-0041] Total routing overflow: 97.4201
[INFO GPL-0042] Number of overflowed tiles: 1827 (2.42%)
[INFO GPL-0043] Average top 0.5% routing congestion: 1.1288
[INFO GPL-0044] Average top 1.0% routing congestion: 1.0979
[INFO GPL-0045] Average top 2.0% routing congestion: 1.0632
[INFO GPL-0046] Average top 5.0% routing congestion: 1.0112
[INFO GPL-0047] Routability iteration weighted routing congestion: 1.1133
[INFO GPL-0049] Routing congestion (1.1133) higher than minimum (1.1112). Consecutive non-improvement count: 1.
[INFO GPL-0086] Inflated area:               10847.515 um^2 (+0.57%)
[INFO GPL-0052] Placement target density:       0.5582
[INFO GPL-0076] Removing fillers, count: Before: 3137, After: 2444 (-22.09%)
[INFO GPL-0077] Filler area (um^2)     : Before: 49100.324, After: 38253.488 (-22.09%)
[INFO GPL-0078] Removed fillers count: 693, area removed: 10846.836 um^2. Remaining area to be compensated by modifying density: 0.678 um^2
[INFO GPL-0058] White space area:           3468681.741 um^2 (+0.00%)
[INFO GPL-0059] Movable instances area:     1936182.608 um^2 (+0.00%)
[INFO GPL-0060] Total filler area:           38253.488 um^2 (-22.09%)
[INFO GPL-0061] Total non-inflated area:    1936226.691 um^2 (+0.00%)
[INFO GPL-0062] Total inflated area:        1947074.205 um^2 (+0.00%)
[INFO GPL-0063] New Target Density:             0.5582
[INFO GPL-0087] Routability end iteration: increase inflation and revert back to snapshot.
Iteration | Overflow |     HPWL (um) |  HPWL(%) |   Penalty | Group
---------------------------------------------------------------
     1250 |   0.6111 |  4.468673e+06 |  -13.29% |  5.28e-10 |      
     1260 |   0.5880 |  4.649212e+06 |   +4.04% |  7.65e-10 |      
     1270 |   0.5673 |  4.806592e+06 |   +3.39% |  1.11e-09 |      
     1280 |   0.5337 |  4.894660e+06 |   +1.83% |  1.62e-09 |      
     1290 |   0.4988 |  4.909529e+06 |   +0.30% |  2.39e-09 |      
     1300 |   0.4670 |  4.978117e+06 |   +1.40% |  3.50e-09 |      
     1310 |   0.4297 |  5.058371e+06 |   +1.61% |  5.11e-09 |      
     1320 |   0.4007 |  5.088542e+06 |   +0.60% |  7.52e-09 |      
     1330 |   0.3658 |  5.180981e+06 |   +1.82% |  1.10e-08 |      
     1340 |   0.3417 |  5.192162e+06 |   +0.22% |  1.61e-08 |      
     1350 |   0.3057 |  5.197352e+06 |   +0.10% |  2.38e-08 |      
[INFO GPL-0040] Routability iteration: 9
[INFO GPL-0041] Total routing overflow: 95.1969
[INFO GPL-0042] Number of overflowed tiles: 1776 (2.35%)
[INFO GPL-0043] Average top 0.5% routing congestion: 1.1285
[INFO GPL-0044] Average top 1.0% routing congestion: 1.0970
[INFO GPL-0045] Average top 2.0% routing congestion: 1.0621
[INFO GPL-0046] Average top 5.0% routing congestion: 1.0105
[INFO GPL-0047] Routability iteration weighted routing congestion: 1.1128
[INFO GPL-0049] Routing congestion (1.1128) higher than minimum (1.1112). Consecutive non-improvement count: 2.
[INFO GPL-0086] Inflated area:               10643.672 um^2 (+0.56%)
[INFO GPL-0052] Placement target density:       0.5582
[INFO GPL-0076] Removing fillers, count: Before: 2444, After: 1764 (-27.82%)
[INFO GPL-0077] Filler area (um^2)     : Before: 38253.488, After: 27610.128 (-27.82%)
[INFO GPL-0078] Removed fillers count: 680, area removed: 10643.360 um^2. Remaining area to be compensated by modifying density: 0.312 um^2
[INFO GPL-0058] White space area:           3468681.741 um^2 (+0.00%)
[INFO GPL-0059] Movable instances area:     1936182.608 um^2 (+0.00%)
[INFO GPL-0060] Total filler area:           27610.128 um^2 (-27.82%)
[INFO GPL-0061] Total non-inflated area:    1936227.002 um^2 (+0.00%)
[INFO GPL-0062] Total inflated area:        1946870.674 um^2 (+0.00%)
[INFO GPL-0063] New Target Density:             0.5582
[INFO GPL-0087] Routability end iteration: increase inflation and revert back to snapshot.
Iteration | Overflow |     HPWL (um) |  HPWL(%) |   Penalty | Group
---------------------------------------------------------------
     1360 |   0.6145 |  4.451520e+06 |  -14.35% |  5.08e-10 |      
     1370 |   0.5893 |  4.648529e+06 |   +4.43% |  7.35e-10 |      
     1380 |   0.5697 |  4.813796e+06 |   +3.56% |  1.07e-09 |      
     1390 |   0.5380 |  4.915292e+06 |   +2.11% |  1.56e-09 |      
     1400 |   0.5025 |  4.936861e+06 |   +0.44% |  2.29e-09 |      
     1410 |   0.4713 |  4.995503e+06 |   +1.19% |  3.36e-09 |      
     1420 |   0.4328 |  5.079843e+06 |   +1.69% |  4.91e-09 |      
     1430 |   0.4037 |  5.102914e+06 |   +0.45% |  7.22e-09 |      
     1440 |   0.3689 |  5.202382e+06 |   +1.95% |  1.05e-08 |      
     1450 |   0.3461 |  5.227511e+06 |   +0.48% |  1.55e-08 |      
     1460 |   0.3096 |  5.245353e+06 |   +0.34% |  2.28e-08 |      
[INFO GPL-0040] Routability iteration: 10
[INFO GPL-0041] Total routing overflow: 85.9837
[INFO GPL-0042] Number of overflowed tiles: 1702 (2.25%)
[INFO GPL-0043] Average top 0.5% routing congestion: 1.1185
[INFO GPL-0044] Average top 1.0% routing congestion: 1.0892
[INFO GPL-0045] Average top 2.0% routing congestion: 1.0564
[INFO GPL-0046] Average top 5.0% routing congestion: 1.0072
[INFO GPL-0047] Routability iteration weighted routing congestion: 1.1038
[INFO GPL-0048] Routing congestion (1.1038) lower than previous minimum (1.111). Updating minimum.
[INFO GPL-0086] Inflated area:                9345.703 um^2 (+0.49%)
[INFO GPL-0052] Placement target density:       0.5582
[INFO GPL-0076] Removing fillers, count: Before: 1764, After: 1167 (-33.84%)
[INFO GPL-0077] Filler area (um^2)     : Before: 27610.128, After: 18265.884 (-33.84%)
[INFO GPL-0078] Removed fillers count: 597, area removed: 9344.244 um^2. Remaining area to be compensated by modifying density: 1.459 um^2
[INFO GPL-0058] White space area:           3468681.741 um^2 (+0.00%)
[INFO GPL-0059] Movable instances area:     1936182.608 um^2 (+0.00%)
[INFO GPL-0060] Total filler area:           18265.884 um^2 (-33.84%)
[INFO GPL-0061] Total non-inflated area:    1936228.462 um^2 (+0.00%)
[INFO GPL-0062] Total inflated area:        1945574.165 um^2 (+0.00%)
[INFO GPL-0063] New Target Density:             0.5582
[INFO GPL-0087] Routability end iteration: increase inflation and revert back to snapshot.
Iteration | Overflow |     HPWL (um) |  HPWL(%) |   Penalty | Group
---------------------------------------------------------------
     1470 |   0.6181 |  4.433456e+06 |  -15.48% |  4.90e-10 |      
     1480 |   0.5910 |  4.647501e+06 |   +4.83% |  7.08e-10 |      
     1490 |   0.5715 |  4.818888e+06 |   +3.69% |  1.03e-09 |      
     1500 |   0.5421 |  4.931542e+06 |   +2.34% |  1.50e-09 |      
     1510 |   0.5061 |  4.957889e+06 |   +0.53% |  2.20e-09 |      
     1520 |   0.4762 |  5.008059e+06 |   +1.01% |  3.23e-09 |      
     1530 |   0.4376 |  5.095541e+06 |   +1.75% |  4.72e-09 |      
     1540 |   0.4071 |  5.117361e+06 |   +0.43% |  6.93e-09 |      
     1550 |   0.3724 |  5.215122e+06 |   +1.91% |  1.01e-08 |      
     1560 |   0.3495 |  5.256830e+06 |   +0.80% |  1.49e-08 |      
     1570 |   0.3141 |  5.285522e+06 |   +0.55% |  2.18e-08 |      
[INFO GPL-0040] Routability iteration: 11
[INFO GPL-0041] Total routing overflow: 84.5584
[INFO GPL-0042] Number of overflowed tiles: 1661 (2.20%)
[INFO GPL-0043] Average top 0.5% routing congestion: 1.1197
[INFO GPL-0044] Average top 1.0% routing congestion: 1.0888
[INFO GPL-0045] Average top 2.0% routing congestion: 1.0556
[INFO GPL-0046] Average top 5.0% routing congestion: 1.0063
[INFO GPL-0047] Routability iteration weighted routing congestion: 1.1043
[INFO GPL-0049] Routing congestion (1.1043) higher than minimum (1.1038). Consecutive non-improvement count: 1.
[INFO GPL-0086] Inflated area:                9196.993 um^2 (+0.48%)
[INFO GPL-0052] Placement target density:       0.5582
[INFO GPL-0076] Removing fillers, count: Before: 1167, After: 580 (-50.30%)
[INFO GPL-0077] Filler area (um^2)     : Before: 18265.884, After: 9078.160 (-50.30%)
[INFO GPL-0078] Removed fillers count: 587, area removed: 9187.724 um^2. Remaining area to be compensated by modifying density: 9.269 um^2
[INFO GPL-0058] White space area:           3468681.741 um^2 (+0.00%)
[INFO GPL-0059] Movable instances area:     1936182.608 um^2 (+0.00%)
[INFO GPL-0060] Total filler area:            9078.160 um^2 (-50.30%)
[INFO GPL-0061] Total non-inflated area:    1936237.731 um^2 (+0.00%)
[INFO GPL-0062] Total inflated area:        1945434.724 um^2 (+0.00%)
[INFO GPL-0063] New Target Density:             0.5582
[INFO GPL-0087] Routability end iteration: increase inflation and revert back to snapshot.
Iteration | Overflow |     HPWL (um) |  HPWL(%) |   Penalty | Group
---------------------------------------------------------------
     1580 |   0.6214 |  4.406378e+06 |  -16.63% |  4.73e-10 |      
     1590 |   0.5930 |  4.642592e+06 |   +5.36% |  6.81e-10 |      
     1600 |   0.5731 |  4.820856e+06 |   +3.84% |  9.87e-10 |      
     1610 |   0.5462 |  4.945479e+06 |   +2.59% |  1.44e-09 |      
     1620 |   0.5094 |  4.980551e+06 |   +0.71% |  2.11e-09 |      
     1630 |   0.4802 |  5.025278e+06 |   +0.90% |  3.10e-09 |      
     1640 |   0.4411 |  5.111379e+06 |   +1.71% |  4.53e-09 |      
     1650 |   0.4098 |  5.133286e+06 |   +0.43% |  6.66e-09 |      
     1660 |   0.3758 |  5.226870e+06 |   +1.82% |  9.73e-09 |      
     1670 |   0.3521 |  5.282970e+06 |   +1.07% |  1.43e-08 |      
     1680 |   0.3171 |  5.323495e+06 |   +0.77% |  2.09e-08 |      
[INFO GPL-0040] Routability iteration: 12
[INFO GPL-0041] Total routing overflow: 73.9828
[INFO GPL-0042] Number of overflowed tiles: 1591 (2.10%)
[INFO GPL-0043] Average top 0.5% routing congestion: 1.1073
[INFO GPL-0044] Average top 1.0% routing congestion: 1.0794
[INFO GPL-0045] Average top 2.0% routing congestion: 1.0488
[INFO GPL-0046] Average top 5.0% routing congestion: 1.0023
[INFO GPL-0047] Routability iteration weighted routing congestion: 1.0934
[INFO GPL-0048] Routing congestion (1.0934) lower than previous minimum (1.104). Updating minimum.
[INFO GPL-0086] Inflated area:                7834.382 um^2 (+0.41%)
[INFO GPL-0052] Placement target density:       0.5582
[INFO GPL-0076] Removing fillers, count: Before: 580, After: 80 (-86.21%)
[INFO GPL-0077] Filler area (um^2)     : Before: 9078.160, After: 1252.160 (-86.21%)
[INFO GPL-0078] Removed fillers count: 500, area removed: 7826.000 um^2. Remaining area to be compensated by modifying density: 8.382 um^2
[INFO GPL-0058] White space area:           3468681.741 um^2 (+0.00%)
[INFO GPL-0059] Movable instances area:     1936182.608 um^2 (+0.00%)
[INFO GPL-0060] Total filler area:            1252.160 um^2 (-86.21%)
[INFO GPL-0061] Total non-inflated area:    1936246.113 um^2 (+0.00%)
[INFO GPL-0062] Total inflated area:        1944080.495 um^2 (+0.00%)
[INFO GPL-0063] New Target Density:             0.5582
[INFO GPL-0087] Routability end iteration: increase inflation and revert back to snapshot.
Iteration | Overflow |     HPWL (um) |  HPWL(%) |   Penalty | Group
---------------------------------------------------------------
     1690 |   0.6296 |  4.283196e+06 |  -19.54% |  4.43e-10 |      
     1700 |   0.5983 |  4.614432e+06 |   +7.73% |  6.31e-10 |      
     1710 |   0.5765 |  4.802812e+06 |   +4.08% |  9.15e-10 |      
     1720 |   0.5530 |  4.944733e+06 |   +2.95% |  1.33e-09 |      
     1730 |   0.5161 |  4.997395e+06 |   +1.07% |  1.95e-09 |      
     1740 |   0.4870 |  5.028930e+06 |   +0.63% |  2.87e-09 |      
     1750 |   0.4498 |  5.116743e+06 |   +1.75% |  4.19e-09 |      
     1760 |   0.4160 |  5.142573e+06 |   +0.50% |  6.15e-09 |      
     1770 |   0.3832 |  5.223367e+06 |   +1.57% |  9.01e-09 |      
     1780 |   0.3562 |  5.303274e+06 |   +1.53% |  1.32e-08 |      
     1790 |   0.3262 |  5.348175e+06 |   +0.85% |  1.93e-08 |      
[INFO GPL-0040] Routability iteration: 13
[INFO GPL-0041] Total routing overflow: 81.0966
[INFO GPL-0042] Number of overflowed tiles: 1645 (2.18%)
[INFO GPL-0043] Average top 0.5% routing congestion: 1.1134
[INFO GPL-0044] Average top 1.0% routing congestion: 1.0841
[INFO GPL-0045] Average top 2.0% routing congestion: 1.0534
[INFO GPL-0046] Average top 5.0% routing congestion: 1.0051
[INFO GPL-0047] Routability iteration weighted routing congestion: 1.0988
[INFO GPL-0049] Routing congestion (1.0988) higher than minimum (1.0934). Consecutive non-improvement count: 1.
[INFO GPL-0086] Inflated area:                8908.434 um^2 (+0.46%)
[INFO GPL-0052] Placement target density:       0.5582
[INFO GPL-0076] Removing fillers, count: Before: 80, After: 0 (-100.00%)
[INFO GPL-0077] Filler area (um^2)     : Before: 1252.160, After: 0.000 (-100.00%)
[INFO GPL-0078] Removed fillers count: 80, area removed: 1252.160 um^2. Remaining area to be compensated by modifying density: 7656.274 um^2
[INFO GPL-0079] New target density: 0.5604153
[INFO GPL-0058] White space area:           3468681.741 um^2 (+0.00%)
[INFO GPL-0059] Movable instances area:     1943902.487 um^2 (+0.40%)
[INFO GPL-0060] Total filler area:               0.000 um^2 (-100.00%)
[INFO GPL-0061] Total non-inflated area:    1943902.387 um^2 (+0.40%)
[INFO GPL-0062] Total inflated area:        1952810.821 um^2 (+0.39%)
[INFO GPL-0063] New Target Density:             0.5604
[INFO GPL-0087] Routability end iteration: increase inflation and revert back to snapshot.
Iteration | Overflow |     HPWL (um) |  HPWL(%) |   Penalty | Group
---------------------------------------------------------------
     1800 |   0.6358 |  4.193653e+06 |  -21.59% |  4.13e-10 |      
     1810 |   0.6035 |  4.586018e+06 |   +9.36% |  5.86e-10 |      
     1820 |   0.5795 |  4.777611e+06 |   +4.18% |  8.49e-10 |      
     1830 |   0.5591 |  4.932670e+06 |   +3.25% |  1.23e-09 |      
     1840 |   0.5230 |  5.006857e+06 |   +1.50% |  1.80e-09 |      
     1850 |   0.4925 |  5.029734e+06 |   +0.46% |  2.65e-09 |      
     1860 |   0.4568 |  5.114765e+06 |   +1.69% |  3.88e-09 |      
     1870 |   0.4205 |  5.148915e+06 |   +0.67% |  5.69e-09 |      
     1880 |   0.3911 |  5.208711e+06 |   +1.16% |  8.35e-09 |      
     1890 |   0.3594 |  5.309143e+06 |   +1.93% |  1.22e-08 |      
     1900 |   0.3325 |  5.351557e+06 |   +0.80% |  1.79e-08 |      
     1910 |   0.2973 |  5.345422e+06 |   -0.11% |  2.63e-08 |      
[INFO GPL-0040] Routability iteration: 14
[INFO GPL-0041] Total routing overflow: 73.6069
[INFO GPL-0042] Number of overflowed tiles: 1571 (2.08%)
[INFO GPL-0043] Average top 0.5% routing congestion: 1.1079
[INFO GPL-0044] Average top 1.0% routing congestion: 1.0793
[INFO GPL-0045] Average top 2.0% routing congestion: 1.0486
[INFO GPL-0046] Average top 5.0% routing congestion: 1.0025
[INFO GPL-0047] Routability iteration weighted routing congestion: 1.0936
[INFO GPL-0049] Routing congestion (1.0936) higher than minimum (1.0934). Consecutive non-improvement count: 2.
[INFO GPL-0086] Inflated area:                7750.037 um^2 (+0.40%)
[INFO GPL-0052] Placement target density:       0.5604
[INFO GPL-0076] Removing fillers, count: Before: 0, After: 0 (+0.00%)
[INFO GPL-0077] Filler area (um^2)     : Before: 0.000, After: 0.000 (+0.00%)
[INFO GPL-0078] Removed fillers count: 0, area removed: 0.000 um^2. Remaining area to be compensated by modifying density: 7750.037 um^2
[INFO GPL-0079] New target density: 0.5626496
[INFO GPL-0058] White space area:           3468681.741 um^2 (+0.00%)
[INFO GPL-0059] Movable instances area:     1951652.512 um^2 (+0.40%)
[INFO GPL-0060] Total filler area:               0.000 um^2 (+0.00%)
[INFO GPL-0061] Total non-inflated area:    1951652.424 um^2 (+0.40%)
[INFO GPL-0062] Total inflated area:        1959402.460 um^2 (+0.40%)
[INFO GPL-0063] New Target Density:             0.5626
[INFO GPL-0087] Routability end iteration: increase inflation and revert back to snapshot.
Iteration | Overflow |     HPWL (um) |  HPWL(%) |   Penalty | Group
---------------------------------------------------------------
     1920 |   0.6087 |  4.547764e+06 |  -14.92% |  5.44e-10 |      
     1930 |   0.5829 |  4.748416e+06 |   +4.41% |  7.87e-10 |      
     1940 |   0.5640 |  4.915370e+06 |   +3.52% |  1.14e-09 |      
     1950 |   0.5304 |  5.008148e+06 |   +1.89% |  1.67e-09 |      
     1960 |   0.4986 |  5.027835e+06 |   +0.39% |  2.45e-09 |      
     1970 |   0.4647 |  5.106248e+06 |   +1.56% |  3.59e-09 |      
     1980 |   0.4263 |  5.152001e+06 |   +0.90% |  5.27e-09 |      
     1990 |   0.3983 |  5.194207e+06 |   +0.82% |  7.74e-09 |      
     2000 |   0.3634 |  5.307314e+06 |   +2.18% |  1.13e-08 |      
     2010 |   0.3397 |  5.351329e+06 |   +0.83% |  1.66e-08 |      
     2020 |   0.3049 |  5.366787e+06 |   +0.29% |  2.43e-08 |      
[INFO GPL-0040] Routability iteration: 15
[INFO GPL-0041] Total routing overflow: 74.4982
[INFO GPL-0042] Number of overflowed tiles: 1602 (2.12%)
[INFO GPL-0043] Average top 0.5% routing congestion: 1.1098
[INFO GPL-0044] Average top 1.0% routing congestion: 1.0804
[INFO GPL-0045] Average top 2.0% routing congestion: 1.0492
[INFO GPL-0046] Average top 5.0% routing congestion: 1.0024
[INFO GPL-0047] Routability iteration weighted routing congestion: 1.0951
[INFO GPL-0049] Routing congestion (1.0951) higher than minimum (1.0934). Consecutive non-improvement count: 3.
[INFO GPL-0086] Inflated area:                7760.775 um^2 (+0.40%)
[INFO GPL-0052] Placement target density:       0.5626
[INFO GPL-0076] Removing fillers, count: Before: 0, After: 0 (+0.00%)
[INFO GPL-0077] Filler area (um^2)     : Before: 0.000, After: 0.000 (+0.00%)
[INFO GPL-0078] Removed fillers count: 0, area removed: 0.000 um^2. Remaining area to be compensated by modifying density: 7760.776 um^2
[INFO GPL-0079] New target density: 0.564887
[INFO GPL-0054] No improvement in routing congestion for 3 consecutive iterations (limit is 3).
[INFO GPL-0055] Reverting inflation values and target density from the iteration with minimum observed routing congestion.
[INFO GPL-0056] Minimum observed routing congestion: 1.0934
[INFO GPL-0057] Target density at minimum routing congestion: 0.5582
[INFO GPL-0080] Restoring 580 previously removed fillers.
[INFO GPL-0081] Number of fillers before restoration 0 and after 580 . Relative change: +0.00%%
[INFO GPL-0082] Total filler area before restoration 0.00 and after 9078.16 (um^2). Relative change: +0.00%%
[INFO GPL-0089] Routability finished. Reverting to minimal observed routing congestion, could not reach target.
Iteration | Overflow |     HPWL (um) |  HPWL(%) |   Penalty | Group
---------------------------------------------------------------
     2030 |   0.6097 |  4.448039e+06 |  -17.12% |  5.08e-10 |      
     2040 |   0.5848 |  4.653300e+06 |   +4.61% |  7.35e-10 |      
     2050 |   0.5655 |  4.829680e+06 |   +3.79% |  1.07e-09 |      
     2060 |   0.5345 |  4.943270e+06 |   +2.35% |  1.55e-09 |      
     2070 |   0.4992 |  4.971755e+06 |   +0.58% |  2.28e-09 |      
     2080 |   0.4700 |  5.033901e+06 |   +1.25% |  3.35e-09 |      
     2090 |   0.4302 |  5.114196e+06 |   +1.60% |  4.89e-09 |      
     2100 |   0.4013 |  5.135789e+06 |   +0.42% |  7.19e-09 |      
     2110 |   0.3660 |  5.239724e+06 |   +2.02% |  1.05e-08 |      
     2120 |   0.3431 |  5.284170e+06 |   +0.85% |  1.54e-08 |      
     2130 |   0.3082 |  5.319351e+06 |   +0.67% |  2.26e-08 |      
     2140 |   0.2754 |  5.279142e+06 |   -0.76% |  3.33e-08 |      
     2150 |   0.2503 |  5.253935e+06 |   -0.48% |  4.91e-08 |      
     2160 |   0.2222 |  5.203777e+06 |   -0.95% |  7.23e-08 |      
     2170 |   0.1965 |  5.154582e+06 |   -0.95% |  1.07e-07 |      
[INFO GPL-0100] Timing-driven iteration 2/2, virtual: false.
[INFO GPL-0101]    Iter: 2172, overflow: 0.195, keep resizer changes at: 1, HPWL: 5148822404
Iteration |   Area    | Resized | Buffers | Nets repaired | Remaining
---------------------------------------------------------------------
        0 |     +0.0% |       0 |       0 |             0 |    121606
    final |     +0.1% |     142 |      94 |           162 |         0
---------------------------------------------------------------------
[INFO RSZ-0034] Found 148 slew violations.
[INFO RSZ-0036] Found 21 capacitance violations.
[INFO RSZ-0039] Resized 142 instances.
[INFO RSZ-0038] Inserted 94 buffers in 162 nets.
   Iter   |    Area   | Removed | Inserted |   Pins
          |           | Buffers | Buffers  | Remaining
-------------------------------------------------------
        0 |     +0.0% |       0 |        0 |    103847
    10300 |     +0.0% |    2716 |     3024 |     93547
    20600 |     -1.9% |    7176 |     5235 |     83247
    30900 |     -2.7% |    9957 |     6528 |     72947
    41200 |     -3.0% |   11294 |     7265 |     62647
    51500 |     -3.0% |   12086 |     7872 |     52347
    61800 |     -3.2% |   12799 |     8383 |     42047
    72100 |     -3.4% |   13985 |     9279 |     31747
    82400 |     -3.4% |   15637 |    10904 |     21447
    92700 |     -3.4% |   15951 |    11225 |     11147
   103000 |     -3.4% |   15984 |    11267 |       847
    final |     -3.4% |   16324 |    11610 |         0
-------------------------------------------------------
[INFO GPL-0106] Timing-driven: worst slack -2.8827174e-08
[INFO GPL-0107] Timing-driven: repair_design delta area: -91514.773 um^2 (-4.69%)
[INFO GPL-0108] Timing-driven: repair_design, gpl delta gcells: -4620 (-3.87%)
[INFO GPL-0109] Timing-driven: repair_design, gcells created: 11704, deleted: 16324
[INFO GPL-0110] Timing-driven: new target density: 0.5388836
Iteration | Overflow |     HPWL (um) |  HPWL(%) |   Penalty | Group
---------------------------------------------------------------
     2180 |   0.1670 |  4.966565e+06 |   -3.65% |  1.56e-07 |      
     2190 |   0.1533 |  4.852556e+06 |   -2.30% |  2.30e-07 |      
     2200 |   0.1324 |  4.812677e+06 |   -0.82% |  3.39e-07 |      
     2210 |   0.1135 |  4.790902e+06 |   -0.45% |  4.99e-07 |      
     2218 |   0.0998 |  4.773904e+06 |          |  7.07e-07 |      
---------------------------------------------------------------
[INFO GPL-1001] Global placement finished at iteration 2218
[INFO GPL-1017] Routability mode iteration count: 1740
[INFO GPL-1005] Routability final weighted congestion: 1.0403
[INFO GPL-1002] Placed Cell Area            1835644.8008
[INFO GPL-1003] Available Free Area         3468681.7408
[INFO GPL-1004] Minimum Feasible Density        0.4500 (cell_area / free_area)
[INFO GPL-1006]   Suggested Target Densities:
[INFO GPL-1007]     - For 90% usage of free space: 0.5880
[INFO GPL-1008]     - For 80% usage of free space: 0.6615
[INFO GPL-1011] Original area (um^2): 1534635.92
[INFO GPL-1012] Total routability artificial inflation: 242712.11 (+15.82%)
[INFO GPL-1013] Total timing-driven delta area: 58296.78 (+3.80%)
[INFO GPL-1014] Final placement area: 1835644.80 (+19.61%)
Took 123 seconds: global_placement -density 0.514999989271164 -pad_left 0 -pad_right 0 -routability_driven -timing_driven -force_center_initial_place -min_phi_coef 0.95 -max_phi_coef 1.05
estimate_parasitics -placement
Report metrics stage 3, global place...

==========================================================================
global place report_design_area
--------------------------------------------------------------------------
Design area 1606751 um^2 46% utilization.
write_db /Users/shubhanshu/Desktop/Nebula/digital/artifacts/model_ppa_20260912/pnr_gemini_flash/results/sky130hd/nebula_bench/gemini_flash/3_3_place_gp.odb
Elapsed time: 2:41.02[h:]min:sec. CPU time: user 227.32 sys 91.47 (197%). Peak memory: 1245808KB.
Log                       Ext     Elapsed/s Peak Memory/MB sha1sum result [0:20)
3_3_place_gp              .odb          161           1216 c662c7f2906c97f76c35
/Users/shubhanshu/Desktop/Nebula/digital/orfs/flow/scripts/flow.sh 3_4_place_resized resize
Running resize.tcl, stage 3_4_place_resized
read_liberty /Users/shubhanshu/Desktop/Nebula/digital/orfs/flow/platforms/sky130hd/lib/sky130_fd_sc_hd__tt_025C_1v80.lib
read_db /Users/shubhanshu/Desktop/Nebula/digital/artifacts/model_ppa_20260912/pnr_gemini_flash/results/sky130hd/nebula_bench/gemini_flash/3_3_place_gp.odb
read_sdc /Users/shubhanshu/Desktop/Nebula/digital/artifacts/model_ppa_20260912/pnr_gemini_flash/results/sky130hd/nebula_bench/gemini_flash/2_floorplan.sdc
source /Users/shubhanshu/Desktop/Nebula/digital/orfs/flow/platforms/sky130hd/setRC.tcl
estimate_parasitics -placement
Perform buffer insertion and gate resizing...
repair_design -verbose -match_cell_footprint
Iteration |   Area    | Resized | Buffers | Nets repaired | Remaining
---------------------------------------------------------------------
        0 |     +0.0% |       0 |       0 |             0 |    116986
     1000 |     +0.0% |       0 |       0 |             0 |    115986
     2000 |     +0.0% |       0 |       0 |             0 |    114986
     3000 |     +0.0% |       0 |       0 |             0 |    113986
     4000 |     +0.0% |       0 |       0 |             0 |    112986
     5000 |     +0.0% |       0 |       0 |             0 |    111986
     6000 |     +0.0% |       0 |       0 |             0 |    110986
     7000 |     +0.0% |       0 |       0 |             0 |    109986
     8000 |     +0.0% |       0 |       0 |             0 |    108986
     9000 |     +0.0% |       0 |       0 |             0 |    107986
    10000 |     +0.0% |       0 |       0 |             0 |    106986
    11000 |     +0.0% |       0 |       0 |             0 |    105986
    12000 |     +0.0% |       0 |       0 |             0 |    104986
    13000 |     +0.0% |       0 |       0 |             0 |    103986
    14000 |     +0.0% |       0 |       0 |             0 |    102986
    15000 |     +0.0% |       0 |       0 |             0 |    101986
    16000 |     +0.0% |       0 |       0 |             0 |    100986
    17000 |     +0.0% |       0 |       0 |             0 |     99986
    18000 |     +0.0% |       0 |       0 |             0 |     98986
    19000 |     +0.0% |       0 |       0 |             0 |     97986
    20000 |     +0.0% |       0 |       0 |             0 |     96986
    21000 |     +0.0% |       0 |       0 |             0 |     95986
    22000 |     +0.0% |       0 |       0 |             0 |     94986
    23000 |     +0.0% |       0 |       0 |             0 |     93986
    24000 |     +0.0% |       1 |       1 |             1 |     92986
    25000 |     +0.0% |       1 |       1 |             1 |     91986
    26000 |     +0.0% |       1 |       1 |             1 |     90986
    27000 |     +0.0% |       1 |       1 |             1 |     89986
    28000 |     +0.0% |       1 |       1 |             1 |     88986
    29000 |     +0.0% |       1 |       1 |             1 |     87986
    30000 |     +0.0% |       1 |       1 |             1 |     86986
    31000 |     +0.0% |       1 |       1 |             1 |     85986
    32000 |     +0.0% |       2 |       2 |             2 |     84986
    33000 |     +0.0% |       2 |       2 |             2 |     83986
    34000 |     +0.0% |       2 |       2 |             2 |     82986
    35000 |     +0.0% |       2 |       2 |             2 |     81986
    36000 |     +0.0% |       3 |       2 |             3 |     80986
    37000 |     +0.0% |       4 |       3 |             4 |     79986
    38000 |     +0.0% |       4 |       3 |             4 |     78986
    39000 |     +0.0% |       4 |       3 |             4 |     77986
    40000 |     +0.0% |       4 |       3 |             4 |     76986
    41000 |     +0.0% |       4 |       3 |             4 |     75986
    42000 |     +0.0% |       4 |       3 |             4 |     74986
    43000 |     +0.0% |       4 |       3 |             4 |     73986
    44000 |     +0.0% |       4 |       3 |             4 |     72986
    45000 |     +0.0% |       4 |       3 |             4 |     71986
    46000 |     +0.0% |       4 |       3 |             4 |     70986
    47000 |     +0.0% |       4 |       3 |             4 |     69986
    48000 |     +0.0% |       5 |       4 |             5 |     68986
    49000 |     +0.0% |       5 |       4 |             5 |     67986
    50000 |     +0.0% |       5 |       4 |             5 |     66986
    51000 |     +0.0% |       5 |       4 |             5 |     65986
    52000 |     +0.0% |       5 |       4 |             5 |     64986
    53000 |     +0.0% |       5 |       4 |             5 |     63986
    54000 |     +0.0% |       5 |       4 |             5 |     62986
    55000 |     +0.0% |       5 |       4 |             5 |     61986
    56000 |     +0.0% |       5 |       4 |             5 |     60986
    57000 |     +0.0% |       5 |       4 |             5 |     59986
    58000 |     +0.0% |       5 |       4 |             5 |     58986
    59000 |     +0.0% |       6 |       4 |             6 |     57986
    60000 |     +0.0% |       6 |       4 |             6 |     56986
    61000 |     +0.0% |       6 |       4 |             6 |     55986
    62000 |     +0.0% |       6 |       4 |             6 |     54986
    63000 |     +0.0% |       6 |       4 |             6 |     53986
    64000 |     +0.0% |       7 |       4 |             7 |     52986
    65000 |     +0.0% |       7 |       4 |             7 |     51986
    66000 |     +0.0% |       7 |       4 |             7 |     50986
    67000 |     +0.0% |       8 |       4 |             8 |     49986
    68000 |     +0.0% |       8 |       4 |             8 |     48986
    69000 |     +0.0% |       8 |       5 |             9 |     47986
    70000 |     +0.0% |       8 |       5 |             9 |     46986
    71000 |     +0.0% |       8 |       5 |             9 |     45986
    72000 |     +0.0% |       8 |       5 |             9 |     44986
    73000 |     +0.0% |       8 |       5 |             9 |     43986
    74000 |     +0.0% |       8 |       5 |             9 |     42986
    75000 |     +0.0% |       8 |       5 |             9 |     41986
    76000 |     +0.0% |       8 |       5 |             9 |     40986
    77000 |     +0.0% |       8 |       5 |             9 |     39986
    78000 |     +0.0% |       8 |       5 |             9 |     38986
    79000 |     +0.0% |       8 |       5 |             9 |     37986
    80000 |     +0.0% |       8 |       5 |             9 |     36986
    81000 |     +0.0% |       8 |       5 |             9 |     35986
    82000 |     +0.0% |       8 |       5 |             9 |     34986
    83000 |     +0.0% |       8 |       5 |             9 |     33986
    84000 |     +0.0% |       8 |       5 |             9 |     32986
    85000 |     +0.0% |       8 |       5 |             9 |     31986
    86000 |     +0.0% |       8 |       5 |             9 |     30986
    87000 |     +0.0% |       9 |       5 |            10 |     29986
    88000 |     +0.0% |      10 |       6 |            11 |     28986
    89000 |     +0.0% |      10 |       6 |            11 |     27986
    90000 |     +0.0% |      11 |       6 |            12 |     26986
    91000 |     +0.0% |      11 |       6 |            12 |     25986
    92000 |     +0.0% |      11 |       6 |            12 |     24986
    93000 |     +0.0% |      11 |       6 |            12 |     23986
    94000 |     +0.0% |      11 |       6 |            12 |     22986
    95000 |     +0.0% |      11 |       6 |            12 |     21986
    96000 |     +0.0% |      11 |       6 |            12 |     20986
    97000 |     +0.0% |      11 |       6 |            12 |     19986
    98000 |     +0.0% |      11 |       6 |            12 |     18986
    99000 |     +0.0% |      11 |       6 |            12 |     17986
   100000 |     +0.0% |      11 |       6 |            12 |     16986
   101000 |     +0.0% |      11 |       6 |            12 |     15986
   102000 |     +0.0% |      11 |       6 |            12 |     14986
   103000 |     +0.0% |      11 |       6 |            12 |     13986
   104000 |     +0.0% |      11 |       6 |            12 |     12986
   105000 |     +0.0% |      11 |       6 |            12 |     11986
   106000 |     +0.0% |      11 |       6 |            12 |     10986
   107000 |     +0.0% |      11 |       6 |            12 |      9986
   108000 |     +0.0% |      11 |       6 |            12 |      8986
   109000 |     +0.0% |      11 |       6 |            12 |      7986
   110000 |     +0.0% |      11 |       6 |            12 |      6986
   111000 |     +0.0% |      11 |       6 |            12 |      5986
   112000 |     +0.0% |      11 |       6 |            12 |      4986
   113000 |     +0.0% |      11 |       6 |            12 |      3986
   114000 |     +0.0% |      11 |       6 |            12 |      2986
   115000 |     +0.0% |      11 |       6 |            12 |      1986
   116000 |     +0.0% |      11 |       6 |            12 |       986
    final |     +0.0% |      11 |       6 |            12 |         0
---------------------------------------------------------------------
[INFO RSZ-0034] Found 11 slew violations.
[INFO RSZ-0036] Found 1 capacitance violations.
[INFO RSZ-0039] Resized 11 instances.
[INFO RSZ-0038] Inserted 6 buffers in 12 nets.
[INFO RSZ-0504] Runtime: 8.42s
Took 8 seconds: repair_design -verbose -match_cell_footprint
Floating nets: 
Report metrics stage 3, resizer...

==========================================================================
resizer report_design_area
--------------------------------------------------------------------------
Design area 1606860 um^2 46% utilization.
Instance count before 161932, after 161938
Pin count before 430144, after 430156
write_db /Users/shubhanshu/Desktop/Nebula/digital/artifacts/model_ppa_20260912/pnr_gemini_flash/results/sky130hd/nebula_bench/gemini_flash/3_4_place_resized.odb
Elapsed time: 0:56.03[h:]min:sec. CPU time: user 62.09 sys 25.20 (155%). Peak memory: 688128KB.
Log                       Ext     Elapsed/s Peak Memory/MB sha1sum result [0:20)
3_4_place_resized         .odb           56            672 a9aef1b1f9a5a4440632
/Users/shubhanshu/Desktop/Nebula/digital/orfs/flow/scripts/flow.sh 3_5_place_dp detail_place
Running detail_place.tcl, stage 3_5_place_dp
read_liberty /Users/shubhanshu/Desktop/Nebula/digital/orfs/flow/platforms/sky130hd/lib/sky130_fd_sc_hd__tt_025C_1v80.lib
read_db /Users/shubhanshu/Desktop/Nebula/digital/artifacts/model_ppa_20260912/pnr_gemini_flash/results/sky130hd/nebula_bench/gemini_flash/3_4_place_resized.odb
read_sdc /Users/shubhanshu/Desktop/Nebula/digital/artifacts/model_ppa_20260912/pnr_gemini_flash/results/sky130hd/nebula_bench/gemini_flash/2_floorplan.sdc
source /Users/shubhanshu/Desktop/Nebula/digital/orfs/flow/platforms/sky130hd/setRC.tcl
detailed_placement
[INFO DPL-0006] Core area: 3527558.21 um^2
[INFO DPL-0007] Movable instances area: 1547983.39 um^2
[INFO DPL-0008] Fixed instances area within core: 58876.47 um^2
[INFO DPL-0009] Utilization: 45.6%
[INFO DPL-0005] Diamond search max displacement: +/- 500 sites horizontally, +/- 100 rows vertically.
[INFO DPL-1102] Legalizing using negotiation legalizer.
[INFO DPL-1103] Negotiation base search window: +/-20 sites horizontally, +/-5 rows vertically 
	Automatic search window extension enabled.
	Search window extendable up to the max displacement cap of +/-500 sites, +/-100 rows near walls.
[INFO DPL-1104] NegotiationLegalizer DRC penalty: 5.
[INFO DPL-0392] Negotiation cell height distribution (1 unique row-count(s)):
[INFO DPL-0393]   height 1 row(s): 161938 cells
          |      Total |  Illegal |  Illegal
Iteration | Violations |    Cells |    Sites
---------------------------------------------
        0 |       2839 |       625 |      2214
        1 |         29 |         7 |        22
        2 |          0 |         0 |         0
Negotiation phase 1 converged at iteration 2.
[INFO DPL-0500] Runtime: 1.78s
Placement Analysis
---------------------------------
total displacement     367246.5 u
average displacement        2.3 u
max displacement           24.8 u
original HPWL         4774314.5 u
legalized HPWL        5021580.4 u
delta HPWL                    5 %

improve_placement -max_displacement "5 1"
Detailed placement improvement.
[INFO DPL-0401] Setting random seed to 1.
[INFO DPL-0402] Setting maximum displacement 5 1 to 13600 2720 units.
[INFO DPL-0320] Collected 47094 fixed cells.
[INFO DPL-0318] Collected 114882 single height cells.
[INFO DPL-0321] Collected 0 wide cells.
[INFO DPL-0322] Image (10120, 10880) - (1889680, 1887680)
[INFO DPL-0310] Assigned 114882 cells into segments.  Movement in X-direction is 0.000000, movement in Y-direction is 0.000000.
[INFO DPL-0313] Found 0 cells in wrong regions.
[INFO DPL-0315] Found 0 row alignment problems.
[INFO DPL-0314] Found 0 site alignment problems.
[INFO DPL-0311] Found 0 overlaps between adjacent cells.
[INFO DPL-0312] Found 0 edge spacing violations and 0 padding violations.
[INFO DPL-0303] Running algorithm for independent set matching.
[INFO DPL-0300] Set matching objective is wirelength.
[INFO DPL-0301] Pass   1 of matching; objective is 5.022154e+09.
[INFO DPL-0302] End of matching; objective is 5.021067e+09, improvement is 0.02 percent.
[INFO DPL-0303] Running algorithm for global swaps.
[INFO DPL-0306] Pass   1 of global swaps; hpwl is 4.956625e+09.
[INFO DPL-0306] Pass   2 of global swaps; hpwl is 4.944793e+09.
[INFO DPL-0307] End of global swaps; objective is 4.944793e+09, improvement is 1.52 percent.
[INFO DPL-0303] Running algorithm for vertical swaps.
[INFO DPL-0308] Pass   1 of vertical swaps; hpwl is 4.929090e+09.
[INFO DPL-0309] End of vertical swaps; objective is 4.929090e+09, improvement is 0.32 percent.
[INFO DPL-0303] Running algorithm for reordering.
[INFO DPL-0304] Pass   1 of reordering; objective is 4.928054e+09.
[INFO DPL-0305] End of reordering; objective is 4.928054e+09, improvement is 0.02 percent.
[INFO DPL-0303] Running algorithm for random improvement.
[INFO DPL-0324] Random improver is using random generator.
[INFO DPL-0325] Random improver is using hpwl objective.
[INFO DPL-0326] Random improver cost string is (a).
[INFO DPL-0332] End of pass, Generator random called 2297640 times.
[INFO DPL-0335] Generator random, Cumulative attempts 2297640, swaps 233183, moves 723971 since last reset.
[INFO DPL-0333] End of pass, Objective hpwl, Initial cost 4.917440e+09, Scratch cost 4.871140e+09, Incremental cost 4.871140e+09, Mismatch? N
[INFO DPL-0338] End of pass, Total cost is 4.871140e+09.
[INFO DPL-0327] Pass   1 of random improver; improvement in cost is 0.94 percent.
[INFO DPL-0328] End of random improver; improvement is 0.941537 percent.
[INFO DPL-0380] Cell flipping.
[INFO DPL-0382] Changed 0 cell orientations for row compatibility.
[INFO DPL-0383] Performed 26265 cell flips.
[INFO DPL-0384] End of flipping; objective is 4.839532e+09, improvement is 0.87 percent.
[INFO DPL-0313] Found 0 cells in wrong regions.
[INFO DPL-0315] Found 0 row alignment problems.
[INFO DPL-0314] Found 0 site alignment problems.
[INFO DPL-0311] Found 0 overlaps between adjacent cells.
[INFO DPL-0312] Found 0 edge spacing violations and 0 padding violations.
Detailed Improvement Results
------------------------------------------
Original HPWL          5021580.4 u ( 2471089.5,  2550490.9)
Final HPWL             4838692.3 u ( 2400238.8,  2438453.5)
Delta HPWL                  -3.6 % (      -2.9,       -4.4)

Took 17 seconds: improve_placement -max_displacement "5 1"
optimize_mirroring
[INFO DPL-0020] Mirrored 4755 instances
[INFO DPL-0021] HPWL before          4838692.3 u
[INFO DPL-0022] HPWL after           4837321.1 u
[INFO DPL-0023] HPWL delta               -0.0 %
[INFO FLW-0012] Placement violations .
estimate_parasitics -placement
Report metrics stage 3, detailed place...

==========================================================================
detailed place report_design_area
--------------------------------------------------------------------------
Design area 1606860 um^2 46% utilization.
write_db /Users/shubhanshu/Desktop/Nebula/digital/artifacts/model_ppa_20260912/pnr_gemini_flash/results/sky130hd/nebula_bench/gemini_flash/3_5_place_dp.odb
write_sdc -no_timestamp /Users/shubhanshu/Desktop/Nebula/digital/artifacts/model_ppa_20260912/pnr_gemini_flash/results/sky130hd/nebula_bench/gemini_flash/3_place.sdc
Elapsed time: 1:12.26[h:]min:sec. CPU time: user 76.90 sys 21.38 (136%). Peak memory: 974704KB.
Log                       Ext     Elapsed/s Peak Memory/MB sha1sum result [0:20)
3_5_place_dp              .odb           72            951 96ab579e2a8aef0e173c
cp /Users/shubhanshu/Desktop/Nebula/digital/artifacts/model_ppa_20260912/pnr_gemini_flash/results/sky130hd/nebula_bench/gemini_flash/3_5_place_dp.odb /Users/shubhanshu/Desktop/Nebula/digital/artifacts/model_ppa_20260912/pnr_gemini_flash/results/sky130hd/nebula_bench/gemini_flash/3_place.odb
/Users/shubhanshu/Desktop/Nebula/digital/orfs/flow/scripts/flow.sh 4_1_cts cts
Running cts.tcl, stage 4_1_cts
read_liberty /Users/shubhanshu/Desktop/Nebula/digital/orfs/flow/platforms/sky130hd/lib/sky130_fd_sc_hd__tt_025C_1v80.lib
read_db /Users/shubhanshu/Desktop/Nebula/digital/artifacts/model_ppa_20260912/pnr_gemini_flash/results/sky130hd/nebula_bench/gemini_flash/3_place.odb
read_sdc /Users/shubhanshu/Desktop/Nebula/digital/artifacts/model_ppa_20260912/pnr_gemini_flash/results/sky130hd/nebula_bench/gemini_flash/3_place.sdc
source /Users/shubhanshu/Desktop/Nebula/digital/orfs/flow/platforms/sky130hd/setRC.tcl
clock_tree_synthesis -sink_clustering_enable -repair_clock_nets
[INFO CTS-0050] Root buffer is sky130_fd_sc_hd__clkbuf_16.
[INFO CTS-0051] Sink buffer is sky130_fd_sc_hd__clkbuf_16.
[INFO CTS-0052] The following clock buffers will be used for CTS:
                    sky130_fd_sc_hd__clkbuf_16
[INFO CTS-0049] Characterization buffer is sky130_fd_sc_hd__clkbuf_16.
[INFO CTS-0007] Net "clk1" found for clock "clk1".
[INFO CTS-0011]  Clock net "clk1" for macros has 2 sinks.
[INFO CTS-0011]  Clock net "clk1_regs" for registers has 28501 sinks.
[INFO CTS-0007] Net "clk2" found for clock "clk2".
[WARNING CTS-0041] Net "clk2" has 1 sinks. Skipping...
[INFO CTS-0007] Net "clk3" found for clock "clk3".
[WARNING CTS-0041] Net "clk3" has 1 sinks. Skipping...
[INFO CTS-0007] Net "clk4" found for clock "clk4".
[WARNING CTS-0041] Net "clk4" has 1 sinks. Skipping...
[INFO CTS-0007] Net "clk5" found for clock "clk5".
[WARNING CTS-0041] Net "clk5" has 1 sinks. Skipping...
[INFO CTS-0007] Net "clk_s1_gate" found for clock "clk_s1_gate".
[INFO CTS-0011]  Clock net "clk_s1_gate" for macros has 1 sinks.
[INFO CTS-0011]  Clock net "clk_s1_gate_regs" for registers has 3 sinks.
[INFO CTS-0007] Net "clk_s2_gate" found for clock "clk_s2_gate".
[INFO CTS-0011]  Clock net "clk_s2_gate" for macros has 1 sinks.
[INFO CTS-0011]  Clock net "clk_s2_gate_regs" for registers has 3 sinks.
[INFO CTS-0007] Net "clk_s5_gate" found for clock "clk_s5_gate".
[INFO CTS-0011]  Clock net "clk_s5_gate" for macros has 1 sinks.
[INFO CTS-0011]  Clock net "clk_s5_gate_regs" for registers has 3 sinks.
[INFO CTS-0007] Net "clk_s4_gate" found for clock "clk_s4_gate".
[INFO CTS-0011]  Clock net "clk_s4_gate" for macros has 1 sinks.
[INFO CTS-0011]  Clock net "clk_s4_gate_regs" for registers has 3 sinks.
[INFO CTS-0007] Net "clk_s3" found for clock "clk_s3".
[INFO CTS-0010]  Clock net "clk_s3" has 431 sinks.
[INFO CTS-0007] Net "clk_s8" found for clock "clk_s8".
[INFO CTS-0010]  Clock net "clk_s8" has 2137 sinks.
[INFO CTS-0007] Net "clk_s1" found for clock "clk_s1".
[INFO CTS-0010]  Clock net "clk_s1" has 639 sinks.
[INFO CTS-0007] Net "clk_s2" found for clock "clk_s2".
[INFO CTS-0010]  Clock net "clk_s2" has 1054 sinks.
[INFO CTS-0007] Net "clk_s5" found for clock "clk_s5".
[INFO CTS-0010]  Clock net "clk_s5" has 557 sinks.
[INFO CTS-0007] Net "clk_s4" found for clock "clk_s4".
[INFO CTS-0010]  Clock net "clk_s4" has 678 sinks.
[INFO CTS-0008] TritonCTS found 16 clock nets.
[INFO CTS-0097] Characterization used 1 buffer(s) types.
[INFO CTS-0201] 0 blockages from hard placement blockages and placed macros will be used.
[INFO CTS-0027] Generating H-Tree topology for net clk1.
[INFO CTS-0028]  Total number of sinks: 2.
[INFO CTS-0060]  Macro  sinks will be clustered in groups of up to 4 and based on buffer max cap.
[INFO CTS-0030]  Number of static layers: 0.
[INFO CTS-0020]  Wire segment unit: 13600  dbu (13 um).
[INFO CTS-0023]  Original sink region: [(416406, 1117867), (476929, 1321972)].
[INFO CTS-0024]  Normalized sink region: [(30.6181, 82.1961), (35.0683, 97.2038)].
[INFO CTS-0025]     Width:  4.4502.
[INFO CTS-0026]     Height: 15.0077.
 Level 1
    Direction: Vertical
    Sinks per sub-region: 1
    Sub-region size: 4.4502 X 7.5039
[INFO CTS-0034]     Segment length (rounded): 4.
[INFO CTS-0038]  Stop criterion found. Sink region hpwl is smaller than max wirelength (1911.535 um) and max number of sinks is 15.
[INFO CTS-0035]  Number of sinks covered: 2.
[INFO CTS-0201] 0 blockages from hard placement blockages and placed macros will be used.
[INFO CTS-0027] Generating H-Tree topology for net clk1_regs.
[INFO CTS-0028]  Total number of sinks: 28501.
[INFO CTS-0060]  Register sinks will be clustered in groups of up to 20 and based on buffer max cap.
[INFO CTS-0030]  Number of static layers: 0.
[INFO CTS-0020]  Wire segment unit: 13600  dbu (13 um).
[INFO CTS-0204] A clustering solution was found from clustering size of 20 and max clustering diameter of 183.
[INFO CTS-0205] Better solution may be possible if either -sink_clustering_size, -sink_clustering_max_diameter, or both options are omitted to enable automatic clustering.
[INFO CTS-0019]  Total number of sinks after clustering: 2780.
[INFO CTS-0024]  Normalized sink region: [(1.00449, 1.52), (137.883, 138.267)].
[INFO CTS-0025]     Width:  136.8784.
[INFO CTS-0026]     Height: 136.7467.
 Level 1
    Direction: Horizontal
    Sinks per sub-region: 1390
    Sub-region size: 68.4392 X 136.7467
[INFO CTS-0034]     Segment length (rounded): 34.
 Level 2
    Direction: Vertical
    Sinks per sub-region: 695
    Sub-region size: 68.4392 X 68.3733
[INFO CTS-0034]     Segment length (rounded): 34.
 Level 3
    Direction: Horizontal
    Sinks per sub-region: 348
    Sub-region size: 34.2196 X 68.3733
[INFO CTS-0034]     Segment length (rounded): 18.
 Level 4
    Direction: Vertical
    Sinks per sub-region: 174
    Sub-region size: 34.2196 X 34.1867
[INFO CTS-0034]     Segment length (rounded): 18.
 Level 5
    Direction: Horizontal
    Sinks per sub-region: 87
    Sub-region size: 17.1098 X 34.1867
[INFO CTS-0034]     Segment length (rounded): 8.
 Level 6
    Direction: Vertical
    Sinks per sub-region: 44
    Sub-region size: 17.1098 X 17.0933
[INFO CTS-0034]     Segment length (rounded): 8.
 Level 7
    Direction: Horizontal
    Sinks per sub-region: 22
    Sub-region size: 8.5549 X 17.0933
[INFO CTS-0034]     Segment length (rounded): 4.
 Level 8
    Direction: Vertical
    Sinks per sub-region: 11
    Sub-region size: 8.5549 X 8.5467
[INFO CTS-0034]     Segment length (rounded): 4.
[INFO CTS-0038]  Stop criterion found. Sink region hpwl is smaller than max wirelength (1911.535 um) and max number of sinks is 15.
[INFO CTS-0035]  Number of sinks covered: 2780.
[INFO CTS-0201] 0 blockages from hard placement blockages and placed macros will be used.
[INFO CTS-0027] Generating H-Tree topology for net clk_s1_gate.
[INFO CTS-0028]  Total number of sinks: 1.
[INFO CTS-0060]  Macro  sinks will be clustered in groups of up to 4 and based on buffer max cap.
[INFO CTS-0030]  Number of static layers: 0.
[INFO CTS-0020]  Wire segment unit: 13600  dbu (13 um).
[INFO CTS-0023]  Original sink region: [(254257, 1673773), (254257, 1673773)].
[INFO CTS-0024]  Normalized sink region: [(18.6954, 123.072), (18.6954, 123.072)].
[INFO CTS-0025]     Width:  0.0000.
[INFO CTS-0026]     Height: 0.0000.
 Level 1
    Direction: Vertical
    Sinks per sub-region: 1
    Sub-region size: 0.0000 X 0.0000
[INFO CTS-0034]     Segment length (rounded): 1.
[INFO CTS-0038]  Stop criterion found. Sink region hpwl is smaller than max wirelength (1911.535 um) and max number of sinks is 15.
[INFO CTS-0035]  Number of sinks covered: 1.
[INFO CTS-0201] 0 blockages from hard placement blockages and placed macros will be used.
[INFO CTS-0027] Generating H-Tree topology for net clk_s1_gate_regs.
[INFO CTS-0028]  Total number of sinks: 3.
[INFO CTS-0060]  Register sinks will be clustered in groups of up to 20 and based on buffer max cap.
[INFO CTS-0030]  Number of static layers: 0.
[INFO CTS-0020]  Wire segment unit: 13600  dbu (13 um).
[INFO CTS-0023]  Original sink region: [(928545, 1347820), (935835, 1358700)].
[INFO CTS-0024]  Normalized sink region: [(68.2754, 99.1044), (68.8114, 99.9044)].
[INFO CTS-0025]     Width:  0.5360.
[INFO CTS-0026]     Height: 0.8000.
 Level 1
    Direction: Vertical
    Sinks per sub-region: 2
    Sub-region size: 0.5360 X 0.4000
[INFO CTS-0034]     Segment length (rounded): 1.
[INFO CTS-0038]  Stop criterion found. Sink region hpwl is smaller than max wirelength (1911.535 um) and max number of sinks is 15.
[INFO CTS-0035]  Number of sinks covered: 3.
[INFO CTS-0201] 0 blockages from hard placement blockages and placed macros will be used.
[INFO CTS-0027] Generating H-Tree topology for net clk_s2_gate.
[INFO CTS-0028]  Total number of sinks: 1.
[INFO CTS-0060]  Macro  sinks will be clustered in groups of up to 4 and based on buffer max cap.
[INFO CTS-0030]  Number of static layers: 0.
[INFO CTS-0020]  Wire segment unit: 13600  dbu (13 um).
[INFO CTS-0023]  Original sink region: [(610757, 1679213), (610757, 1679213)].
[INFO CTS-0024]  Normalized sink region: [(44.9086, 123.472), (44.9086, 123.472)].
[INFO CTS-0025]     Width:  0.0000.
[INFO CTS-0026]     Height: 0.0000.
 Level 1
    Direction: Vertical
    Sinks per sub-region: 1
    Sub-region size: 0.0000 X 0.0000
[INFO CTS-0034]     Segment length (rounded): 1.
[INFO CTS-0038]  Stop criterion found. Sink region hpwl is smaller than max wirelength (1911.535 um) and max number of sinks is 15.
[INFO CTS-0035]  Number of sinks covered: 1.
[INFO CTS-0201] 0 blockages from hard placement blockages and placed macros will be used.
[INFO CTS-0027] Generating H-Tree topology for net clk_s2_gate_regs.
[INFO CTS-0028]  Total number of sinks: 3.
[INFO CTS-0060]  Register sinks will be clustered in groups of up to 20 and based on buffer max cap.
[INFO CTS-0030]  Number of static layers: 0.
[INFO CTS-0020]  Wire segment unit: 13600  dbu (13 um).
[INFO CTS-0023]  Original sink region: [(939585, 1480980), (940045, 1494700)].
[INFO CTS-0024]  Normalized sink region: [(69.0871, 108.896), (69.121, 109.904)].
[INFO CTS-0025]     Width:  0.0338.
[INFO CTS-0026]     Height: 1.0088.
 Level 1
    Direction: Vertical
    Sinks per sub-region: 2
    Sub-region size: 0.0338 X 0.5044
[INFO CTS-0034]     Segment length (rounded): 1.
[INFO CTS-0038]  Stop criterion found. Sink region hpwl is smaller than max wirelength (1911.535 um) and max number of sinks is 15.
[INFO CTS-0035]  Number of sinks covered: 3.
[INFO CTS-0201] 0 blockages from hard placement blockages and placed macros will be used.
[INFO CTS-0027] Generating H-Tree topology for net clk_s5_gate.
[INFO CTS-0028]  Total number of sinks: 1.
[INFO CTS-0060]  Macro  sinks will be clustered in groups of up to 4 and based on buffer max cap.
[INFO CTS-0030]  Number of static layers: 0.
[INFO CTS-0020]  Wire segment unit: 13600  dbu (13 um).
[INFO CTS-0023]  Original sink region: [(1108707, 1004126), (1108707, 1004126)].
[INFO CTS-0024]  Normalized sink region: [(81.5226, 73.8328), (81.5226, 73.8328)].
[INFO CTS-0025]     Width:  0.0000.
[INFO CTS-0026]     Height: 0.0000.
 Level 1
    Direction: Vertical
    Sinks per sub-region: 1
    Sub-region size: 0.0000 X 0.0000
[INFO CTS-0034]     Segment length (rounded): 1.
[INFO CTS-0038]  Stop criterion found. Sink region hpwl is smaller than max wirelength (1911.535 um) and max number of sinks is 15.
[INFO CTS-0035]  Number of sinks covered: 1.
[INFO CTS-0201] 0 blockages from hard placement blockages and placed macros will be used.
[INFO CTS-0027] Generating H-Tree topology for net clk_s5_gate_regs.
[INFO CTS-0028]  Total number of sinks: 3.
[INFO CTS-0060]  Register sinks will be clustered in groups of up to 20 and based on buffer max cap.
[INFO CTS-0030]  Number of static layers: 0.
[INFO CTS-0020]  Wire segment unit: 13600  dbu (13 um).
[INFO CTS-0023]  Original sink region: [(923025, 1263380), (926245, 1274260)].
[INFO CTS-0024]  Normalized sink region: [(67.8695, 92.8956), (68.1062, 93.6956)].
[INFO CTS-0025]     Width:  0.2368.
[INFO CTS-0026]     Height: 0.8000.
 Level 1
    Direction: Vertical
    Sinks per sub-region: 2
    Sub-region size: 0.2368 X 0.4000
[INFO CTS-0034]     Segment length (rounded): 1.
[INFO CTS-0038]  Stop criterion found. Sink region hpwl is smaller than max wirelength (1911.535 um) and max number of sinks is 15.
[INFO CTS-0035]  Number of sinks covered: 3.
[INFO CTS-0201] 0 blockages from hard placement blockages and placed macros will be used.
[INFO CTS-0027] Generating H-Tree topology for net clk_s4_gate.
[INFO CTS-0028]  Total number of sinks: 1.
[INFO CTS-0060]  Macro  sinks will be clustered in groups of up to 4 and based on buffer max cap.
[INFO CTS-0030]  Number of static layers: 0.
[INFO CTS-0020]  Wire segment unit: 13600  dbu (13 um).
[INFO CTS-0023]  Original sink region: [(236737, 1403193), (236737, 1403193)].
[INFO CTS-0024]  Normalized sink region: [(17.4071, 103.176), (17.4071, 103.176)].
[INFO CTS-0025]     Width:  0.0000.
[INFO CTS-0026]     Height: 0.0000.
 Level 1
    Direction: Vertical
    Sinks per sub-region: 1
    Sub-region size: 0.0000 X 0.0000
[INFO CTS-0034]     Segment length (rounded): 1.
[INFO CTS-0038]  Stop criterion found. Sink region hpwl is smaller than max wirelength (1911.535 um) and max number of sinks is 15.
[INFO CTS-0035]  Number of sinks covered: 1.
[INFO CTS-0201] 0 blockages from hard placement blockages and placed macros will be used.
[INFO CTS-0027] Generating H-Tree topology for net clk_s4_gate_regs.
[INFO CTS-0028]  Total number of sinks: 3.
[INFO CTS-0060]  Register sinks will be clustered in groups of up to 20 and based on buffer max cap.
[INFO CTS-0030]  Number of static layers: 0.
[INFO CTS-0020]  Wire segment unit: 13600  dbu (13 um).
[INFO CTS-0023]  Original sink region: [(915205, 1323220), (920655, 1339540)].
[INFO CTS-0024]  Normalized sink region: [(67.2945, 97.2956), (67.6952, 98.4956)].
[INFO CTS-0025]     Width:  0.4007.
[INFO CTS-0026]     Height: 1.2000.
 Level 1
    Direction: Vertical
    Sinks per sub-region: 2
    Sub-region size: 0.4007 X 0.6000
[INFO CTS-0034]     Segment length (rounded): 1.
[INFO CTS-0038]  Stop criterion found. Sink region hpwl is smaller than max wirelength (1911.535 um) and max number of sinks is 15.
[INFO CTS-0035]  Number of sinks covered: 3.
[INFO CTS-0201] 0 blockages from hard placement blockages and placed macros will be used.
[INFO CTS-0027] Generating H-Tree topology for net clk_s3.
[INFO CTS-0028]  Total number of sinks: 431.
[INFO CTS-0060]  Register sinks will be clustered in groups of up to 20 and based on buffer max cap.
[INFO CTS-0030]  Number of static layers: 0.
[INFO CTS-0020]  Wire segment unit: 13600  dbu (13 um).
[INFO CTS-0204] A clustering solution was found from clustering size of 20 and max clustering diameter of 148.
[INFO CTS-0205] Better solution may be possible if either -sink_clustering_size, -sink_clustering_max_diameter, or both options are omitted to enable automatic clustering.
[INFO CTS-0019]  Total number of sinks after clustering: 49.
[INFO CTS-0024]  Normalized sink region: [(20.4771, 86.9031), (49.6623, 107.221)].
[INFO CTS-0025]     Width:  29.1852.
[INFO CTS-0026]     Height: 20.3177.
 Level 1
    Direction: Horizontal
    Sinks per sub-region: 25
    Sub-region size: 14.5926 X 20.3177
[INFO CTS-0034]     Segment length (rounded): 8.
 Level 2
    Direction: Vertical
    Sinks per sub-region: 13
    Sub-region size: 14.5926 X 10.1589
[INFO CTS-0034]     Segment length (rounded): 6.
[INFO CTS-0038]  Stop criterion found. Sink region hpwl is smaller than max wirelength (1911.535 um) and max number of sinks is 15.
[INFO CTS-0035]  Number of sinks covered: 49.
[INFO CTS-0201] 0 blockages from hard placement blockages and placed macros will be used.
[INFO CTS-0027] Generating H-Tree topology for net clk_s8.
[INFO CTS-0028]  Total number of sinks: 2137.
[INFO CTS-0060]  Register sinks will be clustered in groups of up to 20 and based on buffer max cap.
[INFO CTS-0030]  Number of static layers: 0.
[INFO CTS-0020]  Wire segment unit: 13600  dbu (13 um).
[INFO CTS-0204] A clustering solution was found from clustering size of 20 and max clustering diameter of 127.
[INFO CTS-0205] Better solution may be possible if either -sink_clustering_size, -sink_clustering_max_diameter, or both options are omitted to enable automatic clustering.
[INFO CTS-0019]  Total number of sinks after clustering: 187.
[INFO CTS-0024]  Normalized sink region: [(1.26005, 63.8985), (58.2006, 99.6106)].
[INFO CTS-0025]     Width:  56.9406.
[INFO CTS-0026]     Height: 35.7121.
 Level 1
    Direction: Horizontal
    Sinks per sub-region: 94
    Sub-region size: 28.4703 X 35.7121
[INFO CTS-0034]     Segment length (rounded): 14.
 Level 2
    Direction: Vertical
    Sinks per sub-region: 47
    Sub-region size: 28.4703 X 17.8560
[INFO CTS-0034]     Segment length (rounded): 8.
 Level 3
    Direction: Horizontal
    Sinks per sub-region: 24
    Sub-region size: 14.2351 X 17.8560
[INFO CTS-0034]     Segment length (rounded): 8.
 Level 4
    Direction: Vertical
    Sinks per sub-region: 12
    Sub-region size: 14.2351 X 8.9280
[INFO CTS-0034]     Segment length (rounded): 4.
[INFO CTS-0038]  Stop criterion found. Sink region hpwl is smaller than max wirelength (1911.535 um) and max number of sinks is 15.
[INFO CTS-0035]  Number of sinks covered: 187.
[INFO CTS-0201] 0 blockages from hard placement blockages and placed macros will be used.
[INFO CTS-0027] Generating H-Tree topology for net clk_s1.
[INFO CTS-0028]  Total number of sinks: 639.
[INFO CTS-0060]  Register sinks will be clustered in groups of up to 20 and based on buffer max cap.
[INFO CTS-0030]  Number of static layers: 0.
[INFO CTS-0020]  Wire segment unit: 13600  dbu (13 um).
[INFO CTS-0204] A clustering solution was found from clustering size of 20 and max clustering diameter of 75.
[INFO CTS-0205] Better solution may be possible if either -sink_clustering_size, -sink_clustering_max_diameter, or both options are omitted to enable automatic clustering.
[INFO CTS-0019]  Total number of sinks after clustering: 63.
[INFO CTS-0024]  Normalized sink region: [(8.5464, 112.6), (27.7664, 133.191)].
[INFO CTS-0025]     Width:  19.2200.
[INFO CTS-0026]     Height: 20.5913.
 Level 1
    Direction: Vertical
    Sinks per sub-region: 32
    Sub-region size: 19.2200 X 10.2957
[INFO CTS-0034]     Segment length (rounded): 6.
 Level 2
    Direction: Horizontal
    Sinks per sub-region: 16
    Sub-region size: 9.6100 X 10.2957
[INFO CTS-0034]     Segment length (rounded): 4.
 Level 3
    Direction: Vertical
    Sinks per sub-region: 8
    Sub-region size: 9.6100 X 5.1478
[INFO CTS-0034]     Segment length (rounded): 2.
[INFO CTS-0038]  Stop criterion found. Sink region hpwl is smaller than max wirelength (1911.535 um) and max number of sinks is 15.
[INFO CTS-0035]  Number of sinks covered: 63.
[INFO CTS-0201] 0 blockages from hard placement blockages and placed macros will be used.
[INFO CTS-0027] Generating H-Tree topology for net clk_s2.
[INFO CTS-0028]  Total number of sinks: 1054.
[INFO CTS-0060]  Register sinks will be clustered in groups of up to 20 and based on buffer max cap.
[INFO CTS-0030]  Number of static layers: 0.
[INFO CTS-0020]  Wire segment unit: 13600  dbu (13 um).
[INFO CTS-0204] A clustering solution was found from clustering size of 20 and max clustering diameter of 138.
[INFO CTS-0205] Better solution may be possible if either -sink_clustering_size, -sink_clustering_max_diameter, or both options are omitted to enable automatic clustering.
[INFO CTS-0019]  Total number of sinks after clustering: 98.
[INFO CTS-0024]  Normalized sink region: [(33.2526, 109.368), (56.2402, 137.499)].
[INFO CTS-0025]     Width:  22.9876.
[INFO CTS-0026]     Height: 28.1310.
 Level 1
    Direction: Vertical
    Sinks per sub-region: 49
    Sub-region size: 22.9876 X 14.0655
[INFO CTS-0034]     Segment length (rounded): 8.
 Level 2
    Direction: Horizontal
    Sinks per sub-region: 25
    Sub-region size: 11.4938 X 14.0655
[INFO CTS-0034]     Segment length (rounded): 6.
 Level 3
    Direction: Vertical
    Sinks per sub-region: 13
    Sub-region size: 11.4938 X 7.0327
[INFO CTS-0034]     Segment length (rounded): 4.
[INFO CTS-0038]  Stop criterion found. Sink region hpwl is smaller than max wirelength (1911.535 um) and max number of sinks is 15.
[INFO CTS-0035]  Number of sinks covered: 98.
[INFO CTS-0201] 0 blockages from hard placement blockages and placed macros will be used.
[INFO CTS-0027] Generating H-Tree topology for net clk_s5.
[INFO CTS-0028]  Total number of sinks: 557.
[INFO CTS-0060]  Register sinks will be clustered in groups of up to 20 and based on buffer max cap.
[INFO CTS-0030]  Number of static layers: 0.
[INFO CTS-0020]  Wire segment unit: 13600  dbu (13 um).
[INFO CTS-0204] A clustering solution was found from clustering size of 20 and max clustering diameter of 149.
[INFO CTS-0205] Better solution may be possible if either -sink_clustering_size, -sink_clustering_max_diameter, or both options are omitted to enable automatic clustering.
[INFO CTS-0019]  Total number of sinks after clustering: 51.
[INFO CTS-0024]  Normalized sink region: [(50.3154, 55.9662), (110.848, 92.1507)].
[INFO CTS-0025]     Width:  60.5325.
[INFO CTS-0026]     Height: 36.1846.
 Level 1
    Direction: Horizontal
    Sinks per sub-region: 26
    Sub-region size: 30.2662 X 36.1846
[INFO CTS-0034]     Segment length (rounded): 16.
 Level 2
    Direction: Vertical
    Sinks per sub-region: 13
    Sub-region size: 30.2662 X 18.0923
[INFO CTS-0034]     Segment length (rounded): 10.
[INFO CTS-0038]  Stop criterion found. Sink region hpwl is smaller than max wirelength (1911.535 um) and max number of sinks is 15.
[INFO CTS-0035]  Number of sinks covered: 51.
[INFO CTS-0201] 0 blockages from hard placement blockages and placed macros will be used.
[INFO CTS-0027] Generating H-Tree topology for net clk_s4.
[INFO CTS-0028]  Total number of sinks: 678.
[INFO CTS-0060]  Register sinks will be clustered in groups of up to 20 and based on buffer max cap.
[INFO CTS-0030]  Number of static layers: 0.
[INFO CTS-0020]  Wire segment unit: 13600  dbu (13 um).
[INFO CTS-0204] A clustering solution was found from clustering size of 20 and max clustering diameter of 77.
[INFO CTS-0205] Better solution may be possible if either -sink_clustering_size, -sink_clustering_max_diameter, or both options are omitted to enable automatic clustering.
[INFO CTS-0019]  Total number of sinks after clustering: 62.
[INFO CTS-0024]  Normalized sink region: [(5.59604, 94.8101), (28.709, 111.115)].
[INFO CTS-0025]     Width:  23.1129.
[INFO CTS-0026]     Height: 16.3050.
 Level 1
    Direction: Horizontal
    Sinks per sub-region: 31
    Sub-region size: 11.5565 X 16.3050
[INFO CTS-0034]     Segment length (rounded): 6.
 Level 2
    Direction: Vertical
    Sinks per sub-region: 16
    Sub-region size: 11.5565 X 8.1525
[INFO CTS-0034]     Segment length (rounded): 4.
 Level 3
    Direction: Horizontal
    Sinks per sub-region: 8
    Sub-region size: 5.7782 X 8.1525
[INFO CTS-0034]     Segment length (rounded): 2.
[INFO CTS-0038]  Stop criterion found. Sink region hpwl is smaller than max wirelength (1911.535 um) and max number of sinks is 15.
[INFO CTS-0035]  Number of sinks covered: 62.
[INFO CTS-0018]     Created 3 clock buffers.
[INFO CTS-0012]     Minimum number of buffers in the clock path: 2.
[INFO CTS-0013]     Maximum number of buffers in the clock path: 2.
[INFO CTS-0015]     Created 3 clock nets.
[INFO CTS-0016]     Fanout distribution for the current clock = 1:2..
[INFO CTS-0017]     Max level of the clock tree: 1.
[INFO CTS-0018]     Created 3067 clock buffers.
[INFO CTS-0012]     Minimum number of buffers in the clock path: 7.
[INFO CTS-0013]     Maximum number of buffers in the clock path: 7.
[INFO CTS-0015]     Created 3067 clock nets.
[INFO CTS-0016]     Fanout distribution for the current clock = 2:7, 3:8, 4:14, 5:25, 6:44, 7:78, 8:171, 9:441, 10:830, 11:806, 12:403, 13:121, 14:41, 15:21, 16:14, 17:5, 18:1, 19:1, 20:2, 21:1, 22:2..
[INFO CTS-0017]     Max level of the clock tree: 8.
[INFO CTS-0018]     Created 2 clock buffers.
[INFO CTS-0012]     Minimum number of buffers in the clock path: 2.
[INFO CTS-0013]     Maximum number of buffers in the clock path: 2.
[INFO CTS-0015]     Created 2 clock nets.
[INFO CTS-0016]     Fanout distribution for the current clock = 1:1..
[INFO CTS-0017]     Max level of the clock tree: 1.
[INFO CTS-0018]     Created 3 clock buffers.
[INFO CTS-0012]     Minimum number of buffers in the clock path: 2.
[INFO CTS-0013]     Maximum number of buffers in the clock path: 2.
[INFO CTS-0015]     Created 3 clock nets.
[INFO CTS-0016]     Fanout distribution for the current clock = 1:1, 2:1..
[INFO CTS-0017]     Max level of the clock tree: 1.
[INFO CTS-0018]     Created 2 clock buffers.
[INFO CTS-0012]     Minimum number of buffers in the clock path: 2.
[INFO CTS-0013]     Maximum number of buffers in the clock path: 2.
[INFO CTS-0015]     Created 2 clock nets.
[INFO CTS-0016]     Fanout distribution for the current clock = 1:1..
[INFO CTS-0017]     Max level of the clock tree: 1.
[INFO CTS-0018]     Created 3 clock buffers.
[INFO CTS-0012]     Minimum number of buffers in the clock path: 2.
[INFO CTS-0013]     Maximum number of buffers in the clock path: 2.
[INFO CTS-0015]     Created 3 clock nets.
[INFO CTS-0016]     Fanout distribution for the current clock = 1:1, 2:1..
[INFO CTS-0017]     Max level of the clock tree: 1.
[INFO CTS-0018]     Created 2 clock buffers.
[INFO CTS-0012]     Minimum number of buffers in the clock path: 2.
[INFO CTS-0013]     Maximum number of buffers in the clock path: 2.
[INFO CTS-0015]     Created 2 clock nets.
[INFO CTS-0016]     Fanout distribution for the current clock = 1:1..
[INFO CTS-0017]     Max level of the clock tree: 1.
[INFO CTS-0018]     Created 3 clock buffers.
[INFO CTS-0012]     Minimum number of buffers in the clock path: 2.
[INFO CTS-0013]     Maximum number of buffers in the clock path: 2.
[INFO CTS-0015]     Created 3 clock nets.
[INFO CTS-0016]     Fanout distribution for the current clock = 1:1, 2:1..
[INFO CTS-0017]     Max level of the clock tree: 1.
[INFO CTS-0018]     Created 2 clock buffers.
[INFO CTS-0012]     Minimum number of buffers in the clock path: 2.
[INFO CTS-0013]     Maximum number of buffers in the clock path: 2.
[INFO CTS-0015]     Created 2 clock nets.
[INFO CTS-0016]     Fanout distribution for the current clock = 1:1..
[INFO CTS-0017]     Max level of the clock tree: 1.
[INFO CTS-0018]     Created 3 clock buffers.
[INFO CTS-0012]     Minimum number of buffers in the clock path: 2.
[INFO CTS-0013]     Maximum number of buffers in the clock path: 2.
[INFO CTS-0015]     Created 3 clock nets.
[INFO CTS-0016]     Fanout distribution for the current clock = 1:1, 2:1..
[INFO CTS-0017]     Max level of the clock tree: 1.
[INFO CTS-0018]     Created 54 clock buffers.
[INFO CTS-0012]     Minimum number of buffers in the clock path: 3.
[INFO CTS-0013]     Maximum number of buffers in the clock path: 3.
[INFO CTS-0015]     Created 54 clock nets.
[INFO CTS-0016]     Fanout distribution for the current clock = 5:2, 6:4, 7:6, 8:6, 9:10, 10:17, 11:4, 12:1, 13:2, 14:1..
[INFO CTS-0017]     Max level of the clock tree: 2.
[INFO CTS-0018]     Created 212 clock buffers.
[INFO CTS-0012]     Minimum number of buffers in the clock path: 4.
[INFO CTS-0013]     Maximum number of buffers in the clock path: 4.
[INFO CTS-0015]     Created 212 clock nets.
[INFO CTS-0016]     Fanout distribution for the current clock = 2:1, 5:1, 6:4, 7:4, 8:4, 9:5, 10:17, 11:53, 12:67, 13:36, 14:9, 15:1, 22:1..
[INFO CTS-0017]     Max level of the clock tree: 4.
[INFO CTS-0018]     Created 72 clock buffers.
[INFO CTS-0012]     Minimum number of buffers in the clock path: 3.
[INFO CTS-0013]     Maximum number of buffers in the clock path: 3.
[INFO CTS-0015]     Created 72 clock nets.
[INFO CTS-0016]     Fanout distribution for the current clock = 4:1, 6:3, 7:5, 8:6, 9:10, 10:16, 11:16, 12:11, 13:3..
[INFO CTS-0017]     Max level of the clock tree: 3.
[INFO CTS-0018]     Created 107 clock buffers.
[INFO CTS-0012]     Minimum number of buffers in the clock path: 3.
[INFO CTS-0013]     Maximum number of buffers in the clock path: 3.
[INFO CTS-0015]     Created 107 clock nets.
[INFO CTS-0016]     Fanout distribution for the current clock = 6:1, 7:3, 8:3, 9:10, 10:24, 11:29, 12:23, 13:8, 14:4, 16:1..
[INFO CTS-0017]     Max level of the clock tree: 3.
[INFO CTS-0018]     Created 56 clock buffers.
[INFO CTS-0012]     Minimum number of buffers in the clock path: 3.
[INFO CTS-0013]     Maximum number of buffers in the clock path: 3.
[INFO CTS-0015]     Created 56 clock nets.
[INFO CTS-0016]     Fanout distribution for the current clock = 3:1, 6:1, 8:4, 9:5, 10:5, 11:13, 12:16, 13:7, 14:2, 18:1..
[INFO CTS-0017]     Max level of the clock tree: 2.
[INFO CTS-0018]     Created 71 clock buffers.
[INFO CTS-0012]     Minimum number of buffers in the clock path: 3.
[INFO CTS-0013]     Maximum number of buffers in the clock path: 3.
[INFO CTS-0015]     Created 71 clock nets.
[INFO CTS-0016]     Fanout distribution for the current clock = 5:1, 6:2, 7:3, 8:6, 9:7, 10:13, 11:10, 12:15, 13:11, 14:2..
[INFO CTS-0017]     Max level of the clock tree: 3.
[INFO CTS-0098] Clock net "clk1"
[INFO CTS-0099]  Sinks 2
[INFO CTS-0100]  Leaf buffers 0
[INFO CTS-0101]  Average sink wire length 1239.33 um
[INFO CTS-0102]  Path depth 2 - 2
[INFO CTS-0207]  Dummy loads inserted 0
[INFO CTS-0098] Clock net "clk1_regs"
[INFO CTS-0099]  Sinks 31193
[INFO CTS-0100]  Leaf buffers 2780
[INFO CTS-0101]  Average sink wire length 1609.53 um
[INFO CTS-0102]  Path depth 6 - 7
[INFO CTS-0207]  Dummy loads inserted 2692
[INFO CTS-0124] Clock net "clk_s1_gate"
[INFO CTS-0125]  Sinks 1
[INFO CTS-0098] Clock net "clk_s1_gate_regs"
[INFO CTS-0099]  Sinks 4
[INFO CTS-0100]  Leaf buffers 0
[INFO CTS-0101]  Average sink wire length 34.00 um
[INFO CTS-0102]  Path depth 2 - 2
[INFO CTS-0207]  Dummy loads inserted 1
[INFO CTS-0124] Clock net "clk_s2_gate"
[INFO CTS-0125]  Sinks 1
[INFO CTS-0098] Clock net "clk_s2_gate_regs"
[INFO CTS-0099]  Sinks 4
[INFO CTS-0100]  Leaf buffers 0
[INFO CTS-0101]  Average sink wire length 36.47 um
[INFO CTS-0102]  Path depth 2 - 2
[INFO CTS-0207]  Dummy loads inserted 1
[INFO CTS-0124] Clock net "clk_s5_gate"
[INFO CTS-0125]  Sinks 1
[INFO CTS-0098] Clock net "clk_s5_gate_regs"
[INFO CTS-0099]  Sinks 4
[INFO CTS-0100]  Leaf buffers 0
[INFO CTS-0101]  Average sink wire length 30.87 um
[INFO CTS-0102]  Path depth 2 - 2
[INFO CTS-0207]  Dummy loads inserted 1
[INFO CTS-0124] Clock net "clk_s4_gate"
[INFO CTS-0125]  Sinks 1
[INFO CTS-0098] Clock net "clk_s4_gate_regs"
[INFO CTS-0099]  Sinks 4
[INFO CTS-0100]  Leaf buffers 0
[INFO CTS-0101]  Average sink wire length 35.04 um
[INFO CTS-0102]  Path depth 2 - 2
[INFO CTS-0207]  Dummy loads inserted 1
[INFO CTS-0098] Clock net "clk_s3"
[INFO CTS-0099]  Sinks 471
[INFO CTS-0100]  Leaf buffers 49
[INFO CTS-0101]  Average sink wire length 256.98 um
[INFO CTS-0102]  Path depth 2 - 3
[INFO CTS-0207]  Dummy loads inserted 40
[INFO CTS-0098] Clock net "clk_s8"
[INFO CTS-0099]  Sinks 2303
[INFO CTS-0100]  Leaf buffers 187
[INFO CTS-0101]  Average sink wire length 484.82 um
[INFO CTS-0102]  Path depth 3 - 4
[INFO CTS-0207]  Dummy loads inserted 166
[INFO CTS-0098] Clock net "clk_s1"
[INFO CTS-0099]  Sinks 699
[INFO CTS-0100]  Leaf buffers 63
[INFO CTS-0101]  Average sink wire length 187.08 um
[INFO CTS-0102]  Path depth 2 - 3
[INFO CTS-0207]  Dummy loads inserted 60
[INFO CTS-0098] Clock net "clk_s2"
[INFO CTS-0099]  Sinks 1144
[INFO CTS-0100]  Leaf buffers 98
[INFO CTS-0101]  Average sink wire length 237.04 um
[INFO CTS-0102]  Path depth 2 - 3
[INFO CTS-0207]  Dummy loads inserted 90
[INFO CTS-0098] Clock net "clk_s5"
[INFO CTS-0099]  Sinks 606
[INFO CTS-0100]  Leaf buffers 51
[INFO CTS-0101]  Average sink wire length 444.82 um
[INFO CTS-0102]  Path depth 2 - 3
[INFO CTS-0207]  Dummy loads inserted 49
[INFO CTS-0098] Clock net "clk_s4"
[INFO CTS-0099]  Sinks 734
[INFO CTS-0100]  Leaf buffers 62
[INFO CTS-0101]  Average sink wire length 175.01 um
[INFO CTS-0102]  Path depth 2 - 3
[INFO CTS-0207]  Dummy loads inserted 56
[INFO CTS-0033] Balancing latency for clock clk_s4_gate
[WARNING CTS-0179] No paths found for pin uart_0/fifo_uart_r/mem\[11\]\[14\]$_DFFE_PP_/CLK.
[WARNING CTS-0179] No paths found for pin uart_0/fifo_uart_r/mem\[9\]\[14\]$_DFFE_PP_/CLK.
[WARNING CTS-0179] No paths found for pin uart_0/fifo_uart_r/mem\[7\]\[0\]$_DFFE_PP_/CLK.
[WARNING CTS-0179] No paths found for pin uart_0/fifo_uart_r/mem\[6\]\[0\]$_DFFE_PP_/CLK.
[WARNING CTS-0179] No paths found for pin uart_0/fifo_uart_r/mem\[2\]\[0\]$_DFFE_PP_/CLK.
[WARNING CTS-0179] No paths found for pin uart_0/fifo_uart_r/mem\[8\]\[17\]$_DFFE_PP_/CLK.
[WARNING CTS-0179] No paths found for pin uart_0/fifo_uart_r/mem\[10\]\[17\]$_DFFE_PP_/CLK.
[WARNING CTS-0179] No paths found for pin uart_0/fifo_uart_r/mem\[3\]\[0\]$_DFFE_PP_/CLK.
[WARNING CTS-0179] No paths found for pin uart_0/fifo_uart_r/mem\[15\]\[24\]$_DFFE_PP_/CLK.
[WARNING CTS-0179] No paths found for pin uart_0/fifo_uart_r/mem\[14\]\[17\]$_DFFE_PP_/CLK.
[WARNING CTS-0179] No paths found for pin uart_0/fifo_uart_r/mem\[12\]\[17\]$_DFFE_PP_/CLK.
[WARNING CTS-0179] No paths found for pin uart_0/fifo_uart_r/mem\[4\]\[30\]$_DFFE_PP_/CLK.
[WARNING CTS-0179] No paths found for pin uart_0/fifo_uart_r/mem\[14\]\[11\]$_DFFE_PP_/CLK.
[WARNING CTS-0179] No paths found for pin uart_0/fifo_uart_r/mem\[8\]\[11\]$_DFFE_PP_/CLK.
[WARNING CTS-0179] No paths found for pin uart_0/fifo_uart_r/mem\[10\]\[11\]$_DFFE_PP_/CLK.
[WARNING CTS-0179] No paths found for pin uart_0/fifo_uart_r/mem\[9\]\[13\]$_DFFE_PP_/CLK.
[WARNING CTS-0179] No paths found for pin uart_0/fifo_uart_r/mem\[11\]\[11\]$_DFFE_PP_/CLK.
[WARNING CTS-0179] No paths found for pin uart_0/fifo_uart_r/mem\[2\]\[13\]$_DFFE_PP_/CLK.
[WARNING CTS-0179] No paths found for pin uart_0/fifo_uart_r/mem\[13\]\[13\]$_DFFE_PP_/CLK.
[WARNING CTS-0179] No paths found for pin uart_0/fifo_uart_r/mem\[11\]\[13\]$_DFFE_PP_/CLK.
[WARNING CTS-0179] No paths found for pin uart_0/fifo_uart_r/mem\[2\]\[11\]$_DFFE_PP_/CLK.
[WARNING CTS-0179] No paths found for pin uart_0/fifo_uart_r/mem\[15\]\[11\]$_DFFE_PP_/CLK.
[WARNING CTS-0179] No paths found for pin uart_0/fifo_uart_r/mem\[3\]\[13\]$_DFFE_PP_/CLK.
[WARNING CTS-0179] No paths found for pin uart_0/fifo_uart_r/mem\[2\]\[30\]$_DFFE_PP_/CLK.
[WARNING CTS-0179] No paths found for pin uart_0/fifo_uart_r/mem\[6\]\[30\]$_DFFE_PP_/CLK.
[WARNING CTS-0179] No paths found for pin uart_0/fifo_uart_r/mem\[6\]\[11\]$_DFFE_PP_/CLK.
[WARNING CTS-0179] No paths found for pin uart_0/fifo_uart_r/mem\[6\]\[13\]$_DFFE_PP_/CLK.
[WARNING CTS-0179] No paths found for pin uart_0/fifo_uart_r/mem\[7\]\[13\]$_DFFE_PP_/CLK.
[WARNING CTS-0179] No paths found for pin uart_0/fifo_uart_r/mem\[7\]\[11\]$_DFFE_PP_/CLK.
[WARNING CTS-0179] No paths found for pin uart_0/fifo_uart_r/mem\[2\]\[26\]$_DFFE_PP_/CLK.
[WARNING CTS-0179] No paths found for pin uart_0/fifo_uart_r/mem\[0\]\[11\]$_DFFE_PP_/CLK.
[WARNING CTS-0179] No paths found for pin uart_0/fifo_uart_r/mem\[1\]\[13\]$_DFFE_PP_/CLK.
[WARNING CTS-0179] No paths found for pin uart_0/fifo_uart_r/mem\[5\]\[11\]$_DFFE_PP_/CLK.
[WARNING CTS-0179] No paths found for pin uart_0/fifo_uart_r/mem\[4\]\[13\]$_DFFE_PP_/CLK.
[WARNING CTS-0179] No paths found for pin uart_0/fifo_uart_r/mem\[4\]\[11\]$_DFFE_PP_/CLK.
[WARNING CTS-0179] No paths found for pin uart_0/fifo_uart_r/mem\[5\]\[13\]$_DFFE_PP_/CLK.
[WARNING CTS-0179] No paths found for pin uart_0/fifo_uart_r/mem\[0\]\[13\]$_DFFE_PP_/CLK.
[WARNING CTS-0179] No paths found for pin uart_0/fifo_uart_r/mem\[7\]\[26\]$_DFFE_PP_/CLK.
[WARNING CTS-0179] No paths found for pin uart_0/fifo_uart_r/mem\[3\]\[26\]$_DFFE_PP_/CLK.
[WARNING CTS-0179] No paths found for pin uart_0/fifo_uart_r/mem\[6\]\[26\]$_DFFE_PP_/CLK.
[WARNING CTS-0179] No paths found for pin uart_0/fifo_uart_r/mem\[3\]\[11\]$_DFFE_PP_/CLK.
[WARNING CTS-0179] No paths found for pin uart_0/fifo_uart_r/mem\[7\]\[8\]$_DFFE_PP_/CLK.
[WARNING CTS-0179] No paths found for pin uart_0/fifo_uart_r/mem\[6\]\[8\]$_DFFE_PP_/CLK.
[WARNING CTS-0179] No paths found for pin uart_0/fifo_uart_r/mem\[3\]\[8\]$_DFFE_PP_/CLK.
[WARNING CTS-0179] No paths found for pin uart_0/fifo_uart_r/mem\[2\]\[8\]$_DFFE_PP_/CLK.
[WARNING CTS-0179] No paths found for pin uart_0/fifo_uart_r/mem\[12\]\[26\]$_DFFE_PP_/CLK.
[WARNING CTS-0179] No paths found for pin uart_0/fifo_uart_r/mem\[15\]\[8\]$_DFFE_PP_/CLK.
[WARNING CTS-0179] No paths found for pin uart_0/fifo_uart_r/mem\[15\]\[26\]$_DFFE_PP_/CLK.
[WARNING CTS-0179] No paths found for pin uart_0/fifo_uart_r/mem\[13\]\[26\]$_DFFE_PP_/CLK.
[WARNING CTS-0179] No paths found for pin uart_0/fifo_uart_r/mem\[11\]\[26\]$_DFFE_PP_/CLK.
[WARNING CTS-0179] No paths found for pin uart_0/fifo_uart_r/mem\[9\]\[26\]$_DFFE_PP_/CLK.
[WARNING CTS-0179] No paths found for pin uart_0/fifo_uart_r/mem\[15\]\[13\]$_DFFE_PP_/CLK.
[WARNING CTS-0179] No paths found for pin uart_0/fifo_uart_r/mem\[11\]\[8\]$_DFFE_PP_/CLK.
[WARNING CTS-0179] No paths found for pin uart_0/fifo_uart_r/mem\[12\]\[13\]$_DFFE_PP_/CLK.
[WARNING CTS-0179] No paths found for pin uart_0/fifo_uart_r/mem\[14\]\[13\]$_DFFE_PP_/CLK.
[WARNING CTS-0179] No paths found for pin uart_0/fifo_uart_r/mem\[8\]\[13\]$_DFFE_PP_/CLK.
[WARNING CTS-0179] No paths found for pin uart_0/fifo_uart_r/mem\[10\]\[13\]$_DFFE_PP_/CLK.
[WARNING CTS-0179] No paths found for pin uart_0/fifo_uart_r/mem\[8\]\[8\]$_DFFE_PP_/CLK.
[WARNING CTS-0179] No paths found for pin uart_0/fifo_uart_r/mem\[10\]\[8\]$_DFFE_PP_/CLK.
[WARNING CTS-0179] No paths found for pin uart_0/fifo_uart_r/mem\[14\]\[8\]$_DFFE_PP_/CLK.
[WARNING CTS-0179] No paths found for pin uart_0/fifo_uart_r/mem\[12\]\[8\]$_DFFE_PP_/CLK.
[WARNING CTS-0179] No paths found for pin uart_0/fifo_uart_r/mem\[9\]\[8\]$_DFFE_PP_/CLK.
[WARNING CTS-0179] No paths found for pin uart_0/fifo_uart_r/mem\[13\]\[8\]$_DFFE_PP_/CLK.
[WARNING CTS-0179] No paths found for pin uart_0/fifo_uart_r/mem\[10\]\[26\]$_DFFE_PP_/CLK.
[WARNING CTS-0179] No paths found for pin uart_0/fifo_uart_r/mem\[8\]\[26\]$_DFFE_PP_/CLK.
[WARNING CTS-0179] No paths found for pin uart_0/fifo_uart_r/mem\[14\]\[26\]$_DFFE_PP_/CLK.
[WARNING CTS-0179] No paths found for pin uart_0/fifo_uart_r/mem\[1\]\[8\]$_DFFE_PP_/CLK.
[WARNING CTS-0179] No paths found for pin uart_0/fifo_uart_r/mem\[0\]\[26\]$_DFFE_PP_/CLK.
[WARNING CTS-0179] No paths found for pin uart_0/fifo_uart_r/mem\[1\]\[26\]$_DFFE_PP_/CLK.
[WARNING CTS-0179] No paths found for pin uart_0/fifo_uart_r/mem\[4\]\[8\]$_DFFE_PP_/CLK.
[WARNING CTS-0179] No paths found for pin uart_0/fifo_uart_r/mem\[5\]\[8\]$_DFFE_PP_/CLK.
[WARNING CTS-0179] No paths found for pin uart_0/fifo_uart_r/mem\[0\]\[8\]$_DFFE_PP_/CLK.
[WARNING CTS-0179] No paths found for pin uart_0/fifo_uart_r/mem\[14\]\[19\]$_DFFE_PP_/CLK.
[WARNING CTS-0179] No paths found for pin uart_0/fifo_uart_r/mem\[10\]\[19\]$_DFFE_PP_/CLK.
[WARNING CTS-0179] No paths found for pin uart_0/fifo_uart_r/mem\[8\]\[19\]$_DFFE_PP_/CLK.
[WARNING CTS-0179] No paths found for pin uart_0/fifo_uart_r/mem\[15\]\[19\]$_DFFE_PP_/CLK.
[WARNING CTS-0179] No paths found for pin uart_0/fifo_uart_r/mem\[9\]\[19\]$_DFFE_PP_/CLK.
[WARNING CTS-0179] No paths found for pin uart_0/fifo_uart_r/mem\[11\]\[19\]$_DFFE_PP_/CLK.
[WARNING CTS-0179] No paths found for pin uart_0/fifo_uart_r/mem\[11\]\[24\]$_DFFE_PP_/CLK.
[WARNING CTS-0179] No paths found for pin uart_0/fifo_uart_r/mem\[14\]\[24\]$_DFFE_PP_/CLK.
[WARNING CTS-0179] No paths found for pin uart_0/fifo_uart_r/mem\[12\]\[19\]$_DFFE_PP_/CLK.
[WARNING CTS-0179] No paths found for pin uart_0/fifo_uart_r/mem\[8\]\[24\]$_DFFE_PP_/CLK.
[WARNING CTS-0179] No paths found for pin uart_0/fifo_uart_r/mem\[10\]\[24\]$_DFFE_PP_/CLK.
[WARNING CTS-0179] No paths found for pin uart_0/fifo_uart_r/mem\[12\]\[24\]$_DFFE_PP_/CLK.
[WARNING CTS-0179] No paths found for pin uart_0/fifo_uart_r/mem\[10\]\[22\]$_DFFE_PP_/CLK.
[WARNING CTS-0179] No paths found for pin uart_0/fifo_uart_r/mem\[7\]\[14\]$_DFFE_PP_/CLK.
[WARNING CTS-0179] No paths found for pin uart_0/fifo_uart_r/mem\[5\]\[14\]$_DFFE_PP_/CLK.
[WARNING CTS-0179] No paths found for pin uart_0/fifo_uart_r/mem\[0\]\[14\]$_DFFE_PP_/CLK.
[WARNING CTS-0179] No paths found for pin uart_0/fifo_uart_r/mem\[6\]\[14\]$_DFFE_PP_/CLK.
[WARNING CTS-0179] No paths found for pin uart_0/fifo_uart_r/mem\[2\]\[19\]$_DFFE_PP_/CLK.
[WARNING CTS-0179] No paths found for pin uart_0/fifo_uart_r/mem\[3\]\[14\]$_DFFE_PP_/CLK.
[WARNING CTS-0179] No paths found for pin uart_0/fifo_uart_r/mem\[2\]\[14\]$_DFFE_PP_/CLK.
[WARNING CTS-0179] No paths found for pin uart_0/fifo_uart_r/mem\[5\]\[26\]$_DFFE_PP_/CLK.
[WARNING CTS-0179] No paths found for pin uart_0/fifo_uart_r/mem\[4\]\[26\]$_DFFE_PP_/CLK.
[WARNING CTS-0179] No paths found for pin uart_0/fifo_uart_r/mem\[3\]\[19\]$_DFFE_PP_/CLK.
[WARNING CTS-0179] No paths found for pin uart_0/fifo_uart_r/mem\[7\]\[19\]$_DFFE_PP_/CLK.
[WARNING CTS-0179] No paths found for pin uart_0/fifo_uart_r/mem\[6\]\[19\]$_DFFE_PP_/CLK.
[WARNING CTS-0179] No paths found for pin uart_0/fifo_uart_r/mem\[0\]\[19\]$_DFFE_PP_/CLK.
[WARNING CTS-0179] No paths found for pin uart_0/fifo_uart_r/mem\[2\]\[22\]$_DFFE_PP_/CLK.
[WARNING CTS-0179] No paths found for pin uart_0/fifo_uart_r/mem\[5\]\[19\]$_DFFE_PP_/CLK.
[WARNING CTS-0179] No paths found for pin uart_0/fifo_uart_r/mem\[4\]\[14\]$_DFFE_PP_/CLK.
[WARNING CTS-0179] No paths found for pin uart_0/fifo_uart_r/mem\[1\]\[19\]$_DFFE_PP_/CLK.
[WARNING CTS-0179] No paths found for pin uart_0/fifo_uart_r/mem\[4\]\[19\]$_DFFE_PP_/CLK.
[WARNING CTS-0179] No paths found for pin uart_0/fifo_uart_r/mem\[1\]\[22\]$_DFFE_PP_/CLK.
[WARNING CTS-0179] No paths found for pin uart_0/fifo_uart_r/mem\[5\]\[22\]$_DFFE_PP_/CLK.
[WARNING CTS-0179] No paths found for pin uart_0/fifo_uart_r/mem\[4\]\[22\]$_DFFE_PP_/CLK.
[WARNING CTS-0179] No paths found for pin uart_0/fifo_uart_r/mem\[0\]\[22\]$_DFFE_PP_/CLK.
[WARNING CTS-0179] No paths found for pin uart_0/fifo_uart_r/mem\[3\]\[22\]$_DFFE_PP_/CLK.
[WARNING CTS-0179] No paths found for pin uart_0/fifo_uart_r/mem\[7\]\[22\]$_DFFE_PP_/CLK.
[WARNING CTS-0179] No paths found for pin uart_0/fifo_uart_r/mem\[6\]\[22\]$_DFFE_PP_/CLK.
[WARNING CTS-0179] No paths found for pin uart_0/fifo_uart_r/mem\[2\]\[24\]$_DFFE_PP_/CLK.
[WARNING CTS-0179] No paths found for pin uart_0/fifo_uart_r/mem\[7\]\[24\]$_DFFE_PP_/CLK.
[WARNING CTS-0179] No paths found for pin uart_0/fifo_uart_r/mem\[3\]\[24\]$_DFFE_PP_/CLK.
[WARNING CTS-0179] No paths found for pin uart_0/fifo_uart_r/mem\[0\]\[25\]$_DFFE_PP_/CLK.
[WARNING CTS-0179] No paths found for pin uart_0/fifo_uart_r/mem\[6\]\[24\]$_DFFE_PP_/CLK.
[WARNING CTS-0179] No paths found for pin uart_0/fifo_uart_r/mem\[1\]\[24\]$_DFFE_PP_/CLK.
[WARNING CTS-0179] No paths found for pin uart_0/fifo_uart_r/mem\[4\]\[24\]$_DFFE_PP_/CLK.
[WARNING CTS-0179] No paths found for pin uart_0/fifo_uart_r/mem\[5\]\[24\]$_DFFE_PP_/CLK.
[WARNING CTS-0179] No paths found for pin uart_0/fifo_uart_r/mem\[0\]\[24\]$_DFFE_PP_/CLK.
[WARNING CTS-0179] No paths found for pin uart_0/fifo_uart_r/mem\[5\]\[15\]$_DFFE_PP_/CLK.
[WARNING CTS-0179] No paths found for pin uart_0/fifo_uart_r/mem\[1\]\[15\]$_DFFE_PP_/CLK.
[WARNING CTS-0179] No paths found for pin uart_0/fifo_uart_r/mem\[0\]\[15\]$_DFFE_PP_/CLK.
[WARNING CTS-0179] No paths found for pin uart_0/fifo_uart_r/mem\[4\]\[15\]$_DFFE_PP_/CLK.
[WARNING CTS-0179] No paths found for pin uart_0/fifo_uart_r/mem\[5\]\[18\]$_DFFE_PP_/CLK.
[WARNING CTS-0179] No paths found for pin uart_0/fifo_uart_r/mem\[4\]\[18\]$_DFFE_PP_/CLK.
[WARNING CTS-0179] No paths found for pin uart_0/fifo_uart_r/mem\[0\]\[20\]$_DFFE_PP_/CLK.
[WARNING CTS-0179] No paths found for pin uart_0/fifo_uart_r/mem\[1\]\[18\]$_DFFE_PP_/CLK.
[WARNING CTS-0179] No paths found for pin uart_0/fifo_uart_r/mem\[0\]\[18\]$_DFFE_PP_/CLK.
[WARNING CTS-0179] No paths found for pin uart_0/fifo_uart_r/mem\[14\]\[15\]$_DFFE_PP_/CLK.
[WARNING CTS-0179] No paths found for pin uart_0/fifo_uart_r/mem\[10\]\[15\]$_DFFE_PP_/CLK.
[WARNING CTS-0179] No paths found for pin uart_0/fifo_uart_r/mem\[1\]\[20\]$_DFFE_PP_/CLK.
[WARNING CTS-0179] No paths found for pin uart_0/fifo_uart_r/mem\[14\]\[20\]$_DFFE_PP_/CLK.
[WARNING CTS-0179] No paths found for pin uart_0/fifo_uart_r/mem\[13\]\[15\]$_DFFE_PP_/CLK.
[WARNING CTS-0179] No paths found for pin uart_0/fifo_uart_r/mem\[11\]\[15\]$_DFFE_PP_/CLK.
[WARNING CTS-0179] No paths found for pin uart_0/fifo_uart_r/mem\[12\]\[15\]$_DFFE_PP_/CLK.
[WARNING CTS-0179] No paths found for pin uart_0/fifo_uart_r/mem\[9\]\[15\]$_DFFE_PP_/CLK.
[WARNING CTS-0179] No paths found for pin uart_0/fifo_uart_r/mem\[2\]\[15\]$_DFFE_PP_/CLK.
[WARNING CTS-0179] No paths found for pin uart_0/fifo_uart_r/mem\[6\]\[15\]$_DFFE_PP_/CLK.
[WARNING CTS-0179] No paths found for pin uart_0/fifo_uart_r/mem\[8\]\[15\]$_DFFE_PP_/CLK.
[WARNING CTS-0179] No paths found for pin uart_0/fifo_uart_r/mem\[7\]\[15\]$_DFFE_PP_/CLK.
[WARNING CTS-0179] No paths found for pin uart_0/fifo_uart_r/mem\[1\]\[14\]$_DFFE_PP_/CLK.
[WARNING CTS-0179] No paths found for pin uart_0/fifo_uart_r/mem\[14\]\[22\]$_DFFE_PP_/CLK.
[WARNING CTS-0179] No paths found for pin uart_0/fifo_uart_r/mem\[11\]\[22\]$_DFFE_PP_/CLK.
[WARNING CTS-0179] No paths found for pin uart_0/fifo_uart_r/mem\[12\]\[22\]$_DFFE_PP_/CLK.
[WARNING CTS-0179] No paths found for pin uart_0/fifo_uart_r/mem\[13\]\[22\]$_DFFE_PP_/CLK.
[WARNING CTS-0179] No paths found for pin uart_0/fifo_uart_r/mem\[8\]\[22\]$_DFFE_PP_/CLK.
[WARNING CTS-0179] No paths found for pin uart_0/fifo_uart_r/mem\[13\]\[24\]$_DFFE_PP_/CLK.
[WARNING CTS-0179] No paths found for pin uart_0/fifo_uart_r/mem\[13\]\[19\]$_DFFE_PP_/CLK.
[WARNING CTS-0179] No paths found for pin uart_0/fifo_uart_r/mem\[9\]\[24\]$_DFFE_PP_/CLK.
[WARNING CTS-0179] No paths found for pin uart_0/fifo_uart_r/mem\[9\]\[22\]$_DFFE_PP_/CLK.
[WARNING CTS-0179] No paths found for pin uart_0/fifo_uart_r/mem\[15\]\[22\]$_DFFE_PP_/CLK.
[WARNING CTS-0179] No paths found for pin uart_0/fifo_uart_r/mem\[14\]\[14\]$_DFFE_PP_/CLK.
[WARNING CTS-0179] No paths found for pin uart_0/fifo_uart_r/mem\[12\]\[14\]$_DFFE_PP_/CLK.
[WARNING CTS-0179] No paths found for pin uart_0/fifo_uart_r/mem\[10\]\[14\]$_DFFE_PP_/CLK.
[WARNING CTS-0179] No paths found for pin uart_0/fifo_uart_r/mem\[8\]\[14\]$_DFFE_PP_/CLK.
[WARNING CTS-0179] No paths found for pin uart_0/fifo_uart_r/mem\[13\]\[14\]$_DFFE_PP_/CLK.
[WARNING CTS-0179] No paths found for pin uart_0/fifo_uart_r/mem\[15\]\[14\]$_DFFE_PP_/CLK.
[WARNING CTS-0179] No paths found for pin uart_0/fifo_uart_r/mem\[10\]\[12\]$_DFFE_PP_/CLK.
[WARNING CTS-0179] No paths found for pin uart_0/fifo_uart_r/mem\[9\]\[20\]$_DFFE_PP_/CLK.
[WARNING CTS-0179] No paths found for pin uart_0/fifo_uart_r/mem\[15\]\[20\]$_DFFE_PP_/CLK.
[WARNING CTS-0179] No paths found for pin uart_0/fifo_uart_r/mem\[11\]\[20\]$_DFFE_PP_/CLK.
[WARNING CTS-0179] No paths found for pin uart_0/fifo_uart_r/mem\[3\]\[15\]$_DFFE_PP_/CLK.
[WARNING CTS-0179] No paths found for pin uart_0/fifo_uart_r/mem\[8\]\[20\]$_DFFE_PP_/CLK.
[WARNING CTS-0179] No paths found for pin uart_0/fifo_uart_r/mem\[10\]\[20\]$_DFFE_PP_/CLK.
[WARNING CTS-0179] No paths found for pin uart_0/fifo_uart_r/mem\[12\]\[20\]$_DFFE_PP_/CLK.
[WARNING CTS-0179] No paths found for pin uart_0/fifo_uart_r/mem\[15\]\[15\]$_DFFE_PP_/CLK.
[WARNING CTS-0179] No paths found for pin uart_0/fifo_uart_r/mem\[0\]\[21\]$_DFFE_PP_/CLK.
[WARNING CTS-0179] No paths found for pin uart_0/fifo_uart_r/mem\[7\]\[21\]$_DFFE_PP_/CLK.
[WARNING CTS-0179] No paths found for pin uart_0/fifo_uart_r/mem\[3\]\[21\]$_DFFE_PP_/CLK.
[WARNING CTS-0179] No paths found for pin uart_0/fifo_uart_r/mem\[2\]\[21\]$_DFFE_PP_/CLK.
[WARNING CTS-0179] No paths found for pin uart_0/fifo_uart_r/mem\[10\]\[25\]$_DFFE_PP_/CLK.
[WARNING CTS-0179] No paths found for pin uart_0/fifo_uart_r/mem\[8\]\[25\]$_DFFE_PP_/CLK.
[WARNING CTS-0179] No paths found for pin uart_0/fifo_uart_r/mem\[0\]\[23\]$_DFFE_PP_/CLK.
[WARNING CTS-0179] No paths found for pin uart_0/fifo_uart_r/mem\[11\]\[25\]$_DFFE_PP_/CLK.
[WARNING CTS-0179] No paths found for pin uart_0/fifo_uart_r/mem\[13\]\[20\]$_DFFE_PP_/CLK.
[WARNING CTS-0179] No paths found for pin uart_0/fifo_uart_r/mem\[1\]\[4\]$_DFFE_PP_/CLK.
[WARNING CTS-0179] No paths found for pin uart_0/fifo_uart_r/mem\[12\]\[12\]$_DFFE_PP_/CLK.
[WARNING CTS-0179] No paths found for pin uart_0/fifo_uart_r/mem\[14\]\[12\]$_DFFE_PP_/CLK.
[WARNING CTS-0179] No paths found for pin uart_0/fifo_uart_r/mem\[0\]\[4\]$_DFFE_PP_/CLK.
[WARNING CTS-0179] No paths found for pin uart_0/fifo_uart_r/mem\[5\]\[4\]$_DFFE_PP_/CLK.
[WARNING CTS-0179] No paths found for pin uart_0/fifo_uart_r/mem\[13\]\[25\]$_DFFE_PP_/CLK.
[WARNING CTS-0179] No paths found for pin uart_0/fifo_uart_r/mem\[15\]\[23\]$_DFFE_PP_/CLK.
[WARNING CTS-0179] No paths found for pin uart_0/fifo_uart_r/mem\[13\]\[23\]$_DFFE_PP_/CLK.
[WARNING CTS-0179] No paths found for pin uart_0/fifo_uart_r/mem\[5\]\[23\]$_DFFE_PP_/CLK.
[WARNING CTS-0179] No paths found for pin uart_0/fifo_uart_r/mem\[11\]\[23\]$_DFFE_PP_/CLK.
[WARNING CTS-0179] No paths found for pin uart_0/fifo_uart_r/mem\[14\]\[25\]$_DFFE_PP_/CLK.
[WARNING CTS-0179] No paths found for pin uart_0/fifo_uart_r/mem\[4\]\[23\]$_DFFE_PP_/CLK.
[WARNING CTS-0179] No paths found for pin uart_0/fifo_uart_r/mem\[1\]\[23\]$_DFFE_PP_/CLK.
[WARNING CTS-0179] No paths found for pin uart_0/fifo_uart_r/mem\[6\]\[21\]$_DFFE_PP_/CLK.
[WARNING CTS-0179] No paths found for pin uart_0/fifo_uart_r/mem\[5\]\[21\]$_DFFE_PP_/CLK.
[WARNING CTS-0179] No paths found for pin uart_0/fifo_uart_r/mem\[4\]\[21\]$_DFFE_PP_/CLK.
[WARNING CTS-0179] No paths found for pin uart_0/fifo_uart_r/mem\[2\]\[23\]$_DFFE_PP_/CLK.
[WARNING CTS-0179] No paths found for pin uart_0/fifo_uart_r/mem\[2\]\[20\]$_DFFE_PP_/CLK.
[WARNING CTS-0179] No paths found for pin uart_0/fifo_uart_r/mem\[2\]\[18\]$_DFFE_PP_/CLK.
[WARNING CTS-0179] No paths found for pin uart_0/fifo_uart_r/mem\[1\]\[21\]$_DFFE_PP_/CLK.
[WARNING CTS-0179] No paths found for pin uart_0/fifo_uart_r/mem\[5\]\[20\]$_DFFE_PP_/CLK.
[WARNING CTS-0179] No paths found for pin uart_0/fifo_uart_r/mem\[4\]\[20\]$_DFFE_PP_/CLK.
[WARNING CTS-0179] No paths found for pin uart_0/fifo_uart_r/mem\[1\]\[12\]$_DFFE_PP_/CLK.
[WARNING CTS-0179] No paths found for pin uart_0/fifo_uart_r/mem\[6\]\[18\]$_DFFE_PP_/CLK.
[WARNING CTS-0179] No paths found for pin uart_0/fifo_uart_r/mem\[3\]\[18\]$_DFFE_PP_/CLK.
[WARNING CTS-0179] No paths found for pin uart_0/fifo_uart_r/mem\[0\]\[12\]$_DFFE_PP_/CLK.
[WARNING CTS-0179] No paths found for pin uart_0/fifo_uart_r/mem\[7\]\[18\]$_DFFE_PP_/CLK.
[WARNING CTS-0179] No paths found for pin uart_0/fifo_uart_r/mem\[7\]\[12\]$_DFFE_PP_/CLK.
[WARNING CTS-0179] No paths found for pin uart_0/fifo_uart_r/mem\[6\]\[12\]$_DFFE_PP_/CLK.
[WARNING CTS-0179] No paths found for pin uart_0/fifo_uart_r/mem\[2\]\[12\]$_DFFE_PP_/CLK.
[WARNING CTS-0179] No paths found for pin uart_0/fifo_uart_r/mem\[3\]\[12\]$_DFFE_PP_/CLK.
[WARNING CTS-0179] No paths found for pin uart_0/fifo_uart_w/counter_2\[2\]$_SDFFE_PP0P_/CLK.
[WARNING CTS-0179] No paths found for pin uart_0/fifo_uart_r/mem\[6\]\[25\]$_DFFE_PP_/CLK.
[WARNING CTS-0179] No paths found for pin uart_0/fifo_uart_r/mem\[7\]\[25\]$_DFFE_PP_/CLK.
[WARNING CTS-0179] No paths found for pin uart_0/fifo_uart_r/mem\[2\]\[25\]$_DFFE_PP_/CLK.
[WARNING CTS-0179] No paths found for pin uart_0/fifo_uart_r/mem\[4\]\[12\]$_DFFE_PP_/CLK.
[WARNING CTS-0179] No paths found for pin uart_0/fifo_uart_r/mem\[5\]\[12\]$_DFFE_PP_/CLK.
[WARNING CTS-0179] No paths found for pin uart_0/fifo_uart_r/mem\[5\]\[25\]$_DFFE_PP_/CLK.
[WARNING CTS-0179] No paths found for pin uart_0/fifo_uart_r/mem\[3\]\[25\]$_DFFE_PP_/CLK.
[WARNING CTS-0179] No paths found for pin uart_0/fifo_uart_r/mem\[1\]\[25\]$_DFFE_PP_/CLK.
[WARNING CTS-0179] No paths found for pin uart_0/fifo_uart_r/mem\[4\]\[25\]$_DFFE_PP_/CLK.
[WARNING CTS-0179] No paths found for pin uart_0/fifo_uart_r/mem\[9\]\[10\]$_DFFE_PP_/CLK.
[WARNING CTS-0179] No paths found for pin uart_0/fifo_uart_r/mem\[0\]\[10\]$_DFFE_PP_/CLK.
[WARNING CTS-0179] No paths found for pin uart_0/fifo_uart_r/mem\[15\]\[10\]$_DFFE_PP_/CLK.
[WARNING CTS-0179] No paths found for pin uart_0/fifo_uart_r/mem\[13\]\[10\]$_DFFE_PP_/CLK.
[WARNING CTS-0179] No paths found for pin uart_0/fifo_uart_r/mem\[10\]\[10\]$_DFFE_PP_/CLK.
[WARNING CTS-0179] No paths found for pin uart_0/fifo_uart_r/mem\[14\]\[10\]$_DFFE_PP_/CLK.
[WARNING CTS-0179] No paths found for pin uart_0/fifo_uart_r/mem\[4\]\[10\]$_DFFE_PP_/CLK.
[WARNING CTS-0179] No paths found for pin uart_0/fifo_uart_r/mem\[7\]\[10\]$_DFFE_PP_/CLK.
[WARNING CTS-0179] No paths found for pin uart_0/fifo_uart_r/mem\[3\]\[10\]$_DFFE_PP_/CLK.
[WARNING CTS-0179] No paths found for pin uart_0/fifo_uart_r/mem\[1\]\[10\]$_DFFE_PP_/CLK.
[WARNING CTS-0179] No paths found for pin uart_0/fifo_uart_r/mem\[12\]\[10\]$_DFFE_PP_/CLK.
[WARNING CTS-0179] No paths found for pin uart_0/fifo_uart_r/mem\[2\]\[16\]$_DFFE_PP_/CLK.
[WARNING CTS-0179] No paths found for pin uart_0/fifo_uart_r/mem\[2\]\[10\]$_DFFE_PP_/CLK.
[WARNING CTS-0179] No paths found for pin uart_0/fifo_uart_r/mem\[3\]\[16\]$_DFFE_PP_/CLK.
[WARNING CTS-0179] No paths found for pin uart_0/fifo_uart_r/mem\[7\]\[16\]$_DFFE_PP_/CLK.
[WARNING CTS-0179] No paths found for pin uart_0/fifo_uart_r/mem\[14\]\[9\]$_DFFE_PP_/CLK.
[WARNING CTS-0179] No paths found for pin uart_0/fifo_uart_r/mem\[8\]\[10\]$_DFFE_PP_/CLK.
[WARNING CTS-0179] No paths found for pin uart_0/fifo_uart_r/mem\[8\]\[9\]$_DFFE_PP_/CLK.
[WARNING CTS-0179] No paths found for pin uart_0/fifo_uart_r/mem\[10\]\[9\]$_DFFE_PP_/CLK.
[WARNING CTS-0179] No paths found for pin uart_0/fifo_uart_r/mem\[12\]\[9\]$_DFFE_PP_/CLK.
[WARNING CTS-0179] No paths found for pin uart_0/fifo_uart_r/mem\[8\]\[16\]$_DFFE_PP_/CLK.
[WARNING CTS-0179] No paths found for pin uart_0/fifo_uart_r/mem\[10\]\[16\]$_DFFE_PP_/CLK.
[WARNING CTS-0179] No paths found for pin uart_0/fifo_uart_r/mem\[14\]\[16\]$_DFFE_PP_/CLK.
[WARNING CTS-0179] No paths found for pin uart_0/fifo_uart_r/mem\[12\]\[16\]$_DFFE_PP_/CLK.
[WARNING CTS-0179] No paths found for pin uart_0/fifo_uart_r/mem\[6\]\[16\]$_DFFE_PP_/CLK.
[WARNING CTS-0179] No paths found for pin uart_0/fifo_uart_r/mem\[8\]\[7\]$_DFFE_PP_/CLK.
[WARNING CTS-0179] No paths found for pin uart_0/fifo_uart_r/mem\[14\]\[7\]$_DFFE_PP_/CLK.
[WARNING CTS-0179] No paths found for pin uart_0/fifo_uart_r/mem\[10\]\[7\]$_DFFE_PP_/CLK.
[WARNING CTS-0179] No paths found for pin uart_0/fifo_uart_r/mem\[12\]\[7\]$_DFFE_PP_/CLK.
[WARNING CTS-0179] No paths found for pin uart_0/fifo_uart_r/mem\[6\]\[5\]$_DFFE_PP_/CLK.
[WARNING CTS-0179] No paths found for pin uart_0/fifo_uart_r/mem\[1\]\[7\]$_DFFE_PP_/CLK.
[WARNING CTS-0179] No paths found for pin uart_0/fifo_uart_r/mem\[7\]\[5\]$_DFFE_PP_/CLK.
[WARNING CTS-0179] No paths found for pin uart_0/fifo_uart_r/mem\[3\]\[5\]$_DFFE_PP_/CLK.
[WARNING CTS-0179] No paths found for pin uart_0/fifo_uart_r/mem\[6\]\[7\]$_DFFE_PP_/CLK.
[WARNING CTS-0179] No paths found for pin uart_0/fifo_uart_r/mem\[7\]\[7\]$_DFFE_PP_/CLK.
[WARNING CTS-0179] No paths found for pin uart_0/fifo_uart_r/mem\[6\]\[10\]$_DFFE_PP_/CLK.
[WARNING CTS-0179] No paths found for pin uart_0/fifo_uart_r/mem\[3\]\[7\]$_DFFE_PP_/CLK.
[WARNING CTS-0179] No paths found for pin uart_0/fifo_uart_r/mem\[2\]\[7\]$_DFFE_PP_/CLK.
[WARNING CTS-0179] No paths found for pin uart_0/fifo_uart_r/mem\[1\]\[9\]$_DFFE_PP_/CLK.
[WARNING CTS-0179] No paths found for pin uart_0/fifo_uart_r/mem\[0\]\[9\]$_DFFE_PP_/CLK.
[WARNING CTS-0179] No paths found for pin uart_0/fifo_uart_r/mem\[9\]\[7\]$_DFFE_PP_/CLK.
[WARNING CTS-0179] No paths found for pin uart_0/fifo_uart_r/mem\[11\]\[17\]$_DFFE_PP_/CLK.
[WARNING CTS-0179] No paths found for pin uart_0/fifo_uart_r/mem\[5\]\[30\]$_DFFE_PP_/CLK.
[WARNING CTS-0179] No paths found for pin uart_0/fifo_uart_r/mem\[1\]\[30\]$_DFFE_PP_/CLK.
[WARNING CTS-0179] No paths found for pin uart_0/fifo_uart_r/mem\[1\]\[11\]$_DFFE_PP_/CLK.
[WARNING CTS-0179] No paths found for pin uart_0/fifo_uart_r/mem\[7\]\[30\]$_DFFE_PP_/CLK.
[WARNING CTS-0179] No paths found for pin uart_0/fifo_uart_r/mem\[3\]\[30\]$_DFFE_PP_/CLK.
[WARNING CTS-0179] No paths found for pin uart_0/fifo_uart_r/mem\[0\]\[30\]$_DFFE_PP_/CLK.
[WARNING CTS-0179] No paths found for pin uart_0/fifo_uart_r/mem\[0\]\[17\]$_DFFE_PP_/CLK.
[WARNING CTS-0179] No paths found for pin uart_0/fifo_uart_r/mem\[5\]\[17\]$_DFFE_PP_/CLK.
[WARNING CTS-0179] No paths found for pin uart_0/fifo_uart_r/mem\[1\]\[17\]$_DFFE_PP_/CLK.
[WARNING CTS-0179] No paths found for pin uart_0/fifo_uart_r/mem\[4\]\[17\]$_DFFE_PP_/CLK.
[WARNING CTS-0179] No paths found for pin uart_0/fifo_uart_r/mem\[9\]\[17\]$_DFFE_PP_/CLK.
[WARNING CTS-0179] No paths found for pin uart_0/fifo_uart_r/mem\[13\]\[17\]$_DFFE_PP_/CLK.
[WARNING CTS-0179] No paths found for pin uart_0/fifo_uart_r/mem\[15\]\[17\]$_DFFE_PP_/CLK.
[WARNING CTS-0179] No paths found for pin uart_0/fifo_uart_r/mem\[11\]\[16\]$_DFFE_PP_/CLK.
[WARNING CTS-0179] No paths found for pin uart_0/fifo_uart_r/mem\[13\]\[16\]$_DFFE_PP_/CLK.
[WARNING CTS-0179] No paths found for pin uart_0/fifo_uart_r/mem\[9\]\[16\]$_DFFE_PP_/CLK.
[WARNING CTS-0179] No paths found for pin uart_0/fifo_uart_r/mem\[5\]\[10\]$_DFFE_PP_/CLK.
[WARNING CTS-0179] No paths found for pin uart_0/fifo_uart_r/mem\[13\]\[9\]$_DFFE_PP_/CLK.
[WARNING CTS-0179] No paths found for pin uart_0/fifo_uart_r/mem\[15\]\[9\]$_DFFE_PP_/CLK.
[WARNING CTS-0179] No paths found for pin uart_0/fifo_uart_r/mem\[9\]\[9\]$_DFFE_PP_/CLK.
[WARNING CTS-0179] No paths found for pin uart_0/fifo_uart_r/mem\[7\]\[17\]$_DFFE_PP_/CLK.
[WARNING CTS-0179] No paths found for pin uart_0/fifo_uart_r/mem\[3\]\[17\]$_DFFE_PP_/CLK.
[WARNING CTS-0179] No paths found for pin uart_0/fifo_uart_r/mem\[11\]\[9\]$_DFFE_PP_/CLK.
[WARNING CTS-0179] No paths found for pin uart_0/fifo_uart_r/mem\[6\]\[17\]$_DFFE_PP_/CLK.
[WARNING CTS-0179] No paths found for pin uart_0/fifo_uart_r/mem\[2\]\[17\]$_DFFE_PP_/CLK.
[WARNING CTS-0179] No paths found for pin uart_0/fifo_uart_r/mem\[13\]\[30\]$_DFFE_PP_/CLK.
[WARNING CTS-0179] No paths found for pin uart_0/fifo_uart_r/mem\[11\]\[30\]$_DFFE_PP_/CLK.
[WARNING CTS-0179] No paths found for pin uart_0/fifo_uart_r/mem\[15\]\[30\]$_DFFE_PP_/CLK.
[WARNING CTS-0179] No paths found for pin uart_0/fifo_uart_r/mem\[11\]\[10\]$_DFFE_PP_/CLK.
[WARNING CTS-0179] No paths found for pin uart_0/fifo_uart_r/mem\[14\]\[30\]$_DFFE_PP_/CLK.
[WARNING CTS-0179] No paths found for pin uart_0/fifo_uart_r/mem\[8\]\[30\]$_DFFE_PP_/CLK.
[WARNING CTS-0179] No paths found for pin uart_0/fifo_uart_r/mem\[9\]\[30\]$_DFFE_PP_/CLK.
[WARNING CTS-0179] No paths found for pin uart_0/fifo_uart_r/mem\[12\]\[30\]$_DFFE_PP_/CLK.
[WARNING CTS-0179] No paths found for pin uart_0/fifo_uart_r/mem\[10\]\[30\]$_DFFE_PP_/CLK.
[WARNING CTS-0179] No paths found for pin uart_0/fifo_uart_r/mem\[13\]\[11\]$_DFFE_PP_/CLK.
[WARNING CTS-0179] No paths found for pin uart_0/fifo_uart_r/mem\[9\]\[11\]$_DFFE_PP_/CLK.
[WARNING CTS-0179] No paths found for pin uart_0/fifo_uart_r/mem\[12\]\[11\]$_DFFE_PP_/CLK.
[WARNING CTS-0179] No paths found for pin uart_0/fifo_uart_r/synchronizers_1_clk_1\[3\]$_SDFF_PP0_/CLK.
[WARNING CTS-0179] No paths found for pin uart_0/fifo_uart_r/mem\[5\]\[3\]$_DFFE_PP_/CLK.
[WARNING CTS-0179] No paths found for pin uart_0/fifo_uart_r/synchronizers_1_clk_1\[2\]$_SDFF_PP0_/CLK.
[WARNING CTS-0179] No paths found for pin uart_0/fifo_uart_r/mem\[12\]\[5\]$_DFFE_PP_/CLK.
[WARNING CTS-0179] No paths found for pin uart_0/fifo_uart_r/mem\[14\]\[5\]$_DFFE_PP_/CLK.
[WARNING CTS-0179] No paths found for pin uart_0/fifo_uart_r/mem\[4\]\[5\]$_DFFE_PP_/CLK.
[WARNING CTS-0179] No paths found for pin uart_0/fifo_uart_r/mem\[0\]\[5\]$_DFFE_PP_/CLK.
[WARNING CTS-0179] No paths found for pin uart_0/fifo_uart_r/mem\[1\]\[5\]$_DFFE_PP_/CLK.
[WARNING CTS-0179] No paths found for pin uart_0/fifo_uart_r/mem\[5\]\[5\]$_DFFE_PP_/CLK.
[WARNING CTS-0179] No paths found for pin uart_0/fifo_uart_r/mem\[4\]\[9\]$_DFFE_PP_/CLK.
[WARNING CTS-0179] No paths found for pin uart_0/fifo_uart_r/mem\[5\]\[9\]$_DFFE_PP_/CLK.
[WARNING CTS-0179] No paths found for pin uart_0/fifo_uart_r/mem\[6\]\[9\]$_DFFE_PP_/CLK.
[WARNING CTS-0179] No paths found for pin uart_0/fifo_uart_r/mem\[2\]\[9\]$_DFFE_PP_/CLK.
[WARNING CTS-0179] No paths found for pin uart_0/fifo_uart_r/mem\[7\]\[9\]$_DFFE_PP_/CLK.
[WARNING CTS-0179] No paths found for pin uart_0/fifo_uart_r/mem\[15\]\[5\]$_DFFE_PP_/CLK.
[WARNING CTS-0179] No paths found for pin uart_0/fifo_uart_r/mem\[13\]\[5\]$_DFFE_PP_/CLK.
[WARNING CTS-0179] No paths found for pin uart_0/fifo_uart_r/mem\[1\]\[16\]$_DFFE_PP_/CLK.
[WARNING CTS-0179] No paths found for pin uart_0/fifo_uart_r/mem\[4\]\[16\]$_DFFE_PP_/CLK.
[WARNING CTS-0179] No paths found for pin uart_0/fifo_uart_r/mem\[2\]\[5\]$_DFFE_PP_/CLK.
[WARNING CTS-0179] No paths found for pin uart_0/fifo_uart_r/mem\[5\]\[16\]$_DFFE_PP_/CLK.
[WARNING CTS-0179] No paths found for pin uart_0/fifo_uart_r/mem\[0\]\[16\]$_DFFE_PP_/CLK.
[WARNING CTS-0179] No paths found for pin uart_0/fifo_uart_r/mem\[0\]\[7\]$_DFFE_PP_/CLK.
[WARNING CTS-0179] No paths found for pin uart_0/fifo_uart_r/mem\[4\]\[7\]$_DFFE_PP_/CLK.
[WARNING CTS-0179] No paths found for pin uart_0/fifo_uart_r/mem\[8\]\[18\]$_DFFE_PP_/CLK.
[WARNING CTS-0179] No paths found for pin uart_0/fifo_uart_r/mem\[10\]\[18\]$_DFFE_PP_/CLK.
[WARNING CTS-0179] No paths found for pin uart_0/fifo_uart_r/mem\[10\]\[4\]$_DFFE_PP_/CLK.
[WARNING CTS-0179] No paths found for pin uart_0/fifo_uart_r/mem\[9\]\[4\]$_DFFE_PP_/CLK.
[WARNING CTS-0179] No paths found for pin uart_0/fifo_uart_r/mem\[12\]\[18\]$_DFFE_PP_/CLK.
[WARNING CTS-0179] No paths found for pin uart_0/fifo_uart_r/mem\[3\]\[4\]$_DFFE_PP_/CLK.
[WARNING CTS-0179] No paths found for pin uart_0/fifo_uart_r/mem\[2\]\[4\]$_DFFE_PP_/CLK.
[WARNING CTS-0179] No paths found for pin uart_0/fifo_uart_r/mem\[11\]\[4\]$_DFFE_PP_/CLK.
[WARNING CTS-0179] No paths found for pin uart_0/fifo_uart_r/mem\[14\]\[18\]$_DFFE_PP_/CLK.
[WARNING CTS-0179] No paths found for pin uart_0/fifo_uart_r/mem\[9\]\[12\]$_DFFE_PP_/CLK.
[WARNING CTS-0179] No paths found for pin uart_0/fifo_uart_r/mem\[11\]\[12\]$_DFFE_PP_/CLK.
[WARNING CTS-0179] No paths found for pin uart_0/fifo_uart_r/mem\[15\]\[12\]$_DFFE_PP_/CLK.
[WARNING CTS-0179] No paths found for pin uart_0/fifo_uart_r/mem\[13\]\[12\]$_DFFE_PP_/CLK.
[WARNING CTS-0179] No paths found for pin uart_0/fifo_uart_r/mem\[8\]\[12\]$_DFFE_PP_/CLK.
[WARNING CTS-0179] No paths found for pin uart_0/fifo_uart_r/mem\[10\]\[0\]$_DFFE_PP_/CLK.
[WARNING CTS-0179] No paths found for pin uart_0/fifo_uart_r/mem\[12\]\[0\]$_DFFE_PP_/CLK.
[WARNING CTS-0179] No paths found for pin uart_0/fifo_uart_r/mem\[11\]\[5\]$_DFFE_PP_/CLK.
[WARNING CTS-0179] No paths found for pin uart_0/fifo_uart_r/mem\[9\]\[5\]$_DFFE_PP_/CLK.
[WARNING CTS-0179] No paths found for pin uart_0/fifo_uart_r/mem\[3\]\[9\]$_DFFE_PP_/CLK.
[WARNING CTS-0179] No paths found for pin uart_0/fifo_uart_r/mem\[13\]\[7\]$_DFFE_PP_/CLK.
[WARNING CTS-0179] No paths found for pin uart_0/fifo_uart_r/mem\[8\]\[0\]$_DFFE_PP_/CLK.
[WARNING CTS-0179] No paths found for pin uart_0/fifo_uart_r/mem\[15\]\[7\]$_DFFE_PP_/CLK.
[WARNING CTS-0179] No paths found for pin uart_0/fifo_uart_r/mem\[15\]\[16\]$_DFFE_PP_/CLK.
[WARNING CTS-0179] No paths found for pin uart_0/fifo_uart_r/mem\[11\]\[7\]$_DFFE_PP_/CLK.
[WARNING CTS-0179] No paths found for pin uart_0/fifo_uart_r/mem\[4\]\[0\]$_DFFE_PP_/CLK.
[WARNING CTS-0179] No paths found for pin uart_0/fifo_uart_r/mem\[5\]\[0\]$_DFFE_PP_/CLK.
[WARNING CTS-0179] No paths found for pin uart_0/fifo_uart_r/mem\[0\]\[0\]$_DFFE_PP_/CLK.
[WARNING CTS-0179] No paths found for pin uart_0/fifo_uart_r/mem\[1\]\[0\]$_DFFE_PP_/CLK.
[WARNING CTS-0179] No paths found for pin uart_0/fifo_uart_r/mem\[14\]\[0\]$_DFFE_PP_/CLK.
[WARNING CTS-0179] No paths found for pin uart_0/fifo_uart_r/mem\[13\]\[0\]$_DFFE_PP_/CLK.
[WARNING CTS-0179] No paths found for pin uart_0/fifo_uart_r/mem\[9\]\[0\]$_DFFE_PP_/CLK.
[WARNING CTS-0179] No paths found for pin uart_0/fifo_uart_r/mem\[15\]\[0\]$_DFFE_PP_/CLK.
[WARNING CTS-0179] No paths found for pin uart_0/fifo_uart_r/mem\[11\]\[0\]$_DFFE_PP_/CLK.
[WARNING CTS-0179] No paths found for pin uart_0/fifo_uart_r/mem\[15\]\[25\]$_DFFE_PP_/CLK.
[WARNING CTS-0179] No paths found for pin uart_0/fifo_uart_r/mem\[9\]\[25\]$_DFFE_PP_/CLK.
[WARNING CTS-0179] No paths found for pin uart_0/fifo_uart_r/mem\[4\]\[4\]$_DFFE_PP_/CLK.
[WARNING CTS-0179] No paths found for pin uart_0/fifo_uart_r/mem\[14\]\[21\]$_DFFE_PP_/CLK.
[WARNING CTS-0179] No paths found for pin uart_0/fifo_uart_r/mem\[8\]\[21\]$_DFFE_PP_/CLK.
[WARNING CTS-0179] No paths found for pin uart_0/fifo_uart_r/mem\[10\]\[21\]$_DFFE_PP_/CLK.
[WARNING CTS-0179] No paths found for pin uart_0/fifo_uart_r/mem\[12\]\[21\]$_DFFE_PP_/CLK.
[WARNING CTS-0179] No paths found for pin uart_0/fifo_uart_r/mem\[6\]\[4\]$_DFFE_PP_/CLK.
[WARNING CTS-0179] No paths found for pin uart_0/fifo_uart_r/mem\[14\]\[23\]$_DFFE_PP_/CLK.
[WARNING CTS-0179] No paths found for pin uart_0/fifo_uart_r/mem\[10\]\[23\]$_DFFE_PP_/CLK.
[WARNING CTS-0179] No paths found for pin uart_0/fifo_uart_r/mem\[12\]\[23\]$_DFFE_PP_/CLK.
[WARNING CTS-0179] No paths found for pin uart_0/fifo_uart_r/mem\[8\]\[23\]$_DFFE_PP_/CLK.
[WARNING CTS-0179] No paths found for pin uart_0/fifo_uart_r/mem\[12\]\[25\]$_DFFE_PP_/CLK.
[WARNING CTS-0179] No paths found for pin uart_0/fifo_uart_r/mem\[9\]\[23\]$_DFFE_PP_/CLK.
[WARNING CTS-0179] No paths found for pin uart_0/fifo_uart_r/mem\[6\]\[23\]$_DFFE_PP_/CLK.
[WARNING CTS-0179] No paths found for pin uart_0/fifo_uart_r/mem\[7\]\[23\]$_DFFE_PP_/CLK.
[WARNING CTS-0179] No paths found for pin uart_0/fifo_uart_r/mem\[3\]\[23\]$_DFFE_PP_/CLK.
[WARNING CTS-0179] No paths found for pin uart_0/uart_0/uart_control_reg\[22\]$_SDFFE_PP0P_/CLK.
[WARNING CTS-0179] No paths found for pin uart_0/uart_0/uart_divider_reg\[26\]$_SDFFE_PP0P_/CLK.
[WARNING CTS-0179] No paths found for pin uart_0/uart_0/uart_control_reg\[26\]$_SDFFE_PP0P_/CLK.
[WARNING CTS-0179] No paths found for pin uart_0/uart_0/uart_control_reg\[29\]$_SDFFE_PP0P_/CLK.
[WARNING CTS-0179] No paths found for pin uart_0/uart_0/uart_control_reg\[17\]$_SDFFE_PP0P_/CLK.
[WARNING CTS-0179] No paths found for pin uart_0/uart_0/uart_divider_reg\[29\]$_SDFFE_PP0P_/CLK.
[WARNING CTS-0179] No paths found for pin uart_0/uart_0/uart_divider_reg\[17\]$_SDFFE_PP0P_/CLK.
[WARNING CTS-0179] No paths found for pin uart_0/uart_0/uart_divider_reg\[20\]$_SDFFE_PP0P_/CLK.
[WARNING CTS-0179] No paths found for pin uart_0/uart_0/uart_control_reg\[25\]$_SDFFE_PP0P_/CLK.
[WARNING CTS-0179] No paths found for pin uart_0/fifo_uart_w/synchronizers_1_clk_2\[1\]$_SDFF_PP0_/CLK.
[WARNING CTS-0179] No paths found for pin uart_0/fifo_uart_w/synchronizers_2_clk_2\[1\]$_SDFF_PP0_/CLK.
[WARNING CTS-0179] No paths found for pin uart_0/fifo_uart_w/synchronizers_1_clk_2\[2\]$_SDFF_PP0_/CLK.
[WARNING CTS-0179] No paths found for pin uart_0/fifo_uart_w/synchronizers_2_clk_2\[0\]$_SDFF_PP0_/CLK.
[WARNING CTS-0179] No paths found for pin uart_0/fifo_uart_w/synchronizers_2_clk_2\[4\]$_SDFF_PP0_/CLK.
[WARNING CTS-0179] No paths found for pin uart_0/fifo_uart_w/counter_2\[4\]$_SDFFE_PP0P_/CLK.
[WARNING CTS-0179] No paths found for pin uart_0/fifo_uart_r/mem\[3\]\[20\]$_DFFE_PP_/CLK.
[WARNING CTS-0179] No paths found for pin uart_0/fifo_uart_r/mem\[6\]\[20\]$_DFFE_PP_/CLK.
[WARNING CTS-0179] No paths found for pin uart_0/fifo_uart_w/synchronizers_2_clk_2\[2\]$_SDFF_PP0_/CLK.
[WARNING CTS-0179] No paths found for pin uart_0/uart_0/uart_divider_reg\[22\]$_SDFFE_PP0P_/CLK.
[WARNING CTS-0179] No paths found for pin uart_0/fifo_uart_r/mem\[7\]\[20\]$_DFFE_PP_/CLK.
[WARNING CTS-0179] No paths found for pin uart_0/fifo_uart_w/counter_2\[3\]$_SDFFE_PP0P_/CLK.
[WARNING CTS-0179] No paths found for pin uart_0/fifo_uart_w/counter_2\[0\]$_SDFFE_PP0P_/CLK.
[WARNING CTS-0179] No paths found for pin uart_0/fifo_uart_w/counter_2\[1\]$_SDFFE_PP0P_/CLK.
[WARNING CTS-0179] No paths found for pin uart_0/fifo_uart_w/synchronizers_2_clk_2\[3\]$_SDFF_PP0_/CLK.
[WARNING CTS-0179] No paths found for pin uart_0/fifo_uart_w/synchronizers_1_clk_2\[4\]$_SDFF_PP0_/CLK.
[WARNING CTS-0179] No paths found for pin uart_0/fifo_uart_w/synchronizers_1_clk_2\[0\]$_SDFF_PP0_/CLK.
[WARNING CTS-0179] No paths found for pin uart_0/fifo_uart_w/synchronizers_1_clk_2\[3\]$_SDFF_PP0_/CLK.
[WARNING CTS-0179] No paths found for pin uart_0/uart_0/uart_control_reg\[30\]$_SDFFE_PP0P_/CLK.
[WARNING CTS-0179] No paths found for pin uart_0/uart_0/rx_shift\[0\]$_SDFFE_PP0P_/CLK.
[WARNING CTS-0179] No paths found for pin uart_0/uart_0/rx_data_reg\[0\]$_SDFFE_PP0P_/CLK.
[WARNING CTS-0179] No paths found for pin uart_0/uart_0/uart_divider_reg\[27\]$_SDFFE_PP0P_/CLK.
[WARNING CTS-0179] No paths found for pin uart_0/uart_0/uart_control_reg\[27\]$_SDFFE_PP0P_/CLK.
[WARNING CTS-0179] No paths found for pin uart_0/uart_0/rx_data_reg\[2\]$_SDFFE_PP0P_/CLK.
[WARNING CTS-0179] No paths found for pin uart_0/uart_0/rx_shift\[2\]$_SDFFE_PP0P_/CLK.
[WARNING CTS-0179] No paths found for pin uart_0/uart_0/rx_data_reg\[1\]$_SDFFE_PP0P_/CLK.
[WARNING CTS-0179] No paths found for pin uart_0/uart_0/uart_control_reg\[0\]$_SDFFE_PP0P_/CLK.
[WARNING CTS-0179] No paths found for pin uart_0/uart_0/rx_data_reg\[6\]$_SDFFE_PP0P_/CLK.
[WARNING CTS-0179] No paths found for pin uart_0/uart_0/rx_data_reg\[5\]$_SDFFE_PP0P_/CLK.
[WARNING CTS-0179] No paths found for pin uart_0/uart_0/rx_shift\[1\]$_SDFFE_PP0P_/CLK.
[WARNING CTS-0179] No paths found for pin uart_0/uart_0/rx_shift\[3\]$_SDFFE_PP0P_/CLK.
[WARNING CTS-0179] No paths found for pin uart_0/uart_0/rx_data_reg\[3\]$_SDFFE_PP0P_/CLK.
[WARNING CTS-0179] No paths found for pin uart_0/uart_0/rx_valid$_SDFF_PP0_/CLK.
[WARNING CTS-0179] No paths found for pin uart_0/uart_0/uart_control_reg\[2\]$_SDFFE_PP0P_/CLK.
[WARNING CTS-0179] No paths found for pin uart_0/uart_0/rx_overrun$_SDFF_PP0_/CLK.
[WARNING CTS-0179] No paths found for pin uart_0/uart_0/uart_control_reg\[3\]$_SDFFE_PP0P_/CLK.
[WARNING CTS-0179] No paths found for pin uart_0/uart_0/uart_divider_reg\[24\]$_SDFFE_PP0P_/CLK.
[WARNING CTS-0179] No paths found for pin uart_0/fifo_uart_r/mem\[13\]\[21\]$_DFFE_PP_/CLK.
[WARNING CTS-0179] No paths found for pin uart_0/uart_0/uart_control_reg\[24\]$_SDFFE_PP0P_/CLK.
[WARNING CTS-0179] No paths found for pin uart_0/fifo_uart_r/mem\[9\]\[21\]$_DFFE_PP_/CLK.
[WARNING CTS-0179] No paths found for pin uart_0/fifo_uart_r/mem\[15\]\[21\]$_DFFE_PP_/CLK.
[WARNING CTS-0179] No paths found for pin uart_0/fifo_uart_r/mem\[13\]\[18\]$_DFFE_PP_/CLK.
[WARNING CTS-0179] No paths found for pin uart_0/fifo_uart_r/mem\[11\]\[21\]$_DFFE_PP_/CLK.
[WARNING CTS-0179] No paths found for pin uart_0/fifo_uart_r/mem\[9\]\[18\]$_DFFE_PP_/CLK.
[WARNING CTS-0179] No paths found for pin uart_0/fifo_uart_r/mem\[8\]\[28\]$_DFFE_PP_/CLK.
[WARNING CTS-0179] No paths found for pin uart_0/fifo_uart_r/mem\[10\]\[28\]$_DFFE_PP_/CLK.
[WARNING CTS-0179] No paths found for pin uart_0/fifo_uart_r/mem\[14\]\[28\]$_DFFE_PP_/CLK.
[WARNING CTS-0179] No paths found for pin uart_0/fifo_uart_r/mem\[11\]\[18\]$_DFFE_PP_/CLK.
[WARNING CTS-0179] No paths found for pin uart_0/fifo_uart_r/mem\[12\]\[28\]$_DFFE_PP_/CLK.
[WARNING CTS-0179] No paths found for pin uart_0/fifo_uart_r/mem\[9\]\[28\]$_DFFE_PP_/CLK.
[WARNING CTS-0179] No paths found for pin uart_0/fifo_uart_r/mem\[11\]\[28\]$_DFFE_PP_/CLK.
[WARNING CTS-0179] No paths found for pin uart_0/fifo_uart_r/mem\[15\]\[28\]$_DFFE_PP_/CLK.
[WARNING CTS-0179] No paths found for pin uart_0/fifo_uart_r/mem\[15\]\[18\]$_DFFE_PP_/CLK.
[WARNING CTS-0179] No paths found for pin uart_0/fifo_uart_r/mem\[13\]\[28\]$_DFFE_PP_/CLK.
[WARNING CTS-0179] No paths found for pin uart_0/fifo_uart_r/counter_1\[1\]$_SDFFE_PP0P_/CLK.
[WARNING CTS-0179] No paths found for pin uart_0/fifo_uart_r/mem\[9\]\[1\]$_DFFE_PP_/CLK.
[WARNING CTS-0179] No paths found for pin uart_0/fifo_uart_r/mem\[11\]\[1\]$_DFFE_PP_/CLK.
[WARNING CTS-0179] No paths found for pin uart_0/uart_0/uart_control_reg\[16\]$_SDFFE_PP0P_/CLK.
[WARNING CTS-0179] No paths found for pin uart_0/uart_0/uart_divider_reg\[16\]$_SDFFE_PP0P_/CLK.
[WARNING CTS-0179] No paths found for pin uart_0/uart_0/uart_control_reg\[4\]$_SDFFE_PP0P_/CLK.
[WARNING CTS-0179] No paths found for pin uart_0/uart_0/rx_data_reg\[4\]$_SDFFE_PP0P_/CLK.
[WARNING CTS-0179] No paths found for pin uart_0/uart_0/rx_shift\[4\]$_SDFFE_PP0P_/CLK.
[WARNING CTS-0179] No paths found for pin uart_0/uart_0/rx_shift\[5\]$_SDFFE_PP0P_/CLK.
[WARNING CTS-0179] No paths found for pin uart_0/uart_0/rx_data_reg\[7\]$_SDFFE_PP0P_/CLK.
[WARNING CTS-0179] No paths found for pin uart_0/uart_0/uart_control_reg\[11\]$_SDFFE_PP0P_/CLK.
[WARNING CTS-0179] No paths found for pin uart_0/uart_0/uart_control_reg\[12\]$_SDFFE_PP0P_/CLK.
[WARNING CTS-0179] No paths found for pin uart_0/uart_0/uart_divider_reg\[12\]$_SDFFE_PP0P_/CLK.
[WARNING CTS-0179] No paths found for pin uart_0/uart_0/uart_control_reg\[14\]$_SDFFE_PP0P_/CLK.
[WARNING CTS-0179] No paths found for pin uart_0/uart_0/uart_control_reg\[9\]$_SDFFE_PP0P_/CLK.
[WARNING CTS-0179] No paths found for pin uart_0/uart_0/uart_divider_reg\[28\]$_SDFFE_PP0P_/CLK.
[WARNING CTS-0179] No paths found for pin uart_0/fifo_uart_r/mem\[2\]\[28\]$_DFFE_PP_/CLK.
[WARNING CTS-0179] No paths found for pin uart_0/fifo_uart_r/mem\[15\]\[1\]$_DFFE_PP_/CLK.
[WARNING CTS-0179] No paths found for pin uart_0/fifo_uart_r/mem\[13\]\[1\]$_DFFE_PP_/CLK.
[WARNING CTS-0179] No paths found for pin uart_0/uart_0/uart_control_reg\[28\]$_SDFFE_PP0P_/CLK.
[WARNING CTS-0179] No paths found for pin uart_0/uart_0/uart_divider_reg\[19\]$_SDFFE_PP0P_/CLK.
[WARNING CTS-0179] No paths found for pin uart_0/uart_0/uart_control_reg\[23\]$_SDFFE_PP0P_/CLK.
[WARNING CTS-0179] No paths found for pin uart_0/uart_0/uart_control_reg\[18\]$_SDFFE_PP0P_/CLK.
[WARNING CTS-0179] No paths found for pin uart_0/uart_0/uart_control_reg\[19\]$_SDFFE_PP0P_/CLK.
[WARNING CTS-0179] No paths found for pin uart_0/uart_0/uart_divider_reg\[18\]$_SDFFE_PP0P_/CLK.
[WARNING CTS-0179] No paths found for pin uart_0/uart_0/uart_control_reg\[15\]$_SDFFE_PP0P_/CLK.
[WARNING CTS-0179] No paths found for pin uart_0/uart_0/uart_control_reg\[21\]$_SDFFE_PP0P_/CLK.
[WARNING CTS-0179] No paths found for pin uart_0/uart_0/tx_bit_cnt\[1\]$_SDFFE_PP0P_/CLK.
[WARNING CTS-0179] No paths found for pin uart_0/uart_0/uart_divider_reg\[21\]$_SDFFE_PP0P_/CLK.
[WARNING CTS-0179] No paths found for pin uart_0/uart_0/uart_divider_reg\[15\]$_SDFFE_PP0P_/CLK.
[WARNING CTS-0179] No paths found for pin uart_0/uart_0/tx_bit_cnt\[0\]$_SDFFE_PP0P_/CLK.
[WARNING CTS-0179] No paths found for pin uart_0/uart_0/tx_bit_cnt\[2\]$_SDFFE_PP0P_/CLK.
[WARNING CTS-0179] No paths found for pin uart_0/uart_0/tx_shift\[8\]$_SDFFE_PP1P_/CLK.
[WARNING CTS-0179] No paths found for pin uart_0/uart_0/tx_cnt\[0\]$_SDFFE_PP0P_/CLK.
[WARNING CTS-0179] No paths found for pin uart_0/uart_0/tx_cnt\[1\]$_SDFFE_PP0P_/CLK.
[WARNING CTS-0179] No paths found for pin uart_0/uart_0/tx_cnt\[3\]$_SDFFE_PP0P_/CLK.
[WARNING CTS-0179] No paths found for pin uart_0/uart_0/tx_cnt\[2\]$_SDFFE_PP0P_/CLK.
[WARNING CTS-0179] No paths found for pin uart_0/uart_0/tx_cnt\[7\]$_SDFFE_PP0P_/CLK.
[WARNING CTS-0179] No paths found for pin uart_0/uart_0/tx_cnt\[4\]$_SDFFE_PP0P_/CLK.
[WARNING CTS-0179] No paths found for pin uart_0/uart_0/tx_cnt\[9\]$_SDFFE_PP0P_/CLK.
[WARNING CTS-0179] No paths found for pin uart_0/uart_0/tx_cnt\[6\]$_SDFFE_PP0P_/CLK.
[WARNING CTS-0179] No paths found for pin uart_0/uart_0/tx_cnt\[5\]$_SDFFE_PP0P_/CLK.
[WARNING CTS-0179] No paths found for pin uart_0/uart_0/tx_shift\[7\]$_SDFFE_PP1P_/CLK.
[WARNING CTS-0179] No paths found for pin uart_0/uart_0/uart_divider_reg\[13\]$_SDFFE_PP0P_/CLK.
[WARNING CTS-0179] No paths found for pin uart_0/uart_0/tx_shift\[5\]$_SDFFE_PP1P_/CLK.
[WARNING CTS-0179] No paths found for pin uart_0/uart_0/uart_control_reg\[5\]$_SDFFE_PP0P_/CLK.
[WARNING CTS-0179] No paths found for pin uart_0/uart_0/tx_shift\[6\]$_SDFFE_PP1P_/CLK.
[WARNING CTS-0179] No paths found for pin uart_0/uart_0/uart_control_reg\[7\]$_SDFFE_PP0P_/CLK.
[WARNING CTS-0179] No paths found for pin uart_0/uart_0/tx_shift\[4\]$_SDFFE_PP1P_/CLK.
[WARNING CTS-0179] No paths found for pin uart_0/uart_0/uart_control_reg\[1\]$_SDFFE_PP0P_/CLK.
[WARNING CTS-0179] No paths found for pin uart_0/uart_0/uart_divider_reg\[1\]$_SDFFE_PP0P_/CLK.
[WARNING CTS-0179] No paths found for pin uart_0/uart_0/uart_divider_reg\[4\]$_SDFFE_PP0P_/CLK.
[WARNING CTS-0179] No paths found for pin uart_0/uart_0/uart_divider_reg\[3\]$_SDFFE_PP0P_/CLK.
[WARNING CTS-0179] No paths found for pin uart_0/uart_0/rx_shift\[6\]$_SDFFE_PP0P_/CLK.
[WARNING CTS-0179] No paths found for pin uart_0/uart_0/uart_divider_reg\[0\]$_SDFFE_PP0P_/CLK.
[WARNING CTS-0179] No paths found for pin uart_0/uart_0/tx_shift\[2\]$_SDFFE_PP1P_/CLK.
[WARNING CTS-0179] No paths found for pin uart_0/uart_0/uart_control_reg\[8\]$_SDFFE_PP0P_/CLK.
[WARNING CTS-0179] No paths found for pin uart_0/uart_0/tx_shift\[3\]$_SDFFE_PP1P_/CLK.
[WARNING CTS-0179] No paths found for pin uart_0/uart_0/uart_control_reg\[13\]$_SDFFE_PP0P_/CLK.
[WARNING CTS-0179] No paths found for pin uart_0/uart_0/uart_divider_reg\[8\]$_SDFFE_PP0P_/CLK.
[WARNING CTS-0179] No paths found for pin uart_0/uart_0/tx_busy$_SDFF_PP0_/CLK.
[WARNING CTS-0179] No paths found for pin uart_0/uart_0/tx_bit_cnt\[3\]$_SDFFE_PP0P_/CLK.
[WARNING CTS-0179] No paths found for pin uart_0/uart_0/tx_shift\[1\]$_SDFFE_PP1P_/CLK.
[WARNING CTS-0179] No paths found for pin uart_0/uart_0/tx_shift\[0\]$_SDFFE_PP1P_/CLK.
[WARNING CTS-0179] No paths found for pin uart_0/uart_0/uart_divider_reg\[23\]$_SDFFE_PP0P_/CLK.
[WARNING CTS-0179] No paths found for pin uart_0/uart_0/uart_divider_reg\[25\]$_SDFFE_PP0P_/CLK.
[WARNING CTS-0179] No paths found for pin uart_0/uart_0/uart_divider_reg\[30\]$_SDFFE_PP0P_/CLK.
[WARNING CTS-0179] No paths found for pin uart_0/uart_0/uart_control_reg\[20\]$_SDFFE_PP0P_/CLK.
[WARNING CTS-0179] No paths found for pin uart_0/uart_0/uart_divider_reg\[31\]$_SDFFE_PP0P_/CLK.
[WARNING CTS-0179] No paths found for pin uart_0/uart_0/uart_control_reg\[31\]$_SDFFE_PP0P_/CLK.
[WARNING CTS-0179] No paths found for pin uart_0/uart_0/rx_sync\[0\]$_SDFF_PP1_/CLK.
[WARNING CTS-0179] No paths found for pin uart_0/uart_0/rx_sync\[1\]$_SDFF_PP1_/CLK.
[WARNING CTS-0179] No paths found for pin uart_0/fifo_uart_r/mem\[0\]\[28\]$_DFFE_PP_/CLK.
[WARNING CTS-0179] No paths found for pin uart_0/fifo_uart_r/mem\[1\]\[28\]$_DFFE_PP_/CLK.
[WARNING CTS-0179] No paths found for pin uart_0/fifo_uart_r/mem\[5\]\[28\]$_DFFE_PP_/CLK.
[WARNING CTS-0179] No paths found for pin uart_0/fifo_uart_r/mem\[4\]\[28\]$_DFFE_PP_/CLK.
[WARNING CTS-0179] No paths found for pin uart_0/uart_0/rx_cnt\[15\]$_SDFFE_PP0P_/CLK.
[WARNING CTS-0179] No paths found for pin uart_0/uart_0/uart_control_reg\[10\]$_SDFFE_PP0P_/CLK.
[WARNING CTS-0179] No paths found for pin uart_0/uart_0/uart_divider_reg\[9\]$_SDFFE_PP0P_/CLK.
[WARNING CTS-0179] No paths found for pin uart_0/uart_0/rx_cnt\[14\]$_SDFFE_PP0P_/CLK.
[WARNING CTS-0179] No paths found for pin uart_0/uart_0/frame_err$_SDFF_PP0_/CLK.
[WARNING CTS-0179] No paths found for pin uart_0/uart_0/uart_divider_reg\[14\]$_SDFFE_PP0P_/CLK.
[WARNING CTS-0179] No paths found for pin uart_0/uart_0/uart_divider_reg\[10\]$_SDFFE_PP0P_/CLK.
[WARNING CTS-0179] No paths found for pin uart_0/uart_0/rx_shift\[7\]$_SDFFE_PP0P_/CLK.
[WARNING CTS-0179] No paths found for pin uart_0/uart_0/uart_divider_reg\[2\]$_SDFFE_PP0P_/CLK.
[WARNING CTS-0179] No paths found for pin uart_0/uart_0/uart_divider_reg\[7\]$_SDFFE_PP0P_/CLK.
[WARNING CTS-0179] No paths found for pin uart_0/uart_0/uart_divider_reg\[6\]$_SDFFE_PP0P_/CLK.
[WARNING CTS-0179] No paths found for pin uart_0/uart_0/uart_control_reg\[6\]$_SDFFE_PP0P_/CLK.
[WARNING CTS-0179] No paths found for pin uart_0/uart_0/uart_divider_reg\[5\]$_SDFFE_PP0P_/CLK.
[WARNING CTS-0179] No paths found for pin uart_0/uart_0/uart_divider_reg\[11\]$_SDFFE_PP0P_/CLK.
[WARNING CTS-0179] No paths found for pin uart_0/uart_0/tx_cnt\[14\]$_SDFFE_PP0P_/CLK.
[WARNING CTS-0179] No paths found for pin uart_0/uart_0/tx_cnt\[12\]$_SDFFE_PP0P_/CLK.
[WARNING CTS-0179] No paths found for pin uart_0/uart_0/tx_cnt\[15\]$_SDFFE_PP0P_/CLK.
[WARNING CTS-0179] No paths found for pin uart_0/uart_0/tx_cnt\[13\]$_SDFFE_PP0P_/CLK.
[WARNING CTS-0179] No paths found for pin uart_0/uart_0/tx_cnt\[10\]$_SDFFE_PP0P_/CLK.
[WARNING CTS-0179] No paths found for pin uart_0/uart_0/tx_cnt\[8\]$_SDFFE_PP0P_/CLK.
[WARNING CTS-0179] No paths found for pin uart_0/uart_0/tx_cnt\[11\]$_SDFFE_PP0P_/CLK.
[WARNING CTS-0179] No paths found for pin uart_0/uart_0/rx_cnt\[5\]$_SDFFE_PP0P_/CLK.
[WARNING CTS-0179] No paths found for pin uart_0/fifo_uart_r/mem\[13\]\[29\]$_DFFE_PP_/CLK.
[WARNING CTS-0179] No paths found for pin uart_0/fifo_uart_r/mem\[14\]\[31\]$_DFFE_PP_/CLK.
[WARNING CTS-0179] No paths found for pin uart_0/fifo_uart_r/mem\[8\]\[31\]$_DFFE_PP_/CLK.
[WARNING CTS-0179] No paths found for pin uart_0/fifo_uart_r/mem\[10\]\[31\]$_DFFE_PP_/CLK.
[WARNING CTS-0179] No paths found for pin uart_0/fifo_uart_r/mem\[14\]\[29\]$_DFFE_PP_/CLK.
[WARNING CTS-0179] No paths found for pin uart_0/fifo_uart_r/mem\[12\]\[29\]$_DFFE_PP_/CLK.
[WARNING CTS-0179] No paths found for pin uart_0/fifo_uart_r/mem\[10\]\[29\]$_DFFE_PP_/CLK.
[WARNING CTS-0179] No paths found for pin uart_0/fifo_uart_r/mem\[15\]\[29\]$_DFFE_PP_/CLK.
[WARNING CTS-0179] No paths found for pin uart_0/fifo_uart_r/mem\[8\]\[29\]$_DFFE_PP_/CLK.
[WARNING CTS-0179] No paths found for pin uart_0/fifo_uart_r/mem\[14\]\[2\]$_DFFE_PP_/CLK.
[WARNING CTS-0179] No paths found for pin uart_0/fifo_uart_r/mem\[15\]\[2\]$_DFFE_PP_/CLK.
[WARNING CTS-0179] No paths found for pin uart_0/fifo_uart_r/mem\[9\]\[29\]$_DFFE_PP_/CLK.
[WARNING CTS-0179] No paths found for pin uart_0/fifo_uart_r/mem\[13\]\[2\]$_DFFE_PP_/CLK.
[WARNING CTS-0179] No paths found for pin uart_0/fifo_uart_r/mem\[11\]\[2\]$_DFFE_PP_/CLK.
[WARNING CTS-0179] No paths found for pin uart_0/fifo_uart_r/mem\[2\]\[3\]$_DFFE_PP_/CLK.
[WARNING CTS-0179] No paths found for pin uart_0/fifo_uart_r/mem\[7\]\[3\]$_DFFE_PP_/CLK.
[WARNING CTS-0179] No paths found for pin uart_0/fifo_uart_r/mem\[11\]\[29\]$_DFFE_PP_/CLK.
[WARNING CTS-0179] No paths found for pin uart_0/fifo_uart_r/mem\[2\]\[29\]$_DFFE_PP_/CLK.
[WARNING CTS-0179] No paths found for pin uart_0/fifo_uart_r/mem\[3\]\[29\]$_DFFE_PP_/CLK.
[WARNING CTS-0179] No paths found for pin uart_0/fifo_uart_r/mem\[6\]\[29\]$_DFFE_PP_/CLK.
[WARNING CTS-0179] No paths found for pin uart_0/fifo_uart_r/mem\[1\]\[29\]$_DFFE_PP_/CLK.
[WARNING CTS-0179] No paths found for pin uart_0/fifo_uart_r/mem\[4\]\[2\]$_DFFE_PP_/CLK.
[WARNING CTS-0179] No paths found for pin uart_0/fifo_uart_r/mem\[3\]\[3\]$_DFFE_PP_/CLK.
[WARNING CTS-0179] No paths found for pin uart_0/fifo_uart_r/mem\[6\]\[3\]$_DFFE_PP_/CLK.
[WARNING CTS-0179] No paths found for pin uart_0/fifo_uart_r/mem\[7\]\[2\]$_DFFE_PP_/CLK.
[WARNING CTS-0179] No paths found for pin uart_0/fifo_uart_r/mem\[2\]\[2\]$_DFFE_PP_/CLK.
[WARNING CTS-0179] No paths found for pin uart_0/fifo_uart_r/mem\[0\]\[2\]$_DFFE_PP_/CLK.
[WARNING CTS-0179] No paths found for pin uart_0/fifo_uart_r/mem\[4\]\[3\]$_DFFE_PP_/CLK.
[WARNING CTS-0179] No paths found for pin uart_0/fifo_uart_r/mem\[1\]\[3\]$_DFFE_PP_/CLK.
[WARNING CTS-0179] No paths found for pin uart_0/fifo_uart_r/mem\[1\]\[2\]$_DFFE_PP_/CLK.
[WARNING CTS-0179] No paths found for pin uart_0/fifo_uart_r/mem\[0\]\[29\]$_DFFE_PP_/CLK.
[WARNING CTS-0179] No paths found for pin uart_0/fifo_uart_r/mem\[5\]\[29\]$_DFFE_PP_/CLK.
[WARNING CTS-0179] No paths found for pin uart_0/fifo_uart_r/mem\[10\]\[6\]$_DFFE_PP_/CLK.
[WARNING CTS-0179] No paths found for pin uart_0/fifo_uart_r/mem\[4\]\[29\]$_DFFE_PP_/CLK.
[WARNING CTS-0179] No paths found for pin uart_0/fifo_uart_r/mem\[7\]\[29\]$_DFFE_PP_/CLK.
[WARNING CTS-0179] No paths found for pin uart_0/fifo_uart_r/counter_1\[2\]$_SDFFE_PP0P_/CLK.
[WARNING CTS-0179] No paths found for pin uart_0/fifo_uart_r/mem\[5\]\[2\]$_DFFE_PP_/CLK.
[WARNING CTS-0179] No paths found for pin uart_0/fifo_uart_r/synchronizers_2_clk_1\[2\]$_SDFF_PP0_/CLK.
[WARNING CTS-0179] No paths found for pin uart_0/fifo_uart_r/synchronizers_2_clk_1\[3\]$_SDFF_PP0_/CLK.
[WARNING CTS-0179] No paths found for pin uart_0/fifo_uart_r/counter_1\[0\]$_SDFFE_PP0P_/CLK.
[WARNING CTS-0179] No paths found for pin uart_0/fifo_uart_r/counter_1\[4\]$_SDFFE_PP0P_/CLK.
[WARNING CTS-0179] No paths found for pin uart_0/fifo_uart_r/mem\[7\]\[4\]$_DFFE_PP_/CLK.
[WARNING CTS-0179] No paths found for pin uart_0/fifo_uart_r/mem\[15\]\[4\]$_DFFE_PP_/CLK.
[WARNING CTS-0179] No paths found for pin uart_0/fifo_uart_r/mem\[13\]\[4\]$_DFFE_PP_/CLK.
[WARNING CTS-0179] No paths found for pin uart_0/fifo_uart_r/synchronizers_2_clk_1\[4\]$_SDFF_PP0_/CLK.
[WARNING CTS-0179] No paths found for pin uart_0/fifo_uart_r/synchronizers_1_clk_1\[4\]$_SDFF_PP0_/CLK.
[WARNING CTS-0179] No paths found for pin uart_0/fifo_uart_r/mem\[12\]\[4\]$_DFFE_PP_/CLK.
[WARNING CTS-0179] No paths found for pin uart_0/fifo_uart_r/mem\[14\]\[4\]$_DFFE_PP_/CLK.
[WARNING CTS-0179] No paths found for pin uart_0/fifo_uart_r/mem\[8\]\[4\]$_DFFE_PP_/CLK.
[WARNING CTS-0179] No paths found for pin uart_0/fifo_uart_r/synchronizers_1_clk_1\[0\]$_SDFF_PP0_/CLK.
[WARNING CTS-0179] No paths found for pin uart_0/fifo_uart_r/synchronizers_2_clk_1\[0\]$_SDFF_PP0_/CLK.
[WARNING CTS-0179] No paths found for pin uart_0/fifo_uart_r/mem\[5\]\[7\]$_DFFE_PP_/CLK.
[WARNING CTS-0179] No paths found for pin uart_0/fifo_uart_r/synchronizers_1_clk_1\[1\]$_SDFF_PP0_/CLK.
[WARNING CTS-0179] No paths found for pin uart_0/fifo_uart_r/synchronizers_2_clk_1\[1\]$_SDFF_PP0_/CLK.
[WARNING CTS-0179] No paths found for pin uart_0/fifo_uart_r/mem\[10\]\[5\]$_DFFE_PP_/CLK.
[WARNING CTS-0179] No paths found for pin uart_0/fifo_uart_r/mem\[8\]\[5\]$_DFFE_PP_/CLK.
[WARNING CTS-0179] No paths found for pin uart_0/fifo_uart_r/mem\[1\]\[27\]$_DFFE_PP_/CLK.
[WARNING CTS-0179] No paths found for pin uart_0/fifo_uart_r/mem\[0\]\[27\]$_DFFE_PP_/CLK.
[WARNING CTS-0179] No paths found for pin uart_0/fifo_uart_r/mem\[5\]\[27\]$_DFFE_PP_/CLK.
[WARNING CTS-0179] No paths found for pin uart_0/fifo_uart_r/mem\[4\]\[27\]$_DFFE_PP_/CLK.
[WARNING CTS-0179] No paths found for pin uart_0/fifo_uart_r/mem\[6\]\[27\]$_DFFE_PP_/CLK.
[WARNING CTS-0179] No paths found for pin uart_0/fifo_uart_r/mem\[2\]\[27\]$_DFFE_PP_/CLK.
[WARNING CTS-0179] No paths found for pin uart_0/fifo_uart_r/mem\[7\]\[27\]$_DFFE_PP_/CLK.
[WARNING CTS-0179] No paths found for pin uart_0/fifo_uart_r/mem\[0\]\[3\]$_DFFE_PP_/CLK.
[WARNING CTS-0179] No paths found for pin uart_0/fifo_uart_r/mem\[3\]\[27\]$_DFFE_PP_/CLK.
[WARNING CTS-0179] No paths found for pin uart_0/fifo_uart_r/mem\[11\]\[3\]$_DFFE_PP_/CLK.
[WARNING CTS-0179] No paths found for pin uart_0/fifo_uart_r/mem\[9\]\[3\]$_DFFE_PP_/CLK.
[WARNING CTS-0179] No paths found for pin uart_0/fifo_uart_r/mem\[11\]\[27\]$_DFFE_PP_/CLK.
[WARNING CTS-0179] No paths found for pin uart_0/fifo_uart_r/mem\[9\]\[27\]$_DFFE_PP_/CLK.
[WARNING CTS-0179] No paths found for pin uart_0/fifo_uart_r/mem\[15\]\[27\]$_DFFE_PP_/CLK.
[WARNING CTS-0179] No paths found for pin uart_0/fifo_uart_r/mem\[13\]\[3\]$_DFFE_PP_/CLK.
[WARNING CTS-0179] No paths found for pin uart_0/fifo_uart_r/mem\[15\]\[3\]$_DFFE_PP_/CLK.
[WARNING CTS-0179] No paths found for pin uart_0/fifo_uart_r/mem\[3\]\[2\]$_DFFE_PP_/CLK.
[WARNING CTS-0179] No paths found for pin uart_0/fifo_uart_r/mem\[6\]\[2\]$_DFFE_PP_/CLK.
[WARNING CTS-0179] No paths found for pin uart_0/fifo_uart_r/mem\[9\]\[2\]$_DFFE_PP_/CLK.
[WARNING CTS-0179] No paths found for pin uart_0/fifo_uart_r/mem\[13\]\[27\]$_DFFE_PP_/CLK.
[WARNING CTS-0179] No paths found for pin uart_0/fifo_uart_r/mem\[10\]\[2\]$_DFFE_PP_/CLK.
[WARNING CTS-0179] No paths found for pin uart_0/fifo_uart_r/mem\[8\]\[2\]$_DFFE_PP_/CLK.
[WARNING CTS-0179] No paths found for pin uart_0/fifo_uart_r/mem\[12\]\[2\]$_DFFE_PP_/CLK.
[WARNING CTS-0179] No paths found for pin uart_0/fifo_uart_r/mem\[12\]\[3\]$_DFFE_PP_/CLK.
[WARNING CTS-0179] No paths found for pin uart_0/fifo_uart_r/mem\[14\]\[3\]$_DFFE_PP_/CLK.
[WARNING CTS-0179] No paths found for pin uart_0/fifo_uart_r/mem\[8\]\[3\]$_DFFE_PP_/CLK.
[WARNING CTS-0179] No paths found for pin uart_0/fifo_uart_r/mem\[10\]\[3\]$_DFFE_PP_/CLK.
[WARNING CTS-0179] No paths found for pin uart_0/fifo_uart_r/mem\[10\]\[27\]$_DFFE_PP_/CLK.
[WARNING CTS-0179] No paths found for pin uart_0/fifo_uart_r/mem\[12\]\[27\]$_DFFE_PP_/CLK.
[WARNING CTS-0179] No paths found for pin uart_0/fifo_uart_r/mem\[14\]\[27\]$_DFFE_PP_/CLK.
[WARNING CTS-0179] No paths found for pin uart_0/fifo_uart_r/mem\[8\]\[27\]$_DFFE_PP_/CLK.
[WARNING CTS-0179] No paths found for pin uart_0/uart_0/rx_cnt\[10\]$_SDFFE_PP0P_/CLK.
[WARNING CTS-0179] No paths found for pin uart_0/uart_0/rx_cnt\[2\]$_SDFFE_PP0P_/CLK.
[WARNING CTS-0179] No paths found for pin uart_0/uart_0/rx_cnt\[7\]$_SDFFE_PP0P_/CLK.
[WARNING CTS-0179] No paths found for pin uart_0/uart_0/rx_cnt\[4\]$_SDFFE_PP0P_/CLK.
[WARNING CTS-0179] No paths found for pin uart_0/uart_0/rx_cnt\[1\]$_SDFFE_PP0P_/CLK.
[WARNING CTS-0179] No paths found for pin uart_0/uart_0/rx_cnt\[0\]$_SDFFE_PP0P_/CLK.
[WARNING CTS-0179] No paths found for pin uart_0/uart_0/rx_bit_cnt\[1\]$_SDFFE_PP0P_/CLK.
[WARNING CTS-0179] No paths found for pin uart_0/uart_0/rx_bit_cnt\[0\]$_SDFFE_PP0P_/CLK.
[WARNING CTS-0179] No paths found for pin uart_0/uart_0/rx_bit_cnt\[2\]$_SDFFE_PP0P_/CLK.
[WARNING CTS-0179] No paths found for pin uart_0/fifo_uart_r/mem\[4\]\[31\]$_DFFE_PP_/CLK.
[WARNING CTS-0179] No paths found for pin uart_0/fifo_uart_r/mem\[1\]\[31\]$_DFFE_PP_/CLK.
[WARNING CTS-0179] No paths found for pin uart_0/fifo_uart_r/mem\[5\]\[31\]$_DFFE_PP_/CLK.
[WARNING CTS-0179] No paths found for pin uart_0/fifo_uart_r/mem\[4\]\[6\]$_DFFE_PP_/CLK.
[WARNING CTS-0179] No paths found for pin uart_0/fifo_uart_r/mem\[1\]\[6\]$_DFFE_PP_/CLK.
[WARNING CTS-0179] No paths found for pin uart_0/fifo_uart_r/mem\[0\]\[6\]$_DFFE_PP_/CLK.
[WARNING CTS-0179] No paths found for pin uart_0/fifo_uart_r/mem\[7\]\[31\]$_DFFE_PP_/CLK.
[WARNING CTS-0179] No paths found for pin uart_0/fifo_uart_r/mem\[6\]\[31\]$_DFFE_PP_/CLK.
[WARNING CTS-0179] No paths found for pin uart_0/fifo_uart_r/mem\[13\]\[6\]$_DFFE_PP_/CLK.
[WARNING CTS-0179] No paths found for pin uart_0/fifo_uart_r/mem\[3\]\[6\]$_DFFE_PP_/CLK.
[WARNING CTS-0179] No paths found for pin uart_0/fifo_uart_r/mem\[6\]\[6\]$_DFFE_PP_/CLK.
[WARNING CTS-0179] No paths found for pin uart_0/fifo_uart_r/mem\[7\]\[6\]$_DFFE_PP_/CLK.
[WARNING CTS-0179] No paths found for pin uart_0/fifo_uart_r/mem\[5\]\[6\]$_DFFE_PP_/CLK.
[WARNING CTS-0179] No paths found for pin uart_0/fifo_uart_r/mem\[12\]\[31\]$_DFFE_PP_/CLK.
[WARNING CTS-0179] No paths found for pin uart_0/fifo_uart_r/mem\[15\]\[31\]$_DFFE_PP_/CLK.
[WARNING CTS-0179] No paths found for pin uart_0/fifo_uart_r/mem\[13\]\[31\]$_DFFE_PP_/CLK.
[WARNING CTS-0179] No paths found for pin uart_0/fifo_uart_r/mem\[2\]\[6\]$_DFFE_PP_/CLK.
[WARNING CTS-0179] No paths found for pin uart_0/fifo_uart_r/mem\[15\]\[6\]$_DFFE_PP_/CLK.
[WARNING CTS-0179] No paths found for pin uart_0/fifo_uart_r/mem\[11\]\[31\]$_DFFE_PP_/CLK.
[WARNING CTS-0179] No paths found for pin uart_0/fifo_uart_r/mem\[9\]\[31\]$_DFFE_PP_/CLK.
[WARNING CTS-0179] No paths found for pin uart_0/fifo_uart_r/mem\[11\]\[6\]$_DFFE_PP_/CLK.
[WARNING CTS-0179] No paths found for pin uart_0/fifo_uart_r/mem\[9\]\[6\]$_DFFE_PP_/CLK.
[WARNING CTS-0179] No paths found for pin uart_0/fifo_uart_r/mem\[3\]\[31\]$_DFFE_PP_/CLK.
[WARNING CTS-0179] No paths found for pin uart_0/fifo_uart_r/mem\[14\]\[6\]$_DFFE_PP_/CLK.
[WARNING CTS-0179] No paths found for pin uart_0/fifo_uart_r/mem\[12\]\[6\]$_DFFE_PP_/CLK.
[WARNING CTS-0179] No paths found for pin uart_0/fifo_uart_r/mem\[2\]\[31\]$_DFFE_PP_/CLK.
[WARNING CTS-0179] No paths found for pin uart_0/fifo_uart_r/mem\[3\]\[1\]$_DFFE_PP_/CLK.
[WARNING CTS-0179] No paths found for pin uart_0/fifo_uart_r/mem\[0\]\[31\]$_DFFE_PP_/CLK.
[WARNING CTS-0179] No paths found for pin uart_0/fifo_uart_r/mem\[1\]\[1\]$_DFFE_PP_/CLK.
[WARNING CTS-0179] No paths found for pin uart_0/fifo_uart_r/mem\[5\]\[1\]$_DFFE_PP_/CLK.
[WARNING CTS-0179] No paths found for pin uart_0/fifo_uart_r/mem\[4\]\[1\]$_DFFE_PP_/CLK.
[WARNING CTS-0179] No paths found for pin uart_0/fifo_uart_r/mem\[6\]\[1\]$_DFFE_PP_/CLK.
[WARNING CTS-0179] No paths found for pin uart_0/fifo_uart_r/mem\[0\]\[1\]$_DFFE_PP_/CLK.
[WARNING CTS-0179] No paths found for pin uart_0/fifo_uart_r/mem\[7\]\[1\]$_DFFE_PP_/CLK.
[WARNING CTS-0179] No paths found for pin uart_0/fifo_uart_r/mem\[2\]\[1\]$_DFFE_PP_/CLK.
[WARNING CTS-0179] No paths found for pin uart_0/fifo_uart_r/mem\[3\]\[28\]$_DFFE_PP_/CLK.
[WARNING CTS-0179] No paths found for pin uart_0/fifo_uart_r/mem\[6\]\[28\]$_DFFE_PP_/CLK.
[WARNING CTS-0179] No paths found for pin uart_0/fifo_uart_r/mem\[7\]\[28\]$_DFFE_PP_/CLK.
[WARNING CTS-0179] No paths found for pin uart_0/fifo_uart_r/mem\[12\]\[1\]$_DFFE_PP_/CLK.
[WARNING CTS-0179] No paths found for pin uart_0/fifo_uart_r/mem\[14\]\[1\]$_DFFE_PP_/CLK.
[WARNING CTS-0179] No paths found for pin uart_0/fifo_uart_r/mem\[10\]\[1\]$_DFFE_PP_/CLK.
[WARNING CTS-0179] No paths found for pin uart_0/fifo_uart_r/counter_1\[3\]$_SDFFE_PP0P_/CLK.
[WARNING CTS-0179] No paths found for pin uart_0/fifo_uart_r/mem\[8\]\[1\]$_DFFE_PP_/CLK.
[WARNING CTS-0179] No paths found for pin uart_0/fifo_uart_r/mem\[8\]\[6\]$_DFFE_PP_/CLK.
[WARNING CTS-0179] No paths found for pin uart_0/uart_0/rx_cnt\[6\]$_SDFFE_PP0P_/CLK.
[WARNING CTS-0179] No paths found for pin uart_0/uart_0/rx_cnt\[3\]$_SDFFE_PP0P_/CLK.
[WARNING CTS-0179] No paths found for pin uart_0/uart_0/rx_cnt\[11\]$_SDFFE_PP0P_/CLK.
[WARNING CTS-0179] No paths found for pin uart_0/uart_0/rx_cnt\[9\]$_SDFFE_PP0P_/CLK.
[WARNING CTS-0179] No paths found for pin uart_0/uart_0/rx_cnt\[13\]$_SDFFE_PP0P_/CLK.
[WARNING CTS-0179] No paths found for pin uart_0/uart_0/rx_cnt\[8\]$_SDFFE_PP0P_/CLK.
[WARNING CTS-0179] No paths found for pin uart_0/uart_0/rx_cnt\[12\]$_SDFFE_PP0P_/CLK.
[WARNING CTS-0179] No paths found for pin uart_0/uart_0/rx_bit_cnt\[3\]$_SDFFE_PP0P_/CLK.
[WARNING CTS-0179] No paths found for pin uart_0/uart_0/rx_busy$_SDFF_PP0_/CLK.
[INFO CTS-0036]  inserted 0 delay buffers
[INFO CTS-0033] Balancing latency for clock clk_s5_gate
[WARNING CTS-0179] No paths found for pin dot_0/fifo_timer_r/mem\[3\]\[20\]$_DFFE_PP_/CLK.
[WARNING CTS-0179] No paths found for pin dot_0/fifo_timer_r/mem\[7\]\[20\]$_DFFE_PP_/CLK.
[WARNING CTS-0179] No paths found for pin dot_0/fifo_timer_r/mem\[9\]\[17\]$_DFFE_PP_/CLK.
[WARNING CTS-0179] No paths found for pin dot_0/fifo_timer_r/mem\[2\]\[17\]$_DFFE_PP_/CLK.
[WARNING CTS-0179] No paths found for pin dot_0/fifo_timer_r/mem\[6\]\[20\]$_DFFE_PP_/CLK.
[WARNING CTS-0179] No paths found for pin dot_0/fifo_timer_r/mem\[2\]\[20\]$_DFFE_PP_/CLK.
[WARNING CTS-0179] No paths found for pin dot_0/fifo_timer_r/mem\[4\]\[20\]$_DFFE_PP_/CLK.
[WARNING CTS-0179] No paths found for pin dot_0/fifo_timer_r/mem\[1\]\[20\]$_DFFE_PP_/CLK.
[WARNING CTS-0179] No paths found for pin dot_0/fifo_timer_r/mem\[10\]\[17\]$_DFFE_PP_/CLK.
[WARNING CTS-0179] No paths found for pin dot_0/fifo_timer_r/mem\[12\]\[17\]$_DFFE_PP_/CLK.
[WARNING CTS-0179] No paths found for pin dot_0/fifo_timer_r/mem\[8\]\[17\]$_DFFE_PP_/CLK.
[WARNING CTS-0179] No paths found for pin dot_0/fifo_timer_r/mem\[3\]\[17\]$_DFFE_PP_/CLK.
[WARNING CTS-0179] No paths found for pin dot_0/fifo_timer_r/mem\[14\]\[17\]$_DFFE_PP_/CLK.
[WARNING CTS-0179] No paths found for pin dot_0/fifo_timer_r/mem\[5\]\[20\]$_DFFE_PP_/CLK.
[WARNING CTS-0179] No paths found for pin dot_0/fifo_timer_r/mem\[14\]\[21\]$_DFFE_PP_/CLK.
[WARNING CTS-0179] No paths found for pin dot_0/fifo_timer_r/mem\[8\]\[21\]$_DFFE_PP_/CLK.
[WARNING CTS-0179] No paths found for pin dot_0/fifo_timer_r/mem\[7\]\[21\]$_DFFE_PP_/CLK.
[WARNING CTS-0179] No paths found for pin dot_0/fifo_timer_r/mem\[10\]\[21\]$_DFFE_PP_/CLK.
[WARNING CTS-0179] No paths found for pin dot_0/fifo_timer_r/mem\[11\]\[21\]$_DFFE_PP_/CLK.
[WARNING CTS-0179] No paths found for pin dot_0/fifo_timer_r/mem\[7\]\[26\]$_DFFE_PP_/CLK.
[WARNING CTS-0179] No paths found for pin dot_0/fifo_timer_r/mem\[2\]\[26\]$_DFFE_PP_/CLK.
[WARNING CTS-0179] No paths found for pin dot_0/fifo_timer_r/mem\[5\]\[26\]$_DFFE_PP_/CLK.
[WARNING CTS-0179] No paths found for pin dot_0/fifo_timer_r/mem\[1\]\[26\]$_DFFE_PP_/CLK.
[WARNING CTS-0179] No paths found for pin dot_0/fifo_timer_r/mem\[4\]\[26\]$_DFFE_PP_/CLK.
[WARNING CTS-0179] No paths found for pin dot_0/fifo_timer_r/mem\[12\]\[21\]$_DFFE_PP_/CLK.
[WARNING CTS-0179] No paths found for pin dot_0/fifo_timer_r/mem\[10\]\[20\]$_DFFE_PP_/CLK.
[WARNING CTS-0179] No paths found for pin dot_0/fifo_timer_r/mem\[0\]\[26\]$_DFFE_PP_/CLK.
[WARNING CTS-0179] No paths found for pin dot_0/fifo_timer_r/mem\[15\]\[22\]$_DFFE_PP_/CLK.
[WARNING CTS-0179] No paths found for pin dot_0/fifo_timer_r/mem\[13\]\[22\]$_DFFE_PP_/CLK.
[WARNING CTS-0179] No paths found for pin dot_0/fifo_timer_r/mem\[11\]\[22\]$_DFFE_PP_/CLK.
[WARNING CTS-0179] No paths found for pin dot_0/fifo_timer_r/mem\[14\]\[22\]$_DFFE_PP_/CLK.
[WARNING CTS-0179] No paths found for pin dot_0/fifo_timer_r/mem\[12\]\[26\]$_DFFE_PP_/CLK.
[WARNING CTS-0179] No paths found for pin dot_0/fifo_timer_r/mem\[10\]\[26\]$_DFFE_PP_/CLK.
[WARNING CTS-0179] No paths found for pin dot_0/fifo_timer_r/mem\[5\]\[30\]$_DFFE_PP_/CLK.
[WARNING CTS-0179] No paths found for pin dot_0/fifo_timer_r/mem\[1\]\[30\]$_DFFE_PP_/CLK.
[WARNING CTS-0179] No paths found for pin dot_0/fifo_timer_r/mem\[0\]\[30\]$_DFFE_PP_/CLK.
[WARNING CTS-0179] No paths found for pin dot_0/fifo_timer_r/mem\[6\]\[30\]$_DFFE_PP_/CLK.
[WARNING CTS-0179] No paths found for pin dot_0/fifo_timer_r/mem\[3\]\[30\]$_DFFE_PP_/CLK.
[WARNING CTS-0179] No paths found for pin dot_0/fifo_timer_r/mem\[7\]\[30\]$_DFFE_PP_/CLK.
[WARNING CTS-0179] No paths found for pin dot_0/fifo_timer_r/mem\[2\]\[30\]$_DFFE_PP_/CLK.
[WARNING CTS-0179] No paths found for pin dot_0/fifo_timer_r/mem\[3\]\[16\]$_DFFE_PP_/CLK.
[WARNING CTS-0179] No paths found for pin dot_0/fifo_timer_r/mem\[7\]\[16\]$_DFFE_PP_/CLK.
[WARNING CTS-0179] No paths found for pin dot_0/fifo_timer_r/mem\[4\]\[16\]$_DFFE_PP_/CLK.
[WARNING CTS-0179] No paths found for pin dot_0/fifo_timer_r/mem\[1\]\[16\]$_DFFE_PP_/CLK.
[WARNING CTS-0179] No paths found for pin dot_0/fifo_timer_r/mem\[0\]\[16\]$_DFFE_PP_/CLK.
[WARNING CTS-0179] No paths found for pin dot_0/fifo_timer_r/mem\[5\]\[16\]$_DFFE_PP_/CLK.
[WARNING CTS-0179] No paths found for pin dot_0/fifo_timer_r/mem\[9\]\[16\]$_DFFE_PP_/CLK.
[WARNING CTS-0179] No paths found for pin dot_0/fifo_timer_r/mem\[12\]\[16\]$_DFFE_PP_/CLK.
[WARNING CTS-0179] No paths found for pin dot_0/fifo_timer_r/mem\[15\]\[16\]$_DFFE_PP_/CLK.
[WARNING CTS-0179] No paths found for pin dot_0/fifo_timer_r/mem\[13\]\[16\]$_DFFE_PP_/CLK.
[WARNING CTS-0179] No paths found for pin dot_0/fifo_timer_r/mem\[0\]\[24\]$_DFFE_PP_/CLK.
[WARNING CTS-0179] No paths found for pin dot_0/fifo_timer_r/mem\[8\]\[24\]$_DFFE_PP_/CLK.
[WARNING CTS-0179] No paths found for pin dot_0/fifo_timer_r/mem\[11\]\[16\]$_DFFE_PP_/CLK.
[WARNING CTS-0179] No paths found for pin dot_0/fifo_timer_r/mem\[9\]\[24\]$_DFFE_PP_/CLK.
[WARNING CTS-0179] No paths found for pin dot_0/fifo_timer_r/mem\[11\]\[24\]$_DFFE_PP_/CLK.
[WARNING CTS-0179] No paths found for pin dot_0/fifo_timer_r/mem\[14\]\[24\]$_DFFE_PP_/CLK.
[WARNING CTS-0179] No paths found for pin dot_0/fifo_timer_r/mem\[12\]\[24\]$_DFFE_PP_/CLK.
[WARNING CTS-0179] No paths found for pin dot_0/fifo_timer_r/mem\[10\]\[24\]$_DFFE_PP_/CLK.
[WARNING CTS-0179] No paths found for pin dot_0/fifo_timer_r/mem\[6\]\[24\]$_DFFE_PP_/CLK.
[WARNING CTS-0179] No paths found for pin dot_0/fifo_timer_r/mem\[7\]\[24\]$_DFFE_PP_/CLK.
[WARNING CTS-0179] No paths found for pin dot_0/fifo_timer_r/mem\[2\]\[24\]$_DFFE_PP_/CLK.
[WARNING CTS-0179] No paths found for pin dot_0/fifo_timer_r/mem\[1\]\[24\]$_DFFE_PP_/CLK.
[WARNING CTS-0179] No paths found for pin dot_0/fifo_timer_r/mem\[1\]\[10\]$_DFFE_PP_/CLK.
[WARNING CTS-0179] No paths found for pin dot_0/fifo_timer_r/mem\[5\]\[10\]$_DFFE_PP_/CLK.
[WARNING CTS-0179] No paths found for pin dot_0/fifo_timer_r/mem\[4\]\[24\]$_DFFE_PP_/CLK.
[WARNING CTS-0179] No paths found for pin dot_0/fifo_timer_r/mem\[4\]\[10\]$_DFFE_PP_/CLK.
[WARNING CTS-0179] No paths found for pin dot_0/fifo_timer_r/mem\[6\]\[10\]$_DFFE_PP_/CLK.
[WARNING CTS-0179] No paths found for pin dot_0/fifo_timer_r/mem\[0\]\[10\]$_DFFE_PP_/CLK.
[WARNING CTS-0179] No paths found for pin dot_0/fifo_timer_r/mem\[14\]\[16\]$_DFFE_PP_/CLK.
[WARNING CTS-0179] No paths found for pin dot_0/fifo_timer_r/mem\[8\]\[16\]$_DFFE_PP_/CLK.
[WARNING CTS-0179] No paths found for pin dot_0/fifo_timer_r/mem\[10\]\[16\]$_DFFE_PP_/CLK.
[WARNING CTS-0179] No paths found for pin dot_0/fifo_timer_r/mem\[6\]\[16\]$_DFFE_PP_/CLK.
[WARNING CTS-0179] No paths found for pin dot_0/fifo_timer_r/mem\[2\]\[16\]$_DFFE_PP_/CLK.
[WARNING CTS-0179] No paths found for pin dot_0/fifo_timer_r/mem\[4\]\[30\]$_DFFE_PP_/CLK.
[WARNING CTS-0179] No paths found for pin dot_0/fifo_timer_r/mem\[13\]\[30\]$_DFFE_PP_/CLK.
[WARNING CTS-0179] No paths found for pin dot_0/fifo_timer_r/mem\[15\]\[30\]$_DFFE_PP_/CLK.
[WARNING CTS-0179] No paths found for pin dot_0/fifo_timer_r/mem\[11\]\[30\]$_DFFE_PP_/CLK.
[WARNING CTS-0179] No paths found for pin dot_0/fifo_timer_r/mem\[9\]\[30\]$_DFFE_PP_/CLK.
[WARNING CTS-0179] No paths found for pin dot_0/fifo_timer_r/mem\[3\]\[10\]$_DFFE_PP_/CLK.
[WARNING CTS-0179] No paths found for pin dot_0/fifo_timer_r/mem\[7\]\[10\]$_DFFE_PP_/CLK.
[WARNING CTS-0179] No paths found for pin dot_0/fifo_timer_r/mem\[2\]\[10\]$_DFFE_PP_/CLK.
[WARNING CTS-0179] No paths found for pin dot_0/fifo_timer_r/mem\[9\]\[21\]$_DFFE_PP_/CLK.
[WARNING CTS-0179] No paths found for pin dot_0/fifo_timer_r/mem\[9\]\[26\]$_DFFE_PP_/CLK.
[WARNING CTS-0179] No paths found for pin dot_0/fifo_timer_r/mem\[13\]\[26\]$_DFFE_PP_/CLK.
[WARNING CTS-0179] No paths found for pin dot_0/fifo_timer_r/mem\[11\]\[26\]$_DFFE_PP_/CLK.
[WARNING CTS-0179] No paths found for pin dot_0/fifo_timer_r/mem\[15\]\[26\]$_DFFE_PP_/CLK.
[WARNING CTS-0179] No paths found for pin dot_0/fifo_timer_r/mem\[13\]\[21\]$_DFFE_PP_/CLK.
[WARNING CTS-0179] No paths found for pin dot_0/fifo_timer_r/mem\[15\]\[21\]$_DFFE_PP_/CLK.
[WARNING CTS-0179] No paths found for pin dot_0/fifo_timer_r/mem\[4\]\[21\]$_DFFE_PP_/CLK.
[WARNING CTS-0179] No paths found for pin dot_0/fifo_timer_r/mem\[2\]\[21\]$_DFFE_PP_/CLK.
[WARNING CTS-0179] No paths found for pin dot_0/fifo_timer_r/mem\[3\]\[21\]$_DFFE_PP_/CLK.
[WARNING CTS-0179] No paths found for pin dot_0/fifo_timer_r/mem\[6\]\[21\]$_DFFE_PP_/CLK.
[WARNING CTS-0179] No paths found for pin dot_0/fifo_timer_r/counter_1\[2\]$_SDFFE_PP0P_/CLK.
[WARNING CTS-0179] No paths found for pin dot_0/fifo_timer_r/counter_1\[4\]$_SDFFE_PP0P_/CLK.
[WARNING CTS-0179] No paths found for pin dot_0/fifo_timer_r/counter_1\[3\]$_SDFFE_PP0P_/CLK.
[WARNING CTS-0179] No paths found for pin dot_0/fifo_timer_r/synchronizers_2_clk_1\[3\]$_SDFF_PP0_/CLK.
[WARNING CTS-0179] No paths found for pin dot_0/fifo_timer_r/synchronizers_2_clk_1\[4\]$_SDFF_PP0_/CLK.
[WARNING CTS-0179] No paths found for pin dot_0/fifo_timer_r/synchronizers_1_clk_1\[4\]$_SDFF_PP0_/CLK.
[WARNING CTS-0179] No paths found for pin dot_0/fifo_timer_r/synchronizers_2_clk_1\[2\]$_SDFF_PP0_/CLK.
[WARNING CTS-0179] No paths found for pin dot_0/fifo_timer_r/synchronizers_1_clk_1\[3\]$_SDFF_PP0_/CLK.
[WARNING CTS-0179] No paths found for pin dot_0/fifo_timer_r/synchronizers_1_clk_1\[2\]$_SDFF_PP0_/CLK.
[WARNING CTS-0179] No paths found for pin dot_0/fifo_timer_r/synchronizers_1_clk_1\[1\]$_SDFF_PP0_/CLK.
[WARNING CTS-0179] No paths found for pin dot_0/fifo_timer_r/synchronizers_1_clk_1\[0\]$_SDFF_PP0_/CLK.
[WARNING CTS-0179] No paths found for pin dot_0/fifo_timer_r/mem\[7\]\[11\]$_DFFE_PP_/CLK.
[WARNING CTS-0179] No paths found for pin dot_0/fifo_timer_r/mem\[1\]\[11\]$_DFFE_PP_/CLK.
[WARNING CTS-0179] No paths found for pin dot_0/fifo_timer_r/mem\[5\]\[11\]$_DFFE_PP_/CLK.
[WARNING CTS-0179] No paths found for pin dot_0/fifo_timer_r/mem\[4\]\[11\]$_DFFE_PP_/CLK.
[WARNING CTS-0179] No paths found for pin dot_0/fifo_timer_r/mem\[5\]\[9\]$_DFFE_PP_/CLK.
[WARNING CTS-0179] No paths found for pin dot_0/fifo_timer_r/mem\[4\]\[9\]$_DFFE_PP_/CLK.
[WARNING CTS-0179] No paths found for pin dot_0/fifo_timer_r/mem\[3\]\[9\]$_DFFE_PP_/CLK.
[WARNING CTS-0179] No paths found for pin dot_0/fifo_timer_r/mem\[7\]\[9\]$_DFFE_PP_/CLK.
[WARNING CTS-0179] No paths found for pin dot_0/fifo_timer_r/mem\[6\]\[9\]$_DFFE_PP_/CLK.
[WARNING CTS-0179] No paths found for pin dot_0/fifo_timer_r/mem\[1\]\[28\]$_DFFE_PP_/CLK.
[WARNING CTS-0179] No paths found for pin dot_0/fifo_timer_r/mem\[5\]\[28\]$_DFFE_PP_/CLK.
[WARNING CTS-0179] No paths found for pin dot_0/fifo_timer_r/mem\[4\]\[29\]$_DFFE_PP_/CLK.
[WARNING CTS-0179] No paths found for pin dot_0/fifo_timer_r/mem\[10\]\[8\]$_DFFE_PP_/CLK.
[WARNING CTS-0179] No paths found for pin dot_0/fifo_timer_r/mem\[12\]\[8\]$_DFFE_PP_/CLK.
[WARNING CTS-0179] No paths found for pin dot_0/fifo_timer_r/mem\[14\]\[8\]$_DFFE_PP_/CLK.
[WARNING CTS-0179] No paths found for pin dot_0/fifo_timer_r/mem\[8\]\[8\]$_DFFE_PP_/CLK.
[WARNING CTS-0179] No paths found for pin dot_0/fifo_timer_r/mem\[15\]\[8\]$_DFFE_PP_/CLK.
[WARNING CTS-0179] No paths found for pin dot_0/fifo_timer_r/mem\[11\]\[8\]$_DFFE_PP_/CLK.
[WARNING CTS-0179] No paths found for pin dot_0/fifo_timer_r/mem\[13\]\[8\]$_DFFE_PP_/CLK.
[WARNING CTS-0179] No paths found for pin dot_0/fifo_timer_r/mem\[13\]\[29\]$_DFFE_PP_/CLK.
[WARNING CTS-0179] No paths found for pin dot_0/fifo_timer_r/mem\[15\]\[29\]$_DFFE_PP_/CLK.
[WARNING CTS-0179] No paths found for pin dot_0/fifo_timer_r/mem\[9\]\[29\]$_DFFE_PP_/CLK.
[WARNING CTS-0179] No paths found for pin dot_0/fifo_timer_r/mem\[9\]\[8\]$_DFFE_PP_/CLK.
[WARNING CTS-0179] No paths found for pin dot_0/fifo_timer_r/mem\[5\]\[29\]$_DFFE_PP_/CLK.
[WARNING CTS-0179] No paths found for pin dot_0/fifo_timer_r/mem\[8\]\[29\]$_DFFE_PP_/CLK.
[WARNING CTS-0179] No paths found for pin dot_0/fifo_timer_r/mem\[0\]\[29\]$_DFFE_PP_/CLK.
[WARNING CTS-0179] No paths found for pin dot_0/fifo_timer_r/mem\[1\]\[29\]$_DFFE_PP_/CLK.
[WARNING CTS-0179] No paths found for pin dot_0/fifo_timer_r/mem\[2\]\[29\]$_DFFE_PP_/CLK.
[WARNING CTS-0179] No paths found for pin dot_0/fifo_timer_r/mem\[7\]\[31\]$_DFFE_PP_/CLK.
[WARNING CTS-0179] No paths found for pin dot_0/fifo_timer_r/mem\[0\]\[31\]$_DFFE_PP_/CLK.
[WARNING CTS-0179] No paths found for pin dot_0/fifo_timer_r/mem\[6\]\[31\]$_DFFE_PP_/CLK.
[WARNING CTS-0179] No paths found for pin dot_0/fifo_timer_r/mem\[4\]\[31\]$_DFFE_PP_/CLK.
[WARNING CTS-0179] No paths found for pin dot_0/fifo_timer_r/mem\[5\]\[31\]$_DFFE_PP_/CLK.
[WARNING CTS-0179] No paths found for pin dot_0/fifo_timer_r/mem\[2\]\[27\]$_DFFE_PP_/CLK.
[WARNING CTS-0179] No paths found for pin dot_0/fifo_timer_r/mem\[6\]\[27\]$_DFFE_PP_/CLK.
[WARNING CTS-0179] No paths found for pin dot_0/fifo_timer_r/mem\[14\]\[31\]$_DFFE_PP_/CLK.
[WARNING CTS-0179] No paths found for pin dot_0/fifo_timer_r/mem\[3\]\[27\]$_DFFE_PP_/CLK.
[WARNING CTS-0179] No paths found for pin dot_0/fifo_timer_r/mem\[8\]\[31\]$_DFFE_PP_/CLK.
[WARNING CTS-0179] No paths found for pin dot_0/fifo_timer_r/mem\[12\]\[31\]$_DFFE_PP_/CLK.
[WARNING CTS-0179] No paths found for pin dot_0/fifo_timer_r/mem\[10\]\[31\]$_DFFE_PP_/CLK.
[WARNING CTS-0179] No paths found for pin dot_0/fifo_timer_r/mem\[13\]\[27\]$_DFFE_PP_/CLK.
[WARNING CTS-0179] No paths found for pin dot_0/fifo_timer_r/mem\[15\]\[27\]$_DFFE_PP_/CLK.
[WARNING CTS-0179] No paths found for pin dot_0/fifo_timer_r/mem\[9\]\[27\]$_DFFE_PP_/CLK.
[WARNING CTS-0179] No paths found for pin dot_0/fifo_timer_r/mem\[12\]\[28\]$_DFFE_PP_/CLK.
[WARNING CTS-0179] No paths found for pin dot_0/fifo_timer_r/mem\[15\]\[28\]$_DFFE_PP_/CLK.
[WARNING CTS-0179] No paths found for pin dot_0/fifo_timer_r/mem\[14\]\[28\]$_DFFE_PP_/CLK.
[WARNING CTS-0179] No paths found for pin dot_0/fifo_timer_r/mem\[10\]\[28\]$_DFFE_PP_/CLK.
[WARNING CTS-0179] No paths found for pin dot_0/fifo_timer_r/mem\[8\]\[28\]$_DFFE_PP_/CLK.
[WARNING CTS-0179] No paths found for pin dot_0/fifo_timer_r/mem\[7\]\[28\]$_DFFE_PP_/CLK.
[WARNING CTS-0179] No paths found for pin dot_0/fifo_timer_r/mem\[6\]\[28\]$_DFFE_PP_/CLK.
[WARNING CTS-0179] No paths found for pin dot_0/fifo_timer_r/mem\[3\]\[28\]$_DFFE_PP_/CLK.
[WARNING CTS-0179] No paths found for pin dot_0/fifo_timer_r/mem\[7\]\[27\]$_DFFE_PP_/CLK.
[WARNING CTS-0179] No paths found for pin dot_0/fifo_timer_r/mem\[4\]\[28\]$_DFFE_PP_/CLK.
[WARNING CTS-0179] No paths found for pin dot_0/fifo_timer_r/mem\[2\]\[28\]$_DFFE_PP_/CLK.
[WARNING CTS-0179] No paths found for pin dot_0/fifo_timer_r/mem\[0\]\[28\]$_DFFE_PP_/CLK.
[WARNING CTS-0179] No paths found for pin dot_0/fifo_timer_r/mem\[8\]\[13\]$_DFFE_PP_/CLK.
[WARNING CTS-0179] No paths found for pin dot_0/fifo_timer_r/mem\[3\]\[13\]$_DFFE_PP_/CLK.
[WARNING CTS-0179] No paths found for pin dot_0/fifo_timer_r/mem\[8\]\[25\]$_DFFE_PP_/CLK.
[WARNING CTS-0179] No paths found for pin dot_0/fifo_timer_r/mem\[11\]\[25\]$_DFFE_PP_/CLK.
[WARNING CTS-0179] No paths found for pin dot_0/fifo_timer_r/mem\[10\]\[25\]$_DFFE_PP_/CLK.
[WARNING CTS-0179] No paths found for pin dot_0/fifo_timer_r/mem\[15\]\[13\]$_DFFE_PP_/CLK.
[WARNING CTS-0179] No paths found for pin dot_0/fifo_timer_r/mem\[7\]\[13\]$_DFFE_PP_/CLK.
[WARNING CTS-0179] No paths found for pin dot_0/fifo_timer_r/mem\[13\]\[13\]$_DFFE_PP_/CLK.
[WARNING CTS-0179] No paths found for pin dot_0/fifo_timer_r/mem\[11\]\[13\]$_DFFE_PP_/CLK.
[WARNING CTS-0179] No paths found for pin dot_0/fifo_timer_r/mem\[9\]\[13\]$_DFFE_PP_/CLK.
[WARNING CTS-0179] No paths found for pin dot_0/fifo_timer_r/mem\[9\]\[28\]$_DFFE_PP_/CLK.
[WARNING CTS-0179] No paths found for pin dot_0/fifo_timer_r/mem\[11\]\[28\]$_DFFE_PP_/CLK.
[WARNING CTS-0179] No paths found for pin dot_0/fifo_timer_r/mem\[13\]\[28\]$_DFFE_PP_/CLK.
[WARNING CTS-0179] No paths found for pin dot_0/fifo_timer_r/mem\[11\]\[27\]$_DFFE_PP_/CLK.
[WARNING CTS-0179] No paths found for pin dot_0/fifo_timer_r/mem\[10\]\[13\]$_DFFE_PP_/CLK.
[WARNING CTS-0179] No paths found for pin dot_0/fifo_timer_r/mem\[14\]\[13\]$_DFFE_PP_/CLK.
[WARNING CTS-0179] No paths found for pin dot_0/fifo_timer_r/mem\[12\]\[13\]$_DFFE_PP_/CLK.
[WARNING CTS-0179] No paths found for pin dot_0/fifo_timer_r/mem\[0\]\[25\]$_DFFE_PP_/CLK.
[WARNING CTS-0179] No paths found for pin dot_0/fifo_timer_r/mem\[12\]\[25\]$_DFFE_PP_/CLK.
[WARNING CTS-0179] No paths found for pin dot_0/fifo_timer_r/mem\[2\]\[25\]$_DFFE_PP_/CLK.
[WARNING CTS-0179] No paths found for pin dot_0/fifo_timer_r/mem\[3\]\[25\]$_DFFE_PP_/CLK.
[WARNING CTS-0179] No paths found for pin dot_0/fifo_timer_r/mem\[6\]\[25\]$_DFFE_PP_/CLK.
[WARNING CTS-0179] No paths found for pin dot_0/fifo_timer_r/mem\[7\]\[25\]$_DFFE_PP_/CLK.
[WARNING CTS-0179] No paths found for pin dot_0/fifo_timer_r/mem\[4\]\[25\]$_DFFE_PP_/CLK.
[WARNING CTS-0179] No paths found for pin dot_0/fifo_timer_r/mem\[5\]\[25\]$_DFFE_PP_/CLK.
[WARNING CTS-0179] No paths found for pin dot_0/fifo_timer_r/mem\[1\]\[25\]$_DFFE_PP_/CLK.
[WARNING CTS-0179] No paths found for pin dot_0/fifo_timer_r/mem\[15\]\[25\]$_DFFE_PP_/CLK.
[WARNING CTS-0179] No paths found for pin dot_0/fifo_timer_r/mem\[2\]\[15\]$_DFFE_PP_/CLK.
[WARNING CTS-0179] No paths found for pin dot_0/fifo_timer_r/mem\[3\]\[15\]$_DFFE_PP_/CLK.
[WARNING CTS-0179] No paths found for pin dot_0/fifo_timer_r/mem\[4\]\[15\]$_DFFE_PP_/CLK.
[WARNING CTS-0179] No paths found for pin dot_0/fifo_timer_r/mem\[7\]\[15\]$_DFFE_PP_/CLK.
[WARNING CTS-0179] No paths found for pin dot_0/fifo_timer_r/mem\[6\]\[15\]$_DFFE_PP_/CLK.
[WARNING CTS-0179] No paths found for pin dot_0/fifo_timer_r/mem\[2\]\[31\]$_DFFE_PP_/CLK.
[WARNING CTS-0179] No paths found for pin dot_0/fifo_timer_r/mem\[3\]\[31\]$_DFFE_PP_/CLK.
[WARNING CTS-0179] No paths found for pin dot_0/fifo_timer_r/mem\[6\]\[29\]$_DFFE_PP_/CLK.
[WARNING CTS-0179] No paths found for pin dot_0/fifo_timer_r/mem\[7\]\[29\]$_DFFE_PP_/CLK.
[WARNING CTS-0179] No paths found for pin dot_0/fifo_timer_r/mem\[3\]\[29\]$_DFFE_PP_/CLK.
[WARNING CTS-0179] No paths found for pin dot_0/fifo_timer_r/mem\[0\]\[15\]$_DFFE_PP_/CLK.
[WARNING CTS-0179] No paths found for pin dot_0/fifo_timer_r/mem\[11\]\[29\]$_DFFE_PP_/CLK.
[WARNING CTS-0179] No paths found for pin dot_0/fifo_timer_w1/counter_2\[0\]$_SDFFE_PP0P_/CLK.
[WARNING CTS-0179] No paths found for pin dot_0/fifo_timer_w1/counter_2\[3\]$_SDFFE_PP0P_/CLK.
[WARNING CTS-0179] No paths found for pin dot_0/fifo_timer_w1/counter_2\[1\]$_SDFFE_PP0P_/CLK.
[WARNING CTS-0179] No paths found for pin dot_0/fifo_timer_w1/synchronizers_1_clk_2\[2\]$_SDFF_PP0_/CLK.
[WARNING CTS-0179] No paths found for pin dot_0/fifo_timer_w1/synchronizers_1_clk_2\[1\]$_SDFF_PP0_/CLK.
[WARNING CTS-0179] No paths found for pin dot_0/fifo_timer_w1/synchronizers_1_clk_2\[0\]$_SDFF_PP0_/CLK.
[WARNING CTS-0179] No paths found for pin dot_0/fifo_timer_w1/synchronizers_2_clk_2\[0\]$_SDFF_PP0_/CLK.
[WARNING CTS-0179] No paths found for pin dot_0/fifo_timer_w1/synchronizers_2_clk_2\[1\]$_SDFF_PP0_/CLK.
[WARNING CTS-0179] No paths found for pin dot_0/fifo_timer_w1/synchronizers_2_clk_2\[2\]$_SDFF_PP0_/CLK.
[WARNING CTS-0179] No paths found for pin dot_0/fifo_timer_w1/counter_2\[4\]$_SDFFE_PP0P_/CLK.
[WARNING CTS-0179] No paths found for pin dot_0/fifo_timer_w1/synchronizers_2_clk_2\[4\]$_SDFF_PP0_/CLK.
[WARNING CTS-0179] No paths found for pin dot_0/fifo_timer_w1/synchronizers_2_clk_2\[3\]$_SDFF_PP0_/CLK.
[WARNING CTS-0179] No paths found for pin dot_0/fifo_timer_w1/synchronizers_1_clk_2\[3\]$_SDFF_PP0_/CLK.
[WARNING CTS-0179] No paths found for pin dot_0/fifo_timer_w2/counter_2\[4\]$_SDFFE_PP0P_/CLK.
[WARNING CTS-0179] No paths found for pin dot_0/fifo_timer_w2/synchronizers_2_clk_2\[3\]$_SDFF_PP0_/CLK.
[WARNING CTS-0179] No paths found for pin dot_0/fifo_timer_w2/synchronizers_1_clk_2\[0\]$_SDFF_PP0_/CLK.
[WARNING CTS-0179] No paths found for pin dot_0/fifo_timer_w2/synchronizers_1_clk_2\[3\]$_SDFF_PP0_/CLK.
[WARNING CTS-0179] No paths found for pin dot_0/fifo_timer_w1/synchronizers_1_clk_2\[4\]$_SDFF_PP0_/CLK.
[WARNING CTS-0179] No paths found for pin dot_0/fifo_timer_r/mem\[11\]\[5\]$_DFFE_PP_/CLK.
[WARNING CTS-0179] No paths found for pin dot_0/fifo_timer_r/mem\[9\]\[5\]$_DFFE_PP_/CLK.
[WARNING CTS-0179] No paths found for pin dot_0/fifo_timer_r/mem\[8\]\[5\]$_DFFE_PP_/CLK.
[WARNING CTS-0179] No paths found for pin dot_0/fifo_timer_r/mem\[10\]\[5\]$_DFFE_PP_/CLK.
[WARNING CTS-0179] No paths found for pin dot_0/fifo_timer_r/mem\[14\]\[5\]$_DFFE_PP_/CLK.
[WARNING CTS-0179] No paths found for pin dot_0/fifo_timer_r/mem\[13\]\[5\]$_DFFE_PP_/CLK.
[WARNING CTS-0179] No paths found for pin dot_0/fifo_timer_r/mem\[9\]\[6\]$_DFFE_PP_/CLK.
[WARNING CTS-0179] No paths found for pin dot_0/fifo_timer_r/mem\[15\]\[5\]$_DFFE_PP_/CLK.
[WARNING CTS-0179] No paths found for pin dot_0/fifo_timer_r/mem\[13\]\[6\]$_DFFE_PP_/CLK.
[WARNING CTS-0179] No paths found for pin dot_0/fifo_timer_r/mem\[14\]\[6\]$_DFFE_PP_/CLK.
[WARNING CTS-0179] No paths found for pin dot_0/fifo_timer_r/mem\[2\]\[5\]$_DFFE_PP_/CLK.
[WARNING CTS-0179] No paths found for pin dot_0/fifo_timer_r/mem\[7\]\[5\]$_DFFE_PP_/CLK.
[WARNING CTS-0179] No paths found for pin dot_0/fifo_timer_r/mem\[2\]\[3\]$_DFFE_PP_/CLK.
[WARNING CTS-0179] No paths found for pin dot_0/fifo_timer_r/mem\[5\]\[3\]$_DFFE_PP_/CLK.
[WARNING CTS-0179] No paths found for pin dot_0/fifo_timer_r/mem\[3\]\[3\]$_DFFE_PP_/CLK.
[WARNING CTS-0179] No paths found for pin dot_0/fifo_timer_r/mem\[6\]\[6\]$_DFFE_PP_/CLK.
[WARNING CTS-0179] No paths found for pin dot_0/fifo_timer_r/mem\[7\]\[6\]$_DFFE_PP_/CLK.
[WARNING CTS-0179] No paths found for pin dot_0/fifo_timer_r/mem\[2\]\[6\]$_DFFE_PP_/CLK.
[WARNING CTS-0179] No paths found for pin dot_0/fifo_timer_r/mem\[3\]\[6\]$_DFFE_PP_/CLK.
[WARNING CTS-0179] No paths found for pin dot_0/fifo_timer_r/mem\[12\]\[6\]$_DFFE_PP_/CLK.
[WARNING CTS-0179] No paths found for pin dot_0/fifo_timer_r/mem\[10\]\[6\]$_DFFE_PP_/CLK.
[WARNING CTS-0179] No paths found for pin dot_0/fifo_timer_r/mem\[8\]\[6\]$_DFFE_PP_/CLK.
[WARNING CTS-0179] No paths found for pin dot_0/fifo_timer_r/mem\[11\]\[6\]$_DFFE_PP_/CLK.
[WARNING CTS-0179] No paths found for pin dot_0/fifo_timer_r/mem\[15\]\[6\]$_DFFE_PP_/CLK.
[WARNING CTS-0179] No paths found for pin dot_0/fifo_timer_r/mem\[11\]\[7\]$_DFFE_PP_/CLK.
[WARNING CTS-0179] No paths found for pin dot_0/fifo_timer_r/mem\[15\]\[7\]$_DFFE_PP_/CLK.
[WARNING CTS-0179] No paths found for pin dot_0/fifo_timer_r/mem\[8\]\[7\]$_DFFE_PP_/CLK.
[WARNING CTS-0179] No paths found for pin dot_0/fifo_timer_r/mem\[13\]\[7\]$_DFFE_PP_/CLK.
[WARNING CTS-0179] No paths found for pin dot_0/fifo_timer_r/mem\[9\]\[7\]$_DFFE_PP_/CLK.
[WARNING CTS-0179] No paths found for pin dot_0/fifo_timer_r/mem\[15\]\[0\]$_DFFE_PP_/CLK.
[WARNING CTS-0179] No paths found for pin dot_0/fifo_timer_r/mem\[9\]\[0\]$_DFFE_PP_/CLK.
[WARNING CTS-0179] No paths found for pin dot_0/fifo_timer_r/mem\[3\]\[0\]$_DFFE_PP_/CLK.
[WARNING CTS-0179] No paths found for pin dot_0/fifo_timer_r/mem\[6\]\[0\]$_DFFE_PP_/CLK.
[WARNING CTS-0179] No paths found for pin dot_0/fifo_timer_r/mem\[4\]\[0\]$_DFFE_PP_/CLK.
[WARNING CTS-0179] No paths found for pin dot_0/fifo_timer_r/mem\[1\]\[0\]$_DFFE_PP_/CLK.
[WARNING CTS-0179] No paths found for pin dot_0/fifo_timer_r/mem\[11\]\[0\]$_DFFE_PP_/CLK.
[WARNING CTS-0179] No paths found for pin dot_0/fifo_timer_r/mem\[0\]\[0\]$_DFFE_PP_/CLK.
[WARNING CTS-0179] No paths found for pin dot_0/fifo_timer_r/mem\[5\]\[0\]$_DFFE_PP_/CLK.
[WARNING CTS-0179] No paths found for pin dot_0/fifo_timer_r/mem\[0\]\[7\]$_DFFE_PP_/CLK.
[WARNING CTS-0179] No paths found for pin dot_0/fifo_timer_r/mem\[10\]\[7\]$_DFFE_PP_/CLK.
[WARNING CTS-0179] No paths found for pin dot_0/fifo_timer_r/mem\[14\]\[0\]$_DFFE_PP_/CLK.
[WARNING CTS-0179] No paths found for pin dot_0/fifo_timer_r/mem\[5\]\[7\]$_DFFE_PP_/CLK.
[WARNING CTS-0179] No paths found for pin dot_0/fifo_timer_r/mem\[10\]\[0\]$_DFFE_PP_/CLK.
[WARNING CTS-0179] No paths found for pin dot_0/fifo_timer_r/mem\[13\]\[0\]$_DFFE_PP_/CLK.
[WARNING CTS-0179] No paths found for pin dot_0/fifo_timer_r/mem\[8\]\[0\]$_DFFE_PP_/CLK.
[WARNING CTS-0179] No paths found for pin dot_0/fifo_timer_r/mem\[14\]\[7\]$_DFFE_PP_/CLK.
[WARNING CTS-0179] No paths found for pin dot_0/fifo_timer_r/mem\[12\]\[7\]$_DFFE_PP_/CLK.
[WARNING CTS-0179] No paths found for pin dot_0/fifo_timer_r/mem\[12\]\[0\]$_DFFE_PP_/CLK.
[WARNING CTS-0179] No paths found for pin dot_0/fifo_timer_r/mem\[1\]\[7\]$_DFFE_PP_/CLK.
[WARNING CTS-0179] No paths found for pin dot_0/fifo_timer_r/mem\[4\]\[7\]$_DFFE_PP_/CLK.
[WARNING CTS-0179] No paths found for pin dot_0/fifo_timer_r/mem\[7\]\[7\]$_DFFE_PP_/CLK.
[WARNING CTS-0179] No paths found for pin dot_0/fifo_timer_r/mem\[2\]\[7\]$_DFFE_PP_/CLK.
[WARNING CTS-0179] No paths found for pin dot_0/fifo_timer_r/mem\[3\]\[7\]$_DFFE_PP_/CLK.
[WARNING CTS-0179] No paths found for pin dot_0/fifo_timer_r/mem\[6\]\[7\]$_DFFE_PP_/CLK.
[WARNING CTS-0179] No paths found for pin dot_0/fifo_timer_r/mem\[7\]\[1\]$_DFFE_PP_/CLK.
[WARNING CTS-0179] No paths found for pin dot_0/fifo_timer_r/mem\[2\]\[1\]$_DFFE_PP_/CLK.
[WARNING CTS-0179] No paths found for pin dot_0/fifo_timer_r/mem\[1\]\[1\]$_DFFE_PP_/CLK.
[WARNING CTS-0179] No paths found for pin dot_0/fifo_timer_r/mem\[6\]\[1\]$_DFFE_PP_/CLK.
[WARNING CTS-0179] No paths found for pin dot_0/fifo_timer_r/mem\[5\]\[1\]$_DFFE_PP_/CLK.
[WARNING CTS-0179] No paths found for pin dot_0/fifo_timer_r/mem\[0\]\[1\]$_DFFE_PP_/CLK.
[WARNING CTS-0179] No paths found for pin dot_0/fifo_timer_r/mem\[9\]\[14\]$_DFFE_PP_/CLK.
[WARNING CTS-0179] No paths found for pin dot_0/fifo_timer_r/mem\[13\]\[14\]$_DFFE_PP_/CLK.
[WARNING CTS-0179] No paths found for pin dot_0/fifo_timer_r/mem\[4\]\[1\]$_DFFE_PP_/CLK.
[WARNING CTS-0179] No paths found for pin dot_0/fifo_timer_r/mem\[14\]\[14\]$_DFFE_PP_/CLK.
[WARNING CTS-0179] No paths found for pin dot_0/fifo_timer_r/mem\[8\]\[14\]$_DFFE_PP_/CLK.
[WARNING CTS-0179] No paths found for pin dot_0/fifo_timer_r/mem\[12\]\[14\]$_DFFE_PP_/CLK.
[WARNING CTS-0179] No paths found for pin dot_0/fifo_timer_r/mem\[7\]\[18\]$_DFFE_PP_/CLK.
[WARNING CTS-0179] No paths found for pin dot_0/fifo_timer_r/mem\[13\]\[20\]$_DFFE_PP_/CLK.
[WARNING CTS-0179] No paths found for pin dot_0/fifo_timer_r/mem\[10\]\[14\]$_DFFE_PP_/CLK.
[WARNING CTS-0179] No paths found for pin dot_0/fifo_timer_r/mem\[2\]\[14\]$_DFFE_PP_/CLK.
[WARNING CTS-0179] No paths found for pin dot_0/fifo_timer_r/mem\[11\]\[14\]$_DFFE_PP_/CLK.
[WARNING CTS-0179] No paths found for pin dot_0/fifo_timer_r/mem\[15\]\[14\]$_DFFE_PP_/CLK.
[WARNING CTS-0179] No paths found for pin dot_0/fifo_timer_r/mem\[5\]\[14\]$_DFFE_PP_/CLK.
[WARNING CTS-0179] No paths found for pin dot_0/fifo_timer_r/mem\[3\]\[14\]$_DFFE_PP_/CLK.
[WARNING CTS-0179] No paths found for pin dot_0/fifo_timer_r/mem\[4\]\[14\]$_DFFE_PP_/CLK.
[WARNING CTS-0179] No paths found for pin dot_0/fifo_timer_r/mem\[0\]\[14\]$_DFFE_PP_/CLK.
[WARNING CTS-0179] No paths found for pin dot_0/fifo_timer_r/mem\[1\]\[14\]$_DFFE_PP_/CLK.
[WARNING CTS-0179] No paths found for pin dot_0/fifo_timer_r/mem\[10\]\[22\]$_DFFE_PP_/CLK.
[WARNING CTS-0179] No paths found for pin dot_0/fifo_timer_r/mem\[8\]\[22\]$_DFFE_PP_/CLK.
[WARNING CTS-0179] No paths found for pin dot_0/fifo_timer_r/mem\[7\]\[14\]$_DFFE_PP_/CLK.
[WARNING CTS-0179] No paths found for pin dot_0/fifo_timer_r/mem\[6\]\[14\]$_DFFE_PP_/CLK.
[WARNING CTS-0179] No paths found for pin dot_0/fifo_timer_r/mem\[12\]\[22\]$_DFFE_PP_/CLK.
[WARNING CTS-0179] No paths found for pin dot_0/fifo_timer_r/mem\[8\]\[20\]$_DFFE_PP_/CLK.
[WARNING CTS-0179] No paths found for pin dot_0/fifo_timer_r/mem\[12\]\[20\]$_DFFE_PP_/CLK.
[WARNING CTS-0179] No paths found for pin dot_0/fifo_timer_r/mem\[14\]\[20\]$_DFFE_PP_/CLK.
[WARNING CTS-0179] No paths found for pin dot_0/fifo_timer_r/mem\[0\]\[20\]$_DFFE_PP_/CLK.
[WARNING CTS-0179] No paths found for pin dot_0/fifo_timer_r/mem\[9\]\[20\]$_DFFE_PP_/CLK.
[WARNING CTS-0179] No paths found for pin dot_0/fifo_timer_r/mem\[11\]\[20\]$_DFFE_PP_/CLK.
[WARNING CTS-0179] No paths found for pin dot_0/fifo_timer_r/mem\[15\]\[20\]$_DFFE_PP_/CLK.
[WARNING CTS-0179] No paths found for pin dot_0/fifo_timer_r/mem\[9\]\[22\]$_DFFE_PP_/CLK.
[WARNING CTS-0179] No paths found for pin dot_0/fifo_timer_r/mem\[6\]\[22\]$_DFFE_PP_/CLK.
[WARNING CTS-0179] No paths found for pin dot_0/fifo_timer_r/mem\[10\]\[30\]$_DFFE_PP_/CLK.
[WARNING CTS-0179] No paths found for pin dot_0/fifo_timer_r/mem\[7\]\[22\]$_DFFE_PP_/CLK.
[WARNING CTS-0179] No paths found for pin dot_0/fifo_timer_r/mem\[8\]\[30\]$_DFFE_PP_/CLK.
[WARNING CTS-0179] No paths found for pin dot_0/fifo_timer_r/mem\[8\]\[26\]$_DFFE_PP_/CLK.
[WARNING CTS-0179] No paths found for pin dot_0/fifo_timer_r/mem\[14\]\[30\]$_DFFE_PP_/CLK.
[WARNING CTS-0179] No paths found for pin dot_0/fifo_timer_r/mem\[12\]\[30\]$_DFFE_PP_/CLK.
[WARNING CTS-0179] No paths found for pin dot_0/fifo_timer_r/mem\[14\]\[26\]$_DFFE_PP_/CLK.
[WARNING CTS-0179] No paths found for pin dot_0/fifo_timer_r/mem\[3\]\[26\]$_DFFE_PP_/CLK.
[WARNING CTS-0179] No paths found for pin dot_0/fifo_timer_r/mem\[6\]\[26\]$_DFFE_PP_/CLK.
[WARNING CTS-0179] No paths found for pin dot_0/fifo_timer_r/mem\[3\]\[22\]$_DFFE_PP_/CLK.
[WARNING CTS-0179] No paths found for pin dot_0/fifo_timer_r/mem\[0\]\[22\]$_DFFE_PP_/CLK.
[WARNING CTS-0179] No paths found for pin dot_0/fifo_timer_r/mem\[4\]\[22\]$_DFFE_PP_/CLK.
[WARNING CTS-0179] No paths found for pin dot_0/fifo_timer_r/mem\[2\]\[22\]$_DFFE_PP_/CLK.
[WARNING CTS-0179] No paths found for pin dot_0/fifo_timer_r/mem\[5\]\[22\]$_DFFE_PP_/CLK.
[WARNING CTS-0179] No paths found for pin dot_0/fifo_timer_r/mem\[1\]\[22\]$_DFFE_PP_/CLK.
[WARNING CTS-0179] No paths found for pin dot_0/fifo_timer_r/mem\[7\]\[0\]$_DFFE_PP_/CLK.
[WARNING CTS-0179] message limit (1000) reached. This message will no longer print.
[INFO CTS-0036]  inserted 0 delay buffers
[INFO CTS-0033] Balancing latency for clock clk_s2_gate
[INFO CTS-0036]  inserted 0 delay buffers
[INFO CTS-0033] Balancing latency for clock clk_s1_gate
[INFO CTS-0036]  inserted 0 delay buffers
[INFO CTS-0033] Balancing latency for clock clk1
[INFO CTS-0036]  inserted 0 delay buffers
[INFO CTS-0500] Runtime: 8.02s
Took 8 seconds: clock_tree_synthesis -sink_clustering_enable -repair_clock_nets
estimate_parasitics -placement
detailed_placement
[INFO DPL-0006] Core area: 3527558.21 um^2
[INFO DPL-0007] Movable instances area: 1668969.42 um^2
[INFO DPL-0008] Fixed instances area within core: 58876.47 um^2
[INFO DPL-0009] Utilization: 49.0%
[INFO DPL-0005] Diamond search max displacement: +/- 500 sites horizontally, +/- 100 rows vertically.
[INFO DPL-1102] Legalizing using negotiation legalizer.
[INFO DPL-1103] Negotiation base search window: +/-20 sites horizontally, +/-5 rows vertically 
	Automatic search window extension enabled.
	Search window extendable up to the max displacement cap of +/-500 sites, +/-100 rows near walls.
[INFO DPL-1104] NegotiationLegalizer DRC penalty: 5.
[INFO DPL-0392] Negotiation cell height distribution (1 unique row-count(s)):
[INFO DPL-0393]   height 1 row(s): 168762 cells
          |      Total |  Illegal |  Illegal
Iteration | Violations |    Cells |    Sites
---------------------------------------------
        0 |        725 |       139 |       586
        1 |         68 |        12 |        56
        2 |          0 |         0 |         0
Negotiation phase 1 converged at iteration 2.
[INFO DPL-0500] Runtime: 1.46s
Placement Analysis
---------------------------------
total displacement     133032.9 u
average displacement        0.8 u
max displacement           27.2 u
original HPWL         5126608.3 u
legalized HPWL        5184856.7 u
delta HPWL                    1 %

estimate_parasitics -placement
repair_timing -setup_margin 0 -hold_margin 0 -repair_tns 0 -match_cell_footprint -verbose
[INFO RSZ-0100] Repair move sequence: UnbufferMove SizeUpMove SwapPinsMove BufferMove CloneMove SplitLoadMove 
[INFO RSZ-0094] Found 812 endpoints with setup violations.
[INFO RSZ-0099] Repairing 1 out of 812 (0.00%) violating endpoints...
   Iter   | Removed | Resized | Inserted | Cloned |  Pin  |   Area   |    WNS   |   StTNS    |   EnTNS    |  Viol  |  Worst  
          | Buffers |  Gates  | Buffers  |  Gates | Swaps |          |          |            |            | Endpts | St/EnPt 
------------------------------------------------------------------------------------------------------------------------------
       0* |       0 |       0 |        0 |      0 |     0 |    +0.0% |  -30.550 |     -928.6 |    -3897.8 |    812 | dot_0/fifo_timer_r/mem\[13\]\[2\]$_DFFE_PP_/D
      10* |       0 |       9 |        0 |      0 |     0 |    +0.0% |  -29.947 |     -910.5 |    -3821.5 |    812 | dot_0/fifo_timer_r/mem\[13\]\[2\]$_DFFE_PP_/D
      20* |       0 |      18 |        0 |      0 |     1 |    +0.0% |  -29.496 |     -897.0 |    -3786.1 |    812 | dot_0/fifo_timer_r/mem\[13\]\[2\]$_DFFE_PP_/D
      30* |       0 |      28 |        0 |      0 |     1 |    +0.0% |  -29.229 |     -889.1 |    -3752.0 |    812 | dot_0/fifo_timer_r/mem\[13\]\[2\]$_DFFE_PP_/D
      40* |       0 |      38 |        0 |      0 |     1 |    +0.0% |  -29.045 |     -883.6 |    -3730.9 |    812 | dot_0/fifo_timer_r/mem\[13\]\[2\]$_DFFE_PP_/D
      50* |       0 |      46 |        0 |      0 |     3 |    +0.0% |  -28.893 |     -878.8 |    -3711.4 |    812 | dot_0/fifo_timer_r/mem\[13\]\[2\]$_DFFE_PP_/D
      60* |       0 |      55 |        0 |      0 |     4 |    +0.0% |  -28.676 |     -874.1 |    -3684.1 |    812 | dot_0/fifo_timer_r/mem\[13\]\[2\]$_DFFE_PP_/D
      70* |       0 |      62 |        1 |      0 |     6 |    +0.0% |  -28.514 |     -869.1 |    -3663.4 |    812 | dot_0/fifo_timer_r/mem\[13\]\[2\]$_DFFE_PP_/D
      80* |       0 |      72 |        1 |      0 |     6 |    +0.0% |  -28.413 |     -865.8 |    -3650.5 |    812 | dot_0/fifo_timer_r/mem\[13\]\[2\]$_DFFE_PP_/D
      90* |       0 |      81 |        1 |      0 |     7 |    +0.0% |  -28.196 |     -859.8 |    -3623.9 |    812 | dot_0/fifo_timer_r/mem\[13\]\[2\]$_DFFE_PP_/D
     100* |       1 |      84 |        3 |      0 |    11 |    +0.0% |  -28.043 |     -854.9 |    -3606.7 |    812 | dot_0/fifo_timer_r/mem\[7\]\[3\]$_DFFE_PP_/D
     110* |       1 |      90 |        5 |      0 |    13 |    +0.0% |  -27.907 |     -851.0 |    -3590.0 |    812 | dot_0/fifo_timer_r/mem\[7\]\[3\]$_DFFE_PP_/D
     120* |       1 |      96 |        6 |      0 |    16 |    +0.0% |  -27.818 |     -847.8 |    -3579.6 |    812 | dot_0/fifo_timer_r/mem\[7\]\[3\]$_DFFE_PP_/D
     130* |       1 |     105 |        6 |      0 |    17 |    +0.0% |  -27.723 |     -845.1 |    -3567.2 |    812 | dot_0/fifo_timer_r/mem\[7\]\[3\]$_DFFE_PP_/D
     140* |       1 |     114 |        6 |      0 |    18 |    +0.0% |  -27.629 |     -842.0 |    -3555.2 |    812 | dot_0/fifo_timer_r/mem\[7\]\[3\]$_DFFE_PP_/D
     150* |       2 |     121 |        7 |      0 |    19 |    +0.0% |  -27.519 |     -838.7 |    -3544.4 |    812 | dot_0/fifo_timer_r/mem\[3\]\[5\]$_DFFE_PP_/D
     160* |       2 |     129 |        7 |      0 |    21 |    +0.0% |  -27.460 |     -837.3 |    -3536.8 |    812 | dot_0/fifo_timer_r/mem\[3\]\[5\]$_DFFE_PP_/D
     170* |       2 |     137 |        7 |      0 |    23 |    +0.0% |  -27.362 |     -834.1 |    -3524.9 |    812 | dot_0/fifo_timer_r/mem\[3\]\[5\]$_DFFE_PP_/D
     180* |       3 |     141 |        9 |      0 |    26 |    +0.0% |  -27.313 |     -832.9 |    -3520.1 |    812 | dot_0/fifo_timer_r/mem\[0\]\[6\]$_DFFE_PP_/D
     190* |       3 |     145 |       12 |      1 |    29 |    +0.0% |  -27.361 |     -833.2 |    -3521.9 |    812 | dot_0/fifo_timer_r/mem\[1\]\[6\]$_DFFE_PP_/D
     200* |       3 |     151 |       16 |      1 |    30 |    +0.1% |  -27.304 |     -832.7 |    -3515.1 |    812 | dot_0/fifo_timer_r/mem\[1\]\[6\]$_DFFE_PP_/D
     210* |       3 |     159 |       19 |      1 |    31 |    +0.1% |  -27.230 |     -830.5 |    -3505.6 |    812 | dot_0/fifo_timer_r/mem\[1\]\[6\]$_DFFE_PP_/D
     220* |       3 |     163 |       20 |      1 |    36 |    +0.1% |  -27.200 |     -829.6 |    -3501.7 |    812 | dot_0/fifo_timer_r/mem\[1\]\[6\]$_DFFE_PP_/D
     230* |       3 |     169 |       21 |      1 |    39 |    +0.1% |  -27.156 |     -828.2 |    -3495.9 |    812 | dot_0/fifo_timer_r/mem\[1\]\[6\]$_DFFE_PP_/D
     240* |       3 |     174 |       22 |      1 |    43 |    +0.1% |  -27.079 |     -825.6 |    -3486.4 |    812 | dot_0/fifo_timer_r/mem\[1\]\[6\]$_DFFE_PP_/D
     250* |       3 |     181 |       24 |      1 |    44 |    +0.1% |  -26.932 |     -821.4 |    -3470.0 |    812 | dot_0/fifo_timer_r/mem\[1\]\[6\]$_DFFE_PP_/D
     260* |       4 |     186 |       25 |      1 |    47 |    +0.1% |  -26.839 |     -818.4 |    -3458.2 |    812 | dot_0/fifo_timer_r/mem\[1\]\[6\]$_DFFE_PP_/D
     270* |       4 |     194 |       25 |      1 |    49 |    +0.1% |  -26.786 |     -816.8 |    -3451.3 |    812 | dot_0/fifo_timer_r/mem\[1\]\[6\]$_DFFE_PP_/D
     280* |       4 |     199 |       26 |      1 |    53 |    +0.1% |  -26.689 |     -814.2 |    -3440.8 |    812 | dot_0/fifo_timer_r/mem\[1\]\[6\]$_DFFE_PP_/D
     290* |       4 |     205 |       27 |      1 |    56 |    +0.1% |  -26.647 |     -813.0 |    -3435.4 |    812 | dot_0/fifo_timer_r/mem\[1\]\[6\]$_DFFE_PP_/D
     300* |       4 |     211 |       27 |      1 |    60 |    +0.1% |  -26.602 |     -811.5 |    -3429.7 |    812 | dot_0/fifo_timer_r/mem\[1\]\[6\]$_DFFE_PP_/D
     310* |       4 |     217 |       27 |      1 |    64 |    +0.1% |  -26.522 |     -809.2 |    -3419.5 |    812 | dot_0/fifo_timer_r/mem\[1\]\[6\]$_DFFE_PP_/D
     320* |       4 |     221 |       30 |      1 |    67 |    +0.1% |  -26.481 |     -808.0 |    -3414.2 |    812 | dot_0/fifo_timer_r/mem\[1\]\[6\]$_DFFE_PP_/D
     330* |       4 |     223 |       31 |      1 |    74 |    +0.1% |  -26.427 |     -806.4 |    -3407.6 |    812 | dot_0/fifo_timer_r/mem\[1\]\[6\]$_DFFE_PP_/D
     340* |       4 |     228 |       33 |      1 |    77 |    +0.1% |  -26.268 |     -801.6 |    -3389.3 |    812 | dot_0/fifo_timer_r/mem\[1\]\[6\]$_DFFE_PP_/D
     350* |       4 |     237 |       33 |      1 |    78 |    +0.1% |  -26.230 |     -800.5 |    -3384.7 |    812 | dot_0/fifo_timer_r/mem\[1\]\[6\]$_DFFE_PP_/D
     360* |       4 |     243 |       33 |      1 |    82 |    +0.1% |  -26.194 |     -799.4 |    -3380.1 |    812 | dot_0/fifo_timer_r/mem\[1\]\[6\]$_DFFE_PP_/D
     370* |       4 |     249 |       34 |      1 |    85 |    +0.1% |  -26.186 |     -799.0 |    -3379.5 |    812 | dot_0/fifo_timer_r/mem\[1\]\[6\]$_DFFE_PP_/D
     380* |       4 |     253 |       36 |      1 |    89 |    +0.1% |  -26.160 |     -798.2 |    -3376.4 |    812 | dot_0/fifo_timer_r/mem\[1\]\[6\]$_DFFE_PP_/D
     390* |       4 |     258 |       38 |      1 |    92 |    +0.1% |  -26.155 |     -798.0 |    -3375.8 |    812 | dot_0/fifo_timer_r/mem\[1\]\[6\]$_DFFE_PP_/D
     400* |       4 |     264 |       39 |      1 |    95 |    +0.1% |  -26.044 |     -794.7 |    -3363.0 |    812 | dot_0/fifo_timer_r/mem\[1\]\[6\]$_DFFE_PP_/D
     410* |       4 |     270 |       41 |      1 |    97 |    +0.1% |  -25.932 |     -791.5 |    -3347.8 |    812 | dot_0/fifo_timer_r/mem\[1\]\[6\]$_DFFE_PP_/D
     420* |       4 |     275 |       41 |      1 |   102 |    +0.1% |  -25.881 |     -789.8 |    -3341.2 |    812 | dot_0/fifo_timer_r/mem\[1\]\[6\]$_DFFE_PP_/D
     430* |       4 |     280 |       44 |      1 |   104 |    +0.1% |  -25.837 |     -788.7 |    -3336.0 |    812 | dot_0/fifo_timer_r/mem\[1\]\[6\]$_DFFE_PP_/D
     440* |       4 |     284 |       47 |      1 |   107 |    +0.1% |  -25.816 |     -788.1 |    -3333.2 |    812 | dot_0/fifo_timer_r/mem\[1\]\[6\]$_DFFE_PP_/D
     450* |       4 |     288 |       48 |      1 |   112 |    +0.1% |  -25.751 |     -786.2 |    -3324.9 |    812 | dot_0/fifo_timer_r/mem\[1\]\[6\]$_DFFE_PP_/D
     460* |       4 |     294 |       50 |      1 |   114 |    +0.1% |  -25.700 |     -784.6 |    -3316.1 |    812 | dot_0/fifo_timer_r/mem\[1\]\[6\]$_DFFE_PP_/D
     470* |       4 |     301 |       50 |      1 |   117 |    +0.1% |  -25.635 |     -782.5 |    -3308.8 |    812 | dot_0/fifo_timer_r/mem\[1\]\[6\]$_DFFE_PP_/D
     480* |       6 |     307 |       50 |      1 |   119 |    +0.1% |  -25.608 |     -781.7 |    -3305.3 |    812 | dot_0/fifo_timer_r/mem\[1\]\[6\]$_DFFE_PP_/D
     490* |       6 |     311 |       51 |      1 |   124 |    +0.1% |  -25.559 |     -780.4 |    -3299.0 |    812 | dot_0/fifo_timer_r/mem\[1\]\[6\]$_DFFE_PP_/D
     500* |       6 |     315 |       53 |      1 |   128 |    +0.1% |  -25.608 |     -781.8 |    -3304.6 |    812 | dot_0/fifo_timer_r/mem\[1\]\[6\]$_DFFE_PP_/D
     510* |       6 |     321 |       55 |      1 |   130 |    +0.1% |  -25.550 |     -780.2 |    -3297.2 |    812 | dot_0/fifo_timer_r/mem\[1\]\[6\]$_DFFE_PP_/D
     520* |       6 |     323 |       57 |      1 |   136 |    +0.1% |  -25.539 |     -779.9 |    -3295.9 |    812 | dot_0/fifo_timer_r/mem\[1\]\[6\]$_DFFE_PP_/D
     530* |       6 |     328 |       58 |      2 |   139 |    +0.1% |  -25.553 |     -780.1 |    -3297.7 |    812 | dot_0/fifo_timer_r/mem\[1\]\[6\]$_DFFE_PP_/D
     540* |       7 |     334 |       59 |      2 |   141 |    +0.1% |  -25.502 |     -778.8 |    -3291.3 |    812 | dot_0/fifo_timer_r/mem\[1\]\[6\]$_DFFE_PP_/D
     550* |       7 |     340 |       61 |      2 |   143 |    +0.1% |  -25.458 |     -777.4 |    -3286.2 |    812 | dot_0/fifo_timer_r/mem\[1\]\[6\]$_DFFE_PP_/D
     560* |       7 |     346 |       62 |      2 |   146 |    +0.1% |  -25.410 |     -776.1 |    -3280.2 |    812 | dot_0/fifo_timer_r/mem\[1\]\[6\]$_DFFE_PP_/D
     570* |       7 |     352 |       64 |      2 |   148 |    +0.1% |  -25.394 |     -775.5 |    -3278.2 |    812 | dot_0/fifo_timer_r/mem\[1\]\[6\]$_DFFE_PP_/D
     580* |       7 |     356 |       66 |      3 |   151 |    +0.1% |  -25.463 |     -775.7 |    -3287.0 |    812 | dot_0/fifo_timer_r/mem\[1\]\[6\]$_DFFE_PP_/D
     590* |       7 |     359 |       68 |      3 |   156 |    +0.1% |  -25.439 |     -776.1 |    -3283.9 |    812 | dot_0/fifo_timer_r/mem\[1\]\[6\]$_DFFE_PP_/D
     600* |       7 |     365 |       69 |      3 |   159 |    +0.1% |  -25.379 |     -774.4 |    -3278.2 |    812 | dot_0/fifo_timer_r/mem\[1\]\[6\]$_DFFE_PP_/D
     610* |       7 |     372 |       69 |      3 |   162 |    +0.1% |  -25.338 |     -772.6 |    -3274.8 |    812 | dot_0/fifo_timer_r/mem\[1\]\[6\]$_DFFE_PP_/D
     620* |       7 |     376 |       71 |      3 |   166 |    +0.1% |  -25.304 |     -772.4 |    -3270.7 |    812 | dot_0/fifo_timer_r/mem\[1\]\[6\]$_DFFE_PP_/D
     630* |       7 |     381 |       73 |      3 |   169 |    +0.1% |  -25.335 |     -773.3 |    -3274.3 |    812 | dot_0/fifo_timer_r/mem\[1\]\[6\]$_DFFE_PP_/D
     640* |       7 |     388 |       74 |      3 |   171 |    +0.1% |  -25.280 |     -771.7 |    -3267.7 |    812 | dot_0/fifo_timer_r/mem\[1\]\[6\]$_DFFE_PP_/D
     650* |       7 |     392 |       78 |      3 |   173 |    +0.1% |  -25.219 |     -769.9 |    -3260.1 |    812 | dot_0/fifo_timer_r/mem\[1\]\[6\]$_DFFE_PP_/D
     660* |       7 |     398 |       79 |      3 |   176 |    +0.1% |  -25.227 |     -769.7 |    -3261.0 |    812 | dot_0/fifo_timer_r/mem\[1\]\[6\]$_DFFE_PP_/D
     670* |       7 |     401 |       82 |      3 |   180 |    +0.2% |  -25.190 |     -769.1 |    -3256.3 |    812 | dot_0/fifo_timer_r/mem\[1\]\[6\]$_DFFE_PP_/D
     680* |       7 |     408 |       82 |      3 |   183 |    +0.2% |  -25.213 |     -769.5 |    -3259.7 |    812 | dot_0/fifo_timer_r/mem\[1\]\[6\]$_DFFE_PP_/D
     690* |       7 |     416 |       83 |      3 |   184 |    +0.2% |  -25.137 |     -767.7 |    -3250.0 |    812 | dot_0/fifo_timer_r/mem\[1\]\[6\]$_DFFE_PP_/D
     700* |       7 |     422 |       85 |      3 |   186 |    +0.2% |  -25.085 |     -766.1 |    -3244.2 |    812 | dot_0/fifo_timer_r/mem\[1\]\[6\]$_DFFE_PP_/D
     710* |       7 |     426 |       86 |      3 |   191 |    +0.2% |  -25.114 |     -765.5 |    -3246.9 |    812 | dot_0/fifo_timer_r/mem\[1\]\[6\]$_DFFE_PP_/D
     720* |       7 |     428 |       91 |      3 |   195 |    +0.2% |  -25.084 |     -765.4 |    -3243.6 |    812 | dot_0/fifo_timer_r/mem\[1\]\[6\]$_DFFE_PP_/D
     730* |       8 |     429 |       94 |      3 |   200 |    +0.2% |  -25.061 |     -765.4 |    -3241.2 |    812 | dot_0/fifo_timer_r/mem\[1\]\[6\]$_DFFE_PP_/D
     740* |       8 |     433 |       95 |      3 |   205 |    +0.2% |  -25.048 |     -764.2 |    -3239.6 |    812 | dot_0/fifo_timer_r/mem\[1\]\[6\]$_DFFE_PP_/D
     750* |       8 |     435 |       97 |      3 |   211 |    +0.2% |  -25.004 |     -763.1 |    -3233.5 |    812 | dot_0/fifo_timer_r/mem\[1\]\[6\]$_DFFE_PP_/D
     760* |       8 |     441 |       98 |      3 |   214 |    +0.2% |  -24.986 |     -763.0 |    -3231.5 |    812 | dot_0/fifo_timer_r/mem\[1\]\[6\]$_DFFE_PP_/D
     770* |       8 |     450 |       98 |      3 |   215 |    +0.2% |  -25.027 |     -763.3 |    -3236.2 |    812 | dot_0/fifo_timer_r/mem\[1\]\[6\]$_DFFE_PP_/D
     780* |       8 |     456 |       99 |      3 |   218 |    +0.2% |  -24.966 |     -762.5 |    -3230.1 |    812 | dot_0/fifo_timer_r/mem\[1\]\[6\]$_DFFE_PP_/D
     790* |       8 |     460 |      100 |      3 |   223 |    +0.2% |  -24.952 |     -762.1 |    -3228.3 |    812 | dot_0/fifo_timer_r/mem\[1\]\[6\]$_DFFE_PP_/D
     800* |       8 |     464 |      104 |      3 |   225 |    +0.2% |  -24.940 |     -761.4 |    -3226.7 |    812 | dot_0/fifo_timer_r/mem\[1\]\[6\]$_DFFE_PP_/D
     810* |       8 |     469 |      105 |      3 |   229 |    +0.2% |  -24.867 |     -761.3 |    -3217.4 |    812 | dot_0/fifo_timer_r/mem\[1\]\[6\]$_DFFE_PP_/D
     820* |       8 |     473 |      106 |      3 |   234 |    +0.2% |  -24.790 |     -759.0 |    -3208.0 |    812 | dot_0/fifo_timer_r/mem\[1\]\[6\]$_DFFE_PP_/D
     830* |      10 |     477 |      106 |      3 |   238 |    +0.2% |  -24.743 |     -757.6 |    -3202.5 |    812 | dot_0/fifo_timer_r/mem\[1\]\[6\]$_DFFE_PP_/D
     840* |      10 |     478 |      109 |      3 |   244 |    +0.2% |  -24.796 |     -759.2 |    -3207.6 |    812 | dot_0/fifo_timer_r/mem\[1\]\[6\]$_DFFE_PP_/D
     850* |      10 |     479 |      113 |      3 |   250 |    +0.2% |  -24.786 |     -758.6 |    -3206.5 |    812 | dot_0/fifo_timer_r/mem\[1\]\[6\]$_DFFE_PP_/D
     860* |      11 |     482 |      117 |      3 |   252 |    +0.2% |  -24.782 |     -758.1 |    -3205.8 |    812 | dot_0/fifo_timer_r/mem\[1\]\[6\]$_DFFE_PP_/D
     870* |      11 |     488 |      119 |      3 |   254 |    +0.2% |  -24.796 |     -758.9 |    -3207.8 |    812 | dot_0/fifo_timer_r/mem\[1\]\[6\]$_DFFE_PP_/D
     879* |      10 |     477 |      106 |      3 |   237 |    +0.2% |  -24.721 |     -757.0 |    -3200.0 |    812 | dot_0/fifo_timer_r/mem\[1\]\[6\]$_DFFE_PP_/D
     879* |      10 |     477 |      106 |      3 |   237 |    +0.2% |  -24.721 |     -757.0 |    -3200.0 |    812 | dot_0/fifo_timer_r/mem\[1\]\[6\]$_DFFE_PP_/D
     880+ |      10 |     477 |      106 |      3 |   237 |    +0.2% |  -24.721 |     -757.0 |    -3200.0 |    812 | dot_0/fifo_timer_r/mem\[1\]\[6\]$_DFFE_PP_/D
     880+ |      10 |     477 |      106 |      3 |   237 |    +0.2% |  -24.721 |     -757.0 |    -3200.0 |    812 | dot_0/fifo_timer_r/mem\[1\]\[6\]$_DFFE_PP_/D
     881+ |      10 |     477 |      106 |      3 |   237 |    +0.2% |  -24.721 |     -757.0 |    -3200.0 |    812 | dot_0/fifo_timer_r/mem\[1\]\[6\]$_DFFE_PP_/D
     882+ |      10 |     477 |      106 |      3 |   237 |    +0.2% |  -24.721 |     -757.0 |    -3200.0 |    812 | dot_0/fifo_timer_r/mem\[1\]\[6\]$_DFFE_PP_/D
     883+ |      10 |     477 |      106 |      3 |   237 |    +0.2% |  -24.721 |     -757.0 |    -3200.0 |    812 | dot_0/fifo_timer_r/mem\[1\]\[6\]$_DFFE_PP_/D
     884+ |      10 |     477 |      106 |      3 |   237 |    +0.2% |  -24.721 |     -757.0 |    -3200.0 |    812 | dot_0/fifo_timer_r/mem\[1\]\[6\]$_DFFE_PP_/D
     885+ |      10 |     477 |      106 |      3 |   237 |    +0.2% |  -24.721 |     -757.0 |    -3200.0 |    812 | dot_0/fifo_timer_r/mem\[1\]\[6\]$_DFFE_PP_/D
     886+ |      10 |     477 |      106 |      3 |   237 |    +0.2% |  -24.721 |     -757.0 |    -3200.0 |    812 | dot_0/fifo_timer_r/mem\[1\]\[6\]$_DFFE_PP_/D
     887+ |      10 |     477 |      106 |      3 |   237 |    +0.2% |  -24.721 |     -757.0 |    -3200.0 |    812 | dot_0/fifo_timer_r/mem\[1\]\[6\]$_DFFE_PP_/D
     888+ |      10 |     477 |      106 |      3 |   237 |    +0.2% |  -24.721 |     -757.0 |    -3200.0 |    812 | dot_0/fifo_timer_r/mem\[1\]\[6\]$_DFFE_PP_/D
     889+ |      10 |     477 |      106 |      3 |   237 |    +0.2% |  -24.721 |     -757.0 |    -3200.0 |    812 | dot_0/fifo_timer_r/mem\[1\]\[6\]$_DFFE_PP_/D
     890+ |      10 |     477 |      106 |      3 |   237 |    +0.2% |  -24.721 |     -757.0 |    -3200.0 |    812 | dot_0/fifo_timer_r/mem\[1\]\[6\]$_DFFE_PP_/D
     890+ |      10 |     477 |      106 |      3 |   237 |    +0.2% |  -24.721 |     -757.0 |    -3200.0 |    812 | dot_0/fifo_timer_r/mem\[1\]\[6\]$_DFFE_PP_/D
     891+ |      10 |     477 |      106 |      3 |   237 |    +0.2% |  -24.721 |     -757.0 |    -3200.0 |    812 | dot_0/fifo_timer_r/mem\[1\]\[6\]$_DFFE_PP_/D
     892+ |      10 |     477 |      106 |      3 |   237 |    +0.2% |  -24.721 |     -757.0 |    -3200.0 |    812 | dot_0/fifo_timer_r/mem\[1\]\[6\]$_DFFE_PP_/D
     893+ |      10 |     477 |      106 |      3 |   237 |    +0.2% |  -24.721 |     -757.0 |    -3200.0 |    812 | dot_0/fifo_timer_r/mem\[1\]\[6\]$_DFFE_PP_/D
     894+ |      10 |     477 |      106 |      3 |   237 |    +0.2% |  -24.721 |     -757.0 |    -3200.0 |    812 | dot_0/fifo_timer_r/mem\[1\]\[6\]$_DFFE_PP_/D
     895+ |      10 |     477 |      106 |      3 |   237 |    +0.2% |  -24.721 |     -757.0 |    -3200.0 |    812 | dot_0/fifo_timer_r/mem\[1\]\[6\]$_DFFE_PP_/D
     896+ |      10 |     477 |      106 |      3 |   237 |    +0.2% |  -24.721 |     -757.0 |    -3200.0 |    812 | dot_0/fifo_timer_r/mem\[1\]\[6\]$_DFFE_PP_/D
     897+ |      10 |     477 |      106 |      3 |   237 |    +0.2% |  -24.721 |     -757.0 |    -3200.0 |    812 | dot_0/fifo_timer_r/mem\[1\]\[6\]$_DFFE_PP_/D
     898+ |      10 |     477 |      106 |      3 |   237 |    +0.2% |  -24.721 |     -757.0 |    -3200.0 |    812 | dot_0/fifo_timer_r/mem\[1\]\[6\]$_DFFE_PP_/D
     899+ |      10 |     477 |      106 |      3 |   237 |    +0.2% |  -24.721 |     -757.0 |    -3200.0 |    812 | dot_0/fifo_timer_r/mem\[1\]\[6\]$_DFFE_PP_/D
     900+ |      10 |     477 |      106 |      3 |   237 |    +0.2% |  -24.721 |     -757.0 |    -3200.0 |    812 | dot_0/fifo_timer_r/mem\[1\]\[6\]$_DFFE_PP_/D
     900+ |      10 |     477 |      106 |      3 |   237 |    +0.2% |  -24.721 |     -757.0 |    -3200.0 |    812 | dot_0/fifo_timer_r/mem\[1\]\[6\]$_DFFE_PP_/D
     901+ |      10 |     477 |      106 |      3 |   237 |    +0.2% |  -24.721 |     -757.0 |    -3200.0 |    812 | dot_0/fifo_timer_r/mem\[1\]\[6\]$_DFFE_PP_/D
     902+ |      10 |     477 |      106 |      3 |   237 |    +0.2% |  -24.721 |     -757.0 |    -3200.0 |    812 | dot_0/fifo_timer_r/mem\[1\]\[6\]$_DFFE_PP_/D
     903+ |      10 |     477 |      106 |      3 |   237 |    +0.2% |  -24.721 |     -757.0 |    -3200.0 |    812 | dot_0/fifo_timer_r/mem\[1\]\[6\]$_DFFE_PP_/D
     904+ |      10 |     477 |      106 |      3 |   237 |    +0.2% |  -24.721 |     -757.0 |    -3200.0 |    812 | dot_0/fifo_timer_r/mem\[1\]\[6\]$_DFFE_PP_/D
     905+ |      10 |     477 |      106 |      3 |   237 |    +0.2% |  -24.721 |     -757.0 |    -3200.0 |    812 | dot_0/fifo_timer_r/mem\[1\]\[6\]$_DFFE_PP_/D
     906+ |      10 |     477 |      106 |      3 |   237 |    +0.2% |  -24.721 |     -757.0 |    -3200.0 |    812 | dot_0/fifo_timer_r/mem\[1\]\[6\]$_DFFE_PP_/D
     907+ |      10 |     477 |      106 |      3 |   237 |    +0.2% |  -24.721 |     -757.0 |    -3200.0 |    812 | dot_0/fifo_timer_r/mem\[1\]\[6\]$_DFFE_PP_/D
     908+ |      10 |     477 |      106 |      3 |   237 |    +0.2% |  -24.721 |     -757.0 |    -3200.0 |    812 | dot_0/fifo_timer_r/mem\[1\]\[6\]$_DFFE_PP_/D
     909+ |      10 |     477 |      106 |      3 |   237 |    +0.2% |  -24.721 |     -757.0 |    -3200.0 |    812 | dot_0/fifo_timer_r/mem\[1\]\[6\]$_DFFE_PP_/D
     910+ |      10 |     477 |      106 |      3 |   237 |    +0.2% |  -24.721 |     -757.0 |    -3200.0 |    812 | dot_0/fifo_timer_r/mem\[1\]\[6\]$_DFFE_PP_/D
     910+ |      10 |     477 |      106 |      3 |   237 |    +0.2% |  -24.721 |     -757.0 |    -3200.0 |    812 | dot_0/fifo_timer_r/mem\[1\]\[6\]$_DFFE_PP_/D
     911+ |      10 |     477 |      106 |      3 |   237 |    +0.2% |  -24.721 |     -757.0 |    -3200.0 |    812 | dot_0/fifo_timer_r/mem\[1\]\[6\]$_DFFE_PP_/D
     912+ |      10 |     477 |      106 |      3 |   237 |    +0.2% |  -24.721 |     -757.0 |    -3200.0 |    812 | dot_0/fifo_timer_r/mem\[1\]\[6\]$_DFFE_PP_/D
     913+ |      10 |     477 |      106 |      3 |   237 |    +0.2% |  -24.721 |     -757.0 |    -3200.0 |    812 | dot_0/fifo_timer_r/mem\[1\]\[6\]$_DFFE_PP_/D
     914+ |      10 |     477 |      106 |      3 |   237 |    +0.2% |  -24.721 |     -757.0 |    -3200.0 |    812 | dot_0/fifo_timer_r/mem\[1\]\[6\]$_DFFE_PP_/D
     915+ |      10 |     477 |      106 |      3 |   237 |    +0.2% |  -24.721 |     -757.0 |    -3200.0 |    812 | dot_0/fifo_timer_r/mem\[1\]\[6\]$_DFFE_PP_/D
     916+ |      10 |     477 |      106 |      3 |   237 |    +0.2% |  -24.721 |     -757.0 |    -3200.0 |    812 | dot_0/fifo_timer_r/mem\[1\]\[6\]$_DFFE_PP_/D
     917+ |      10 |     477 |      106 |      3 |   237 |    +0.2% |  -24.721 |     -757.0 |    -3200.0 |    812 | dot_0/fifo_timer_r/mem\[1\]\[6\]$_DFFE_PP_/D
     918+ |      10 |     477 |      106 |      3 |   237 |    +0.2% |  -24.721 |     -757.0 |    -3200.0 |    812 | dot_0/fifo_timer_r/mem\[1\]\[6\]$_DFFE_PP_/D
     919+ |      10 |     477 |      106 |      3 |   237 |    +0.2% |  -24.721 |     -757.0 |    -3200.0 |    812 | dot_0/fifo_timer_r/mem\[1\]\[6\]$_DFFE_PP_/D
     920+ |      10 |     477 |      106 |      3 |   237 |    +0.2% |  -24.721 |     -757.0 |    -3200.0 |    812 | dot_0/fifo_timer_r/mem\[1\]\[6\]$_DFFE_PP_/D
     920+ |      10 |     477 |      106 |      3 |   237 |    +0.2% |  -24.721 |     -757.0 |    -3200.0 |    812 | dot_0/fifo_timer_r/mem\[1\]\[6\]$_DFFE_PP_/D
     921+ |      10 |     477 |      106 |      3 |   237 |    +0.2% |  -24.721 |     -757.0 |    -3200.0 |    812 | dot_0/fifo_timer_r/mem\[1\]\[6\]$_DFFE_PP_/D
     922+ |      10 |     477 |      106 |      3 |   237 |    +0.2% |  -24.721 |     -757.0 |    -3200.0 |    812 | dot_0/fifo_timer_r/mem\[1\]\[6\]$_DFFE_PP_/D
     923+ |      10 |     477 |      106 |      3 |   237 |    +0.2% |  -24.721 |     -757.0 |    -3200.0 |    812 | dot_0/fifo_timer_r/mem\[1\]\[6\]$_DFFE_PP_/D
     924+ |      10 |     477 |      106 |      3 |   237 |    +0.2% |  -24.721 |     -757.0 |    -3200.0 |    812 | dot_0/fifo_timer_r/mem\[1\]\[6\]$_DFFE_PP_/D
     927+ |      10 |     478 |      106 |      3 |   238 |    +0.2% |  -24.721 |     -757.0 |    -3199.5 |    812 | dot_0/fifo_timer_r/mem\[1\]\[6\]$_DFFE_PP_/D
     928+ |      10 |     478 |      106 |      3 |   238 |    +0.2% |  -24.721 |     -757.0 |    -3199.5 |    812 | dot_0/fifo_timer_r/mem\[1\]\[6\]$_DFFE_PP_/D
     929+ |      10 |     478 |      106 |      3 |   238 |    +0.2% |  -24.721 |     -757.0 |    -3199.5 |    812 | dot_0/fifo_timer_r/mem\[1\]\[6\]$_DFFE_PP_/D
     930+ |      10 |     478 |      106 |      3 |   238 |    +0.2% |  -24.721 |     -757.0 |    -3199.5 |    812 | dot_0/fifo_timer_r/mem\[1\]\[6\]$_DFFE_PP_/D
     930+ |      10 |     478 |      106 |      3 |   238 |    +0.2% |  -24.721 |     -757.0 |    -3199.5 |    812 | dot_0/fifo_timer_r/mem\[1\]\[6\]$_DFFE_PP_/D
     931+ |      10 |     478 |      106 |      3 |   238 |    +0.2% |  -24.721 |     -757.0 |    -3199.5 |    812 | dot_0/fifo_timer_r/mem\[1\]\[6\]$_DFFE_PP_/D
     932+ |      10 |     478 |      106 |      3 |   238 |    +0.2% |  -24.721 |     -757.0 |    -3199.5 |    812 | dot_0/fifo_timer_r/mem\[1\]\[6\]$_DFFE_PP_/D
     933+ |      10 |     478 |      106 |      3 |   238 |    +0.2% |  -24.721 |     -757.0 |    -3199.5 |    812 | dot_0/fifo_timer_r/mem\[1\]\[6\]$_DFFE_PP_/D
     934+ |      10 |     478 |      106 |      3 |   238 |    +0.2% |  -24.721 |     -757.0 |    -3199.5 |    812 | dot_0/fifo_timer_r/mem\[1\]\[6\]$_DFFE_PP_/D
     935+ |      10 |     478 |      106 |      3 |   238 |    +0.2% |  -24.721 |     -757.0 |    -3199.5 |    812 | dot_0/fifo_timer_r/mem\[1\]\[6\]$_DFFE_PP_/D
     936+ |      10 |     478 |      106 |      3 |   238 |    +0.2% |  -24.721 |     -757.0 |    -3199.5 |    812 | dot_0/fifo_timer_r/mem\[1\]\[6\]$_DFFE_PP_/D
     937+ |      10 |     478 |      106 |      3 |   238 |    +0.2% |  -24.721 |     -757.0 |    -3199.5 |    812 | dot_0/fifo_timer_r/mem\[1\]\[6\]$_DFFE_PP_/D
     938+ |      10 |     478 |      106 |      3 |   238 |    +0.2% |  -24.721 |     -757.0 |    -3199.5 |    812 | dot_0/fifo_timer_r/mem\[1\]\[6\]$_DFFE_PP_/D
     939+ |      10 |     478 |      106 |      3 |   238 |    +0.2% |  -24.721 |     -757.0 |    -3199.5 |    812 | dot_0/fifo_timer_r/mem\[1\]\[6\]$_DFFE_PP_/D
     940+ |      10 |     478 |      106 |      3 |   238 |    +0.2% |  -24.721 |     -757.0 |    -3199.5 |    812 | dot_0/fifo_timer_r/mem\[1\]\[6\]$_DFFE_PP_/D
     940+ |      10 |     478 |      106 |      3 |   238 |    +0.2% |  -24.721 |     -757.0 |    -3199.5 |    812 | dot_0/fifo_timer_r/mem\[1\]\[6\]$_DFFE_PP_/D
     941+ |      10 |     478 |      106 |      3 |   238 |    +0.2% |  -24.721 |     -757.0 |    -3199.5 |    812 | dot_0/fifo_timer_r/mem\[1\]\[6\]$_DFFE_PP_/D
     942+ |      10 |     478 |      106 |      3 |   238 |    +0.2% |  -24.721 |     -757.0 |    -3199.5 |    812 | dot_0/fifo_timer_r/mem\[1\]\[6\]$_DFFE_PP_/D
     943+ |      10 |     478 |      106 |      3 |   238 |    +0.2% |  -24.721 |     -757.0 |    -3199.5 |    812 | dot_0/fifo_timer_r/mem\[1\]\[6\]$_DFFE_PP_/D
     944+ |      10 |     478 |      106 |      3 |   238 |    +0.2% |  -24.721 |     -757.0 |    -3199.5 |    812 | dot_0/fifo_timer_r/mem\[1\]\[6\]$_DFFE_PP_/D
     945+ |      10 |     478 |      106 |      3 |   238 |    +0.2% |  -24.721 |     -757.0 |    -3199.5 |    812 | dot_0/fifo_timer_r/mem\[1\]\[6\]$_DFFE_PP_/D
     946+ |      10 |     478 |      106 |      3 |   238 |    +0.2% |  -24.721 |     -757.0 |    -3199.5 |    812 | dot_0/fifo_timer_r/mem\[1\]\[6\]$_DFFE_PP_/D
     947+ |      10 |     478 |      106 |      3 |   238 |    +0.2% |  -24.721 |     -757.0 |    -3199.5 |    812 | dot_0/fifo_timer_r/mem\[1\]\[6\]$_DFFE_PP_/D
     948+ |      10 |     478 |      106 |      3 |   238 |    +0.2% |  -24.721 |     -757.0 |    -3199.5 |    812 | dot_0/fifo_timer_r/mem\[1\]\[6\]$_DFFE_PP_/D
     949+ |      10 |     478 |      106 |      3 |   238 |    +0.2% |  -24.721 |     -757.0 |    -3199.5 |    812 | dot_0/fifo_timer_r/mem\[1\]\[6\]$_DFFE_PP_/D
     950+ |      10 |     478 |      106 |      3 |   238 |    +0.2% |  -24.721 |     -757.0 |    -3199.5 |    812 | dot_0/fifo_timer_r/mem\[1\]\[6\]$_DFFE_PP_/D
     950+ |      10 |     478 |      106 |      3 |   238 |    +0.2% |  -24.721 |     -757.0 |    -3199.5 |    812 | dot_0/fifo_timer_r/mem\[1\]\[6\]$_DFFE_PP_/D
     951+ |      10 |     478 |      106 |      3 |   238 |    +0.2% |  -24.721 |     -757.0 |    -3199.5 |    812 | dot_0/fifo_timer_r/mem\[1\]\[6\]$_DFFE_PP_/D
     952+ |      10 |     478 |      106 |      3 |   238 |    +0.2% |  -24.721 |     -757.0 |    -3199.5 |    812 | dot_0/fifo_timer_r/mem\[1\]\[6\]$_DFFE_PP_/D
     953+ |      10 |     478 |      106 |      3 |   238 |    +0.2% |  -24.721 |     -757.0 |    -3199.5 |    812 | dot_0/fifo_timer_r/mem\[1\]\[6\]$_DFFE_PP_/D
     954+ |      10 |     478 |      106 |      3 |   238 |    +0.2% |  -24.721 |     -757.0 |    -3199.5 |    812 | dot_0/fifo_timer_r/mem\[1\]\[6\]$_DFFE_PP_/D
     955+ |      10 |     478 |      106 |      3 |   238 |    +0.2% |  -24.721 |     -757.0 |    -3199.5 |    812 | dot_0/fifo_timer_r/mem\[1\]\[6\]$_DFFE_PP_/D
     956+ |      10 |     478 |      106 |      3 |   238 |    +0.2% |  -24.721 |     -757.0 |    -3199.5 |    812 | dot_0/fifo_timer_r/mem\[1\]\[6\]$_DFFE_PP_/D
     957+ |      10 |     478 |      106 |      3 |   238 |    +0.2% |  -24.721 |     -757.0 |    -3199.5 |    812 | dot_0/fifo_timer_r/mem\[1\]\[6\]$_DFFE_PP_/D
     958+ |      10 |     478 |      106 |      3 |   238 |    +0.2% |  -24.721 |     -757.0 |    -3199.5 |    812 | dot_0/fifo_timer_r/mem\[1\]\[6\]$_DFFE_PP_/D
     959+ |      10 |     478 |      106 |      3 |   238 |    +0.2% |  -24.721 |     -757.0 |    -3199.5 |    812 | dot_0/fifo_timer_r/mem\[1\]\[6\]$_DFFE_PP_/D
     960+ |      10 |     478 |      106 |      3 |   238 |    +0.2% |  -24.721 |     -757.0 |    -3199.5 |    812 | dot_0/fifo_timer_r/mem\[1\]\[6\]$_DFFE_PP_/D
     960+ |      10 |     478 |      106 |      3 |   238 |    +0.2% |  -24.721 |     -757.0 |    -3199.5 |    812 | dot_0/fifo_timer_r/mem\[1\]\[6\]$_DFFE_PP_/D
     961+ |      10 |     478 |      106 |      3 |   238 |    +0.2% |  -24.721 |     -757.0 |    -3199.5 |    812 | dot_0/fifo_timer_r/mem\[1\]\[6\]$_DFFE_PP_/D
     962+ |      10 |     478 |      106 |      3 |   238 |    +0.2% |  -24.721 |     -757.0 |    -3199.5 |    812 | dot_0/fifo_timer_r/mem\[1\]\[6\]$_DFFE_PP_/D
     963+ |      10 |     478 |      106 |      3 |   238 |    +0.2% |  -24.721 |     -757.0 |    -3199.5 |    812 | dot_0/fifo_timer_r/mem\[1\]\[6\]$_DFFE_PP_/D
     964+ |      10 |     478 |      106 |      3 |   238 |    +0.2% |  -24.721 |     -757.0 |    -3199.5 |    812 | dot_0/fifo_timer_r/mem\[1\]\[6\]$_DFFE_PP_/D
     965+ |      10 |     478 |      106 |      3 |   238 |    +0.2% |  -24.721 |     -757.0 |    -3199.5 |    812 | dot_0/fifo_timer_r/mem\[1\]\[6\]$_DFFE_PP_/D
     966+ |      10 |     478 |      106 |      3 |   238 |    +0.2% |  -24.721 |     -757.0 |    -3199.5 |    812 | dot_0/fifo_timer_r/mem\[1\]\[6\]$_DFFE_PP_/D
     967+ |      10 |     478 |      106 |      3 |   238 |    +0.2% |  -24.721 |     -757.0 |    -3199.5 |    812 | dot_0/fifo_timer_r/mem\[1\]\[6\]$_DFFE_PP_/D
     968+ |      10 |     478 |      106 |      3 |   238 |    +0.2% |  -24.721 |     -757.0 |    -3199.5 |    812 | dot_0/fifo_timer_r/mem\[1\]\[6\]$_DFFE_PP_/D
     969+ |      10 |     478 |      106 |      3 |   238 |    +0.2% |  -24.721 |     -757.0 |    -3199.5 |    812 | dot_0/fifo_timer_r/mem\[1\]\[6\]$_DFFE_PP_/D
     970+ |      10 |     478 |      106 |      3 |   238 |    +0.2% |  -24.721 |     -757.0 |    -3199.5 |    812 | dot_0/fifo_timer_r/mem\[1\]\[6\]$_DFFE_PP_/D
     970+ |      10 |     478 |      106 |      3 |   238 |    +0.2% |  -24.721 |     -757.0 |    -3199.5 |    812 | dot_0/fifo_timer_r/mem\[1\]\[6\]$_DFFE_PP_/D
     971+ |      10 |     478 |      106 |      3 |   238 |    +0.2% |  -24.721 |     -757.0 |    -3199.5 |    812 | dot_0/fifo_timer_r/mem\[1\]\[6\]$_DFFE_PP_/D
     972+ |      10 |     478 |      106 |      3 |   238 |    +0.2% |  -24.721 |     -757.0 |    -3199.5 |    812 | dot_0/fifo_timer_r/mem\[1\]\[6\]$_DFFE_PP_/D
     973+ |      10 |     478 |      106 |      3 |   238 |    +0.2% |  -24.721 |     -757.0 |    -3199.5 |    812 | dot_0/fifo_timer_r/mem\[1\]\[6\]$_DFFE_PP_/D
     974+ |      10 |     478 |      106 |      3 |   238 |    +0.2% |  -24.721 |     -757.0 |    -3199.5 |    812 | dot_0/fifo_timer_r/mem\[1\]\[6\]$_DFFE_PP_/D
     975+ |      10 |     478 |      106 |      3 |   238 |    +0.2% |  -24.721 |     -757.0 |    -3199.5 |    812 | dot_0/fifo_timer_r/mem\[1\]\[6\]$_DFFE_PP_/D
     976+ |      10 |     478 |      106 |      3 |   238 |    +0.2% |  -24.721 |     -757.0 |    -3199.5 |    812 | dot_0/fifo_timer_r/mem\[1\]\[6\]$_DFFE_PP_/D
     977+ |      10 |     478 |      106 |      3 |   238 |    +0.2% |  -24.721 |     -757.0 |    -3199.5 |    812 | dot_0/fifo_timer_r/mem\[1\]\[6\]$_DFFE_PP_/D
     978+ |      10 |     478 |      106 |      3 |   238 |    +0.2% |  -24.721 |     -757.0 |    -3199.5 |    812 | dot_0/fifo_timer_r/mem\[1\]\[6\]$_DFFE_PP_/D
     979+ |      10 |     478 |      106 |      3 |   238 |    +0.2% |  -24.721 |     -757.0 |    -3199.5 |    812 | dot_0/fifo_timer_r/mem\[1\]\[6\]$_DFFE_PP_/D
     980+ |      10 |     478 |      106 |      3 |   238 |    +0.2% |  -24.721 |     -757.0 |    -3199.5 |    812 | dot_0/fifo_timer_r/mem\[1\]\[6\]$_DFFE_PP_/D
     980+ |      10 |     478 |      106 |      3 |   238 |    +0.2% |  -24.721 |     -757.0 |    -3199.5 |    812 | dot_0/fifo_timer_r/mem\[1\]\[6\]$_DFFE_PP_/D
     981+ |      10 |     478 |      106 |      3 |   238 |    +0.2% |  -24.721 |     -757.0 |    -3199.5 |    812 | dot_0/fifo_timer_r/mem\[1\]\[6\]$_DFFE_PP_/D
     982+ |      10 |     478 |      106 |      3 |   238 |    +0.2% |  -24.721 |     -757.0 |    -3199.5 |    812 | dot_0/fifo_timer_r/mem\[1\]\[6\]$_DFFE_PP_/D
     983+ |      10 |     478 |      106 |      3 |   238 |    +0.2% |  -24.721 |     -757.0 |    -3199.5 |    812 | dot_0/fifo_timer_r/mem\[1\]\[6\]$_DFFE_PP_/D
     984+ |      10 |     478 |      106 |      3 |   238 |    +0.2% |  -24.721 |     -757.0 |    -3199.5 |    812 | dot_0/fifo_timer_r/mem\[1\]\[6\]$_DFFE_PP_/D
     985+ |      10 |     478 |      106 |      3 |   238 |    +0.2% |  -24.721 |     -757.0 |    -3199.5 |    812 | dot_0/fifo_timer_r/mem\[1\]\[6\]$_DFFE_PP_/D
     986+ |      10 |     478 |      106 |      3 |   238 |    +0.2% |  -24.721 |     -757.0 |    -3199.5 |    812 | dot_0/fifo_timer_r/mem\[1\]\[6\]$_DFFE_PP_/D
     987+ |      10 |     478 |      106 |      3 |   238 |    +0.2% |  -24.721 |     -757.0 |    -3199.5 |    812 | dot_0/fifo_timer_r/mem\[1\]\[6\]$_DFFE_PP_/D
     988+ |      10 |     478 |      106 |      3 |   238 |    +0.2% |  -24.721 |     -757.0 |    -3199.5 |    812 | dot_0/fifo_timer_r/mem\[1\]\[6\]$_DFFE_PP_/D
     989+ |      10 |     478 |      106 |      3 |   238 |    +0.2% |  -24.721 |     -757.0 |    -3199.5 |    812 | dot_0/fifo_timer_r/mem\[1\]\[6\]$_DFFE_PP_/D
     990+ |      10 |     478 |      106 |      3 |   238 |    +0.2% |  -24.721 |     -757.0 |    -3199.5 |    812 | dot_0/fifo_timer_r/mem\[1\]\[6\]$_DFFE_PP_/D
     990+ |      10 |     478 |      106 |      3 |   238 |    +0.2% |  -24.721 |     -757.0 |    -3199.5 |    812 | dot_0/fifo_timer_r/mem\[1\]\[6\]$_DFFE_PP_/D
     991+ |      10 |     478 |      106 |      3 |   238 |    +0.2% |  -24.721 |     -757.0 |    -3199.5 |    812 | dot_0/fifo_timer_r/mem\[1\]\[6\]$_DFFE_PP_/D
     992+ |      10 |     478 |      106 |      3 |   238 |    +0.2% |  -24.721 |     -757.0 |    -3199.5 |    812 | dot_0/fifo_timer_r/mem\[1\]\[6\]$_DFFE_PP_/D
     993+ |      10 |     478 |      106 |      3 |   238 |    +0.2% |  -24.721 |     -757.0 |    -3199.5 |    812 | dot_0/fifo_timer_r/mem\[1\]\[6\]$_DFFE_PP_/D
    1000+ |      10 |     484 |      106 |      3 |   238 |    +0.2% |  -24.721 |     -757.0 |    -3194.2 |    812 | dot_0/fifo_timer_r/mem\[1\]\[6\]$_DFFE_PP_/D
    1002+ |      10 |     485 |      106 |      3 |   239 |    +0.2% |  -24.721 |     -757.0 |    -3194.0 |    812 | dot_0/fifo_timer_r/mem\[1\]\[6\]$_DFFE_PP_/D
    1004+ |      10 |     486 |      106 |      3 |   239 |    +0.2% |  -24.721 |     -757.0 |    -3193.4 |    812 | dot_0/fifo_timer_r/mem\[1\]\[6\]$_DFFE_PP_/D
    1009+ |      10 |     489 |      106 |      3 |   240 |    +0.2% |  -24.721 |     -757.0 |    -3192.7 |    812 | dot_0/fifo_timer_r/mem\[1\]\[6\]$_DFFE_PP_/D
    1010+ |      10 |     489 |      106 |      3 |   240 |    +0.2% |  -24.721 |     -757.0 |    -3192.7 |    812 | dot_0/fifo_timer_r/mem\[1\]\[6\]$_DFFE_PP_/D
    1011+ |      10 |     489 |      106 |      3 |   241 |    +0.2% |  -24.720 |     -756.9 |    -3192.5 |    812 | dot_0/fifo_timer_r/mem\[1\]\[6\]$_DFFE_PP_/D
    1012+ |      10 |     489 |      106 |      3 |   241 |    +0.2% |  -24.720 |     -756.9 |    -3192.5 |    812 | dot_0/fifo_timer_r/mem\[1\]\[6\]$_DFFE_PP_/D
    1013+ |      10 |     489 |      106 |      3 |   241 |    +0.2% |  -24.720 |     -756.9 |    -3192.5 |    812 | dot_0/fifo_timer_r/mem\[1\]\[6\]$_DFFE_PP_/D
    1014+ |      10 |     489 |      106 |      3 |   241 |    +0.2% |  -24.720 |     -756.9 |    -3192.5 |    812 | dot_0/fifo_timer_r/mem\[1\]\[6\]$_DFFE_PP_/D
    1015+ |      10 |     489 |      106 |      3 |   241 |    +0.2% |  -24.720 |     -756.9 |    -3192.5 |    812 | dot_0/fifo_timer_r/mem\[1\]\[6\]$_DFFE_PP_/D
    1016+ |      10 |     489 |      106 |      3 |   241 |    +0.2% |  -24.720 |     -756.9 |    -3192.5 |    812 | dot_0/fifo_timer_r/mem\[1\]\[6\]$_DFFE_PP_/D
    1017+ |      10 |     489 |      106 |      3 |   241 |    +0.2% |  -24.720 |     -756.9 |    -3192.5 |    812 | dot_0/fifo_timer_r/mem\[1\]\[6\]$_DFFE_PP_/D
    1018+ |      10 |     489 |      106 |      3 |   241 |    +0.2% |  -24.720 |     -756.9 |    -3192.5 |    812 | dot_0/fifo_timer_r/mem\[1\]\[6\]$_DFFE_PP_/D
    1019+ |      10 |     489 |      106 |      3 |   241 |    +0.2% |  -24.720 |     -756.9 |    -3192.5 |    812 | dot_0/fifo_timer_r/mem\[1\]\[6\]$_DFFE_PP_/D
    1020+ |      10 |     489 |      106 |      3 |   241 |    +0.2% |  -24.720 |     -756.9 |    -3192.5 |    812 | dot_0/fifo_timer_r/mem\[1\]\[6\]$_DFFE_PP_/D
    1020+ |      10 |     489 |      106 |      3 |   241 |    +0.2% |  -24.720 |     -756.9 |    -3192.5 |    812 | dot_0/fifo_timer_r/mem\[1\]\[6\]$_DFFE_PP_/D
    1021+ |      10 |     489 |      106 |      3 |   241 |    +0.2% |  -24.720 |     -756.9 |    -3192.5 |    812 | dot_0/fifo_timer_r/mem\[1\]\[6\]$_DFFE_PP_/D
    1022+ |      10 |     489 |      106 |      3 |   241 |    +0.2% |  -24.720 |     -756.9 |    -3192.5 |    812 | dot_0/fifo_timer_r/mem\[1\]\[6\]$_DFFE_PP_/D
    1023+ |      10 |     489 |      106 |      3 |   241 |    +0.2% |  -24.720 |     -756.9 |    -3192.5 |    812 | dot_0/fifo_timer_r/mem\[1\]\[6\]$_DFFE_PP_/D
    1030+ |      10 |     494 |      106 |      3 |   242 |    +0.2% |  -24.720 |     -747.9 |    -3039.4 |    812 | dot_0/fifo_timer_r/mem\[1\]\[6\]$_DFFE_PP_/D
    1031+ |      10 |     495 |      106 |      3 |   242 |    +0.2% |  -24.720 |     -747.7 |    -3039.4 |    812 | dot_0/fifo_timer_r/mem\[1\]\[6\]$_DFFE_PP_/D
    1032+ |      10 |     496 |      106 |      3 |   242 |    +0.2% |  -24.720 |     -747.7 |    -3039.3 |    812 | dot_0/fifo_timer_r/mem\[1\]\[6\]$_DFFE_PP_/D
    1033+ |      10 |     496 |      106 |      3 |   242 |    +0.2% |  -24.720 |     -747.7 |    -3039.3 |    812 | dot_0/fifo_timer_r/mem\[1\]\[6\]$_DFFE_PP_/D
    1034+ |      10 |     496 |      106 |      3 |   242 |    +0.2% |  -24.720 |     -747.7 |    -3039.3 |    812 | dot_0/fifo_timer_r/mem\[1\]\[6\]$_DFFE_PP_/D
    1035+ |      10 |     496 |      106 |      3 |   242 |    +0.2% |  -24.720 |     -747.7 |    -3039.3 |    812 | dot_0/fifo_timer_r/mem\[1\]\[6\]$_DFFE_PP_/D
    1036+ |      10 |     496 |      106 |      3 |   242 |    +0.2% |  -24.720 |     -747.7 |    -3039.3 |    812 | dot_0/fifo_timer_r/mem\[1\]\[6\]$_DFFE_PP_/D
    1037+ |      10 |     496 |      106 |      3 |   242 |    +0.2% |  -24.720 |     -747.7 |    -3039.3 |    812 | dot_0/fifo_timer_r/mem\[1\]\[6\]$_DFFE_PP_/D
    1038+ |      10 |     496 |      106 |      3 |   242 |    +0.2% |  -24.720 |     -747.7 |    -3039.3 |    812 | dot_0/fifo_timer_r/mem\[1\]\[6\]$_DFFE_PP_/D
    1039+ |      10 |     496 |      106 |      3 |   242 |    +0.2% |  -24.720 |     -747.7 |    -3039.3 |    812 | dot_0/fifo_timer_r/mem\[1\]\[6\]$_DFFE_PP_/D
    1040+ |      10 |     496 |      106 |      3 |   242 |    +0.2% |  -24.720 |     -747.7 |    -3039.3 |    812 | dot_0/fifo_timer_r/mem\[1\]\[6\]$_DFFE_PP_/D
    1040+ |      10 |     496 |      106 |      3 |   242 |    +0.2% |  -24.720 |     -747.7 |    -3039.3 |    812 | dot_0/fifo_timer_r/mem\[1\]\[6\]$_DFFE_PP_/D
    1041+ |      10 |     496 |      106 |      3 |   242 |    +0.2% |  -24.720 |     -747.7 |    -3039.3 |    812 | dot_0/fifo_timer_r/mem\[1\]\[6\]$_DFFE_PP_/D
    1042+ |      10 |     496 |      106 |      3 |   242 |    +0.2% |  -24.720 |     -747.7 |    -3039.3 |    812 | dot_0/fifo_timer_r/mem\[1\]\[6\]$_DFFE_PP_/D
    1043+ |      10 |     496 |      106 |      3 |   242 |    +0.2% |  -24.720 |     -747.7 |    -3039.3 |    812 | dot_0/fifo_timer_r/mem\[1\]\[6\]$_DFFE_PP_/D
    1044+ |      10 |     496 |      106 |      3 |   242 |    +0.2% |  -24.720 |     -747.7 |    -3039.3 |    812 | dot_0/fifo_timer_r/mem\[1\]\[6\]$_DFFE_PP_/D
    1045+ |      10 |     496 |      106 |      3 |   242 |    +0.2% |  -24.720 |     -747.7 |    -3039.3 |    812 | dot_0/fifo_timer_r/mem\[1\]\[6\]$_DFFE_PP_/D
    1046+ |      10 |     496 |      106 |      3 |   242 |    +0.2% |  -24.720 |     -747.7 |    -3039.3 |    812 | dot_0/fifo_timer_r/mem\[1\]\[6\]$_DFFE_PP_/D
    1047+ |      10 |     496 |      106 |      3 |   242 |    +0.2% |  -24.720 |     -747.7 |    -3039.3 |    812 | dot_0/fifo_timer_r/mem\[1\]\[6\]$_DFFE_PP_/D
    1048+ |      10 |     496 |      106 |      3 |   242 |    +0.2% |  -24.720 |     -747.7 |    -3039.3 |    812 | dot_0/fifo_timer_r/mem\[1\]\[6\]$_DFFE_PP_/D
    1049+ |      10 |     496 |      106 |      3 |   242 |    +0.2% |  -24.720 |     -747.7 |    -3039.3 |    812 | dot_0/fifo_timer_r/mem\[1\]\[6\]$_DFFE_PP_/D
    1050+ |      10 |     496 |      106 |      3 |   242 |    +0.2% |  -24.720 |     -747.7 |    -3039.3 |    812 | dot_0/fifo_timer_r/mem\[1\]\[6\]$_DFFE_PP_/D
    1050+ |      10 |     496 |      106 |      3 |   242 |    +0.2% |  -24.720 |     -747.7 |    -3039.3 |    812 | dot_0/fifo_timer_r/mem\[1\]\[6\]$_DFFE_PP_/D
    1051+ |      10 |     496 |      106 |      3 |   242 |    +0.2% |  -24.720 |     -747.7 |    -3039.3 |    812 | dot_0/fifo_timer_r/mem\[1\]\[6\]$_DFFE_PP_/D
    1052+ |      10 |     496 |      106 |      3 |   242 |    +0.2% |  -24.720 |     -747.7 |    -3039.3 |    812 | dot_0/fifo_timer_r/mem\[1\]\[6\]$_DFFE_PP_/D
    1053+ |      10 |     496 |      106 |      3 |   242 |    +0.2% |  -24.720 |     -747.7 |    -3039.3 |    812 | dot_0/fifo_timer_r/mem\[1\]\[6\]$_DFFE_PP_/D
    1060+ |      10 |     502 |      106 |      3 |   242 |    +0.2% |  -24.720 |     -740.0 |    -3035.8 |    812 | dot_0/fifo_timer_r/mem\[1\]\[6\]$_DFFE_PP_/D
    1063+ |      10 |     506 |      106 |      3 |   242 |    +0.2% |  -24.720 |     -738.1 |    -3034.5 |    812 | dot_0/fifo_timer_r/mem\[1\]\[6\]$_DFFE_PP_/D
    1064+ |      10 |     506 |      106 |      3 |   242 |    +0.2% |  -24.720 |     -738.1 |    -3034.5 |    812 | dot_0/fifo_timer_r/mem\[1\]\[6\]$_DFFE_PP_/D
    1065+ |      10 |     506 |      106 |      3 |   242 |    +0.2% |  -24.720 |     -738.1 |    -3034.5 |    812 | dot_0/fifo_timer_r/mem\[1\]\[6\]$_DFFE_PP_/D
    1066+ |      10 |     506 |      106 |      3 |   242 |    +0.2% |  -24.720 |     -738.1 |    -3034.5 |    812 | dot_0/fifo_timer_r/mem\[1\]\[6\]$_DFFE_PP_/D
    1067+ |      10 |     506 |      106 |      3 |   242 |    +0.2% |  -24.720 |     -738.1 |    -3034.5 |    812 | dot_0/fifo_timer_r/mem\[1\]\[6\]$_DFFE_PP_/D
    1068+ |      10 |     506 |      106 |      3 |   242 |    +0.2% |  -24.720 |     -738.1 |    -3034.5 |    812 | dot_0/fifo_timer_r/mem\[1\]\[6\]$_DFFE_PP_/D
    1069+ |      10 |     506 |      106 |      3 |   242 |    +0.2% |  -24.720 |     -738.1 |    -3034.5 |    812 | dot_0/fifo_timer_r/mem\[1\]\[6\]$_DFFE_PP_/D
    1070+ |      10 |     506 |      106 |      3 |   242 |    +0.2% |  -24.720 |     -738.1 |    -3034.5 |    812 | dot_0/fifo_timer_r/mem\[1\]\[6\]$_DFFE_PP_/D
    1070+ |      10 |     506 |      106 |      3 |   242 |    +0.2% |  -24.720 |     -738.1 |    -3034.5 |    812 | dot_0/fifo_timer_r/mem\[1\]\[6\]$_DFFE_PP_/D
    1071+ |      10 |     506 |      106 |      3 |   242 |    +0.2% |  -24.720 |     -738.1 |    -3034.5 |    812 | dot_0/fifo_timer_r/mem\[1\]\[6\]$_DFFE_PP_/D
    1072+ |      10 |     506 |      106 |      3 |   242 |    +0.2% |  -24.720 |     -738.1 |    -3034.5 |    812 | dot_0/fifo_timer_r/mem\[1\]\[6\]$_DFFE_PP_/D
    1073+ |      10 |     506 |      106 |      3 |   242 |    +0.2% |  -24.720 |     -738.1 |    -3034.5 |    812 | dot_0/fifo_timer_r/mem\[1\]\[6\]$_DFFE_PP_/D
    1074+ |      10 |     506 |      106 |      3 |   242 |    +0.2% |  -24.720 |     -738.1 |    -3034.5 |    812 | dot_0/fifo_timer_r/mem\[1\]\[6\]$_DFFE_PP_/D
    1080+ |      10 |     511 |      106 |      3 |   242 |    +0.2% |  -24.720 |     -737.5 |    -3033.8 |    812 | dot_0/fifo_timer_r/mem\[1\]\[6\]$_DFFE_PP_/D
    1083+ |      10 |     514 |      106 |      3 |   242 |    +0.2% |  -24.720 |     -737.0 |    -3033.3 |    812 | dot_0/fifo_timer_r/mem\[1\]\[6\]$_DFFE_PP_/D
    1090+ |      10 |     519 |      106 |      3 |   243 |    +0.2% |  -24.720 |     -736.5 |    -3032.9 |    812 | dot_0/fifo_timer_r/mem\[1\]\[6\]$_DFFE_PP_/D
    1093+ |      10 |     523 |      106 |      3 |   243 |    +0.2% |  -24.720 |     -736.4 |    -3032.4 |    812 | dot_0/fifo_timer_r/mem\[1\]\[6\]$_DFFE_PP_/D
    1094+ |      10 |     523 |      106 |      3 |   243 |    +0.2% |  -24.720 |     -736.4 |    -3032.4 |    812 | dot_0/fifo_timer_r/mem\[1\]\[6\]$_DFFE_PP_/D
    1095+ |      10 |     523 |      106 |      3 |   243 |    +0.2% |  -24.720 |     -736.4 |    -3032.4 |    812 | dot_0/fifo_timer_r/mem\[1\]\[6\]$_DFFE_PP_/D
    1100+ |      10 |     527 |      106 |      3 |   243 |    +0.2% |  -24.720 |     -735.7 |    -3032.2 |    812 | dot_0/fifo_timer_r/mem\[1\]\[6\]$_DFFE_PP_/D
    1101+ |      10 |     527 |      106 |      3 |   243 |    +0.2% |  -24.720 |     -735.7 |    -3032.2 |    812 | dot_0/fifo_timer_r/mem\[1\]\[6\]$_DFFE_PP_/D
    1102+ |      10 |     527 |      106 |      3 |   243 |    +0.2% |  -24.720 |     -735.7 |    -3032.2 |    812 | dot_0/fifo_timer_r/mem\[1\]\[6\]$_DFFE_PP_/D
    1103+ |      10 |     527 |      106 |      3 |   243 |    +0.2% |  -24.720 |     -735.7 |    -3032.2 |    812 | dot_0/fifo_timer_r/mem\[1\]\[6\]$_DFFE_PP_/D
    1104+ |      10 |     527 |      106 |      3 |   243 |    +0.2% |  -24.720 |     -735.7 |    -3032.2 |    812 | dot_0/fifo_timer_r/mem\[1\]\[6\]$_DFFE_PP_/D
    1105+ |      10 |     527 |      106 |      3 |   243 |    +0.2% |  -24.720 |     -735.7 |    -3032.2 |    812 | dot_0/fifo_timer_r/mem\[1\]\[6\]$_DFFE_PP_/D
    1106+ |      10 |     527 |      106 |      3 |   243 |    +0.2% |  -24.720 |     -735.7 |    -3032.2 |    812 | dot_0/fifo_timer_r/mem\[1\]\[6\]$_DFFE_PP_/D
    1107+ |      10 |     527 |      106 |      3 |   243 |    +0.2% |  -24.720 |     -735.7 |    -3032.2 |    812 | dot_0/fifo_timer_r/mem\[1\]\[6\]$_DFFE_PP_/D
    1108+ |      10 |     527 |      106 |      3 |   243 |    +0.2% |  -24.720 |     -735.7 |    -3032.2 |    812 | dot_0/fifo_timer_r/mem\[1\]\[6\]$_DFFE_PP_/D
    1109+ |      10 |     527 |      106 |      3 |   243 |    +0.2% |  -24.720 |     -735.7 |    -3032.2 |    812 | dot_0/fifo_timer_r/mem\[1\]\[6\]$_DFFE_PP_/D
    1110+ |      10 |     527 |      106 |      3 |   243 |    +0.2% |  -24.720 |     -735.7 |    -3032.2 |    812 | dot_0/fifo_timer_r/mem\[1\]\[6\]$_DFFE_PP_/D
    1111+ |      10 |     528 |      106 |      3 |   243 |    +0.2% |  -24.720 |     -736.2 |    -3032.0 |    812 | dot_0/fifo_timer_r/mem\[1\]\[6\]$_DFFE_PP_/D
    1112+ |      10 |     528 |      106 |      3 |   243 |    +0.2% |  -24.720 |     -736.2 |    -3032.0 |    812 | dot_0/fifo_timer_r/mem\[1\]\[6\]$_DFFE_PP_/D
    1115+ |      10 |     529 |      106 |      3 |   244 |    +0.2% |  -24.720 |     -735.8 |    -3032.0 |    812 | dot_0/fifo_timer_r/mem\[1\]\[6\]$_DFFE_PP_/D
    1116+ |      10 |     529 |      106 |      3 |   244 |    +0.2% |  -24.720 |     -735.8 |    -3032.0 |    812 | dot_0/fifo_timer_r/mem\[1\]\[6\]$_DFFE_PP_/D
    1117+ |      10 |     529 |      106 |      3 |   244 |    +0.2% |  -24.720 |     -735.8 |    -3032.0 |    812 | dot_0/fifo_timer_r/mem\[1\]\[6\]$_DFFE_PP_/D
    1118+ |      10 |     529 |      106 |      3 |   244 |    +0.2% |  -24.720 |     -735.8 |    -3032.0 |    812 | dot_0/fifo_timer_r/mem\[1\]\[6\]$_DFFE_PP_/D
    1119+ |      10 |     529 |      106 |      3 |   244 |    +0.2% |  -24.720 |     -735.8 |    -3032.0 |    812 | dot_0/fifo_timer_r/mem\[1\]\[6\]$_DFFE_PP_/D
    1120+ |      10 |     529 |      106 |      3 |   244 |    +0.2% |  -24.720 |     -735.8 |    -3032.0 |    812 | dot_0/fifo_timer_r/mem\[1\]\[6\]$_DFFE_PP_/D
    1120+ |      10 |     529 |      106 |      3 |   244 |    +0.2% |  -24.720 |     -735.8 |    -3032.0 |    812 | dot_0/fifo_timer_r/mem\[1\]\[6\]$_DFFE_PP_/D
    1121+ |      10 |     529 |      106 |      3 |   244 |    +0.2% |  -24.720 |     -735.8 |    -3032.0 |    812 | dot_0/fifo_timer_r/mem\[1\]\[6\]$_DFFE_PP_/D
    1122+ |      10 |     529 |      106 |      3 |   244 |    +0.2% |  -24.720 |     -735.8 |    -3032.0 |    812 | dot_0/fifo_timer_r/mem\[1\]\[6\]$_DFFE_PP_/D
    1123+ |      10 |     529 |      106 |      3 |   244 |    +0.2% |  -24.720 |     -735.8 |    -3032.0 |    812 | dot_0/fifo_timer_r/mem\[1\]\[6\]$_DFFE_PP_/D
    1124+ |      10 |     529 |      106 |      3 |   244 |    +0.2% |  -24.720 |     -735.8 |    -3032.0 |    812 | dot_0/fifo_timer_r/mem\[1\]\[6\]$_DFFE_PP_/D
    1125+ |      10 |     529 |      106 |      3 |   244 |    +0.2% |  -24.720 |     -735.8 |    -3032.0 |    812 | dot_0/fifo_timer_r/mem\[1\]\[6\]$_DFFE_PP_/D
    1126+ |      10 |     529 |      106 |      3 |   244 |    +0.2% |  -24.720 |     -735.8 |    -3032.0 |    812 | dot_0/fifo_timer_r/mem\[1\]\[6\]$_DFFE_PP_/D
    1127+ |      10 |     529 |      106 |      3 |   244 |    +0.2% |  -24.720 |     -735.8 |    -3032.0 |    812 | dot_0/fifo_timer_r/mem\[1\]\[6\]$_DFFE_PP_/D
    1129+ |      10 |     530 |      106 |      3 |   244 |    +0.2% |  -24.720 |     -735.8 |    -3031.8 |    812 | dot_0/fifo_timer_r/mem\[1\]\[6\]$_DFFE_PP_/D
    1130+ |      10 |     530 |      106 |      3 |   244 |    +0.2% |  -24.720 |     -735.8 |    -3031.8 |    812 | dot_0/fifo_timer_r/mem\[1\]\[6\]$_DFFE_PP_/D
    1130+ |      10 |     530 |      106 |      3 |   244 |    +0.2% |  -24.720 |     -735.8 |    -3031.8 |    812 | dot_0/fifo_timer_r/mem\[1\]\[6\]$_DFFE_PP_/D
    1131+ |      10 |     530 |      106 |      3 |   244 |    +0.2% |  -24.720 |     -735.8 |    -3031.8 |    812 | dot_0/fifo_timer_r/mem\[1\]\[6\]$_DFFE_PP_/D
    1132+ |      10 |     530 |      106 |      3 |   244 |    +0.2% |  -24.720 |     -735.8 |    -3031.8 |    812 | dot_0/fifo_timer_r/mem\[1\]\[6\]$_DFFE_PP_/D
    1133+ |      10 |     530 |      106 |      3 |   244 |    +0.2% |  -24.720 |     -735.8 |    -3031.8 |    812 | dot_0/fifo_timer_r/mem\[1\]\[6\]$_DFFE_PP_/D
    1134+ |      10 |     530 |      106 |      3 |   244 |    +0.2% |  -24.720 |     -735.8 |    -3031.8 |    812 | dot_0/fifo_timer_r/mem\[1\]\[6\]$_DFFE_PP_/D
    1135+ |      10 |     530 |      106 |      3 |   244 |    +0.2% |  -24.720 |     -735.8 |    -3031.8 |    812 | dot_0/fifo_timer_r/mem\[1\]\[6\]$_DFFE_PP_/D
    1136+ |      10 |     530 |      106 |      3 |   244 |    +0.2% |  -24.720 |     -735.8 |    -3031.8 |    812 | dot_0/fifo_timer_r/mem\[1\]\[6\]$_DFFE_PP_/D
    1137+ |      10 |     530 |      106 |      3 |   244 |    +0.2% |  -24.720 |     -735.8 |    -3031.8 |    812 | dot_0/fifo_timer_r/mem\[1\]\[6\]$_DFFE_PP_/D
    1138+ |      10 |     530 |      106 |      3 |   244 |    +0.2% |  -24.720 |     -735.8 |    -3031.8 |    812 | dot_0/fifo_timer_r/mem\[1\]\[6\]$_DFFE_PP_/D
    1139+ |      10 |     530 |      106 |      3 |   244 |    +0.2% |  -24.720 |     -735.8 |    -3031.8 |    812 | dot_0/fifo_timer_r/mem\[1\]\[6\]$_DFFE_PP_/D
    1140+ |      10 |     530 |      106 |      3 |   244 |    +0.2% |  -24.720 |     -735.8 |    -3031.8 |    812 | dot_0/fifo_timer_r/mem\[1\]\[6\]$_DFFE_PP_/D
    1140+ |      10 |     530 |      106 |      3 |   244 |    +0.2% |  -24.720 |     -735.8 |    -3031.8 |    812 | dot_0/fifo_timer_r/mem\[1\]\[6\]$_DFFE_PP_/D
    1141+ |      10 |     530 |      106 |      3 |   244 |    +0.2% |  -24.720 |     -735.8 |    -3031.8 |    812 | dot_0/fifo_timer_r/mem\[1\]\[6\]$_DFFE_PP_/D
    1142+ |      10 |     530 |      106 |      3 |   244 |    +0.2% |  -24.720 |     -735.8 |    -3031.8 |    812 | dot_0/fifo_timer_r/mem\[1\]\[6\]$_DFFE_PP_/D
    1143+ |      10 |     530 |      106 |      3 |   244 |    +0.2% |  -24.720 |     -735.8 |    -3031.8 |    812 | dot_0/fifo_timer_r/mem\[1\]\[6\]$_DFFE_PP_/D
    1144+ |      10 |     530 |      106 |      3 |   244 |    +0.2% |  -24.720 |     -735.8 |    -3031.8 |    812 | dot_0/fifo_timer_r/mem\[1\]\[6\]$_DFFE_PP_/D
    1145+ |      10 |     530 |      106 |      3 |   244 |    +0.2% |  -24.720 |     -735.8 |    -3031.8 |    812 | dot_0/fifo_timer_r/mem\[1\]\[6\]$_DFFE_PP_/D
    1146+ |      10 |     530 |      106 |      3 |   244 |    +0.2% |  -24.720 |     -735.8 |    -3031.8 |    812 | dot_0/fifo_timer_r/mem\[1\]\[6\]$_DFFE_PP_/D
    1147+ |      10 |     530 |      106 |      3 |   244 |    +0.2% |  -24.720 |     -735.8 |    -3031.8 |    812 | dot_0/fifo_timer_r/mem\[1\]\[6\]$_DFFE_PP_/D
    1148+ |      10 |     530 |      106 |      3 |   244 |    +0.2% |  -24.720 |     -735.8 |    -3031.8 |    812 | dot_0/fifo_timer_r/mem\[1\]\[6\]$_DFFE_PP_/D
    1149+ |      10 |     530 |      106 |      3 |   244 |    +0.2% |  -24.720 |     -735.8 |    -3031.8 |    812 | dot_0/fifo_timer_r/mem\[1\]\[6\]$_DFFE_PP_/D
    1150+ |      10 |     530 |      106 |      3 |   244 |    +0.2% |  -24.720 |     -735.8 |    -3031.8 |    812 | dot_0/fifo_timer_r/mem\[1\]\[6\]$_DFFE_PP_/D
    1150+ |      10 |     530 |      106 |      3 |   244 |    +0.2% |  -24.720 |     -735.8 |    -3031.8 |    812 | dot_0/fifo_timer_r/mem\[1\]\[6\]$_DFFE_PP_/D
    1151+ |      10 |     530 |      106 |      3 |   244 |    +0.2% |  -24.720 |     -735.8 |    -3031.8 |    812 | dot_0/fifo_timer_r/mem\[1\]\[6\]$_DFFE_PP_/D
    1152+ |      10 |     530 |      106 |      3 |   244 |    +0.2% |  -24.720 |     -735.8 |    -3031.8 |    812 | dot_0/fifo_timer_r/mem\[1\]\[6\]$_DFFE_PP_/D
    1153+ |      10 |     530 |      106 |      3 |   244 |    +0.2% |  -24.720 |     -735.8 |    -3031.8 |    812 | dot_0/fifo_timer_r/mem\[1\]\[6\]$_DFFE_PP_/D
    1154+ |      10 |     530 |      106 |      3 |   244 |    +0.2% |  -24.720 |     -735.8 |    -3031.8 |    812 | dot_0/fifo_timer_r/mem\[1\]\[6\]$_DFFE_PP_/D
    1155+ |      10 |     530 |      106 |      3 |   244 |    +0.2% |  -24.720 |     -735.8 |    -3031.8 |    812 | dot_0/fifo_timer_r/mem\[1\]\[6\]$_DFFE_PP_/D
    1156+ |      10 |     530 |      106 |      3 |   244 |    +0.2% |  -24.720 |     -735.8 |    -3031.8 |    812 | dot_0/fifo_timer_r/mem\[1\]\[6\]$_DFFE_PP_/D
    1157+ |      10 |     530 |      106 |      3 |   244 |    +0.2% |  -24.720 |     -735.8 |    -3031.8 |    812 | dot_0/fifo_timer_r/mem\[1\]\[6\]$_DFFE_PP_/D
    1158+ |      10 |     530 |      106 |      3 |   244 |    +0.2% |  -24.720 |     -735.8 |    -3031.8 |    812 | dot_0/fifo_timer_r/mem\[1\]\[6\]$_DFFE_PP_/D
    1159+ |      10 |     530 |      106 |      3 |   244 |    +0.2% |  -24.720 |     -735.8 |    -3031.8 |    812 | dot_0/fifo_timer_r/mem\[1\]\[6\]$_DFFE_PP_/D
    1160+ |      10 |     530 |      106 |      3 |   244 |    +0.2% |  -24.720 |     -735.8 |    -3031.8 |    812 | dot_0/fifo_timer_r/mem\[1\]\[6\]$_DFFE_PP_/D
    1160+ |      10 |     530 |      106 |      3 |   244 |    +0.2% |  -24.720 |     -735.8 |    -3031.8 |    812 | dot_0/fifo_timer_r/mem\[1\]\[6\]$_DFFE_PP_/D
    1161+ |      10 |     530 |      106 |      3 |   244 |    +0.2% |  -24.720 |     -735.8 |    -3031.8 |    812 | dot_0/fifo_timer_r/mem\[1\]\[6\]$_DFFE_PP_/D
    1162+ |      10 |     530 |      106 |      3 |   244 |    +0.2% |  -24.720 |     -735.8 |    -3031.8 |    812 | dot_0/fifo_timer_r/mem\[1\]\[6\]$_DFFE_PP_/D
    1163+ |      10 |     530 |      106 |      3 |   244 |    +0.2% |  -24.720 |     -735.8 |    -3031.8 |    812 | dot_0/fifo_timer_r/mem\[1\]\[6\]$_DFFE_PP_/D
    1164+ |      10 |     530 |      106 |      3 |   244 |    +0.2% |  -24.720 |     -735.8 |    -3031.8 |    812 | dot_0/fifo_timer_r/mem\[1\]\[6\]$_DFFE_PP_/D
    1165+ |      10 |     530 |      106 |      3 |   244 |    +0.2% |  -24.720 |     -735.8 |    -3031.8 |    812 | dot_0/fifo_timer_r/mem\[1\]\[6\]$_DFFE_PP_/D
    1166+ |      10 |     530 |      106 |      3 |   244 |    +0.2% |  -24.720 |     -735.8 |    -3031.8 |    812 | dot_0/fifo_timer_r/mem\[1\]\[6\]$_DFFE_PP_/D
    1167+ |      10 |     530 |      106 |      3 |   244 |    +0.2% |  -24.720 |     -735.8 |    -3031.8 |    812 | dot_0/fifo_timer_r/mem\[1\]\[6\]$_DFFE_PP_/D
    1168+ |      10 |     530 |      106 |      3 |   244 |    +0.2% |  -24.720 |     -735.8 |    -3031.8 |    812 | dot_0/fifo_timer_r/mem\[1\]\[6\]$_DFFE_PP_/D
    1169+ |      10 |     530 |      106 |      3 |   244 |    +0.2% |  -24.720 |     -735.8 |    -3031.8 |    812 | dot_0/fifo_timer_r/mem\[1\]\[6\]$_DFFE_PP_/D
    1170+ |      10 |     530 |      106 |      3 |   244 |    +0.2% |  -24.720 |     -735.8 |    -3031.8 |    812 | dot_0/fifo_timer_r/mem\[1\]\[6\]$_DFFE_PP_/D
    1170+ |      10 |     530 |      106 |      3 |   244 |    +0.2% |  -24.720 |     -735.8 |    -3031.8 |    812 | dot_0/fifo_timer_r/mem\[1\]\[6\]$_DFFE_PP_/D
    1171+ |      10 |     530 |      106 |      3 |   244 |    +0.2% |  -24.720 |     -735.8 |    -3031.8 |    812 | dot_0/fifo_timer_r/mem\[1\]\[6\]$_DFFE_PP_/D
    1172+ |      10 |     530 |      106 |      3 |   244 |    +0.2% |  -24.720 |     -735.8 |    -3031.8 |    812 | dot_0/fifo_timer_r/mem\[1\]\[6\]$_DFFE_PP_/D
    1173+ |      10 |     530 |      106 |      3 |   244 |    +0.2% |  -24.720 |     -735.8 |    -3031.8 |    812 | dot_0/fifo_timer_r/mem\[1\]\[6\]$_DFFE_PP_/D
    1174+ |      10 |     530 |      106 |      3 |   244 |    +0.2% |  -24.720 |     -735.8 |    -3031.8 |    812 | dot_0/fifo_timer_r/mem\[1\]\[6\]$_DFFE_PP_/D
    1175+ |      10 |     530 |      106 |      3 |   244 |    +0.2% |  -24.720 |     -735.8 |    -3031.8 |    812 | dot_0/fifo_timer_r/mem\[1\]\[6\]$_DFFE_PP_/D
    1176+ |      10 |     530 |      106 |      3 |   244 |    +0.2% |  -24.720 |     -735.8 |    -3031.8 |    812 | dot_0/fifo_timer_r/mem\[1\]\[6\]$_DFFE_PP_/D
    1177+ |      10 |     530 |      106 |      3 |   244 |    +0.2% |  -24.720 |     -735.8 |    -3031.8 |    812 | dot_0/fifo_timer_r/mem\[1\]\[6\]$_DFFE_PP_/D
    1178+ |      10 |     530 |      106 |      3 |   244 |    +0.2% |  -24.720 |     -735.8 |    -3031.8 |    812 | dot_0/fifo_timer_r/mem\[1\]\[6\]$_DFFE_PP_/D
    1179+ |      10 |     530 |      106 |      3 |   244 |    +0.2% |  -24.720 |     -735.8 |    -3031.8 |    812 | dot_0/fifo_timer_r/mem\[1\]\[6\]$_DFFE_PP_/D
    1180+ |      10 |     530 |      106 |      3 |   244 |    +0.2% |  -24.720 |     -735.8 |    -3031.8 |    812 | dot_0/fifo_timer_r/mem\[1\]\[6\]$_DFFE_PP_/D
    1180+ |      10 |     530 |      106 |      3 |   244 |    +0.2% |  -24.720 |     -735.8 |    -3031.8 |    812 | dot_0/fifo_timer_r/mem\[1\]\[6\]$_DFFE_PP_/D
    1181+ |      10 |     530 |      106 |      3 |   244 |    +0.2% |  -24.720 |     -735.8 |    -3031.8 |    812 | dot_0/fifo_timer_r/mem\[1\]\[6\]$_DFFE_PP_/D
    1182+ |      10 |     530 |      106 |      3 |   244 |    +0.2% |  -24.720 |     -735.8 |    -3031.8 |    812 | dot_0/fifo_timer_r/mem\[1\]\[6\]$_DFFE_PP_/D
    1183+ |      10 |     530 |      106 |      3 |   244 |    +0.2% |  -24.720 |     -735.8 |    -3031.8 |    812 | dot_0/fifo_timer_r/mem\[1\]\[6\]$_DFFE_PP_/D
    1184+ |      10 |     530 |      106 |      3 |   244 |    +0.2% |  -24.720 |     -735.8 |    -3031.8 |    812 | dot_0/fifo_timer_r/mem\[1\]\[6\]$_DFFE_PP_/D
    1185+ |      10 |     530 |      106 |      3 |   244 |    +0.2% |  -24.720 |     -735.8 |    -3031.8 |    812 | dot_0/fifo_timer_r/mem\[1\]\[6\]$_DFFE_PP_/D
    1186+ |      10 |     530 |      106 |      3 |   244 |    +0.2% |  -24.720 |     -735.8 |    -3031.8 |    812 | dot_0/fifo_timer_r/mem\[1\]\[6\]$_DFFE_PP_/D
    1187+ |      10 |     530 |      106 |      3 |   244 |    +0.2% |  -24.720 |     -735.8 |    -3031.8 |    812 | dot_0/fifo_timer_r/mem\[1\]\[6\]$_DFFE_PP_/D
    1188+ |      10 |     530 |      106 |      3 |   244 |    +0.2% |  -24.720 |     -735.8 |    -3031.8 |    812 | dot_0/fifo_timer_r/mem\[1\]\[6\]$_DFFE_PP_/D
    1189+ |      10 |     530 |      106 |      3 |   244 |    +0.2% |  -24.720 |     -735.8 |    -3031.8 |    812 | dot_0/fifo_timer_r/mem\[1\]\[6\]$_DFFE_PP_/D
    1190+ |      10 |     530 |      106 |      3 |   244 |    +0.2% |  -24.720 |     -735.8 |    -3031.8 |    812 | dot_0/fifo_timer_r/mem\[1\]\[6\]$_DFFE_PP_/D
    1190+ |      10 |     530 |      106 |      3 |   244 |    +0.2% |  -24.720 |     -735.8 |    -3031.8 |    812 | dot_0/fifo_timer_r/mem\[1\]\[6\]$_DFFE_PP_/D
    1191+ |      10 |     530 |      106 |      3 |   244 |    +0.2% |  -24.720 |     -735.8 |    -3031.8 |    812 | dot_0/fifo_timer_r/mem\[1\]\[6\]$_DFFE_PP_/D
    1192+ |      10 |     530 |      106 |      3 |   244 |    +0.2% |  -24.720 |     -735.8 |    -3031.8 |    812 | dot_0/fifo_timer_r/mem\[1\]\[6\]$_DFFE_PP_/D
    1193+ |      10 |     530 |      106 |      3 |   244 |    +0.2% |  -24.720 |     -735.8 |    -3031.8 |    812 | dot_0/fifo_timer_r/mem\[1\]\[6\]$_DFFE_PP_/D
    1194+ |      10 |     530 |      106 |      3 |   244 |    +0.2% |  -24.720 |     -735.8 |    -3031.8 |    812 | dot_0/fifo_timer_r/mem\[1\]\[6\]$_DFFE_PP_/D
    1195+ |      10 |     530 |      106 |      3 |   244 |    +0.2% |  -24.720 |     -735.8 |    -3031.8 |    812 | dot_0/fifo_timer_r/mem\[1\]\[6\]$_DFFE_PP_/D
    1196+ |      10 |     530 |      106 |      3 |   244 |    +0.2% |  -24.720 |     -735.8 |    -3031.8 |    812 | dot_0/fifo_timer_r/mem\[1\]\[6\]$_DFFE_PP_/D
    1197+ |      10 |     530 |      106 |      3 |   244 |    +0.2% |  -24.720 |     -735.8 |    -3031.8 |    812 | dot_0/fifo_timer_r/mem\[1\]\[6\]$_DFFE_PP_/D
    1198+ |      10 |     530 |      106 |      3 |   244 |    +0.2% |  -24.720 |     -735.8 |    -3031.8 |    812 | dot_0/fifo_timer_r/mem\[1\]\[6\]$_DFFE_PP_/D
    1199+ |      10 |     530 |      106 |      3 |   244 |    +0.2% |  -24.720 |     -735.8 |    -3031.8 |    812 | dot_0/fifo_timer_r/mem\[1\]\[6\]$_DFFE_PP_/D
    1200+ |      10 |     530 |      106 |      3 |   244 |    +0.2% |  -24.720 |     -735.8 |    -3031.8 |    812 | dot_0/fifo_timer_r/mem\[1\]\[6\]$_DFFE_PP_/D
    final |      10 |     530 |      106 |      3 |   244 |    +0.2% |  -24.720 |     -735.8 |    -3031.8 |    169 | dot_0/fifo_timer_r/mem\[1\]\[6\]$_DFFE_PP_/D
------------------------------------------------------------------------------------------------------------------------------
[INFO RSZ-0059] Removed 10 buffers.
[INFO RSZ-0040] Inserted 106 buffers.
[INFO RSZ-0051] Resized 530 instances: 530 up, 0 up match, 0 down, 0 VT
[INFO RSZ-0043] Swapped pins on 244 instances.
[INFO RSZ-0049] Cloned 3 instances.
[WARNING RSZ-0062] Unable to repair all setup violations.
[INFO RSZ-0505] Runtime: 116.60s
[INFO RSZ-0046] Found 4441 endpoints with hold violations.
Iteration | Resized | Buffers | Cloned Gates |   Area   |   WNS   |   TNS   | Endpoint
--------------------------------------------------------------------------------------
        0 |       0 |       0 |            0 |    +0.0% |  -2.372 | -4643.681 | memory_axi_0/addr_reg[31]$_SDFFE_PP0P_/D
       10 |       0 |      21 |            0 |    +0.0% |  -2.368 | -3612.601 | memory_axi_0/addr_reg[31]$_SDFFE_PP0P_/D
       20 |       0 |      25 |            0 |    +0.0% |  -2.368 | -3493.184 | memory_axi_0/addr_reg[31]$_SDFFE_PP0P_/D
       30 |       0 |      50 |            0 |    +0.0% |  -2.368 | -3265.334 | memory_axi_0/addr_reg[31]$_SDFFE_PP0P_/D
       40 |       0 |      62 |            0 |    +0.0% |  -2.368 | -3145.546 | memory_axi_0/addr_reg[31]$_SDFFE_PP0P_/D
       50 |       0 |      73 |            0 |    +0.0% |  -2.368 | -3125.336 | memory_axi_0/addr_reg[31]$_SDFFE_PP0P_/D
       60 |       0 |      79 |            0 |    +0.0% |  -2.368 | -3009.873 | memory_axi_0/addr_reg[31]$_SDFFE_PP0P_/D
       70 |       0 |      82 |            0 |    +0.0% |  -2.368 | -3008.270 | memory_axi_0/addr_reg[31]$_SDFFE_PP0P_/D
       80 |       0 |      88 |            0 |    +0.1% |  -2.368 | -2897.738 | memory_axi_0/addr_reg[31]$_SDFFE_PP0P_/D
       90 |       0 |     101 |            0 |    +0.1% |  -2.368 | -2783.995 | memory_axi_0/addr_reg[31]$_SDFFE_PP0P_/D
      100 |       0 |     104 |            0 |    +0.1% |  -2.368 | -2674.622 | memory_axi_0/addr_reg[31]$_SDFFE_PP0P_/D
      110 |       0 |     109 |            0 |    +0.1% |  -2.368 | -2567.968 | memory_axi_0/addr_reg[31]$_SDFFE_PP0P_/D
      120 |       1 |     112 |            0 |    +0.1% |  -2.368 | -2499.350 | memory_axi_0/addr_reg[31]$_SDFFE_PP0P_/D
      130 |       1 |     118 |            0 |    +0.1% |  -2.368 | -2348.404 | memory_axi_0/addr_reg[31]$_SDFFE_PP0P_/D
      140 |       1 |     121 |            0 |    +0.1% |  -2.368 | -2348.404 | memory_axi_0/addr_reg[31]$_SDFFE_PP0P_/D
      150 |       1 |     121 |            0 |    +0.1% |  -2.368 | -2348.404 | memory_axi_0/addr_reg[31]$_SDFFE_PP0P_/D
      160 |       1 |     124 |            0 |    +0.1% |  -2.368 | -2348.351 | memory_axi_0/addr_reg[31]$_SDFFE_PP0P_/D
      170 |       1 |     124 |            0 |    +0.1% |  -2.368 | -2348.351 | memory_axi_0/addr_reg[31]$_SDFFE_PP0P_/D
      180 |       1 |     124 |            0 |    +0.1% |  -2.368 | -2348.351 | memory_axi_0/addr_reg[31]$_SDFFE_PP0P_/D
      190 |       1 |     130 |            0 |    +0.1% |  -2.368 | -2348.033 | memory_axi_0/addr_reg[31]$_SDFFE_PP0P_/D
      200 |       1 |     136 |            0 |    +0.1% |  -2.368 | -2207.118 | memory_axi_0/addr_reg[31]$_SDFFE_PP0P_/D
      210 |       1 |     141 |            0 |    +0.1% |  -2.368 | -2170.953 | memory_axi_0/addr_reg[31]$_SDFFE_PP0P_/D
      220 |       1 |     152 |            0 |    +0.1% |  -2.368 | -2086.310 | memory_axi_0/addr_reg[31]$_SDFFE_PP0P_/D
      230 |       1 |     155 |            0 |    +0.1% |  -2.368 | -2044.790 | memory_axi_0/addr_reg[31]$_SDFFE_PP0P_/D
      240 |       1 |     158 |            0 |    +0.1% |  -2.368 | -2010.781 | memory_axi_0/addr_reg[31]$_SDFFE_PP0P_/D
      250 |       1 |     163 |            0 |    +0.1% |  -2.368 | -1907.845 | memory_axi_0/addr_reg[31]$_SDFFE_PP0P_/D
      260 |       1 |     163 |            0 |    +0.1% |  -2.368 | -1907.845 | memory_axi_0/addr_reg[31]$_SDFFE_PP0P_/D
      270 |       1 |     163 |            0 |    +0.1% |  -2.368 | -1907.845 | memory_axi_0/addr_reg[31]$_SDFFE_PP0P_/D
      280 |       1 |     169 |            0 |    +0.1% |  -2.368 | -1802.606 | memory_axi_0/addr_reg[31]$_SDFFE_PP0P_/D
      290 |       1 |     169 |            0 |    +0.1% |  -2.368 | -1802.606 | memory_axi_0/addr_reg[31]$_SDFFE_PP0P_/D
      300 |       1 |     170 |            0 |    +0.1% |  -2.368 | -1801.255 | memory_axi_0/addr_reg[31]$_SDFFE_PP0P_/D
      310 |       1 |     170 |            0 |    +0.1% |  -2.368 | -1801.255 | memory_axi_0/addr_reg[31]$_SDFFE_PP0P_/D
      320 |       1 |     170 |            0 |    +0.1% |  -2.368 | -1801.255 | memory_axi_0/addr_reg[31]$_SDFFE_PP0P_/D
      330 |       1 |     170 |            0 |    +0.1% |  -2.368 | -1801.255 | memory_axi_0/addr_reg[31]$_SDFFE_PP0P_/D
      340 |       1 |     170 |            0 |    +0.1% |  -2.368 | -1801.255 | memory_axi_0/addr_reg[31]$_SDFFE_PP0P_/D
      350 |       1 |     172 |            0 |    +0.1% |  -2.368 | -1801.255 | memory_axi_0/addr_reg[31]$_SDFFE_PP0P_/D
      360 |       1 |     172 |            0 |    +0.1% |  -2.368 | -1801.255 | memory_axi_0/addr_reg[31]$_SDFFE_PP0P_/D
      370 |       1 |     176 |            0 |    +0.1% |  -2.368 | -1725.955 | memory_axi_0/addr_reg[31]$_SDFFE_PP0P_/D
      380 |       1 |     176 |            0 |    +0.1% |  -2.368 | -1725.955 | memory_axi_0/addr_reg[31]$_SDFFE_PP0P_/D
      390 |       1 |     176 |            0 |    +0.1% |  -2.368 | -1725.955 | memory_axi_0/addr_reg[31]$_SDFFE_PP0P_/D
      400 |       1 |     176 |            0 |    +0.1% |  -2.368 | -1725.955 | memory_axi_0/addr_reg[31]$_SDFFE_PP0P_/D
      410 |       1 |     182 |            0 |    +0.1% |  -2.368 | -1629.121 | memory_axi_0/addr_reg[31]$_SDFFE_PP0P_/D
      420 |       1 |     187 |            0 |    +0.1% |  -2.368 | -1531.726 | memory_axi_0/addr_reg[31]$_SDFFE_PP0P_/D
      430 |       1 |     187 |            0 |    +0.1% |  -2.368 | -1531.726 | memory_axi_0/addr_reg[31]$_SDFFE_PP0P_/D
      440 |       1 |     187 |            0 |    +0.1% |  -2.368 | -1531.726 | memory_axi_0/addr_reg[31]$_SDFFE_PP0P_/D
      450 |       1 |     187 |            0 |    +0.1% |  -2.368 | -1531.726 | memory_axi_0/addr_reg[31]$_SDFFE_PP0P_/D
      460 |       1 |     187 |            0 |    +0.1% |  -2.368 | -1531.726 | memory_axi_0/addr_reg[31]$_SDFFE_PP0P_/D
      470 |       1 |     187 |            0 |    +0.1% |  -2.368 | -1531.726 | memory_axi_0/addr_reg[31]$_SDFFE_PP0P_/D
      480 |       1 |     195 |            0 |    +0.1% |  -2.368 | -1419.180 | memory_axi_0/addr_reg[31]$_SDFFE_PP0P_/D
      490 |       1 |     195 |            0 |    +0.1% |  -2.368 | -1419.180 | memory_axi_0/addr_reg[31]$_SDFFE_PP0P_/D
      500 |       1 |     195 |            0 |    +0.1% |  -2.368 | -1419.180 | memory_axi_0/addr_reg[31]$_SDFFE_PP0P_/D
      510 |       1 |     195 |            0 |    +0.1% |  -2.368 | -1419.180 | memory_axi_0/addr_reg[31]$_SDFFE_PP0P_/D
      520 |       1 |     195 |            0 |    +0.1% |  -2.368 | -1419.180 | memory_axi_0/addr_reg[31]$_SDFFE_PP0P_/D
      530 |       1 |     195 |            0 |    +0.1% |  -2.368 | -1419.180 | memory_axi_0/addr_reg[31]$_SDFFE_PP0P_/D
      540 |       1 |     195 |            0 |    +0.1% |  -2.368 | -1419.180 | memory_axi_0/addr_reg[31]$_SDFFE_PP0P_/D
      550 |       1 |     195 |            0 |    +0.1% |  -2.368 | -1419.180 | memory_axi_0/addr_reg[31]$_SDFFE_PP0P_/D
      560 |       1 |     198 |            0 |    +0.1% |  -2.368 | -1337.705 | memory_axi_0/addr_reg[31]$_SDFFE_PP0P_/D
      570 |       1 |     198 |            0 |    +0.1% |  -2.368 | -1337.705 | memory_axi_0/addr_reg[31]$_SDFFE_PP0P_/D
      580 |       1 |     202 |            0 |    +0.1% |  -2.368 | -1246.579 | memory_axi_0/addr_reg[31]$_SDFFE_PP0P_/D
      590 |       1 |     202 |            0 |    +0.1% |  -2.368 | -1246.579 | memory_axi_0/addr_reg[31]$_SDFFE_PP0P_/D
      600 |       1 |     202 |            0 |    +0.1% |  -2.368 | -1246.579 | memory_axi_0/addr_reg[31]$_SDFFE_PP0P_/D
      610 |       1 |     202 |            0 |    +0.1% |  -2.368 | -1246.579 | memory_axi_0/addr_reg[31]$_SDFFE_PP0P_/D
      620 |       1 |     202 |            0 |    +0.1% |  -2.368 | -1246.579 | memory_axi_0/addr_reg[31]$_SDFFE_PP0P_/D
      630 |       1 |     202 |            0 |    +0.1% |  -2.368 | -1246.579 | memory_axi_0/addr_reg[31]$_SDFFE_PP0P_/D
      640 |       1 |     202 |            0 |    +0.1% |  -2.368 | -1246.579 | memory_axi_0/addr_reg[31]$_SDFFE_PP0P_/D
      650 |       1 |     202 |            0 |    +0.1% |  -2.368 | -1246.579 | memory_axi_0/addr_reg[31]$_SDFFE_PP0P_/D
      660 |       1 |     206 |            0 |    +0.1% |  -2.368 | -1157.386 | memory_axi_0/addr_reg[31]$_SDFFE_PP0P_/D
      670 |       1 |     206 |            0 |    +0.1% |  -2.368 | -1157.386 | memory_axi_0/addr_reg[31]$_SDFFE_PP0P_/D
      680 |       1 |     206 |            0 |    +0.1% |  -2.368 | -1157.386 | memory_axi_0/addr_reg[31]$_SDFFE_PP0P_/D
      690 |       1 |     206 |            0 |    +0.1% |  -2.368 | -1157.386 | memory_axi_0/addr_reg[31]$_SDFFE_PP0P_/D
      700 |       1 |     206 |            0 |    +0.1% |  -2.368 | -1157.386 | memory_axi_0/addr_reg[31]$_SDFFE_PP0P_/D
      710 |       1 |     206 |            0 |    +0.1% |  -2.368 | -1157.386 | memory_axi_0/addr_reg[31]$_SDFFE_PP0P_/D
      720 |       1 |     206 |            0 |    +0.1% |  -2.368 | -1157.386 | memory_axi_0/addr_reg[31]$_SDFFE_PP0P_/D
      730 |       1 |     206 |            0 |    +0.1% |  -2.368 | -1157.386 | memory_axi_0/addr_reg[31]$_SDFFE_PP0P_/D
      740 |       1 |     209 |            0 |    +0.1% |  -2.368 | -1073.734 | memory_axi_0/addr_reg[31]$_SDFFE_PP0P_/D
      750 |       1 |     213 |            0 |    +0.1% |  -2.368 | -998.640 | memory_axi_0/addr_reg[31]$_SDFFE_PP0P_/D
      760 |       1 |     216 |            0 |    +0.1% |  -2.368 | -921.338 | memory_axi_0/addr_reg[31]$_SDFFE_PP0P_/D
      770 |       1 |     216 |            0 |    +0.1% |  -2.368 | -921.338 | memory_axi_0/addr_reg[31]$_SDFFE_PP0P_/D
      780 |       1 |     219 |            0 |    +0.1% |  -2.368 | -839.689 | memory_axi_0/addr_reg[31]$_SDFFE_PP0P_/D
      790 |       1 |     221 |            0 |    +0.1% |  -2.368 | -829.145 | memory_axi_0/addr_reg[31]$_SDFFE_PP0P_/D
      800 |       1 |     221 |            0 |    +0.1% |  -2.368 | -829.145 | memory_axi_0/addr_reg[31]$_SDFFE_PP0P_/D
      810 |       1 |     221 |            0 |    +0.1% |  -2.368 | -829.145 | memory_axi_0/addr_reg[31]$_SDFFE_PP0P_/D
      820 |       1 |     221 |            0 |    +0.1% |  -2.368 | -829.145 | memory_axi_0/addr_reg[31]$_SDFFE_PP0P_/D
      830 |       1 |     221 |            0 |    +0.1% |  -2.368 | -829.145 | memory_axi_0/addr_reg[31]$_SDFFE_PP0P_/D
      840 |       1 |     221 |            0 |    +0.1% |  -2.368 | -829.145 | memory_axi_0/addr_reg[31]$_SDFFE_PP0P_/D
      850 |       1 |     221 |            0 |    +0.1% |  -2.368 | -829.145 | memory_axi_0/addr_reg[31]$_SDFFE_PP0P_/D
      860 |       1 |     221 |            0 |    +0.1% |  -2.368 | -829.145 | memory_axi_0/addr_reg[31]$_SDFFE_PP0P_/D
      870 |       1 |     226 |            0 |    +0.1% |  -2.368 | -668.335 | memory_axi_0/addr_reg[31]$_SDFFE_PP0P_/D
      880 |       1 |     228 |            0 |    +0.1% |  -2.368 | -651.334 | memory_axi_0/addr_reg[31]$_SDFFE_PP0P_/D
      890 |       1 |     231 |            0 |    +0.1% |  -2.368 | -563.669 | memory_axi_0/addr_reg[31]$_SDFFE_PP0P_/D
      900 |       1 |     231 |            0 |    +0.1% |  -2.368 | -563.669 | memory_axi_0/addr_reg[31]$_SDFFE_PP0P_/D
      910 |       1 |     231 |            0 |    +0.1% |  -2.368 | -563.669 | memory_axi_0/addr_reg[31]$_SDFFE_PP0P_/D
      920 |       1 |     231 |            0 |    +0.1% |  -2.368 | -563.669 | memory_axi_0/addr_reg[31]$_SDFFE_PP0P_/D
      930 |       1 |     234 |            0 |    +0.1% |  -2.368 | -474.160 | memory_axi_0/addr_reg[31]$_SDFFE_PP0P_/D
      940 |       1 |     234 |            0 |    +0.1% |  -2.368 | -474.160 | memory_axi_0/addr_reg[31]$_SDFFE_PP0P_/D
      950 |       1 |     234 |            0 |    +0.1% |  -2.368 | -474.160 | memory_axi_0/addr_reg[31]$_SDFFE_PP0P_/D
      960 |       1 |     238 |            0 |    +0.1% |  -2.368 | -388.742 | memory_axi_0/addr_reg[31]$_SDFFE_PP0P_/D
      970 |       1 |     238 |            0 |    +0.1% |  -2.368 | -388.742 | memory_axi_0/addr_reg[31]$_SDFFE_PP0P_/D
      980 |       1 |     238 |            0 |    +0.1% |  -2.368 | -388.742 | memory_axi_0/addr_reg[31]$_SDFFE_PP0P_/D
      990 |       1 |     238 |            0 |    +0.1% |  -2.368 | -388.742 | memory_axi_0/addr_reg[31]$_SDFFE_PP0P_/D
     1000 |       1 |     238 |            0 |    +0.1% |  -2.368 | -388.742 | memory_axi_0/addr_reg[31]$_SDFFE_PP0P_/D
     1010 |       1 |     238 |            0 |    +0.1% |  -2.368 | -388.742 | memory_axi_0/addr_reg[31]$_SDFFE_PP0P_/D
     1020 |       1 |     238 |            0 |    +0.1% |  -2.368 | -388.742 | memory_axi_0/addr_reg[31]$_SDFFE_PP0P_/D
     1030 |       1 |     238 |            0 |    +0.1% |  -2.368 | -388.742 | memory_axi_0/addr_reg[31]$_SDFFE_PP0P_/D
     1040 |       1 |     238 |            0 |    +0.1% |  -2.368 | -388.742 | memory_axi_0/addr_reg[31]$_SDFFE_PP0P_/D
     1050 |       1 |     238 |            0 |    +0.1% |  -2.368 | -388.742 | memory_axi_0/addr_reg[31]$_SDFFE_PP0P_/D
     1060 |       1 |     238 |            0 |    +0.1% |  -2.368 | -388.742 | memory_axi_0/addr_reg[31]$_SDFFE_PP0P_/D
     1070 |       1 |     238 |            0 |    +0.1% |  -2.368 | -388.742 | memory_axi_0/addr_reg[31]$_SDFFE_PP0P_/D
     1080 |       1 |     238 |            0 |    +0.1% |  -2.368 | -388.742 | memory_axi_0/addr_reg[31]$_SDFFE_PP0P_/D
     1090 |       1 |     238 |            0 |    +0.1% |  -2.368 | -388.742 | memory_axi_0/addr_reg[31]$_SDFFE_PP0P_/D
     1100 |       1 |     238 |            0 |    +0.1% |  -2.368 | -388.742 | memory_axi_0/addr_reg[31]$_SDFFE_PP0P_/D
     1110 |       1 |     242 |            0 |    +0.1% |  -2.368 | -387.241 | memory_axi_0/addr_reg[31]$_SDFFE_PP0P_/D
     1120 |       1 |     242 |            0 |    +0.1% |  -2.368 | -387.241 | memory_axi_0/addr_reg[31]$_SDFFE_PP0P_/D
     1130 |       1 |     246 |            0 |    +0.1% |  -2.368 | -385.719 | memory_axi_0/addr_reg[31]$_SDFFE_PP0P_/D
     1140 |       1 |     246 |            0 |    +0.1% |  -2.368 | -385.719 | memory_axi_0/addr_reg[31]$_SDFFE_PP0P_/D
     1150 |       1 |     262 |            0 |    +0.2% |  -2.368 | -378.767 | memory_axi_0/addr_reg[31]$_SDFFE_PP0P_/D
     1160 |       1 |     270 |            0 |    +0.2% |  -2.368 | -374.096 | memory_axi_0/addr_reg[31]$_SDFFE_PP0P_/D
     1170 |       1 |     288 |            0 |    +0.2% |  -2.368 | -359.636 | memory_axi_0/addr_reg[31]$_SDFFE_PP0P_/D
     1180 |       1 |     302 |            0 |    +0.2% |  -2.368 | -350.416 | memory_axi_0/addr_reg[31]$_SDFFE_PP0P_/D
     1190 |       1 |     304 |            0 |    +0.2% |  -2.368 | -346.692 | memory_axi_0/addr_reg[31]$_SDFFE_PP0P_/D
     1200 |       1 |     314 |            0 |    +0.2% |  -2.368 | -335.511 | memory_axi_0/addr_reg[31]$_SDFFE_PP0P_/D
     1210 |       1 |     319 |            0 |    +0.2% |  -2.368 | -330.919 | memory_axi_0/addr_reg[31]$_SDFFE_PP0P_/D
     1220 |       1 |     325 |            0 |    +0.2% |  -2.368 | -323.284 | memory_axi_0/addr_reg[31]$_SDFFE_PP0P_/D
     1230 |       1 |     325 |            0 |    +0.2% |  -2.368 | -323.284 | memory_axi_0/addr_reg[31]$_SDFFE_PP0P_/D
     1240 |       1 |     328 |            0 |    +0.2% |  -2.368 | -319.374 | memory_axi_0/addr_reg[31]$_SDFFE_PP0P_/D
     1250 |       1 |     336 |            0 |    +0.2% |  -2.368 | -307.943 | memory_axi_0/addr_reg[31]$_SDFFE_PP0P_/D
     1260 |       1 |     339 |            0 |    +0.2% |  -2.368 | -304.231 | memory_axi_0/addr_reg[31]$_SDFFE_PP0P_/D
     1270 |       1 |     341 |            0 |    +0.2% |  -2.368 | -300.663 | memory_axi_0/addr_reg[31]$_SDFFE_PP0P_/D
     1280 |       1 |     351 |            0 |    +0.2% |  -2.368 | -285.644 | memory_axi_0/addr_reg[31]$_SDFFE_PP0P_/D
     1290 |       1 |     359 |            0 |    +0.2% |  -2.368 | -274.279 | memory_axi_0/addr_reg[31]$_SDFFE_PP0P_/D
     1300 |       1 |     361 |            0 |    +0.2% |  -2.368 | -270.713 | memory_axi_0/addr_reg[31]$_SDFFE_PP0P_/D
     1310 |       1 |     361 |            0 |    +0.2% |  -2.368 | -270.713 | memory_axi_0/addr_reg[31]$_SDFFE_PP0P_/D
     1320 |       1 |     365 |            0 |    +0.2% |  -2.368 | -269.215 | memory_axi_0/addr_reg[31]$_SDFFE_PP0P_/D
     1330 |       1 |     370 |            0 |    +0.2% |  -2.368 | -265.203 | memory_axi_0/addr_reg[31]$_SDFFE_PP0P_/D
     1340 |       1 |     372 |            0 |    +0.2% |  -2.368 | -261.751 | memory_axi_0/addr_reg[31]$_SDFFE_PP0P_/D
     1350 |       1 |     372 |            0 |    +0.2% |  -2.368 | -261.751 | memory_axi_0/addr_reg[31]$_SDFFE_PP0P_/D
     1360 |       1 |     372 |            0 |    +0.2% |  -2.368 | -261.751 | memory_axi_0/addr_reg[31]$_SDFFE_PP0P_/D
     1370 |       1 |     372 |            0 |    +0.2% |  -2.368 | -261.751 | memory_axi_0/addr_reg[31]$_SDFFE_PP0P_/D
     1380 |       1 |     372 |            0 |    +0.2% |  -2.368 | -261.751 | memory_axi_0/addr_reg[31]$_SDFFE_PP0P_/D
     1390 |       1 |     372 |            0 |    +0.2% |  -2.368 | -261.751 | memory_axi_0/addr_reg[31]$_SDFFE_PP0P_/D
     1400 |       1 |     380 |            0 |    +0.2% |  -2.368 | -250.411 | memory_axi_0/addr_reg[31]$_SDFFE_PP0P_/D
     1410 |       1 |     390 |            0 |    +0.2% |  -2.368 | -235.618 | memory_axi_0/addr_reg[31]$_SDFFE_PP0P_/D
     1420 |       1 |     392 |            0 |    +0.2% |  -2.368 | -232.240 | memory_axi_0/addr_reg[31]$_SDFFE_PP0P_/D
     1430 |       1 |     395 |            0 |    +0.2% |  -2.368 | -228.339 | memory_axi_0/addr_reg[31]$_SDFFE_PP0P_/D
     1440 |       1 |     397 |            0 |    +0.2% |  -2.368 | -224.941 | memory_axi_0/addr_reg[31]$_SDFFE_PP0P_/D
     1450 |       1 |     400 |            0 |    +0.2% |  -2.368 | -221.058 | memory_axi_0/addr_reg[31]$_SDFFE_PP0P_/D
     1460 |       1 |     408 |            0 |    +0.2% |  -2.368 | -209.833 | memory_axi_0/addr_reg[31]$_SDFFE_PP0P_/D
     1470 |       1 |     413 |            0 |    +0.2% |  -2.368 | -202.614 | memory_axi_0/addr_reg[31]$_SDFFE_PP0P_/D
     1480 |       1 |     417 |            0 |    +0.2% |  -2.368 | -195.854 | memory_axi_0/addr_reg[31]$_SDFFE_PP0P_/D
     1490 |       1 |     417 |            0 |    +0.2% |  -2.368 | -195.854 | memory_axi_0/addr_reg[31]$_SDFFE_PP0P_/D
     1500 |       1 |     417 |            0 |    +0.2% |  -2.368 | -195.854 | memory_axi_0/addr_reg[31]$_SDFFE_PP0P_/D
     1510 |       1 |     423 |            0 |    +0.2% |  -2.368 | -188.008 | memory_axi_0/addr_reg[31]$_SDFFE_PP0P_/D
     1520 |       1 |     427 |            0 |    +0.2% |  -2.368 | -181.447 | memory_axi_0/addr_reg[31]$_SDFFE_PP0P_/D
     1530 |       1 |     430 |            0 |    +0.2% |  -2.368 | -177.547 | memory_axi_0/addr_reg[31]$_SDFFE_PP0P_/D
     1540 |       1 |     432 |            0 |    +0.3% |  -2.368 | -174.283 | memory_axi_0/addr_reg[31]$_SDFFE_PP0P_/D
     1550 |       1 |     432 |            0 |    +0.3% |  -2.368 | -174.283 | memory_axi_0/addr_reg[31]$_SDFFE_PP0P_/D
     1560 |       1 |     432 |            0 |    +0.3% |  -2.368 | -174.283 | memory_axi_0/addr_reg[31]$_SDFFE_PP0P_/D
     1570 |       1 |     437 |            0 |    +0.3% |  -2.368 | -167.159 | memory_axi_0/addr_reg[31]$_SDFFE_PP0P_/D
     1580 |       1 |     437 |            0 |    +0.3% |  -2.368 | -167.159 | memory_axi_0/addr_reg[31]$_SDFFE_PP0P_/D
     1590 |       1 |     437 |            0 |    +0.3% |  -2.368 | -167.159 | memory_axi_0/addr_reg[31]$_SDFFE_PP0P_/D
     1600 |       1 |     437 |            0 |    +0.3% |  -2.368 | -167.159 | memory_axi_0/addr_reg[31]$_SDFFE_PP0P_/D
     1610 |       1 |     440 |            0 |    +0.3% |  -2.368 | -161.534 | memory_axi_0/addr_reg[31]$_SDFFE_PP0P_/D
     1620 |       1 |     442 |            0 |    +0.3% |  -2.368 | -157.260 | memory_axi_0/addr_reg[31]$_SDFFE_PP0P_/D
     1630 |       1 |     442 |            0 |    +0.3% |  -2.368 | -157.260 | memory_axi_0/addr_reg[31]$_SDFFE_PP0P_/D
     1640 |       1 |     442 |            0 |    +0.3% |  -2.368 | -157.260 | memory_axi_0/addr_reg[31]$_SDFFE_PP0P_/D
     1650 |       1 |     450 |            0 |    +0.3% |  -2.368 | -152.800 | memory_axi_0/addr_reg[31]$_SDFFE_PP0P_/D
     1660 |       1 |     459 |            0 |    +0.3% |  -2.368 | -141.532 | memory_axi_0/addr_reg[31]$_SDFFE_PP0P_/D
     1670 |       1 |     463 |            0 |    +0.3% |  -2.368 | -140.159 | memory_axi_0/addr_reg[31]$_SDFFE_PP0P_/D
     1680 |       1 |     463 |            0 |    +0.3% |  -2.368 | -140.159 | memory_axi_0/addr_reg[31]$_SDFFE_PP0P_/D
     1690 |       1 |     463 |            0 |    +0.3% |  -2.368 | -140.159 | memory_axi_0/addr_reg[31]$_SDFFE_PP0P_/D
     1700 |       1 |     463 |            0 |    +0.3% |  -2.368 | -140.159 | memory_axi_0/addr_reg[31]$_SDFFE_PP0P_/D
     1710 |       1 |     473 |            0 |    +0.3% |  -2.368 | -115.837 | memory_axi_0/addr_reg[31]$_SDFFE_PP0P_/D
     1720 |       1 |     473 |            0 |    +0.3% |  -2.368 | -115.837 | memory_axi_0/addr_reg[31]$_SDFFE_PP0P_/D
     1730 |       1 |     477 |            0 |    +0.3% |  -2.368 | -114.481 | memory_axi_0/addr_reg[31]$_SDFFE_PP0P_/D
     1740 |       1 |     485 |            0 |    +0.3% |  -2.368 | -95.396 | memory_axi_0/addr_reg[31]$_SDFFE_PP0P_/D
     1750 |       1 |     489 |            0 |    +0.3% |  -2.368 | -94.025 | memory_axi_0/addr_reg[31]$_SDFFE_PP0P_/D
     1760 |       1 |     489 |            0 |    +0.3% |  -2.368 | -94.025 | memory_axi_0/addr_reg[31]$_SDFFE_PP0P_/D
     1770 |       1 |     489 |            0 |    +0.3% |  -2.368 | -94.025 | memory_axi_0/addr_reg[31]$_SDFFE_PP0P_/D
     1780 |       1 |     489 |            0 |    +0.3% |  -2.368 | -94.025 | memory_axi_0/addr_reg[31]$_SDFFE_PP0P_/D
     1790 |       1 |     489 |            0 |    +0.3% |  -2.368 | -94.025 | memory_axi_0/addr_reg[31]$_SDFFE_PP0P_/D
     1800 |       1 |     489 |            0 |    +0.3% |  -2.368 | -94.025 | memory_axi_0/addr_reg[31]$_SDFFE_PP0P_/D
     1810 |       1 |     489 |            0 |    +0.3% |  -2.368 | -94.025 | memory_axi_0/addr_reg[31]$_SDFFE_PP0P_/D
     1820 |       1 |     492 |            0 |    +0.3% |  -2.368 | -92.998 | memory_axi_0/addr_reg[31]$_SDFFE_PP0P_/D
     1830 |       1 |     492 |            0 |    +0.3% |  -2.368 | -92.998 | memory_axi_0/addr_reg[31]$_SDFFE_PP0P_/D
     1840 |       1 |     499 |            0 |    +0.3% |  -2.368 | -86.957 | memory_axi_0/addr_reg[31]$_SDFFE_PP0P_/D
     1850 |       1 |     499 |            0 |    +0.3% |  -2.368 | -86.957 | memory_axi_0/addr_reg[31]$_SDFFE_PP0P_/D
     1860 |       1 |     499 |            0 |    +0.3% |  -2.368 | -86.957 | memory_axi_0/addr_reg[31]$_SDFFE_PP0P_/D
     1870 |       1 |     499 |            0 |    +0.3% |  -2.368 | -86.957 | memory_axi_0/addr_reg[31]$_SDFFE_PP0P_/D
     1880 |       1 |     499 |            0 |    +0.3% |  -2.368 | -86.957 | memory_axi_0/addr_reg[31]$_SDFFE_PP0P_/D
     1890 |       1 |     499 |            0 |    +0.3% |  -2.368 | -86.957 | memory_axi_0/addr_reg[31]$_SDFFE_PP0P_/D
     1900 |       1 |     499 |            0 |    +0.3% |  -2.368 | -86.957 | memory_axi_0/addr_reg[31]$_SDFFE_PP0P_/D
     1910 |       1 |     499 |            0 |    +0.3% |  -2.368 | -86.957 | memory_axi_0/addr_reg[31]$_SDFFE_PP0P_/D
     1920 |       1 |     499 |            0 |    +0.3% |  -2.368 | -86.957 | memory_axi_0/addr_reg[31]$_SDFFE_PP0P_/D
     1930 |       1 |     503 |            0 |    +0.3% |  -2.368 | -85.683 | memory_axi_0/addr_reg[31]$_SDFFE_PP0P_/D
     1940 |       1 |     503 |            0 |    +0.3% |  -2.368 | -85.683 | memory_axi_0/addr_reg[31]$_SDFFE_PP0P_/D
     1950 |       1 |     503 |            0 |    +0.3% |  -2.368 | -85.683 | memory_axi_0/addr_reg[31]$_SDFFE_PP0P_/D
     1960 |       1 |     503 |            0 |    +0.3% |  -2.368 | -85.683 | memory_axi_0/addr_reg[31]$_SDFFE_PP0P_/D
     1970 |       1 |     503 |            0 |    +0.3% |  -2.368 | -85.683 | memory_axi_0/addr_reg[31]$_SDFFE_PP0P_/D
     1980 |       1 |     503 |            0 |    +0.3% |  -2.368 | -85.683 | memory_axi_0/addr_reg[31]$_SDFFE_PP0P_/D
     1990 |       1 |     503 |            0 |    +0.3% |  -2.368 | -85.683 | memory_axi_0/addr_reg[31]$_SDFFE_PP0P_/D
     2000 |       1 |     503 |            0 |    +0.3% |  -2.368 | -85.683 | memory_axi_0/addr_reg[31]$_SDFFE_PP0P_/D
     2010 |       1 |     503 |            0 |    +0.3% |  -2.368 | -85.683 | memory_axi_0/addr_reg[31]$_SDFFE_PP0P_/D
     2020 |       1 |     503 |            0 |    +0.3% |  -2.368 | -85.683 | memory_axi_0/addr_reg[31]$_SDFFE_PP0P_/D
     2030 |       1 |     503 |            0 |    +0.3% |  -2.368 | -85.683 | memory_axi_0/addr_reg[31]$_SDFFE_PP0P_/D
     2040 |       1 |     503 |            0 |    +0.3% |  -2.368 | -85.683 | memory_axi_0/addr_reg[31]$_SDFFE_PP0P_/D
     2050 |       1 |     503 |            0 |    +0.3% |  -2.368 | -85.683 | memory_axi_0/addr_reg[31]$_SDFFE_PP0P_/D
     2060 |       1 |     503 |            0 |    +0.3% |  -2.368 | -85.683 | memory_axi_0/addr_reg[31]$_SDFFE_PP0P_/D
     2070 |       1 |     503 |            0 |    +0.3% |  -2.368 | -85.683 | memory_axi_0/addr_reg[31]$_SDFFE_PP0P_/D
     2080 |       1 |     503 |            0 |    +0.3% |  -2.368 | -85.683 | memory_axi_0/addr_reg[31]$_SDFFE_PP0P_/D
     2090 |       1 |     503 |            0 |    +0.3% |  -2.368 | -85.683 | memory_axi_0/addr_reg[31]$_SDFFE_PP0P_/D
     2100 |       1 |     503 |            0 |    +0.3% |  -2.368 | -85.683 | memory_axi_0/addr_reg[31]$_SDFFE_PP0P_/D
     2110 |       1 |     503 |            0 |    +0.3% |  -2.368 | -85.683 | memory_axi_0/addr_reg[31]$_SDFFE_PP0P_/D
     2120 |       1 |     507 |            0 |    +0.3% |  -2.368 | -84.509 | memory_axi_0/addr_reg[31]$_SDFFE_PP0P_/D
     2130 |       1 |     507 |            0 |    +0.3% |  -2.368 | -84.509 | memory_axi_0/addr_reg[31]$_SDFFE_PP0P_/D
     2140 |       1 |     507 |            0 |    +0.3% |  -2.368 | -84.509 | memory_axi_0/addr_reg[31]$_SDFFE_PP0P_/D
     2150 |       1 |     507 |            0 |    +0.3% |  -2.368 | -84.509 | memory_axi_0/addr_reg[31]$_SDFFE_PP0P_/D
     2160 |       1 |     507 |            0 |    +0.3% |  -2.368 | -84.509 | memory_axi_0/addr_reg[31]$_SDFFE_PP0P_/D
     2170 |       1 |     507 |            0 |    +0.3% |  -2.368 | -84.509 | memory_axi_0/addr_reg[31]$_SDFFE_PP0P_/D
     2180 |       1 |     514 |            0 |    +0.3% |  -2.368 | -82.387 | memory_axi_0/addr_reg[31]$_SDFFE_PP0P_/D
     2190 |       1 |     514 |            0 |    +0.3% |  -2.368 | -82.387 | memory_axi_0/addr_reg[31]$_SDFFE_PP0P_/D
     2200 |       1 |     514 |            0 |    +0.3% |  -2.368 | -82.387 | memory_axi_0/addr_reg[31]$_SDFFE_PP0P_/D
     2210 |       1 |     518 |            0 |    +0.3% |  -2.368 | -81.269 | memory_axi_0/addr_reg[31]$_SDFFE_PP0P_/D
     2220 |       1 |     518 |            0 |    +0.3% |  -2.368 | -81.269 | memory_axi_0/addr_reg[31]$_SDFFE_PP0P_/D
     2230 |       1 |     518 |            0 |    +0.3% |  -2.368 | -81.269 | memory_axi_0/addr_reg[31]$_SDFFE_PP0P_/D
     2240 |       1 |     518 |            0 |    +0.3% |  -2.368 | -81.269 | memory_axi_0/addr_reg[31]$_SDFFE_PP0P_/D
     2250 |       1 |     522 |            0 |    +0.3% |  -2.368 | -80.168 | memory_axi_0/addr_reg[31]$_SDFFE_PP0P_/D
     2260 |       1 |     530 |            0 |    +0.3% |  -2.368 | -78.163 | memory_axi_0/addr_reg[31]$_SDFFE_PP0P_/D
     2270 |       1 |     541 |            0 |    +0.3% |  -2.368 | -75.339 | memory_axi_0/addr_reg[31]$_SDFFE_PP0P_/D
     2280 |       1 |     557 |            0 |    +0.3% |  -2.368 | -71.617 | memory_axi_0/addr_reg[31]$_SDFFE_PP0P_/D
     2290 |       1 |     569 |            0 |    +0.3% |  -2.368 | -68.696 | memory_axi_0/addr_reg[31]$_SDFFE_PP0P_/D
     2300 |       1 |     569 |            0 |    +0.3% |  -2.368 | -68.696 | memory_axi_0/addr_reg[31]$_SDFFE_PP0P_/D
     2310 |       1 |     569 |            0 |    +0.3% |  -2.368 | -68.696 | memory_axi_0/addr_reg[31]$_SDFFE_PP0P_/D
     2320 |       1 |     573 |            0 |    +0.3% |  -2.368 | -67.757 | memory_axi_0/addr_reg[31]$_SDFFE_PP0P_/D
     2330 |       1 |     575 |            0 |    +0.3% |  -2.368 | -67.757 | memory_axi_0/addr_reg[31]$_SDFFE_PP0P_/D
     2340 |       1 |     579 |            0 |    +0.3% |  -2.368 | -66.851 | memory_axi_0/addr_reg[31]$_SDFFE_PP0P_/D
     2350 |       1 |     582 |            0 |    +0.3% |  -2.368 | -66.159 | memory_axi_0/addr_reg[31]$_SDFFE_PP0P_/D
     2360 |       1 |     582 |            0 |    +0.3% |  -2.368 | -66.159 | memory_axi_0/addr_reg[31]$_SDFFE_PP0P_/D
     2370 |       1 |     582 |            0 |    +0.3% |  -2.368 | -66.159 | memory_axi_0/addr_reg[31]$_SDFFE_PP0P_/D
     2380 |       1 |     582 |            0 |    +0.3% |  -2.368 | -66.159 | memory_axi_0/addr_reg[31]$_SDFFE_PP0P_/D
     2390 |       1 |     582 |            0 |    +0.3% |  -2.368 | -66.159 | memory_axi_0/addr_reg[31]$_SDFFE_PP0P_/D
     2400 |       1 |     582 |            0 |    +0.3% |  -2.368 | -66.159 | memory_axi_0/addr_reg[31]$_SDFFE_PP0P_/D
     2410 |       1 |     585 |            0 |    +0.3% |  -2.368 | -65.354 | memory_axi_0/addr_reg[31]$_SDFFE_PP0P_/D
     2420 |       1 |     585 |            0 |    +0.3% |  -2.368 | -65.354 | memory_axi_0/addr_reg[31]$_SDFFE_PP0P_/D
     2430 |       1 |     585 |            0 |    +0.3% |  -2.368 | -65.354 | memory_axi_0/addr_reg[31]$_SDFFE_PP0P_/D
     2440 |       1 |     587 |            0 |    +0.3% |  -2.368 | -64.590 | memory_axi_0/addr_reg[31]$_SDFFE_PP0P_/D
     2450 |       1 |     587 |            0 |    +0.3% |  -2.368 | -64.590 | memory_axi_0/addr_reg[31]$_SDFFE_PP0P_/D
     2460 |       1 |     587 |            0 |    +0.3% |  -2.368 | -64.590 | memory_axi_0/addr_reg[31]$_SDFFE_PP0P_/D
     2470 |       1 |     587 |            0 |    +0.3% |  -2.368 | -64.590 | memory_axi_0/addr_reg[31]$_SDFFE_PP0P_/D
     2480 |       1 |     587 |            0 |    +0.3% |  -2.368 | -64.590 | memory_axi_0/addr_reg[31]$_SDFFE_PP0P_/D
     2490 |       1 |     587 |            0 |    +0.3% |  -2.368 | -64.590 | memory_axi_0/addr_reg[31]$_SDFFE_PP0P_/D
     2500 |       1 |     587 |            0 |    +0.3% |  -2.368 | -64.590 | memory_axi_0/addr_reg[31]$_SDFFE_PP0P_/D
     2510 |       1 |     587 |            0 |    +0.3% |  -2.368 | -64.590 | memory_axi_0/addr_reg[31]$_SDFFE_PP0P_/D
     2520 |       1 |     587 |            0 |    +0.3% |  -2.368 | -64.590 | memory_axi_0/addr_reg[31]$_SDFFE_PP0P_/D
     2530 |       1 |     587 |            0 |    +0.3% |  -2.368 | -64.590 | memory_axi_0/addr_reg[31]$_SDFFE_PP0P_/D
     2540 |       1 |     587 |            0 |    +0.3% |  -2.368 | -64.590 | memory_axi_0/addr_reg[31]$_SDFFE_PP0P_/D
     2550 |       1 |     587 |            0 |    +0.3% |  -2.368 | -64.590 | memory_axi_0/addr_reg[31]$_SDFFE_PP0P_/D
     2560 |       1 |     587 |            0 |    +0.3% |  -2.368 | -64.590 | memory_axi_0/addr_reg[31]$_SDFFE_PP0P_/D
     2570 |       1 |     587 |            0 |    +0.3% |  -2.368 | -64.590 | memory_axi_0/addr_reg[31]$_SDFFE_PP0P_/D
     2580 |       1 |     588 |            0 |    +0.3% |  -2.368 | -64.489 | memory_axi_0/addr_reg[31]$_SDFFE_PP0P_/D
     2590 |       1 |     588 |            0 |    +0.3% |  -2.368 | -64.489 | memory_axi_0/addr_reg[31]$_SDFFE_PP0P_/D
     2600 |       1 |     588 |            0 |    +0.3% |  -2.368 | -64.489 | memory_axi_0/addr_reg[31]$_SDFFE_PP0P_/D
     2610 |       1 |     588 |            0 |    +0.3% |  -2.368 | -64.489 | memory_axi_0/addr_reg[31]$_SDFFE_PP0P_/D
     2620 |       1 |     588 |            0 |    +0.3% |  -2.368 | -64.489 | memory_axi_0/addr_reg[31]$_SDFFE_PP0P_/D
     2630 |       1 |     588 |            0 |    +0.3% |  -2.368 | -64.489 | memory_axi_0/addr_reg[31]$_SDFFE_PP0P_/D
     2640 |       1 |     588 |            0 |    +0.3% |  -2.368 | -64.489 | memory_axi_0/addr_reg[31]$_SDFFE_PP0P_/D
     2650 |       1 |     588 |            0 |    +0.3% |  -2.368 | -64.489 | memory_axi_0/addr_reg[31]$_SDFFE_PP0P_/D
     2660 |       1 |     588 |            0 |    +0.3% |  -2.368 | -64.489 | memory_axi_0/addr_reg[31]$_SDFFE_PP0P_/D
     2670 |       1 |     588 |            0 |    +0.3% |  -2.368 | -64.489 | memory_axi_0/addr_reg[31]$_SDFFE_PP0P_/D
     2680 |       1 |     588 |            0 |    +0.3% |  -2.368 | -64.489 | memory_axi_0/addr_reg[31]$_SDFFE_PP0P_/D
     2690 |       1 |     588 |            0 |    +0.3% |  -2.368 | -64.489 | memory_axi_0/addr_reg[31]$_SDFFE_PP0P_/D
     2700 |       1 |     588 |            0 |    +0.3% |  -2.368 | -64.489 | memory_axi_0/addr_reg[31]$_SDFFE_PP0P_/D
     2710 |       1 |     588 |            0 |    +0.3% |  -2.368 | -64.489 | memory_axi_0/addr_reg[31]$_SDFFE_PP0P_/D
     2720 |       1 |     588 |            0 |    +0.3% |  -2.368 | -64.489 | memory_axi_0/addr_reg[31]$_SDFFE_PP0P_/D
     2730 |       1 |     588 |            0 |    +0.3% |  -2.368 | -64.489 | memory_axi_0/addr_reg[31]$_SDFFE_PP0P_/D
     2740 |       1 |     588 |            0 |    +0.3% |  -2.368 | -64.489 | memory_axi_0/addr_reg[31]$_SDFFE_PP0P_/D
     2750 |       1 |     588 |            0 |    +0.3% |  -2.368 | -64.489 | memory_axi_0/addr_reg[31]$_SDFFE_PP0P_/D
     2760 |       1 |     588 |            0 |    +0.3% |  -2.368 | -64.489 | memory_axi_0/addr_reg[31]$_SDFFE_PP0P_/D
     2770 |       1 |     588 |            0 |    +0.3% |  -2.368 | -64.489 | memory_axi_0/addr_reg[31]$_SDFFE_PP0P_/D
     2780 |       1 |     588 |            0 |    +0.3% |  -2.368 | -64.489 | memory_axi_0/addr_reg[31]$_SDFFE_PP0P_/D
     2790 |       1 |     588 |            0 |    +0.3% |  -2.368 | -64.489 | memory_axi_0/addr_reg[31]$_SDFFE_PP0P_/D
     2800 |       1 |     588 |            0 |    +0.3% |  -2.368 | -64.489 | memory_axi_0/addr_reg[31]$_SDFFE_PP0P_/D
     2810 |       1 |     588 |            0 |    +0.3% |  -2.368 | -64.489 | memory_axi_0/addr_reg[31]$_SDFFE_PP0P_/D
     2820 |       1 |     588 |            0 |    +0.3% |  -2.368 | -64.489 | memory_axi_0/addr_reg[31]$_SDFFE_PP0P_/D
     2830 |       1 |     588 |            0 |    +0.3% |  -2.368 | -64.489 | memory_axi_0/addr_reg[31]$_SDFFE_PP0P_/D
     2840 |       1 |     588 |            0 |    +0.3% |  -2.368 | -64.489 | memory_axi_0/addr_reg[31]$_SDFFE_PP0P_/D
     2850 |       1 |     588 |            0 |    +0.3% |  -2.368 | -64.489 | memory_axi_0/addr_reg[31]$_SDFFE_PP0P_/D
     2860 |       1 |     588 |            0 |    +0.3% |  -2.368 | -64.489 | memory_axi_0/addr_reg[31]$_SDFFE_PP0P_/D
     2870 |       1 |     588 |            0 |    +0.3% |  -2.368 | -64.489 | memory_axi_0/addr_reg[31]$_SDFFE_PP0P_/D
     2880 |       1 |     588 |            0 |    +0.3% |  -2.368 | -64.489 | memory_axi_0/addr_reg[31]$_SDFFE_PP0P_/D
     2890 |       1 |     588 |            0 |    +0.3% |  -2.368 | -64.489 | memory_axi_0/addr_reg[31]$_SDFFE_PP0P_/D
     2900 |       1 |     588 |            0 |    +0.3% |  -2.368 | -64.489 | memory_axi_0/addr_reg[31]$_SDFFE_PP0P_/D
     2910 |       1 |     588 |            0 |    +0.3% |  -2.368 | -64.489 | memory_axi_0/addr_reg[31]$_SDFFE_PP0P_/D
     2920 |       1 |     588 |            0 |    +0.3% |  -2.368 | -64.489 | memory_axi_0/addr_reg[31]$_SDFFE_PP0P_/D
     2930 |       1 |     588 |            0 |    +0.3% |  -2.368 | -64.489 | memory_axi_0/addr_reg[31]$_SDFFE_PP0P_/D
     2940 |       1 |     588 |            0 |    +0.3% |  -2.368 | -64.489 | memory_axi_0/addr_reg[31]$_SDFFE_PP0P_/D
     2950 |       1 |     588 |            0 |    +0.3% |  -2.368 | -64.489 | memory_axi_0/addr_reg[31]$_SDFFE_PP0P_/D
     2960 |       1 |     588 |            0 |    +0.3% |  -2.368 | -64.489 | memory_axi_0/addr_reg[31]$_SDFFE_PP0P_/D
     2970 |       1 |     588 |            0 |    +0.3% |  -2.368 | -64.489 | memory_axi_0/addr_reg[31]$_SDFFE_PP0P_/D
     2980 |       1 |     588 |            0 |    +0.3% |  -2.368 | -64.489 | memory_axi_0/addr_reg[31]$_SDFFE_PP0P_/D
     2990 |       1 |     588 |            0 |    +0.3% |  -2.368 | -64.489 | memory_axi_0/addr_reg[31]$_SDFFE_PP0P_/D
     3000 |       1 |     588 |            0 |    +0.3% |  -2.368 | -64.489 | memory_axi_0/addr_reg[31]$_SDFFE_PP0P_/D
     3010 |       1 |     588 |            0 |    +0.3% |  -2.368 | -64.489 | memory_axi_0/addr_reg[31]$_SDFFE_PP0P_/D
     3020 |       1 |     588 |            0 |    +0.3% |  -2.368 | -64.489 | memory_axi_0/addr_reg[31]$_SDFFE_PP0P_/D
     3030 |       1 |     588 |            0 |    +0.3% |  -2.368 | -64.489 | memory_axi_0/addr_reg[31]$_SDFFE_PP0P_/D
     3040 |       1 |     588 |            0 |    +0.3% |  -2.368 | -64.489 | memory_axi_0/addr_reg[31]$_SDFFE_PP0P_/D
     3050 |       1 |     588 |            0 |    +0.3% |  -2.368 | -64.489 | memory_axi_0/addr_reg[31]$_SDFFE_PP0P_/D
     3060 |       1 |     588 |            0 |    +0.3% |  -2.368 | -64.489 | memory_axi_0/addr_reg[31]$_SDFFE_PP0P_/D
     3070 |       1 |     588 |            0 |    +0.3% |  -2.368 | -64.489 | memory_axi_0/addr_reg[31]$_SDFFE_PP0P_/D
     3080 |       1 |     588 |            0 |    +0.3% |  -2.368 | -64.489 | memory_axi_0/addr_reg[31]$_SDFFE_PP0P_/D
     3090 |       1 |     588 |            0 |    +0.3% |  -2.368 | -64.489 | memory_axi_0/addr_reg[31]$_SDFFE_PP0P_/D
     3100 |       1 |     588 |            0 |    +0.3% |  -2.368 | -64.489 | memory_axi_0/addr_reg[31]$_SDFFE_PP0P_/D
     3110 |       1 |     588 |            0 |    +0.3% |  -2.368 | -64.489 | memory_axi_0/addr_reg[31]$_SDFFE_PP0P_/D
     3120 |       1 |     588 |            0 |    +0.3% |  -2.368 | -64.489 | memory_axi_0/addr_reg[31]$_SDFFE_PP0P_/D
     3130 |       1 |     588 |            0 |    +0.3% |  -2.368 | -64.489 | memory_axi_0/addr_reg[31]$_SDFFE_PP0P_/D
     3140 |       1 |     588 |            0 |    +0.3% |  -2.368 | -64.489 | memory_axi_0/addr_reg[31]$_SDFFE_PP0P_/D
     3150 |       1 |     588 |            0 |    +0.3% |  -2.368 | -64.489 | memory_axi_0/addr_reg[31]$_SDFFE_PP0P_/D
     3160 |       1 |     588 |            0 |    +0.3% |  -2.368 | -64.489 | memory_axi_0/addr_reg[31]$_SDFFE_PP0P_/D
     3170 |       1 |     588 |            0 |    +0.3% |  -2.368 | -64.489 | memory_axi_0/addr_reg[31]$_SDFFE_PP0P_/D
     3180 |       1 |     588 |            0 |    +0.3% |  -2.368 | -64.489 | memory_axi_0/addr_reg[31]$_SDFFE_PP0P_/D
     3190 |       1 |     588 |            0 |    +0.3% |  -2.368 | -64.489 | memory_axi_0/addr_reg[31]$_SDFFE_PP0P_/D
     3200 |       1 |     588 |            0 |    +0.3% |  -2.368 | -64.489 | memory_axi_0/addr_reg[31]$_SDFFE_PP0P_/D
     3210 |       1 |     588 |            0 |    +0.3% |  -2.368 | -64.489 | memory_axi_0/addr_reg[31]$_SDFFE_PP0P_/D
     3220 |       1 |     588 |            0 |    +0.3% |  -2.368 | -64.489 | memory_axi_0/addr_reg[31]$_SDFFE_PP0P_/D
     3230 |       1 |     588 |            0 |    +0.3% |  -2.368 | -64.489 | memory_axi_0/addr_reg[31]$_SDFFE_PP0P_/D
     3240 |       1 |     590 |            0 |    +0.3% |  -2.368 | -63.946 | memory_axi_0/addr_reg[31]$_SDFFE_PP0P_/D
     3250 |       1 |     590 |            0 |    +0.3% |  -2.368 | -63.946 | memory_axi_0/addr_reg[31]$_SDFFE_PP0P_/D
     3260 |       1 |     590 |            0 |    +0.3% |  -2.368 | -63.946 | memory_axi_0/addr_reg[31]$_SDFFE_PP0P_/D
     3270 |       1 |     590 |            0 |    +0.3% |  -2.368 | -63.946 | memory_axi_0/addr_reg[31]$_SDFFE_PP0P_/D
     3280 |       1 |     590 |            0 |    +0.3% |  -2.368 | -63.946 | memory_axi_0/addr_reg[31]$_SDFFE_PP0P_/D
     3290 |       1 |     590 |            0 |    +0.3% |  -2.368 | -63.946 | memory_axi_0/addr_reg[31]$_SDFFE_PP0P_/D
     3300 |       1 |     590 |            0 |    +0.3% |  -2.368 | -63.946 | memory_axi_0/addr_reg[31]$_SDFFE_PP0P_/D
     3310 |       1 |     590 |            0 |    +0.3% |  -2.368 | -63.946 | memory_axi_0/addr_reg[31]$_SDFFE_PP0P_/D
     3320 |       1 |     590 |            0 |    +0.3% |  -2.368 | -63.946 | memory_axi_0/addr_reg[31]$_SDFFE_PP0P_/D
     3330 |       1 |     590 |            0 |    +0.3% |  -2.368 | -63.946 | memory_axi_0/addr_reg[31]$_SDFFE_PP0P_/D
     3340 |       1 |     590 |            0 |    +0.3% |  -2.368 | -63.946 | memory_axi_0/addr_reg[31]$_SDFFE_PP0P_/D
     3350 |       1 |     590 |            0 |    +0.3% |  -2.368 | -63.946 | memory_axi_0/addr_reg[31]$_SDFFE_PP0P_/D
     3360 |       1 |     590 |            0 |    +0.3% |  -2.368 | -63.946 | memory_axi_0/addr_reg[31]$_SDFFE_PP0P_/D
     3370 |       1 |     590 |            0 |    +0.3% |  -2.368 | -63.946 | memory_axi_0/addr_reg[31]$_SDFFE_PP0P_/D
     3380 |       1 |     590 |            0 |    +0.3% |  -2.368 | -63.946 | memory_axi_0/addr_reg[31]$_SDFFE_PP0P_/D
     3390 |       1 |     590 |            0 |    +0.3% |  -2.368 | -63.946 | memory_axi_0/addr_reg[31]$_SDFFE_PP0P_/D
     3400 |       1 |     590 |            0 |    +0.3% |  -2.368 | -63.946 | memory_axi_0/addr_reg[31]$_SDFFE_PP0P_/D
     3410 |       1 |     590 |            0 |    +0.3% |  -2.368 | -63.946 | memory_axi_0/addr_reg[31]$_SDFFE_PP0P_/D
     3420 |       1 |     590 |            0 |    +0.3% |  -2.368 | -63.946 | memory_axi_0/addr_reg[31]$_SDFFE_PP0P_/D
     3430 |       1 |     590 |            0 |    +0.3% |  -2.368 | -63.946 | memory_axi_0/addr_reg[31]$_SDFFE_PP0P_/D
     3440 |       1 |     590 |            0 |    +0.3% |  -2.368 | -63.946 | memory_axi_0/addr_reg[31]$_SDFFE_PP0P_/D
     3450 |       1 |     590 |            0 |    +0.3% |  -2.368 | -63.946 | memory_axi_0/addr_reg[31]$_SDFFE_PP0P_/D
     3460 |       1 |     590 |            0 |    +0.3% |  -2.368 | -63.946 | memory_axi_0/addr_reg[31]$_SDFFE_PP0P_/D
     3470 |       1 |     590 |            0 |    +0.3% |  -2.368 | -63.946 | memory_axi_0/addr_reg[31]$_SDFFE_PP0P_/D
     3480 |       1 |     590 |            0 |    +0.3% |  -2.368 | -63.946 | memory_axi_0/addr_reg[31]$_SDFFE_PP0P_/D
     3490 |       1 |     590 |            0 |    +0.3% |  -2.368 | -63.946 | memory_axi_0/addr_reg[31]$_SDFFE_PP0P_/D
     3500 |       1 |     590 |            0 |    +0.3% |  -2.368 | -63.946 | memory_axi_0/addr_reg[31]$_SDFFE_PP0P_/D
     3510 |       1 |     590 |            0 |    +0.3% |  -2.368 | -63.946 | memory_axi_0/addr_reg[31]$_SDFFE_PP0P_/D
     3520 |       1 |     590 |            0 |    +0.3% |  -2.368 | -63.946 | memory_axi_0/addr_reg[31]$_SDFFE_PP0P_/D
     3530 |       1 |     590 |            0 |    +0.3% |  -2.368 | -63.946 | memory_axi_0/addr_reg[31]$_SDFFE_PP0P_/D
     3540 |       1 |     590 |            0 |    +0.3% |  -2.368 | -63.946 | memory_axi_0/addr_reg[31]$_SDFFE_PP0P_/D
     3550 |       1 |     590 |            0 |    +0.3% |  -2.368 | -63.946 | memory_axi_0/addr_reg[31]$_SDFFE_PP0P_/D
     3560 |       1 |     590 |            0 |    +0.3% |  -2.368 | -63.946 | memory_axi_0/addr_reg[31]$_SDFFE_PP0P_/D
     3570 |       1 |     590 |            0 |    +0.3% |  -2.368 | -63.946 | memory_axi_0/addr_reg[31]$_SDFFE_PP0P_/D
     3580 |       1 |     590 |            0 |    +0.3% |  -2.368 | -63.946 | memory_axi_0/addr_reg[31]$_SDFFE_PP0P_/D
     3590 |       1 |     590 |            0 |    +0.3% |  -2.368 | -63.946 | memory_axi_0/addr_reg[31]$_SDFFE_PP0P_/D
     3600 |       1 |     590 |            0 |    +0.3% |  -2.368 | -63.946 | memory_axi_0/addr_reg[31]$_SDFFE_PP0P_/D
     3610 |       1 |     590 |            0 |    +0.3% |  -2.368 | -63.946 | memory_axi_0/addr_reg[31]$_SDFFE_PP0P_/D
     3620 |       1 |     590 |            0 |    +0.3% |  -2.368 | -63.946 | memory_axi_0/addr_reg[31]$_SDFFE_PP0P_/D
     3630 |       1 |     590 |            0 |    +0.3% |  -2.368 | -63.946 | memory_axi_0/addr_reg[31]$_SDFFE_PP0P_/D
     3640 |       1 |     590 |            0 |    +0.3% |  -2.368 | -63.946 | memory_axi_0/addr_reg[31]$_SDFFE_PP0P_/D
     3650 |       1 |     590 |            0 |    +0.3% |  -2.368 | -63.946 | memory_axi_0/addr_reg[31]$_SDFFE_PP0P_/D
     3660 |       1 |     590 |            0 |    +0.3% |  -2.368 | -63.946 | memory_axi_0/addr_reg[31]$_SDFFE_PP0P_/D
     3670 |       1 |     590 |            0 |    +0.3% |  -2.368 | -63.946 | memory_axi_0/addr_reg[31]$_SDFFE_PP0P_/D
     3680 |       1 |     590 |            0 |    +0.3% |  -2.368 | -63.946 | memory_axi_0/addr_reg[31]$_SDFFE_PP0P_/D
     3690 |       1 |     590 |            0 |    +0.3% |  -2.368 | -63.946 | memory_axi_0/addr_reg[31]$_SDFFE_PP0P_/D
     3700 |       1 |     590 |            0 |    +0.3% |  -2.368 | -63.946 | memory_axi_0/addr_reg[31]$_SDFFE_PP0P_/D
     3710 |       1 |     590 |            0 |    +0.3% |  -2.368 | -63.946 | memory_axi_0/addr_reg[31]$_SDFFE_PP0P_/D
     3720 |       1 |     590 |            0 |    +0.3% |  -2.368 | -63.946 | memory_axi_0/addr_reg[31]$_SDFFE_PP0P_/D
     3730 |       1 |     590 |            0 |    +0.3% |  -2.368 | -63.946 | memory_axi_0/addr_reg[31]$_SDFFE_PP0P_/D
     3740 |       1 |     590 |            0 |    +0.3% |  -2.368 | -63.946 | memory_axi_0/addr_reg[31]$_SDFFE_PP0P_/D
     3750 |       1 |     590 |            0 |    +0.3% |  -2.368 | -63.946 | memory_axi_0/addr_reg[31]$_SDFFE_PP0P_/D
     3760 |       1 |     590 |            0 |    +0.3% |  -2.368 | -63.946 | memory_axi_0/addr_reg[31]$_SDFFE_PP0P_/D
     3770 |       1 |     590 |            0 |    +0.3% |  -2.368 | -63.946 | memory_axi_0/addr_reg[31]$_SDFFE_PP0P_/D
     3780 |       1 |     590 |            0 |    +0.3% |  -2.368 | -63.946 | memory_axi_0/addr_reg[31]$_SDFFE_PP0P_/D
     3790 |       1 |     590 |            0 |    +0.3% |  -2.368 | -63.946 | memory_axi_0/addr_reg[31]$_SDFFE_PP0P_/D
     3800 |       1 |     590 |            0 |    +0.3% |  -2.368 | -63.946 | memory_axi_0/addr_reg[31]$_SDFFE_PP0P_/D
     3810 |       1 |     590 |            0 |    +0.3% |  -2.368 | -63.946 | memory_axi_0/addr_reg[31]$_SDFFE_PP0P_/D
     3820 |       1 |     590 |            0 |    +0.3% |  -2.368 | -63.946 | memory_axi_0/addr_reg[31]$_SDFFE_PP0P_/D
     3830 |       1 |     590 |            0 |    +0.3% |  -2.368 | -63.946 | memory_axi_0/addr_reg[31]$_SDFFE_PP0P_/D
     3840 |       1 |     590 |            0 |    +0.3% |  -2.368 | -63.946 | memory_axi_0/addr_reg[31]$_SDFFE_PP0P_/D
     3850 |       1 |     590 |            0 |    +0.3% |  -2.368 | -63.946 | memory_axi_0/addr_reg[31]$_SDFFE_PP0P_/D
     3860 |       1 |     590 |            0 |    +0.3% |  -2.368 | -63.946 | memory_axi_0/addr_reg[31]$_SDFFE_PP0P_/D
     3870 |       1 |     590 |            0 |    +0.3% |  -2.368 | -63.946 | memory_axi_0/addr_reg[31]$_SDFFE_PP0P_/D
     3880 |       1 |     590 |            0 |    +0.3% |  -2.368 | -63.946 | memory_axi_0/addr_reg[31]$_SDFFE_PP0P_/D
     3890 |       1 |     590 |            0 |    +0.3% |  -2.368 | -63.946 | memory_axi_0/addr_reg[31]$_SDFFE_PP0P_/D
     3900 |       1 |     590 |            0 |    +0.3% |  -2.368 | -63.946 | memory_axi_0/addr_reg[31]$_SDFFE_PP0P_/D
     3910 |       1 |     590 |            0 |    +0.3% |  -2.368 | -63.946 | memory_axi_0/addr_reg[31]$_SDFFE_PP0P_/D
     3920 |       1 |     590 |            0 |    +0.3% |  -2.368 | -63.946 | memory_axi_0/addr_reg[31]$_SDFFE_PP0P_/D
     3930 |       1 |     590 |            0 |    +0.3% |  -2.368 | -63.946 | memory_axi_0/addr_reg[31]$_SDFFE_PP0P_/D
     3940 |       1 |     590 |            0 |    +0.3% |  -2.368 | -63.946 | memory_axi_0/addr_reg[31]$_SDFFE_PP0P_/D
     3950 |       1 |     590 |            0 |    +0.3% |  -2.368 | -63.946 | memory_axi_0/addr_reg[31]$_SDFFE_PP0P_/D
     3960 |       1 |     590 |            0 |    +0.3% |  -2.368 | -63.946 | memory_axi_0/addr_reg[31]$_SDFFE_PP0P_/D
     3970 |       1 |     590 |            0 |    +0.3% |  -2.368 | -63.946 | memory_axi_0/addr_reg[31]$_SDFFE_PP0P_/D
     3980 |       1 |     590 |            0 |    +0.3% |  -2.368 | -63.946 | memory_axi_0/addr_reg[31]$_SDFFE_PP0P_/D
     3990 |       1 |     590 |            0 |    +0.3% |  -2.368 | -63.946 | memory_axi_0/addr_reg[31]$_SDFFE_PP0P_/D
     4000 |       1 |     590 |            0 |    +0.3% |  -2.368 | -63.946 | memory_axi_0/addr_reg[31]$_SDFFE_PP0P_/D
     4010 |       1 |     590 |            0 |    +0.3% |  -2.368 | -63.946 | memory_axi_0/addr_reg[31]$_SDFFE_PP0P_/D
     4020 |       1 |     590 |            0 |    +0.3% |  -2.368 | -63.946 | memory_axi_0/addr_reg[31]$_SDFFE_PP0P_/D
     4030 |       1 |     590 |            0 |    +0.3% |  -2.368 | -63.946 | memory_axi_0/addr_reg[31]$_SDFFE_PP0P_/D
     4040 |       1 |     590 |            0 |    +0.3% |  -2.368 | -63.946 | memory_axi_0/addr_reg[31]$_SDFFE_PP0P_/D
     4050 |       1 |     590 |            0 |    +0.3% |  -2.368 | -63.946 | memory_axi_0/addr_reg[31]$_SDFFE_PP0P_/D
     4060 |       1 |     590 |            0 |    +0.3% |  -2.368 | -63.946 | memory_axi_0/addr_reg[31]$_SDFFE_PP0P_/D
     4070 |       1 |     590 |            0 |    +0.3% |  -2.368 | -63.946 | memory_axi_0/addr_reg[31]$_SDFFE_PP0P_/D
     4080 |       1 |     590 |            0 |    +0.3% |  -2.368 | -63.946 | memory_axi_0/addr_reg[31]$_SDFFE_PP0P_/D
     4090 |       1 |     590 |            0 |    +0.3% |  -2.368 | -63.946 | memory_axi_0/addr_reg[31]$_SDFFE_PP0P_/D
     4100 |       1 |     590 |            0 |    +0.3% |  -2.368 | -63.946 | memory_axi_0/addr_reg[31]$_SDFFE_PP0P_/D
     4110 |       1 |     590 |            0 |    +0.3% |  -2.368 | -63.946 | memory_axi_0/addr_reg[31]$_SDFFE_PP0P_/D
     4120 |       1 |     590 |            0 |    +0.3% |  -2.368 | -63.946 | memory_axi_0/addr_reg[31]$_SDFFE_PP0P_/D
     4130 |       1 |     590 |            0 |    +0.3% |  -2.368 | -63.946 | memory_axi_0/addr_reg[31]$_SDFFE_PP0P_/D
     4140 |       1 |     590 |            0 |    +0.3% |  -2.368 | -63.946 | memory_axi_0/addr_reg[31]$_SDFFE_PP0P_/D
     4150 |       1 |     590 |            0 |    +0.3% |  -2.368 | -63.946 | memory_axi_0/addr_reg[31]$_SDFFE_PP0P_/D
     4160 |       1 |     590 |            0 |    +0.3% |  -2.368 | -63.946 | memory_axi_0/addr_reg[31]$_SDFFE_PP0P_/D
     4170 |       1 |     590 |            0 |    +0.3% |  -2.368 | -63.946 | memory_axi_0/addr_reg[31]$_SDFFE_PP0P_/D
     4180 |       1 |     590 |            0 |    +0.3% |  -2.368 | -63.946 | memory_axi_0/addr_reg[31]$_SDFFE_PP0P_/D
     4190 |       1 |     590 |            0 |    +0.3% |  -2.368 | -63.946 | memory_axi_0/addr_reg[31]$_SDFFE_PP0P_/D
     4200 |       1 |     590 |            0 |    +0.3% |  -2.368 | -63.946 | memory_axi_0/addr_reg[31]$_SDFFE_PP0P_/D
     4210 |       1 |     590 |            0 |    +0.3% |  -2.368 | -63.946 | memory_axi_0/addr_reg[31]$_SDFFE_PP0P_/D
     4220 |       1 |     590 |            0 |    +0.3% |  -2.368 | -63.946 | memory_axi_0/addr_reg[31]$_SDFFE_PP0P_/D
     4230 |       1 |     590 |            0 |    +0.3% |  -2.368 | -63.946 | memory_axi_0/addr_reg[31]$_SDFFE_PP0P_/D
     4240 |       1 |     590 |            0 |    +0.3% |  -2.368 | -63.946 | memory_axi_0/addr_reg[31]$_SDFFE_PP0P_/D
     4250 |       1 |     590 |            0 |    +0.3% |  -2.368 | -63.946 | memory_axi_0/addr_reg[31]$_SDFFE_PP0P_/D
     4260 |       1 |     590 |            0 |    +0.3% |  -2.368 | -63.946 | memory_axi_0/addr_reg[31]$_SDFFE_PP0P_/D
     4270 |       1 |     590 |            0 |    +0.3% |  -2.368 | -63.946 | memory_axi_0/addr_reg[31]$_SDFFE_PP0P_/D
     4280 |       1 |     590 |            0 |    +0.3% |  -2.368 | -63.946 | memory_axi_0/addr_reg[31]$_SDFFE_PP0P_/D
     4290 |       1 |     590 |            0 |    +0.3% |  -2.368 | -63.946 | memory_axi_0/addr_reg[31]$_SDFFE_PP0P_/D
     4300 |       1 |     590 |            0 |    +0.3% |  -2.368 | -63.946 | memory_axi_0/addr_reg[31]$_SDFFE_PP0P_/D
     4310 |       1 |     590 |            0 |    +0.3% |  -2.368 | -63.946 | memory_axi_0/addr_reg[31]$_SDFFE_PP0P_/D
     4320 |       1 |     590 |            0 |    +0.3% |  -2.368 | -63.946 | memory_axi_0/addr_reg[31]$_SDFFE_PP0P_/D
     4330 |       1 |     590 |            0 |    +0.3% |  -2.368 | -63.946 | memory_axi_0/addr_reg[31]$_SDFFE_PP0P_/D
     4340 |       1 |     590 |            0 |    +0.3% |  -2.368 | -63.946 | memory_axi_0/addr_reg[31]$_SDFFE_PP0P_/D
     4350 |       1 |     590 |            0 |    +0.3% |  -2.368 | -63.946 | memory_axi_0/addr_reg[31]$_SDFFE_PP0P_/D
     4360 |       1 |     590 |            0 |    +0.3% |  -2.368 | -63.946 | memory_axi_0/addr_reg[31]$_SDFFE_PP0P_/D
     4370 |       1 |     590 |            0 |    +0.3% |  -2.368 | -63.946 | memory_axi_0/addr_reg[31]$_SDFFE_PP0P_/D
     4380 |       1 |     590 |            0 |    +0.3% |  -2.368 | -63.946 | memory_axi_0/addr_reg[31]$_SDFFE_PP0P_/D
     4390 |       1 |     590 |            0 |    +0.3% |  -2.368 | -63.946 | memory_axi_0/addr_reg[31]$_SDFFE_PP0P_/D
     4400 |       1 |     590 |            0 |    +0.3% |  -2.368 | -63.946 | memory_axi_0/addr_reg[31]$_SDFFE_PP0P_/D
     4410 |       1 |     590 |            0 |    +0.3% |  -2.368 | -63.946 | memory_axi_0/addr_reg[31]$_SDFFE_PP0P_/D
     4420 |       1 |     590 |            0 |    +0.3% |  -2.368 | -63.946 | memory_axi_0/addr_reg[31]$_SDFFE_PP0P_/D
     4430 |       1 |     590 |            0 |    +0.3% |  -2.368 | -63.946 | memory_axi_0/addr_reg[31]$_SDFFE_PP0P_/D
     4440 |       1 |     590 |            0 |    +0.3% |  -2.368 | -63.946 | memory_axi_0/addr_reg[31]$_SDFFE_PP0P_/D
     4450 |       1 |     606 |            0 |    +0.4% |  -2.033 | -54.893 | memory_axi_0/addr_reg[11]$_SDFFE_PP0P_/D
     4460 |       1 |     629 |            0 |    +0.4% |  -1.879 | -44.125 | memory_axi_0/addr_reg[7]$_SDFFE_PP0P_/D
     4470 |       1 |     652 |            0 |    +0.4% |  -1.741 | -34.983 | memory_axi_0/addr_reg[18]$_SDFFE_PP0P_/D
     4480 |       1 |     673 |            0 |    +0.4% |  -1.286 | -29.786 | memory_axi_0/addr_reg[31]$_SDFFE_PP0P_/D
     4490 |       1 |     692 |            0 |    +0.4% |  -1.265 | -29.096 | memory_axi_0/addr_reg[31]$_SDFFE_PP0P_/D
     4500 |       1 |     722 |            0 |    +0.4% |  -1.265 | -27.450 | memory_axi_0/addr_reg[31]$_SDFFE_PP0P_/D
     4510 |       1 |     751 |            0 |    +0.4% |  -1.265 | -25.199 | memory_axi_0/addr_reg[31]$_SDFFE_PP0P_/D
     4520 |       1 |     776 |            0 |    +0.4% |  -1.265 | -23.357 | memory_axi_0/addr_reg[31]$_SDFFE_PP0P_/D
     4530 |       1 |     812 |            0 |    +0.5% |  -0.906 | -15.011 | memory_axi_0/addr_reg[11]$_SDFFE_PP0P_/D
     4540 |       1 |     846 |            0 |    +0.5% |  -0.710 |  -7.136 | memory_axi_0/addr_reg[15]$_SDFFE_PP0P_/D
     4550 |       1 |     878 |            0 |    +0.5% |  -0.405 |  -1.031 | memory_axi_0/addr_reg[0]$_SDFFE_PP0P_/D
    final |       1 |     888 |            0 |    +0.5% |   0.000 |   0.000 | dma_config_0/dma_0/buffer_dma[12]$_SDFFE_PP0P_/D
--------------------------------------------------------------------------------------
[INFO RSZ-0132] Resized 1 instances.
[INFO RSZ-0032] Inserted 888 hold buffers.
[INFO RSZ-0506] Runtime: 72.29s
Took 189 seconds: repair_timing -setup_margin 0 -hold_margin 0 -repair_tns 0 -match_cell_footprint -verbose
detailed_placement
[INFO DPL-0006] Core area: 3527558.21 um^2
[INFO DPL-0007] Movable instances area: 1681223.68 um^2
[INFO DPL-0008] Fixed instances area within core: 58876.47 um^2
[INFO DPL-0009] Utilization: 49.3%
[INFO DPL-0005] Diamond search max displacement: +/- 500 sites horizontally, +/- 100 rows vertically.
[INFO DPL-1102] Legalizing using negotiation legalizer.
[INFO DPL-1103] Negotiation base search window: +/-20 sites horizontally, +/-5 rows vertically 
	Automatic search window extension enabled.
	Search window extendable up to the max displacement cap of +/-500 sites, +/-100 rows near walls.
[INFO DPL-1104] NegotiationLegalizer DRC penalty: 5.
[INFO DPL-0392] Negotiation cell height distribution (1 unique row-count(s)):
[INFO DPL-0393]   height 1 row(s): 169749 cells
          |      Total |  Illegal |  Illegal
Iteration | Violations |    Cells |    Sites
---------------------------------------------
        0 |         72 |        18 |        54
        1 |          0 |         0 |         0
Negotiation phase 1 converged at iteration 1.
[INFO DPL-0500] Runtime: 0.96s
Placement Analysis
---------------------------------
total displacement       5605.4 u
average displacement        0.0 u
max displacement           17.6 u
original HPWL         5204201.4 u
legalized HPWL        5208835.7 u
delta HPWL                    0 %

Report metrics stage 4, cts final...

==========================================================================
cts final report_design_area
--------------------------------------------------------------------------
Design area 1740100 um^2 49% utilization.
write_db /Users/shubhanshu/Desktop/Nebula/digital/artifacts/model_ppa_20260912/pnr_gemini_flash/results/sky130hd/nebula_bench/gemini_flash/4_1_cts.odb
write_sdc -no_timestamp /Users/shubhanshu/Desktop/Nebula/digital/artifacts/model_ppa_20260912/pnr_gemini_flash/results/sky130hd/nebula_bench/gemini_flash/4_cts.sdc
Elapsed time: 4:37.71[h:]min:sec. CPU time: user 479.41 sys 135.75 (221%). Peak memory: 1146544KB.
Log                       Ext     Elapsed/s Peak Memory/MB sha1sum result [0:20)
4_1_cts                   .odb          277           1119 7a9bbfbd54708a17d60e
cp /Users/shubhanshu/Desktop/Nebula/digital/artifacts/model_ppa_20260912/pnr_gemini_flash/results/sky130hd/nebula_bench/gemini_flash/4_1_cts.odb /Users/shubhanshu/Desktop/Nebula/digital/artifacts/model_ppa_20260912/pnr_gemini_flash/results/sky130hd/nebula_bench/gemini_flash/4_cts.odb
/Users/shubhanshu/Desktop/Nebula/digital/orfs/flow/scripts/flow.sh 5_1_grt global_route
Running global_route.tcl, stage 5_1_grt
read_liberty /Users/shubhanshu/Desktop/Nebula/digital/orfs/flow/platforms/sky130hd/lib/sky130_fd_sc_hd__tt_025C_1v80.lib
read_db /Users/shubhanshu/Desktop/Nebula/digital/artifacts/model_ppa_20260912/pnr_gemini_flash/results/sky130hd/nebula_bench/gemini_flash/4_cts.odb
read_sdc /Users/shubhanshu/Desktop/Nebula/digital/artifacts/model_ppa_20260912/pnr_gemini_flash/results/sky130hd/nebula_bench/gemini_flash/4_cts.sdc
source /Users/shubhanshu/Desktop/Nebula/digital/orfs/flow/platforms/sky130hd/setRC.tcl
pin_access
[INFO DRT-0149] Reading tech and libs.
[WARNING DRT-0349] LEF58_ENCLOSURE with no CUTCLASS is not supported. Skipping for layer mcon
[WARNING DRT-0349] LEF58_ENCLOSURE with no CUTCLASS is not supported. Skipping for layer mcon
[WARNING DRT-0349] LEF58_ENCLOSURE with no CUTCLASS is not supported. Skipping for layer via
[WARNING DRT-0349] LEF58_ENCLOSURE with no CUTCLASS is not supported. Skipping for layer via
[WARNING DRT-0349] LEF58_ENCLOSURE with no CUTCLASS is not supported. Skipping for layer via2
[WARNING DRT-0349] LEF58_ENCLOSURE with no CUTCLASS is not supported. Skipping for layer via2
[WARNING DRT-0349] LEF58_ENCLOSURE with no CUTCLASS is not supported. Skipping for layer via3
[WARNING DRT-0349] LEF58_ENCLOSURE with no CUTCLASS is not supported. Skipping for layer via3
[WARNING DRT-0349] LEF58_ENCLOSURE with no CUTCLASS is not supported. Skipping for layer via4
[WARNING DRT-0349] LEF58_ENCLOSURE with no CUTCLASS is not supported. Skipping for layer via4

Units:                1000
Number of layers:     13
Number of macros:     441
Number of vias:       29
Number of viarulegen: 25

[INFO DRT-0150] Reading design.

Design:                   soc_top
Die area:                 ( 0 0 ) ( 1900000 1900000 )
Number of track patterns: 12
Number of DEF vias:       0
Number of components:     169749
Number of terminals:      40
Number of snets:          2
Number of nets:           121201

[INFO DRT-0167] List of default vias:
  Layer via
    default via: M1M2_PR
  Layer via2
    default via: M2M3_PR
  Layer via3
    default via: M3M4_PR
  Layer via4
    default via: M4M5_PR
[INFO DRT-0162] Library cell analysis.
[INFO DRT-0163] Instance analysis.
  Complete 100000 instances.
[INFO DRT-0164] Number of unique instances = 404.
[INFO DRT-0168] Init region query.
[INFO DRT-0018]   Complete 100000 insts.
[INFO DRT-0024]   Complete FR_MASTERSLICE.
[INFO DRT-0024]   Complete Fr_VIA.
[INFO DRT-0024]   Complete li1.
[INFO DRT-0024]   Complete mcon.
[INFO DRT-0024]   Complete met1.
[INFO DRT-0024]   Complete via.
[INFO DRT-0024]   Complete met2.
[INFO DRT-0024]   Complete via2.
[INFO DRT-0024]   Complete met3.
[INFO DRT-0024]   Complete via3.
[INFO DRT-0024]   Complete met4.
[INFO DRT-0024]   Complete via4.
[INFO DRT-0024]   Complete met5.
[INFO DRT-0033] FR_MASTERSLICE shape region query size = 0.
[INFO DRT-0033] FR_VIA shape region query size = 0.
[INFO DRT-0033] li1 shape region query size = 4842678.
[INFO DRT-0033] mcon shape region query size = 3119364.
[INFO DRT-0033] met1 shape region query size = 869028.
[INFO DRT-0033] via shape region query size = 238395.
[INFO DRT-0033] met2 shape region query size = 143074.
[INFO DRT-0033] via2 shape region query size = 190716.
[INFO DRT-0033] met3 shape region query size = 143038.
[INFO DRT-0033] via3 shape region query size = 190716.
[INFO DRT-0033] met4 shape region query size = 57339.
[INFO DRT-0033] via4 shape region query size = 9522.
[INFO DRT-0033] met5 shape region query size = 9798.
[INFO DRT-0165] Start pin access.
[INFO DRT-0076]   Complete 1000 pins.
[INFO DRT-0076]   Complete 2000 pins.
[INFO DRT-0076]   Complete 3000 pins.
[INFO DRT-0078]   Complete 3335 pins.
[INFO DRT-0079]   Complete 100 unique inst patterns.
[INFO DRT-0079]   Complete 200 unique inst patterns.
[INFO DRT-0079]   Complete 300 unique inst patterns.
[INFO DRT-0079]   Complete 400 unique inst patterns.
[INFO DRT-0081]   Complete 404 unique inst patterns.
[INFO DRT-0082]   Complete 10000 groups.
[INFO DRT-0082]   Complete 20000 groups.
[INFO DRT-0082]   Complete 30000 groups.
[INFO DRT-0082]   Complete 40000 groups.
[INFO DRT-0082]   Complete 50000 groups.
[INFO DRT-0082]   Complete 60000 groups.
[INFO DRT-0082]   Complete 70000 groups.
[INFO DRT-0082]   Complete 80000 groups.
[INFO DRT-0082]   Complete 90000 groups.
[INFO DRT-0084]   Complete 92597 groups.
#scanned instances     = 169749
#unique  instances     = 404
#stdCellGenAp          = 13797
#stdCellValidPlanarAp  = 148
#stdCellValidViaAp     = 9790
#stdCellPinNoAp        = 10
#stdCellPinCnt         = 442176
#instTermValidViaApCnt = 0
#macroGenAp            = 0
#macroValidPlanarAp    = 0
#macroValidViaAp       = 0
#macroNoAp             = 0
[INFO DRT-0166] Complete pin access.
[INFO DRT-0267] cpu time = 00:50:27, elapsed time = 00:06:29, memory = 415.02 (MB), peak = 1445.45 (MB)
Took 393 seconds: pin_access
global_route -congestion_report_file /Users/shubhanshu/Desktop/Nebula/digital/artifacts/model_ppa_20260912/pnr_gemini_flash/reports/sky130hd/nebula_bench/gemini_flash/congestion.rpt -congestion_iterations 30 -congestion_report_iter_step 5 -verbose
[INFO GRT-0020] Min routing layer: met1
[INFO GRT-0021] Max routing layer: met5
[INFO GRT-0022] Global adjustment: 0%
[INFO GRT-0023] Grid origin: (0, 0)
[INFO GRT-0088] Layer li1     Track-Pitch = 0.4600  line-2-Via Pitch: 0.3400
[INFO GRT-0088] Layer met1    Track-Pitch = 0.3400  line-2-Via Pitch: 0.3400
[INFO GRT-0088] Layer met2    Track-Pitch = 0.4600  line-2-Via Pitch: 0.3500
[INFO GRT-0088] Layer met3    Track-Pitch = 0.6800  line-2-Via Pitch: 0.6150
[INFO GRT-0088] Layer met4    Track-Pitch = 0.9200  line-2-Via Pitch: 1.0400
[INFO GRT-0088] Layer met5    Track-Pitch = 3.4000  line-2-Via Pitch: 3.1100
[INFO GRT-0003] Macros: 0
[INFO GRT-0004] Blockages: 728340
[INFO GRT-0019] Found 3682 clock nets.
[INFO GRT-0001] Minimum degree: 2
[INFO GRT-0002] Maximum degree: 74

[INFO GRT-0053] Routing resources analysis:
          Routing      Original      Derated      Resource
Layer     Direction    Resources     Resources    Reduction (%)
---------------------------------------------------------------
li1        Vertical            0             0          0.00%
met1       Horizontal     836070        640551          23.39%
met2       Vertical       975464        749140          23.20%
met3       Horizontal     715531        559117          21.86%
met4       Vertical       482272        348498          27.74%
met5       Horizontal     106926         76728          28.24%
---------------------------------------------------------------

[INFO GRT-0101] Running extra iterations to remove congestion.
[INFO GRT-0102] Start extra iteration 1/30
[INFO GRT-0102] Start extra iteration 2/30
[INFO GRT-0102] Start extra iteration 3/30
[INFO GRT-0102] Start extra iteration 4/30
[INFO GRT-0197] Via related to pin nodes: 802126
[INFO GRT-0198] Via related Steiner nodes: 31396
[INFO GRT-0199] Via filling finished.
[INFO GRT-0111] Final number of vias: 1063178
[INFO GRT-0112] Final usage 3D: 4139899

[INFO GRT-0096] Final congestion report:
Layer         Resource        Demand        Usage (%)    Max H / Max V / Total Congestion
---------------------------------------------------------------------------------------
li1                  0             0            0.00%             0 /  0 /  0
met1            640551        334190           52.17%             0 /  0 /  0
met2            749140        407540           54.40%             0 /  0 /  0
met3            559117        144113           25.78%             0 /  0 /  0
met4            348498         60944           17.49%             0 /  0 /  0
met5             76728          3578            4.66%             0 /  0 /  0
---------------------------------------------------------------------------------------
Total          2374034        950365           40.03%             0 /  0 /  0

[INFO GRT-0018] Total wirelength: 9173163 um
[INFO GRT-0014] Routed nets: 120904
[INFO GRT-0303] Global routing runtime = 00:00:21
Took 21 seconds: global_route -congestion_report_file /Users/shubhanshu/Desktop/Nebula/digital/artifacts/model_ppa_20260912/pnr_gemini_flash/reports/sky130hd/nebula_bench/gemini_flash/congestion.rpt -congestion_iterations 30 -congestion_report_iter_step 5 -verbose
estimate_parasitics -global_routing
Perform buffer insertion and gate resizing...
repair_design -verbose
Iteration |   Area    | Resized | Buffers | Nets repaired | Remaining
---------------------------------------------------------------------
        0 |     +0.0% |       0 |       0 |             0 |    124803
[WARNING RSZ-0104] Net dot_0/fp4_dot_0/add6/_0712_ only has one pin. Check if it is intended to be dangling.
[WARNING RSZ-0104] Net dot_0/fp4_dot_0/add6/_0717_ only has one pin. Check if it is intended to be dangling.
[WARNING RSZ-0104] Net dot_0/fp4_dot_0/add6/_0716_ only has one pin. Check if it is intended to be dangling.
[WARNING RSZ-0104] Net dot_0/fp4_dot_0/add6/_0719_ only has one pin. Check if it is intended to be dangling.
[WARNING RSZ-0104] Net dot_0/fp4_dot_0/add6/_0715_ only has one pin. Check if it is intended to be dangling.
[WARNING RSZ-0104] Net dot_0/fp4_dot_0/add6/_0718_ only has one pin. Check if it is intended to be dangling.
[WARNING RSZ-0104] Net dot_0/fp4_dot_0/add6/_0720_ only has one pin. Check if it is intended to be dangling.
[WARNING RSZ-0104] Net dot_0/fp4_dot_0/add6/_0714_ only has one pin. Check if it is intended to be dangling.
[WARNING RSZ-0104] Net dot_0/fp4_dot_0/add6/_0713_ only has one pin. Check if it is intended to be dangling.
[WARNING RSZ-0104] Net dot_0/fp4_dot_0/add6/_0722_ only has one pin. Check if it is intended to be dangling.
[WARNING RSZ-0104] Net dot_0/fp4_dot_0/add6/_0721_ only has one pin. Check if it is intended to be dangling.
[WARNING RSZ-0104] Net dot_0/fp4_dot_0/add6/_0723_ only has one pin. Check if it is intended to be dangling.
     1000 |     +0.0% |       0 |       0 |             0 |    123803
[WARNING RSZ-0104] Net dot_0/fp4_dot_0/add5/_0712_ only has one pin. Check if it is intended to be dangling.
[WARNING RSZ-0104] Net dot_0/fp4_dot_0/add4/_0712_ only has one pin. Check if it is intended to be dangling.
[WARNING RSZ-0104] Net dot_0/fp4_dot_0/add4/_0716_ only has one pin. Check if it is intended to be dangling.
[WARNING RSZ-0104] Net dot_0/fp4_dot_0/add5/_0716_ only has one pin. Check if it is intended to be dangling.
[WARNING RSZ-0104] Net dot_0/fp4_dot_0/add4/_0719_ only has one pin. Check if it is intended to be dangling.
[WARNING RSZ-0104] Net dot_0/fp4_dot_0/add4/_0717_ only has one pin. Check if it is intended to be dangling.
[WARNING RSZ-0104] Net dot_0/fp4_dot_0/add5/_0719_ only has one pin. Check if it is intended to be dangling.
[WARNING RSZ-0104] Net dot_0/fp4_dot_0/add5/_0717_ only has one pin. Check if it is intended to be dangling.
     2000 |     +0.0% |       0 |       0 |             0 |    122803
[WARNING RSZ-0104] Net dot_0/fp4_dot_0/add4/_0715_ only has one pin. Check if it is intended to be dangling.
[WARNING RSZ-0104] Net dot_0/fp4_dot_0/add4/_0718_ only has one pin. Check if it is intended to be dangling.
[WARNING RSZ-0104] Net dot_0/fp4_dot_0/add5/_0718_ only has one pin. Check if it is intended to be dangling.
[WARNING RSZ-0104] Net dot_0/fp4_dot_0/add5/_0715_ only has one pin. Check if it is intended to be dangling.
[WARNING RSZ-0104] Net dot_0/fp4_dot_0/add5/_0713_ only has one pin. Check if it is intended to be dangling.
[WARNING RSZ-0104] Net dot_0/fp4_dot_0/add4/_0714_ only has one pin. Check if it is intended to be dangling.
[WARNING RSZ-0104] Net dot_0/fp4_dot_0/add4/_0713_ only has one pin. Check if it is intended to be dangling.
[WARNING RSZ-0104] Net dot_0/fp4_dot_0/add5/_0714_ only has one pin. Check if it is intended to be dangling.
[WARNING RSZ-0104] Net dot_0/fp4_dot_0/add4/_0723_ only has one pin. Check if it is intended to be dangling.
[WARNING RSZ-0104] Net dot_0/fp4_dot_0/add5/_0723_ only has one pin. Check if it is intended to be dangling.
[WARNING RSZ-0104] Net dot_0/fp4_dot_0/add5/_0720_ only has one pin. Check if it is intended to be dangling.
[WARNING RSZ-0104] Net dot_0/fp4_dot_0/add4/_0722_ only has one pin. Check if it is intended to be dangling.
[WARNING RSZ-0104] Net dot_0/fp4_dot_0/add4/_0721_ only has one pin. Check if it is intended to be dangling.
[WARNING RSZ-0104] Net dot_0/fp4_dot_0/add5/_0722_ only has one pin. Check if it is intended to be dangling.
[WARNING RSZ-0104] Net dot_0/fp4_dot_0/add5/_0721_ only has one pin. Check if it is intended to be dangling.
     3000 |     +0.0% |       0 |       0 |             0 |    121803
[WARNING RSZ-0104] Net dot_0/fp4_dot_0/add4/_0720_ only has one pin. Check if it is intended to be dangling.
[WARNING RSZ-0104] Net dot_0/fp4_dot_0/add3/_0712_ only has one pin. Check if it is intended to be dangling.
[WARNING RSZ-0104] Net dot_0/fp4_dot_0/add1/_0712_ only has one pin. Check if it is intended to be dangling.
[WARNING RSZ-0104] Net dot_0/fp4_dot_0/add2/_0712_ only has one pin. Check if it is intended to be dangling.
[WARNING RSZ-0104] Net dot_0/fp4_dot_0/add0/_0712_ only has one pin. Check if it is intended to be dangling.
     4000 |     +0.0% |       0 |       0 |             0 |    120803
[WARNING RSZ-0104] Net dot_0/fp4_dot_0/add3/_0716_ only has one pin. Check if it is intended to be dangling.
[WARNING RSZ-0104] Net dot_0/fp4_dot_0/add1/_0716_ only has one pin. Check if it is intended to be dangling.
[WARNING RSZ-0104] Net dot_0/fp4_dot_0/add3/_0719_ only has one pin. Check if it is intended to be dangling.
[WARNING RSZ-0104] Net dot_0/fp4_dot_0/add2/_0716_ only has one pin. Check if it is intended to be dangling.
[WARNING RSZ-0104] Net dot_0/fp4_dot_0/add3/_0717_ only has one pin. Check if it is intended to be dangling.
[WARNING RSZ-0104] Net dot_0/fp4_dot_0/add2/_0719_ only has one pin. Check if it is intended to be dangling.
[WARNING RSZ-0104] Net dot_0/fp4_dot_0/add1/_0717_ only has one pin. Check if it is intended to be dangling.
[WARNING RSZ-0104] Net dot_0/fp4_dot_0/add2/_0717_ only has one pin. Check if it is intended to be dangling.
[WARNING RSZ-0104] Net dot_0/fp4_dot_0/add1/_0719_ only has one pin. Check if it is intended to be dangling.
[WARNING RSZ-0104] Net dot_0/fp4_dot_0/add0/_0716_ only has one pin. Check if it is intended to be dangling.
[WARNING RSZ-0104] Net dot_0/fp4_dot_0/add0/_0719_ only has one pin. Check if it is intended to be dangling.
[WARNING RSZ-0104] Net dot_0/fp4_dot_0/add0/_0717_ only has one pin. Check if it is intended to be dangling.
     5000 |     +0.0% |       0 |       0 |             0 |    119803
[WARNING RSZ-0104] Net dot_0/fp4_dot_0/add1/_0715_ only has one pin. Check if it is intended to be dangling.
[WARNING RSZ-0104] Net dot_0/fp4_dot_0/add2/_0715_ only has one pin. Check if it is intended to be dangling.
[WARNING RSZ-0104] Net dot_0/fp4_dot_0/add1/_0718_ only has one pin. Check if it is intended to be dangling.
[WARNING RSZ-0104] Net dot_0/fp4_dot_0/add3/_0718_ only has one pin. Check if it is intended to be dangling.
     6000 |     +0.0% |       0 |       0 |             0 |    118803
[WARNING RSZ-0104] Net dot_0/fp4_dot_0/add3/_0715_ only has one pin. Check if it is intended to be dangling.
[WARNING RSZ-0104] Net dot_0/fp4_dot_0/add2/_0718_ only has one pin. Check if it is intended to be dangling.
[WARNING RSZ-0104] Net dot_0/fp4_dot_0/add0/_0718_ only has one pin. Check if it is intended to be dangling.
[WARNING RSZ-0104] Net dot_0/fp4_dot_0/add0/_0715_ only has one pin. Check if it is intended to be dangling.
[WARNING RSZ-0104] Net dot_0/fp4_dot_0/add1/_0721_ only has one pin. Check if it is intended to be dangling.
[WARNING RSZ-0104] Net dot_0/fp4_dot_0/add1/_0713_ only has one pin. Check if it is intended to be dangling.
[WARNING RSZ-0104] Net dot_0/fp4_dot_0/add2/_0713_ only has one pin. Check if it is intended to be dangling.
[WARNING RSZ-0104] Net dot_0/fp4_dot_0/add1/_0723_ only has one pin. Check if it is intended to be dangling.
[WARNING RSZ-0104] Net dot_0/fp4_dot_0/add1/_0720_ only has one pin. Check if it is intended to be dangling.
[WARNING RSZ-0104] Net dot_0/fp4_dot_0/add1/_0714_ only has one pin. Check if it is intended to be dangling.
[WARNING RSZ-0104] Net dot_0/fp4_dot_0/add3/_0714_ only has one pin. Check if it is intended to be dangling.
[WARNING RSZ-0104] Net dot_0/fp4_dot_0/add3/_0713_ only has one pin. Check if it is intended to be dangling.
[WARNING RSZ-0104] Net dot_0/fp4_dot_0/add2/_0720_ only has one pin. Check if it is intended to be dangling.
[WARNING RSZ-0104] Net dot_0/fp4_dot_0/add2/_0714_ only has one pin. Check if it is intended to be dangling.
[WARNING RSZ-0104] Net dot_0/fp4_dot_0/add1/_0722_ only has one pin. Check if it is intended to be dangling.
[WARNING RSZ-0104] Net dot_0/fp4_dot_0/add0/_0713_ only has one pin. Check if it is intended to be dangling.
[WARNING RSZ-0104] Net dot_0/fp4_dot_0/add2/_0721_ only has one pin. Check if it is intended to be dangling.
[WARNING RSZ-0104] Net dot_0/fp4_dot_0/add0/_0714_ only has one pin. Check if it is intended to be dangling.
[WARNING RSZ-0104] Net dot_0/fp4_dot_0/add3/_0721_ only has one pin. Check if it is intended to be dangling.
[WARNING RSZ-0104] Net dot_0/fp4_dot_0/add3/_0720_ only has one pin. Check if it is intended to be dangling.
[WARNING RSZ-0104] Net dot_0/fp4_dot_0/add2/_0723_ only has one pin. Check if it is intended to be dangling.
[WARNING RSZ-0104] Net dot_0/fp4_dot_0/add2/_0722_ only has one pin. Check if it is intended to be dangling.
[WARNING RSZ-0104] Net dot_0/fp4_dot_0/add0/_0723_ only has one pin. Check if it is intended to be dangling.
[WARNING RSZ-0104] Net dot_0/fp4_dot_0/add0/_0721_ only has one pin. Check if it is intended to be dangling.
[WARNING RSZ-0104] Net dot_0/fp4_dot_0/add0/_0720_ only has one pin. Check if it is intended to be dangling.
[WARNING RSZ-0104] Net dot_0/fp4_dot_0/add3/_0723_ only has one pin. Check if it is intended to be dangling.
     7000 |     +0.0% |       0 |       0 |             0 |    117803
[WARNING RSZ-0104] Net dot_0/fp4_dot_0/add3/_0722_ only has one pin. Check if it is intended to be dangling.
[WARNING RSZ-0104] Net dot_0/fp4_dot_0/add0/_0722_ only has one pin. Check if it is intended to be dangling.
     8000 |     +0.0% |       0 |       0 |             0 |    116803
[WARNING RSZ-0104] Net dot_0/fp4_dot_0/fp4_3/_37_ only has one pin. Check if it is intended to be dangling.
[WARNING RSZ-0104] Net dot_0/fp4_dot_0/fp4_3/_36_ only has one pin. Check if it is intended to be dangling.
     9000 |     +0.0% |       0 |       0 |             0 |    115803
[WARNING RSZ-0104] Net dot_0/fp4_dot_0/fp4_5/_37_ only has one pin. Check if it is intended to be dangling.
[WARNING RSZ-0104] Net dot_0/fp4_dot_0/fp4_5/_36_ only has one pin. Check if it is intended to be dangling.
[WARNING RSZ-0104] Net dot_0/fp4_dot_0/fp4_4/_37_ only has one pin. Check if it is intended to be dangling.
[WARNING RSZ-0104] Net dot_0/fp4_dot_0/fp4_4/_36_ only has one pin. Check if it is intended to be dangling.
[WARNING RSZ-0104] Net dot_0/fp4_dot_0/fp4_2/_37_ only has one pin. Check if it is intended to be dangling.
    10000 |     +0.0% |       0 |       0 |             0 |    114803
[WARNING RSZ-0104] Net dot_0/fp4_dot_0/fp4_7/_37_ only has one pin. Check if it is intended to be dangling.
[WARNING RSZ-0104] Net dot_0/fp4_dot_0/fp4_7/_36_ only has one pin. Check if it is intended to be dangling.
[WARNING RSZ-0104] Net dot_0/fp4_dot_0/fp4_7/_35_ only has one pin. Check if it is intended to be dangling.
[WARNING RSZ-0104] Net dot_0/fp4_dot_0/fp4_7/_34_ only has one pin. Check if it is intended to be dangling.
    11000 |     +0.0% |       0 |       0 |             0 |    113803
[WARNING RSZ-0104] Net dot_0/fp4_dot_0/fp4_6/_37_ only has one pin. Check if it is intended to be dangling.
[WARNING RSZ-0104] Net dot_0/fp4_dot_0/fp4_6/_36_ only has one pin. Check if it is intended to be dangling.
[WARNING RSZ-0104] Net dot_0/fp4_dot_0/fp4_5/_35_ only has one pin. Check if it is intended to be dangling.
[WARNING RSZ-0104] Net dot_0/fp4_dot_0/fp4_5/_34_ only has one pin. Check if it is intended to be dangling.
[WARNING RSZ-0104] Net dot_0/fp4_dot_0/fp4_3/_35_ only has one pin. Check if it is intended to be dangling.
[WARNING RSZ-0104] Net dot_0/fp4_dot_0/fp4_3/_34_ only has one pin. Check if it is intended to be dangling.
[WARNING RSZ-0104] Net dot_0/fp4_dot_0/fp4_2/_36_ only has one pin. Check if it is intended to be dangling.
[WARNING RSZ-0104] Net dot_0/fp4_dot_0/fp4_2/_35_ only has one pin. Check if it is intended to be dangling.
[WARNING RSZ-0104] Net dot_0/fp4_dot_0/fp4_2/_34_ only has one pin. Check if it is intended to be dangling.
[WARNING RSZ-0104] Net dot_0/fp4_dot_0/fp4_1/_37_ only has one pin. Check if it is intended to be dangling.
[WARNING RSZ-0104] Net dot_0/fp4_dot_0/fp4_1/_36_ only has one pin. Check if it is intended to be dangling.
[WARNING RSZ-0104] Net dot_0/fp4_dot_0/fp4_0/_37_ only has one pin. Check if it is intended to be dangling.
[WARNING RSZ-0104] Net dot_0/fp4_dot_0/fp4_0/_36_ only has one pin. Check if it is intended to be dangling.
    12000 |     +0.0% |       0 |       1 |             1 |    112803
[WARNING RSZ-0104] Net dot_0/fp4_dot_0/fp4_6/_35_ only has one pin. Check if it is intended to be dangling.
[WARNING RSZ-0104] Net dot_0/fp4_dot_0/fp4_6/_34_ only has one pin. Check if it is intended to be dangling.
[WARNING RSZ-0104] Net dot_0/fp4_dot_0/fp4_4/_35_ only has one pin. Check if it is intended to be dangling.
[WARNING RSZ-0104] Net dot_0/fp4_dot_0/fp4_4/_34_ only has one pin. Check if it is intended to be dangling.
[WARNING RSZ-0104] Net dot_0/fp4_dot_0/fp4_1/_35_ only has one pin. Check if it is intended to be dangling.
[WARNING RSZ-0104] Net dot_0/fp4_dot_0/fp4_1/_34_ only has one pin. Check if it is intended to be dangling.
    13000 |     +0.0% |       0 |       1 |             1 |    111803
    14000 |     +0.0% |       0 |       1 |             1 |    110803
[WARNING RSZ-0104] Net dot_0/fp4_dot_0/fp4_0/_35_ only has one pin. Check if it is intended to be dangling.
[WARNING RSZ-0104] Net dot_0/fp4_dot_0/fp4_0/_34_ only has one pin. Check if it is intended to be dangling.
    15000 |     +0.0% |       0 |       1 |             1 |    109803
    16000 |     +0.0% |       0 |       1 |             1 |    108803
    17000 |     +0.0% |       0 |       2 |             2 |    107803
    18000 |     +0.0% |       0 |       2 |             2 |    106803
    19000 |     +0.0% |       0 |       2 |             2 |    105803
    20000 |     +0.0% |       0 |       2 |             2 |    104803
    21000 |     +0.0% |       0 |       2 |             2 |    103803
    22000 |     +0.0% |       0 |       2 |             2 |    102803
    23000 |     +0.0% |       3 |       2 |             5 |    101803
    24000 |     +0.0% |       3 |       2 |             5 |    100803
    25000 |     +0.0% |       4 |       2 |             6 |     99803
    26000 |     +0.0% |       4 |       3 |             7 |     98803
    27000 |     +0.0% |       4 |       3 |             7 |     97803
    28000 |     +0.0% |       4 |       4 |             8 |     96803
    29000 |     +0.0% |       4 |       4 |             8 |     95803
    30000 |     +0.0% |       4 |       4 |             8 |     94803
    31000 |     +0.0% |       5 |       4 |             8 |     93803
    32000 |     +0.0% |       5 |       4 |             8 |     92803
    33000 |     +0.0% |       5 |       4 |             8 |     91803
    34000 |     +0.0% |       5 |       4 |             8 |     90803
    35000 |     +0.0% |       5 |       4 |             8 |     89803
    36000 |     +0.0% |       5 |       4 |             8 |     88803
    37000 |     +0.0% |       5 |       4 |             8 |     87803
    38000 |     +0.0% |       5 |       4 |             8 |     86803
    39000 |     +0.0% |       5 |       4 |             8 |     85803
    40000 |     +0.0% |       5 |       4 |             8 |     84803
    41000 |     +0.0% |       5 |       4 |             8 |     83803
    42000 |     +0.0% |       5 |       4 |             8 |     82803
    43000 |     +0.0% |       5 |       4 |             8 |     81803
[WARNING RSZ-0104] Net d_cache_0/_04409_ only has one pin. Check if it is intended to be dangling.
[WARNING RSZ-0104] Net d_cache_0/_04407_ only has one pin. Check if it is intended to be dangling.
    44000 |     +0.0% |       5 |       4 |             8 |     80803
    45000 |     +0.0% |       5 |       4 |             8 |     79803
    46000 |     +0.0% |       5 |       4 |             8 |     78803
[WARNING RSZ-0104] Net dot_0/fifo_timer_r/_360_ only has one pin. Check if it is intended to be dangling.
[WARNING RSZ-0104] Net dot_0/fifo_timer_r/_358_ only has one pin. Check if it is intended to be dangling.
[WARNING RSZ-0104] Net dot_0/fifo_timer_r/_357_ only has one pin. Check if it is intended to be dangling.
    47000 |     +0.0% |       5 |       4 |             8 |     77803
[WARNING RSZ-0104] Net d_cache_0/_04408_ only has one pin. Check if it is intended to be dangling.
[WARNING RSZ-0104] Net d_cache_0/_04406_ only has one pin. Check if it is intended to be dangling.
[WARNING RSZ-0104] Net uart_0/uart_0/_0681_ only has one pin. Check if it is intended to be dangling.
[WARNING RSZ-0104] Net uart_0/uart_0/_0679_ only has one pin. Check if it is intended to be dangling.
[WARNING RSZ-0104] Net uart_0/fifo_uart_r/_361_ only has one pin. Check if it is intended to be dangling.
[WARNING RSZ-0104] Net uart_0/fifo_uart_r/_360_ only has one pin. Check if it is intended to be dangling.
[WARNING RSZ-0104] Net uart_0/fifo_uart_r/_358_ only has one pin. Check if it is intended to be dangling.
[WARNING RSZ-0104] Net uart_0/fifo_uart_r/_357_ only has one pin. Check if it is intended to be dangling.
[WARNING RSZ-0104] Net timer_0/fifo_timer_r/_361_ only has one pin. Check if it is intended to be dangling.
[WARNING RSZ-0104] Net timer_0/fifo_timer_r/_360_ only has one pin. Check if it is intended to be dangling.
[WARNING RSZ-0104] Net timer_0/fifo_timer_r/_358_ only has one pin. Check if it is intended to be dangling.
[WARNING RSZ-0104] Net timer_0/fifo_timer_r/_357_ only has one pin. Check if it is intended to be dangling.
    48000 |     +0.0% |       5 |       4 |             8 |     76803
    49000 |     +0.0% |       5 |       4 |             8 |     75803
    50000 |     +0.0% |       5 |       4 |             8 |     74803
[WARNING RSZ-0104] Net gpio_0/gpio_0/_1983_ only has one pin. Check if it is intended to be dangling.
[WARNING RSZ-0104] Net gpio_0/gpio_0/_1982_ only has one pin. Check if it is intended to be dangling.
[WARNING RSZ-0104] Net gpio_0/gpio_0/_1981_ only has one pin. Check if it is intended to be dangling.
[WARNING RSZ-0104] Net gpio_0/gpio_0/_1980_ only has one pin. Check if it is intended to be dangling.
[WARNING RSZ-0104] Net gpio_0/gpio_0/_1979_ only has one pin. Check if it is intended to be dangling.
[WARNING RSZ-0104] Net gpio_0/gpio_0/_1978_ only has one pin. Check if it is intended to be dangling.
[WARNING RSZ-0104] Net gpio_0/gpio_0/_1977_ only has one pin. Check if it is intended to be dangling.
[WARNING RSZ-0104] Net gpio_0/gpio_0/_1976_ only has one pin. Check if it is intended to be dangling.
[WARNING RSZ-0104] Net gpio_0/gpio_0/_1975_ only has one pin. Check if it is intended to be dangling.
[WARNING RSZ-0104] Net gpio_0/gpio_0/_1974_ only has one pin. Check if it is intended to be dangling.
[WARNING RSZ-0104] Net gpio_0/gpio_0/_1973_ only has one pin. Check if it is intended to be dangling.
[WARNING RSZ-0104] Net gpio_0/gpio_0/_1972_ only has one pin. Check if it is intended to be dangling.
[WARNING RSZ-0104] Net gpio_0/gpio_0/_1971_ only has one pin. Check if it is intended to be dangling.
[WARNING RSZ-0104] Net gpio_0/gpio_0/_1970_ only has one pin. Check if it is intended to be dangling.
[WARNING RSZ-0104] Net gpio_0/gpio_0/_1969_ only has one pin. Check if it is intended to be dangling.
[WARNING RSZ-0104] Net gpio_0/gpio_0/_1968_ only has one pin. Check if it is intended to be dangling.
[WARNING RSZ-0104] Net gpio_0/gpio_0/_1967_ only has one pin. Check if it is intended to be dangling.
[WARNING RSZ-0104] Net gpio_0/gpio_0/_1966_ only has one pin. Check if it is intended to be dangling.
[WARNING RSZ-0104] Net gpio_0/gpio_0/_1965_ only has one pin. Check if it is intended to be dangling.
[WARNING RSZ-0104] Net gpio_0/gpio_0/_1964_ only has one pin. Check if it is intended to be dangling.
[WARNING RSZ-0104] Net gpio_0/gpio_0/_1963_ only has one pin. Check if it is intended to be dangling.
[WARNING RSZ-0104] Net gpio_0/gpio_0/_1962_ only has one pin. Check if it is intended to be dangling.
[WARNING RSZ-0104] Net gpio_0/gpio_0/_1961_ only has one pin. Check if it is intended to be dangling.
[WARNING RSZ-0104] Net gpio_0/gpio_0/_1960_ only has one pin. Check if it is intended to be dangling.
[WARNING RSZ-0104] Net gpio_0/gpio_0/_1959_ only has one pin. Check if it is intended to be dangling.
[WARNING RSZ-0104] Net gpio_0/gpio_0/_1958_ only has one pin. Check if it is intended to be dangling.
[WARNING RSZ-0104] Net gpio_0/gpio_0/_1957_ only has one pin. Check if it is intended to be dangling.
[WARNING RSZ-0104] Net gpio_0/gpio_0/_1956_ only has one pin. Check if it is intended to be dangling.
[WARNING RSZ-0104] Net gpio_0/gpio_0/_1955_ only has one pin. Check if it is intended to be dangling.
[WARNING RSZ-0104] Net gpio_0/gpio_0/_1954_ only has one pin. Check if it is intended to be dangling.
[WARNING RSZ-0104] Net gpio_0/gpio_0/_1953_ only has one pin. Check if it is intended to be dangling.
[WARNING RSZ-0104] Net gpio_0/gpio_0/_1952_ only has one pin. Check if it is intended to be dangling.
[WARNING RSZ-0104] Net gpio_0/gpio_0/_1951_ only has one pin. Check if it is intended to be dangling.
[WARNING RSZ-0104] Net gpio_0/gpio_0/_1949_ only has one pin. Check if it is intended to be dangling.
[WARNING RSZ-0104] Net gpio_0/gpio_0/_1948_ only has one pin. Check if it is intended to be dangling.
[WARNING RSZ-0104] Net gpio_0/gpio_0/_1947_ only has one pin. Check if it is intended to be dangling.
[WARNING RSZ-0104] Net gpio_0/fifo_timer_r/_361_ only has one pin. Check if it is intended to be dangling.
[WARNING RSZ-0104] Net gpio_0/fifo_timer_r/_360_ only has one pin. Check if it is intended to be dangling.
[WARNING RSZ-0104] Net gpio_0/fifo_timer_r/_358_ only has one pin. Check if it is intended to be dangling.
[WARNING RSZ-0104] Net gpio_0/fifo_timer_r/_357_ only has one pin. Check if it is intended to be dangling.
[WARNING RSZ-0104] Net dot_0/fifo_timer_r/_362_ only has one pin. Check if it is intended to be dangling.
[WARNING RSZ-0104] Net dot_0/fifo_timer_r/_361_ only has one pin. Check if it is intended to be dangling.
[WARNING RSZ-0104] Net dot_0/fifo_timer_r/_359_ only has one pin. Check if it is intended to be dangling.
    51000 |     +0.0% |       5 |       4 |             8 |     73803
    52000 |     +0.0% |       5 |       4 |             8 |     72803
[WARNING RSZ-0104] Net uart_0/uart_0/_0680_ only has one pin. Check if it is intended to be dangling.
[WARNING RSZ-0104] Net uart_0/fifo_uart_r/_362_ only has one pin. Check if it is intended to be dangling.
[WARNING RSZ-0104] Net uart_0/fifo_uart_r/_359_ only has one pin. Check if it is intended to be dangling.
[WARNING RSZ-0104] Net timer_0/fifo_timer_r/_362_ only has one pin. Check if it is intended to be dangling.
[WARNING RSZ-0104] Net timer_0/fifo_timer_r/_359_ only has one pin. Check if it is intended to be dangling.
    53000 |     +0.0% |       5 |       4 |             8 |     71803
    54000 |     +0.0% |       5 |       4 |             8 |     70803
[WARNING RSZ-0104] Net gpio_0/gpio_0/_1950_ only has one pin. Check if it is intended to be dangling.
[WARNING RSZ-0104] Net gpio_0/fifo_timer_r/_362_ only has one pin. Check if it is intended to be dangling.
[WARNING RSZ-0104] Net gpio_0/fifo_timer_r/_359_ only has one pin. Check if it is intended to be dangling.
    55000 |     +0.0% |       5 |       4 |             8 |     69803
    56000 |     +0.0% |       5 |       4 |             8 |     68803
    57000 |     +0.0% |       5 |       4 |             8 |     67803
    58000 |     +0.0% |       5 |       4 |             8 |     66803
    59000 |     +0.0% |       5 |       4 |             8 |     65803
    60000 |     +0.0% |       5 |       4 |             8 |     64803
    61000 |     +0.0% |       5 |       4 |             8 |     63803
    62000 |     +0.0% |       5 |       4 |             8 |     62803
    63000 |     +0.0% |       5 |       4 |             8 |     61803
    64000 |     +0.0% |       5 |       4 |             8 |     60803
    65000 |     +0.0% |       5 |       4 |             8 |     59803
    66000 |     +0.0% |       5 |       4 |             8 |     58803
[WARNING RSZ-0104] Net d_cache_0/_04413_ only has one pin. Check if it is intended to be dangling.
[WARNING RSZ-0104] Net d_cache_0/_04412_ only has one pin. Check if it is intended to be dangling.
[WARNING RSZ-0104] Net d_cache_0/_04411_ only has one pin. Check if it is intended to be dangling.
[WARNING RSZ-0104] Net d_cache_0/_04410_ only has one pin. Check if it is intended to be dangling.
[WARNING RSZ-0104] Net d_cache_0/_04405_ only has one pin. Check if it is intended to be dangling.
[WARNING RSZ-0104] Net d_cache_0/_04404_ only has one pin. Check if it is intended to be dangling.
    67000 |     +0.0% |       5 |       4 |             8 |     57803
    68000 |     +0.0% |       5 |       4 |             8 |     56803
[WARNING RSZ-0104] Net processor_0/if_stage/i_cache_0/_2379_ only has one pin. Check if it is intended to be dangling.
[WARNING RSZ-0104] Net processor_0/if_stage/i_cache_0/_2377_ only has one pin. Check if it is intended to be dangling.
[WARNING RSZ-0104] Net processor_0/if_stage/i_cache_0/_2375_ only has one pin. Check if it is intended to be dangling.
    69000 |     +0.0% |       5 |       4 |             8 |     55803
[WARNING RSZ-0104] Net processor_0/ex_stage/alu_ex/_1519_ only has one pin. Check if it is intended to be dangling.
    70000 |     +0.0% |       5 |       4 |             8 |     54803
    71000 |     +0.0% |       5 |       4 |             8 |     53803
[WARNING RSZ-0104] Net processor_0/if_stage/i_cache_0/_2380_ only has one pin. Check if it is intended to be dangling.
[WARNING RSZ-0104] Net processor_0/if_stage/i_cache_0/_2378_ only has one pin. Check if it is intended to be dangling.
[WARNING RSZ-0104] Net processor_0/if_stage/i_cache_0/_2376_ only has one pin. Check if it is intended to be dangling.
    72000 |     +0.0% |       5 |       4 |             8 |     52803
[WARNING RSZ-0104] Net processor_0/ex_stage/alu_ex/_1529_ only has one pin. Check if it is intended to be dangling.
[WARNING RSZ-0104] Net processor_0/ex_stage/alu_ex/_1527_ only has one pin. Check if it is intended to be dangling.
[WARNING RSZ-0104] Net processor_0/ex_stage/alu_ex/_1520_ only has one pin. Check if it is intended to be dangling.
[WARNING RSZ-0104] Net processor_0/ex_stage/alu_ex/_1483_ only has one pin. Check if it is intended to be dangling.
    73000 |     +0.0% |       5 |       4 |             8 |     51803
    74000 |     +0.0% |       5 |       4 |             8 |     50803
    75000 |     +0.0% |       6 |       4 |             9 |     49803
[WARNING RSZ-0104] Net processor_0/id_stage/csr_regfile_id/_1169_ only has one pin. Check if it is intended to be dangling.
[WARNING RSZ-0104] Net processor_0/id_stage/csr_regfile_id/_1168_ only has one pin. Check if it is intended to be dangling.
[WARNING RSZ-0104] Net processor_0/ex_stage/alu_ex/_1536_ only has one pin. Check if it is intended to be dangling.
[WARNING RSZ-0104] Net processor_0/ex_stage/alu_ex/_1534_ only has one pin. Check if it is intended to be dangling.
[WARNING RSZ-0104] Net processor_0/ex_stage/alu_ex/_1532_ only has one pin. Check if it is intended to be dangling.
[WARNING RSZ-0104] Net processor_0/ex_stage/alu_ex/_1531_ only has one pin. Check if it is intended to be dangling.
[WARNING RSZ-0104] Net processor_0/ex_stage/alu_ex/_1530_ only has one pin. Check if it is intended to be dangling.
[WARNING RSZ-0104] Net processor_0/ex_stage/alu_ex/_1528_ only has one pin. Check if it is intended to be dangling.
[WARNING RSZ-0104] Net processor_0/ex_stage/alu_ex/_1525_ only has one pin. Check if it is intended to be dangling.
[WARNING RSZ-0104] Net processor_0/ex_stage/alu_ex/_1523_ only has one pin. Check if it is intended to be dangling.
[WARNING RSZ-0104] Net processor_0/ex_stage/alu_ex/_1521_ only has one pin. Check if it is intended to be dangling.
[WARNING RSZ-0104] Net processor_0/ex_stage/alu_ex/_1517_ only has one pin. Check if it is intended to be dangling.
[WARNING RSZ-0104] Net processor_0/ex_stage/alu_ex/_1516_ only has one pin. Check if it is intended to be dangling.
[WARNING RSZ-0104] Net processor_0/ex_stage/alu_ex/_1515_ only has one pin. Check if it is intended to be dangling.
[WARNING RSZ-0104] Net processor_0/ex_stage/alu_ex/_1507_ only has one pin. Check if it is intended to be dangling.
[WARNING RSZ-0104] Net processor_0/ex_stage/alu_ex/_1505_ only has one pin. Check if it is intended to be dangling.
[WARNING RSZ-0104] Net processor_0/ex_stage/alu_ex/_1496_ only has one pin. Check if it is intended to be dangling.
[WARNING RSZ-0104] Net processor_0/ex_stage/alu_ex/_1494_ only has one pin. Check if it is intended to be dangling.
[WARNING RSZ-0104] Net processor_0/ex_stage/alu_ex/_1493_ only has one pin. Check if it is intended to be dangling.
[WARNING RSZ-0104] Net processor_0/ex_stage/alu_ex/_1492_ only has one pin. Check if it is intended to be dangling.
[WARNING RSZ-0104] Net processor_0/ex_stage/alu_ex/_1486_ only has one pin. Check if it is intended to be dangling.
[WARNING RSZ-0104] Net processor_0/ex_stage/alu_ex/_1485_ only has one pin. Check if it is intended to be dangling.
[WARNING RSZ-0104] Net processor_0/ex_stage/alu_ex/_1484_ only has one pin. Check if it is intended to be dangling.
[WARNING RSZ-0104] Net processor_0/ex_stage/alu_ex/_1481_ only has one pin. Check if it is intended to be dangling.
    76000 |     +0.0% |       6 |       4 |             9 |     48803
    77000 |     +0.0% |       6 |       4 |             9 |     47803
    78000 |     +0.0% |       6 |       4 |             9 |     46803
    79000 |     +0.0% |      12 |       7 |            15 |     45803
    80000 |     +0.0% |      12 |       7 |            15 |     44803
[WARNING RSZ-0104] Net processor_0/id_stage/csr_regfile_id/_1170_ only has one pin. Check if it is intended to be dangling.
[WARNING RSZ-0104] Net processor_0/ex_stage/alu_ex/_1535_ only has one pin. Check if it is intended to be dangling.
[WARNING RSZ-0104] Net processor_0/ex_stage/alu_ex/_1533_ only has one pin. Check if it is intended to be dangling.
[WARNING RSZ-0104] Net processor_0/ex_stage/alu_ex/_1526_ only has one pin. Check if it is intended to be dangling.
[WARNING RSZ-0104] Net processor_0/ex_stage/alu_ex/_1524_ only has one pin. Check if it is intended to be dangling.
[WARNING RSZ-0104] Net processor_0/ex_stage/alu_ex/_1522_ only has one pin. Check if it is intended to be dangling.
[WARNING RSZ-0104] Net processor_0/ex_stage/alu_ex/_1518_ only has one pin. Check if it is intended to be dangling.
[WARNING RSZ-0104] Net processor_0/ex_stage/alu_ex/_1514_ only has one pin. Check if it is intended to be dangling.
[WARNING RSZ-0104] Net processor_0/ex_stage/alu_ex/_1513_ only has one pin. Check if it is intended to be dangling.
[WARNING RSZ-0104] Net processor_0/ex_stage/alu_ex/_1512_ only has one pin. Check if it is intended to be dangling.
[WARNING RSZ-0104] Net processor_0/ex_stage/alu_ex/_1511_ only has one pin. Check if it is intended to be dangling.
[WARNING RSZ-0104] Net processor_0/ex_stage/alu_ex/_1510_ only has one pin. Check if it is intended to be dangling.
[WARNING RSZ-0104] Net processor_0/ex_stage/alu_ex/_1509_ only has one pin. Check if it is intended to be dangling.
[WARNING RSZ-0104] Net processor_0/ex_stage/alu_ex/_1508_ only has one pin. Check if it is intended to be dangling.
[WARNING RSZ-0104] Net processor_0/ex_stage/alu_ex/_1506_ only has one pin. Check if it is intended to be dangling.
[WARNING RSZ-0104] Net processor_0/ex_stage/alu_ex/_1504_ only has one pin. Check if it is intended to be dangling.
[WARNING RSZ-0104] Net processor_0/ex_stage/alu_ex/_1503_ only has one pin. Check if it is intended to be dangling.
[WARNING RSZ-0104] Net processor_0/ex_stage/alu_ex/_1502_ only has one pin. Check if it is intended to be dangling.
[WARNING RSZ-0104] Net processor_0/ex_stage/alu_ex/_1501_ only has one pin. Check if it is intended to be dangling.
[WARNING RSZ-0104] Net processor_0/ex_stage/alu_ex/_1500_ only has one pin. Check if it is intended to be dangling.
[WARNING RSZ-0104] Net processor_0/ex_stage/alu_ex/_1499_ only has one pin. Check if it is intended to be dangling.
[WARNING RSZ-0104] Net processor_0/ex_stage/alu_ex/_1498_ only has one pin. Check if it is intended to be dangling.
[WARNING RSZ-0104] Net processor_0/ex_stage/alu_ex/_1497_ only has one pin. Check if it is intended to be dangling.
[WARNING RSZ-0104] Net processor_0/ex_stage/alu_ex/_1495_ only has one pin. Check if it is intended to be dangling.
[WARNING RSZ-0104] Net processor_0/ex_stage/alu_ex/_1490_ only has one pin. Check if it is intended to be dangling.
[WARNING RSZ-0104] Net processor_0/ex_stage/alu_ex/_1489_ only has one pin. Check if it is intended to be dangling.
[WARNING RSZ-0104] Net processor_0/ex_stage/alu_ex/_1488_ only has one pin. Check if it is intended to be dangling.
[WARNING RSZ-0104] Net processor_0/ex_stage/alu_ex/_1487_ only has one pin. Check if it is intended to be dangling.
[WARNING RSZ-0104] Net processor_0/ex_stage/alu_ex/_1482_ only has one pin. Check if it is intended to be dangling.
    81000 |     +0.0% |      12 |       7 |            15 |     43803
[WARNING RSZ-0104] Net d_cache_axi_0/_2077_ only has one pin. Check if it is intended to be dangling.
    82000 |     +0.0% |      12 |       7 |            15 |     42803
    83000 |     +0.0% |      12 |       7 |            15 |     41803
[WARNING RSZ-0104] Net processor_0/ex_stage/alu_ex/_1491_ only has one pin. Check if it is intended to be dangling.
    84000 |     +0.0% |      12 |       7 |            15 |     40803
    85000 |     +0.0% |      12 |       7 |            15 |     39803
[WARNING RSZ-0104] Net processor_0/ex_stage/data_clip_ex/_07_ only has one pin. Check if it is intended to be dangling.
[WARNING RSZ-0104] Net processor_0/branch_comp_id/_157_ only has one pin. Check if it is intended to be dangling.
    86000 |     +0.0% |      12 |       7 |            15 |     38803
[WARNING RSZ-0104] Net uart_0/fifo_uart_w/_429_ only has one pin. Check if it is intended to be dangling.
[WARNING RSZ-0104] Net uart_0/fifo_uart_w/_428_ only has one pin. Check if it is intended to be dangling.
[WARNING RSZ-0104] Net uart_0/fifo_uart_w/_426_ only has one pin. Check if it is intended to be dangling.
[WARNING RSZ-0104] Net uart_0/fifo_uart_w/_425_ only has one pin. Check if it is intended to be dangling.
[WARNING RSZ-0104] Net timer_0/fifo_timer_w/_429_ only has one pin. Check if it is intended to be dangling.
[WARNING RSZ-0104] Net timer_0/fifo_timer_w/_428_ only has one pin. Check if it is intended to be dangling.
[WARNING RSZ-0104] Net timer_0/fifo_timer_w/_426_ only has one pin. Check if it is intended to be dangling.
[WARNING RSZ-0104] Net timer_0/fifo_timer_w/_425_ only has one pin. Check if it is intended to be dangling.
[WARNING RSZ-0104] Net processor_0/if_stage/branch_pred_if/_4302_ only has one pin. Check if it is intended to be dangling.
[WARNING RSZ-0104] Net processor_0/if_stage/branch_pred_if/_4301_ only has one pin. Check if it is intended to be dangling.
    87000 |     +0.0% |      12 |       7 |            15 |     37803
[WARNING RSZ-0104] Net processor_0/ex_stage/data_clip_ex/_08_ only has one pin. Check if it is intended to be dangling.
[WARNING RSZ-0104] Net processor_0/branch_comp_id/_158_ only has one pin. Check if it is intended to be dangling.
    88000 |     +0.0% |      12 |       7 |            15 |     36803
[WARNING RSZ-0104] Net gpio_0/fifo_timer_w/_429_ only has one pin. Check if it is intended to be dangling.
[WARNING RSZ-0104] Net gpio_0/fifo_timer_w/_428_ only has one pin. Check if it is intended to be dangling.
[WARNING RSZ-0104] Net gpio_0/fifo_timer_w/_426_ only has one pin. Check if it is intended to be dangling.
[WARNING RSZ-0104] Net gpio_0/fifo_timer_w/_425_ only has one pin. Check if it is intended to be dangling.
[WARNING RSZ-0104] Net dot_0/fifo_timer_w2/_361_ only has one pin. Check if it is intended to be dangling.
[WARNING RSZ-0104] Net dot_0/fifo_timer_w2/_360_ only has one pin. Check if it is intended to be dangling.
[WARNING RSZ-0104] Net dot_0/fifo_timer_w2/_358_ only has one pin. Check if it is intended to be dangling.
[WARNING RSZ-0104] Net dot_0/fifo_timer_w2/_357_ only has one pin. Check if it is intended to be dangling.
[WARNING RSZ-0104] Net dot_0/fifo_timer_w1/_361_ only has one pin. Check if it is intended to be dangling.
[WARNING RSZ-0104] Net dot_0/fifo_timer_w1/_360_ only has one pin. Check if it is intended to be dangling.
[WARNING RSZ-0104] Net dot_0/fifo_timer_w1/_358_ only has one pin. Check if it is intended to be dangling.
[WARNING RSZ-0104] Net dot_0/fifo_timer_w1/_357_ only has one pin. Check if it is intended to be dangling.
[WARNING RSZ-0104] Net d_cache_axi_0/_2076_ only has one pin. Check if it is intended to be dangling.
[WARNING RSZ-0104] Net d_cache_axi_0/_2075_ only has one pin. Check if it is intended to be dangling.
[WARNING RSZ-0104] Net d_cache_axi_0/_2074_ only has one pin. Check if it is intended to be dangling.
[WARNING RSZ-0104] Net uart_0/fifo_uart_w/_430_ only has one pin. Check if it is intended to be dangling.
[WARNING RSZ-0104] Net uart_0/fifo_uart_w/_427_ only has one pin. Check if it is intended to be dangling.
[WARNING RSZ-0104] Net timer_0/fifo_timer_w/_430_ only has one pin. Check if it is intended to be dangling.
[WARNING RSZ-0104] Net timer_0/fifo_timer_w/_427_ only has one pin. Check if it is intended to be dangling.
[WARNING RSZ-0104] Net processor_0/if_stage/branch_pred_if/_4304_ only has one pin. Check if it is intended to be dangling.
[WARNING RSZ-0104] Net processor_0/if_stage/branch_pred_if/_4303_ only has one pin. Check if it is intended to be dangling.
    89000 |     +0.0% |      12 |       7 |            15 |     35803
[WARNING RSZ-0104] Net gpio_0/fifo_timer_w/_430_ only has one pin. Check if it is intended to be dangling.
[WARNING RSZ-0104] Net gpio_0/fifo_timer_w/_427_ only has one pin. Check if it is intended to be dangling.
[WARNING RSZ-0104] Net dot_0/fifo_timer_w2/_362_ only has one pin. Check if it is intended to be dangling.
[WARNING RSZ-0104] Net dot_0/fifo_timer_w2/_359_ only has one pin. Check if it is intended to be dangling.
[WARNING RSZ-0104] Net dot_0/fifo_timer_w1/_362_ only has one pin. Check if it is intended to be dangling.
[WARNING RSZ-0104] Net dot_0/fifo_timer_w1/_359_ only has one pin. Check if it is intended to be dangling.
    90000 |     +0.0% |      12 |       7 |            15 |     34803
    91000 |     +0.0% |      12 |       7 |            15 |     33803
    92000 |     +0.0% |      12 |       7 |            15 |     32803
    93000 |     +0.0% |      12 |       7 |            15 |     31803
    94000 |     +0.0% |      12 |       7 |            15 |     30803
    95000 |     +0.0% |      12 |       7 |            15 |     29803
    96000 |     +0.0% |      12 |       7 |            15 |     28803
    97000 |     +0.0% |      12 |       7 |            15 |     27803
    98000 |     +0.0% |      12 |       7 |            15 |     26803
    99000 |     +0.0% |      12 |       7 |            15 |     25803
   100000 |     +0.0% |      12 |       7 |            15 |     24803
   101000 |     +0.0% |      12 |       7 |            15 |     23803
   102000 |     +0.0% |      12 |       7 |            15 |     22803
   103000 |     +0.0% |      12 |       7 |            15 |     21803
   104000 |     +0.0% |      12 |       7 |            15 |     20803
   105000 |     +0.0% |      12 |       7 |            15 |     19803
   106000 |     +0.0% |      12 |       7 |            15 |     18803
   107000 |     +0.0% |      12 |       7 |            15 |     17803
   108000 |     +0.0% |      12 |       7 |            15 |     16803
   109000 |     +0.0% |      12 |       7 |            15 |     15803
   110000 |     +0.0% |      12 |       7 |            15 |     14803
   111000 |     +0.0% |      12 |       7 |            15 |     13803
   112000 |     +0.0% |      12 |       7 |            15 |     12803
   113000 |     +0.0% |      12 |       7 |            15 |     11803
   114000 |     +0.0% |      12 |       7 |            15 |     10803
   115000 |     +0.0% |      12 |       7 |            15 |      9803
   116000 |     +0.0% |      12 |       7 |            15 |      8803
   117000 |     +0.0% |      12 |       7 |            15 |      7803
   118000 |     +0.0% |      12 |       7 |            15 |      6803
   119000 |     +0.0% |      12 |       7 |            15 |      5803
   120000 |     +0.0% |      12 |       7 |            15 |      4803
   121000 |     +0.0% |      16 |       9 |            19 |      3803
   122000 |     +0.0% |      16 |       9 |            19 |      2803
   123000 |     +0.0% |      16 |       9 |            19 |      1803
   124000 |     +0.0% |      16 |       9 |            19 |       803
    final |     +0.0% |      16 |       9 |            19 |         0
---------------------------------------------------------------------
[INFO RSZ-0034] Found 16 slew violations.
[INFO RSZ-0036] Found 4 capacitance violations.
[INFO RSZ-0039] Resized 16 instances.
[INFO RSZ-0038] Inserted 9 buffers in 19 nets.
[INFO RSZ-0504] Runtime: 10.17s
Took 10 seconds: repair_design -verbose
global_route -start_incremental
detailed_placement
[INFO DPL-0006] Core area: 3527558.21 um^2
[INFO DPL-0007] Movable instances area: 1681396.34 um^2
[INFO DPL-0008] Fixed instances area within core: 58876.47 um^2
[INFO DPL-0009] Utilization: 49.3%
[INFO DPL-0005] Diamond search max displacement: +/- 500 sites horizontally, +/- 100 rows vertically.
[INFO DPL-1102] Legalizing using negotiation legalizer.
[INFO DPL-1103] Negotiation base search window: +/-20 sites horizontally, +/-5 rows vertically 
	Automatic search window extension enabled.
	Search window extendable up to the max displacement cap of +/-500 sites, +/-100 rows near walls.
[INFO DPL-1104] NegotiationLegalizer DRC penalty: 5.
[INFO DPL-0392] Negotiation cell height distribution (1 unique row-count(s)):
[INFO DPL-0393]   height 1 row(s): 169758 cells
          |      Total |  Illegal |  Illegal
Iteration | Violations |    Cells |    Sites
---------------------------------------------
        0 |          0 |         0 |         0
Negotiation phase 1 converged at iteration 0.
[INFO DPL-0500] Runtime: 0.81s
Placement Analysis
---------------------------------
total displacement         81.7 u
average displacement        0.0 u
max displacement           10.9 u
original HPWL         5208920.0 u
legalized HPWL        5208938.9 u
delta HPWL                    0 %

global_route -end_incremental -congestion_report_file /Users/shubhanshu/Desktop/Nebula/digital/artifacts/model_ppa_20260912/pnr_gemini_flash/reports/sky130hd/nebula_bench/gemini_flash/congestion_post_repair_design.rpt
Repair setup and hold violations...
estimate_parasitics -global_routing
repair_timing -setup_margin 0 -hold_margin 0 -repair_tns 0 -verbose
[INFO RSZ-0100] Repair move sequence: UnbufferMove SizeUpMove SwapPinsMove BufferMove CloneMove SplitLoadMove 
[INFO RSZ-0094] Found 5337 endpoints with setup violations.
[INFO RSZ-0099] Repairing 1 out of 5337 (0.00%) violating endpoints...
   Iter   | Removed | Resized | Inserted | Cloned |  Pin  |   Area   |    WNS   |   StTNS    |   EnTNS    |  Viol  |  Worst  
          | Buffers |  Gates  | Buffers  |  Gates | Swaps |          |          |            |            | Endpts | St/EnPt 
------------------------------------------------------------------------------------------------------------------------------
       0* |       0 |       0 |        0 |      0 |     0 |    +0.0% |  -26.690 |     -915.5 |   -10564.0 |   5337 | dot_0/fifo_timer_r/mem\[1\]\[6\]$_DFFE_PP_/D
      10* |       0 |       4 |        0 |      0 |     5 |    +0.0% |  -26.690 |     -915.0 |   -10563.9 |   5337 | dot_0/fifo_timer_r/mem\[1\]\[6\]$_DFFE_PP_/D
      20* |       0 |       7 |        0 |      0 |    12 |    +0.0% |  -26.769 |     -916.2 |   -10573.6 |   5337 | dot_0/fifo_timer_r/mem\[1\]\[6\]$_DFFE_PP_/D
      30* |       0 |       8 |        2 |      0 |    19 |    +0.0% |  -26.841 |     -918.5 |   -10579.7 |   5337 | dot_0/fifo_timer_r/mem\[1\]\[6\]$_DFFE_PP_/D
      40* |       0 |      11 |        3 |      0 |    25 |    +0.0% |  -26.737 |     -916.2 |   -10566.9 |   5337 | dot_0/fifo_timer_r/mem\[1\]\[6\]$_DFFE_PP_/D
      50* |       0 |      18 |        3 |      0 |    28 |    +0.0% |  -26.625 |     -912.8 |   -10552.6 |   5337 | dot_0/fifo_timer_r/mem\[1\]\[6\]$_DFFE_PP_/D
      60* |       0 |      22 |        4 |      0 |    33 |    +0.0% |  -26.565 |     -912.1 |   -10545.3 |   5337 | dot_0/fifo_timer_r/mem\[1\]\[6\]$_DFFE_PP_/D
      70* |       0 |      27 |        4 |      0 |    38 |    +0.0% |  -26.577 |     -912.7 |   -10547.0 |   5337 | dot_0/fifo_timer_r/mem\[1\]\[6\]$_DFFE_PP_/D
      80* |       0 |      31 |        5 |      0 |    43 |    +0.0% |  -26.659 |     -915.1 |   -10557.5 |   5337 | dot_0/fifo_timer_r/mem\[1\]\[6\]$_DFFE_PP_/D
      90* |       0 |      33 |        7 |      0 |    50 |    +0.0% |  -26.516 |     -911.2 |   -10539.3 |   5337 | dot_0/fifo_timer_r/mem\[1\]\[6\]$_DFFE_PP_/D
     100* |       0 |      37 |        7 |      0 |    56 |    +0.0% |  -26.509 |     -910.9 |   -10537.7 |   5337 | dot_0/fifo_timer_r/mem\[1\]\[6\]$_DFFE_PP_/D
     110* |       0 |      40 |        8 |      0 |    62 |    +0.0% |  -26.528 |     -911.5 |   -10539.9 |   5337 | dot_0/fifo_timer_r/mem\[1\]\[6\]$_DFFE_PP_/D
     120* |       0 |      43 |        8 |      0 |    69 |    +0.0% |  -26.548 |     -912.4 |   -10540.4 |   5337 | dot_0/fifo_timer_r/mem\[1\]\[6\]$_DFFE_PP_/D
     130* |       0 |      47 |        9 |      0 |    74 |    +0.0% |  -26.479 |     -910.4 |   -10537.0 |   5337 | dot_0/fifo_timer_r/mem\[1\]\[6\]$_DFFE_PP_/D
     140* |       0 |      52 |       10 |      0 |    78 |    +0.0% |  -26.392 |     -907.8 |   -10527.0 |   5337 | dot_0/fifo_timer_r/mem\[1\]\[6\]$_DFFE_PP_/D
     150* |       0 |      54 |       13 |      0 |    83 |    +0.0% |  -26.440 |     -909.3 |   -10530.3 |   5337 | dot_0/fifo_timer_r/mem\[1\]\[6\]$_DFFE_PP_/D
     160* |       0 |      57 |       13 |      0 |    90 |    +0.0% |  -26.481 |     -909.1 |   -10534.7 |   5337 | dot_0/fifo_timer_r/mem\[1\]\[6\]$_DFFE_PP_/D
     170* |       0 |      59 |       16 |      0 |    95 |    +0.0% |  -26.505 |     -909.8 |   -10537.4 |   5337 | dot_0/fifo_timer_r/mem\[1\]\[6\]$_DFFE_PP_/D
     180* |       0 |      63 |       16 |      0 |   101 |    +0.0% |  -26.469 |     -908.7 |   -10533.4 |   5337 | dot_0/fifo_timer_r/mem\[1\]\[6\]$_DFFE_PP_/D
     190* |       0 |      65 |       16 |      0 |   109 |    +0.0% |  -26.588 |     -912.2 |   -10548.2 |   5337 | dot_0/fifo_timer_r/mem\[1\]\[6\]$_DFFE_PP_/D
     195* |       0 |      53 |       11 |      0 |    81 |    +0.0% |  -26.378 |     -907.4 |   -10525.1 |   5337 | dot_0/fifo_timer_r/mem\[1\]\[6\]$_DFFE_PP_/D
     195* |       0 |      53 |       11 |      0 |    81 |    +0.0% |  -26.378 |     -907.4 |   -10525.1 |   5337 | dot_0/fifo_timer_r/mem\[1\]\[6\]$_DFFE_PP_/D
     196+ |       0 |      53 |       11 |      0 |    81 |    +0.0% |  -26.378 |     -907.4 |   -10525.1 |   5337 | dot_0/fifo_timer_r/mem\[1\]\[6\]$_DFFE_PP_/D
     197+ |       0 |      53 |       11 |      0 |    81 |    +0.0% |  -26.378 |     -907.4 |   -10525.1 |   5337 | dot_0/fifo_timer_r/mem\[1\]\[6\]$_DFFE_PP_/D
     198+ |       0 |      53 |       11 |      0 |    81 |    +0.0% |  -26.378 |     -907.4 |   -10525.1 |   5337 | dot_0/fifo_timer_r/mem\[1\]\[6\]$_DFFE_PP_/D
     199+ |       0 |      53 |       11 |      0 |    81 |    +0.0% |  -26.378 |     -907.4 |   -10525.1 |   5337 | dot_0/fifo_timer_r/mem\[1\]\[6\]$_DFFE_PP_/D
     200+ |       0 |      53 |       11 |      0 |    81 |    +0.0% |  -26.378 |     -907.4 |   -10525.1 |   5337 | dot_0/fifo_timer_r/mem\[1\]\[6\]$_DFFE_PP_/D
     201+ |       0 |      53 |       11 |      0 |    82 |    +0.0% |  -26.378 |     -907.4 |   -10522.7 |   5337 | dot_0/fifo_timer_r/mem\[1\]\[6\]$_DFFE_PP_/D
     202+ |       0 |      53 |       11 |      0 |    82 |    +0.0% |  -26.378 |     -907.4 |   -10522.7 |   5337 | dot_0/fifo_timer_r/mem\[1\]\[6\]$_DFFE_PP_/D
     203+ |       0 |      53 |       11 |      0 |    82 |    +0.0% |  -26.378 |     -907.4 |   -10522.7 |   5337 | dot_0/fifo_timer_r/mem\[1\]\[6\]$_DFFE_PP_/D
     204+ |       0 |      53 |       11 |      0 |    82 |    +0.0% |  -26.378 |     -907.4 |   -10522.7 |   5337 | dot_0/fifo_timer_r/mem\[1\]\[6\]$_DFFE_PP_/D
     205+ |       0 |      53 |       11 |      0 |    82 |    +0.0% |  -26.378 |     -907.4 |   -10522.7 |   5337 | dot_0/fifo_timer_r/mem\[1\]\[6\]$_DFFE_PP_/D
     206+ |       0 |      53 |       11 |      0 |    82 |    +0.0% |  -26.378 |     -907.4 |   -10522.7 |   5337 | dot_0/fifo_timer_r/mem\[1\]\[6\]$_DFFE_PP_/D
     207+ |       0 |      53 |       11 |      0 |    82 |    +0.0% |  -26.378 |     -907.4 |   -10522.7 |   5337 | dot_0/fifo_timer_r/mem\[1\]\[6\]$_DFFE_PP_/D
     208+ |       0 |      53 |       11 |      0 |    82 |    +0.0% |  -26.378 |     -907.4 |   -10522.7 |   5337 | dot_0/fifo_timer_r/mem\[1\]\[6\]$_DFFE_PP_/D
     209+ |       0 |      53 |       11 |      0 |    82 |    +0.0% |  -26.378 |     -907.4 |   -10522.7 |   5337 | dot_0/fifo_timer_r/mem\[1\]\[6\]$_DFFE_PP_/D
     210+ |       0 |      53 |       11 |      0 |    82 |    +0.0% |  -26.378 |     -907.4 |   -10522.7 |   5337 | dot_0/fifo_timer_r/mem\[1\]\[6\]$_DFFE_PP_/D
     214+ |       0 |      57 |       11 |      0 |    82 |    +0.0% |  -26.325 |     -905.8 |   -10516.1 |   5337 | dot_0/fifo_timer_r/mem\[1\]\[6\]$_DFFE_PP_/D
     215+ |       0 |      57 |       11 |      0 |    82 |    +0.0% |  -26.325 |     -905.8 |   -10516.1 |   5337 | dot_0/fifo_timer_r/mem\[1\]\[6\]$_DFFE_PP_/D
     216+ |       0 |      57 |       11 |      0 |    82 |    +0.0% |  -26.325 |     -905.8 |   -10516.1 |   5337 | dot_0/fifo_timer_r/mem\[1\]\[6\]$_DFFE_PP_/D
     217+ |       0 |      57 |       11 |      0 |    82 |    +0.0% |  -26.325 |     -905.8 |   -10516.1 |   5337 | dot_0/fifo_timer_r/mem\[1\]\[6\]$_DFFE_PP_/D
     218+ |       0 |      57 |       11 |      0 |    82 |    +0.0% |  -26.325 |     -905.8 |   -10516.1 |   5337 | dot_0/fifo_timer_r/mem\[1\]\[6\]$_DFFE_PP_/D
     219+ |       0 |      57 |       11 |      0 |    82 |    +0.0% |  -26.325 |     -905.8 |   -10516.1 |   5337 | dot_0/fifo_timer_r/mem\[1\]\[6\]$_DFFE_PP_/D
     220+ |       0 |      57 |       11 |      0 |    82 |    +0.0% |  -26.325 |     -905.8 |   -10516.1 |   5337 | dot_0/fifo_timer_r/mem\[1\]\[6\]$_DFFE_PP_/D
     220+ |       0 |      57 |       11 |      0 |    82 |    +0.0% |  -26.325 |     -905.8 |   -10516.1 |   5337 | dot_0/fifo_timer_r/mem\[1\]\[6\]$_DFFE_PP_/D
     221+ |       0 |      57 |       11 |      0 |    82 |    +0.0% |  -26.325 |     -905.8 |   -10516.1 |   5337 | dot_0/fifo_timer_r/mem\[1\]\[6\]$_DFFE_PP_/D
     222+ |       0 |      57 |       11 |      0 |    82 |    +0.0% |  -26.325 |     -905.8 |   -10516.1 |   5337 | dot_0/fifo_timer_r/mem\[1\]\[6\]$_DFFE_PP_/D
     223+ |       0 |      57 |       11 |      0 |    82 |    +0.0% |  -26.325 |     -905.8 |   -10516.1 |   5337 | dot_0/fifo_timer_r/mem\[1\]\[6\]$_DFFE_PP_/D
     224+ |       0 |      57 |       11 |      0 |    82 |    +0.0% |  -26.325 |     -905.8 |   -10516.1 |   5337 | dot_0/fifo_timer_r/mem\[1\]\[6\]$_DFFE_PP_/D
     225+ |       0 |      57 |       11 |      0 |    82 |    +0.0% |  -26.325 |     -905.8 |   -10516.1 |   5337 | dot_0/fifo_timer_r/mem\[1\]\[6\]$_DFFE_PP_/D
     226+ |       0 |      57 |       11 |      0 |    82 |    +0.0% |  -26.325 |     -905.8 |   -10516.1 |   5337 | dot_0/fifo_timer_r/mem\[1\]\[6\]$_DFFE_PP_/D
     227+ |       0 |      57 |       11 |      0 |    82 |    +0.0% |  -26.325 |     -905.8 |   -10516.1 |   5337 | dot_0/fifo_timer_r/mem\[1\]\[6\]$_DFFE_PP_/D
     228+ |       0 |      57 |       11 |      0 |    82 |    +0.0% |  -26.325 |     -905.8 |   -10516.1 |   5337 | dot_0/fifo_timer_r/mem\[1\]\[6\]$_DFFE_PP_/D
     229+ |       0 |      57 |       11 |      0 |    82 |    +0.0% |  -26.325 |     -905.8 |   -10516.1 |   5337 | dot_0/fifo_timer_r/mem\[1\]\[6\]$_DFFE_PP_/D
     230+ |       0 |      57 |       11 |      0 |    82 |    +0.0% |  -26.325 |     -905.8 |   -10516.1 |   5337 | dot_0/fifo_timer_r/mem\[1\]\[6\]$_DFFE_PP_/D
     230+ |       0 |      57 |       11 |      0 |    82 |    +0.0% |  -26.325 |     -905.8 |   -10516.1 |   5337 | dot_0/fifo_timer_r/mem\[1\]\[6\]$_DFFE_PP_/D
     231+ |       0 |      57 |       11 |      0 |    82 |    +0.0% |  -26.325 |     -905.8 |   -10516.1 |   5337 | dot_0/fifo_timer_r/mem\[1\]\[6\]$_DFFE_PP_/D
     232+ |       0 |      57 |       11 |      0 |    82 |    +0.0% |  -26.325 |     -905.8 |   -10516.1 |   5337 | dot_0/fifo_timer_r/mem\[1\]\[6\]$_DFFE_PP_/D
     233+ |       0 |      57 |       11 |      0 |    82 |    +0.0% |  -26.325 |     -905.8 |   -10516.1 |   5337 | dot_0/fifo_timer_r/mem\[1\]\[6\]$_DFFE_PP_/D
     234+ |       0 |      57 |       11 |      0 |    82 |    +0.0% |  -26.325 |     -905.8 |   -10516.1 |   5337 | dot_0/fifo_timer_r/mem\[1\]\[6\]$_DFFE_PP_/D
     235+ |       0 |      57 |       11 |      0 |    82 |    +0.0% |  -26.325 |     -905.8 |   -10516.1 |   5337 | dot_0/fifo_timer_r/mem\[1\]\[6\]$_DFFE_PP_/D
     236+ |       0 |      57 |       11 |      0 |    82 |    +0.0% |  -26.325 |     -905.8 |   -10516.1 |   5337 | dot_0/fifo_timer_r/mem\[1\]\[6\]$_DFFE_PP_/D
     237+ |       0 |      57 |       11 |      0 |    82 |    +0.0% |  -26.325 |     -905.8 |   -10516.1 |   5337 | dot_0/fifo_timer_r/mem\[1\]\[6\]$_DFFE_PP_/D
     238+ |       0 |      57 |       11 |      0 |    82 |    +0.0% |  -26.325 |     -905.8 |   -10516.1 |   5337 | dot_0/fifo_timer_r/mem\[1\]\[6\]$_DFFE_PP_/D
     239+ |       0 |      57 |       11 |      0 |    82 |    +0.0% |  -26.325 |     -905.8 |   -10516.1 |   5337 | dot_0/fifo_timer_r/mem\[1\]\[6\]$_DFFE_PP_/D
     240+ |       0 |      57 |       11 |      0 |    82 |    +0.0% |  -26.325 |     -905.8 |   -10516.1 |   5337 | dot_0/fifo_timer_r/mem\[1\]\[6\]$_DFFE_PP_/D
     240+ |       0 |      57 |       11 |      0 |    82 |    +0.0% |  -26.325 |     -905.8 |   -10516.1 |   5337 | dot_0/fifo_timer_r/mem\[1\]\[6\]$_DFFE_PP_/D
     241+ |       0 |      57 |       11 |      0 |    82 |    +0.0% |  -26.325 |     -905.8 |   -10516.1 |   5337 | dot_0/fifo_timer_r/mem\[1\]\[6\]$_DFFE_PP_/D
     242+ |       0 |      57 |       11 |      0 |    82 |    +0.0% |  -26.325 |     -905.8 |   -10516.1 |   5337 | dot_0/fifo_timer_r/mem\[1\]\[6\]$_DFFE_PP_/D
     243+ |       0 |      57 |       11 |      0 |    82 |    +0.0% |  -26.325 |     -905.8 |   -10516.1 |   5337 | dot_0/fifo_timer_r/mem\[1\]\[6\]$_DFFE_PP_/D
     244+ |       0 |      57 |       11 |      0 |    82 |    +0.0% |  -26.325 |     -905.8 |   -10516.1 |   5337 | dot_0/fifo_timer_r/mem\[1\]\[6\]$_DFFE_PP_/D
     245+ |       0 |      57 |       11 |      0 |    82 |    +0.0% |  -26.325 |     -905.8 |   -10516.1 |   5337 | dot_0/fifo_timer_r/mem\[1\]\[6\]$_DFFE_PP_/D
     246+ |       0 |      57 |       11 |      0 |    82 |    +0.0% |  -26.325 |     -905.8 |   -10516.1 |   5337 | dot_0/fifo_timer_r/mem\[1\]\[6\]$_DFFE_PP_/D
     247+ |       0 |      57 |       11 |      0 |    82 |    +0.0% |  -26.325 |     -905.8 |   -10516.1 |   5337 | dot_0/fifo_timer_r/mem\[1\]\[6\]$_DFFE_PP_/D
     248+ |       0 |      57 |       11 |      0 |    82 |    +0.0% |  -26.325 |     -905.8 |   -10516.1 |   5337 | dot_0/fifo_timer_r/mem\[1\]\[6\]$_DFFE_PP_/D
     249+ |       0 |      57 |       11 |      0 |    82 |    +0.0% |  -26.325 |     -905.8 |   -10516.1 |   5337 | dot_0/fifo_timer_r/mem\[1\]\[6\]$_DFFE_PP_/D
     250+ |       0 |      57 |       11 |      0 |    82 |    +0.0% |  -26.325 |     -905.8 |   -10516.1 |   5337 | dot_0/fifo_timer_r/mem\[1\]\[6\]$_DFFE_PP_/D
     250+ |       0 |      57 |       11 |      0 |    82 |    +0.0% |  -26.325 |     -905.8 |   -10516.1 |   5337 | dot_0/fifo_timer_r/mem\[1\]\[6\]$_DFFE_PP_/D
     251+ |       0 |      57 |       11 |      0 |    82 |    +0.0% |  -26.325 |     -905.8 |   -10516.1 |   5337 | dot_0/fifo_timer_r/mem\[1\]\[6\]$_DFFE_PP_/D
     252+ |       0 |      57 |       11 |      0 |    82 |    +0.0% |  -26.325 |     -905.8 |   -10516.1 |   5337 | dot_0/fifo_timer_r/mem\[1\]\[6\]$_DFFE_PP_/D
     253+ |       0 |      57 |       11 |      0 |    82 |    +0.0% |  -26.325 |     -905.8 |   -10516.1 |   5337 | dot_0/fifo_timer_r/mem\[1\]\[6\]$_DFFE_PP_/D
     254+ |       0 |      57 |       11 |      0 |    82 |    +0.0% |  -26.325 |     -905.8 |   -10516.1 |   5337 | dot_0/fifo_timer_r/mem\[1\]\[6\]$_DFFE_PP_/D
     255+ |       0 |      57 |       11 |      0 |    82 |    +0.0% |  -26.325 |     -905.8 |   -10516.1 |   5337 | dot_0/fifo_timer_r/mem\[1\]\[6\]$_DFFE_PP_/D
     256+ |       0 |      57 |       11 |      0 |    82 |    +0.0% |  -26.325 |     -905.8 |   -10516.1 |   5337 | dot_0/fifo_timer_r/mem\[1\]\[6\]$_DFFE_PP_/D
     257+ |       0 |      57 |       11 |      0 |    82 |    +0.0% |  -26.325 |     -905.8 |   -10516.1 |   5337 | dot_0/fifo_timer_r/mem\[1\]\[6\]$_DFFE_PP_/D
     258+ |       0 |      57 |       11 |      0 |    82 |    +0.0% |  -26.325 |     -905.8 |   -10516.1 |   5337 | dot_0/fifo_timer_r/mem\[1\]\[6\]$_DFFE_PP_/D
     259+ |       0 |      57 |       11 |      0 |    82 |    +0.0% |  -26.325 |     -905.8 |   -10516.1 |   5337 | dot_0/fifo_timer_r/mem\[1\]\[6\]$_DFFE_PP_/D
     260+ |       0 |      57 |       11 |      0 |    82 |    +0.0% |  -26.325 |     -905.8 |   -10516.1 |   5337 | dot_0/fifo_timer_r/mem\[1\]\[6\]$_DFFE_PP_/D
     260+ |       0 |      57 |       11 |      0 |    82 |    +0.0% |  -26.325 |     -905.8 |   -10516.1 |   5337 | dot_0/fifo_timer_r/mem\[1\]\[6\]$_DFFE_PP_/D
     261+ |       0 |      57 |       11 |      0 |    82 |    +0.0% |  -26.325 |     -905.8 |   -10516.1 |   5337 | dot_0/fifo_timer_r/mem\[1\]\[6\]$_DFFE_PP_/D
     262+ |       0 |      57 |       11 |      0 |    82 |    +0.0% |  -26.325 |     -905.8 |   -10516.1 |   5337 | dot_0/fifo_timer_r/mem\[1\]\[6\]$_DFFE_PP_/D
     263+ |       0 |      57 |       11 |      0 |    82 |    +0.0% |  -26.325 |     -905.8 |   -10516.1 |   5337 | dot_0/fifo_timer_r/mem\[1\]\[6\]$_DFFE_PP_/D
     264+ |       0 |      57 |       11 |      0 |    82 |    +0.0% |  -26.325 |     -905.8 |   -10516.1 |   5337 | dot_0/fifo_timer_r/mem\[1\]\[6\]$_DFFE_PP_/D
     265+ |       0 |      57 |       11 |      0 |    82 |    +0.0% |  -26.325 |     -905.8 |   -10516.1 |   5337 | dot_0/fifo_timer_r/mem\[1\]\[6\]$_DFFE_PP_/D
     266+ |       0 |      57 |       11 |      0 |    82 |    +0.0% |  -26.325 |     -905.8 |   -10516.1 |   5337 | dot_0/fifo_timer_r/mem\[1\]\[6\]$_DFFE_PP_/D
     267+ |       0 |      57 |       11 |      0 |    82 |    +0.0% |  -26.325 |     -905.8 |   -10516.1 |   5337 | dot_0/fifo_timer_r/mem\[1\]\[6\]$_DFFE_PP_/D
     268+ |       0 |      57 |       11 |      0 |    82 |    +0.0% |  -26.325 |     -905.8 |   -10516.1 |   5337 | dot_0/fifo_timer_r/mem\[1\]\[6\]$_DFFE_PP_/D
     269+ |       0 |      57 |       11 |      0 |    82 |    +0.0% |  -26.325 |     -905.8 |   -10516.1 |   5337 | dot_0/fifo_timer_r/mem\[1\]\[6\]$_DFFE_PP_/D
     270+ |       0 |      57 |       11 |      0 |    82 |    +0.0% |  -26.325 |     -905.8 |   -10516.1 |   5337 | dot_0/fifo_timer_r/mem\[1\]\[6\]$_DFFE_PP_/D
     270+ |       0 |      57 |       11 |      0 |    82 |    +0.0% |  -26.325 |     -905.8 |   -10516.1 |   5337 | dot_0/fifo_timer_r/mem\[1\]\[6\]$_DFFE_PP_/D
     271+ |       0 |      57 |       11 |      0 |    82 |    +0.0% |  -26.325 |     -905.8 |   -10516.1 |   5337 | dot_0/fifo_timer_r/mem\[1\]\[6\]$_DFFE_PP_/D
     272+ |       0 |      57 |       11 |      0 |    82 |    +0.0% |  -26.325 |     -905.8 |   -10516.1 |   5337 | dot_0/fifo_timer_r/mem\[1\]\[6\]$_DFFE_PP_/D
     273+ |       0 |      57 |       11 |      0 |    82 |    +0.0% |  -26.325 |     -905.8 |   -10516.1 |   5337 | dot_0/fifo_timer_r/mem\[1\]\[6\]$_DFFE_PP_/D
     274+ |       0 |      57 |       11 |      0 |    82 |    +0.0% |  -26.325 |     -905.8 |   -10516.1 |   5337 | dot_0/fifo_timer_r/mem\[1\]\[6\]$_DFFE_PP_/D
     275+ |       0 |      57 |       11 |      0 |    82 |    +0.0% |  -26.325 |     -905.8 |   -10516.1 |   5337 | dot_0/fifo_timer_r/mem\[1\]\[6\]$_DFFE_PP_/D
     276+ |       0 |      57 |       11 |      0 |    82 |    +0.0% |  -26.325 |     -905.8 |   -10516.1 |   5337 | dot_0/fifo_timer_r/mem\[1\]\[6\]$_DFFE_PP_/D
     277+ |       0 |      57 |       11 |      0 |    82 |    +0.0% |  -26.325 |     -905.8 |   -10516.1 |   5337 | dot_0/fifo_timer_r/mem\[1\]\[6\]$_DFFE_PP_/D
     278+ |       0 |      57 |       11 |      0 |    82 |    +0.0% |  -26.325 |     -905.8 |   -10516.1 |   5337 | dot_0/fifo_timer_r/mem\[1\]\[6\]$_DFFE_PP_/D
     279+ |       0 |      57 |       11 |      0 |    82 |    +0.0% |  -26.325 |     -905.8 |   -10516.1 |   5337 | dot_0/fifo_timer_r/mem\[1\]\[6\]$_DFFE_PP_/D
     280+ |       0 |      57 |       11 |      0 |    82 |    +0.0% |  -26.325 |     -905.8 |   -10516.1 |   5337 | dot_0/fifo_timer_r/mem\[1\]\[6\]$_DFFE_PP_/D
     280+ |       0 |      57 |       11 |      0 |    82 |    +0.0% |  -26.325 |     -905.8 |   -10516.1 |   5337 | dot_0/fifo_timer_r/mem\[1\]\[6\]$_DFFE_PP_/D
     281+ |       0 |      57 |       11 |      0 |    82 |    +0.0% |  -26.325 |     -905.8 |   -10516.1 |   5337 | dot_0/fifo_timer_r/mem\[1\]\[6\]$_DFFE_PP_/D
     282+ |       0 |      57 |       11 |      0 |    82 |    +0.0% |  -26.325 |     -905.8 |   -10516.1 |   5337 | dot_0/fifo_timer_r/mem\[1\]\[6\]$_DFFE_PP_/D
     283+ |       0 |      57 |       11 |      0 |    82 |    +0.0% |  -26.325 |     -905.8 |   -10516.1 |   5337 | dot_0/fifo_timer_r/mem\[1\]\[6\]$_DFFE_PP_/D
     284+ |       0 |      57 |       11 |      0 |    82 |    +0.0% |  -26.325 |     -905.8 |   -10516.1 |   5337 | dot_0/fifo_timer_r/mem\[1\]\[6\]$_DFFE_PP_/D
     285+ |       0 |      57 |       11 |      0 |    82 |    +0.0% |  -26.325 |     -905.8 |   -10516.1 |   5337 | dot_0/fifo_timer_r/mem\[1\]\[6\]$_DFFE_PP_/D
     286+ |       0 |      57 |       11 |      0 |    82 |    +0.0% |  -26.325 |     -905.8 |   -10516.1 |   5337 | dot_0/fifo_timer_r/mem\[1\]\[6\]$_DFFE_PP_/D
     287+ |       0 |      57 |       11 |      0 |    82 |    +0.0% |  -26.325 |     -905.8 |   -10516.1 |   5337 | dot_0/fifo_timer_r/mem\[1\]\[6\]$_DFFE_PP_/D
     288+ |       0 |      57 |       11 |      0 |    82 |    +0.0% |  -26.325 |     -905.8 |   -10516.1 |   5337 | dot_0/fifo_timer_r/mem\[1\]\[6\]$_DFFE_PP_/D
     289+ |       0 |      57 |       11 |      0 |    82 |    +0.0% |  -26.325 |     -905.8 |   -10516.1 |   5337 | dot_0/fifo_timer_r/mem\[1\]\[6\]$_DFFE_PP_/D
     290+ |       0 |      57 |       11 |      0 |    82 |    +0.0% |  -26.325 |     -905.8 |   -10516.1 |   5337 | dot_0/fifo_timer_r/mem\[1\]\[6\]$_DFFE_PP_/D
     290+ |       0 |      57 |       11 |      0 |    82 |    +0.0% |  -26.325 |     -905.8 |   -10516.1 |   5337 | dot_0/fifo_timer_r/mem\[1\]\[6\]$_DFFE_PP_/D
     291+ |       0 |      57 |       11 |      0 |    82 |    +0.0% |  -26.325 |     -905.8 |   -10516.1 |   5337 | dot_0/fifo_timer_r/mem\[1\]\[6\]$_DFFE_PP_/D
     292+ |       0 |      57 |       11 |      0 |    82 |    +0.0% |  -26.325 |     -905.8 |   -10516.1 |   5337 | dot_0/fifo_timer_r/mem\[1\]\[6\]$_DFFE_PP_/D
     293+ |       0 |      57 |       11 |      0 |    82 |    +0.0% |  -26.325 |     -905.8 |   -10516.1 |   5337 | dot_0/fifo_timer_r/mem\[1\]\[6\]$_DFFE_PP_/D
     294+ |       0 |      57 |       11 |      0 |    82 |    +0.0% |  -26.325 |     -905.8 |   -10516.1 |   5337 | dot_0/fifo_timer_r/mem\[1\]\[6\]$_DFFE_PP_/D
     295+ |       0 |      57 |       11 |      0 |    82 |    +0.0% |  -26.325 |     -905.8 |   -10516.1 |   5337 | dot_0/fifo_timer_r/mem\[1\]\[6\]$_DFFE_PP_/D
     296+ |       0 |      57 |       11 |      0 |    82 |    +0.0% |  -26.325 |     -905.8 |   -10516.1 |   5337 | dot_0/fifo_timer_r/mem\[1\]\[6\]$_DFFE_PP_/D
     297+ |       0 |      57 |       11 |      0 |    82 |    +0.0% |  -26.325 |     -905.8 |   -10516.1 |   5337 | dot_0/fifo_timer_r/mem\[1\]\[6\]$_DFFE_PP_/D
     298+ |       0 |      57 |       11 |      0 |    82 |    +0.0% |  -26.325 |     -905.8 |   -10516.1 |   5337 | dot_0/fifo_timer_r/mem\[1\]\[6\]$_DFFE_PP_/D
     299+ |       0 |      57 |       11 |      0 |    82 |    +0.0% |  -26.325 |     -905.8 |   -10516.1 |   5337 | dot_0/fifo_timer_r/mem\[1\]\[6\]$_DFFE_PP_/D
     300+ |       0 |      57 |       11 |      0 |    82 |    +0.0% |  -26.325 |     -905.8 |   -10516.1 |   5337 | dot_0/fifo_timer_r/mem\[1\]\[6\]$_DFFE_PP_/D
     300+ |       0 |      57 |       11 |      0 |    82 |    +0.0% |  -26.325 |     -905.8 |   -10516.1 |   5337 | dot_0/fifo_timer_r/mem\[1\]\[6\]$_DFFE_PP_/D
     301+ |       0 |      57 |       11 |      0 |    82 |    +0.0% |  -26.325 |     -905.8 |   -10516.1 |   5337 | dot_0/fifo_timer_r/mem\[1\]\[6\]$_DFFE_PP_/D
     302+ |       0 |      57 |       11 |      0 |    82 |    +0.0% |  -26.325 |     -905.8 |   -10516.1 |   5337 | dot_0/fifo_timer_r/mem\[1\]\[6\]$_DFFE_PP_/D
     303+ |       0 |      57 |       11 |      0 |    82 |    +0.0% |  -26.325 |     -905.8 |   -10516.1 |   5337 | dot_0/fifo_timer_r/mem\[1\]\[6\]$_DFFE_PP_/D
     304+ |       0 |      57 |       11 |      0 |    82 |    +0.0% |  -26.325 |     -905.8 |   -10516.1 |   5337 | dot_0/fifo_timer_r/mem\[1\]\[6\]$_DFFE_PP_/D
     305+ |       0 |      57 |       11 |      0 |    82 |    +0.0% |  -26.325 |     -905.8 |   -10516.1 |   5337 | dot_0/fifo_timer_r/mem\[1\]\[6\]$_DFFE_PP_/D
     306+ |       0 |      57 |       11 |      0 |    82 |    +0.0% |  -26.325 |     -905.8 |   -10516.1 |   5337 | dot_0/fifo_timer_r/mem\[1\]\[6\]$_DFFE_PP_/D
     307+ |       0 |      57 |       11 |      0 |    82 |    +0.0% |  -26.325 |     -905.8 |   -10516.1 |   5337 | dot_0/fifo_timer_r/mem\[1\]\[6\]$_DFFE_PP_/D
     308+ |       0 |      57 |       11 |      0 |    82 |    +0.0% |  -26.325 |     -905.8 |   -10516.1 |   5337 | dot_0/fifo_timer_r/mem\[1\]\[6\]$_DFFE_PP_/D
     309+ |       0 |      57 |       11 |      0 |    82 |    +0.0% |  -26.325 |     -905.8 |   -10516.1 |   5337 | dot_0/fifo_timer_r/mem\[1\]\[6\]$_DFFE_PP_/D
     310+ |       0 |      57 |       11 |      0 |    82 |    +0.0% |  -26.325 |     -905.8 |   -10516.1 |   5337 | dot_0/fifo_timer_r/mem\[1\]\[6\]$_DFFE_PP_/D
     310+ |       0 |      57 |       11 |      0 |    82 |    +0.0% |  -26.325 |     -905.8 |   -10516.1 |   5337 | dot_0/fifo_timer_r/mem\[1\]\[6\]$_DFFE_PP_/D
     311+ |       0 |      57 |       11 |      0 |    82 |    +0.0% |  -26.325 |     -905.8 |   -10516.1 |   5337 | dot_0/fifo_timer_r/mem\[1\]\[6\]$_DFFE_PP_/D
     312+ |       0 |      57 |       11 |      0 |    82 |    +0.0% |  -26.325 |     -905.8 |   -10516.1 |   5337 | dot_0/fifo_timer_r/mem\[1\]\[6\]$_DFFE_PP_/D
     313+ |       0 |      57 |       11 |      0 |    82 |    +0.0% |  -26.325 |     -905.8 |   -10516.1 |   5337 | dot_0/fifo_timer_r/mem\[1\]\[6\]$_DFFE_PP_/D
     315+ |       0 |      58 |       11 |      0 |    82 |    +0.0% |  -26.325 |     -905.8 |   -10515.7 |   5337 | dot_0/fifo_timer_r/mem\[1\]\[6\]$_DFFE_PP_/D
     317+ |       0 |      59 |       11 |      0 |    82 |    +0.0% |  -26.325 |     -905.8 |   -10515.3 |   5337 | dot_0/fifo_timer_r/mem\[1\]\[6\]$_DFFE_PP_/D
     320+ |       0 |      61 |       11 |      0 |    82 |    +0.0% |  -26.325 |     -905.8 |   -10515.2 |   5337 | dot_0/fifo_timer_r/mem\[1\]\[6\]$_DFFE_PP_/D
     321+ |       0 |      62 |       11 |      0 |    82 |    +0.0% |  -26.325 |     -905.8 |   -10514.9 |   5337 | dot_0/fifo_timer_r/mem\[1\]\[6\]$_DFFE_PP_/D
     322+ |       0 |      62 |       11 |      0 |    82 |    +0.0% |  -26.325 |     -905.8 |   -10514.9 |   5337 | dot_0/fifo_timer_r/mem\[1\]\[6\]$_DFFE_PP_/D
     323+ |       0 |      62 |       11 |      0 |    82 |    +0.0% |  -26.325 |     -905.8 |   -10514.9 |   5337 | dot_0/fifo_timer_r/mem\[1\]\[6\]$_DFFE_PP_/D
     324+ |       0 |      62 |       11 |      0 |    82 |    +0.0% |  -26.325 |     -905.8 |   -10514.9 |   5337 | dot_0/fifo_timer_r/mem\[1\]\[6\]$_DFFE_PP_/D
     325+ |       0 |      62 |       11 |      0 |    82 |    +0.0% |  -26.325 |     -905.8 |   -10514.9 |   5337 | dot_0/fifo_timer_r/mem\[1\]\[6\]$_DFFE_PP_/D
     326+ |       0 |      62 |       11 |      0 |    82 |    +0.0% |  -26.325 |     -905.8 |   -10514.9 |   5337 | dot_0/fifo_timer_r/mem\[1\]\[6\]$_DFFE_PP_/D
     327+ |       0 |      62 |       11 |      0 |    82 |    +0.0% |  -26.325 |     -905.8 |   -10514.9 |   5337 | dot_0/fifo_timer_r/mem\[1\]\[6\]$_DFFE_PP_/D
     328+ |       0 |      62 |       11 |      0 |    82 |    +0.0% |  -26.325 |     -905.8 |   -10514.9 |   5337 | dot_0/fifo_timer_r/mem\[1\]\[6\]$_DFFE_PP_/D
     329+ |       0 |      62 |       11 |      0 |    82 |    +0.0% |  -26.325 |     -905.8 |   -10514.9 |   5337 | dot_0/fifo_timer_r/mem\[1\]\[6\]$_DFFE_PP_/D
     330+ |       0 |      62 |       11 |      0 |    82 |    +0.0% |  -26.325 |     -905.8 |   -10514.9 |   5337 | dot_0/fifo_timer_r/mem\[1\]\[6\]$_DFFE_PP_/D
     330+ |       0 |      62 |       11 |      0 |    82 |    +0.0% |  -26.325 |     -905.8 |   -10514.9 |   5337 | dot_0/fifo_timer_r/mem\[1\]\[6\]$_DFFE_PP_/D
     331+ |       0 |      62 |       11 |      0 |    82 |    +0.0% |  -26.325 |     -905.8 |   -10514.9 |   5337 | dot_0/fifo_timer_r/mem\[1\]\[6\]$_DFFE_PP_/D
     332+ |       0 |      62 |       11 |      0 |    82 |    +0.0% |  -26.325 |     -905.8 |   -10514.9 |   5337 | dot_0/fifo_timer_r/mem\[1\]\[6\]$_DFFE_PP_/D
     333+ |       0 |      62 |       11 |      0 |    82 |    +0.0% |  -26.325 |     -905.8 |   -10514.9 |   5337 | dot_0/fifo_timer_r/mem\[1\]\[6\]$_DFFE_PP_/D
     335+ |       0 |      63 |       11 |      0 |    82 |    +0.0% |  -26.325 |     -885.0 |    -9290.3 |   5337 | dot_0/fifo_timer_r/mem\[1\]\[6\]$_DFFE_PP_/D
     336+ |       0 |      63 |       11 |      0 |    82 |    +0.0% |  -26.325 |     -885.0 |    -9290.3 |   5337 | dot_0/fifo_timer_r/mem\[1\]\[6\]$_DFFE_PP_/D
     337+ |       0 |      63 |       11 |      0 |    82 |    +0.0% |  -26.325 |     -885.0 |    -9290.3 |   5337 | dot_0/fifo_timer_r/mem\[1\]\[6\]$_DFFE_PP_/D
     338+ |       0 |      63 |       11 |      0 |    82 |    +0.0% |  -26.325 |     -885.0 |    -9290.3 |   5337 | dot_0/fifo_timer_r/mem\[1\]\[6\]$_DFFE_PP_/D
     339+ |       0 |      63 |       11 |      0 |    82 |    +0.0% |  -26.325 |     -885.0 |    -9290.3 |   5337 | dot_0/fifo_timer_r/mem\[1\]\[6\]$_DFFE_PP_/D
     340+ |       0 |      63 |       11 |      0 |    82 |    +0.0% |  -26.325 |     -885.0 |    -9290.3 |   5337 | dot_0/fifo_timer_r/mem\[1\]\[6\]$_DFFE_PP_/D
     340+ |       0 |      63 |       11 |      0 |    82 |    +0.0% |  -26.325 |     -885.0 |    -9290.3 |   5337 | dot_0/fifo_timer_r/mem\[1\]\[6\]$_DFFE_PP_/D
     341+ |       0 |      63 |       11 |      0 |    82 |    +0.0% |  -26.325 |     -885.0 |    -9290.3 |   5337 | dot_0/fifo_timer_r/mem\[1\]\[6\]$_DFFE_PP_/D
     342+ |       0 |      63 |       11 |      0 |    82 |    +0.0% |  -26.325 |     -885.0 |    -9290.3 |   5337 | dot_0/fifo_timer_r/mem\[1\]\[6\]$_DFFE_PP_/D
     343+ |       0 |      63 |       11 |      0 |    82 |    +0.0% |  -26.325 |     -885.0 |    -9290.3 |   5337 | dot_0/fifo_timer_r/mem\[1\]\[6\]$_DFFE_PP_/D
     344+ |       0 |      63 |       11 |      0 |    82 |    +0.0% |  -26.325 |     -885.0 |    -9290.3 |   5337 | dot_0/fifo_timer_r/mem\[1\]\[6\]$_DFFE_PP_/D
     345+ |       0 |      63 |       11 |      0 |    82 |    +0.0% |  -26.325 |     -885.0 |    -9290.3 |   5337 | dot_0/fifo_timer_r/mem\[1\]\[6\]$_DFFE_PP_/D
     346+ |       0 |      63 |       11 |      0 |    82 |    +0.0% |  -26.325 |     -885.0 |    -9290.3 |   5337 | dot_0/fifo_timer_r/mem\[1\]\[6\]$_DFFE_PP_/D
     347+ |       0 |      63 |       11 |      0 |    82 |    +0.0% |  -26.325 |     -885.0 |    -9290.3 |   5337 | dot_0/fifo_timer_r/mem\[1\]\[6\]$_DFFE_PP_/D
     349+ |       0 |      64 |       11 |      0 |    82 |    +0.0% |  -26.325 |     -885.0 |    -9286.5 |   5337 | dot_0/fifo_timer_r/mem\[1\]\[6\]$_DFFE_PP_/D
     350+ |       0 |      64 |       11 |      0 |    82 |    +0.0% |  -26.325 |     -885.0 |    -9286.5 |   5337 | dot_0/fifo_timer_r/mem\[1\]\[6\]$_DFFE_PP_/D
     350+ |       0 |      64 |       11 |      0 |    82 |    +0.0% |  -26.325 |     -885.0 |    -9286.5 |   5337 | dot_0/fifo_timer_r/mem\[1\]\[6\]$_DFFE_PP_/D
     351+ |       0 |      64 |       11 |      0 |    82 |    +0.0% |  -26.325 |     -885.0 |    -9286.5 |   5337 | dot_0/fifo_timer_r/mem\[1\]\[6\]$_DFFE_PP_/D
     352+ |       0 |      64 |       11 |      0 |    82 |    +0.0% |  -26.325 |     -885.0 |    -9286.5 |   5337 | dot_0/fifo_timer_r/mem\[1\]\[6\]$_DFFE_PP_/D
     353+ |       0 |      64 |       11 |      0 |    82 |    +0.0% |  -26.325 |     -885.0 |    -9286.5 |   5337 | dot_0/fifo_timer_r/mem\[1\]\[6\]$_DFFE_PP_/D
     354+ |       0 |      64 |       11 |      0 |    82 |    +0.0% |  -26.325 |     -885.0 |    -9286.5 |   5337 | dot_0/fifo_timer_r/mem\[1\]\[6\]$_DFFE_PP_/D
     355+ |       0 |      64 |       11 |      0 |    82 |    +0.0% |  -26.325 |     -885.0 |    -9286.5 |   5337 | dot_0/fifo_timer_r/mem\[1\]\[6\]$_DFFE_PP_/D
     356+ |       0 |      64 |       11 |      0 |    82 |    +0.0% |  -26.325 |     -885.0 |    -9286.5 |   5337 | dot_0/fifo_timer_r/mem\[1\]\[6\]$_DFFE_PP_/D
     357+ |       0 |      64 |       11 |      0 |    82 |    +0.0% |  -26.325 |     -885.0 |    -9286.5 |   5337 | dot_0/fifo_timer_r/mem\[1\]\[6\]$_DFFE_PP_/D
     358+ |       0 |      64 |       11 |      0 |    82 |    +0.0% |  -26.325 |     -885.0 |    -9286.5 |   5337 | dot_0/fifo_timer_r/mem\[1\]\[6\]$_DFFE_PP_/D
     359+ |       0 |      64 |       11 |      0 |    82 |    +0.0% |  -26.325 |     -885.0 |    -9286.5 |   5337 | dot_0/fifo_timer_r/mem\[1\]\[6\]$_DFFE_PP_/D
     360+ |       0 |      64 |       11 |      0 |    82 |    +0.0% |  -26.325 |     -885.0 |    -9286.5 |   5337 | dot_0/fifo_timer_r/mem\[1\]\[6\]$_DFFE_PP_/D
     360+ |       0 |      64 |       11 |      0 |    82 |    +0.0% |  -26.325 |     -885.0 |    -9286.5 |   5337 | dot_0/fifo_timer_r/mem\[1\]\[6\]$_DFFE_PP_/D
     361+ |       0 |      64 |       11 |      0 |    82 |    +0.0% |  -26.325 |     -885.0 |    -9286.5 |   5337 | dot_0/fifo_timer_r/mem\[1\]\[6\]$_DFFE_PP_/D
     362+ |       0 |      64 |       11 |      0 |    82 |    +0.0% |  -26.325 |     -885.0 |    -9286.5 |   5337 | dot_0/fifo_timer_r/mem\[1\]\[6\]$_DFFE_PP_/D
     363+ |       0 |      64 |       11 |      0 |    82 |    +0.0% |  -26.325 |     -885.0 |    -9286.5 |   5337 | dot_0/fifo_timer_r/mem\[1\]\[6\]$_DFFE_PP_/D
     364+ |       0 |      64 |       11 |      0 |    82 |    +0.0% |  -26.325 |     -885.0 |    -9286.5 |   5337 | dot_0/fifo_timer_r/mem\[1\]\[6\]$_DFFE_PP_/D
     365+ |       0 |      64 |       11 |      0 |    82 |    +0.0% |  -26.325 |     -885.0 |    -9286.5 |   5337 | dot_0/fifo_timer_r/mem\[1\]\[6\]$_DFFE_PP_/D
     366+ |       0 |      64 |       11 |      0 |    82 |    +0.0% |  -26.325 |     -885.0 |    -9286.5 |   5337 | dot_0/fifo_timer_r/mem\[1\]\[6\]$_DFFE_PP_/D
     367+ |       0 |      64 |       11 |      0 |    82 |    +0.0% |  -26.325 |     -885.0 |    -9286.5 |   5337 | dot_0/fifo_timer_r/mem\[1\]\[6\]$_DFFE_PP_/D
     368+ |       0 |      64 |       11 |      0 |    82 |    +0.0% |  -26.325 |     -885.0 |    -9286.5 |   5337 | dot_0/fifo_timer_r/mem\[1\]\[6\]$_DFFE_PP_/D
     369+ |       0 |      64 |       11 |      0 |    82 |    +0.0% |  -26.325 |     -885.0 |    -9286.5 |   5337 | dot_0/fifo_timer_r/mem\[1\]\[6\]$_DFFE_PP_/D
     370+ |       0 |      64 |       11 |      0 |    82 |    +0.0% |  -26.325 |     -885.0 |    -9286.5 |   5337 | dot_0/fifo_timer_r/mem\[1\]\[6\]$_DFFE_PP_/D
     370+ |       0 |      64 |       11 |      0 |    82 |    +0.0% |  -26.325 |     -885.0 |    -9286.5 |   5337 | dot_0/fifo_timer_r/mem\[1\]\[6\]$_DFFE_PP_/D
     379+ |       0 |      73 |       11 |      0 |    82 |    +0.0% |  -26.325 |     -824.3 |    -3803.2 |   5337 | dot_0/fifo_timer_r/mem\[1\]\[6\]$_DFFE_PP_/D
     380+ |       0 |      73 |       11 |      0 |    82 |    +0.0% |  -26.325 |     -824.3 |    -3803.2 |   5337 | dot_0/fifo_timer_r/mem\[1\]\[6\]$_DFFE_PP_/D
     380+ |       0 |      73 |       11 |      0 |    82 |    +0.0% |  -26.325 |     -824.3 |    -3803.2 |   5337 | dot_0/fifo_timer_r/mem\[1\]\[6\]$_DFFE_PP_/D
     381+ |       0 |      73 |       11 |      0 |    82 |    +0.0% |  -26.325 |     -824.3 |    -3803.2 |   5337 | dot_0/fifo_timer_r/mem\[1\]\[6\]$_DFFE_PP_/D
     382+ |       0 |      73 |       11 |      0 |    82 |    +0.0% |  -26.325 |     -824.3 |    -3803.2 |   5337 | dot_0/fifo_timer_r/mem\[1\]\[6\]$_DFFE_PP_/D
     383+ |       0 |      73 |       11 |      0 |    82 |    +0.0% |  -26.325 |     -824.3 |    -3803.2 |   5337 | dot_0/fifo_timer_r/mem\[1\]\[6\]$_DFFE_PP_/D
     385+ |       0 |      74 |       11 |      0 |    82 |    +0.0% |  -26.325 |     -824.3 |    -3798.8 |   5337 | dot_0/fifo_timer_r/mem\[1\]\[6\]$_DFFE_PP_/D
     386+ |       0 |      74 |       11 |      0 |    82 |    +0.0% |  -26.325 |     -824.3 |    -3798.8 |   5337 | dot_0/fifo_timer_r/mem\[1\]\[6\]$_DFFE_PP_/D
     387+ |       0 |      74 |       11 |      0 |    82 |    +0.0% |  -26.325 |     -824.3 |    -3798.8 |   5337 | dot_0/fifo_timer_r/mem\[1\]\[6\]$_DFFE_PP_/D
     388+ |       0 |      74 |       11 |      0 |    82 |    +0.0% |  -26.325 |     -824.3 |    -3798.8 |   5337 | dot_0/fifo_timer_r/mem\[1\]\[6\]$_DFFE_PP_/D
     389+ |       0 |      74 |       11 |      0 |    82 |    +0.0% |  -26.325 |     -824.3 |    -3798.8 |   5337 | dot_0/fifo_timer_r/mem\[1\]\[6\]$_DFFE_PP_/D
     390+ |       0 |      74 |       11 |      0 |    82 |    +0.0% |  -26.325 |     -824.3 |    -3798.8 |   5337 | dot_0/fifo_timer_r/mem\[1\]\[6\]$_DFFE_PP_/D
     390+ |       0 |      74 |       11 |      0 |    82 |    +0.0% |  -26.325 |     -824.3 |    -3798.8 |   5337 | dot_0/fifo_timer_r/mem\[1\]\[6\]$_DFFE_PP_/D
     391+ |       0 |      74 |       11 |      0 |    82 |    +0.0% |  -26.325 |     -824.3 |    -3798.8 |   5337 | dot_0/fifo_timer_r/mem\[1\]\[6\]$_DFFE_PP_/D
     392+ |       0 |      74 |       11 |      0 |    82 |    +0.0% |  -26.325 |     -824.3 |    -3798.8 |   5337 | dot_0/fifo_timer_r/mem\[1\]\[6\]$_DFFE_PP_/D
     393+ |       0 |      74 |       11 |      0 |    82 |    +0.0% |  -26.325 |     -824.3 |    -3798.8 |   5337 | dot_0/fifo_timer_r/mem\[1\]\[6\]$_DFFE_PP_/D
     394+ |       0 |      74 |       11 |      0 |    82 |    +0.0% |  -26.325 |     -824.3 |    -3798.8 |   5337 | dot_0/fifo_timer_r/mem\[1\]\[6\]$_DFFE_PP_/D
     395+ |       0 |      74 |       11 |      0 |    82 |    +0.0% |  -26.325 |     -824.3 |    -3798.8 |   5337 | dot_0/fifo_timer_r/mem\[1\]\[6\]$_DFFE_PP_/D
     396+ |       0 |      74 |       11 |      0 |    82 |    +0.0% |  -26.325 |     -824.3 |    -3798.8 |   5337 | dot_0/fifo_timer_r/mem\[1\]\[6\]$_DFFE_PP_/D
     397+ |       0 |      74 |       11 |      0 |    82 |    +0.0% |  -26.325 |     -824.3 |    -3798.8 |   5337 | dot_0/fifo_timer_r/mem\[1\]\[6\]$_DFFE_PP_/D
     398+ |       0 |      74 |       11 |      0 |    82 |    +0.0% |  -26.325 |     -824.3 |    -3798.8 |   5337 | dot_0/fifo_timer_r/mem\[1\]\[6\]$_DFFE_PP_/D
     399+ |       0 |      74 |       11 |      0 |    82 |    +0.0% |  -26.325 |     -824.3 |    -3798.8 |   5337 | dot_0/fifo_timer_r/mem\[1\]\[6\]$_DFFE_PP_/D
     400+ |       0 |      74 |       11 |      0 |    82 |    +0.0% |  -26.325 |     -824.3 |    -3798.8 |   5337 | dot_0/fifo_timer_r/mem\[1\]\[6\]$_DFFE_PP_/D
     400+ |       0 |      74 |       11 |      0 |    82 |    +0.0% |  -26.325 |     -824.3 |    -3798.8 |   5337 | dot_0/fifo_timer_r/mem\[1\]\[6\]$_DFFE_PP_/D
     402+ |       0 |      75 |       11 |      0 |    82 |    +0.0% |  -26.325 |     -824.3 |    -3796.2 |   5337 | dot_0/fifo_timer_r/mem\[1\]\[6\]$_DFFE_PP_/D
     403+ |       0 |      75 |       11 |      0 |    82 |    +0.0% |  -26.325 |     -824.3 |    -3796.2 |   5337 | dot_0/fifo_timer_r/mem\[1\]\[6\]$_DFFE_PP_/D
     404+ |       0 |      75 |       11 |      0 |    82 |    +0.0% |  -26.325 |     -824.3 |    -3796.2 |   5337 | dot_0/fifo_timer_r/mem\[1\]\[6\]$_DFFE_PP_/D
     405+ |       0 |      75 |       11 |      0 |    82 |    +0.0% |  -26.325 |     -824.3 |    -3796.2 |   5337 | dot_0/fifo_timer_r/mem\[1\]\[6\]$_DFFE_PP_/D
     406+ |       0 |      75 |       11 |      0 |    82 |    +0.0% |  -26.325 |     -824.3 |    -3796.2 |   5337 | dot_0/fifo_timer_r/mem\[1\]\[6\]$_DFFE_PP_/D
     407+ |       0 |      75 |       11 |      0 |    82 |    +0.0% |  -26.325 |     -824.3 |    -3796.2 |   5337 | dot_0/fifo_timer_r/mem\[1\]\[6\]$_DFFE_PP_/D
     408+ |       0 |      75 |       11 |      0 |    82 |    +0.0% |  -26.325 |     -824.3 |    -3796.2 |   5337 | dot_0/fifo_timer_r/mem\[1\]\[6\]$_DFFE_PP_/D
     409+ |       0 |      75 |       11 |      0 |    82 |    +0.0% |  -26.325 |     -824.3 |    -3796.2 |   5337 | dot_0/fifo_timer_r/mem\[1\]\[6\]$_DFFE_PP_/D
     410+ |       0 |      75 |       11 |      0 |    82 |    +0.0% |  -26.325 |     -824.3 |    -3796.2 |   5337 | dot_0/fifo_timer_r/mem\[1\]\[6\]$_DFFE_PP_/D
     410+ |       0 |      75 |       11 |      0 |    82 |    +0.0% |  -26.325 |     -824.3 |    -3796.2 |   5337 | dot_0/fifo_timer_r/mem\[1\]\[6\]$_DFFE_PP_/D
     411+ |       0 |      75 |       11 |      0 |    82 |    +0.0% |  -26.325 |     -824.3 |    -3796.2 |   5337 | dot_0/fifo_timer_r/mem\[1\]\[6\]$_DFFE_PP_/D
     413+ |       0 |      77 |       11 |      0 |    82 |    +0.0% |  -26.325 |     -824.3 |    -3736.9 |   5337 | dot_0/fifo_timer_r/mem\[1\]\[6\]$_DFFE_PP_/D
     414+ |       0 |      77 |       11 |      0 |    82 |    +0.0% |  -26.325 |     -824.3 |    -3736.9 |   5337 | dot_0/fifo_timer_r/mem\[1\]\[6\]$_DFFE_PP_/D
     415+ |       0 |      77 |       11 |      0 |    82 |    +0.0% |  -26.325 |     -824.3 |    -3736.9 |   5337 | dot_0/fifo_timer_r/mem\[1\]\[6\]$_DFFE_PP_/D
     416+ |       0 |      77 |       11 |      0 |    82 |    +0.0% |  -26.325 |     -824.3 |    -3736.9 |   5337 | dot_0/fifo_timer_r/mem\[1\]\[6\]$_DFFE_PP_/D
     417+ |       0 |      77 |       11 |      0 |    82 |    +0.0% |  -26.325 |     -824.3 |    -3736.9 |   5337 | dot_0/fifo_timer_r/mem\[1\]\[6\]$_DFFE_PP_/D
     418+ |       0 |      77 |       11 |      0 |    82 |    +0.0% |  -26.325 |     -824.3 |    -3736.9 |   5337 | dot_0/fifo_timer_r/mem\[1\]\[6\]$_DFFE_PP_/D
     420+ |       0 |      78 |       11 |      0 |    82 |    +0.0% |  -26.325 |     -824.3 |    -3695.8 |   5337 | dot_0/fifo_timer_r/mem\[1\]\[6\]$_DFFE_PP_/D
     421+ |       0 |      80 |       11 |      0 |    82 |    +0.0% |  -26.325 |     -823.3 |    -3607.4 |   5337 | dot_0/fifo_timer_r/mem\[1\]\[6\]$_DFFE_PP_/D
     422+ |       0 |      80 |       11 |      0 |    82 |    +0.0% |  -26.325 |     -823.3 |    -3607.4 |   5337 | dot_0/fifo_timer_r/mem\[1\]\[6\]$_DFFE_PP_/D
     423+ |       0 |      80 |       11 |      0 |    82 |    +0.0% |  -26.325 |     -823.3 |    -3607.4 |   5337 | dot_0/fifo_timer_r/mem\[1\]\[6\]$_DFFE_PP_/D
     424+ |       0 |      80 |       11 |      0 |    82 |    +0.0% |  -26.325 |     -823.3 |    -3607.4 |   5337 | dot_0/fifo_timer_r/mem\[1\]\[6\]$_DFFE_PP_/D
     425+ |       0 |      80 |       11 |      0 |    82 |    +0.0% |  -26.325 |     -823.3 |    -3607.4 |   5337 | dot_0/fifo_timer_r/mem\[1\]\[6\]$_DFFE_PP_/D
     426+ |       0 |      80 |       11 |      0 |    82 |    +0.0% |  -26.325 |     -823.3 |    -3607.4 |   5337 | dot_0/fifo_timer_r/mem\[1\]\[6\]$_DFFE_PP_/D
     427+ |       0 |      80 |       11 |      0 |    82 |    +0.0% |  -26.325 |     -823.3 |    -3607.4 |   5337 | dot_0/fifo_timer_r/mem\[1\]\[6\]$_DFFE_PP_/D
     428+ |       0 |      80 |       11 |      0 |    82 |    +0.0% |  -26.325 |     -823.3 |    -3607.4 |   5337 | dot_0/fifo_timer_r/mem\[1\]\[6\]$_DFFE_PP_/D
     429+ |       0 |      80 |       11 |      0 |    82 |    +0.0% |  -26.325 |     -823.3 |    -3607.4 |   5337 | dot_0/fifo_timer_r/mem\[1\]\[6\]$_DFFE_PP_/D
     430+ |       0 |      80 |       11 |      0 |    82 |    +0.0% |  -26.325 |     -823.3 |    -3607.4 |   5337 | dot_0/fifo_timer_r/mem\[1\]\[6\]$_DFFE_PP_/D
     430+ |       0 |      80 |       11 |      0 |    82 |    +0.0% |  -26.325 |     -823.3 |    -3607.4 |   5337 | dot_0/fifo_timer_r/mem\[1\]\[6\]$_DFFE_PP_/D
     431+ |       0 |      80 |       11 |      0 |    82 |    +0.0% |  -26.325 |     -823.3 |    -3607.4 |   5337 | dot_0/fifo_timer_r/mem\[1\]\[6\]$_DFFE_PP_/D
     432+ |       0 |      80 |       11 |      0 |    82 |    +0.0% |  -26.325 |     -823.3 |    -3607.4 |   5337 | dot_0/fifo_timer_r/mem\[1\]\[6\]$_DFFE_PP_/D
     433+ |       0 |      80 |       11 |      0 |    82 |    +0.0% |  -26.325 |     -823.3 |    -3607.4 |   5337 | dot_0/fifo_timer_r/mem\[1\]\[6\]$_DFFE_PP_/D
     434+ |       0 |      80 |       11 |      0 |    82 |    +0.0% |  -26.325 |     -823.3 |    -3607.4 |   5337 | dot_0/fifo_timer_r/mem\[1\]\[6\]$_DFFE_PP_/D
     435+ |       0 |      80 |       11 |      0 |    82 |    +0.0% |  -26.325 |     -823.3 |    -3607.4 |   5337 | dot_0/fifo_timer_r/mem\[1\]\[6\]$_DFFE_PP_/D
     436+ |       0 |      80 |       11 |      0 |    82 |    +0.0% |  -26.325 |     -823.3 |    -3607.4 |   5337 | dot_0/fifo_timer_r/mem\[1\]\[6\]$_DFFE_PP_/D
     437+ |       0 |      80 |       11 |      0 |    82 |    +0.0% |  -26.325 |     -823.3 |    -3607.4 |   5337 | dot_0/fifo_timer_r/mem\[1\]\[6\]$_DFFE_PP_/D
     438+ |       0 |      80 |       11 |      0 |    82 |    +0.0% |  -26.325 |     -823.3 |    -3607.4 |   5337 | dot_0/fifo_timer_r/mem\[1\]\[6\]$_DFFE_PP_/D
     439+ |       0 |      80 |       11 |      0 |    82 |    +0.0% |  -26.325 |     -823.3 |    -3607.4 |   5337 | dot_0/fifo_timer_r/mem\[1\]\[6\]$_DFFE_PP_/D
     440+ |       0 |      80 |       11 |      0 |    82 |    +0.0% |  -26.325 |     -823.3 |    -3607.4 |   5337 | dot_0/fifo_timer_r/mem\[1\]\[6\]$_DFFE_PP_/D
     440+ |       0 |      80 |       11 |      0 |    82 |    +0.0% |  -26.325 |     -823.3 |    -3607.4 |   5337 | dot_0/fifo_timer_r/mem\[1\]\[6\]$_DFFE_PP_/D
     441+ |       0 |      80 |       11 |      0 |    82 |    +0.0% |  -26.325 |     -823.3 |    -3607.4 |   5337 | dot_0/fifo_timer_r/mem\[1\]\[6\]$_DFFE_PP_/D
     442+ |       0 |      80 |       11 |      0 |    82 |    +0.0% |  -26.325 |     -823.3 |    -3607.4 |   5337 | dot_0/fifo_timer_r/mem\[1\]\[6\]$_DFFE_PP_/D
     443+ |       0 |      80 |       11 |      0 |    82 |    +0.0% |  -26.325 |     -823.3 |    -3607.4 |   5337 | dot_0/fifo_timer_r/mem\[1\]\[6\]$_DFFE_PP_/D
     444+ |       0 |      80 |       11 |      0 |    82 |    +0.0% |  -26.325 |     -823.3 |    -3607.4 |   5337 | dot_0/fifo_timer_r/mem\[1\]\[6\]$_DFFE_PP_/D
     445+ |       0 |      80 |       11 |      0 |    82 |    +0.0% |  -26.325 |     -823.3 |    -3607.4 |   5337 | dot_0/fifo_timer_r/mem\[1\]\[6\]$_DFFE_PP_/D
     446+ |       0 |      80 |       11 |      0 |    82 |    +0.0% |  -26.325 |     -823.3 |    -3607.4 |   5337 | dot_0/fifo_timer_r/mem\[1\]\[6\]$_DFFE_PP_/D
     447+ |       0 |      80 |       11 |      0 |    82 |    +0.0% |  -26.325 |     -823.3 |    -3607.4 |   5337 | dot_0/fifo_timer_r/mem\[1\]\[6\]$_DFFE_PP_/D
     448+ |       0 |      80 |       11 |      0 |    82 |    +0.0% |  -26.325 |     -823.3 |    -3607.4 |   5337 | dot_0/fifo_timer_r/mem\[1\]\[6\]$_DFFE_PP_/D
     449+ |       0 |      80 |       11 |      0 |    82 |    +0.0% |  -26.325 |     -823.3 |    -3607.4 |   5337 | dot_0/fifo_timer_r/mem\[1\]\[6\]$_DFFE_PP_/D
     450+ |       0 |      80 |       11 |      0 |    82 |    +0.0% |  -26.325 |     -823.3 |    -3607.4 |   5337 | dot_0/fifo_timer_r/mem\[1\]\[6\]$_DFFE_PP_/D
     450+ |       0 |      80 |       11 |      0 |    82 |    +0.0% |  -26.325 |     -823.3 |    -3607.4 |   5337 | dot_0/fifo_timer_r/mem\[1\]\[6\]$_DFFE_PP_/D
     451+ |       0 |      80 |       11 |      0 |    82 |    +0.0% |  -26.325 |     -823.3 |    -3607.4 |   5337 | dot_0/fifo_timer_r/mem\[1\]\[6\]$_DFFE_PP_/D
     452+ |       0 |      80 |       11 |      0 |    82 |    +0.0% |  -26.325 |     -823.3 |    -3607.4 |   5337 | dot_0/fifo_timer_r/mem\[1\]\[6\]$_DFFE_PP_/D
     453+ |       0 |      80 |       11 |      0 |    82 |    +0.0% |  -26.325 |     -823.3 |    -3607.4 |   5337 | dot_0/fifo_timer_r/mem\[1\]\[6\]$_DFFE_PP_/D
     454+ |       0 |      80 |       11 |      0 |    82 |    +0.0% |  -26.325 |     -823.3 |    -3607.4 |   5337 | dot_0/fifo_timer_r/mem\[1\]\[6\]$_DFFE_PP_/D
     455+ |       0 |      80 |       11 |      0 |    82 |    +0.0% |  -26.325 |     -823.3 |    -3607.4 |   5337 | dot_0/fifo_timer_r/mem\[1\]\[6\]$_DFFE_PP_/D
     456+ |       0 |      80 |       11 |      0 |    82 |    +0.0% |  -26.325 |     -823.3 |    -3607.4 |   5337 | dot_0/fifo_timer_r/mem\[1\]\[6\]$_DFFE_PP_/D
     457+ |       0 |      80 |       11 |      0 |    82 |    +0.0% |  -26.325 |     -823.3 |    -3607.4 |   5337 | dot_0/fifo_timer_r/mem\[1\]\[6\]$_DFFE_PP_/D
     458+ |       0 |      80 |       11 |      0 |    82 |    +0.0% |  -26.325 |     -823.3 |    -3607.4 |   5337 | dot_0/fifo_timer_r/mem\[1\]\[6\]$_DFFE_PP_/D
     459+ |       0 |      80 |       11 |      0 |    82 |    +0.0% |  -26.325 |     -823.3 |    -3607.4 |   5337 | dot_0/fifo_timer_r/mem\[1\]\[6\]$_DFFE_PP_/D
     460+ |       0 |      80 |       11 |      0 |    82 |    +0.0% |  -26.325 |     -823.3 |    -3607.4 |   5337 | dot_0/fifo_timer_r/mem\[1\]\[6\]$_DFFE_PP_/D
     460+ |       0 |      80 |       11 |      0 |    82 |    +0.0% |  -26.325 |     -823.3 |    -3607.4 |   5337 | dot_0/fifo_timer_r/mem\[1\]\[6\]$_DFFE_PP_/D
     461+ |       0 |      80 |       11 |      0 |    82 |    +0.0% |  -26.325 |     -823.3 |    -3607.4 |   5337 | dot_0/fifo_timer_r/mem\[1\]\[6\]$_DFFE_PP_/D
     462+ |       0 |      80 |       11 |      0 |    82 |    +0.0% |  -26.325 |     -823.3 |    -3607.4 |   5337 | dot_0/fifo_timer_r/mem\[1\]\[6\]$_DFFE_PP_/D
     463+ |       0 |      80 |       11 |      0 |    82 |    +0.0% |  -26.325 |     -823.3 |    -3607.4 |   5337 | dot_0/fifo_timer_r/mem\[1\]\[6\]$_DFFE_PP_/D
     464+ |       0 |      80 |       11 |      0 |    82 |    +0.0% |  -26.325 |     -823.3 |    -3607.4 |   5337 | dot_0/fifo_timer_r/mem\[1\]\[6\]$_DFFE_PP_/D
     465+ |       0 |      80 |       11 |      0 |    82 |    +0.0% |  -26.325 |     -823.3 |    -3607.4 |   5337 | dot_0/fifo_timer_r/mem\[1\]\[6\]$_DFFE_PP_/D
     466+ |       0 |      80 |       11 |      0 |    82 |    +0.0% |  -26.325 |     -823.3 |    -3607.4 |   5337 | dot_0/fifo_timer_r/mem\[1\]\[6\]$_DFFE_PP_/D
     467+ |       0 |      80 |       11 |      0 |    82 |    +0.0% |  -26.325 |     -823.3 |    -3607.4 |   5337 | dot_0/fifo_timer_r/mem\[1\]\[6\]$_DFFE_PP_/D
     468+ |       0 |      80 |       11 |      0 |    82 |    +0.0% |  -26.325 |     -823.3 |    -3607.4 |   5337 | dot_0/fifo_timer_r/mem\[1\]\[6\]$_DFFE_PP_/D
     469+ |       0 |      80 |       11 |      0 |    82 |    +0.0% |  -26.325 |     -823.3 |    -3607.4 |   5337 | dot_0/fifo_timer_r/mem\[1\]\[6\]$_DFFE_PP_/D
     470+ |       0 |      80 |       11 |      0 |    82 |    +0.0% |  -26.325 |     -823.3 |    -3607.4 |   5337 | dot_0/fifo_timer_r/mem\[1\]\[6\]$_DFFE_PP_/D
     470+ |       0 |      80 |       11 |      0 |    82 |    +0.0% |  -26.325 |     -823.3 |    -3607.4 |   5337 | dot_0/fifo_timer_r/mem\[1\]\[6\]$_DFFE_PP_/D
     471+ |       0 |      80 |       11 |      0 |    82 |    +0.0% |  -26.325 |     -823.3 |    -3607.4 |   5337 | dot_0/fifo_timer_r/mem\[1\]\[6\]$_DFFE_PP_/D
     472+ |       0 |      80 |       11 |      0 |    82 |    +0.0% |  -26.325 |     -823.3 |    -3607.4 |   5337 | dot_0/fifo_timer_r/mem\[1\]\[6\]$_DFFE_PP_/D
     473+ |       0 |      80 |       11 |      0 |    82 |    +0.0% |  -26.325 |     -823.3 |    -3607.4 |   5337 | dot_0/fifo_timer_r/mem\[1\]\[6\]$_DFFE_PP_/D
     474+ |       0 |      80 |       11 |      0 |    82 |    +0.0% |  -26.325 |     -823.3 |    -3607.4 |   5337 | dot_0/fifo_timer_r/mem\[1\]\[6\]$_DFFE_PP_/D
     475+ |       0 |      80 |       11 |      0 |    82 |    +0.0% |  -26.325 |     -823.3 |    -3607.4 |   5337 | dot_0/fifo_timer_r/mem\[1\]\[6\]$_DFFE_PP_/D
     476+ |       0 |      80 |       11 |      0 |    82 |    +0.0% |  -26.325 |     -823.3 |    -3607.4 |   5337 | dot_0/fifo_timer_r/mem\[1\]\[6\]$_DFFE_PP_/D
     477+ |       0 |      80 |       11 |      0 |    82 |    +0.0% |  -26.325 |     -823.3 |    -3607.4 |   5337 | dot_0/fifo_timer_r/mem\[1\]\[6\]$_DFFE_PP_/D
     478+ |       0 |      80 |       11 |      0 |    82 |    +0.0% |  -26.325 |     -823.3 |    -3607.4 |   5337 | dot_0/fifo_timer_r/mem\[1\]\[6\]$_DFFE_PP_/D
     479+ |       0 |      80 |       11 |      0 |    82 |    +0.0% |  -26.325 |     -823.3 |    -3607.4 |   5337 | dot_0/fifo_timer_r/mem\[1\]\[6\]$_DFFE_PP_/D
     480+ |       0 |      80 |       11 |      0 |    82 |    +0.0% |  -26.325 |     -823.3 |    -3607.4 |   5337 | dot_0/fifo_timer_r/mem\[1\]\[6\]$_DFFE_PP_/D
     480+ |       0 |      80 |       11 |      0 |    82 |    +0.0% |  -26.325 |     -823.3 |    -3607.4 |   5337 | dot_0/fifo_timer_r/mem\[1\]\[6\]$_DFFE_PP_/D
     481+ |       0 |      80 |       11 |      0 |    82 |    +0.0% |  -26.325 |     -823.3 |    -3607.4 |   5337 | dot_0/fifo_timer_r/mem\[1\]\[6\]$_DFFE_PP_/D
     482+ |       0 |      80 |       11 |      0 |    82 |    +0.0% |  -26.325 |     -823.3 |    -3607.4 |   5337 | dot_0/fifo_timer_r/mem\[1\]\[6\]$_DFFE_PP_/D
     483+ |       0 |      80 |       11 |      0 |    82 |    +0.0% |  -26.325 |     -823.3 |    -3607.4 |   5337 | dot_0/fifo_timer_r/mem\[1\]\[6\]$_DFFE_PP_/D
     484+ |       0 |      80 |       11 |      0 |    82 |    +0.0% |  -26.325 |     -823.3 |    -3607.4 |   5337 | dot_0/fifo_timer_r/mem\[1\]\[6\]$_DFFE_PP_/D
     485+ |       0 |      80 |       11 |      0 |    82 |    +0.0% |  -26.325 |     -823.3 |    -3607.4 |   5337 | dot_0/fifo_timer_r/mem\[1\]\[6\]$_DFFE_PP_/D
     486+ |       0 |      80 |       11 |      0 |    82 |    +0.0% |  -26.325 |     -823.3 |    -3607.4 |   5337 | dot_0/fifo_timer_r/mem\[1\]\[6\]$_DFFE_PP_/D
     487+ |       0 |      80 |       11 |      0 |    82 |    +0.0% |  -26.325 |     -823.3 |    -3607.4 |   5337 | dot_0/fifo_timer_r/mem\[1\]\[6\]$_DFFE_PP_/D
     488+ |       0 |      80 |       11 |      0 |    82 |    +0.0% |  -26.325 |     -823.3 |    -3607.4 |   5337 | dot_0/fifo_timer_r/mem\[1\]\[6\]$_DFFE_PP_/D
     489+ |       0 |      80 |       11 |      0 |    82 |    +0.0% |  -26.325 |     -823.3 |    -3607.4 |   5337 | dot_0/fifo_timer_r/mem\[1\]\[6\]$_DFFE_PP_/D
     490+ |       0 |      80 |       11 |      0 |    82 |    +0.0% |  -26.325 |     -823.3 |    -3607.4 |   5337 | dot_0/fifo_timer_r/mem\[1\]\[6\]$_DFFE_PP_/D
     490+ |       0 |      80 |       11 |      0 |    82 |    +0.0% |  -26.325 |     -823.3 |    -3607.4 |   5337 | dot_0/fifo_timer_r/mem\[1\]\[6\]$_DFFE_PP_/D
     491+ |       0 |      80 |       11 |      0 |    82 |    +0.0% |  -26.325 |     -823.3 |    -3607.4 |   5337 | dot_0/fifo_timer_r/mem\[1\]\[6\]$_DFFE_PP_/D
     492+ |       0 |      80 |       11 |      0 |    82 |    +0.0% |  -26.325 |     -823.3 |    -3607.4 |   5337 | dot_0/fifo_timer_r/mem\[1\]\[6\]$_DFFE_PP_/D
     493+ |       0 |      80 |       11 |      0 |    82 |    +0.0% |  -26.325 |     -823.3 |    -3607.4 |   5337 | dot_0/fifo_timer_r/mem\[1\]\[6\]$_DFFE_PP_/D
     494+ |       0 |      80 |       11 |      0 |    82 |    +0.0% |  -26.325 |     -823.3 |    -3607.4 |   5337 | dot_0/fifo_timer_r/mem\[1\]\[6\]$_DFFE_PP_/D
     495+ |       0 |      80 |       11 |      0 |    82 |    +0.0% |  -26.325 |     -823.3 |    -3607.4 |   5337 | dot_0/fifo_timer_r/mem\[1\]\[6\]$_DFFE_PP_/D
     496+ |       0 |      80 |       11 |      0 |    82 |    +0.0% |  -26.325 |     -823.3 |    -3607.4 |   5337 | dot_0/fifo_timer_r/mem\[1\]\[6\]$_DFFE_PP_/D
     497+ |       0 |      80 |       11 |      0 |    82 |    +0.0% |  -26.325 |     -823.3 |    -3607.4 |   5337 | dot_0/fifo_timer_r/mem\[1\]\[6\]$_DFFE_PP_/D
     498+ |       0 |      80 |       11 |      0 |    82 |    +0.0% |  -26.325 |     -823.3 |    -3607.4 |   5337 | dot_0/fifo_timer_r/mem\[1\]\[6\]$_DFFE_PP_/D
     499+ |       0 |      80 |       11 |      0 |    82 |    +0.0% |  -26.325 |     -823.3 |    -3607.4 |   5337 | dot_0/fifo_timer_r/mem\[1\]\[6\]$_DFFE_PP_/D
     500+ |       0 |      80 |       11 |      0 |    82 |    +0.0% |  -26.325 |     -823.3 |    -3607.4 |   5337 | dot_0/fifo_timer_r/mem\[1\]\[6\]$_DFFE_PP_/D
     500+ |       0 |      80 |       11 |      0 |    82 |    +0.0% |  -26.325 |     -823.3 |    -3607.4 |   5337 | dot_0/fifo_timer_r/mem\[1\]\[6\]$_DFFE_PP_/D
     501+ |       0 |      80 |       11 |      0 |    82 |    +0.0% |  -26.325 |     -823.3 |    -3607.4 |   5337 | dot_0/fifo_timer_r/mem\[1\]\[6\]$_DFFE_PP_/D
     502+ |       0 |      80 |       11 |      0 |    82 |    +0.0% |  -26.325 |     -823.3 |    -3607.4 |   5337 | dot_0/fifo_timer_r/mem\[1\]\[6\]$_DFFE_PP_/D
     503+ |       0 |      80 |       11 |      0 |    82 |    +0.0% |  -26.325 |     -823.3 |    -3607.4 |   5337 | dot_0/fifo_timer_r/mem\[1\]\[6\]$_DFFE_PP_/D
     504+ |       0 |      80 |       11 |      0 |    82 |    +0.0% |  -26.325 |     -823.3 |    -3607.4 |   5337 | dot_0/fifo_timer_r/mem\[1\]\[6\]$_DFFE_PP_/D
     505+ |       0 |      80 |       11 |      0 |    82 |    +0.0% |  -26.325 |     -823.3 |    -3607.4 |   5337 | dot_0/fifo_timer_r/mem\[1\]\[6\]$_DFFE_PP_/D
     506+ |       0 |      80 |       11 |      0 |    82 |    +0.0% |  -26.325 |     -823.3 |    -3607.4 |   5337 | dot_0/fifo_timer_r/mem\[1\]\[6\]$_DFFE_PP_/D
     507+ |       0 |      80 |       11 |      0 |    82 |    +0.0% |  -26.325 |     -823.3 |    -3607.4 |   5337 | dot_0/fifo_timer_r/mem\[1\]\[6\]$_DFFE_PP_/D
     508+ |       0 |      80 |       11 |      0 |    82 |    +0.0% |  -26.325 |     -823.3 |    -3607.4 |   5337 | dot_0/fifo_timer_r/mem\[1\]\[6\]$_DFFE_PP_/D
     509+ |       0 |      80 |       11 |      0 |    82 |    +0.0% |  -26.325 |     -823.3 |    -3607.4 |   5337 | dot_0/fifo_timer_r/mem\[1\]\[6\]$_DFFE_PP_/D
     510+ |       0 |      80 |       11 |      0 |    82 |    +0.0% |  -26.325 |     -823.3 |    -3607.4 |   5337 | dot_0/fifo_timer_r/mem\[1\]\[6\]$_DFFE_PP_/D
     510+ |       0 |      80 |       11 |      0 |    82 |    +0.0% |  -26.325 |     -823.3 |    -3607.4 |   5337 | dot_0/fifo_timer_r/mem\[1\]\[6\]$_DFFE_PP_/D
     511+ |       0 |      80 |       11 |      0 |    82 |    +0.0% |  -26.325 |     -823.3 |    -3607.4 |   5337 | dot_0/fifo_timer_r/mem\[1\]\[6\]$_DFFE_PP_/D
     512+ |       0 |      80 |       11 |      0 |    82 |    +0.0% |  -26.325 |     -823.3 |    -3607.4 |   5337 | dot_0/fifo_timer_r/mem\[1\]\[6\]$_DFFE_PP_/D
     513+ |       0 |      80 |       11 |      0 |    82 |    +0.0% |  -26.325 |     -823.3 |    -3607.4 |   5337 | dot_0/fifo_timer_r/mem\[1\]\[6\]$_DFFE_PP_/D
     514+ |       0 |      80 |       11 |      0 |    82 |    +0.0% |  -26.325 |     -823.3 |    -3607.4 |   5337 | dot_0/fifo_timer_r/mem\[1\]\[6\]$_DFFE_PP_/D
     515+ |       0 |      80 |       11 |      0 |    82 |    +0.0% |  -26.325 |     -823.3 |    -3607.4 |   5337 | dot_0/fifo_timer_r/mem\[1\]\[6\]$_DFFE_PP_/D
     516+ |       0 |      80 |       11 |      0 |    82 |    +0.0% |  -26.325 |     -823.3 |    -3607.4 |   5337 | dot_0/fifo_timer_r/mem\[1\]\[6\]$_DFFE_PP_/D
     517+ |       0 |      80 |       11 |      0 |    82 |    +0.0% |  -26.325 |     -823.3 |    -3607.4 |   5337 | dot_0/fifo_timer_r/mem\[1\]\[6\]$_DFFE_PP_/D
     518+ |       0 |      80 |       11 |      0 |    82 |    +0.0% |  -26.325 |     -823.3 |    -3607.4 |   5337 | dot_0/fifo_timer_r/mem\[1\]\[6\]$_DFFE_PP_/D
     519+ |       0 |      80 |       11 |      0 |    82 |    +0.0% |  -26.325 |     -823.3 |    -3607.4 |   5337 | dot_0/fifo_timer_r/mem\[1\]\[6\]$_DFFE_PP_/D
     520+ |       0 |      80 |       11 |      0 |    82 |    +0.0% |  -26.325 |     -823.3 |    -3607.4 |   5337 | dot_0/fifo_timer_r/mem\[1\]\[6\]$_DFFE_PP_/D
     520+ |       0 |      80 |       11 |      0 |    82 |    +0.0% |  -26.325 |     -823.3 |    -3607.4 |   5337 | dot_0/fifo_timer_r/mem\[1\]\[6\]$_DFFE_PP_/D
     521+ |       0 |      80 |       11 |      0 |    82 |    +0.0% |  -26.325 |     -823.3 |    -3607.4 |   5337 | dot_0/fifo_timer_r/mem\[1\]\[6\]$_DFFE_PP_/D
     522+ |       0 |      80 |       11 |      0 |    82 |    +0.0% |  -26.325 |     -823.3 |    -3607.4 |   5337 | dot_0/fifo_timer_r/mem\[1\]\[6\]$_DFFE_PP_/D
     523+ |       0 |      80 |       11 |      0 |    82 |    +0.0% |  -26.325 |     -823.3 |    -3607.4 |   5337 | dot_0/fifo_timer_r/mem\[1\]\[6\]$_DFFE_PP_/D
     525+ |       0 |      82 |       11 |      0 |    82 |    +0.0% |  -26.325 |     -823.3 |    -3590.1 |   5337 | dot_0/fifo_timer_r/mem\[1\]\[6\]$_DFFE_PP_/D
     526+ |       0 |      82 |       11 |      0 |    82 |    +0.0% |  -26.325 |     -823.3 |    -3590.1 |   5337 | dot_0/fifo_timer_r/mem\[1\]\[6\]$_DFFE_PP_/D
     527+ |       0 |      82 |       11 |      0 |    82 |    +0.0% |  -26.325 |     -823.3 |    -3590.1 |   5337 | dot_0/fifo_timer_r/mem\[1\]\[6\]$_DFFE_PP_/D
     528+ |       0 |      82 |       11 |      0 |    82 |    +0.0% |  -26.325 |     -823.3 |    -3590.1 |   5337 | dot_0/fifo_timer_r/mem\[1\]\[6\]$_DFFE_PP_/D
     529+ |       0 |      82 |       11 |      0 |    82 |    +0.0% |  -26.325 |     -823.3 |    -3590.1 |   5337 | dot_0/fifo_timer_r/mem\[1\]\[6\]$_DFFE_PP_/D
     530+ |       0 |      82 |       11 |      0 |    82 |    +0.0% |  -26.325 |     -823.3 |    -3590.1 |   5337 | dot_0/fifo_timer_r/mem\[1\]\[6\]$_DFFE_PP_/D
     530+ |       0 |      82 |       11 |      0 |    82 |    +0.0% |  -26.325 |     -823.3 |    -3590.1 |   5337 | dot_0/fifo_timer_r/mem\[1\]\[6\]$_DFFE_PP_/D
     531+ |       0 |      82 |       11 |      0 |    82 |    +0.0% |  -26.325 |     -823.3 |    -3590.1 |   5337 | dot_0/fifo_timer_r/mem\[1\]\[6\]$_DFFE_PP_/D
     532+ |       0 |      82 |       11 |      0 |    82 |    +0.0% |  -26.325 |     -823.3 |    -3590.1 |   5337 | dot_0/fifo_timer_r/mem\[1\]\[6\]$_DFFE_PP_/D
     533+ |       0 |      82 |       11 |      0 |    82 |    +0.0% |  -26.325 |     -823.3 |    -3590.1 |   5337 | dot_0/fifo_timer_r/mem\[1\]\[6\]$_DFFE_PP_/D
     534+ |       0 |      82 |       11 |      0 |    82 |    +0.0% |  -26.325 |     -823.3 |    -3590.1 |   5337 | dot_0/fifo_timer_r/mem\[1\]\[6\]$_DFFE_PP_/D
     535+ |       0 |      82 |       11 |      0 |    82 |    +0.0% |  -26.325 |     -823.3 |    -3590.1 |   5337 | dot_0/fifo_timer_r/mem\[1\]\[6\]$_DFFE_PP_/D
     536+ |       0 |      82 |       11 |      0 |    82 |    +0.0% |  -26.325 |     -823.3 |    -3590.1 |   5337 | dot_0/fifo_timer_r/mem\[1\]\[6\]$_DFFE_PP_/D
     537+ |       0 |      82 |       11 |      0 |    82 |    +0.0% |  -26.325 |     -823.3 |    -3590.1 |   5337 | dot_0/fifo_timer_r/mem\[1\]\[6\]$_DFFE_PP_/D
     538+ |       0 |      82 |       11 |      0 |    82 |    +0.0% |  -26.325 |     -823.3 |    -3590.1 |   5337 | dot_0/fifo_timer_r/mem\[1\]\[6\]$_DFFE_PP_/D
     539+ |       0 |      82 |       11 |      0 |    82 |    +0.0% |  -26.325 |     -823.3 |    -3590.1 |   5337 | dot_0/fifo_timer_r/mem\[1\]\[6\]$_DFFE_PP_/D
     540+ |       0 |      82 |       11 |      0 |    82 |    +0.0% |  -26.325 |     -823.3 |    -3590.1 |   5337 | dot_0/fifo_timer_r/mem\[1\]\[6\]$_DFFE_PP_/D
     540+ |       0 |      82 |       11 |      0 |    82 |    +0.0% |  -26.325 |     -823.3 |    -3590.1 |   5337 | dot_0/fifo_timer_r/mem\[1\]\[6\]$_DFFE_PP_/D
     541+ |       0 |      82 |       11 |      0 |    82 |    +0.0% |  -26.325 |     -823.3 |    -3590.1 |   5337 | dot_0/fifo_timer_r/mem\[1\]\[6\]$_DFFE_PP_/D
     542+ |       0 |      82 |       11 |      0 |    82 |    +0.0% |  -26.325 |     -823.3 |    -3590.1 |   5337 | dot_0/fifo_timer_r/mem\[1\]\[6\]$_DFFE_PP_/D
     543+ |       0 |      83 |       11 |      0 |    82 |    +0.0% |  -26.325 |     -822.6 |    -3562.1 |   5337 | dot_0/fifo_timer_r/mem\[1\]\[6\]$_DFFE_PP_/D
     544+ |       0 |      83 |       11 |      0 |    82 |    +0.0% |  -26.325 |     -822.6 |    -3562.1 |   5337 | dot_0/fifo_timer_r/mem\[1\]\[6\]$_DFFE_PP_/D
     545+ |       0 |      83 |       11 |      0 |    82 |    +0.0% |  -26.325 |     -822.6 |    -3562.1 |   5337 | dot_0/fifo_timer_r/mem\[1\]\[6\]$_DFFE_PP_/D
     546+ |       0 |      83 |       11 |      0 |    82 |    +0.0% |  -26.325 |     -822.6 |    -3562.1 |   5337 | dot_0/fifo_timer_r/mem\[1\]\[6\]$_DFFE_PP_/D
     547+ |       0 |      83 |       11 |      0 |    82 |    +0.0% |  -26.325 |     -822.6 |    -3562.1 |   5337 | dot_0/fifo_timer_r/mem\[1\]\[6\]$_DFFE_PP_/D
     548+ |       0 |      83 |       11 |      0 |    82 |    +0.0% |  -26.325 |     -822.6 |    -3562.1 |   5337 | dot_0/fifo_timer_r/mem\[1\]\[6\]$_DFFE_PP_/D
     549+ |       0 |      83 |       11 |      0 |    82 |    +0.0% |  -26.325 |     -822.6 |    -3562.1 |   5337 | dot_0/fifo_timer_r/mem\[1\]\[6\]$_DFFE_PP_/D
     550+ |       0 |      83 |       11 |      0 |    82 |    +0.0% |  -26.325 |     -822.6 |    -3562.1 |   5337 | dot_0/fifo_timer_r/mem\[1\]\[6\]$_DFFE_PP_/D
     550+ |       0 |      83 |       11 |      0 |    82 |    +0.0% |  -26.325 |     -822.6 |    -3562.1 |   5337 | dot_0/fifo_timer_r/mem\[1\]\[6\]$_DFFE_PP_/D
     551+ |       0 |      83 |       11 |      0 |    82 |    +0.0% |  -26.325 |     -822.6 |    -3562.1 |   5337 | dot_0/fifo_timer_r/mem\[1\]\[6\]$_DFFE_PP_/D
     552+ |       0 |      83 |       11 |      0 |    82 |    +0.0% |  -26.325 |     -822.6 |    -3562.1 |   5337 | dot_0/fifo_timer_r/mem\[1\]\[6\]$_DFFE_PP_/D
     553+ |       0 |      83 |       11 |      0 |    82 |    +0.0% |  -26.325 |     -822.6 |    -3562.1 |   5337 | dot_0/fifo_timer_r/mem\[1\]\[6\]$_DFFE_PP_/D
     554+ |       0 |      83 |       11 |      0 |    82 |    +0.0% |  -26.325 |     -822.6 |    -3562.1 |   5337 | dot_0/fifo_timer_r/mem\[1\]\[6\]$_DFFE_PP_/D
     555+ |       0 |      83 |       11 |      0 |    82 |    +0.0% |  -26.325 |     -822.6 |    -3562.1 |   5337 | dot_0/fifo_timer_r/mem\[1\]\[6\]$_DFFE_PP_/D
     556+ |       0 |      83 |       11 |      0 |    82 |    +0.0% |  -26.325 |     -822.6 |    -3562.1 |   5337 | dot_0/fifo_timer_r/mem\[1\]\[6\]$_DFFE_PP_/D
     557+ |       0 |      83 |       11 |      0 |    82 |    +0.0% |  -26.325 |     -822.6 |    -3562.1 |   5337 | dot_0/fifo_timer_r/mem\[1\]\[6\]$_DFFE_PP_/D
     558+ |       0 |      83 |       11 |      0 |    82 |    +0.0% |  -26.325 |     -822.6 |    -3562.1 |   5337 | dot_0/fifo_timer_r/mem\[1\]\[6\]$_DFFE_PP_/D
     559+ |       0 |      83 |       11 |      0 |    82 |    +0.0% |  -26.325 |     -822.6 |    -3562.1 |   5337 | dot_0/fifo_timer_r/mem\[1\]\[6\]$_DFFE_PP_/D
     560+ |       0 |      83 |       11 |      0 |    82 |    +0.0% |  -26.325 |     -822.6 |    -3562.1 |   5337 | dot_0/fifo_timer_r/mem\[1\]\[6\]$_DFFE_PP_/D
     560+ |       0 |      83 |       11 |      0 |    82 |    +0.0% |  -26.325 |     -822.6 |    -3562.1 |   5337 | dot_0/fifo_timer_r/mem\[1\]\[6\]$_DFFE_PP_/D
     561+ |       0 |      83 |       11 |      0 |    82 |    +0.0% |  -26.325 |     -822.6 |    -3562.1 |   5337 | dot_0/fifo_timer_r/mem\[1\]\[6\]$_DFFE_PP_/D
     562+ |       0 |      83 |       11 |      0 |    82 |    +0.0% |  -26.325 |     -822.6 |    -3562.1 |   5337 | dot_0/fifo_timer_r/mem\[1\]\[6\]$_DFFE_PP_/D
     563+ |       0 |      83 |       11 |      0 |    82 |    +0.0% |  -26.325 |     -822.6 |    -3562.1 |   5337 | dot_0/fifo_timer_r/mem\[1\]\[6\]$_DFFE_PP_/D
     564+ |       0 |      83 |       11 |      0 |    82 |    +0.0% |  -26.325 |     -822.6 |    -3562.1 |   5337 | dot_0/fifo_timer_r/mem\[1\]\[6\]$_DFFE_PP_/D
     565+ |       0 |      83 |       11 |      0 |    82 |    +0.0% |  -26.325 |     -822.6 |    -3562.1 |   5337 | dot_0/fifo_timer_r/mem\[1\]\[6\]$_DFFE_PP_/D
     566+ |       0 |      83 |       11 |      0 |    82 |    +0.0% |  -26.325 |     -822.6 |    -3562.1 |   5337 | dot_0/fifo_timer_r/mem\[1\]\[6\]$_DFFE_PP_/D
     567+ |       0 |      83 |       11 |      0 |    82 |    +0.0% |  -26.325 |     -822.6 |    -3562.1 |   5337 | dot_0/fifo_timer_r/mem\[1\]\[6\]$_DFFE_PP_/D
     568+ |       0 |      83 |       11 |      0 |    82 |    +0.0% |  -26.325 |     -822.6 |    -3562.1 |   5337 | dot_0/fifo_timer_r/mem\[1\]\[6\]$_DFFE_PP_/D
     569+ |       0 |      83 |       11 |      0 |    82 |    +0.0% |  -26.325 |     -822.6 |    -3562.1 |   5337 | dot_0/fifo_timer_r/mem\[1\]\[6\]$_DFFE_PP_/D
     570+ |       0 |      83 |       11 |      0 |    82 |    +0.0% |  -26.325 |     -822.6 |    -3562.1 |   5337 | dot_0/fifo_timer_r/mem\[1\]\[6\]$_DFFE_PP_/D
     570+ |       0 |      83 |       11 |      0 |    82 |    +0.0% |  -26.325 |     -822.6 |    -3562.1 |   5337 | dot_0/fifo_timer_r/mem\[1\]\[6\]$_DFFE_PP_/D
     571+ |       0 |      83 |       11 |      0 |    82 |    +0.0% |  -26.325 |     -822.6 |    -3562.1 |   5337 | dot_0/fifo_timer_r/mem\[1\]\[6\]$_DFFE_PP_/D
     572+ |       0 |      83 |       11 |      0 |    82 |    +0.0% |  -26.325 |     -822.6 |    -3562.1 |   5337 | dot_0/fifo_timer_r/mem\[1\]\[6\]$_DFFE_PP_/D
     573+ |       0 |      83 |       11 |      0 |    82 |    +0.0% |  -26.325 |     -822.6 |    -3562.1 |   5337 | dot_0/fifo_timer_r/mem\[1\]\[6\]$_DFFE_PP_/D
     574+ |       0 |      83 |       11 |      0 |    82 |    +0.0% |  -26.325 |     -822.6 |    -3562.1 |   5337 | dot_0/fifo_timer_r/mem\[1\]\[6\]$_DFFE_PP_/D
     575+ |       0 |      83 |       11 |      0 |    82 |    +0.0% |  -26.325 |     -822.6 |    -3562.1 |   5337 | dot_0/fifo_timer_r/mem\[1\]\[6\]$_DFFE_PP_/D
     576+ |       0 |      83 |       11 |      0 |    82 |    +0.0% |  -26.325 |     -822.6 |    -3562.1 |   5337 | dot_0/fifo_timer_r/mem\[1\]\[6\]$_DFFE_PP_/D
     577+ |       0 |      83 |       11 |      0 |    82 |    +0.0% |  -26.325 |     -822.6 |    -3562.1 |   5337 | dot_0/fifo_timer_r/mem\[1\]\[6\]$_DFFE_PP_/D
     578+ |       0 |      83 |       11 |      0 |    82 |    +0.0% |  -26.325 |     -822.6 |    -3562.1 |   5337 | dot_0/fifo_timer_r/mem\[1\]\[6\]$_DFFE_PP_/D
     579+ |       0 |      83 |       11 |      0 |    82 |    +0.0% |  -26.325 |     -822.6 |    -3562.1 |   5337 | dot_0/fifo_timer_r/mem\[1\]\[6\]$_DFFE_PP_/D
     580+ |       0 |      83 |       11 |      0 |    82 |    +0.0% |  -26.325 |     -822.6 |    -3562.1 |   5337 | dot_0/fifo_timer_r/mem\[1\]\[6\]$_DFFE_PP_/D
     580+ |       0 |      83 |       11 |      0 |    82 |    +0.0% |  -26.325 |     -822.6 |    -3562.1 |   5337 | dot_0/fifo_timer_r/mem\[1\]\[6\]$_DFFE_PP_/D
     581+ |       0 |      83 |       11 |      0 |    82 |    +0.0% |  -26.325 |     -822.6 |    -3562.1 |   5337 | dot_0/fifo_timer_r/mem\[1\]\[6\]$_DFFE_PP_/D
     582+ |       0 |      83 |       11 |      0 |    82 |    +0.0% |  -26.325 |     -822.6 |    -3562.1 |   5337 | dot_0/fifo_timer_r/mem\[1\]\[6\]$_DFFE_PP_/D
     583+ |       0 |      83 |       11 |      0 |    82 |    +0.0% |  -26.325 |     -822.6 |    -3562.1 |   5337 | dot_0/fifo_timer_r/mem\[1\]\[6\]$_DFFE_PP_/D
     584+ |       0 |      83 |       11 |      0 |    82 |    +0.0% |  -26.325 |     -822.6 |    -3562.1 |   5337 | dot_0/fifo_timer_r/mem\[1\]\[6\]$_DFFE_PP_/D
     585+ |       0 |      83 |       11 |      0 |    82 |    +0.0% |  -26.325 |     -822.6 |    -3562.1 |   5337 | dot_0/fifo_timer_r/mem\[1\]\[6\]$_DFFE_PP_/D
     588+ |       0 |      85 |       11 |      0 |    82 |    +0.0% |  -26.325 |     -822.6 |    -3533.8 |   5337 | dot_0/fifo_timer_r/mem\[1\]\[6\]$_DFFE_PP_/D
     589+ |       0 |      85 |       11 |      0 |    82 |    +0.0% |  -26.325 |     -822.6 |    -3533.8 |   5337 | dot_0/fifo_timer_r/mem\[1\]\[6\]$_DFFE_PP_/D
     590+ |       0 |      85 |       11 |      0 |    82 |    +0.0% |  -26.325 |     -822.6 |    -3533.8 |   5337 | dot_0/fifo_timer_r/mem\[1\]\[6\]$_DFFE_PP_/D
     590+ |       0 |      85 |       11 |      0 |    82 |    +0.0% |  -26.325 |     -822.6 |    -3533.8 |   5337 | dot_0/fifo_timer_r/mem\[1\]\[6\]$_DFFE_PP_/D
     591+ |       0 |      85 |       11 |      0 |    82 |    +0.0% |  -26.325 |     -822.6 |    -3533.8 |   5337 | dot_0/fifo_timer_r/mem\[1\]\[6\]$_DFFE_PP_/D
     592+ |       0 |      85 |       11 |      0 |    82 |    +0.0% |  -26.325 |     -822.6 |    -3533.8 |   5337 | dot_0/fifo_timer_r/mem\[1\]\[6\]$_DFFE_PP_/D
     593+ |       0 |      85 |       11 |      0 |    82 |    +0.0% |  -26.325 |     -822.6 |    -3533.8 |   5337 | dot_0/fifo_timer_r/mem\[1\]\[6\]$_DFFE_PP_/D
     594+ |       0 |      85 |       11 |      0 |    82 |    +0.0% |  -26.325 |     -822.6 |    -3533.8 |   5337 | dot_0/fifo_timer_r/mem\[1\]\[6\]$_DFFE_PP_/D
     595+ |       0 |      85 |       11 |      0 |    82 |    +0.0% |  -26.325 |     -822.6 |    -3533.8 |   5337 | dot_0/fifo_timer_r/mem\[1\]\[6\]$_DFFE_PP_/D
     596+ |       0 |      85 |       11 |      0 |    82 |    +0.0% |  -26.325 |     -822.6 |    -3533.8 |   5337 | dot_0/fifo_timer_r/mem\[1\]\[6\]$_DFFE_PP_/D
     597+ |       0 |      85 |       11 |      0 |    82 |    +0.0% |  -26.325 |     -822.6 |    -3533.8 |   5337 | dot_0/fifo_timer_r/mem\[1\]\[6\]$_DFFE_PP_/D
     598+ |       0 |      85 |       11 |      0 |    82 |    +0.0% |  -26.325 |     -822.6 |    -3533.8 |   5337 | dot_0/fifo_timer_r/mem\[1\]\[6\]$_DFFE_PP_/D
     599+ |       0 |      85 |       11 |      0 |    82 |    +0.0% |  -26.325 |     -822.6 |    -3533.8 |   5337 | dot_0/fifo_timer_r/mem\[1\]\[6\]$_DFFE_PP_/D
     600+ |       0 |      85 |       11 |      0 |    82 |    +0.0% |  -26.325 |     -822.6 |    -3533.8 |   5337 | dot_0/fifo_timer_r/mem\[1\]\[6\]$_DFFE_PP_/D
     600+ |       0 |      85 |       11 |      0 |    82 |    +0.0% |  -26.325 |     -822.6 |    -3533.8 |   5337 | dot_0/fifo_timer_r/mem\[1\]\[6\]$_DFFE_PP_/D
     601+ |       0 |      85 |       11 |      0 |    82 |    +0.0% |  -26.325 |     -822.6 |    -3533.8 |   5337 | dot_0/fifo_timer_r/mem\[1\]\[6\]$_DFFE_PP_/D
     602+ |       0 |      85 |       11 |      0 |    82 |    +0.0% |  -26.325 |     -822.6 |    -3533.8 |   5337 | dot_0/fifo_timer_r/mem\[1\]\[6\]$_DFFE_PP_/D
     603+ |       0 |      85 |       11 |      0 |    82 |    +0.0% |  -26.325 |     -822.6 |    -3533.8 |   5337 | dot_0/fifo_timer_r/mem\[1\]\[6\]$_DFFE_PP_/D
     604+ |       0 |      85 |       11 |      0 |    82 |    +0.0% |  -26.325 |     -822.6 |    -3533.8 |   5337 | dot_0/fifo_timer_r/mem\[1\]\[6\]$_DFFE_PP_/D
     605+ |       0 |      85 |       11 |      0 |    82 |    +0.0% |  -26.325 |     -822.6 |    -3533.8 |   5337 | dot_0/fifo_timer_r/mem\[1\]\[6\]$_DFFE_PP_/D
     606+ |       0 |      85 |       11 |      0 |    82 |    +0.0% |  -26.325 |     -822.6 |    -3533.8 |   5337 | dot_0/fifo_timer_r/mem\[1\]\[6\]$_DFFE_PP_/D
     607+ |       0 |      85 |       11 |      0 |    82 |    +0.0% |  -26.325 |     -822.6 |    -3533.8 |   5337 | dot_0/fifo_timer_r/mem\[1\]\[6\]$_DFFE_PP_/D
     608+ |       0 |      85 |       11 |      0 |    82 |    +0.0% |  -26.325 |     -822.6 |    -3533.8 |   5337 | dot_0/fifo_timer_r/mem\[1\]\[6\]$_DFFE_PP_/D
     609+ |       0 |      85 |       11 |      0 |    82 |    +0.0% |  -26.325 |     -822.6 |    -3533.8 |   5337 | dot_0/fifo_timer_r/mem\[1\]\[6\]$_DFFE_PP_/D
     610+ |       0 |      85 |       11 |      0 |    82 |    +0.0% |  -26.325 |     -822.6 |    -3533.8 |   5337 | dot_0/fifo_timer_r/mem\[1\]\[6\]$_DFFE_PP_/D
     610+ |       0 |      85 |       11 |      0 |    82 |    +0.0% |  -26.325 |     -822.6 |    -3533.8 |   5337 | dot_0/fifo_timer_r/mem\[1\]\[6\]$_DFFE_PP_/D
     611+ |       0 |      85 |       11 |      0 |    82 |    +0.0% |  -26.325 |     -822.6 |    -3533.8 |   5337 | dot_0/fifo_timer_r/mem\[1\]\[6\]$_DFFE_PP_/D
     612+ |       0 |      85 |       11 |      0 |    82 |    +0.0% |  -26.325 |     -822.6 |    -3533.8 |   5337 | dot_0/fifo_timer_r/mem\[1\]\[6\]$_DFFE_PP_/D
     613+ |       0 |      85 |       11 |      0 |    82 |    +0.0% |  -26.325 |     -822.6 |    -3533.8 |   5337 | dot_0/fifo_timer_r/mem\[1\]\[6\]$_DFFE_PP_/D
     614+ |       0 |      85 |       11 |      0 |    82 |    +0.0% |  -26.325 |     -822.6 |    -3533.8 |   5337 | dot_0/fifo_timer_r/mem\[1\]\[6\]$_DFFE_PP_/D
     615+ |       0 |      85 |       11 |      0 |    82 |    +0.0% |  -26.325 |     -822.6 |    -3533.8 |   5337 | dot_0/fifo_timer_r/mem\[1\]\[6\]$_DFFE_PP_/D
     616+ |       0 |      85 |       11 |      0 |    82 |    +0.0% |  -26.325 |     -822.6 |    -3533.8 |   5337 | dot_0/fifo_timer_r/mem\[1\]\[6\]$_DFFE_PP_/D
     617+ |       0 |      85 |       11 |      0 |    82 |    +0.0% |  -26.325 |     -822.6 |    -3533.8 |   5337 | dot_0/fifo_timer_r/mem\[1\]\[6\]$_DFFE_PP_/D
     618+ |       0 |      85 |       11 |      0 |    82 |    +0.0% |  -26.325 |     -822.6 |    -3533.8 |   5337 | dot_0/fifo_timer_r/mem\[1\]\[6\]$_DFFE_PP_/D
     619+ |       0 |      85 |       11 |      0 |    82 |    +0.0% |  -26.325 |     -822.6 |    -3533.8 |   5337 | dot_0/fifo_timer_r/mem\[1\]\[6\]$_DFFE_PP_/D
     620+ |       0 |      85 |       11 |      0 |    82 |    +0.0% |  -26.325 |     -822.6 |    -3533.8 |   5337 | dot_0/fifo_timer_r/mem\[1\]\[6\]$_DFFE_PP_/D
     620+ |       0 |      85 |       11 |      0 |    82 |    +0.0% |  -26.325 |     -822.6 |    -3533.8 |   5337 | dot_0/fifo_timer_r/mem\[1\]\[6\]$_DFFE_PP_/D
     621+ |       0 |      85 |       11 |      0 |    82 |    +0.0% |  -26.325 |     -822.6 |    -3533.8 |   5337 | dot_0/fifo_timer_r/mem\[1\]\[6\]$_DFFE_PP_/D
     622+ |       0 |      85 |       11 |      0 |    82 |    +0.0% |  -26.325 |     -822.6 |    -3533.8 |   5337 | dot_0/fifo_timer_r/mem\[1\]\[6\]$_DFFE_PP_/D
     623+ |       0 |      85 |       11 |      0 |    82 |    +0.0% |  -26.325 |     -822.6 |    -3533.8 |   5337 | dot_0/fifo_timer_r/mem\[1\]\[6\]$_DFFE_PP_/D
     624+ |       0 |      85 |       11 |      0 |    82 |    +0.0% |  -26.325 |     -822.6 |    -3533.8 |   5337 | dot_0/fifo_timer_r/mem\[1\]\[6\]$_DFFE_PP_/D
     625+ |       0 |      85 |       11 |      0 |    82 |    +0.0% |  -26.325 |     -822.6 |    -3533.8 |   5337 | dot_0/fifo_timer_r/mem\[1\]\[6\]$_DFFE_PP_/D
     626+ |       0 |      85 |       11 |      0 |    82 |    +0.0% |  -26.325 |     -822.6 |    -3533.8 |   5337 | dot_0/fifo_timer_r/mem\[1\]\[6\]$_DFFE_PP_/D
     629+ |       0 |      86 |       11 |      0 |    83 |    +0.0% |  -26.325 |     -822.7 |    -3512.2 |   5337 | dot_0/fifo_timer_r/mem\[1\]\[6\]$_DFFE_PP_/D
     630+ |       0 |      86 |       11 |      0 |    83 |    +0.0% |  -26.325 |     -822.7 |    -3512.2 |   5337 | dot_0/fifo_timer_r/mem\[1\]\[6\]$_DFFE_PP_/D
     630+ |       0 |      87 |       11 |      0 |    83 |    +0.0% |  -26.325 |     -822.7 |    -3511.6 |   5337 | dot_0/fifo_timer_r/mem\[1\]\[6\]$_DFFE_PP_/D
     631+ |       0 |      87 |       11 |      0 |    83 |    +0.0% |  -26.325 |     -822.7 |    -3511.6 |   5337 | dot_0/fifo_timer_r/mem\[1\]\[6\]$_DFFE_PP_/D
     632+ |       0 |      87 |       11 |      0 |    83 |    +0.0% |  -26.325 |     -822.7 |    -3511.6 |   5337 | dot_0/fifo_timer_r/mem\[1\]\[6\]$_DFFE_PP_/D
     633+ |       0 |      87 |       11 |      0 |    83 |    +0.0% |  -26.325 |     -822.7 |    -3511.6 |   5337 | dot_0/fifo_timer_r/mem\[1\]\[6\]$_DFFE_PP_/D
     634+ |       0 |      87 |       11 |      0 |    83 |    +0.0% |  -26.325 |     -822.7 |    -3511.6 |   5337 | dot_0/fifo_timer_r/mem\[1\]\[6\]$_DFFE_PP_/D
     635+ |       0 |      87 |       11 |      0 |    83 |    +0.0% |  -26.325 |     -822.7 |    -3511.6 |   5337 | dot_0/fifo_timer_r/mem\[1\]\[6\]$_DFFE_PP_/D
     636+ |       0 |      87 |       11 |      0 |    83 |    +0.0% |  -26.325 |     -822.7 |    -3511.6 |   5337 | dot_0/fifo_timer_r/mem\[1\]\[6\]$_DFFE_PP_/D
     637+ |       0 |      87 |       11 |      0 |    83 |    +0.0% |  -26.325 |     -822.7 |    -3511.6 |   5337 | dot_0/fifo_timer_r/mem\[1\]\[6\]$_DFFE_PP_/D
     638+ |       0 |      87 |       11 |      0 |    83 |    +0.0% |  -26.325 |     -822.7 |    -3511.6 |   5337 | dot_0/fifo_timer_r/mem\[1\]\[6\]$_DFFE_PP_/D
     639+ |       0 |      87 |       11 |      0 |    83 |    +0.0% |  -26.325 |     -822.7 |    -3511.6 |   5337 | dot_0/fifo_timer_r/mem\[1\]\[6\]$_DFFE_PP_/D
     640+ |       0 |      87 |       11 |      0 |    83 |    +0.0% |  -26.325 |     -822.7 |    -3511.6 |   5337 | dot_0/fifo_timer_r/mem\[1\]\[6\]$_DFFE_PP_/D
     640+ |       0 |      87 |       11 |      0 |    83 |    +0.0% |  -26.325 |     -822.7 |    -3511.6 |   5337 | dot_0/fifo_timer_r/mem\[1\]\[6\]$_DFFE_PP_/D
     642+ |       0 |      88 |       11 |      0 |    83 |    +0.0% |  -26.325 |     -822.7 |    -3511.2 |   5337 | dot_0/fifo_timer_r/mem\[1\]\[6\]$_DFFE_PP_/D
     643+ |       0 |      88 |       11 |      0 |    83 |    +0.0% |  -26.325 |     -822.7 |    -3511.2 |   5337 | dot_0/fifo_timer_r/mem\[1\]\[6\]$_DFFE_PP_/D
     644+ |       0 |      88 |       11 |      0 |    83 |    +0.0% |  -26.325 |     -822.7 |    -3511.2 |   5337 | dot_0/fifo_timer_r/mem\[1\]\[6\]$_DFFE_PP_/D
     645+ |       0 |      88 |       11 |      0 |    83 |    +0.0% |  -26.325 |     -822.7 |    -3511.2 |   5337 | dot_0/fifo_timer_r/mem\[1\]\[6\]$_DFFE_PP_/D
     646+ |       0 |      88 |       11 |      0 |    83 |    +0.0% |  -26.325 |     -822.7 |    -3511.2 |   5337 | dot_0/fifo_timer_r/mem\[1\]\[6\]$_DFFE_PP_/D
     647+ |       0 |      88 |       11 |      0 |    83 |    +0.0% |  -26.325 |     -822.7 |    -3511.2 |   5337 | dot_0/fifo_timer_r/mem\[1\]\[6\]$_DFFE_PP_/D
     648+ |       0 |      88 |       11 |      0 |    83 |    +0.0% |  -26.325 |     -822.7 |    -3511.2 |   5337 | dot_0/fifo_timer_r/mem\[1\]\[6\]$_DFFE_PP_/D
     649+ |       0 |      88 |       11 |      0 |    83 |    +0.0% |  -26.325 |     -822.7 |    -3511.2 |   5337 | dot_0/fifo_timer_r/mem\[1\]\[6\]$_DFFE_PP_/D
     650+ |       0 |      88 |       11 |      0 |    83 |    +0.0% |  -26.325 |     -822.7 |    -3511.2 |   5337 | dot_0/fifo_timer_r/mem\[1\]\[6\]$_DFFE_PP_/D
     650+ |       0 |      88 |       11 |      0 |    83 |    +0.0% |  -26.325 |     -822.7 |    -3511.2 |   5337 | dot_0/fifo_timer_r/mem\[1\]\[6\]$_DFFE_PP_/D
     652+ |       0 |      89 |       11 |      0 |    83 |    +0.0% |  -26.325 |     -822.7 |    -3510.0 |   5337 | dot_0/fifo_timer_r/mem\[1\]\[6\]$_DFFE_PP_/D
     653+ |       0 |      89 |       11 |      0 |    83 |    +0.0% |  -26.325 |     -822.7 |    -3510.0 |   5337 | dot_0/fifo_timer_r/mem\[1\]\[6\]$_DFFE_PP_/D
     654+ |       0 |      90 |       11 |      0 |    83 |    +0.0% |  -26.325 |     -822.7 |    -3509.4 |   5337 | dot_0/fifo_timer_r/mem\[1\]\[6\]$_DFFE_PP_/D
     655+ |       0 |      90 |       11 |      0 |    83 |    +0.0% |  -26.325 |     -822.7 |    -3509.4 |   5337 | dot_0/fifo_timer_r/mem\[1\]\[6\]$_DFFE_PP_/D
     656+ |       0 |      90 |       11 |      0 |    83 |    +0.0% |  -26.325 |     -822.7 |    -3509.4 |   5337 | dot_0/fifo_timer_r/mem\[1\]\[6\]$_DFFE_PP_/D
     657+ |       0 |      90 |       11 |      0 |    83 |    +0.0% |  -26.325 |     -822.7 |    -3509.4 |   5337 | dot_0/fifo_timer_r/mem\[1\]\[6\]$_DFFE_PP_/D
     658+ |       0 |      90 |       11 |      0 |    83 |    +0.0% |  -26.325 |     -822.7 |    -3509.4 |   5337 | dot_0/fifo_timer_r/mem\[1\]\[6\]$_DFFE_PP_/D
     659+ |       0 |      90 |       11 |      0 |    83 |    +0.0% |  -26.325 |     -822.7 |    -3509.4 |   5337 | dot_0/fifo_timer_r/mem\[1\]\[6\]$_DFFE_PP_/D
     660+ |       0 |      90 |       11 |      0 |    83 |    +0.0% |  -26.325 |     -822.7 |    -3509.4 |   5337 | dot_0/fifo_timer_r/mem\[1\]\[6\]$_DFFE_PP_/D
     660+ |       0 |      90 |       11 |      0 |    83 |    +0.0% |  -26.325 |     -822.7 |    -3509.4 |   5337 | dot_0/fifo_timer_r/mem\[1\]\[6\]$_DFFE_PP_/D
     661+ |       0 |      90 |       11 |      0 |    83 |    +0.0% |  -26.325 |     -822.7 |    -3509.4 |   5337 | dot_0/fifo_timer_r/mem\[1\]\[6\]$_DFFE_PP_/D
     662+ |       0 |      90 |       11 |      0 |    83 |    +0.0% |  -26.325 |     -822.7 |    -3509.4 |   5337 | dot_0/fifo_timer_r/mem\[1\]\[6\]$_DFFE_PP_/D
     663+ |       0 |      90 |       11 |      0 |    83 |    +0.0% |  -26.325 |     -822.7 |    -3509.4 |   5337 | dot_0/fifo_timer_r/mem\[1\]\[6\]$_DFFE_PP_/D
     664+ |       0 |      90 |       11 |      0 |    83 |    +0.0% |  -26.325 |     -822.7 |    -3509.4 |   5337 | dot_0/fifo_timer_r/mem\[1\]\[6\]$_DFFE_PP_/D
     665+ |       0 |      90 |       11 |      0 |    83 |    +0.0% |  -26.325 |     -822.7 |    -3509.4 |   5337 | dot_0/fifo_timer_r/mem\[1\]\[6\]$_DFFE_PP_/D
     666+ |       0 |      90 |       11 |      0 |    83 |    +0.0% |  -26.325 |     -822.7 |    -3509.4 |   5337 | dot_0/fifo_timer_r/mem\[1\]\[6\]$_DFFE_PP_/D
     667+ |       0 |      90 |       11 |      0 |    83 |    +0.0% |  -26.325 |     -822.7 |    -3509.4 |   5337 | dot_0/fifo_timer_r/mem\[1\]\[6\]$_DFFE_PP_/D
     668+ |       0 |      90 |       11 |      0 |    83 |    +0.0% |  -26.325 |     -822.7 |    -3509.4 |   5337 | dot_0/fifo_timer_r/mem\[1\]\[6\]$_DFFE_PP_/D
     669+ |       0 |      90 |       11 |      0 |    83 |    +0.0% |  -26.325 |     -822.7 |    -3509.4 |   5337 | dot_0/fifo_timer_r/mem\[1\]\[6\]$_DFFE_PP_/D
     670+ |       0 |      90 |       11 |      0 |    83 |    +0.0% |  -26.325 |     -822.7 |    -3509.4 |   5337 | dot_0/fifo_timer_r/mem\[1\]\[6\]$_DFFE_PP_/D
     670+ |       0 |      90 |       11 |      0 |    83 |    +0.0% |  -26.325 |     -822.7 |    -3509.4 |   5337 | dot_0/fifo_timer_r/mem\[1\]\[6\]$_DFFE_PP_/D
     671+ |       0 |      90 |       11 |      0 |    83 |    +0.0% |  -26.325 |     -822.7 |    -3509.4 |   5337 | dot_0/fifo_timer_r/mem\[1\]\[6\]$_DFFE_PP_/D
     672+ |       0 |      90 |       11 |      0 |    83 |    +0.0% |  -26.325 |     -822.7 |    -3509.4 |   5337 | dot_0/fifo_timer_r/mem\[1\]\[6\]$_DFFE_PP_/D
     673+ |       0 |      90 |       11 |      0 |    83 |    +0.0% |  -26.325 |     -822.7 |    -3509.4 |   5337 | dot_0/fifo_timer_r/mem\[1\]\[6\]$_DFFE_PP_/D
     674+ |       0 |      90 |       11 |      0 |    83 |    +0.0% |  -26.325 |     -822.7 |    -3509.4 |   5337 | dot_0/fifo_timer_r/mem\[1\]\[6\]$_DFFE_PP_/D
     675+ |       0 |      90 |       11 |      0 |    83 |    +0.0% |  -26.325 |     -822.7 |    -3509.4 |   5337 | dot_0/fifo_timer_r/mem\[1\]\[6\]$_DFFE_PP_/D
     676+ |       0 |      90 |       11 |      0 |    83 |    +0.0% |  -26.325 |     -822.7 |    -3509.4 |   5337 | dot_0/fifo_timer_r/mem\[1\]\[6\]$_DFFE_PP_/D
     677+ |       0 |      90 |       11 |      0 |    83 |    +0.0% |  -26.325 |     -822.7 |    -3509.4 |   5337 | dot_0/fifo_timer_r/mem\[1\]\[6\]$_DFFE_PP_/D
     678+ |       0 |      90 |       11 |      0 |    83 |    +0.0% |  -26.325 |     -822.7 |    -3509.4 |   5337 | dot_0/fifo_timer_r/mem\[1\]\[6\]$_DFFE_PP_/D
     679+ |       0 |      91 |       11 |      0 |    83 |    +0.0% |  -26.325 |     -822.7 |    -3508.5 |   5337 | dot_0/fifo_timer_r/mem\[1\]\[6\]$_DFFE_PP_/D
     680+ |       0 |      91 |       11 |      0 |    83 |    +0.0% |  -26.325 |     -822.7 |    -3508.5 |   5337 | dot_0/fifo_timer_r/mem\[1\]\[6\]$_DFFE_PP_/D
     680+ |       0 |      91 |       11 |      0 |    83 |    +0.0% |  -26.325 |     -822.7 |    -3508.5 |   5337 | dot_0/fifo_timer_r/mem\[1\]\[6\]$_DFFE_PP_/D
     681+ |       0 |      91 |       11 |      0 |    83 |    +0.0% |  -26.325 |     -822.7 |    -3508.5 |   5337 | dot_0/fifo_timer_r/mem\[1\]\[6\]$_DFFE_PP_/D
     682+ |       0 |      91 |       11 |      0 |    83 |    +0.0% |  -26.325 |     -822.7 |    -3508.5 |   5337 | dot_0/fifo_timer_r/mem\[1\]\[6\]$_DFFE_PP_/D
     683+ |       0 |      91 |       11 |      0 |    83 |    +0.0% |  -26.325 |     -822.7 |    -3508.5 |   5337 | dot_0/fifo_timer_r/mem\[1\]\[6\]$_DFFE_PP_/D
     684+ |       0 |      91 |       11 |      0 |    83 |    +0.0% |  -26.325 |     -822.7 |    -3508.5 |   5337 | dot_0/fifo_timer_r/mem\[1\]\[6\]$_DFFE_PP_/D
     685+ |       0 |      91 |       11 |      0 |    83 |    +0.0% |  -26.325 |     -822.7 |    -3508.5 |   5337 | dot_0/fifo_timer_r/mem\[1\]\[6\]$_DFFE_PP_/D
     686+ |       0 |      91 |       11 |      0 |    83 |    +0.0% |  -26.325 |     -822.7 |    -3508.5 |   5337 | dot_0/fifo_timer_r/mem\[1\]\[6\]$_DFFE_PP_/D
     687+ |       0 |      91 |       11 |      0 |    83 |    +0.0% |  -26.325 |     -822.7 |    -3508.5 |   5337 | dot_0/fifo_timer_r/mem\[1\]\[6\]$_DFFE_PP_/D
     688+ |       0 |      91 |       11 |      0 |    83 |    +0.0% |  -26.325 |     -822.7 |    -3508.5 |   5337 | dot_0/fifo_timer_r/mem\[1\]\[6\]$_DFFE_PP_/D
     689+ |       0 |      91 |       11 |      0 |    83 |    +0.0% |  -26.325 |     -822.7 |    -3508.5 |   5337 | dot_0/fifo_timer_r/mem\[1\]\[6\]$_DFFE_PP_/D
     690+ |       0 |      91 |       11 |      0 |    83 |    +0.0% |  -26.325 |     -822.7 |    -3508.5 |   5337 | dot_0/fifo_timer_r/mem\[1\]\[6\]$_DFFE_PP_/D
     690+ |       0 |      91 |       11 |      0 |    83 |    +0.0% |  -26.325 |     -822.7 |    -3508.5 |   5337 | dot_0/fifo_timer_r/mem\[1\]\[6\]$_DFFE_PP_/D
     691+ |       0 |      91 |       11 |      0 |    83 |    +0.0% |  -26.325 |     -822.7 |    -3508.5 |   5337 | dot_0/fifo_timer_r/mem\[1\]\[6\]$_DFFE_PP_/D
     692+ |       0 |      91 |       11 |      0 |    83 |    +0.0% |  -26.325 |     -822.7 |    -3508.5 |   5337 | dot_0/fifo_timer_r/mem\[1\]\[6\]$_DFFE_PP_/D
     693+ |       0 |      91 |       11 |      0 |    83 |    +0.0% |  -26.325 |     -822.7 |    -3508.5 |   5337 | dot_0/fifo_timer_r/mem\[1\]\[6\]$_DFFE_PP_/D
     694+ |       0 |      91 |       11 |      0 |    83 |    +0.0% |  -26.325 |     -822.7 |    -3508.5 |   5337 | dot_0/fifo_timer_r/mem\[1\]\[6\]$_DFFE_PP_/D
     695+ |       0 |      91 |       11 |      0 |    83 |    +0.0% |  -26.325 |     -822.7 |    -3508.5 |   5337 | dot_0/fifo_timer_r/mem\[1\]\[6\]$_DFFE_PP_/D
     696+ |       0 |      91 |       11 |      0 |    83 |    +0.0% |  -26.325 |     -822.7 |    -3508.5 |   5337 | dot_0/fifo_timer_r/mem\[1\]\[6\]$_DFFE_PP_/D
     697+ |       0 |      91 |       11 |      0 |    83 |    +0.0% |  -26.325 |     -822.7 |    -3508.5 |   5337 | dot_0/fifo_timer_r/mem\[1\]\[6\]$_DFFE_PP_/D
     698+ |       0 |      91 |       11 |      0 |    83 |    +0.0% |  -26.325 |     -822.7 |    -3508.5 |   5337 | dot_0/fifo_timer_r/mem\[1\]\[6\]$_DFFE_PP_/D
     699+ |       0 |      91 |       11 |      0 |    83 |    +0.0% |  -26.325 |     -822.7 |    -3508.5 |   5337 | dot_0/fifo_timer_r/mem\[1\]\[6\]$_DFFE_PP_/D
     700+ |       0 |      91 |       11 |      0 |    83 |    +0.0% |  -26.325 |     -822.7 |    -3508.5 |   5337 | dot_0/fifo_timer_r/mem\[1\]\[6\]$_DFFE_PP_/D
     700+ |       0 |      91 |       11 |      0 |    83 |    +0.0% |  -26.325 |     -822.7 |    -3508.5 |   5337 | dot_0/fifo_timer_r/mem\[1\]\[6\]$_DFFE_PP_/D
     701+ |       0 |      91 |       11 |      0 |    83 |    +0.0% |  -26.325 |     -822.7 |    -3508.5 |   5337 | dot_0/fifo_timer_r/mem\[1\]\[6\]$_DFFE_PP_/D
     702+ |       0 |      91 |       11 |      0 |    83 |    +0.0% |  -26.325 |     -822.7 |    -3508.5 |   5337 | dot_0/fifo_timer_r/mem\[1\]\[6\]$_DFFE_PP_/D
     703+ |       0 |      91 |       11 |      0 |    83 |    +0.0% |  -26.325 |     -822.7 |    -3508.5 |   5337 | dot_0/fifo_timer_r/mem\[1\]\[6\]$_DFFE_PP_/D
     704+ |       0 |      91 |       11 |      0 |    83 |    +0.0% |  -26.325 |     -822.7 |    -3508.5 |   5337 | dot_0/fifo_timer_r/mem\[1\]\[6\]$_DFFE_PP_/D
     705+ |       0 |      91 |       11 |      0 |    83 |    +0.0% |  -26.325 |     -822.7 |    -3508.5 |   5337 | dot_0/fifo_timer_r/mem\[1\]\[6\]$_DFFE_PP_/D
     706+ |       0 |      91 |       11 |      0 |    83 |    +0.0% |  -26.325 |     -822.7 |    -3508.5 |   5337 | dot_0/fifo_timer_r/mem\[1\]\[6\]$_DFFE_PP_/D
     707+ |       0 |      91 |       11 |      0 |    83 |    +0.0% |  -26.325 |     -822.7 |    -3508.5 |   5337 | dot_0/fifo_timer_r/mem\[1\]\[6\]$_DFFE_PP_/D
     708+ |       0 |      91 |       11 |      0 |    83 |    +0.0% |  -26.325 |     -822.7 |    -3508.5 |   5337 | dot_0/fifo_timer_r/mem\[1\]\[6\]$_DFFE_PP_/D
     709+ |       0 |      91 |       11 |      0 |    83 |    +0.0% |  -26.325 |     -822.7 |    -3508.5 |   5337 | dot_0/fifo_timer_r/mem\[1\]\[6\]$_DFFE_PP_/D
     710+ |       0 |      91 |       11 |      0 |    83 |    +0.0% |  -26.325 |     -822.7 |    -3508.5 |   5337 | dot_0/fifo_timer_r/mem\[1\]\[6\]$_DFFE_PP_/D
     710+ |       0 |      91 |       11 |      0 |    83 |    +0.0% |  -26.325 |     -822.7 |    -3508.5 |   5337 | dot_0/fifo_timer_r/mem\[1\]\[6\]$_DFFE_PP_/D
     712+ |       0 |      93 |       11 |      0 |    83 |    +0.0% |  -26.325 |     -822.7 |    -3469.4 |   5337 | dot_0/fifo_timer_r/mem\[1\]\[6\]$_DFFE_PP_/D
     713+ |       0 |      93 |       11 |      0 |    83 |    +0.0% |  -26.325 |     -822.7 |    -3469.4 |   5337 | dot_0/fifo_timer_r/mem\[1\]\[6\]$_DFFE_PP_/D
     714+ |       0 |      93 |       11 |      0 |    83 |    +0.0% |  -26.325 |     -822.7 |    -3469.4 |   5337 | dot_0/fifo_timer_r/mem\[1\]\[6\]$_DFFE_PP_/D
     715+ |       0 |      93 |       11 |      0 |    83 |    +0.0% |  -26.325 |     -822.7 |    -3469.4 |   5337 | dot_0/fifo_timer_r/mem\[1\]\[6\]$_DFFE_PP_/D
     716+ |       0 |      93 |       11 |      0 |    83 |    +0.0% |  -26.325 |     -822.7 |    -3469.4 |   5337 | dot_0/fifo_timer_r/mem\[1\]\[6\]$_DFFE_PP_/D
     717+ |       0 |      93 |       11 |      0 |    83 |    +0.0% |  -26.325 |     -822.7 |    -3469.4 |   5337 | dot_0/fifo_timer_r/mem\[1\]\[6\]$_DFFE_PP_/D
     718+ |       0 |      93 |       11 |      0 |    83 |    +0.0% |  -26.325 |     -822.7 |    -3469.4 |   5337 | dot_0/fifo_timer_r/mem\[1\]\[6\]$_DFFE_PP_/D
     719+ |       0 |      93 |       11 |      0 |    83 |    +0.0% |  -26.325 |     -822.7 |    -3469.4 |   5337 | dot_0/fifo_timer_r/mem\[1\]\[6\]$_DFFE_PP_/D
     720+ |       0 |      93 |       11 |      0 |    83 |    +0.0% |  -26.325 |     -822.7 |    -3469.4 |   5337 | dot_0/fifo_timer_r/mem\[1\]\[6\]$_DFFE_PP_/D
     720+ |       0 |      93 |       11 |      0 |    83 |    +0.0% |  -26.325 |     -822.7 |    -3469.4 |   5337 | dot_0/fifo_timer_r/mem\[1\]\[6\]$_DFFE_PP_/D
     721+ |       0 |      93 |       11 |      0 |    83 |    +0.0% |  -26.325 |     -822.7 |    -3469.4 |   5337 | dot_0/fifo_timer_r/mem\[1\]\[6\]$_DFFE_PP_/D
     722+ |       0 |      93 |       11 |      0 |    83 |    +0.0% |  -26.325 |     -822.7 |    -3469.4 |   5337 | dot_0/fifo_timer_r/mem\[1\]\[6\]$_DFFE_PP_/D
     723+ |       0 |      93 |       11 |      0 |    83 |    +0.0% |  -26.325 |     -822.7 |    -3469.4 |   5337 | dot_0/fifo_timer_r/mem\[1\]\[6\]$_DFFE_PP_/D
     724+ |       0 |      93 |       11 |      0 |    83 |    +0.0% |  -26.325 |     -822.7 |    -3469.4 |   5337 | dot_0/fifo_timer_r/mem\[1\]\[6\]$_DFFE_PP_/D
     725+ |       0 |      93 |       11 |      0 |    83 |    +0.0% |  -26.325 |     -822.7 |    -3469.4 |   5337 | dot_0/fifo_timer_r/mem\[1\]\[6\]$_DFFE_PP_/D
     726+ |       0 |      93 |       11 |      0 |    83 |    +0.0% |  -26.325 |     -822.7 |    -3469.4 |   5337 | dot_0/fifo_timer_r/mem\[1\]\[6\]$_DFFE_PP_/D
     727+ |       0 |      93 |       11 |      0 |    83 |    +0.0% |  -26.325 |     -822.7 |    -3469.4 |   5337 | dot_0/fifo_timer_r/mem\[1\]\[6\]$_DFFE_PP_/D
     728+ |       0 |      93 |       11 |      0 |    83 |    +0.0% |  -26.325 |     -822.7 |    -3469.4 |   5337 | dot_0/fifo_timer_r/mem\[1\]\[6\]$_DFFE_PP_/D
     729+ |       0 |      93 |       11 |      0 |    83 |    +0.0% |  -26.325 |     -822.7 |    -3469.4 |   5337 | dot_0/fifo_timer_r/mem\[1\]\[6\]$_DFFE_PP_/D
     730+ |       0 |      93 |       11 |      0 |    83 |    +0.0% |  -26.325 |     -822.7 |    -3469.4 |   5337 | dot_0/fifo_timer_r/mem\[1\]\[6\]$_DFFE_PP_/D
     730+ |       0 |      93 |       11 |      0 |    83 |    +0.0% |  -26.325 |     -822.7 |    -3469.4 |   5337 | dot_0/fifo_timer_r/mem\[1\]\[6\]$_DFFE_PP_/D
     731+ |       0 |      93 |       11 |      0 |    83 |    +0.0% |  -26.325 |     -822.7 |    -3469.4 |   5337 | dot_0/fifo_timer_r/mem\[1\]\[6\]$_DFFE_PP_/D
     732+ |       0 |      93 |       11 |      0 |    83 |    +0.0% |  -26.325 |     -822.7 |    -3469.4 |   5337 | dot_0/fifo_timer_r/mem\[1\]\[6\]$_DFFE_PP_/D
     733+ |       0 |      93 |       11 |      0 |    83 |    +0.0% |  -26.325 |     -822.7 |    -3469.4 |   5337 | dot_0/fifo_timer_r/mem\[1\]\[6\]$_DFFE_PP_/D
     734+ |       0 |      93 |       11 |      0 |    83 |    +0.0% |  -26.325 |     -822.7 |    -3469.4 |   5337 | dot_0/fifo_timer_r/mem\[1\]\[6\]$_DFFE_PP_/D
     735+ |       0 |      93 |       11 |      0 |    83 |    +0.0% |  -26.325 |     -822.7 |    -3469.4 |   5337 | dot_0/fifo_timer_r/mem\[1\]\[6\]$_DFFE_PP_/D
     736+ |       0 |      93 |       11 |      0 |    83 |    +0.0% |  -26.325 |     -822.7 |    -3469.4 |   5337 | dot_0/fifo_timer_r/mem\[1\]\[6\]$_DFFE_PP_/D
     737+ |       0 |      93 |       11 |      0 |    83 |    +0.0% |  -26.325 |     -822.7 |    -3469.4 |   5337 | dot_0/fifo_timer_r/mem\[1\]\[6\]$_DFFE_PP_/D
     738+ |       0 |      93 |       11 |      0 |    83 |    +0.0% |  -26.325 |     -822.7 |    -3469.4 |   5337 | dot_0/fifo_timer_r/mem\[1\]\[6\]$_DFFE_PP_/D
     739+ |       0 |      93 |       11 |      0 |    83 |    +0.0% |  -26.325 |     -822.7 |    -3469.4 |   5337 | dot_0/fifo_timer_r/mem\[1\]\[6\]$_DFFE_PP_/D
     740+ |       0 |      93 |       11 |      0 |    83 |    +0.0% |  -26.325 |     -822.7 |    -3469.4 |   5337 | dot_0/fifo_timer_r/mem\[1\]\[6\]$_DFFE_PP_/D
     740+ |       0 |      93 |       11 |      0 |    83 |    +0.0% |  -26.325 |     -822.7 |    -3469.4 |   5337 | dot_0/fifo_timer_r/mem\[1\]\[6\]$_DFFE_PP_/D
     741+ |       0 |      93 |       11 |      0 |    83 |    +0.0% |  -26.325 |     -822.7 |    -3469.4 |   5337 | dot_0/fifo_timer_r/mem\[1\]\[6\]$_DFFE_PP_/D
     742+ |       0 |      93 |       11 |      0 |    83 |    +0.0% |  -26.325 |     -822.7 |    -3469.4 |   5337 | dot_0/fifo_timer_r/mem\[1\]\[6\]$_DFFE_PP_/D
     743+ |       0 |      93 |       11 |      0 |    83 |    +0.0% |  -26.325 |     -822.7 |    -3469.4 |   5337 | dot_0/fifo_timer_r/mem\[1\]\[6\]$_DFFE_PP_/D
     744+ |       0 |      93 |       11 |      0 |    83 |    +0.0% |  -26.325 |     -822.7 |    -3469.4 |   5337 | dot_0/fifo_timer_r/mem\[1\]\[6\]$_DFFE_PP_/D
     745+ |       0 |      93 |       11 |      0 |    83 |    +0.0% |  -26.325 |     -822.7 |    -3469.4 |   5337 | dot_0/fifo_timer_r/mem\[1\]\[6\]$_DFFE_PP_/D
     746+ |       0 |      93 |       11 |      0 |    83 |    +0.0% |  -26.325 |     -822.7 |    -3469.4 |   5337 | dot_0/fifo_timer_r/mem\[1\]\[6\]$_DFFE_PP_/D
     747+ |       0 |      93 |       11 |      0 |    83 |    +0.0% |  -26.325 |     -822.7 |    -3469.4 |   5337 | dot_0/fifo_timer_r/mem\[1\]\[6\]$_DFFE_PP_/D
     748+ |       0 |      93 |       11 |      0 |    83 |    +0.0% |  -26.325 |     -822.7 |    -3469.4 |   5337 | dot_0/fifo_timer_r/mem\[1\]\[6\]$_DFFE_PP_/D
     749+ |       0 |      93 |       11 |      0 |    83 |    +0.0% |  -26.325 |     -822.7 |    -3469.4 |   5337 | dot_0/fifo_timer_r/mem\[1\]\[6\]$_DFFE_PP_/D
     750+ |       0 |      93 |       11 |      0 |    83 |    +0.0% |  -26.325 |     -822.7 |    -3469.4 |   5337 | dot_0/fifo_timer_r/mem\[1\]\[6\]$_DFFE_PP_/D
     750+ |       0 |      93 |       11 |      0 |    83 |    +0.0% |  -26.325 |     -822.7 |    -3469.4 |   5337 | dot_0/fifo_timer_r/mem\[1\]\[6\]$_DFFE_PP_/D
     751+ |       0 |      93 |       11 |      0 |    83 |    +0.0% |  -26.325 |     -822.7 |    -3469.4 |   5337 | dot_0/fifo_timer_r/mem\[1\]\[6\]$_DFFE_PP_/D
     752+ |       0 |      93 |       11 |      0 |    83 |    +0.0% |  -26.325 |     -822.7 |    -3469.4 |   5337 | dot_0/fifo_timer_r/mem\[1\]\[6\]$_DFFE_PP_/D
     753+ |       0 |      93 |       11 |      0 |    83 |    +0.0% |  -26.325 |     -822.7 |    -3469.4 |   5337 | dot_0/fifo_timer_r/mem\[1\]\[6\]$_DFFE_PP_/D
     754+ |       0 |      93 |       11 |      0 |    83 |    +0.0% |  -26.325 |     -822.7 |    -3469.4 |   5337 | dot_0/fifo_timer_r/mem\[1\]\[6\]$_DFFE_PP_/D
     755+ |       0 |      93 |       11 |      0 |    83 |    +0.0% |  -26.325 |     -822.7 |    -3469.4 |   5337 | dot_0/fifo_timer_r/mem\[1\]\[6\]$_DFFE_PP_/D
     756+ |       0 |      93 |       11 |      0 |    83 |    +0.0% |  -26.325 |     -822.7 |    -3469.4 |   5337 | dot_0/fifo_timer_r/mem\[1\]\[6\]$_DFFE_PP_/D
     757+ |       0 |      93 |       11 |      0 |    83 |    +0.0% |  -26.325 |     -822.7 |    -3469.4 |   5337 | dot_0/fifo_timer_r/mem\[1\]\[6\]$_DFFE_PP_/D
     758+ |       0 |      93 |       11 |      0 |    83 |    +0.0% |  -26.325 |     -822.7 |    -3469.4 |   5337 | dot_0/fifo_timer_r/mem\[1\]\[6\]$_DFFE_PP_/D
     759+ |       0 |      93 |       11 |      0 |    83 |    +0.0% |  -26.325 |     -822.7 |    -3469.4 |   5337 | dot_0/fifo_timer_r/mem\[1\]\[6\]$_DFFE_PP_/D
     760+ |       0 |      93 |       11 |      0 |    83 |    +0.0% |  -26.325 |     -822.7 |    -3469.4 |   5337 | dot_0/fifo_timer_r/mem\[1\]\[6\]$_DFFE_PP_/D
     760+ |       0 |      93 |       11 |      0 |    83 |    +0.0% |  -26.325 |     -822.7 |    -3469.4 |   5337 | dot_0/fifo_timer_r/mem\[1\]\[6\]$_DFFE_PP_/D
     761+ |       0 |      93 |       11 |      0 |    83 |    +0.0% |  -26.325 |     -822.7 |    -3469.4 |   5337 | dot_0/fifo_timer_r/mem\[1\]\[6\]$_DFFE_PP_/D
     762+ |       0 |      93 |       11 |      0 |    83 |    +0.0% |  -26.325 |     -822.7 |    -3469.4 |   5337 | dot_0/fifo_timer_r/mem\[1\]\[6\]$_DFFE_PP_/D
     763+ |       0 |      93 |       11 |      0 |    83 |    +0.0% |  -26.325 |     -822.7 |    -3469.4 |   5337 | dot_0/fifo_timer_r/mem\[1\]\[6\]$_DFFE_PP_/D
     764+ |       0 |      94 |       11 |      0 |    83 |    +0.0% |  -26.325 |     -822.5 |    -3448.1 |   5337 | dot_0/fifo_timer_r/mem\[1\]\[6\]$_DFFE_PP_/D
     765+ |       0 |      94 |       11 |      0 |    83 |    +0.0% |  -26.325 |     -822.5 |    -3448.1 |   5337 | dot_0/fifo_timer_r/mem\[1\]\[6\]$_DFFE_PP_/D
     766+ |       0 |      94 |       11 |      0 |    83 |    +0.0% |  -26.325 |     -822.5 |    -3448.1 |   5337 | dot_0/fifo_timer_r/mem\[1\]\[6\]$_DFFE_PP_/D
     767+ |       0 |      94 |       11 |      0 |    83 |    +0.0% |  -26.325 |     -822.5 |    -3448.1 |   5337 | dot_0/fifo_timer_r/mem\[1\]\[6\]$_DFFE_PP_/D
     768+ |       0 |      94 |       11 |      0 |    83 |    +0.0% |  -26.325 |     -822.5 |    -3448.1 |   5337 | dot_0/fifo_timer_r/mem\[1\]\[6\]$_DFFE_PP_/D
     769+ |       0 |      94 |       11 |      0 |    83 |    +0.0% |  -26.325 |     -822.5 |    -3448.1 |   5337 | dot_0/fifo_timer_r/mem\[1\]\[6\]$_DFFE_PP_/D
     770+ |       0 |      94 |       11 |      0 |    83 |    +0.0% |  -26.325 |     -822.5 |    -3448.1 |   5337 | dot_0/fifo_timer_r/mem\[1\]\[6\]$_DFFE_PP_/D
     770+ |       0 |      94 |       11 |      0 |    83 |    +0.0% |  -26.325 |     -822.5 |    -3448.1 |   5337 | dot_0/fifo_timer_r/mem\[1\]\[6\]$_DFFE_PP_/D
     771+ |       0 |      94 |       11 |      0 |    83 |    +0.0% |  -26.325 |     -822.5 |    -3448.1 |   5337 | dot_0/fifo_timer_r/mem\[1\]\[6\]$_DFFE_PP_/D
     772+ |       0 |      94 |       11 |      0 |    83 |    +0.0% |  -26.325 |     -822.5 |    -3448.1 |   5337 | dot_0/fifo_timer_r/mem\[1\]\[6\]$_DFFE_PP_/D
     773+ |       0 |      94 |       11 |      0 |    83 |    +0.0% |  -26.325 |     -822.5 |    -3448.1 |   5337 | dot_0/fifo_timer_r/mem\[1\]\[6\]$_DFFE_PP_/D
     774+ |       0 |      94 |       11 |      0 |    83 |    +0.0% |  -26.325 |     -822.5 |    -3448.1 |   5337 | dot_0/fifo_timer_r/mem\[1\]\[6\]$_DFFE_PP_/D
     775+ |       0 |      94 |       11 |      0 |    83 |    +0.0% |  -26.325 |     -822.5 |    -3448.1 |   5337 | dot_0/fifo_timer_r/mem\[1\]\[6\]$_DFFE_PP_/D
     776+ |       0 |      94 |       11 |      0 |    83 |    +0.0% |  -26.325 |     -822.5 |    -3448.1 |   5337 | dot_0/fifo_timer_r/mem\[1\]\[6\]$_DFFE_PP_/D
     777+ |       0 |      94 |       11 |      0 |    83 |    +0.0% |  -26.325 |     -822.5 |    -3448.1 |   5337 | dot_0/fifo_timer_r/mem\[1\]\[6\]$_DFFE_PP_/D
     778+ |       0 |      94 |       11 |      0 |    83 |    +0.0% |  -26.325 |     -822.5 |    -3448.1 |   5337 | dot_0/fifo_timer_r/mem\[1\]\[6\]$_DFFE_PP_/D
     779+ |       0 |      94 |       11 |      0 |    83 |    +0.0% |  -26.325 |     -822.5 |    -3448.1 |   5337 | dot_0/fifo_timer_r/mem\[1\]\[6\]$_DFFE_PP_/D
     780+ |       0 |      94 |       11 |      0 |    83 |    +0.0% |  -26.325 |     -822.5 |    -3448.1 |   5337 | dot_0/fifo_timer_r/mem\[1\]\[6\]$_DFFE_PP_/D
     780+ |       0 |      94 |       11 |      0 |    83 |    +0.0% |  -26.325 |     -822.5 |    -3448.1 |   5337 | dot_0/fifo_timer_r/mem\[1\]\[6\]$_DFFE_PP_/D
     781+ |       0 |      94 |       11 |      0 |    83 |    +0.0% |  -26.325 |     -822.5 |    -3448.1 |   5337 | dot_0/fifo_timer_r/mem\[1\]\[6\]$_DFFE_PP_/D
     782+ |       0 |      94 |       11 |      0 |    83 |    +0.0% |  -26.325 |     -822.5 |    -3448.1 |   5337 | dot_0/fifo_timer_r/mem\[1\]\[6\]$_DFFE_PP_/D
     783+ |       0 |      94 |       11 |      0 |    83 |    +0.0% |  -26.325 |     -822.5 |    -3448.1 |   5337 | dot_0/fifo_timer_r/mem\[1\]\[6\]$_DFFE_PP_/D
     784+ |       0 |      94 |       11 |      0 |    83 |    +0.0% |  -26.325 |     -822.5 |    -3448.1 |   5337 | dot_0/fifo_timer_r/mem\[1\]\[6\]$_DFFE_PP_/D
     785+ |       0 |      94 |       11 |      0 |    83 |    +0.0% |  -26.325 |     -822.5 |    -3448.1 |   5337 | dot_0/fifo_timer_r/mem\[1\]\[6\]$_DFFE_PP_/D
     786+ |       0 |      94 |       11 |      0 |    83 |    +0.0% |  -26.325 |     -822.5 |    -3448.1 |   5337 | dot_0/fifo_timer_r/mem\[1\]\[6\]$_DFFE_PP_/D
     787+ |       0 |      94 |       11 |      0 |    83 |    +0.0% |  -26.325 |     -822.5 |    -3448.1 |   5337 | dot_0/fifo_timer_r/mem\[1\]\[6\]$_DFFE_PP_/D
     788+ |       0 |      94 |       11 |      0 |    83 |    +0.0% |  -26.325 |     -822.5 |    -3448.1 |   5337 | dot_0/fifo_timer_r/mem\[1\]\[6\]$_DFFE_PP_/D
     789+ |       0 |      94 |       11 |      0 |    83 |    +0.0% |  -26.325 |     -822.5 |    -3448.1 |   5337 | dot_0/fifo_timer_r/mem\[1\]\[6\]$_DFFE_PP_/D
     790+ |       0 |      94 |       11 |      0 |    83 |    +0.0% |  -26.325 |     -822.5 |    -3448.1 |   5337 | dot_0/fifo_timer_r/mem\[1\]\[6\]$_DFFE_PP_/D
     790+ |       0 |      94 |       11 |      0 |    83 |    +0.0% |  -26.325 |     -822.5 |    -3448.1 |   5337 | dot_0/fifo_timer_r/mem\[1\]\[6\]$_DFFE_PP_/D
     791+ |       0 |      94 |       11 |      0 |    83 |    +0.0% |  -26.325 |     -822.5 |    -3448.1 |   5337 | dot_0/fifo_timer_r/mem\[1\]\[6\]$_DFFE_PP_/D
     792+ |       0 |      94 |       11 |      0 |    83 |    +0.0% |  -26.325 |     -822.5 |    -3448.1 |   5337 | dot_0/fifo_timer_r/mem\[1\]\[6\]$_DFFE_PP_/D
     793+ |       0 |      94 |       11 |      0 |    83 |    +0.0% |  -26.325 |     -822.5 |    -3448.1 |   5337 | dot_0/fifo_timer_r/mem\[1\]\[6\]$_DFFE_PP_/D
     794+ |       0 |      94 |       11 |      0 |    83 |    +0.0% |  -26.325 |     -822.5 |    -3448.1 |   5337 | dot_0/fifo_timer_r/mem\[1\]\[6\]$_DFFE_PP_/D
     795+ |       0 |      94 |       11 |      0 |    83 |    +0.0% |  -26.325 |     -822.5 |    -3448.1 |   5337 | dot_0/fifo_timer_r/mem\[1\]\[6\]$_DFFE_PP_/D
     796+ |       0 |      94 |       11 |      0 |    83 |    +0.0% |  -26.325 |     -822.5 |    -3448.1 |   5337 | dot_0/fifo_timer_r/mem\[1\]\[6\]$_DFFE_PP_/D
     797+ |       0 |      94 |       11 |      0 |    83 |    +0.0% |  -26.325 |     -822.5 |    -3448.1 |   5337 | dot_0/fifo_timer_r/mem\[1\]\[6\]$_DFFE_PP_/D
     798+ |       0 |      94 |       11 |      0 |    83 |    +0.0% |  -26.325 |     -822.5 |    -3448.1 |   5337 | dot_0/fifo_timer_r/mem\[1\]\[6\]$_DFFE_PP_/D
     799+ |       0 |      94 |       11 |      0 |    83 |    +0.0% |  -26.325 |     -822.5 |    -3448.1 |   5337 | dot_0/fifo_timer_r/mem\[1\]\[6\]$_DFFE_PP_/D
     800+ |       0 |      94 |       11 |      0 |    83 |    +0.0% |  -26.325 |     -822.5 |    -3448.1 |   5337 | dot_0/fifo_timer_r/mem\[1\]\[6\]$_DFFE_PP_/D
     800+ |       0 |      94 |       11 |      0 |    83 |    +0.0% |  -26.325 |     -822.5 |    -3448.1 |   5337 | dot_0/fifo_timer_r/mem\[1\]\[6\]$_DFFE_PP_/D
     801+ |       0 |      94 |       11 |      0 |    83 |    +0.0% |  -26.325 |     -822.5 |    -3448.1 |   5337 | dot_0/fifo_timer_r/mem\[1\]\[6\]$_DFFE_PP_/D
     802+ |       0 |      94 |       11 |      0 |    83 |    +0.0% |  -26.325 |     -822.5 |    -3448.1 |   5337 | dot_0/fifo_timer_r/mem\[1\]\[6\]$_DFFE_PP_/D
     803+ |       0 |      94 |       11 |      0 |    83 |    +0.0% |  -26.325 |     -822.5 |    -3448.1 |   5337 | dot_0/fifo_timer_r/mem\[1\]\[6\]$_DFFE_PP_/D
     804+ |       0 |      94 |       11 |      0 |    83 |    +0.0% |  -26.325 |     -822.5 |    -3448.1 |   5337 | dot_0/fifo_timer_r/mem\[1\]\[6\]$_DFFE_PP_/D
     805+ |       0 |      94 |       11 |      0 |    83 |    +0.0% |  -26.325 |     -822.5 |    -3448.1 |   5337 | dot_0/fifo_timer_r/mem\[1\]\[6\]$_DFFE_PP_/D
     806+ |       0 |      94 |       11 |      0 |    83 |    +0.0% |  -26.325 |     -822.5 |    -3448.1 |   5337 | dot_0/fifo_timer_r/mem\[1\]\[6\]$_DFFE_PP_/D
     807+ |       0 |      94 |       11 |      0 |    83 |    +0.0% |  -26.325 |     -822.5 |    -3448.1 |   5337 | dot_0/fifo_timer_r/mem\[1\]\[6\]$_DFFE_PP_/D
     808+ |       0 |      94 |       11 |      0 |    83 |    +0.0% |  -26.325 |     -822.5 |    -3448.1 |   5337 | dot_0/fifo_timer_r/mem\[1\]\[6\]$_DFFE_PP_/D
     809+ |       0 |      94 |       11 |      0 |    83 |    +0.0% |  -26.325 |     -822.5 |    -3448.1 |   5337 | dot_0/fifo_timer_r/mem\[1\]\[6\]$_DFFE_PP_/D
     810+ |       0 |      94 |       11 |      0 |    83 |    +0.0% |  -26.325 |     -822.5 |    -3448.1 |   5337 | dot_0/fifo_timer_r/mem\[1\]\[6\]$_DFFE_PP_/D
     810+ |       0 |      94 |       11 |      0 |    83 |    +0.0% |  -26.325 |     -822.5 |    -3448.1 |   5337 | dot_0/fifo_timer_r/mem\[1\]\[6\]$_DFFE_PP_/D
     811+ |       0 |      94 |       11 |      0 |    83 |    +0.0% |  -26.325 |     -822.5 |    -3448.1 |   5337 | dot_0/fifo_timer_r/mem\[1\]\[6\]$_DFFE_PP_/D
     812+ |       0 |      94 |       11 |      0 |    83 |    +0.0% |  -26.325 |     -822.5 |    -3448.1 |   5337 | dot_0/fifo_timer_r/mem\[1\]\[6\]$_DFFE_PP_/D
     813+ |       0 |      94 |       11 |      0 |    83 |    +0.0% |  -26.325 |     -822.5 |    -3448.1 |   5337 | dot_0/fifo_timer_r/mem\[1\]\[6\]$_DFFE_PP_/D
     814+ |       0 |      94 |       11 |      0 |    83 |    +0.0% |  -26.325 |     -822.5 |    -3448.1 |   5337 | dot_0/fifo_timer_r/mem\[1\]\[6\]$_DFFE_PP_/D
     815+ |       0 |      94 |       11 |      0 |    83 |    +0.0% |  -26.325 |     -822.5 |    -3448.1 |   5337 | dot_0/fifo_timer_r/mem\[1\]\[6\]$_DFFE_PP_/D
     816+ |       0 |      94 |       11 |      0 |    83 |    +0.0% |  -26.325 |     -822.5 |    -3448.1 |   5337 | dot_0/fifo_timer_r/mem\[1\]\[6\]$_DFFE_PP_/D
     817+ |       0 |      94 |       11 |      0 |    83 |    +0.0% |  -26.325 |     -822.5 |    -3448.1 |   5337 | dot_0/fifo_timer_r/mem\[1\]\[6\]$_DFFE_PP_/D
     818+ |       0 |      94 |       11 |      0 |    83 |    +0.0% |  -26.325 |     -822.5 |    -3448.1 |   5337 | dot_0/fifo_timer_r/mem\[1\]\[6\]$_DFFE_PP_/D
     819+ |       0 |      94 |       11 |      0 |    83 |    +0.0% |  -26.325 |     -822.5 |    -3448.1 |   5337 | dot_0/fifo_timer_r/mem\[1\]\[6\]$_DFFE_PP_/D
     820+ |       0 |      94 |       11 |      0 |    83 |    +0.0% |  -26.325 |     -822.5 |    -3448.1 |   5337 | dot_0/fifo_timer_r/mem\[1\]\[6\]$_DFFE_PP_/D
     820+ |       0 |      94 |       11 |      0 |    83 |    +0.0% |  -26.325 |     -822.5 |    -3448.1 |   5337 | dot_0/fifo_timer_r/mem\[1\]\[6\]$_DFFE_PP_/D
     821+ |       0 |      94 |       11 |      0 |    83 |    +0.0% |  -26.325 |     -822.5 |    -3448.1 |   5337 | dot_0/fifo_timer_r/mem\[1\]\[6\]$_DFFE_PP_/D
     822+ |       0 |      94 |       11 |      0 |    83 |    +0.0% |  -26.325 |     -822.5 |    -3448.1 |   5337 | dot_0/fifo_timer_r/mem\[1\]\[6\]$_DFFE_PP_/D
     823+ |       0 |      94 |       11 |      0 |    83 |    +0.0% |  -26.325 |     -822.5 |    -3448.1 |   5337 | dot_0/fifo_timer_r/mem\[1\]\[6\]$_DFFE_PP_/D
     824+ |       0 |      94 |       11 |      0 |    83 |    +0.0% |  -26.325 |     -822.5 |    -3448.1 |   5337 | dot_0/fifo_timer_r/mem\[1\]\[6\]$_DFFE_PP_/D
     825+ |       0 |      94 |       11 |      0 |    83 |    +0.0% |  -26.325 |     -822.5 |    -3448.1 |   5337 | dot_0/fifo_timer_r/mem\[1\]\[6\]$_DFFE_PP_/D
     826+ |       0 |      94 |       11 |      0 |    83 |    +0.0% |  -26.325 |     -822.5 |    -3448.1 |   5337 | dot_0/fifo_timer_r/mem\[1\]\[6\]$_DFFE_PP_/D
     827+ |       0 |      94 |       11 |      0 |    83 |    +0.0% |  -26.325 |     -822.5 |    -3448.1 |   5337 | dot_0/fifo_timer_r/mem\[1\]\[6\]$_DFFE_PP_/D
     828+ |       0 |      94 |       11 |      0 |    83 |    +0.0% |  -26.325 |     -822.5 |    -3448.1 |   5337 | dot_0/fifo_timer_r/mem\[1\]\[6\]$_DFFE_PP_/D
     829+ |       0 |      94 |       11 |      0 |    83 |    +0.0% |  -26.325 |     -822.5 |    -3448.1 |   5337 | dot_0/fifo_timer_r/mem\[1\]\[6\]$_DFFE_PP_/D
     830+ |       0 |      94 |       11 |      0 |    83 |    +0.0% |  -26.325 |     -822.5 |    -3448.1 |   5337 | dot_0/fifo_timer_r/mem\[1\]\[6\]$_DFFE_PP_/D
     830+ |       0 |      94 |       11 |      0 |    83 |    +0.0% |  -26.325 |     -822.5 |    -3448.1 |   5337 | dot_0/fifo_timer_r/mem\[1\]\[6\]$_DFFE_PP_/D
     831+ |       0 |      94 |       11 |      0 |    83 |    +0.0% |  -26.325 |     -822.5 |    -3448.1 |   5337 | dot_0/fifo_timer_r/mem\[1\]\[6\]$_DFFE_PP_/D
     832+ |       0 |      94 |       11 |      0 |    83 |    +0.0% |  -26.325 |     -822.5 |    -3448.1 |   5337 | dot_0/fifo_timer_r/mem\[1\]\[6\]$_DFFE_PP_/D
     833+ |       0 |      94 |       11 |      0 |    83 |    +0.0% |  -26.325 |     -822.5 |    -3448.1 |   5337 | dot_0/fifo_timer_r/mem\[1\]\[6\]$_DFFE_PP_/D
     834+ |       0 |      94 |       11 |      0 |    83 |    +0.0% |  -26.325 |     -822.5 |    -3448.1 |   5337 | dot_0/fifo_timer_r/mem\[1\]\[6\]$_DFFE_PP_/D
     835+ |       0 |      94 |       11 |      0 |    83 |    +0.0% |  -26.325 |     -822.5 |    -3448.1 |   5337 | dot_0/fifo_timer_r/mem\[1\]\[6\]$_DFFE_PP_/D
     836+ |       0 |      94 |       11 |      0 |    83 |    +0.0% |  -26.325 |     -822.5 |    -3448.1 |   5337 | dot_0/fifo_timer_r/mem\[1\]\[6\]$_DFFE_PP_/D
     837+ |       0 |      94 |       11 |      0 |    83 |    +0.0% |  -26.325 |     -822.5 |    -3448.1 |   5337 | dot_0/fifo_timer_r/mem\[1\]\[6\]$_DFFE_PP_/D
     838+ |       0 |      94 |       11 |      0 |    83 |    +0.0% |  -26.325 |     -822.5 |    -3448.1 |   5337 | dot_0/fifo_timer_r/mem\[1\]\[6\]$_DFFE_PP_/D
     839+ |       0 |      94 |       11 |      0 |    83 |    +0.0% |  -26.325 |     -822.5 |    -3448.1 |   5337 | dot_0/fifo_timer_r/mem\[1\]\[6\]$_DFFE_PP_/D
     840+ |       0 |      94 |       11 |      0 |    83 |    +0.0% |  -26.325 |     -822.5 |    -3448.1 |   5337 | dot_0/fifo_timer_r/mem\[1\]\[6\]$_DFFE_PP_/D
     840+ |       0 |      94 |       11 |      0 |    83 |    +0.0% |  -26.325 |     -822.5 |    -3448.1 |   5337 | dot_0/fifo_timer_r/mem\[1\]\[6\]$_DFFE_PP_/D
     841+ |       0 |      94 |       11 |      0 |    83 |    +0.0% |  -26.325 |     -822.5 |    -3448.1 |   5337 | dot_0/fifo_timer_r/mem\[1\]\[6\]$_DFFE_PP_/D
     842+ |       0 |      94 |       11 |      0 |    83 |    +0.0% |  -26.325 |     -822.5 |    -3448.1 |   5337 | dot_0/fifo_timer_r/mem\[1\]\[6\]$_DFFE_PP_/D
     843+ |       0 |      94 |       11 |      0 |    83 |    +0.0% |  -26.325 |     -822.5 |    -3448.1 |   5337 | dot_0/fifo_timer_r/mem\[1\]\[6\]$_DFFE_PP_/D
     844+ |       0 |      94 |       11 |      0 |    83 |    +0.0% |  -26.325 |     -822.5 |    -3448.1 |   5337 | dot_0/fifo_timer_r/mem\[1\]\[6\]$_DFFE_PP_/D
     845+ |       0 |      94 |       11 |      0 |    83 |    +0.0% |  -26.325 |     -822.5 |    -3448.1 |   5337 | dot_0/fifo_timer_r/mem\[1\]\[6\]$_DFFE_PP_/D
     846+ |       0 |      94 |       11 |      0 |    83 |    +0.0% |  -26.325 |     -822.5 |    -3448.1 |   5337 | dot_0/fifo_timer_r/mem\[1\]\[6\]$_DFFE_PP_/D
     847+ |       0 |      94 |       11 |      0 |    83 |    +0.0% |  -26.325 |     -822.5 |    -3448.1 |   5337 | dot_0/fifo_timer_r/mem\[1\]\[6\]$_DFFE_PP_/D
     848+ |       0 |      94 |       11 |      0 |    83 |    +0.0% |  -26.325 |     -822.5 |    -3448.1 |   5337 | dot_0/fifo_timer_r/mem\[1\]\[6\]$_DFFE_PP_/D
     849+ |       0 |      94 |       11 |      0 |    83 |    +0.0% |  -26.325 |     -822.5 |    -3448.1 |   5337 | dot_0/fifo_timer_r/mem\[1\]\[6\]$_DFFE_PP_/D
     850+ |       0 |      94 |       11 |      0 |    83 |    +0.0% |  -26.325 |     -822.5 |    -3448.1 |   5337 | dot_0/fifo_timer_r/mem\[1\]\[6\]$_DFFE_PP_/D
     850+ |       0 |      94 |       11 |      0 |    83 |    +0.0% |  -26.325 |     -822.5 |    -3448.1 |   5337 | dot_0/fifo_timer_r/mem\[1\]\[6\]$_DFFE_PP_/D
     851+ |       0 |      94 |       11 |      0 |    83 |    +0.0% |  -26.325 |     -822.5 |    -3448.1 |   5337 | dot_0/fifo_timer_r/mem\[1\]\[6\]$_DFFE_PP_/D
     852+ |       0 |      94 |       11 |      0 |    83 |    +0.0% |  -26.325 |     -822.5 |    -3448.1 |   5337 | dot_0/fifo_timer_r/mem\[1\]\[6\]$_DFFE_PP_/D
     853+ |       0 |      94 |       11 |      0 |    83 |    +0.0% |  -26.325 |     -822.5 |    -3448.1 |   5337 | dot_0/fifo_timer_r/mem\[1\]\[6\]$_DFFE_PP_/D
     854+ |       0 |      94 |       11 |      0 |    83 |    +0.0% |  -26.325 |     -822.5 |    -3448.1 |   5337 | dot_0/fifo_timer_r/mem\[1\]\[6\]$_DFFE_PP_/D
     855+ |       0 |      94 |       11 |      0 |    83 |    +0.0% |  -26.325 |     -822.5 |    -3448.1 |   5337 | dot_0/fifo_timer_r/mem\[1\]\[6\]$_DFFE_PP_/D
     856+ |       0 |      94 |       11 |      0 |    83 |    +0.0% |  -26.325 |     -822.5 |    -3448.1 |   5337 | dot_0/fifo_timer_r/mem\[1\]\[6\]$_DFFE_PP_/D
     857+ |       0 |      94 |       11 |      0 |    83 |    +0.0% |  -26.325 |     -822.5 |    -3448.1 |   5337 | dot_0/fifo_timer_r/mem\[1\]\[6\]$_DFFE_PP_/D
     858+ |       0 |      94 |       11 |      0 |    83 |    +0.0% |  -26.325 |     -822.5 |    -3448.1 |   5337 | dot_0/fifo_timer_r/mem\[1\]\[6\]$_DFFE_PP_/D
     859+ |       0 |      94 |       11 |      0 |    83 |    +0.0% |  -26.325 |     -822.5 |    -3448.1 |   5337 | dot_0/fifo_timer_r/mem\[1\]\[6\]$_DFFE_PP_/D
     860+ |       0 |      94 |       11 |      0 |    83 |    +0.0% |  -26.325 |     -822.5 |    -3448.1 |   5337 | dot_0/fifo_timer_r/mem\[1\]\[6\]$_DFFE_PP_/D
     860+ |       0 |      94 |       11 |      0 |    83 |    +0.0% |  -26.325 |     -822.5 |    -3448.1 |   5337 | dot_0/fifo_timer_r/mem\[1\]\[6\]$_DFFE_PP_/D
     861+ |       0 |      94 |       11 |      0 |    83 |    +0.0% |  -26.325 |     -822.5 |    -3448.1 |   5337 | dot_0/fifo_timer_r/mem\[1\]\[6\]$_DFFE_PP_/D
     862+ |       0 |      94 |       11 |      0 |    83 |    +0.0% |  -26.325 |     -822.5 |    -3448.1 |   5337 | dot_0/fifo_timer_r/mem\[1\]\[6\]$_DFFE_PP_/D
     863+ |       0 |      94 |       11 |      0 |    83 |    +0.0% |  -26.325 |     -822.5 |    -3448.1 |   5337 | dot_0/fifo_timer_r/mem\[1\]\[6\]$_DFFE_PP_/D
     864+ |       0 |      94 |       11 |      0 |    83 |    +0.0% |  -26.325 |     -822.5 |    -3448.1 |   5337 | dot_0/fifo_timer_r/mem\[1\]\[6\]$_DFFE_PP_/D
     865+ |       0 |      94 |       11 |      0 |    83 |    +0.0% |  -26.325 |     -822.5 |    -3448.1 |   5337 | dot_0/fifo_timer_r/mem\[1\]\[6\]$_DFFE_PP_/D
     866+ |       0 |      94 |       11 |      0 |    83 |    +0.0% |  -26.325 |     -822.5 |    -3448.1 |   5337 | dot_0/fifo_timer_r/mem\[1\]\[6\]$_DFFE_PP_/D
     867+ |       0 |      94 |       11 |      0 |    83 |    +0.0% |  -26.325 |     -822.5 |    -3448.1 |   5337 | dot_0/fifo_timer_r/mem\[1\]\[6\]$_DFFE_PP_/D
     868+ |       0 |      94 |       11 |      0 |    83 |    +0.0% |  -26.325 |     -822.5 |    -3448.1 |   5337 | dot_0/fifo_timer_r/mem\[1\]\[6\]$_DFFE_PP_/D
     869+ |       0 |      94 |       11 |      0 |    83 |    +0.0% |  -26.325 |     -822.5 |    -3448.1 |   5337 | dot_0/fifo_timer_r/mem\[1\]\[6\]$_DFFE_PP_/D
     870+ |       0 |      94 |       11 |      0 |    83 |    +0.0% |  -26.325 |     -822.5 |    -3448.1 |   5337 | dot_0/fifo_timer_r/mem\[1\]\[6\]$_DFFE_PP_/D
     870+ |       0 |      94 |       11 |      0 |    83 |    +0.0% |  -26.325 |     -822.5 |    -3448.1 |   5337 | dot_0/fifo_timer_r/mem\[1\]\[6\]$_DFFE_PP_/D
     871+ |       0 |      94 |       11 |      0 |    83 |    +0.0% |  -26.325 |     -822.5 |    -3448.1 |   5337 | dot_0/fifo_timer_r/mem\[1\]\[6\]$_DFFE_PP_/D
     872+ |       0 |      94 |       11 |      0 |    83 |    +0.0% |  -26.325 |     -822.5 |    -3448.1 |   5337 | dot_0/fifo_timer_r/mem\[1\]\[6\]$_DFFE_PP_/D
     873+ |       0 |      94 |       11 |      0 |    83 |    +0.0% |  -26.325 |     -822.5 |    -3448.1 |   5337 | dot_0/fifo_timer_r/mem\[1\]\[6\]$_DFFE_PP_/D
     874+ |       0 |      94 |       11 |      0 |    83 |    +0.0% |  -26.325 |     -822.5 |    -3448.1 |   5337 | dot_0/fifo_timer_r/mem\[1\]\[6\]$_DFFE_PP_/D
     875+ |       0 |      94 |       11 |      0 |    83 |    +0.0% |  -26.325 |     -822.5 |    -3448.1 |   5337 | dot_0/fifo_timer_r/mem\[1\]\[6\]$_DFFE_PP_/D
     876+ |       0 |      94 |       11 |      0 |    83 |    +0.0% |  -26.325 |     -822.5 |    -3448.1 |   5337 | dot_0/fifo_timer_r/mem\[1\]\[6\]$_DFFE_PP_/D
     877+ |       0 |      94 |       11 |      0 |    83 |    +0.0% |  -26.325 |     -822.5 |    -3448.1 |   5337 | dot_0/fifo_timer_r/mem\[1\]\[6\]$_DFFE_PP_/D
     878+ |       0 |      94 |       11 |      0 |    83 |    +0.0% |  -26.325 |     -822.5 |    -3448.1 |   5337 | dot_0/fifo_timer_r/mem\[1\]\[6\]$_DFFE_PP_/D
     879+ |       0 |      94 |       11 |      0 |    83 |    +0.0% |  -26.325 |     -822.5 |    -3448.1 |   5337 | dot_0/fifo_timer_r/mem\[1\]\[6\]$_DFFE_PP_/D
     880+ |       0 |      94 |       11 |      0 |    83 |    +0.0% |  -26.325 |     -822.5 |    -3448.1 |   5337 | dot_0/fifo_timer_r/mem\[1\]\[6\]$_DFFE_PP_/D
     880+ |       0 |      94 |       11 |      0 |    83 |    +0.0% |  -26.325 |     -822.5 |    -3448.1 |   5337 | dot_0/fifo_timer_r/mem\[1\]\[6\]$_DFFE_PP_/D
     881+ |       0 |      94 |       11 |      0 |    83 |    +0.0% |  -26.325 |     -822.5 |    -3448.1 |   5337 | dot_0/fifo_timer_r/mem\[1\]\[6\]$_DFFE_PP_/D
     882+ |       0 |      94 |       11 |      0 |    83 |    +0.0% |  -26.325 |     -822.5 |    -3448.1 |   5337 | dot_0/fifo_timer_r/mem\[1\]\[6\]$_DFFE_PP_/D
     883+ |       0 |      94 |       11 |      0 |    83 |    +0.0% |  -26.325 |     -822.5 |    -3448.1 |   5337 | dot_0/fifo_timer_r/mem\[1\]\[6\]$_DFFE_PP_/D
     884+ |       0 |      94 |       11 |      0 |    83 |    +0.0% |  -26.325 |     -822.5 |    -3448.1 |   5337 | dot_0/fifo_timer_r/mem\[1\]\[6\]$_DFFE_PP_/D
     885+ |       0 |      94 |       11 |      0 |    83 |    +0.0% |  -26.325 |     -822.5 |    -3448.1 |   5337 | dot_0/fifo_timer_r/mem\[1\]\[6\]$_DFFE_PP_/D
     886+ |       0 |      94 |       11 |      0 |    83 |    +0.0% |  -26.325 |     -822.5 |    -3448.1 |   5337 | dot_0/fifo_timer_r/mem\[1\]\[6\]$_DFFE_PP_/D
     887+ |       0 |      94 |       11 |      0 |    83 |    +0.0% |  -26.325 |     -822.5 |    -3448.1 |   5337 | dot_0/fifo_timer_r/mem\[1\]\[6\]$_DFFE_PP_/D
     888+ |       0 |      94 |       11 |      0 |    83 |    +0.0% |  -26.325 |     -822.5 |    -3448.1 |   5337 | dot_0/fifo_timer_r/mem\[1\]\[6\]$_DFFE_PP_/D
     889+ |       0 |      94 |       11 |      0 |    83 |    +0.0% |  -26.325 |     -822.5 |    -3448.1 |   5337 | dot_0/fifo_timer_r/mem\[1\]\[6\]$_DFFE_PP_/D
     890+ |       0 |      94 |       11 |      0 |    83 |    +0.0% |  -26.325 |     -822.5 |    -3448.1 |   5337 | dot_0/fifo_timer_r/mem\[1\]\[6\]$_DFFE_PP_/D
     890+ |       0 |      95 |       11 |      0 |    83 |    +0.0% |  -26.325 |     -822.3 |    -3430.1 |   5337 | dot_0/fifo_timer_r/mem\[1\]\[6\]$_DFFE_PP_/D
     891+ |       0 |      95 |       11 |      0 |    83 |    +0.0% |  -26.325 |     -822.3 |    -3430.1 |   5337 | dot_0/fifo_timer_r/mem\[1\]\[6\]$_DFFE_PP_/D
     892+ |       0 |      95 |       11 |      0 |    83 |    +0.0% |  -26.325 |     -822.3 |    -3430.1 |   5337 | dot_0/fifo_timer_r/mem\[1\]\[6\]$_DFFE_PP_/D
     893+ |       0 |      95 |       11 |      0 |    83 |    +0.0% |  -26.325 |     -822.3 |    -3430.1 |   5337 | dot_0/fifo_timer_r/mem\[1\]\[6\]$_DFFE_PP_/D
     894+ |       0 |      95 |       11 |      0 |    83 |    +0.0% |  -26.325 |     -822.3 |    -3430.1 |   5337 | dot_0/fifo_timer_r/mem\[1\]\[6\]$_DFFE_PP_/D
     895+ |       0 |      95 |       11 |      0 |    83 |    +0.0% |  -26.325 |     -822.3 |    -3430.1 |   5337 | dot_0/fifo_timer_r/mem\[1\]\[6\]$_DFFE_PP_/D
     896+ |       0 |      95 |       11 |      0 |    83 |    +0.0% |  -26.325 |     -822.3 |    -3430.1 |   5337 | dot_0/fifo_timer_r/mem\[1\]\[6\]$_DFFE_PP_/D
     897+ |       0 |      95 |       11 |      0 |    83 |    +0.0% |  -26.325 |     -822.3 |    -3430.1 |   5337 | dot_0/fifo_timer_r/mem\[1\]\[6\]$_DFFE_PP_/D
     898+ |       0 |      95 |       11 |      0 |    83 |    +0.0% |  -26.325 |     -822.3 |    -3430.1 |   5337 | dot_0/fifo_timer_r/mem\[1\]\[6\]$_DFFE_PP_/D
     899+ |       0 |      95 |       11 |      0 |    83 |    +0.0% |  -26.325 |     -822.3 |    -3430.1 |   5337 | dot_0/fifo_timer_r/mem\[1\]\[6\]$_DFFE_PP_/D
     900+ |       0 |      95 |       11 |      0 |    83 |    +0.0% |  -26.325 |     -822.3 |    -3430.1 |   5337 | dot_0/fifo_timer_r/mem\[1\]\[6\]$_DFFE_PP_/D
     900+ |       0 |      95 |       11 |      0 |    83 |    +0.0% |  -26.325 |     -822.3 |    -3430.1 |   5337 | dot_0/fifo_timer_r/mem\[1\]\[6\]$_DFFE_PP_/D
     901+ |       0 |      95 |       11 |      0 |    83 |    +0.0% |  -26.325 |     -822.3 |    -3430.1 |   5337 | dot_0/fifo_timer_r/mem\[1\]\[6\]$_DFFE_PP_/D
     902+ |       0 |      95 |       11 |      0 |    83 |    +0.0% |  -26.325 |     -822.3 |    -3430.1 |   5337 | dot_0/fifo_timer_r/mem\[1\]\[6\]$_DFFE_PP_/D
     903+ |       0 |      95 |       11 |      0 |    83 |    +0.0% |  -26.325 |     -822.3 |    -3430.1 |   5337 | dot_0/fifo_timer_r/mem\[1\]\[6\]$_DFFE_PP_/D
     904+ |       0 |      95 |       11 |      0 |    83 |    +0.0% |  -26.325 |     -822.3 |    -3430.1 |   5337 | dot_0/fifo_timer_r/mem\[1\]\[6\]$_DFFE_PP_/D
     905+ |       0 |      95 |       11 |      0 |    83 |    +0.0% |  -26.325 |     -822.3 |    -3430.1 |   5337 | dot_0/fifo_timer_r/mem\[1\]\[6\]$_DFFE_PP_/D
     906+ |       0 |      95 |       11 |      0 |    83 |    +0.0% |  -26.325 |     -822.3 |    -3430.1 |   5337 | dot_0/fifo_timer_r/mem\[1\]\[6\]$_DFFE_PP_/D
     907+ |       0 |      95 |       11 |      0 |    83 |    +0.0% |  -26.325 |     -822.3 |    -3430.1 |   5337 | dot_0/fifo_timer_r/mem\[1\]\[6\]$_DFFE_PP_/D
     908+ |       0 |      95 |       11 |      0 |    83 |    +0.0% |  -26.325 |     -822.3 |    -3430.1 |   5337 | dot_0/fifo_timer_r/mem\[1\]\[6\]$_DFFE_PP_/D
     909+ |       0 |      95 |       11 |      0 |    83 |    +0.0% |  -26.325 |     -822.3 |    -3430.1 |   5337 | dot_0/fifo_timer_r/mem\[1\]\[6\]$_DFFE_PP_/D
     910+ |       0 |      95 |       11 |      0 |    83 |    +0.0% |  -26.325 |     -822.3 |    -3430.1 |   5337 | dot_0/fifo_timer_r/mem\[1\]\[6\]$_DFFE_PP_/D
     910+ |       0 |      95 |       11 |      0 |    83 |    +0.0% |  -26.325 |     -822.3 |    -3430.1 |   5337 | dot_0/fifo_timer_r/mem\[1\]\[6\]$_DFFE_PP_/D
     911+ |       0 |      95 |       11 |      0 |    83 |    +0.0% |  -26.325 |     -822.3 |    -3430.1 |   5337 | dot_0/fifo_timer_r/mem\[1\]\[6\]$_DFFE_PP_/D
     912+ |       0 |      95 |       11 |      0 |    83 |    +0.0% |  -26.325 |     -822.3 |    -3430.1 |   5337 | dot_0/fifo_timer_r/mem\[1\]\[6\]$_DFFE_PP_/D
     913+ |       0 |      95 |       11 |      0 |    83 |    +0.0% |  -26.325 |     -822.3 |    -3430.1 |   5337 | dot_0/fifo_timer_r/mem\[1\]\[6\]$_DFFE_PP_/D
     914+ |       0 |      95 |       11 |      0 |    83 |    +0.0% |  -26.325 |     -822.3 |    -3430.1 |   5337 | dot_0/fifo_timer_r/mem\[1\]\[6\]$_DFFE_PP_/D
     915+ |       0 |      95 |       11 |      0 |    83 |    +0.0% |  -26.325 |     -822.3 |    -3430.1 |   5337 | dot_0/fifo_timer_r/mem\[1\]\[6\]$_DFFE_PP_/D
     916+ |       0 |      95 |       11 |      0 |    83 |    +0.0% |  -26.325 |     -822.3 |    -3430.1 |   5337 | dot_0/fifo_timer_r/mem\[1\]\[6\]$_DFFE_PP_/D
     917+ |       0 |      95 |       11 |      0 |    83 |    +0.0% |  -26.325 |     -822.3 |    -3430.1 |   5337 | dot_0/fifo_timer_r/mem\[1\]\[6\]$_DFFE_PP_/D
     918+ |       0 |      95 |       11 |      0 |    83 |    +0.0% |  -26.325 |     -822.3 |    -3430.1 |   5337 | dot_0/fifo_timer_r/mem\[1\]\[6\]$_DFFE_PP_/D
     919+ |       0 |      95 |       11 |      0 |    83 |    +0.0% |  -26.325 |     -822.3 |    -3430.1 |   5337 | dot_0/fifo_timer_r/mem\[1\]\[6\]$_DFFE_PP_/D
     920+ |       0 |      95 |       11 |      0 |    83 |    +0.0% |  -26.325 |     -822.3 |    -3430.1 |   5337 | dot_0/fifo_timer_r/mem\[1\]\[6\]$_DFFE_PP_/D
     920+ |       0 |      95 |       11 |      0 |    83 |    +0.0% |  -26.325 |     -822.3 |    -3430.1 |   5337 | dot_0/fifo_timer_r/mem\[1\]\[6\]$_DFFE_PP_/D
     921+ |       0 |      95 |       11 |      0 |    83 |    +0.0% |  -26.325 |     -822.3 |    -3430.1 |   5337 | dot_0/fifo_timer_r/mem\[1\]\[6\]$_DFFE_PP_/D
     922+ |       0 |      95 |       11 |      0 |    83 |    +0.0% |  -26.325 |     -822.3 |    -3430.1 |   5337 | dot_0/fifo_timer_r/mem\[1\]\[6\]$_DFFE_PP_/D
     923+ |       0 |      95 |       11 |      0 |    83 |    +0.0% |  -26.325 |     -822.3 |    -3430.1 |   5337 | dot_0/fifo_timer_r/mem\[1\]\[6\]$_DFFE_PP_/D
     924+ |       0 |      95 |       11 |      0 |    83 |    +0.0% |  -26.325 |     -822.3 |    -3430.1 |   5337 | dot_0/fifo_timer_r/mem\[1\]\[6\]$_DFFE_PP_/D
     925+ |       0 |      95 |       11 |      0 |    83 |    +0.0% |  -26.325 |     -822.3 |    -3430.1 |   5337 | dot_0/fifo_timer_r/mem\[1\]\[6\]$_DFFE_PP_/D
     926+ |       0 |      95 |       11 |      0 |    83 |    +0.0% |  -26.325 |     -822.3 |    -3430.1 |   5337 | dot_0/fifo_timer_r/mem\[1\]\[6\]$_DFFE_PP_/D
     927+ |       0 |      95 |       11 |      0 |    83 |    +0.0% |  -26.325 |     -822.3 |    -3430.1 |   5337 | dot_0/fifo_timer_r/mem\[1\]\[6\]$_DFFE_PP_/D
     928+ |       0 |      95 |       11 |      0 |    83 |    +0.0% |  -26.325 |     -822.3 |    -3430.1 |   5337 | dot_0/fifo_timer_r/mem\[1\]\[6\]$_DFFE_PP_/D
     929+ |       0 |      95 |       11 |      0 |    83 |    +0.0% |  -26.325 |     -822.3 |    -3430.1 |   5337 | dot_0/fifo_timer_r/mem\[1\]\[6\]$_DFFE_PP_/D
     930+ |       0 |      95 |       11 |      0 |    83 |    +0.0% |  -26.325 |     -822.3 |    -3430.1 |   5337 | dot_0/fifo_timer_r/mem\[1\]\[6\]$_DFFE_PP_/D
     930+ |       0 |      95 |       11 |      0 |    83 |    +0.0% |  -26.325 |     -822.3 |    -3430.1 |   5337 | dot_0/fifo_timer_r/mem\[1\]\[6\]$_DFFE_PP_/D
     931+ |       0 |      95 |       11 |      0 |    83 |    +0.0% |  -26.325 |     -822.3 |    -3430.1 |   5337 | dot_0/fifo_timer_r/mem\[1\]\[6\]$_DFFE_PP_/D
     932+ |       0 |      95 |       11 |      0 |    83 |    +0.0% |  -26.325 |     -822.3 |    -3430.1 |   5337 | dot_0/fifo_timer_r/mem\[1\]\[6\]$_DFFE_PP_/D
     933+ |       0 |      95 |       11 |      0 |    83 |    +0.0% |  -26.325 |     -822.3 |    -3430.1 |   5337 | dot_0/fifo_timer_r/mem\[1\]\[6\]$_DFFE_PP_/D
     934+ |       0 |      95 |       11 |      0 |    83 |    +0.0% |  -26.325 |     -822.3 |    -3430.1 |   5337 | dot_0/fifo_timer_r/mem\[1\]\[6\]$_DFFE_PP_/D
     935+ |       0 |      95 |       11 |      0 |    83 |    +0.0% |  -26.325 |     -822.3 |    -3430.1 |   5337 | dot_0/fifo_timer_r/mem\[1\]\[6\]$_DFFE_PP_/D
     936+ |       0 |      95 |       11 |      0 |    83 |    +0.0% |  -26.325 |     -822.3 |    -3430.1 |   5337 | dot_0/fifo_timer_r/mem\[1\]\[6\]$_DFFE_PP_/D
     937+ |       0 |      95 |       11 |      0 |    83 |    +0.0% |  -26.325 |     -822.3 |    -3430.1 |   5337 | dot_0/fifo_timer_r/mem\[1\]\[6\]$_DFFE_PP_/D
     938+ |       0 |      95 |       11 |      0 |    83 |    +0.0% |  -26.325 |     -822.3 |    -3430.1 |   5337 | dot_0/fifo_timer_r/mem\[1\]\[6\]$_DFFE_PP_/D
     939+ |       0 |      95 |       11 |      0 |    83 |    +0.0% |  -26.325 |     -822.3 |    -3430.1 |   5337 | dot_0/fifo_timer_r/mem\[1\]\[6\]$_DFFE_PP_/D
     940+ |       0 |      95 |       11 |      0 |    83 |    +0.0% |  -26.325 |     -822.3 |    -3430.1 |   5337 | dot_0/fifo_timer_r/mem\[1\]\[6\]$_DFFE_PP_/D
     940+ |       0 |      95 |       11 |      0 |    83 |    +0.0% |  -26.325 |     -822.3 |    -3430.1 |   5337 | dot_0/fifo_timer_r/mem\[1\]\[6\]$_DFFE_PP_/D
     941+ |       0 |      95 |       11 |      0 |    83 |    +0.0% |  -26.325 |     -822.3 |    -3430.1 |   5337 | dot_0/fifo_timer_r/mem\[1\]\[6\]$_DFFE_PP_/D
     942+ |       0 |      95 |       11 |      0 |    83 |    +0.0% |  -26.325 |     -822.3 |    -3430.1 |   5337 | dot_0/fifo_timer_r/mem\[1\]\[6\]$_DFFE_PP_/D
     943+ |       0 |      95 |       11 |      0 |    83 |    +0.0% |  -26.325 |     -822.3 |    -3430.1 |   5337 | dot_0/fifo_timer_r/mem\[1\]\[6\]$_DFFE_PP_/D
     944+ |       0 |      95 |       11 |      0 |    83 |    +0.0% |  -26.325 |     -822.3 |    -3430.1 |   5337 | dot_0/fifo_timer_r/mem\[1\]\[6\]$_DFFE_PP_/D
     945+ |       0 |      95 |       11 |      0 |    83 |    +0.0% |  -26.325 |     -822.3 |    -3430.1 |   5337 | dot_0/fifo_timer_r/mem\[1\]\[6\]$_DFFE_PP_/D
     946+ |       0 |      95 |       11 |      0 |    83 |    +0.0% |  -26.325 |     -822.3 |    -3430.1 |   5337 | dot_0/fifo_timer_r/mem\[1\]\[6\]$_DFFE_PP_/D
     947+ |       0 |      95 |       11 |      0 |    83 |    +0.0% |  -26.325 |     -822.3 |    -3430.1 |   5337 | dot_0/fifo_timer_r/mem\[1\]\[6\]$_DFFE_PP_/D
     948+ |       0 |      95 |       11 |      0 |    83 |    +0.0% |  -26.325 |     -822.3 |    -3430.1 |   5337 | dot_0/fifo_timer_r/mem\[1\]\[6\]$_DFFE_PP_/D
     949+ |       0 |      95 |       11 |      0 |    83 |    +0.0% |  -26.325 |     -822.3 |    -3430.1 |   5337 | dot_0/fifo_timer_r/mem\[1\]\[6\]$_DFFE_PP_/D
     950+ |       0 |      95 |       11 |      0 |    83 |    +0.0% |  -26.325 |     -822.3 |    -3430.1 |   5337 | dot_0/fifo_timer_r/mem\[1\]\[6\]$_DFFE_PP_/D
     950+ |       0 |      95 |       11 |      0 |    83 |    +0.0% |  -26.325 |     -822.3 |    -3430.1 |   5337 | dot_0/fifo_timer_r/mem\[1\]\[6\]$_DFFE_PP_/D
     951+ |       0 |      95 |       11 |      0 |    83 |    +0.0% |  -26.325 |     -822.3 |    -3430.1 |   5337 | dot_0/fifo_timer_r/mem\[1\]\[6\]$_DFFE_PP_/D
     952+ |       0 |      95 |       11 |      0 |    83 |    +0.0% |  -26.325 |     -822.3 |    -3430.1 |   5337 | dot_0/fifo_timer_r/mem\[1\]\[6\]$_DFFE_PP_/D
     953+ |       0 |      95 |       11 |      0 |    83 |    +0.0% |  -26.325 |     -822.3 |    -3430.1 |   5337 | dot_0/fifo_timer_r/mem\[1\]\[6\]$_DFFE_PP_/D
     954+ |       0 |      95 |       11 |      0 |    83 |    +0.0% |  -26.325 |     -822.3 |    -3430.1 |   5337 | dot_0/fifo_timer_r/mem\[1\]\[6\]$_DFFE_PP_/D
     955+ |       0 |      95 |       11 |      0 |    83 |    +0.0% |  -26.325 |     -822.3 |    -3430.1 |   5337 | dot_0/fifo_timer_r/mem\[1\]\[6\]$_DFFE_PP_/D
     956+ |       0 |      95 |       11 |      0 |    83 |    +0.0% |  -26.325 |     -822.3 |    -3430.1 |   5337 | dot_0/fifo_timer_r/mem\[1\]\[6\]$_DFFE_PP_/D
     957+ |       0 |      95 |       11 |      0 |    83 |    +0.0% |  -26.325 |     -822.3 |    -3430.1 |   5337 | dot_0/fifo_timer_r/mem\[1\]\[6\]$_DFFE_PP_/D
     958+ |       0 |      95 |       11 |      0 |    83 |    +0.0% |  -26.325 |     -822.3 |    -3430.1 |   5337 | dot_0/fifo_timer_r/mem\[1\]\[6\]$_DFFE_PP_/D
     959+ |       0 |      95 |       11 |      0 |    83 |    +0.0% |  -26.325 |     -822.3 |    -3430.1 |   5337 | dot_0/fifo_timer_r/mem\[1\]\[6\]$_DFFE_PP_/D
     960+ |       0 |      95 |       11 |      0 |    83 |    +0.0% |  -26.325 |     -822.3 |    -3430.1 |   5337 | dot_0/fifo_timer_r/mem\[1\]\[6\]$_DFFE_PP_/D
     960+ |       0 |      95 |       11 |      0 |    83 |    +0.0% |  -26.325 |     -822.3 |    -3430.1 |   5337 | dot_0/fifo_timer_r/mem\[1\]\[6\]$_DFFE_PP_/D
     961+ |       0 |      95 |       11 |      0 |    83 |    +0.0% |  -26.325 |     -822.3 |    -3430.1 |   5337 | dot_0/fifo_timer_r/mem\[1\]\[6\]$_DFFE_PP_/D
     962+ |       0 |      95 |       11 |      0 |    83 |    +0.0% |  -26.325 |     -822.3 |    -3430.1 |   5337 | dot_0/fifo_timer_r/mem\[1\]\[6\]$_DFFE_PP_/D
     963+ |       0 |      95 |       11 |      0 |    83 |    +0.0% |  -26.325 |     -822.3 |    -3430.1 |   5337 | dot_0/fifo_timer_r/mem\[1\]\[6\]$_DFFE_PP_/D
     964+ |       0 |      95 |       11 |      0 |    83 |    +0.0% |  -26.325 |     -822.3 |    -3430.1 |   5337 | dot_0/fifo_timer_r/mem\[1\]\[6\]$_DFFE_PP_/D
     965+ |       0 |      95 |       11 |      0 |    83 |    +0.0% |  -26.325 |     -822.3 |    -3430.1 |   5337 | dot_0/fifo_timer_r/mem\[1\]\[6\]$_DFFE_PP_/D
     966+ |       0 |      95 |       11 |      0 |    83 |    +0.0% |  -26.325 |     -822.3 |    -3430.1 |   5337 | dot_0/fifo_timer_r/mem\[1\]\[6\]$_DFFE_PP_/D
     967+ |       0 |      95 |       11 |      0 |    83 |    +0.0% |  -26.325 |     -822.3 |    -3430.1 |   5337 | dot_0/fifo_timer_r/mem\[1\]\[6\]$_DFFE_PP_/D
     968+ |       0 |      95 |       11 |      0 |    83 |    +0.0% |  -26.325 |     -822.3 |    -3430.1 |   5337 | dot_0/fifo_timer_r/mem\[1\]\[6\]$_DFFE_PP_/D
     969+ |       0 |      95 |       11 |      0 |    83 |    +0.0% |  -26.325 |     -822.3 |    -3430.1 |   5337 | dot_0/fifo_timer_r/mem\[1\]\[6\]$_DFFE_PP_/D
     970+ |       0 |      95 |       11 |      0 |    83 |    +0.0% |  -26.325 |     -822.3 |    -3430.1 |   5337 | dot_0/fifo_timer_r/mem\[1\]\[6\]$_DFFE_PP_/D
     970+ |       0 |      95 |       11 |      0 |    83 |    +0.0% |  -26.325 |     -822.3 |    -3430.1 |   5337 | dot_0/fifo_timer_r/mem\[1\]\[6\]$_DFFE_PP_/D
     971+ |       0 |      95 |       11 |      0 |    83 |    +0.0% |  -26.325 |     -822.3 |    -3430.1 |   5337 | dot_0/fifo_timer_r/mem\[1\]\[6\]$_DFFE_PP_/D
     972+ |       0 |      95 |       11 |      0 |    83 |    +0.0% |  -26.325 |     -822.3 |    -3430.1 |   5337 | dot_0/fifo_timer_r/mem\[1\]\[6\]$_DFFE_PP_/D
     973+ |       0 |      95 |       11 |      0 |    83 |    +0.0% |  -26.325 |     -822.3 |    -3430.1 |   5337 | dot_0/fifo_timer_r/mem\[1\]\[6\]$_DFFE_PP_/D
     974+ |       0 |      95 |       11 |      0 |    83 |    +0.0% |  -26.325 |     -822.3 |    -3430.1 |   5337 | dot_0/fifo_timer_r/mem\[1\]\[6\]$_DFFE_PP_/D
     975+ |       0 |      95 |       11 |      0 |    83 |    +0.0% |  -26.325 |     -822.3 |    -3430.1 |   5337 | dot_0/fifo_timer_r/mem\[1\]\[6\]$_DFFE_PP_/D
     976+ |       0 |      95 |       11 |      0 |    83 |    +0.0% |  -26.325 |     -822.3 |    -3430.1 |   5337 | dot_0/fifo_timer_r/mem\[1\]\[6\]$_DFFE_PP_/D
     977+ |       0 |      95 |       11 |      0 |    83 |    +0.0% |  -26.325 |     -822.3 |    -3430.1 |   5337 | dot_0/fifo_timer_r/mem\[1\]\[6\]$_DFFE_PP_/D
     978+ |       0 |      95 |       11 |      0 |    83 |    +0.0% |  -26.325 |     -822.3 |    -3430.1 |   5337 | dot_0/fifo_timer_r/mem\[1\]\[6\]$_DFFE_PP_/D
     979+ |       0 |      95 |       11 |      0 |    83 |    +0.0% |  -26.325 |     -822.3 |    -3430.1 |   5337 | dot_0/fifo_timer_r/mem\[1\]\[6\]$_DFFE_PP_/D
     980+ |       0 |      95 |       11 |      0 |    83 |    +0.0% |  -26.325 |     -822.3 |    -3430.1 |   5337 | dot_0/fifo_timer_r/mem\[1\]\[6\]$_DFFE_PP_/D
     980+ |       0 |      95 |       11 |      0 |    83 |    +0.0% |  -26.325 |     -822.3 |    -3430.1 |   5337 | dot_0/fifo_timer_r/mem\[1\]\[6\]$_DFFE_PP_/D
     981+ |       0 |      95 |       11 |      0 |    83 |    +0.0% |  -26.325 |     -822.3 |    -3430.1 |   5337 | dot_0/fifo_timer_r/mem\[1\]\[6\]$_DFFE_PP_/D
     982+ |       0 |      95 |       11 |      0 |    83 |    +0.0% |  -26.325 |     -822.3 |    -3430.1 |   5337 | dot_0/fifo_timer_r/mem\[1\]\[6\]$_DFFE_PP_/D
     983+ |       0 |      95 |       11 |      0 |    83 |    +0.0% |  -26.325 |     -822.3 |    -3430.1 |   5337 | dot_0/fifo_timer_r/mem\[1\]\[6\]$_DFFE_PP_/D
     984+ |       0 |      95 |       11 |      0 |    83 |    +0.0% |  -26.325 |     -822.3 |    -3430.1 |   5337 | dot_0/fifo_timer_r/mem\[1\]\[6\]$_DFFE_PP_/D
     985+ |       0 |      96 |       11 |      0 |    83 |    +0.0% |  -26.325 |     -822.2 |    -3414.2 |   5337 | dot_0/fifo_timer_r/mem\[1\]\[6\]$_DFFE_PP_/D
     986+ |       0 |      96 |       11 |      0 |    83 |    +0.0% |  -26.325 |     -822.2 |    -3414.2 |   5337 | dot_0/fifo_timer_r/mem\[1\]\[6\]$_DFFE_PP_/D
     987+ |       0 |      96 |       11 |      0 |    83 |    +0.0% |  -26.325 |     -822.2 |    -3414.2 |   5337 | dot_0/fifo_timer_r/mem\[1\]\[6\]$_DFFE_PP_/D
     988+ |       0 |      96 |       11 |      0 |    83 |    +0.0% |  -26.325 |     -822.2 |    -3414.2 |   5337 | dot_0/fifo_timer_r/mem\[1\]\[6\]$_DFFE_PP_/D
     989+ |       0 |      96 |       11 |      0 |    83 |    +0.0% |  -26.325 |     -822.2 |    -3414.2 |   5337 | dot_0/fifo_timer_r/mem\[1\]\[6\]$_DFFE_PP_/D
     990+ |       0 |      96 |       11 |      0 |    83 |    +0.0% |  -26.325 |     -822.2 |    -3414.2 |   5337 | dot_0/fifo_timer_r/mem\[1\]\[6\]$_DFFE_PP_/D
     990+ |       0 |      96 |       11 |      0 |    83 |    +0.0% |  -26.325 |     -822.2 |    -3414.2 |   5337 | dot_0/fifo_timer_r/mem\[1\]\[6\]$_DFFE_PP_/D
     991+ |       0 |      96 |       11 |      0 |    83 |    +0.0% |  -26.325 |     -822.2 |    -3414.2 |   5337 | dot_0/fifo_timer_r/mem\[1\]\[6\]$_DFFE_PP_/D
     992+ |       0 |      96 |       11 |      0 |    83 |    +0.0% |  -26.325 |     -822.2 |    -3414.2 |   5337 | dot_0/fifo_timer_r/mem\[1\]\[6\]$_DFFE_PP_/D
     993+ |       0 |      96 |       11 |      0 |    83 |    +0.0% |  -26.325 |     -822.2 |    -3414.2 |   5337 | dot_0/fifo_timer_r/mem\[1\]\[6\]$_DFFE_PP_/D
     994+ |       0 |      96 |       11 |      0 |    83 |    +0.0% |  -26.325 |     -822.2 |    -3414.2 |   5337 | dot_0/fifo_timer_r/mem\[1\]\[6\]$_DFFE_PP_/D
     995+ |       0 |      96 |       11 |      0 |    83 |    +0.0% |  -26.325 |     -822.2 |    -3414.2 |   5337 | dot_0/fifo_timer_r/mem\[1\]\[6\]$_DFFE_PP_/D
     996+ |       0 |      96 |       11 |      0 |    83 |    +0.0% |  -26.325 |     -822.2 |    -3414.2 |   5337 | dot_0/fifo_timer_r/mem\[1\]\[6\]$_DFFE_PP_/D
     997+ |       0 |      96 |       11 |      0 |    83 |    +0.0% |  -26.325 |     -822.2 |    -3414.2 |   5337 | dot_0/fifo_timer_r/mem\[1\]\[6\]$_DFFE_PP_/D
     998+ |       0 |      96 |       11 |      0 |    83 |    +0.0% |  -26.325 |     -822.2 |    -3414.2 |   5337 | dot_0/fifo_timer_r/mem\[1\]\[6\]$_DFFE_PP_/D
     999+ |       0 |      96 |       11 |      0 |    83 |    +0.0% |  -26.325 |     -822.2 |    -3414.2 |   5337 | dot_0/fifo_timer_r/mem\[1\]\[6\]$_DFFE_PP_/D
    1000+ |       0 |      96 |       11 |      0 |    83 |    +0.0% |  -26.325 |     -822.2 |    -3414.2 |   5337 | dot_0/fifo_timer_r/mem\[1\]\[6\]$_DFFE_PP_/D
    1000+ |       0 |      96 |       11 |      0 |    83 |    +0.0% |  -26.325 |     -822.2 |    -3414.2 |   5337 | dot_0/fifo_timer_r/mem\[1\]\[6\]$_DFFE_PP_/D
    1001+ |       0 |      96 |       11 |      0 |    83 |    +0.0% |  -26.325 |     -822.2 |    -3414.2 |   5337 | dot_0/fifo_timer_r/mem\[1\]\[6\]$_DFFE_PP_/D
    1002+ |       0 |      96 |       11 |      0 |    83 |    +0.0% |  -26.325 |     -822.2 |    -3414.2 |   5337 | dot_0/fifo_timer_r/mem\[1\]\[6\]$_DFFE_PP_/D
    1003+ |       0 |      96 |       11 |      0 |    83 |    +0.0% |  -26.325 |     -822.2 |    -3414.2 |   5337 | dot_0/fifo_timer_r/mem\[1\]\[6\]$_DFFE_PP_/D
    1004+ |       0 |      96 |       11 |      0 |    83 |    +0.0% |  -26.325 |     -822.2 |    -3414.2 |   5337 | dot_0/fifo_timer_r/mem\[1\]\[6\]$_DFFE_PP_/D
    1005+ |       0 |      96 |       11 |      0 |    83 |    +0.0% |  -26.325 |     -822.2 |    -3414.2 |   5337 | dot_0/fifo_timer_r/mem\[1\]\[6\]$_DFFE_PP_/D
    1006+ |       0 |      96 |       11 |      0 |    83 |    +0.0% |  -26.325 |     -822.2 |    -3414.2 |   5337 | dot_0/fifo_timer_r/mem\[1\]\[6\]$_DFFE_PP_/D
    1007+ |       0 |      96 |       11 |      0 |    83 |    +0.0% |  -26.325 |     -822.2 |    -3414.2 |   5337 | dot_0/fifo_timer_r/mem\[1\]\[6\]$_DFFE_PP_/D
    1008+ |       0 |      96 |       11 |      0 |    83 |    +0.0% |  -26.325 |     -822.2 |    -3414.2 |   5337 | dot_0/fifo_timer_r/mem\[1\]\[6\]$_DFFE_PP_/D
    1009+ |       0 |      96 |       11 |      0 |    83 |    +0.0% |  -26.325 |     -822.2 |    -3414.2 |   5337 | dot_0/fifo_timer_r/mem\[1\]\[6\]$_DFFE_PP_/D
    1010+ |       0 |      96 |       11 |      0 |    83 |    +0.0% |  -26.325 |     -822.2 |    -3414.2 |   5337 | dot_0/fifo_timer_r/mem\[1\]\[6\]$_DFFE_PP_/D
    1010+ |       0 |      96 |       11 |      0 |    83 |    +0.0% |  -26.325 |     -822.2 |    -3414.2 |   5337 | dot_0/fifo_timer_r/mem\[1\]\[6\]$_DFFE_PP_/D
    1011+ |       0 |      96 |       11 |      0 |    83 |    +0.0% |  -26.325 |     -822.2 |    -3414.2 |   5337 | dot_0/fifo_timer_r/mem\[1\]\[6\]$_DFFE_PP_/D
    1012+ |       0 |      96 |       11 |      0 |    83 |    +0.0% |  -26.325 |     -822.2 |    -3414.2 |   5337 | dot_0/fifo_timer_r/mem\[1\]\[6\]$_DFFE_PP_/D
    1013+ |       0 |      96 |       11 |      0 |    83 |    +0.0% |  -26.325 |     -822.2 |    -3414.2 |   5337 | dot_0/fifo_timer_r/mem\[1\]\[6\]$_DFFE_PP_/D
    1014+ |       0 |      96 |       11 |      0 |    83 |    +0.0% |  -26.325 |     -822.2 |    -3414.2 |   5337 | dot_0/fifo_timer_r/mem\[1\]\[6\]$_DFFE_PP_/D
    1015+ |       0 |      97 |       11 |      0 |    83 |    +0.0% |  -26.325 |     -822.2 |    -3411.8 |   5337 | dot_0/fifo_timer_r/mem\[1\]\[6\]$_DFFE_PP_/D
    1016+ |       0 |      97 |       11 |      0 |    83 |    +0.0% |  -26.325 |     -822.2 |    -3411.8 |   5337 | dot_0/fifo_timer_r/mem\[1\]\[6\]$_DFFE_PP_/D
    1017+ |       0 |      97 |       11 |      0 |    83 |    +0.0% |  -26.325 |     -822.2 |    -3411.8 |   5337 | dot_0/fifo_timer_r/mem\[1\]\[6\]$_DFFE_PP_/D
    1018+ |       0 |      97 |       11 |      0 |    83 |    +0.0% |  -26.325 |     -822.2 |    -3411.8 |   5337 | dot_0/fifo_timer_r/mem\[1\]\[6\]$_DFFE_PP_/D
    1019+ |       0 |      97 |       11 |      0 |    83 |    +0.0% |  -26.325 |     -822.2 |    -3411.8 |   5337 | dot_0/fifo_timer_r/mem\[1\]\[6\]$_DFFE_PP_/D
    1020+ |       0 |      97 |       11 |      0 |    83 |    +0.0% |  -26.325 |     -822.2 |    -3411.8 |   5337 | dot_0/fifo_timer_r/mem\[1\]\[6\]$_DFFE_PP_/D
    1020+ |       0 |      97 |       11 |      0 |    83 |    +0.0% |  -26.325 |     -822.2 |    -3411.8 |   5337 | dot_0/fifo_timer_r/mem\[1\]\[6\]$_DFFE_PP_/D
    1021+ |       0 |      97 |       11 |      0 |    83 |    +0.0% |  -26.325 |     -822.2 |    -3411.8 |   5337 | dot_0/fifo_timer_r/mem\[1\]\[6\]$_DFFE_PP_/D
    1022+ |       0 |      97 |       11 |      0 |    83 |    +0.0% |  -26.325 |     -822.2 |    -3411.8 |   5337 | dot_0/fifo_timer_r/mem\[1\]\[6\]$_DFFE_PP_/D
    1023+ |       0 |      97 |       11 |      0 |    83 |    +0.0% |  -26.325 |     -822.2 |    -3411.8 |   5337 | dot_0/fifo_timer_r/mem\[1\]\[6\]$_DFFE_PP_/D
    1024+ |       0 |      97 |       11 |      0 |    83 |    +0.0% |  -26.325 |     -822.2 |    -3411.8 |   5337 | dot_0/fifo_timer_r/mem\[1\]\[6\]$_DFFE_PP_/D
    1025+ |       0 |      97 |       11 |      0 |    83 |    +0.0% |  -26.325 |     -822.2 |    -3411.8 |   5337 | dot_0/fifo_timer_r/mem\[1\]\[6\]$_DFFE_PP_/D
    1026+ |       0 |      97 |       11 |      0 |    83 |    +0.0% |  -26.325 |     -822.2 |    -3411.8 |   5337 | dot_0/fifo_timer_r/mem\[1\]\[6\]$_DFFE_PP_/D
    1027+ |       0 |      97 |       11 |      0 |    83 |    +0.0% |  -26.325 |     -822.2 |    -3411.8 |   5337 | dot_0/fifo_timer_r/mem\[1\]\[6\]$_DFFE_PP_/D
    1028+ |       0 |      97 |       11 |      0 |    83 |    +0.0% |  -26.325 |     -822.2 |    -3411.8 |   5337 | dot_0/fifo_timer_r/mem\[1\]\[6\]$_DFFE_PP_/D
    1029+ |       0 |      97 |       11 |      0 |    83 |    +0.0% |  -26.325 |     -822.2 |    -3411.8 |   5337 | dot_0/fifo_timer_r/mem\[1\]\[6\]$_DFFE_PP_/D
    1030+ |       0 |      97 |       11 |      0 |    83 |    +0.0% |  -26.325 |     -822.2 |    -3411.8 |   5337 | dot_0/fifo_timer_r/mem\[1\]\[6\]$_DFFE_PP_/D
    1030+ |       0 |      97 |       11 |      0 |    83 |    +0.0% |  -26.325 |     -822.2 |    -3411.8 |   5337 | dot_0/fifo_timer_r/mem\[1\]\[6\]$_DFFE_PP_/D
    1031+ |       0 |      97 |       11 |      0 |    83 |    +0.0% |  -26.325 |     -822.2 |    -3411.8 |   5337 | dot_0/fifo_timer_r/mem\[1\]\[6\]$_DFFE_PP_/D
    1032+ |       0 |      97 |       11 |      0 |    83 |    +0.0% |  -26.325 |     -822.2 |    -3411.8 |   5337 | dot_0/fifo_timer_r/mem\[1\]\[6\]$_DFFE_PP_/D
    1033+ |       0 |      97 |       11 |      0 |    83 |    +0.0% |  -26.325 |     -822.2 |    -3411.8 |   5337 | dot_0/fifo_timer_r/mem\[1\]\[6\]$_DFFE_PP_/D
    1034+ |       0 |      97 |       11 |      0 |    83 |    +0.0% |  -26.325 |     -822.2 |    -3411.8 |   5337 | dot_0/fifo_timer_r/mem\[1\]\[6\]$_DFFE_PP_/D
    1035+ |       0 |      97 |       11 |      0 |    83 |    +0.0% |  -26.325 |     -822.2 |    -3411.8 |   5337 | dot_0/fifo_timer_r/mem\[1\]\[6\]$_DFFE_PP_/D
    1036+ |       0 |      97 |       11 |      0 |    83 |    +0.0% |  -26.325 |     -822.2 |    -3411.8 |   5337 | dot_0/fifo_timer_r/mem\[1\]\[6\]$_DFFE_PP_/D
    1037+ |       0 |      97 |       11 |      0 |    83 |    +0.0% |  -26.325 |     -822.2 |    -3411.8 |   5337 | dot_0/fifo_timer_r/mem\[1\]\[6\]$_DFFE_PP_/D
    1038+ |       0 |      97 |       11 |      0 |    83 |    +0.0% |  -26.325 |     -822.2 |    -3411.8 |   5337 | dot_0/fifo_timer_r/mem\[1\]\[6\]$_DFFE_PP_/D
    1039+ |       0 |      97 |       11 |      0 |    83 |    +0.0% |  -26.325 |     -822.2 |    -3411.8 |   5337 | dot_0/fifo_timer_r/mem\[1\]\[6\]$_DFFE_PP_/D
    1040+ |       0 |      97 |       11 |      0 |    83 |    +0.0% |  -26.325 |     -822.2 |    -3411.8 |   5337 | dot_0/fifo_timer_r/mem\[1\]\[6\]$_DFFE_PP_/D
    1040+ |       0 |      97 |       11 |      0 |    83 |    +0.0% |  -26.325 |     -822.2 |    -3411.8 |   5337 | dot_0/fifo_timer_r/mem\[1\]\[6\]$_DFFE_PP_/D
    1041+ |       0 |      97 |       11 |      0 |    83 |    +0.0% |  -26.325 |     -822.2 |    -3411.8 |   5337 | dot_0/fifo_timer_r/mem\[1\]\[6\]$_DFFE_PP_/D
    1042+ |       0 |      97 |       11 |      0 |    83 |    +0.0% |  -26.325 |     -822.2 |    -3411.8 |   5337 | dot_0/fifo_timer_r/mem\[1\]\[6\]$_DFFE_PP_/D
    1043+ |       0 |      97 |       11 |      0 |    83 |    +0.0% |  -26.325 |     -822.2 |    -3411.8 |   5337 | dot_0/fifo_timer_r/mem\[1\]\[6\]$_DFFE_PP_/D
    1044+ |       0 |      97 |       11 |      0 |    83 |    +0.0% |  -26.325 |     -822.2 |    -3411.8 |   5337 | dot_0/fifo_timer_r/mem\[1\]\[6\]$_DFFE_PP_/D
    1045+ |       0 |      97 |       11 |      0 |    83 |    +0.0% |  -26.325 |     -822.2 |    -3411.8 |   5337 | dot_0/fifo_timer_r/mem\[1\]\[6\]$_DFFE_PP_/D
    1046+ |       0 |      97 |       11 |      0 |    83 |    +0.0% |  -26.325 |     -822.2 |    -3411.8 |   5337 | dot_0/fifo_timer_r/mem\[1\]\[6\]$_DFFE_PP_/D
    1047+ |       0 |      97 |       11 |      0 |    83 |    +0.0% |  -26.325 |     -822.2 |    -3411.8 |   5337 | dot_0/fifo_timer_r/mem\[1\]\[6\]$_DFFE_PP_/D
    1048+ |       0 |      97 |       11 |      0 |    83 |    +0.0% |  -26.325 |     -822.2 |    -3411.8 |   5337 | dot_0/fifo_timer_r/mem\[1\]\[6\]$_DFFE_PP_/D
    1049+ |       0 |      97 |       11 |      0 |    83 |    +0.0% |  -26.325 |     -822.2 |    -3411.8 |   5337 | dot_0/fifo_timer_r/mem\[1\]\[6\]$_DFFE_PP_/D
    1050+ |       0 |      97 |       11 |      0 |    83 |    +0.0% |  -26.325 |     -822.2 |    -3411.8 |   5337 | dot_0/fifo_timer_r/mem\[1\]\[6\]$_DFFE_PP_/D
    1050+ |       0 |      97 |       11 |      0 |    83 |    +0.0% |  -26.325 |     -822.2 |    -3411.8 |   5337 | dot_0/fifo_timer_r/mem\[1\]\[6\]$_DFFE_PP_/D
    1051+ |       0 |      97 |       11 |      0 |    83 |    +0.0% |  -26.325 |     -822.2 |    -3411.8 |   5337 | dot_0/fifo_timer_r/mem\[1\]\[6\]$_DFFE_PP_/D
    1052+ |       0 |      97 |       11 |      0 |    83 |    +0.0% |  -26.325 |     -822.2 |    -3411.8 |   5337 | dot_0/fifo_timer_r/mem\[1\]\[6\]$_DFFE_PP_/D
    1053+ |       0 |      97 |       11 |      0 |    83 |    +0.0% |  -26.325 |     -822.2 |    -3411.8 |   5337 | dot_0/fifo_timer_r/mem\[1\]\[6\]$_DFFE_PP_/D
    1054+ |       0 |      97 |       11 |      0 |    83 |    +0.0% |  -26.325 |     -822.2 |    -3411.8 |   5337 | dot_0/fifo_timer_r/mem\[1\]\[6\]$_DFFE_PP_/D
    1055+ |       0 |      97 |       11 |      0 |    83 |    +0.0% |  -26.325 |     -822.2 |    -3411.8 |   5337 | dot_0/fifo_timer_r/mem\[1\]\[6\]$_DFFE_PP_/D
    1056+ |       0 |      97 |       11 |      0 |    83 |    +0.0% |  -26.325 |     -822.2 |    -3411.8 |   5337 | dot_0/fifo_timer_r/mem\[1\]\[6\]$_DFFE_PP_/D
    1057+ |       0 |      98 |       11 |      0 |    83 |    +0.0% |  -26.325 |     -821.9 |    -3403.6 |   5337 | dot_0/fifo_timer_r/mem\[1\]\[6\]$_DFFE_PP_/D
    1058+ |       0 |      98 |       11 |      0 |    83 |    +0.0% |  -26.325 |     -821.9 |    -3403.6 |   5337 | dot_0/fifo_timer_r/mem\[1\]\[6\]$_DFFE_PP_/D
    1059+ |       0 |      98 |       11 |      0 |    83 |    +0.0% |  -26.325 |     -821.9 |    -3403.6 |   5337 | dot_0/fifo_timer_r/mem\[1\]\[6\]$_DFFE_PP_/D
    1060+ |       0 |      98 |       11 |      0 |    83 |    +0.0% |  -26.325 |     -821.9 |    -3403.6 |   5337 | dot_0/fifo_timer_r/mem\[1\]\[6\]$_DFFE_PP_/D
    1060+ |       0 |      98 |       11 |      0 |    83 |    +0.0% |  -26.325 |     -821.9 |    -3403.6 |   5337 | dot_0/fifo_timer_r/mem\[1\]\[6\]$_DFFE_PP_/D
    1061+ |       0 |      98 |       11 |      0 |    83 |    +0.0% |  -26.325 |     -821.9 |    -3403.6 |   5337 | dot_0/fifo_timer_r/mem\[1\]\[6\]$_DFFE_PP_/D
    1062+ |       0 |      98 |       11 |      0 |    83 |    +0.0% |  -26.325 |     -821.9 |    -3403.6 |   5337 | dot_0/fifo_timer_r/mem\[1\]\[6\]$_DFFE_PP_/D
    1063+ |       0 |      98 |       11 |      0 |    83 |    +0.0% |  -26.325 |     -821.9 |    -3403.6 |   5337 | dot_0/fifo_timer_r/mem\[1\]\[6\]$_DFFE_PP_/D
    1064+ |       0 |      98 |       11 |      0 |    83 |    +0.0% |  -26.325 |     -821.9 |    -3403.6 |   5337 | dot_0/fifo_timer_r/mem\[1\]\[6\]$_DFFE_PP_/D
    1065+ |       0 |      98 |       11 |      0 |    83 |    +0.0% |  -26.325 |     -821.9 |    -3403.6 |   5337 | dot_0/fifo_timer_r/mem\[1\]\[6\]$_DFFE_PP_/D
    1066+ |       0 |      98 |       11 |      0 |    83 |    +0.0% |  -26.325 |     -821.9 |    -3403.6 |   5337 | dot_0/fifo_timer_r/mem\[1\]\[6\]$_DFFE_PP_/D
    1067+ |       0 |      98 |       11 |      0 |    83 |    +0.0% |  -26.325 |     -821.9 |    -3403.6 |   5337 | dot_0/fifo_timer_r/mem\[1\]\[6\]$_DFFE_PP_/D
    1068+ |       0 |      98 |       11 |      0 |    83 |    +0.0% |  -26.325 |     -821.9 |    -3403.6 |   5337 | dot_0/fifo_timer_r/mem\[1\]\[6\]$_DFFE_PP_/D
    1069+ |       0 |      98 |       11 |      0 |    83 |    +0.0% |  -26.325 |     -821.9 |    -3403.6 |   5337 | dot_0/fifo_timer_r/mem\[1\]\[6\]$_DFFE_PP_/D
    1070+ |       0 |      98 |       11 |      0 |    83 |    +0.0% |  -26.325 |     -821.9 |    -3403.6 |   5337 | dot_0/fifo_timer_r/mem\[1\]\[6\]$_DFFE_PP_/D
    1070+ |       0 |      98 |       11 |      0 |    83 |    +0.0% |  -26.325 |     -821.9 |    -3403.6 |   5337 | dot_0/fifo_timer_r/mem\[1\]\[6\]$_DFFE_PP_/D
    1071+ |       0 |      98 |       11 |      0 |    83 |    +0.0% |  -26.325 |     -821.9 |    -3403.6 |   5337 | dot_0/fifo_timer_r/mem\[1\]\[6\]$_DFFE_PP_/D
    1072+ |       0 |      98 |       11 |      0 |    83 |    +0.0% |  -26.325 |     -821.9 |    -3403.6 |   5337 | dot_0/fifo_timer_r/mem\[1\]\[6\]$_DFFE_PP_/D
    1073+ |       0 |      98 |       11 |      0 |    83 |    +0.0% |  -26.325 |     -821.9 |    -3403.6 |   5337 | dot_0/fifo_timer_r/mem\[1\]\[6\]$_DFFE_PP_/D
    1074+ |       0 |      98 |       11 |      0 |    83 |    +0.0% |  -26.325 |     -821.9 |    -3403.6 |   5337 | dot_0/fifo_timer_r/mem\[1\]\[6\]$_DFFE_PP_/D
    1075+ |       0 |      98 |       11 |      0 |    83 |    +0.0% |  -26.325 |     -821.9 |    -3403.6 |   5337 | dot_0/fifo_timer_r/mem\[1\]\[6\]$_DFFE_PP_/D
    1076+ |       0 |      98 |       11 |      0 |    83 |    +0.0% |  -26.325 |     -821.9 |    -3403.6 |   5337 | dot_0/fifo_timer_r/mem\[1\]\[6\]$_DFFE_PP_/D
    1077+ |       0 |      98 |       11 |      0 |    83 |    +0.0% |  -26.325 |     -821.9 |    -3403.6 |   5337 | dot_0/fifo_timer_r/mem\[1\]\[6\]$_DFFE_PP_/D
    1078+ |       0 |      98 |       11 |      0 |    83 |    +0.0% |  -26.325 |     -821.9 |    -3403.6 |   5337 | dot_0/fifo_timer_r/mem\[1\]\[6\]$_DFFE_PP_/D
    1079+ |       0 |      98 |       11 |      0 |    83 |    +0.0% |  -26.325 |     -821.9 |    -3403.6 |   5337 | dot_0/fifo_timer_r/mem\[1\]\[6\]$_DFFE_PP_/D
    1080+ |       0 |      98 |       11 |      0 |    83 |    +0.0% |  -26.325 |     -821.9 |    -3403.6 |   5337 | dot_0/fifo_timer_r/mem\[1\]\[6\]$_DFFE_PP_/D
    1080+ |       0 |      98 |       11 |      0 |    83 |    +0.0% |  -26.325 |     -821.9 |    -3403.6 |   5337 | dot_0/fifo_timer_r/mem\[1\]\[6\]$_DFFE_PP_/D
    1081+ |       0 |      98 |       11 |      0 |    83 |    +0.0% |  -26.325 |     -821.9 |    -3403.6 |   5337 | dot_0/fifo_timer_r/mem\[1\]\[6\]$_DFFE_PP_/D
    1082+ |       0 |      98 |       11 |      0 |    83 |    +0.0% |  -26.325 |     -821.9 |    -3403.6 |   5337 | dot_0/fifo_timer_r/mem\[1\]\[6\]$_DFFE_PP_/D
    1083+ |       0 |      98 |       11 |      0 |    83 |    +0.0% |  -26.325 |     -821.9 |    -3403.6 |   5337 | dot_0/fifo_timer_r/mem\[1\]\[6\]$_DFFE_PP_/D
    1084+ |       0 |      98 |       11 |      0 |    83 |    +0.0% |  -26.325 |     -821.9 |    -3403.6 |   5337 | dot_0/fifo_timer_r/mem\[1\]\[6\]$_DFFE_PP_/D
    1085+ |       0 |      98 |       11 |      0 |    83 |    +0.0% |  -26.325 |     -821.9 |    -3403.6 |   5337 | dot_0/fifo_timer_r/mem\[1\]\[6\]$_DFFE_PP_/D
    1086+ |       0 |      98 |       11 |      0 |    83 |    +0.0% |  -26.325 |     -821.9 |    -3403.6 |   5337 | dot_0/fifo_timer_r/mem\[1\]\[6\]$_DFFE_PP_/D
    1087+ |       0 |      98 |       11 |      0 |    83 |    +0.0% |  -26.325 |     -821.9 |    -3403.6 |   5337 | dot_0/fifo_timer_r/mem\[1\]\[6\]$_DFFE_PP_/D
    1088+ |       0 |      98 |       11 |      0 |    83 |    +0.0% |  -26.325 |     -821.9 |    -3403.6 |   5337 | dot_0/fifo_timer_r/mem\[1\]\[6\]$_DFFE_PP_/D
    1089+ |       0 |      98 |       11 |      0 |    83 |    +0.0% |  -26.325 |     -821.9 |    -3403.6 |   5337 | dot_0/fifo_timer_r/mem\[1\]\[6\]$_DFFE_PP_/D
    1090+ |       0 |      98 |       11 |      0 |    83 |    +0.0% |  -26.325 |     -821.9 |    -3403.6 |   5337 | dot_0/fifo_timer_r/mem\[1\]\[6\]$_DFFE_PP_/D
    1090+ |       0 |      98 |       11 |      0 |    83 |    +0.0% |  -26.325 |     -821.9 |    -3403.6 |   5337 | dot_0/fifo_timer_r/mem\[1\]\[6\]$_DFFE_PP_/D
    1091+ |       0 |      98 |       11 |      0 |    83 |    +0.0% |  -26.325 |     -821.9 |    -3403.6 |   5337 | dot_0/fifo_timer_r/mem\[1\]\[6\]$_DFFE_PP_/D
    1092+ |       0 |      98 |       11 |      0 |    83 |    +0.0% |  -26.325 |     -821.9 |    -3403.6 |   5337 | dot_0/fifo_timer_r/mem\[1\]\[6\]$_DFFE_PP_/D
    1093+ |       0 |      98 |       11 |      0 |    83 |    +0.0% |  -26.325 |     -821.9 |    -3403.6 |   5337 | dot_0/fifo_timer_r/mem\[1\]\[6\]$_DFFE_PP_/D
    1094+ |       0 |      98 |       11 |      0 |    83 |    +0.0% |  -26.325 |     -821.9 |    -3403.6 |   5337 | dot_0/fifo_timer_r/mem\[1\]\[6\]$_DFFE_PP_/D
    1095+ |       0 |      98 |       11 |      0 |    83 |    +0.0% |  -26.325 |     -821.9 |    -3403.6 |   5337 | dot_0/fifo_timer_r/mem\[1\]\[6\]$_DFFE_PP_/D
    1096+ |       0 |      98 |       11 |      0 |    83 |    +0.0% |  -26.325 |     -821.9 |    -3403.6 |   5337 | dot_0/fifo_timer_r/mem\[1\]\[6\]$_DFFE_PP_/D
    1097+ |       0 |      98 |       11 |      0 |    83 |    +0.0% |  -26.325 |     -821.9 |    -3403.6 |   5337 | dot_0/fifo_timer_r/mem\[1\]\[6\]$_DFFE_PP_/D
    1098+ |       0 |      99 |       11 |      0 |    83 |    +0.0% |  -26.325 |     -821.9 |    -3402.5 |   5337 | dot_0/fifo_timer_r/mem\[1\]\[6\]$_DFFE_PP_/D
    1099+ |       0 |      99 |       11 |      0 |    83 |    +0.0% |  -26.325 |     -821.9 |    -3402.5 |   5337 | dot_0/fifo_timer_r/mem\[1\]\[6\]$_DFFE_PP_/D
    1100+ |       0 |      99 |       11 |      0 |    83 |    +0.0% |  -26.325 |     -821.9 |    -3402.5 |   5337 | dot_0/fifo_timer_r/mem\[1\]\[6\]$_DFFE_PP_/D
    1101+ |       0 |      99 |       11 |      0 |    83 |    +0.0% |  -26.325 |     -821.9 |    -3402.5 |   5337 | dot_0/fifo_timer_r/mem\[1\]\[6\]$_DFFE_PP_/D
    1102+ |       0 |      99 |       11 |      0 |    83 |    +0.0% |  -26.325 |     -821.9 |    -3402.5 |   5337 | dot_0/fifo_timer_r/mem\[1\]\[6\]$_DFFE_PP_/D
    1103+ |       0 |      99 |       11 |      0 |    83 |    +0.0% |  -26.325 |     -821.9 |    -3402.5 |   5337 | dot_0/fifo_timer_r/mem\[1\]\[6\]$_DFFE_PP_/D
    1104+ |       0 |      99 |       11 |      0 |    83 |    +0.0% |  -26.325 |     -821.9 |    -3402.5 |   5337 | dot_0/fifo_timer_r/mem\[1\]\[6\]$_DFFE_PP_/D
    1105+ |       0 |      99 |       11 |      0 |    83 |    +0.0% |  -26.325 |     -821.9 |    -3402.5 |   5337 | dot_0/fifo_timer_r/mem\[1\]\[6\]$_DFFE_PP_/D
    1106+ |       0 |      99 |       11 |      0 |    83 |    +0.0% |  -26.325 |     -821.9 |    -3402.5 |   5337 | dot_0/fifo_timer_r/mem\[1\]\[6\]$_DFFE_PP_/D
    1107+ |       0 |      99 |       11 |      0 |    83 |    +0.0% |  -26.325 |     -821.9 |    -3402.5 |   5337 | dot_0/fifo_timer_r/mem\[1\]\[6\]$_DFFE_PP_/D
    1108+ |       0 |      99 |       11 |      0 |    83 |    +0.0% |  -26.325 |     -821.9 |    -3402.5 |   5337 | dot_0/fifo_timer_r/mem\[1\]\[6\]$_DFFE_PP_/D
    1109+ |       0 |      99 |       11 |      0 |    83 |    +0.0% |  -26.325 |     -821.9 |    -3402.5 |   5337 | dot_0/fifo_timer_r/mem\[1\]\[6\]$_DFFE_PP_/D
    1110+ |       0 |      99 |       11 |      0 |    83 |    +0.0% |  -26.325 |     -821.9 |    -3402.5 |   5337 | dot_0/fifo_timer_r/mem\[1\]\[6\]$_DFFE_PP_/D
    1110+ |       0 |      99 |       11 |      0 |    83 |    +0.0% |  -26.325 |     -821.9 |    -3402.5 |   5337 | dot_0/fifo_timer_r/mem\[1\]\[6\]$_DFFE_PP_/D
    1111+ |       0 |      99 |       11 |      0 |    83 |    +0.0% |  -26.325 |     -821.9 |    -3402.5 |   5337 | dot_0/fifo_timer_r/mem\[1\]\[6\]$_DFFE_PP_/D
    1112+ |       0 |      99 |       11 |      0 |    83 |    +0.0% |  -26.325 |     -821.9 |    -3402.5 |   5337 | dot_0/fifo_timer_r/mem\[1\]\[6\]$_DFFE_PP_/D
    1113+ |       0 |      99 |       11 |      0 |    83 |    +0.0% |  -26.325 |     -821.9 |    -3402.5 |   5337 | dot_0/fifo_timer_r/mem\[1\]\[6\]$_DFFE_PP_/D
    1114+ |       0 |      99 |       11 |      0 |    83 |    +0.0% |  -26.325 |     -821.9 |    -3402.5 |   5337 | dot_0/fifo_timer_r/mem\[1\]\[6\]$_DFFE_PP_/D
    1115+ |       0 |      99 |       11 |      0 |    83 |    +0.0% |  -26.325 |     -821.9 |    -3402.5 |   5337 | dot_0/fifo_timer_r/mem\[1\]\[6\]$_DFFE_PP_/D
    1116+ |       0 |      99 |       11 |      0 |    83 |    +0.0% |  -26.325 |     -821.9 |    -3402.5 |   5337 | dot_0/fifo_timer_r/mem\[1\]\[6\]$_DFFE_PP_/D
    1117+ |       0 |     100 |       11 |      0 |    83 |    +0.0% |  -26.325 |     -821.9 |    -3401.7 |   5337 | dot_0/fifo_timer_r/mem\[1\]\[6\]$_DFFE_PP_/D
    1118+ |       0 |     100 |       11 |      0 |    83 |    +0.0% |  -26.325 |     -821.9 |    -3401.7 |   5337 | dot_0/fifo_timer_r/mem\[1\]\[6\]$_DFFE_PP_/D
    1119+ |       0 |     100 |       11 |      0 |    83 |    +0.0% |  -26.325 |     -821.9 |    -3401.7 |   5337 | dot_0/fifo_timer_r/mem\[1\]\[6\]$_DFFE_PP_/D
    1120+ |       0 |     100 |       11 |      0 |    83 |    +0.0% |  -26.325 |     -821.9 |    -3401.7 |   5337 | dot_0/fifo_timer_r/mem\[1\]\[6\]$_DFFE_PP_/D
    1120+ |       0 |     100 |       11 |      0 |    83 |    +0.0% |  -26.325 |     -821.9 |    -3401.7 |   5337 | dot_0/fifo_timer_r/mem\[1\]\[6\]$_DFFE_PP_/D
    1121+ |       0 |     100 |       11 |      0 |    83 |    +0.0% |  -26.325 |     -821.9 |    -3401.7 |   5337 | dot_0/fifo_timer_r/mem\[1\]\[6\]$_DFFE_PP_/D
    1122+ |       0 |     100 |       11 |      0 |    83 |    +0.0% |  -26.325 |     -821.9 |    -3401.7 |   5337 | dot_0/fifo_timer_r/mem\[1\]\[6\]$_DFFE_PP_/D
    1123+ |       0 |     100 |       11 |      0 |    83 |    +0.0% |  -26.325 |     -821.9 |    -3401.7 |   5337 | dot_0/fifo_timer_r/mem\[1\]\[6\]$_DFFE_PP_/D
    1124+ |       0 |     100 |       11 |      0 |    83 |    +0.0% |  -26.325 |     -821.9 |    -3401.7 |   5337 | dot_0/fifo_timer_r/mem\[1\]\[6\]$_DFFE_PP_/D
    1125+ |       0 |     100 |       11 |      0 |    83 |    +0.0% |  -26.325 |     -821.9 |    -3401.7 |   5337 | dot_0/fifo_timer_r/mem\[1\]\[6\]$_DFFE_PP_/D
    1126+ |       0 |     100 |       11 |      0 |    83 |    +0.0% |  -26.325 |     -821.9 |    -3401.7 |   5337 | dot_0/fifo_timer_r/mem\[1\]\[6\]$_DFFE_PP_/D
    1127+ |       0 |     100 |       11 |      0 |    83 |    +0.0% |  -26.325 |     -821.9 |    -3401.7 |   5337 | dot_0/fifo_timer_r/mem\[1\]\[6\]$_DFFE_PP_/D
    1128+ |       0 |     100 |       11 |      0 |    83 |    +0.0% |  -26.325 |     -821.9 |    -3401.7 |   5337 | dot_0/fifo_timer_r/mem\[1\]\[6\]$_DFFE_PP_/D
    1129+ |       0 |     100 |       11 |      0 |    83 |    +0.0% |  -26.325 |     -821.9 |    -3401.7 |   5337 | dot_0/fifo_timer_r/mem\[1\]\[6\]$_DFFE_PP_/D
    1130+ |       0 |     100 |       11 |      0 |    83 |    +0.0% |  -26.325 |     -821.9 |    -3401.7 |   5337 | dot_0/fifo_timer_r/mem\[1\]\[6\]$_DFFE_PP_/D
    1130+ |       0 |     100 |       11 |      0 |    83 |    +0.0% |  -26.325 |     -821.9 |    -3401.7 |   5337 | dot_0/fifo_timer_r/mem\[1\]\[6\]$_DFFE_PP_/D
    1131+ |       0 |     100 |       11 |      0 |    83 |    +0.0% |  -26.325 |     -821.9 |    -3401.7 |   5337 | dot_0/fifo_timer_r/mem\[1\]\[6\]$_DFFE_PP_/D
    1132+ |       0 |     100 |       11 |      0 |    83 |    +0.0% |  -26.325 |     -821.9 |    -3401.7 |   5337 | dot_0/fifo_timer_r/mem\[1\]\[6\]$_DFFE_PP_/D
    1133+ |       0 |     100 |       11 |      0 |    83 |    +0.0% |  -26.325 |     -821.9 |    -3401.7 |   5337 | dot_0/fifo_timer_r/mem\[1\]\[6\]$_DFFE_PP_/D
    1134+ |       0 |     100 |       11 |      0 |    83 |    +0.0% |  -26.325 |     -821.9 |    -3401.7 |   5337 | dot_0/fifo_timer_r/mem\[1\]\[6\]$_DFFE_PP_/D
    1135+ |       0 |     100 |       11 |      0 |    83 |    +0.0% |  -26.325 |     -821.9 |    -3401.7 |   5337 | dot_0/fifo_timer_r/mem\[1\]\[6\]$_DFFE_PP_/D
    1136+ |       0 |     100 |       11 |      0 |    83 |    +0.0% |  -26.325 |     -821.9 |    -3401.7 |   5337 | dot_0/fifo_timer_r/mem\[1\]\[6\]$_DFFE_PP_/D
    1137+ |       0 |     100 |       11 |      0 |    83 |    +0.0% |  -26.325 |     -821.9 |    -3401.7 |   5337 | dot_0/fifo_timer_r/mem\[1\]\[6\]$_DFFE_PP_/D
    1138+ |       0 |     100 |       11 |      0 |    83 |    +0.0% |  -26.325 |     -821.9 |    -3401.7 |   5337 | dot_0/fifo_timer_r/mem\[1\]\[6\]$_DFFE_PP_/D
    1139+ |       0 |     100 |       11 |      0 |    83 |    +0.0% |  -26.325 |     -821.9 |    -3401.7 |   5337 | dot_0/fifo_timer_r/mem\[1\]\[6\]$_DFFE_PP_/D
    1140+ |       0 |     100 |       11 |      0 |    83 |    +0.0% |  -26.325 |     -821.9 |    -3401.7 |   5337 | dot_0/fifo_timer_r/mem\[1\]\[6\]$_DFFE_PP_/D
    1140+ |       0 |     100 |       11 |      0 |    83 |    +0.0% |  -26.325 |     -821.9 |    -3401.7 |   5337 | dot_0/fifo_timer_r/mem\[1\]\[6\]$_DFFE_PP_/D
    1141+ |       0 |     100 |       11 |      0 |    83 |    +0.0% |  -26.325 |     -821.9 |    -3401.7 |   5337 | dot_0/fifo_timer_r/mem\[1\]\[6\]$_DFFE_PP_/D
    1142+ |       0 |     100 |       11 |      0 |    83 |    +0.0% |  -26.325 |     -821.9 |    -3401.7 |   5337 | dot_0/fifo_timer_r/mem\[1\]\[6\]$_DFFE_PP_/D
    1143+ |       0 |     100 |       11 |      0 |    83 |    +0.0% |  -26.325 |     -821.9 |    -3401.7 |   5337 | dot_0/fifo_timer_r/mem\[1\]\[6\]$_DFFE_PP_/D
    1144+ |       0 |     100 |       11 |      0 |    83 |    +0.0% |  -26.325 |     -821.9 |    -3401.7 |   5337 | dot_0/fifo_timer_r/mem\[1\]\[6\]$_DFFE_PP_/D
    1145+ |       0 |     100 |       11 |      0 |    83 |    +0.0% |  -26.325 |     -821.9 |    -3401.7 |   5337 | dot_0/fifo_timer_r/mem\[1\]\[6\]$_DFFE_PP_/D
    1146+ |       0 |     100 |       11 |      0 |    83 |    +0.0% |  -26.325 |     -821.9 |    -3401.7 |   5337 | dot_0/fifo_timer_r/mem\[1\]\[6\]$_DFFE_PP_/D
    1147+ |       0 |     100 |       11 |      0 |    83 |    +0.0% |  -26.325 |     -821.9 |    -3401.7 |   5337 | dot_0/fifo_timer_r/mem\[1\]\[6\]$_DFFE_PP_/D
    1148+ |       0 |     100 |       11 |      0 |    83 |    +0.0% |  -26.325 |     -821.9 |    -3401.7 |   5337 | dot_0/fifo_timer_r/mem\[1\]\[6\]$_DFFE_PP_/D
    1149+ |       0 |     100 |       11 |      0 |    83 |    +0.0% |  -26.325 |     -821.9 |    -3401.7 |   5337 | dot_0/fifo_timer_r/mem\[1\]\[6\]$_DFFE_PP_/D
    1150+ |       0 |     100 |       11 |      0 |    83 |    +0.0% |  -26.325 |     -821.9 |    -3401.7 |   5337 | dot_0/fifo_timer_r/mem\[1\]\[6\]$_DFFE_PP_/D
    1150+ |       0 |     100 |       11 |      0 |    83 |    +0.0% |  -26.325 |     -821.9 |    -3401.7 |   5337 | dot_0/fifo_timer_r/mem\[1\]\[6\]$_DFFE_PP_/D
    1151+ |       0 |     100 |       11 |      0 |    83 |    +0.0% |  -26.325 |     -821.9 |    -3401.7 |   5337 | dot_0/fifo_timer_r/mem\[1\]\[6\]$_DFFE_PP_/D
    1152+ |       0 |     100 |       11 |      0 |    83 |    +0.0% |  -26.325 |     -821.9 |    -3401.7 |   5337 | dot_0/fifo_timer_r/mem\[1\]\[6\]$_DFFE_PP_/D
    1153+ |       0 |     100 |       11 |      0 |    83 |    +0.0% |  -26.325 |     -821.9 |    -3401.7 |   5337 | dot_0/fifo_timer_r/mem\[1\]\[6\]$_DFFE_PP_/D
    1154+ |       0 |     100 |       11 |      0 |    83 |    +0.0% |  -26.325 |     -821.9 |    -3401.7 |   5337 | dot_0/fifo_timer_r/mem\[1\]\[6\]$_DFFE_PP_/D
    1155+ |       0 |     100 |       11 |      0 |    83 |    +0.0% |  -26.325 |     -821.9 |    -3401.7 |   5337 | dot_0/fifo_timer_r/mem\[1\]\[6\]$_DFFE_PP_/D
    1156+ |       0 |     100 |       11 |      0 |    83 |    +0.0% |  -26.325 |     -821.9 |    -3401.7 |   5337 | dot_0/fifo_timer_r/mem\[1\]\[6\]$_DFFE_PP_/D
    1157+ |       0 |     100 |       11 |      0 |    83 |    +0.0% |  -26.325 |     -821.9 |    -3401.7 |   5337 | dot_0/fifo_timer_r/mem\[1\]\[6\]$_DFFE_PP_/D
    1158+ |       0 |     100 |       11 |      0 |    83 |    +0.0% |  -26.325 |     -821.9 |    -3401.7 |   5337 | dot_0/fifo_timer_r/mem\[1\]\[6\]$_DFFE_PP_/D
    1159+ |       0 |     100 |       11 |      0 |    83 |    +0.0% |  -26.325 |     -821.9 |    -3401.7 |   5337 | dot_0/fifo_timer_r/mem\[1\]\[6\]$_DFFE_PP_/D
    1160+ |       0 |     100 |       11 |      0 |    83 |    +0.0% |  -26.325 |     -821.9 |    -3401.7 |   5337 | dot_0/fifo_timer_r/mem\[1\]\[6\]$_DFFE_PP_/D
    1160+ |       0 |     100 |       11 |      0 |    83 |    +0.0% |  -26.325 |     -821.9 |    -3401.7 |   5337 | dot_0/fifo_timer_r/mem\[1\]\[6\]$_DFFE_PP_/D
    1161+ |       0 |     100 |       11 |      0 |    83 |    +0.0% |  -26.325 |     -821.9 |    -3401.7 |   5337 | dot_0/fifo_timer_r/mem\[1\]\[6\]$_DFFE_PP_/D
    1162+ |       0 |     100 |       11 |      0 |    83 |    +0.0% |  -26.325 |     -821.9 |    -3401.7 |   5337 | dot_0/fifo_timer_r/mem\[1\]\[6\]$_DFFE_PP_/D
    1163+ |       0 |     100 |       11 |      0 |    83 |    +0.0% |  -26.325 |     -821.9 |    -3401.7 |   5337 | dot_0/fifo_timer_r/mem\[1\]\[6\]$_DFFE_PP_/D
    1164+ |       0 |     100 |       11 |      0 |    83 |    +0.0% |  -26.325 |     -821.9 |    -3401.7 |   5337 | dot_0/fifo_timer_r/mem\[1\]\[6\]$_DFFE_PP_/D
    1165+ |       0 |     100 |       11 |      0 |    83 |    +0.0% |  -26.325 |     -821.9 |    -3401.7 |   5337 | dot_0/fifo_timer_r/mem\[1\]\[6\]$_DFFE_PP_/D
    1166+ |       0 |     100 |       11 |      0 |    83 |    +0.0% |  -26.325 |     -821.9 |    -3401.7 |   5337 | dot_0/fifo_timer_r/mem\[1\]\[6\]$_DFFE_PP_/D
    1167+ |       0 |     100 |       11 |      0 |    83 |    +0.0% |  -26.325 |     -821.9 |    -3401.7 |   5337 | dot_0/fifo_timer_r/mem\[1\]\[6\]$_DFFE_PP_/D
    1168+ |       0 |     100 |       11 |      0 |    83 |    +0.0% |  -26.325 |     -821.9 |    -3401.7 |   5337 | dot_0/fifo_timer_r/mem\[1\]\[6\]$_DFFE_PP_/D
    1169+ |       0 |     100 |       11 |      0 |    83 |    +0.0% |  -26.325 |     -821.9 |    -3401.7 |   5337 | dot_0/fifo_timer_r/mem\[1\]\[6\]$_DFFE_PP_/D
    1170+ |       0 |     100 |       11 |      0 |    83 |    +0.0% |  -26.325 |     -821.9 |    -3401.7 |   5337 | dot_0/fifo_timer_r/mem\[1\]\[6\]$_DFFE_PP_/D
    1170+ |       0 |     100 |       11 |      0 |    83 |    +0.0% |  -26.325 |     -821.9 |    -3401.7 |   5337 | dot_0/fifo_timer_r/mem\[1\]\[6\]$_DFFE_PP_/D
    1171+ |       0 |     100 |       11 |      0 |    83 |    +0.0% |  -26.325 |     -821.9 |    -3401.7 |   5337 | dot_0/fifo_timer_r/mem\[1\]\[6\]$_DFFE_PP_/D
    1172+ |       0 |     100 |       11 |      0 |    83 |    +0.0% |  -26.325 |     -821.9 |    -3401.7 |   5337 | dot_0/fifo_timer_r/mem\[1\]\[6\]$_DFFE_PP_/D
    1173+ |       0 |     100 |       11 |      0 |    83 |    +0.0% |  -26.325 |     -821.9 |    -3401.7 |   5337 | dot_0/fifo_timer_r/mem\[1\]\[6\]$_DFFE_PP_/D
    1174+ |       0 |     100 |       11 |      0 |    83 |    +0.0% |  -26.325 |     -821.9 |    -3401.7 |   5337 | dot_0/fifo_timer_r/mem\[1\]\[6\]$_DFFE_PP_/D
    1175+ |       0 |     100 |       11 |      0 |    83 |    +0.0% |  -26.325 |     -821.9 |    -3401.7 |   5337 | dot_0/fifo_timer_r/mem\[1\]\[6\]$_DFFE_PP_/D
    1176+ |       0 |     100 |       11 |      0 |    83 |    +0.0% |  -26.325 |     -821.9 |    -3401.7 |   5337 | dot_0/fifo_timer_r/mem\[1\]\[6\]$_DFFE_PP_/D
    1177+ |       0 |     100 |       11 |      0 |    83 |    +0.0% |  -26.325 |     -821.9 |    -3401.7 |   5337 | dot_0/fifo_timer_r/mem\[1\]\[6\]$_DFFE_PP_/D
    1178+ |       0 |     100 |       11 |      0 |    83 |    +0.0% |  -26.325 |     -821.9 |    -3401.7 |   5337 | dot_0/fifo_timer_r/mem\[1\]\[6\]$_DFFE_PP_/D
    1179+ |       0 |     100 |       11 |      0 |    83 |    +0.0% |  -26.325 |     -821.9 |    -3401.7 |   5337 | dot_0/fifo_timer_r/mem\[1\]\[6\]$_DFFE_PP_/D
    1180+ |       0 |     100 |       11 |      0 |    83 |    +0.0% |  -26.325 |     -821.9 |    -3401.7 |   5337 | dot_0/fifo_timer_r/mem\[1\]\[6\]$_DFFE_PP_/D
    1180+ |       0 |     100 |       11 |      0 |    83 |    +0.0% |  -26.325 |     -821.9 |    -3401.7 |   5337 | dot_0/fifo_timer_r/mem\[1\]\[6\]$_DFFE_PP_/D
    1181+ |       0 |     100 |       11 |      0 |    83 |    +0.0% |  -26.325 |     -821.9 |    -3401.7 |   5337 | dot_0/fifo_timer_r/mem\[1\]\[6\]$_DFFE_PP_/D
    1182+ |       0 |     100 |       11 |      0 |    83 |    +0.0% |  -26.325 |     -821.9 |    -3401.7 |   5337 | dot_0/fifo_timer_r/mem\[1\]\[6\]$_DFFE_PP_/D
    1183+ |       0 |     100 |       11 |      0 |    83 |    +0.0% |  -26.325 |     -821.9 |    -3401.7 |   5337 | dot_0/fifo_timer_r/mem\[1\]\[6\]$_DFFE_PP_/D
    1184+ |       0 |     100 |       11 |      0 |    83 |    +0.0% |  -26.325 |     -821.9 |    -3401.7 |   5337 | dot_0/fifo_timer_r/mem\[1\]\[6\]$_DFFE_PP_/D
    1185+ |       0 |     100 |       11 |      0 |    83 |    +0.0% |  -26.325 |     -821.9 |    -3401.7 |   5337 | dot_0/fifo_timer_r/mem\[1\]\[6\]$_DFFE_PP_/D
    1186+ |       0 |     100 |       11 |      0 |    83 |    +0.0% |  -26.325 |     -821.9 |    -3401.7 |   5337 | dot_0/fifo_timer_r/mem\[1\]\[6\]$_DFFE_PP_/D
    1187+ |       0 |     100 |       11 |      0 |    83 |    +0.0% |  -26.325 |     -821.9 |    -3401.7 |   5337 | dot_0/fifo_timer_r/mem\[1\]\[6\]$_DFFE_PP_/D
    1188+ |       0 |     101 |       11 |      0 |    83 |    +0.0% |  -26.325 |     -821.9 |    -3400.4 |   5337 | dot_0/fifo_timer_r/mem\[1\]\[6\]$_DFFE_PP_/D
    1189+ |       0 |     101 |       11 |      0 |    83 |    +0.0% |  -26.325 |     -821.9 |    -3400.4 |   5337 | dot_0/fifo_timer_r/mem\[1\]\[6\]$_DFFE_PP_/D
    1190+ |       0 |     101 |       11 |      0 |    83 |    +0.0% |  -26.325 |     -821.9 |    -3400.4 |   5337 | dot_0/fifo_timer_r/mem\[1\]\[6\]$_DFFE_PP_/D
    1190+ |       0 |     101 |       11 |      0 |    83 |    +0.0% |  -26.325 |     -821.9 |    -3400.4 |   5337 | dot_0/fifo_timer_r/mem\[1\]\[6\]$_DFFE_PP_/D
    1191+ |       0 |     101 |       11 |      0 |    83 |    +0.0% |  -26.325 |     -821.9 |    -3400.4 |   5337 | dot_0/fifo_timer_r/mem\[1\]\[6\]$_DFFE_PP_/D
    1192+ |       0 |     101 |       11 |      0 |    83 |    +0.0% |  -26.325 |     -821.9 |    -3400.4 |   5337 | dot_0/fifo_timer_r/mem\[1\]\[6\]$_DFFE_PP_/D
    1193+ |       0 |     101 |       11 |      0 |    83 |    +0.0% |  -26.325 |     -821.9 |    -3400.4 |   5337 | dot_0/fifo_timer_r/mem\[1\]\[6\]$_DFFE_PP_/D
    1194+ |       0 |     101 |       11 |      0 |    83 |    +0.0% |  -26.325 |     -821.9 |    -3400.4 |   5337 | dot_0/fifo_timer_r/mem\[1\]\[6\]$_DFFE_PP_/D
    1195+ |       0 |     101 |       11 |      0 |    83 |    +0.0% |  -26.325 |     -821.9 |    -3400.4 |   5337 | dot_0/fifo_timer_r/mem\[1\]\[6\]$_DFFE_PP_/D
    1196+ |       0 |     101 |       11 |      0 |    83 |    +0.0% |  -26.325 |     -821.9 |    -3400.4 |   5337 | dot_0/fifo_timer_r/mem\[1\]\[6\]$_DFFE_PP_/D
    1197+ |       0 |     101 |       11 |      0 |    83 |    +0.0% |  -26.325 |     -821.9 |    -3400.4 |   5337 | dot_0/fifo_timer_r/mem\[1\]\[6\]$_DFFE_PP_/D
    1198+ |       0 |     101 |       11 |      0 |    83 |    +0.0% |  -26.325 |     -821.9 |    -3400.4 |   5337 | dot_0/fifo_timer_r/mem\[1\]\[6\]$_DFFE_PP_/D
    1199+ |       0 |     101 |       11 |      0 |    83 |    +0.0% |  -26.325 |     -821.9 |    -3400.4 |   5337 | dot_0/fifo_timer_r/mem\[1\]\[6\]$_DFFE_PP_/D
    1200+ |       0 |     101 |       11 |      0 |    83 |    +0.0% |  -26.325 |     -821.9 |    -3400.4 |   5337 | dot_0/fifo_timer_r/mem\[1\]\[6\]$_DFFE_PP_/D
    final |       0 |     101 |       11 |      0 |    83 |    +0.0% |  -26.325 |     -821.9 |    -3400.4 |   1299 | dot_0/fifo_timer_r/mem\[1\]\[6\]$_DFFE_PP_/D
------------------------------------------------------------------------------------------------------------------------------
[INFO RSZ-0040] Inserted 11 buffers.
[INFO RSZ-0051] Resized 101 instances: 95 up, 6 up match, 0 down, 0 VT
[INFO RSZ-0043] Swapped pins on 83 instances.
[WARNING RSZ-0062] Unable to repair all setup violations.
[INFO RSZ-0505] Runtime: 182.83s
[INFO RSZ-0046] Found 320 endpoints with hold violations.
Iteration | Resized | Buffers | Cloned Gates |   Area   |   WNS   |   TNS   | Endpoint
--------------------------------------------------------------------------------------
        0 |       0 |       0 |            0 |    +0.0% |  -0.803 | -121.450 | main_memory_0/mem[50][12]$_DFFE_PP_/D
       10 |       0 |       2 |            0 |    +0.0% |  -0.728 | -89.684 | main_memory_0/mem[28][28]$_DFFE_PP_/D
       20 |       0 |       9 |            0 |    +0.0% |  -0.696 | -33.911 | main_memory_0/mem[34][18]$_DFFE_PP_/D
       30 |       0 |      12 |            0 |    +0.0% |  -0.631 |  -7.860 | memory_axi_0/burst_active_w$_SDFF_PP0_/D
       40 |       0 |      12 |            0 |    +0.0% |  -0.631 |  -7.860 | memory_axi_0/burst_active_w$_SDFF_PP0_/D
       50 |       0 |      14 |            0 |    +0.0% |  -0.579 |  -7.480 | memory_axi_0/burst_active_w$_SDFF_PP0_/D
       60 |       0 |      14 |            0 |    +0.0% |  -0.579 |  -7.480 | memory_axi_0/burst_active_w$_SDFF_PP0_/D
       70 |       0 |      14 |            0 |    +0.0% |  -0.579 |  -7.480 | memory_axi_0/burst_active_w$_SDFF_PP0_/D
       80 |       0 |      14 |            0 |    +0.0% |  -0.579 |  -7.480 | memory_axi_0/burst_active_w$_SDFF_PP0_/D
       90 |       0 |      14 |            0 |    +0.0% |  -0.579 |  -7.480 | memory_axi_0/burst_active_w$_SDFF_PP0_/D
      100 |       0 |      14 |            0 |    +0.0% |  -0.579 |  -7.480 | memory_axi_0/burst_active_w$_SDFF_PP0_/D
      110 |       0 |      14 |            0 |    +0.0% |  -0.579 |  -7.480 | memory_axi_0/burst_active_w$_SDFF_PP0_/D
      120 |       0 |      14 |            0 |    +0.0% |  -0.579 |  -7.480 | memory_axi_0/burst_active_w$_SDFF_PP0_/D
      130 |       0 |      14 |            0 |    +0.0% |  -0.579 |  -7.480 | memory_axi_0/burst_active_w$_SDFF_PP0_/D
      140 |       0 |      14 |            0 |    +0.0% |  -0.579 |  -7.480 | memory_axi_0/burst_active_w$_SDFF_PP0_/D
      150 |       0 |      14 |            0 |    +0.0% |  -0.579 |  -7.480 | memory_axi_0/burst_active_w$_SDFF_PP0_/D
      160 |       0 |      14 |            0 |    +0.0% |  -0.579 |  -7.480 | memory_axi_0/burst_active_w$_SDFF_PP0_/D
      170 |       0 |      16 |            0 |    +0.0% |  -0.579 |  -5.469 | memory_axi_0/burst_active_w$_SDFF_PP0_/D
      180 |       0 |      16 |            0 |    +0.0% |  -0.579 |  -5.469 | memory_axi_0/burst_active_w$_SDFF_PP0_/D
      190 |       0 |      16 |            0 |    +0.0% |  -0.579 |  -5.469 | memory_axi_0/burst_active_w$_SDFF_PP0_/D
      200 |       0 |      18 |            0 |    +0.0% |  -0.579 |  -3.142 | memory_axi_0/burst_active_w$_SDFF_PP0_/D
      210 |       0 |      18 |            0 |    +0.0% |  -0.579 |  -3.142 | memory_axi_0/burst_active_w$_SDFF_PP0_/D
      220 |       0 |      18 |            0 |    +0.0% |  -0.579 |  -3.142 | memory_axi_0/burst_active_w$_SDFF_PP0_/D
      230 |       0 |      19 |            0 |    +0.0% |  -0.579 |  -2.455 | memory_axi_0/burst_active_w$_SDFF_PP0_/D
      240 |       0 |      19 |            0 |    +0.0% |  -0.579 |  -2.455 | memory_axi_0/burst_active_w$_SDFF_PP0_/D
      250 |       0 |      19 |            0 |    +0.0% |  -0.579 |  -2.455 | memory_axi_0/burst_active_w$_SDFF_PP0_/D
      260 |       0 |      20 |            0 |    +0.0% |  -0.579 |  -0.640 | memory_axi_0/burst_active_w$_SDFF_PP0_/D
      270 |       0 |      20 |            0 |    +0.0% |  -0.579 |  -0.640 | memory_axi_0/burst_active_w$_SDFF_PP0_/D
      280 |       0 |      20 |            0 |    +0.0% |  -0.579 |  -0.640 | memory_axi_0/burst_active_w$_SDFF_PP0_/D
      290 |       0 |      20 |            0 |    +0.0% |  -0.579 |  -0.640 | memory_axi_0/burst_active_w$_SDFF_PP0_/D
      300 |       0 |      20 |            0 |    +0.0% |  -0.579 |  -0.640 | memory_axi_0/burst_active_w$_SDFF_PP0_/D
      310 |       0 |      23 |            0 |    +0.0% |  -0.579 |  -0.579 | memory_axi_0/burst_active_w$_SDFF_PP0_/D
      320 |       0 |      23 |            0 |    +0.0% |  -0.579 |  -0.579 | memory_axi_0/burst_active_w$_SDFF_PP0_/D
    final |       0 |      25 |            0 |    +0.0% |   0.001 |   0.000 | main_memory_0/mem[50][12]$_DFFE_PP_/D
--------------------------------------------------------------------------------------
[INFO RSZ-0032] Inserted 25 hold buffers.
[INFO RSZ-0506] Runtime: 7.27s
Took 190 seconds: repair_timing -setup_margin 0 -hold_margin 0 -repair_tns 0 -verbose
global_route -start_incremental
detailed_placement
[INFO DPL-0006] Core area: 3527558.21 um^2
[INFO DPL-0007] Movable instances area: 1682125.79 um^2
[INFO DPL-0008] Fixed instances area within core: 58876.47 um^2
[INFO DPL-0009] Utilization: 49.4%
[INFO DPL-0005] Diamond search max displacement: +/- 500 sites horizontally, +/- 100 rows vertically.
[INFO DPL-1102] Legalizing using negotiation legalizer.
[INFO DPL-1103] Negotiation base search window: +/-20 sites horizontally, +/-5 rows vertically 
	Automatic search window extension enabled.
	Search window extendable up to the max displacement cap of +/-500 sites, +/-100 rows near walls.
[INFO DPL-1104] NegotiationLegalizer DRC penalty: 5.
[INFO DPL-0392] Negotiation cell height distribution (1 unique row-count(s)):
[INFO DPL-0393]   height 1 row(s): 169794 cells
          |      Total |  Illegal |  Illegal
Iteration | Violations |    Cells |    Sites
---------------------------------------------
        0 |          0 |         0 |         0
Negotiation phase 1 converged at iteration 0.
[INFO DPL-0500] Runtime: 0.75s
Placement Analysis
---------------------------------
total displacement        311.4 u
average displacement        0.0 u
max displacement           16.3 u
original HPWL         5209247.2 u
legalized HPWL        5209549.8 u
delta HPWL                    0 %

check_placement -verbose
global_route -end_incremental -congestion_report_file /Users/shubhanshu/Desktop/Nebula/digital/artifacts/model_ppa_20260912/pnr_gemini_flash/reports/sky130hd/nebula_bench/gemini_flash/congestion_post_repair_timing.rpt
estimate_parasitics -global_routing
global_route -start_incremental
global_route -end_incremental -congestion_report_file /Users/shubhanshu/Desktop/Nebula/digital/artifacts/model_ppa_20260912/pnr_gemini_flash/reports/sky130hd/nebula_bench/gemini_flash/congestion_post_recover_power.rpt
Repair antennas...
[INFO GRT-0012] Found 683 antenna violations.
[INFO GRT-0302] Inserted 974 jumpers for 620 nets.
[INFO GRT-0012] Found 164 antenna violations.
[WARNING GRT-0243] Unable to repair antennas on net with diodes.
[INFO DPL-0006] Core area: 3527558.21 um^2
[INFO DPL-0007] Movable instances area: 1679868.63 um^2
[INFO DPL-0008] Fixed instances area within core: 62329.78 um^2
[INFO DPL-0009] Utilization: 49.4%
[INFO DPL-0005] Diamond search max displacement: +/- 500 sites horizontally, +/- 100 rows vertically.
[INFO DPL-1102] Legalizing using negotiation legalizer.
[INFO DPL-1103] Negotiation base search window: +/-20 sites horizontally, +/-5 rows vertically 
	Automatic search window extension enabled.
	Search window extendable up to the max displacement cap of +/-500 sites, +/-100 rows near walls.
[INFO DPL-1104] NegotiationLegalizer DRC penalty: 5.
[INFO DPL-0392] Negotiation cell height distribution (1 unique row-count(s)):
[INFO DPL-0393]   height 1 row(s): 170272 cells
          |      Total |  Illegal |  Illegal
Iteration | Violations |    Cells |    Sites
---------------------------------------------
        0 |         12 |         4 |         8
        1 |          8 |         2 |         6
        2 |          0 |         0 |         0
Negotiation phase 1 converged at iteration 2.
[INFO DPL-0500] Runtime: 1.03s
[INFO GRT-0015] Inserted 478 diodes.
[INFO GRT-0012] Found 53 antenna violations.
[INFO GRT-0302] Inserted 74 jumpers for 42 nets.
[INFO GRT-0012] Found 19 antenna violations.
[INFO DPL-0006] Core area: 3527558.21 um^2
[INFO DPL-0007] Movable instances area: 1683059.19 um^2
[INFO DPL-0008] Fixed instances area within core: 59346.92 um^2
[INFO DPL-0009] Utilization: 49.4%
[INFO DPL-0005] Diamond search max displacement: +/- 500 sites horizontally, +/- 100 rows vertically.
[INFO DPL-1102] Legalizing using negotiation legalizer.
[INFO DPL-1103] Negotiation base search window: +/-20 sites horizontally, +/-5 rows vertically 
	Automatic search window extension enabled.
	Search window extendable up to the max displacement cap of +/-500 sites, +/-100 rows near walls.
[INFO DPL-1104] NegotiationLegalizer DRC penalty: 5.
[INFO DPL-0392] Negotiation cell height distribution (1 unique row-count(s)):
[INFO DPL-0393]   height 1 row(s): 170355 cells
          |      Total |  Illegal |  Illegal
Iteration | Violations |    Cells |    Sites
---------------------------------------------
        0 |          0 |         0 |         0
Negotiation phase 1 converged at iteration 0.
[INFO DPL-0500] Runtime: 0.80s
[INFO GRT-0015] Inserted 83 diodes.
[INFO GRT-0012] Found 11 antenna violations.
[INFO GRT-0302] Inserted 12 jumpers for 8 nets.
[INFO GRT-0012] Found 4 antenna violations.
[INFO DPL-0006] Core area: 3527558.21 um^2
[INFO DPL-0007] Movable instances area: 1683500.86 um^2
[INFO DPL-0008] Fixed instances area within core: 58967.80 um^2
[INFO DPL-0009] Utilization: 49.4%
[INFO DPL-0005] Diamond search max displacement: +/- 500 sites horizontally, +/- 100 rows vertically.
[INFO DPL-1102] Legalizing using negotiation legalizer.
[INFO DPL-1103] Negotiation base search window: +/-20 sites horizontally, +/-5 rows vertically 
	Automatic search window extension enabled.
	Search window extendable up to the max displacement cap of +/-500 sites, +/-100 rows near walls.
[INFO DPL-1104] NegotiationLegalizer DRC penalty: 5.
[INFO DPL-0392] Negotiation cell height distribution (1 unique row-count(s)):
[INFO DPL-0393]   height 1 row(s): 170380 cells
          |      Total |  Illegal |  Illegal
Iteration | Violations |    Cells |    Sites
---------------------------------------------
        0 |          0 |         0 |         0
Negotiation phase 1 converged at iteration 0.
[INFO DPL-0500] Runtime: 0.73s
[INFO GRT-0015] Inserted 25 diodes.
[INFO GRT-0012] Found 3 antenna violations.
[INFO GRT-0302] Inserted 1 jumpers for 1 nets.
[INFO GRT-0012] Found 2 antenna violations.
[INFO DPL-0006] Core area: 3527558.21 um^2
[INFO DPL-0007] Movable instances area: 1683580.94 um^2
[INFO DPL-0008] Fixed instances area within core: 58937.78 um^2
[INFO DPL-0009] Utilization: 49.4%
[INFO DPL-0005] Diamond search max displacement: +/- 500 sites horizontally, +/- 100 rows vertically.
[INFO DPL-1102] Legalizing using negotiation legalizer.
[INFO DPL-1103] Negotiation base search window: +/-20 sites horizontally, +/-5 rows vertically 
	Automatic search window extension enabled.
	Search window extendable up to the max displacement cap of +/-500 sites, +/-100 rows near walls.
[INFO DPL-1104] NegotiationLegalizer DRC penalty: 5.
[INFO DPL-0392] Negotiation cell height distribution (1 unique row-count(s)):
[INFO DPL-0393]   height 1 row(s): 170400 cells
          |      Total |  Illegal |  Illegal
Iteration | Violations |    Cells |    Sites
---------------------------------------------
        0 |          0 |         0 |         0
Negotiation phase 1 converged at iteration 0.
[INFO DPL-0500] Runtime: 0.78s
[INFO GRT-0015] Inserted 20 diodes.
[INFO GRT-0012] Found 1 antenna violations.
[INFO GRT-0302] Inserted 1 jumpers for 1 nets.
[INFO GRT-0012] Found 0 antenna violations.
[INFO ANT-0002] Found 0 net violations.
[INFO ANT-0001] Found 0 pin violations.
Estimate parasitics...
estimate_parasitics -global_routing
Report metrics stage 5, global route...

==========================================================================
global route report_design_area
--------------------------------------------------------------------------
Design area 1742519 um^2 49% utilization.
[INFO FLW-0007] clock clk1 period 10.000000
[WARNING FLW-0010] more than one clock found. Skipping sdc update.
[INFO FLW-0011] Path endpoint path count 61631
write_db /Users/shubhanshu/Desktop/Nebula/digital/artifacts/model_ppa_20260912/pnr_gemini_flash/results/sky130hd/nebula_bench/gemini_flash/5_1_grt.odb
write_sdc -no_timestamp /Users/shubhanshu/Desktop/Nebula/digital/artifacts/model_ppa_20260912/pnr_gemini_flash/results/sky130hd/nebula_bench/gemini_flash/5_1_grt.sdc
Elapsed time: 13:06.89[h:]min:sec. CPU time: user 3986.60 sys 148.50 (525%). Peak memory: 2029216KB.
Log                       Ext     Elapsed/s Peak Memory/MB sha1sum result [0:20)
5_1_grt                   .odb          786           1981 c48d07d25c8953530144
5_1_grt                   .sdc                             376092be514172b839b9
/Users/shubhanshu/Desktop/Nebula/digital/orfs/flow/scripts/flow.sh 5_2_route detail_route
Running detail_route.tcl, stage 5_2_route
read_liberty /Users/shubhanshu/Desktop/Nebula/digital/orfs/flow/platforms/sky130hd/lib/sky130_fd_sc_hd__tt_025C_1v80.lib
read_db /Users/shubhanshu/Desktop/Nebula/digital/artifacts/model_ppa_20260912/pnr_gemini_flash/results/sky130hd/nebula_bench/gemini_flash/5_1_grt.odb
read_sdc /Users/shubhanshu/Desktop/Nebula/digital/artifacts/model_ppa_20260912/pnr_gemini_flash/results/sky130hd/nebula_bench/gemini_flash/5_1_grt.sdc
source /Users/shubhanshu/Desktop/Nebula/digital/orfs/flow/platforms/sky130hd/setRC.tcl
detailed_route -output_drc /Users/shubhanshu/Desktop/Nebula/digital/artifacts/model_ppa_20260912/pnr_gemini_flash/reports/sky130hd/nebula_bench/gemini_flash/5_route_drc.rpt -output_maze /Users/shubhanshu/Desktop/Nebula/digital/artifacts/model_ppa_20260912/pnr_gemini_flash/results/sky130hd/nebula_bench/gemini_flash/maze.log -droute_end_iter 64 -verbose 1 -drc_report_iter_step 5
[INFO DRT-0149] Reading tech and libs.
[WARNING DRT-0349] LEF58_ENCLOSURE with no CUTCLASS is not supported. Skipping for layer mcon
[WARNING DRT-0349] LEF58_ENCLOSURE with no CUTCLASS is not supported. Skipping for layer mcon
[WARNING DRT-0349] LEF58_ENCLOSURE with no CUTCLASS is not supported. Skipping for layer via
[WARNING DRT-0349] LEF58_ENCLOSURE with no CUTCLASS is not supported. Skipping for layer via
[WARNING DRT-0349] LEF58_ENCLOSURE with no CUTCLASS is not supported. Skipping for layer via2
[WARNING DRT-0349] LEF58_ENCLOSURE with no CUTCLASS is not supported. Skipping for layer via2
[WARNING DRT-0349] LEF58_ENCLOSURE with no CUTCLASS is not supported. Skipping for layer via3
[WARNING DRT-0349] LEF58_ENCLOSURE with no CUTCLASS is not supported. Skipping for layer via3
[WARNING DRT-0349] LEF58_ENCLOSURE with no CUTCLASS is not supported. Skipping for layer via4
[WARNING DRT-0349] LEF58_ENCLOSURE with no CUTCLASS is not supported. Skipping for layer via4

Units:                1000
Number of layers:     13
Number of macros:     441
Number of vias:       29
Number of viarulegen: 25

[INFO DRT-0150] Reading design.

Design:                   soc_top
Die area:                 ( 0 0 ) ( 1900000 1900000 )
Number of track patterns: 12
Number of DEF vias:       0
Number of components:     170400
Number of terminals:      40
Number of snets:          2
Number of nets:           121246

[INFO DRT-0167] List of default vias:
  Layer via
    default via: M1M2_PR
  Layer via2
    default via: M2M3_PR
  Layer via3
    default via: M3M4_PR
  Layer via4
    default via: M4M5_PR
[INFO DRT-0162] Library cell analysis.
[INFO DRT-0163] Instance analysis.
  Complete 100000 instances.
[INFO DRT-0164] Number of unique instances = 409.
[INFO DRT-0168] Init region query.
[INFO DRT-0018]   Complete 100000 insts.
[INFO DRT-0024]   Complete FR_MASTERSLICE.
[INFO DRT-0024]   Complete Fr_VIA.
[INFO DRT-0024]   Complete li1.
[INFO DRT-0024]   Complete mcon.
[INFO DRT-0024]   Complete met1.
[INFO DRT-0024]   Complete via.
[INFO DRT-0024]   Complete met2.
[INFO DRT-0024]   Complete via2.
[INFO DRT-0024]   Complete met3.
[INFO DRT-0024]   Complete via3.
[INFO DRT-0024]   Complete met4.
[INFO DRT-0024]   Complete via4.
[INFO DRT-0024]   Complete met5.
[INFO DRT-0033] FR_MASTERSLICE shape region query size = 0.
[INFO DRT-0033] FR_VIA shape region query size = 0.
[INFO DRT-0033] li1 shape region query size = 4846400.
[INFO DRT-0033] mcon shape region query size = 3123244.
[INFO DRT-0033] met1 shape region query size = 870353.
[INFO DRT-0033] via shape region query size = 238395.
[INFO DRT-0033] met2 shape region query size = 143074.
[INFO DRT-0033] via2 shape region query size = 190716.
[INFO DRT-0033] met3 shape region query size = 143038.
[INFO DRT-0033] via3 shape region query size = 190716.
[INFO DRT-0033] met4 shape region query size = 57339.
[INFO DRT-0033] via4 shape region query size = 9522.
[INFO DRT-0033] met5 shape region query size = 9798.
[INFO DRT-0165] Start pin access.
[INFO DRT-0076]   Complete 1000 pins.
[INFO DRT-0076]   Complete 2000 pins.
[INFO DRT-0076]   Complete 3000 pins.
[INFO DRT-0078]   Complete 3371 pins.
[INFO DRT-0079]   Complete 100 unique inst patterns.
[INFO DRT-0079]   Complete 200 unique inst patterns.
[INFO DRT-0079]   Complete 300 unique inst patterns.
[INFO DRT-0079]   Complete 400 unique inst patterns.
[INFO DRT-0081]   Complete 409 unique inst patterns.
[INFO DRT-0082]   Complete 10000 groups.
[INFO DRT-0082]   Complete 20000 groups.
[INFO DRT-0082]   Complete 30000 groups.
[INFO DRT-0082]   Complete 40000 groups.
[INFO DRT-0082]   Complete 50000 groups.
[INFO DRT-0082]   Complete 60000 groups.
[INFO DRT-0082]   Complete 70000 groups.
[INFO DRT-0082]   Complete 80000 groups.
[INFO DRT-0082]   Complete 90000 groups.
[INFO DRT-0084]   Complete 92869 groups.
#scanned instances     = 170400
#unique  instances     = 409
#stdCellGenAp          = 13921
#stdCellValidPlanarAp  = 148
#stdCellValidViaAp     = 9893
#stdCellPinNoAp        = 10
#stdCellPinCnt         = 442266
#instTermValidViaApCnt = 0
#macroGenAp            = 0
#macroValidPlanarAp    = 0
#macroValidViaAp       = 0
#macroNoAp             = 0
[INFO DRT-0166] Complete pin access.
[INFO DRT-0267] cpu time = 00:50:22, elapsed time = 00:06:27, memory = 451.75 (MB), peak = 2064.86 (MB)
[INFO DRT-0156] guideIn read 100000 guides.
[INFO DRT-0156] guideIn read 200000 guides.
[INFO DRT-0156] guideIn read 300000 guides.
[INFO DRT-0156] guideIn read 400000 guides.
[INFO DRT-0156] guideIn read 500000 guides.
[INFO DRT-0156] guideIn read 600000 guides.
[INFO DRT-0156] guideIn read 700000 guides.
[INFO DRT-0156] guideIn read 800000 guides.
[INFO DRT-0156] guideIn read 900000 guides.
[INFO DRT-0156] guideIn read 1000000 guides.

[INFO DRT-0157] Number of guides:     1170586

[INFO DRT-0169] Post process guides.
[INFO DRT-0176] GCELLGRID X 0 DO 275 STEP 6900 ;
[INFO DRT-0177] GCELLGRID Y 0 DO 275 STEP 6900 ;
[INFO DRT-0026]   Complete 100000 origin guides.
[INFO DRT-0026]   Complete 200000 origin guides.
[INFO DRT-0026]   Complete 300000 origin guides.
[INFO DRT-0026]   Complete 400000 origin guides.
[INFO DRT-0026]   Complete 500000 origin guides.
[INFO DRT-0026]   Complete 600000 origin guides.
[INFO DRT-0026]   Complete 700000 origin guides.
[INFO DRT-0026]   Complete 800000 origin guides.
[INFO DRT-0026]   Complete 900000 origin guides.
[INFO DRT-0027]   Complete 1000000 origin guides.
[INFO DRT-0028]   Complete FR_MASTERSLICE.
[INFO DRT-0028]   Complete Fr_VIA.
[INFO DRT-0028]   Complete li1.
[INFO DRT-0028]   Complete mcon.
[INFO DRT-0028]   Complete met1.
[INFO DRT-0028]   Complete via.
[INFO DRT-0028]   Complete met2.
[INFO DRT-0028]   Complete via2.
[INFO DRT-0028]   Complete met3.
[INFO DRT-0028]   Complete via3.
[INFO DRT-0028]   Complete met4.
[INFO DRT-0028]   Complete via4.
[INFO DRT-0028]   Complete met5.
  complete 100000 nets.
[INFO DRT-0178] Init guide query.
[INFO DRT-0029]   Complete 100000 nets (guide).
[INFO DRT-0035]   Complete FR_MASTERSLICE (guide).
[INFO DRT-0035]   Complete Fr_VIA (guide).
[INFO DRT-0035]   Complete li1 (guide).
[INFO DRT-0035]   Complete mcon (guide).
[INFO DRT-0035]   Complete met1 (guide).
[INFO DRT-0035]   Complete via (guide).
[INFO DRT-0035]   Complete met2 (guide).
[INFO DRT-0035]   Complete via2 (guide).
[INFO DRT-0035]   Complete met3 (guide).
[INFO DRT-0035]   Complete via3 (guide).
[INFO DRT-0035]   Complete met4 (guide).
[INFO DRT-0035]   Complete via4 (guide).
[INFO DRT-0035]   Complete met5 (guide).
[INFO DRT-0036] FR_MASTERSLICE guide region query size = 0.
[INFO DRT-0036] FR_VIA guide region query size = 0.
[INFO DRT-0036] li1 guide region query size = 375758.
[INFO DRT-0036] mcon guide region query size = 0.
[INFO DRT-0036] met1 guide region query size = 342836.
[INFO DRT-0036] via guide region query size = 0.
[INFO DRT-0036] met2 guide region query size = 197637.
[INFO DRT-0036] via2 guide region query size = 0.
[INFO DRT-0036] met3 guide region query size = 27372.
[INFO DRT-0036] via3 guide region query size = 0.
[INFO DRT-0036] met4 guide region query size = 8140.
[INFO DRT-0036] via4 guide region query size = 0.
[INFO DRT-0036] met5 guide region query size = 520.
[INFO DRT-0179] Init gr pin query.
[INFO DRT-0267] cpu time = 00:00:04, elapsed time = 00:00:01, memory = 993.31 (MB), peak = 2064.86 (MB)
[INFO DRT-0245] skipped writing guide updates to database.
[INFO DRT-0181] Start track assignment.
[INFO DRT-0184] Done with 581535 vertical wires in 6 frboxes and 370728 horizontal wires in 6 frboxes.
[INFO DRT-0186] Done with 68382 vertical wires in 6 frboxes and 112147 horizontal wires in 6 frboxes.
[INFO DRT-0182] Complete track assignment.
[INFO DRT-0267] cpu time = 00:01:02, elapsed time = 00:00:14, memory = 2622.59 (MB), peak = 3007.19 (MB)
[INFO DRT-0187] Start routing data preparation.
[INFO DRT-0267] cpu time = 00:00:00, elapsed time = 00:00:00, memory = 2755.53 (MB), peak = 3007.19 (MB)
[INFO DRT-0194] Start detail routing.
[INFO DRT-0195] Start 0th optimization iteration.
    Completing 10% with 0 violations.
    elapsed time = 00:00:40, memory = 1845.34 (MB).
    Completing 20% with 0 violations.
    elapsed time = 00:01:24, memory = 1653.12 (MB).
    Completing 30% with 21534 violations.
    elapsed time = 00:02:11, memory = 3543.52 (MB).
    Completing 40% with 21534 violations.
    elapsed time = 00:02:53, memory = 2606.25 (MB).
    Completing 50% with 21534 violations.
    elapsed time = 00:03:36, memory = 1686.17 (MB).
    Completing 60% with 42144 violations.
    elapsed time = 00:04:28, memory = 3105.41 (MB).
    Completing 70% with 42144 violations.
    elapsed time = 00:05:13, memory = 1958.25 (MB).
    Completing 80% with 62493 violations.
    elapsed time = 00:06:07, memory = 2771.02 (MB).
    Completing 90% with 62493 violations.
    elapsed time = 00:06:55, memory = 2215.92 (MB).
    Completing 100% with 82946 violations.
    elapsed time = 00:07:48, memory = 4390.45 (MB).
[INFO DRT-0199]   Number of violations = 96531.
Viol/Layer         li1   mcon   met1    via   met2   via2   met3   via3   met4   via4   met5
Cut Spacing          0    220      0      5      0      6      0      2      0      2      0
Metal Spacing        0      0  18593      0   4101      0    783      0     88      0     47
Min Hole             0      0     77      0      2      0      0      0      0      0      0
NS Metal             0      0      5      0      0      0      0      0      0      0      0
Recheck            168      0   8376      0   4359      0    484      0    140      0     58
Short                0     11  48222     49   9565     12    930      4    166      6     50
[INFO DRT-0267] cpu time = 00:59:21, elapsed time = 00:07:51, memory = 4134.62 (MB), peak = 5194.38 (MB)
Total wire length = 6842441 um.
Total wire length on LAYER li1 = 0 um.
Total wire length on LAYER met1 = 2505289 um.
Total wire length on LAYER met2 = 2931322 um.
Total wire length on LAYER met3 = 993243 um.
Total wire length on LAYER met4 = 389474 um.
Total wire length on LAYER met5 = 23111 um.
Total number of vias = 1043863.
Up-via summary (total 1043863):

--------------------------
 FR_MASTERSLICE          0
            li1     443331
           met1     541646
           met2      45334
           met3      12705
           met4        847
--------------------------
               1043863


[INFO DRT-0195] Start 1st optimization iteration.
    Completing 10% with 96531 violations.
    elapsed time = 00:00:39, memory = 2981.55 (MB).
    Completing 20% with 96531 violations.
    elapsed time = 00:01:23, memory = 2386.81 (MB).
    Completing 30% with 86005 violations.
    elapsed time = 00:02:12, memory = 3536.62 (MB).
    Completing 40% with 86005 violations.
    elapsed time = 00:02:54, memory = 3190.77 (MB).
    Completing 50% with 86005 violations.
    elapsed time = 00:03:39, memory = 1365.00 (MB).
    Completing 60% with 75275 violations.
    elapsed time = 00:04:28, memory = 1601.62 (MB).
    Completing 70% with 75275 violations.
    elapsed time = 00:05:11, memory = 1533.19 (MB).
    Completing 80% with 63841 violations.
    elapsed time = 00:06:09, memory = 3466.44 (MB).
    Completing 90% with 63841 violations.
    elapsed time = 00:06:53, memory = 3312.47 (MB).
    Completing 100% with 52756 violations.
    elapsed time = 00:07:40, memory = 5632.33 (MB).
[INFO DRT-0199]   Number of violations = 52756.
Viol/Layer         li1   mcon   met1    via   met2   met3   met4   met5
Cut Spacing          0    188      0      0      0      0      0      0
Metal Spacing        0      0  12726      0   1705    341     21     17
Min Hole             0      0      3      0      0      0      0      0
NS Metal             0      0      1      0      0      0      0      0
Recheck              1      0      2      0      0      0      0      0
Short                0      0  34160      1   3381    175     30      4
[INFO DRT-0267] cpu time = 00:57:08, elapsed time = 00:07:43, memory = 5486.00 (MB), peak = 6015.44 (MB)
Total wire length = 6797776 um.
Total wire length on LAYER li1 = 0 um.
Total wire length on LAYER met1 = 2485170 um.
Total wire length on LAYER met2 = 2910702 um.
Total wire length on LAYER met3 = 992514 um.
Total wire length on LAYER met4 = 386600 um.
Total wire length on LAYER met5 = 22788 um.
Total number of vias = 1032239.
Up-via summary (total 1032239):

--------------------------
 FR_MASTERSLICE          0
            li1     443341
           met1     530861
           met2      45132
           met3      12130
           met4        775
--------------------------
               1032239


[INFO DRT-0195] Start 2nd optimization iteration.
    Completing 10% with 52756 violations.
    elapsed time = 00:00:37, memory = 3441.20 (MB).
    Completing 20% with 52756 violations.
    elapsed time = 00:01:16, memory = 2657.22 (MB).
    Completing 30% with 51727 violations.
    elapsed time = 00:02:00, memory = 4430.20 (MB).
    Completing 40% with 51727 violations.
    elapsed time = 00:02:48, memory = 3327.30 (MB).
    Completing 50% with 51727 violations.
    elapsed time = 00:03:31, memory = 2284.72 (MB).
    Completing 60% with 50575 violations.
    elapsed time = 00:04:16, memory = 4260.83 (MB).
    Completing 70% with 50575 violations.
    elapsed time = 00:04:56, memory = 2972.34 (MB).
    Completing 80% with 49073 violations.
    elapsed time = 00:05:47, memory = 3622.47 (MB).
    Completing 90% with 49073 violations.
    elapsed time = 00:06:29, memory = 2378.19 (MB).
    Completing 100% with 48117 violations.
    elapsed time = 00:07:19, memory = 5672.33 (MB).
[INFO DRT-0199]   Number of violations = 48124.
Viol/Layer        mcon   met1    via   met2   via2   met3   met4   met5
Cut Spacing        159      0      4      0      1      0      0      0
Metal Spacing        0  11798      0   1575      0    306     10     31
Min Hole             0      6      0      1      0      0      0      0
Recheck              0      5      0      2      0      0      0      0
Short                0  30857      0   3123      0    210     28      8
[INFO DRT-0267] cpu time = 00:54:42, elapsed time = 00:07:22, memory = 4375.52 (MB), peak = 6086.92 (MB)
Total wire length = 6784810 um.
Total wire length on LAYER li1 = 0 um.
Total wire length on LAYER met1 = 2477808 um.
Total wire length on LAYER met2 = 2907810 um.
Total wire length on LAYER met3 = 990928 um.
Total wire length on LAYER met4 = 385319 um.
Total wire length on LAYER met5 = 22943 um.
Total number of vias = 1027126.
Up-via summary (total 1027126):

--------------------------
 FR_MASTERSLICE          0
            li1     443383
           met1     526353
           met2      44631
           met3      11981
           met4        778
--------------------------
               1027126


[INFO DRT-0195] Start 3rd optimization iteration.
    Completing 10% with 48124 violations.
    elapsed time = 00:00:39, memory = 3252.73 (MB).
    Completing 20% with 48124 violations.
    elapsed time = 00:01:17, memory = 2545.70 (MB).
    Completing 30% with 37783 violations.
    elapsed time = 00:02:05, memory = 3828.67 (MB).
    Completing 40% with 37783 violations.
    elapsed time = 00:02:37, memory = 3495.38 (MB).
    Completing 50% with 37783 violations.
    elapsed time = 00:03:17, memory = 2465.98 (MB).
    Completing 60% with 27447 violations.
    elapsed time = 00:03:52, memory = 4725.30 (MB).
    Completing 70% with 27447 violations.
    elapsed time = 00:04:24, memory = 3686.92 (MB).
    Completing 80% with 16781 violations.
    elapsed time = 00:05:05, memory = 3808.09 (MB).
    Completing 90% with 16781 violations.
    elapsed time = 00:05:43, memory = 3284.88 (MB).
    Completing 100% with 7296 violations.
    elapsed time = 00:06:24, memory = 5027.95 (MB).
[INFO DRT-0199]   Number of violations = 7296.
Viol/Layer        mcon   met1    via   met2   met3   met4   met5
Cut Spacing         30      0      8      0      0      0      0
Metal Spacing        0   2397      0    395     47      1      9
Min Hole             0      8      0      0      0      0      0
NS Metal             0      4      0      0      0      0      0
Short                0   4064      2    298     28      1      4
[INFO DRT-0267] cpu time = 00:46:45, elapsed time = 00:06:25, memory = 4793.44 (MB), peak = 6086.92 (MB)
Total wire length = 6784341 um.
Total wire length on LAYER li1 = 0 um.
Total wire length on LAYER met1 = 2381631 um.
Total wire length on LAYER met2 = 2906968 um.
Total wire length on LAYER met3 = 1080213 um.
Total wire length on LAYER met4 = 392863 um.
Total wire length on LAYER met5 = 22664 um.
Total number of vias = 1047726.
Up-via summary (total 1047726):

--------------------------
 FR_MASTERSLICE          0
            li1     443350
           met1     532467
           met2      58535
           met3      12637
           met4        737
--------------------------
               1047726


[INFO DRT-0195] Start 4th optimization iteration.
    Completing 10% with 7296 violations.
    elapsed time = 00:00:05, memory = 4617.14 (MB).
    Completing 20% with 7296 violations.
    elapsed time = 00:00:15, memory = 4228.69 (MB).
    Completing 30% with 5695 violations.
    elapsed time = 00:00:25, memory = 3792.70 (MB).
    Completing 40% with 5695 violations.
    elapsed time = 00:00:30, memory = 3534.48 (MB).
    Completing 50% with 5695 violations.
    elapsed time = 00:00:40, memory = 3548.09 (MB).
    Completing 60% with 4054 violations.
    elapsed time = 00:00:45, memory = 3589.36 (MB).
    Completing 70% with 4054 violations.
    elapsed time = 00:00:54, memory = 3491.91 (MB).
    Completing 80% with 2416 violations.
    elapsed time = 00:01:01, memory = 3858.95 (MB).
    Completing 90% with 2416 violations.
    elapsed time = 00:01:08, memory = 3853.02 (MB).
    Completing 100% with 902 violations.
    elapsed time = 00:01:24, memory = 3822.53 (MB).
[INFO DRT-0199]   Number of violations = 902.
Viol/Layer        mcon   met1   met2   met3   met5
Cut Spacing         10      0      0      0      0
Metal Spacing        0    345     39      3      1
Short                0    477     27      0      0
[INFO DRT-0267] cpu time = 00:09:43, elapsed time = 00:01:24, memory = 4049.77 (MB), peak = 6086.92 (MB)
Total wire length = 6784238 um.
Total wire length on LAYER li1 = 0 um.
Total wire length on LAYER met1 = 2376210 um.
Total wire length on LAYER met2 = 2906454 um.
Total wire length on LAYER met3 = 1085124 um.
Total wire length on LAYER met4 = 393753 um.
Total wire length on LAYER met5 = 22694 um.
Total number of vias = 1048383.
Up-via summary (total 1048383):

--------------------------
 FR_MASTERSLICE          0
            li1     443339
           met1     532487
           met2      59108
           met3      12715
           met4        734
--------------------------
               1048383


[INFO DRT-0195] Start 5th optimization iteration.
    Completing 10% with 902 violations.
    elapsed time = 00:00:00, memory = 4081.38 (MB).
    Completing 20% with 902 violations.
    elapsed time = 00:00:03, memory = 3930.42 (MB).
    Completing 30% with 637 violations.
    elapsed time = 00:00:06, memory = 3856.38 (MB).
    Completing 40% with 637 violations.
    elapsed time = 00:00:07, memory = 3872.03 (MB).
    Completing 50% with 637 violations.
    elapsed time = 00:00:09, memory = 3700.59 (MB).
    Completing 60% with 486 violations.
    elapsed time = 00:00:10, memory = 3657.41 (MB).
    Completing 70% with 486 violations.
    elapsed time = 00:00:11, memory = 3452.55 (MB).
    Completing 80% with 384 violations.
    elapsed time = 00:00:18, memory = 2947.08 (MB).
    Completing 90% with 384 violations.
    elapsed time = 00:00:18, memory = 2984.48 (MB).
    Completing 100% with 204 violations.
    elapsed time = 00:00:24, memory = 2915.95 (MB).
[INFO DRT-0199]   Number of violations = 204.
Viol/Layer        met1   met2
Metal Spacing      123     12
Short               67      2
[INFO DRT-0267] cpu time = 00:01:59, elapsed time = 00:00:25, memory = 2962.86 (MB), peak = 6086.92 (MB)
Total wire length = 6784193 um.
Total wire length on LAYER li1 = 0 um.
Total wire length on LAYER met1 = 2375557 um.
Total wire length on LAYER met2 = 2906342 um.
Total wire length on LAYER met3 = 1085713 um.
Total wire length on LAYER met4 = 393891 um.
Total wire length on LAYER met5 = 22688 um.
Total number of vias = 1048469.
Up-via summary (total 1048469):

--------------------------
 FR_MASTERSLICE          0
            li1     443340
           met1     532523
           met2      59160
           met3      12712
           met4        734
--------------------------
               1048469


[INFO DRT-0195] Start 6th optimization iteration.
    Completing 10% with 204 violations.
    elapsed time = 00:00:00, memory = 2975.98 (MB).
    Completing 20% with 204 violations.
    elapsed time = 00:00:00, memory = 2977.64 (MB).
    Completing 30% with 182 violations.
    elapsed time = 00:00:04, memory = 2844.17 (MB).
    Completing 40% with 182 violations.
    elapsed time = 00:00:05, memory = 2830.56 (MB).
    Completing 50% with 182 violations.
    elapsed time = 00:00:06, memory = 2803.48 (MB).
    Completing 60% with 140 violations.
    elapsed time = 00:00:06, memory = 2803.66 (MB).
    Completing 70% with 140 violations.
    elapsed time = 00:00:06, memory = 2803.81 (MB).
    Completing 80% with 120 violations.
    elapsed time = 00:00:11, memory = 2845.95 (MB).
    Completing 90% with 120 violations.
    elapsed time = 00:00:11, memory = 2845.95 (MB).
    Completing 100% with 82 violations.
    elapsed time = 00:00:16, memory = 2842.89 (MB).
[INFO DRT-0199]   Number of violations = 82.
Viol/Layer        met1   met2
Metal Spacing       50      3
Short               29      0
[INFO DRT-0267] cpu time = 00:00:47, elapsed time = 00:00:16, memory = 2843.23 (MB), peak = 6086.92 (MB)
Total wire length = 6784248 um.
Total wire length on LAYER li1 = 0 um.
Total wire length on LAYER met1 = 2375597 um.
Total wire length on LAYER met2 = 2906374 um.
Total wire length on LAYER met3 = 1085684 um.
Total wire length on LAYER met4 = 393904 um.
Total wire length on LAYER met5 = 22688 um.
Total number of vias = 1048475.
Up-via summary (total 1048475):

--------------------------
 FR_MASTERSLICE          0
            li1     443340
           met1     532539
           met2      59150
           met3      12712
           met4        734
--------------------------
               1048475


[INFO DRT-0195] Start 7th guides tiles iteration.
    Completing 10% with 82 violations.
    elapsed time = 00:00:00, memory = 2908.23 (MB).
    Completing 20% with 82 violations.
    elapsed time = 00:00:00, memory = 2909.41 (MB).
    Completing 30% with 82 violations.
    elapsed time = 00:00:00, memory = 2909.44 (MB).
    Completing 40% with 82 violations.
    elapsed time = 00:00:00, memory = 2909.44 (MB).
    Completing 50% with 82 violations.
    elapsed time = 00:00:04, memory = 2909.91 (MB).
    Completing 60% with 32 violations.
    elapsed time = 00:00:04, memory = 2910.05 (MB).
    Completing 70% with 32 violations.
    elapsed time = 00:00:04, memory = 2910.05 (MB).
    Completing 80% with 32 violations.
    elapsed time = 00:00:04, memory = 2910.05 (MB).
    Completing 90% with 32 violations.
    elapsed time = 00:00:04, memory = 2910.14 (MB).
    Completing 100% with 17 violations.
    elapsed time = 00:00:07, memory = 2910.30 (MB).
[INFO DRT-0199]   Number of violations = 17.
Viol/Layer        met1
Metal Spacing       13
Short                4
[INFO DRT-0267] cpu time = 00:00:11, elapsed time = 00:00:07, memory = 2910.45 (MB), peak = 6086.92 (MB)
Total wire length = 6784224 um.
Total wire length on LAYER li1 = 0 um.
Total wire length on LAYER met1 = 2375592 um.
Total wire length on LAYER met2 = 2906371 um.
Total wire length on LAYER met3 = 1085662 um.
Total wire length on LAYER met4 = 393909 um.
Total wire length on LAYER met5 = 22688 um.
Total number of vias = 1048500.
Up-via summary (total 1048500):

--------------------------
 FR_MASTERSLICE          0
            li1     443340
           met1     532559
           met2      59153
           met3      12714
           met4        734
--------------------------
               1048500


[INFO DRT-0195] Start 8th guides tiles iteration.
    Completing 10% with 17 violations.
    elapsed time = 00:00:00, memory = 2910.58 (MB).
    Completing 20% with 17 violations.
    elapsed time = 00:00:00, memory = 2910.58 (MB).
    Completing 40% with 17 violations.
    elapsed time = 00:00:00, memory = 2910.58 (MB).
    Completing 50% with 17 violations.
    elapsed time = 00:00:01, memory = 2910.58 (MB).
    Completing 70% with 14 violations.
    elapsed time = 00:00:01, memory = 2910.70 (MB).
    Completing 80% with 14 violations.
    elapsed time = 00:00:01, memory = 2912.36 (MB).
    Completing 100% with 8 violations.
    elapsed time = 00:00:01, memory = 2912.38 (MB).
[INFO DRT-0199]   Number of violations = 8.
Viol/Layer        met1
Metal Spacing        3
Short                5
[INFO DRT-0267] cpu time = 00:00:01, elapsed time = 00:00:01, memory = 2912.45 (MB), peak = 6086.92 (MB)
Total wire length = 6784225 um.
Total wire length on LAYER li1 = 0 um.
Total wire length on LAYER met1 = 2375561 um.
Total wire length on LAYER met2 = 2906377 um.
Total wire length on LAYER met3 = 1085691 um.
Total wire length on LAYER met4 = 393907 um.
Total wire length on LAYER met5 = 22688 um.
Total number of vias = 1048500.
Up-via summary (total 1048500):

--------------------------
 FR_MASTERSLICE          0
            li1     443340
           met1     532558
           met2      59154
           met3      12714
           met4        734
--------------------------
               1048500


[INFO DRT-0195] Start 9th guides tiles iteration.
    Completing 30% with 8 violations.
    elapsed time = 00:00:00, memory = 2912.61 (MB).
    Completing 60% with 8 violations.
    elapsed time = 00:00:00, memory = 2912.61 (MB).
    Completing 100% with 6 violations.
    elapsed time = 00:00:00, memory = 2912.61 (MB).
[INFO DRT-0199]   Number of violations = 6.
Viol/Layer        met1
Metal Spacing        1
Short                5
[INFO DRT-0267] cpu time = 00:00:00, elapsed time = 00:00:00, memory = 2912.61 (MB), peak = 6086.92 (MB)
Total wire length = 6784224 um.
Total wire length on LAYER li1 = 0 um.
Total wire length on LAYER met1 = 2375560 um.
Total wire length on LAYER met2 = 2906377 um.
Total wire length on LAYER met3 = 1085691 um.
Total wire length on LAYER met4 = 393907 um.
Total wire length on LAYER met5 = 22688 um.
Total number of vias = 1048500.
Up-via summary (total 1048500):

--------------------------
 FR_MASTERSLICE          0
            li1     443340
           met1     532558
           met2      59154
           met3      12714
           met4        734
--------------------------
               1048500


[INFO DRT-0195] Start 10th guides tiles iteration.
    Completing 50% with 6 violations.
    elapsed time = 00:00:00, memory = 2912.62 (MB).
    Completing 100% with 0 violations.
    elapsed time = 00:00:00, memory = 2912.62 (MB).
[INFO DRT-0199]   Number of violations = 0.
[INFO DRT-0267] cpu time = 00:00:00, elapsed time = 00:00:00, memory = 2957.03 (MB), peak = 6086.92 (MB)
Total wire length = 6784220 um.
Total wire length on LAYER li1 = 0 um.
Total wire length on LAYER met1 = 2375558 um.
Total wire length on LAYER met2 = 2906376 um.
Total wire length on LAYER met3 = 1085689 um.
Total wire length on LAYER met4 = 393907 um.
Total wire length on LAYER met5 = 22688 um.
Total number of vias = 1048499.
Up-via summary (total 1048499):

--------------------------
 FR_MASTERSLICE          0
            li1     443340
           met1     532557
           met2      59154
           met3      12714
           met4        734
--------------------------
               1048499


[INFO DRT-0198] Complete detail routing.
Total wire length = 6784220 um.
Total wire length on LAYER li1 = 0 um.
Total wire length on LAYER met1 = 2375558 um.
Total wire length on LAYER met2 = 2906376 um.
Total wire length on LAYER met3 = 1085689 um.
Total wire length on LAYER met4 = 393907 um.
Total wire length on LAYER met5 = 22688 um.
Total number of vias = 1048499.
Up-via summary (total 1048499):

--------------------------
 FR_MASTERSLICE          0
            li1     443340
           met1     532557
           met2      59154
           met3      12714
           met4        734
--------------------------
               1048499


[INFO DRT-0267] cpu time = 03:50:46, elapsed time = 00:31:41, memory = 2957.06 (MB), peak = 6086.92 (MB)

[INFO DRT-0180] Post processing.
[INFO DRT-0501] Runtime: 2309.12s
Took 2309 seconds: detailed_route -output_drc /Users/shubhanshu/Desktop/Nebula/digital/artifacts/model_ppa_20260912/pnr_gemini_flash/reports/sky130hd/nebula_bench/gemini_flash/5_route_drc.rpt -output_maze /Users/shubhanshu/Desktop/Nebula/digital/artifacts/model_ppa_20260912/pnr_gemini_flash/results/sky130hd/nebula_bench/gemini_flash/maze.log -droute_end_iter 64 -verbose 1 -drc_report_iter_step 5
[INFO GRT-0012] Found 270 antenna violations.
[WARNING GRT-0243] Unable to repair antennas on net with diodes.
[INFO DPL-0006] Core area: 3527558.21 um^2
[INFO DPL-0007] Movable instances area: 87.58 um^2
[INFO DPL-0008] Fixed instances area within core: 1743769.91 um^2
[INFO DPL-0009] Utilization: 49.4%
[INFO DPL-0005] Diamond search max displacement: +/- 500 sites horizontally, +/- 100 rows vertically.
[INFO DPL-1102] Legalizing using negotiation legalizer.
[INFO DPL-1103] Negotiation base search window: +/-20 sites horizontally, +/-5 rows vertically 
	Automatic search window extension enabled.
	Search window extendable up to the max displacement cap of +/-500 sites, +/-100 rows near walls.
[INFO DPL-1104] NegotiationLegalizer DRC penalty: 5.
[INFO DPL-0392] Negotiation cell height distribution (1 unique row-count(s)):
[INFO DPL-0393]   height 1 row(s): 170935 cells
          |      Total |  Illegal |  Illegal
Iteration | Violations |    Cells |    Sites
---------------------------------------------
        0 |         12 |         4 |         8
        1 |          0 |         0 |         0
Negotiation phase 1 converged at iteration 1.
[INFO DPL-0500] Runtime: 0.66s
[INFO GRT-0015] Inserted 535 diodes.
[INFO DRT-0018]   Complete 100000 insts.
[INFO DRT-0024]   Complete FR_MASTERSLICE.
[INFO DRT-0024]   Complete Fr_VIA.
[INFO DRT-0024]   Complete li1.
[INFO DRT-0024]   Complete mcon.
[INFO DRT-0024]   Complete met1.
[INFO DRT-0024]   Complete via.
[INFO DRT-0024]   Complete met2.
[INFO DRT-0024]   Complete via2.
[INFO DRT-0024]   Complete met3.
[INFO DRT-0024]   Complete via3.
[INFO DRT-0024]   Complete met4.
[INFO DRT-0024]   Complete via4.
[INFO DRT-0024]   Complete met5.
[INFO DRT-0165] Start pin access.
[INFO DRT-0076]   Complete 1000 pins.
[INFO DRT-0076]   Complete 2000 pins.
[INFO DRT-0076]   Complete 3000 pins.
[INFO DRT-0078]   Complete 3371 pins.
[INFO DRT-0079]   Complete 100 unique inst patterns.
[INFO DRT-0079]   Complete 200 unique inst patterns.
[INFO DRT-0079]   Complete 300 unique inst patterns.
[INFO DRT-0079]   Complete 400 unique inst patterns.
[INFO DRT-0081]   Complete 409 unique inst patterns.
[INFO DRT-0082]   Complete 10000 groups.
[INFO DRT-0082]   Complete 20000 groups.
[INFO DRT-0082]   Complete 30000 groups.
[INFO DRT-0082]   Complete 40000 groups.
[INFO DRT-0082]   Complete 50000 groups.
[INFO DRT-0082]   Complete 60000 groups.
[INFO DRT-0082]   Complete 70000 groups.
[INFO DRT-0082]   Complete 80000 groups.
[INFO DRT-0082]   Complete 90000 groups.
[INFO DRT-0084]   Complete 92979 groups.
#scanned instances     = 170935
#unique  instances     = 409
#stdCellGenAp          = 13921
#stdCellValidPlanarAp  = 148
#stdCellValidViaAp     = 9893
#stdCellPinNoAp        = 10
#stdCellPinCnt         = 442266
#instTermValidViaApCnt = 0
#macroGenAp            = 0
#macroValidPlanarAp    = 0
#macroValidViaAp       = 0
#macroNoAp             = 0
[INFO DRT-0166] Complete pin access.
[INFO DRT-0267] cpu time = 00:35:03, elapsed time = 00:04:32, memory = 850.03 (MB), peak = 6086.92 (MB)
[INFO DRT-0156] guideIn read 100000 guides.
[INFO DRT-0156] guideIn read 200000 guides.
[INFO DRT-0156] guideIn read 300000 guides.
[INFO DRT-0156] guideIn read 400000 guides.
[INFO DRT-0156] guideIn read 500000 guides.
[INFO DRT-0156] guideIn read 600000 guides.
[INFO DRT-0156] guideIn read 700000 guides.
[INFO DRT-0156] guideIn read 800000 guides.
[INFO DRT-0156] guideIn read 900000 guides.
[INFO DRT-0156] guideIn read 1000000 guides.

[INFO DRT-0157] Number of guides:     1168491

[INFO DRT-0169] Post process guides.
[INFO DRT-0176] GCELLGRID X 0 DO 275 STEP 6900 ;
[INFO DRT-0177] GCELLGRID Y 0 DO 275 STEP 6900 ;
[INFO DRT-0026]   Complete 100000 origin guides.
[INFO DRT-0026]   Complete 200000 origin guides.
[INFO DRT-0026]   Complete 300000 origin guides.
[INFO DRT-0026]   Complete 400000 origin guides.
[INFO DRT-0026]   Complete 500000 origin guides.
[INFO DRT-0026]   Complete 600000 origin guides.
[INFO DRT-0026]   Complete 700000 origin guides.
[INFO DRT-0026]   Complete 800000 origin guides.
[INFO DRT-0026]   Complete 900000 origin guides.
[INFO DRT-0027]   Complete 1000000 origin guides.
[INFO DRT-0028]   Complete FR_MASTERSLICE.
[INFO DRT-0028]   Complete Fr_VIA.
[INFO DRT-0028]   Complete li1.
[INFO DRT-0028]   Complete mcon.
[INFO DRT-0028]   Complete met1.
[INFO DRT-0028]   Complete via.
[INFO DRT-0028]   Complete met2.
[INFO DRT-0028]   Complete via2.
[INFO DRT-0028]   Complete met3.
[INFO DRT-0028]   Complete via3.
[INFO DRT-0028]   Complete met4.
[INFO DRT-0028]   Complete via4.
[INFO DRT-0028]   Complete met5.
  complete 100000 nets.
[INFO DRT-0178] Init guide query.
[INFO DRT-0029]   Complete 100000 nets (guide).
[INFO DRT-0035]   Complete FR_MASTERSLICE (guide).
[INFO DRT-0035]   Complete Fr_VIA (guide).
[INFO DRT-0035]   Complete li1 (guide).
[INFO DRT-0035]   Complete mcon (guide).
[INFO DRT-0035]   Complete met1 (guide).
[INFO DRT-0035]   Complete via (guide).
[INFO DRT-0035]   Complete met2 (guide).
[INFO DRT-0035]   Complete via2 (guide).
[INFO DRT-0035]   Complete met3 (guide).
[INFO DRT-0035]   Complete via3 (guide).
[INFO DRT-0035]   Complete met4 (guide).
[INFO DRT-0035]   Complete via4 (guide).
[INFO DRT-0035]   Complete met5 (guide).
[INFO DRT-0036] FR_MASTERSLICE guide region query size = 0.
[INFO DRT-0036] FR_VIA guide region query size = 0.
[INFO DRT-0036] li1 guide region query size = 375963.
[INFO DRT-0036] mcon guide region query size = 0.
[INFO DRT-0036] met1 guide region query size = 342888.
[INFO DRT-0036] via guide region query size = 0.
[INFO DRT-0036] met2 guide region query size = 197311.
[INFO DRT-0036] via2 guide region query size = 0.
[INFO DRT-0036] met3 guide region query size = 26639.
[INFO DRT-0036] via3 guide region query size = 0.
[INFO DRT-0036] met4 guide region query size = 7546.
[INFO DRT-0036] via4 guide region query size = 0.
[INFO DRT-0036] met5 guide region query size = 360.
[INFO DRT-0179] Init gr pin query.
[INFO DRT-0267] cpu time = 00:00:04, elapsed time = 00:00:01, memory = 1461.95 (MB), peak = 6086.92 (MB)
[INFO DRT-0245] skipped writing guide updates to database.
[INFO DRT-0181] Start track assignment.
[INFO DRT-0184] Done with 580820 vertical wires in 6 frboxes and 369887 horizontal wires in 6 frboxes.
[INFO DRT-0186] Done with 68976 vertical wires in 6 frboxes and 112532 horizontal wires in 6 frboxes.
[INFO DRT-0182] Complete track assignment.
[INFO DRT-0267] cpu time = 00:00:59, elapsed time = 00:00:13, memory = 2726.91 (MB), peak = 6086.92 (MB)
[INFO DRT-0187] Start routing data preparation.
[INFO DRT-0267] cpu time = 00:00:01, elapsed time = 00:00:01, memory = 3049.72 (MB), peak = 6086.92 (MB)
[INFO DRT-0194] Start detail routing.
[INFO DRT-0195] Start 0th optimization iteration.
    Completing 10% with 0 violations.
    elapsed time = 00:00:15, memory = 2924.12 (MB).
    Completing 20% with 0 violations.
    elapsed time = 00:00:28, memory = 2958.62 (MB).
    Completing 30% with 5437 violations.
    elapsed time = 00:00:49, memory = 4621.91 (MB).
    Completing 40% with 5437 violations.
    elapsed time = 00:01:06, memory = 1835.41 (MB).
    Completing 50% with 5437 violations.
    elapsed time = 00:01:22, memory = 2071.95 (MB).
    Completing 60% with 9979 violations.
    elapsed time = 00:01:40, memory = 4538.14 (MB).
    Completing 70% with 9979 violations.
    elapsed time = 00:01:53, memory = 3237.17 (MB).
    Completing 80% with 14179 violations.
    elapsed time = 00:02:12, memory = 4808.95 (MB).
    Completing 90% with 14179 violations.
    elapsed time = 00:02:23, memory = 3981.00 (MB).
    Completing 100% with 17574 violations.
    elapsed time = 00:02:45, memory = 5113.64 (MB).
[INFO DRT-0199]   Number of violations = 19729.
Viol/Layer         li1   mcon   met1    via   met2   via2   met3   met4   met5
Cut Spacing          0      5      0      2      0      0      0      0      0
Metal Spacing        0      0   1411      0   1016      0    300     18      4
Min Hole             0      0      2      0      0      0      0      0      0
NS Metal             0      0      1      0      0      0      0      0      0
Recheck              3      0    767      0    946      0    390     49      0
Short                0      0   7571      5   6086      1   1090     61      1
[INFO DRT-0267] cpu time = 00:18:39, elapsed time = 00:02:45, memory = 5358.92 (MB), peak = 6086.92 (MB)
Total wire length = 6791773 um.
Total wire length on LAYER li1 = 0 um.
Total wire length on LAYER met1 = 2396938 um.
Total wire length on LAYER met2 = 2930331 um.
Total wire length on LAYER met3 = 1070078 um.
Total wire length on LAYER met4 = 374330 um.
Total wire length on LAYER met5 = 20095 um.
Total number of vias = 1049223.
Up-via summary (total 1049223):

--------------------------
 FR_MASTERSLICE          0
            li1     444026
           met1     534549
           met2      57924
           met3      12077
           met4        647
--------------------------
               1049223


[INFO DRT-0195] Start 1st optimization iteration.
    Completing 10% with 19729 violations.
    elapsed time = 00:00:12, memory = 3794.91 (MB).
    Completing 20% with 19729 violations.
    elapsed time = 00:00:24, memory = 3849.62 (MB).
    Completing 30% with 17073 violations.
    elapsed time = 00:00:42, memory = 4710.20 (MB).
    Completing 40% with 17073 violations.
    elapsed time = 00:00:54, memory = 4039.88 (MB).
    Completing 50% with 17073 violations.
    elapsed time = 00:01:10, memory = 1028.30 (MB).
    Completing 60% with 14240 violations.
    elapsed time = 00:01:30, memory = 2603.14 (MB).
    Completing 70% with 14240 violations.
    elapsed time = 00:01:43, memory = 3023.53 (MB).
    Completing 80% with 11408 violations.
    elapsed time = 00:02:01, memory = 4837.41 (MB).
    Completing 90% with 11408 violations.
    elapsed time = 00:02:17, memory = 2585.12 (MB).
    Completing 100% with 8452 violations.
    elapsed time = 00:02:35, memory = 5304.64 (MB).
[INFO DRT-0199]   Number of violations = 8452.
Viol/Layer        mcon   met1    via   met2   met3   met4   met5
Cut Spacing          4      0      0      0      0      0      0
Metal Spacing        0    844      0    749    153      0     18
Min Hole             0      1      0      0      0      0      0
Short                0   4374      2   1951    323     19     14
[INFO DRT-0267] cpu time = 00:16:56, elapsed time = 00:02:35, memory = 5402.31 (MB), peak = 6086.92 (MB)
Total wire length = 6788075 um.
Total wire length on LAYER li1 = 0 um.
Total wire length on LAYER met1 = 2395709 um.
Total wire length on LAYER met2 = 2928240 um.
Total wire length on LAYER met3 = 1069704 um.
Total wire length on LAYER met4 = 374308 um.
Total wire length on LAYER met5 = 20112 um.
Total number of vias = 1048527.
Up-via summary (total 1048527):

--------------------------
 FR_MASTERSLICE          0
            li1     444037
           met1     533776
           met2      58017
           met3      12050
           met4        647
--------------------------
               1048527


[INFO DRT-0195] Start 2nd optimization iteration.
    Completing 10% with 8452 violations.
    elapsed time = 00:00:04, memory = 4874.19 (MB).
    Completing 20% with 8452 violations.
    elapsed time = 00:00:10, memory = 4830.25 (MB).
    Completing 30% with 8283 violations.
    elapsed time = 00:00:16, memory = 4930.62 (MB).
    Completing 40% with 8283 violations.
    elapsed time = 00:00:22, memory = 4928.53 (MB).
    Completing 50% with 8283 violations.
    elapsed time = 00:00:29, memory = 4888.80 (MB).
    Completing 60% with 8030 violations.
    elapsed time = 00:00:35, memory = 4406.33 (MB).
    Completing 70% with 8030 violations.
    elapsed time = 00:00:40, memory = 4052.92 (MB).
    Completing 80% with 7710 violations.
    elapsed time = 00:00:47, memory = 4133.22 (MB).
    Completing 90% with 7710 violations.
    elapsed time = 00:00:54, memory = 4104.53 (MB).
    Completing 100% with 7261 violations.
    elapsed time = 00:01:02, memory = 4346.55 (MB).
[INFO DRT-0199]   Number of violations = 7261.
Viol/Layer        mcon   met1   met2   met3   met4   met5
Cut Spacing          6      0      0      0      0      0
Metal Spacing        0    724    559    128      2     29
Min Hole             0      1      0      0      0      0
NS Metal             0      1      0      0      0      0
Short                0   3802   1741    251      9      8
[INFO DRT-0267] cpu time = 00:07:34, elapsed time = 00:01:02, memory = 4560.58 (MB), peak = 6086.92 (MB)
Total wire length = 6787148 um.
Total wire length on LAYER li1 = 0 um.
Total wire length on LAYER met1 = 2395361 um.
Total wire length on LAYER met2 = 2927619 um.
Total wire length on LAYER met3 = 1069710 um.
Total wire length on LAYER met4 = 374344 um.
Total wire length on LAYER met5 = 20113 um.
Total number of vias = 1048184.
Up-via summary (total 1048184):

--------------------------
 FR_MASTERSLICE          0
            li1     444041
           met1     533466
           met2      57977
           met3      12053
           met4        647
--------------------------
               1048184


[INFO DRT-0195] Start 3rd optimization iteration.
    Completing 10% with 7261 violations.
    elapsed time = 00:00:06, memory = 4609.20 (MB).
    Completing 20% with 7261 violations.
    elapsed time = 00:00:14, memory = 4614.38 (MB).
    Completing 30% with 5633 violations.
    elapsed time = 00:00:27, memory = 4452.59 (MB).
    Completing 40% with 5633 violations.
    elapsed time = 00:00:35, memory = 4304.67 (MB).
    Completing 50% with 5633 violations.
    elapsed time = 00:00:47, memory = 4189.14 (MB).
    Completing 60% with 3996 violations.
    elapsed time = 00:00:57, memory = 3993.11 (MB).
    Completing 70% with 3996 violations.
    elapsed time = 00:01:03, memory = 3951.94 (MB).
    Completing 80% with 2442 violations.
    elapsed time = 00:01:15, memory = 3929.38 (MB).
    Completing 90% with 2442 violations.
    elapsed time = 00:01:22, memory = 3883.72 (MB).
    Completing 100% with 1057 violations.
    elapsed time = 00:01:35, memory = 3736.97 (MB).
[INFO DRT-0199]   Number of violations = 1057.
Viol/Layer        mcon   met1    via   met2   met3   met4   met5
Cut Spacing          4      0      1      0      0      0      0
Metal Spacing        0    253      0     78      8      4      0
Min Hole             0      2      0      0      0      0      0
NS Metal             0      1      0      0      0      0      0
Short                0    581      0    114     10      0      1
[INFO DRT-0267] cpu time = 00:10:23, elapsed time = 00:01:35, memory = 3967.22 (MB), peak = 6086.92 (MB)
Total wire length = 6787488 um.
Total wire length on LAYER li1 = 0 um.
Total wire length on LAYER met1 = 2384849 um.
Total wire length on LAYER met2 = 2922852 um.
Total wire length on LAYER met3 = 1080052 um.
Total wire length on LAYER met4 = 379617 um.
Total wire length on LAYER met5 = 20117 um.
Total number of vias = 1051800.
Up-via summary (total 1051800):

--------------------------
 FR_MASTERSLICE          0
            li1     444032
           met1     534720
           met2      59964
           met3      12449
           met4        635
--------------------------
               1051800


[INFO DRT-0195] Start 4th optimization iteration.
    Completing 10% with 1057 violations.
    elapsed time = 00:00:00, memory = 4002.84 (MB).
    Completing 20% with 1057 violations.
    elapsed time = 00:00:01, memory = 4008.41 (MB).
    Completing 30% with 869 violations.
    elapsed time = 00:00:04, memory = 4006.72 (MB).
    Completing 40% with 869 violations.
    elapsed time = 00:00:04, memory = 4012.73 (MB).
    Completing 50% with 869 violations.
    elapsed time = 00:00:10, memory = 3967.09 (MB).
    Completing 60% with 653 violations.
    elapsed time = 00:00:10, memory = 3974.30 (MB).
    Completing 70% with 653 violations.
    elapsed time = 00:00:12, memory = 3989.02 (MB).
    Completing 80% with 445 violations.
    elapsed time = 00:00:18, memory = 3979.77 (MB).
    Completing 90% with 445 violations.
    elapsed time = 00:00:18, memory = 3979.78 (MB).
    Completing 100% with 102 violations.
    elapsed time = 00:00:26, memory = 3920.64 (MB).
[INFO DRT-0199]   Number of violations = 102.
Viol/Layer        met1   met2
Metal Spacing       43      1
Min Hole             1      0
NS Metal             1      0
Short               56      0
[INFO DRT-0267] cpu time = 00:01:41, elapsed time = 00:00:26, memory = 3921.09 (MB), peak = 6086.92 (MB)
Total wire length = 6787299 um.
Total wire length on LAYER li1 = 0 um.
Total wire length on LAYER met1 = 2383731 um.
Total wire length on LAYER met2 = 2922493 um.
Total wire length on LAYER met3 = 1081029 um.
Total wire length on LAYER met4 = 379929 um.
Total wire length on LAYER met5 = 20116 um.
Total number of vias = 1052000.
Up-via summary (total 1052000):

--------------------------
 FR_MASTERSLICE          0
            li1     444029
           met1     534793
           met2      60074
           met3      12471
           met4        633
--------------------------
               1052000


[INFO DRT-0195] Start 5th optimization iteration.
    Completing 10% with 102 violations.
    elapsed time = 00:00:00, memory = 3921.09 (MB).
    Completing 20% with 102 violations.
    elapsed time = 00:00:00, memory = 3921.09 (MB).
    Completing 30% with 97 violations.
    elapsed time = 00:00:00, memory = 3921.59 (MB).
    Completing 40% with 97 violations.
    elapsed time = 00:00:00, memory = 3921.62 (MB).
    Completing 50% with 97 violations.
    elapsed time = 00:00:03, memory = 3923.84 (MB).
    Completing 60% with 68 violations.
    elapsed time = 00:00:03, memory = 3923.84 (MB).
    Completing 70% with 68 violations.
    elapsed time = 00:00:03, memory = 3923.84 (MB).
    Completing 80% with 55 violations.
    elapsed time = 00:00:04, memory = 3924.27 (MB).
    Completing 90% with 55 violations.
    elapsed time = 00:00:04, memory = 3924.28 (MB).
    Completing 100% with 28 violations.
    elapsed time = 00:00:06, memory = 3924.09 (MB).
[INFO DRT-0199]   Number of violations = 28.
Viol/Layer        met1
Metal Spacing        8
Short               20
[INFO DRT-0267] cpu time = 00:00:11, elapsed time = 00:00:06, memory = 3925.09 (MB), peak = 6086.92 (MB)
Total wire length = 6787280 um.
Total wire length on LAYER li1 = 0 um.
Total wire length on LAYER met1 = 2383699 um.
Total wire length on LAYER met2 = 2922449 um.
Total wire length on LAYER met3 = 1081052 um.
Total wire length on LAYER met4 = 379963 um.
Total wire length on LAYER met5 = 20116 um.
Total number of vias = 1051989.
Up-via summary (total 1051989):

--------------------------
 FR_MASTERSLICE          0
            li1     444029
           met1     534782
           met2      60071
           met3      12474
           met4        633
--------------------------
               1051989


[INFO DRT-0195] Start 6th guides tiles iteration.
    Completing 20% with 28 violations.
    elapsed time = 00:00:00, memory = 3921.44 (MB).
    Completing 50% with 28 violations.
    elapsed time = 00:00:00, memory = 3921.44 (MB).
    Completing 70% with 0 violations.
    elapsed time = 00:00:00, memory = 3921.44 (MB).
    Completing 100% with 0 violations.
    elapsed time = 00:00:00, memory = 3921.44 (MB).
[INFO DRT-0199]   Number of violations = 0.
[INFO DRT-0267] cpu time = 00:00:00, elapsed time = 00:00:00, memory = 3921.44 (MB), peak = 6086.92 (MB)
Total wire length = 6787296 um.
Total wire length on LAYER li1 = 0 um.
Total wire length on LAYER met1 = 2383685 um.
Total wire length on LAYER met2 = 2922455 um.
Total wire length on LAYER met3 = 1081077 um.
Total wire length on LAYER met4 = 379961 um.
Total wire length on LAYER met5 = 20116 um.
Total number of vias = 1051990.
Up-via summary (total 1051990):

--------------------------
 FR_MASTERSLICE          0
            li1     444029
           met1     534781
           met2      60075
           met3      12472
           met4        633
--------------------------
               1051990


[INFO DRT-0198] Complete detail routing.
Total wire length = 6787296 um.
Total wire length on LAYER li1 = 0 um.
Total wire length on LAYER met1 = 2383685 um.
Total wire length on LAYER met2 = 2922455 um.
Total wire length on LAYER met3 = 1081077 um.
Total wire length on LAYER met4 = 379961 um.
Total wire length on LAYER met5 = 20116 um.
Total number of vias = 1051990.
Up-via summary (total 1051990):

--------------------------
 FR_MASTERSLICE          0
            li1     444029
           met1     534781
           met2      60075
           met3      12472
           met4        633
--------------------------
               1051990


[INFO DRT-0267] cpu time = 00:55:27, elapsed time = 00:08:34, memory = 3920.22 (MB), peak = 6086.92 (MB)

[INFO DRT-0180] Post processing.
[INFO DRT-0501] Runtime: 807.97s
[INFO ANT-0002] Found 50 net violations.
[INFO ANT-0001] Found 77 pin violations.
[INFO GRT-0012] Found 50 antenna violations.
[WARNING GRT-0243] Unable to repair antennas on net with diodes.
[INFO DPL-0006] Core area: 3527558.21 um^2
[INFO DPL-0007] Movable instances area: 55.05 um^2
[INFO DPL-0008] Fixed instances area within core: 1744105.24 um^2
[INFO DPL-0009] Utilization: 49.4%
[INFO DPL-0005] Diamond search max displacement: +/- 500 sites horizontally, +/- 100 rows vertically.
[INFO DPL-1102] Legalizing using negotiation legalizer.
[INFO DPL-1103] Negotiation base search window: +/-20 sites horizontally, +/-5 rows vertically 
	Automatic search window extension enabled.
	Search window extendable up to the max displacement cap of +/-500 sites, +/-100 rows near walls.
[INFO DPL-1104] NegotiationLegalizer DRC penalty: 5.
[INFO DPL-0392] Negotiation cell height distribution (1 unique row-count(s)):
[INFO DPL-0393]   height 1 row(s): 171056 cells
          |      Total |  Illegal |  Illegal
Iteration | Violations |    Cells |    Sites
---------------------------------------------
        0 |          0 |         0 |         0
Negotiation phase 1 converged at iteration 0.
[INFO DPL-0500] Runtime: 0.69s
[INFO GRT-0015] Inserted 121 diodes.
[INFO DRT-0018]   Complete 100000 insts.
[INFO DRT-0024]   Complete FR_MASTERSLICE.
[INFO DRT-0024]   Complete Fr_VIA.
[INFO DRT-0024]   Complete li1.
[INFO DRT-0024]   Complete mcon.
[INFO DRT-0024]   Complete met1.
[INFO DRT-0024]   Complete via.
[INFO DRT-0024]   Complete met2.
[INFO DRT-0024]   Complete via2.
[INFO DRT-0024]   Complete met3.
[INFO DRT-0024]   Complete via3.
[INFO DRT-0024]   Complete met4.
[INFO DRT-0024]   Complete via4.
[INFO DRT-0024]   Complete met5.
[INFO DRT-0165] Start pin access.
[INFO DRT-0076]   Complete 1000 pins.
[INFO DRT-0076]   Complete 2000 pins.
[INFO DRT-0076]   Complete 3000 pins.
[INFO DRT-0078]   Complete 3371 pins.
[INFO DRT-0079]   Complete 100 unique inst patterns.
[INFO DRT-0079]   Complete 200 unique inst patterns.
[INFO DRT-0079]   Complete 300 unique inst patterns.
[INFO DRT-0079]   Complete 400 unique inst patterns.
[INFO DRT-0081]   Complete 409 unique inst patterns.
[INFO DRT-0082]   Complete 10000 groups.
[INFO DRT-0082]   Complete 20000 groups.
[INFO DRT-0082]   Complete 30000 groups.
[INFO DRT-0082]   Complete 40000 groups.
[INFO DRT-0082]   Complete 50000 groups.
[INFO DRT-0082]   Complete 60000 groups.
[INFO DRT-0082]   Complete 70000 groups.
[INFO DRT-0082]   Complete 80000 groups.
[INFO DRT-0082]   Complete 90000 groups.
[INFO DRT-0084]   Complete 93014 groups.
#scanned instances     = 171056
#unique  instances     = 409
#stdCellGenAp          = 13921
#stdCellValidPlanarAp  = 148
#stdCellValidViaAp     = 9893
#stdCellPinNoAp        = 10
#stdCellPinCnt         = 442266
#instTermValidViaApCnt = 0
#macroGenAp            = 0
#macroValidPlanarAp    = 0
#macroValidViaAp       = 0
#macroNoAp             = 0
[INFO DRT-0166] Complete pin access.
[INFO DRT-0267] cpu time = 00:34:23, elapsed time = 00:04:25, memory = 1148.27 (MB), peak = 6086.92 (MB)
[INFO DRT-0156] guideIn read 100000 guides.
[INFO DRT-0156] guideIn read 200000 guides.
[INFO DRT-0156] guideIn read 300000 guides.
[INFO DRT-0156] guideIn read 400000 guides.
[INFO DRT-0156] guideIn read 500000 guides.
[INFO DRT-0156] guideIn read 600000 guides.
[INFO DRT-0156] guideIn read 700000 guides.
[INFO DRT-0156] guideIn read 800000 guides.
[INFO DRT-0156] guideIn read 900000 guides.
[INFO DRT-0156] guideIn read 1000000 guides.

[INFO DRT-0157] Number of guides:     1168458

[INFO DRT-0169] Post process guides.
[INFO DRT-0176] GCELLGRID X 0 DO 275 STEP 6900 ;
[INFO DRT-0177] GCELLGRID Y 0 DO 275 STEP 6900 ;
[INFO DRT-0026]   Complete 100000 origin guides.
[INFO DRT-0026]   Complete 200000 origin guides.
[INFO DRT-0026]   Complete 300000 origin guides.
[INFO DRT-0026]   Complete 400000 origin guides.
[INFO DRT-0026]   Complete 500000 origin guides.
[INFO DRT-0026]   Complete 600000 origin guides.
[INFO DRT-0026]   Complete 700000 origin guides.
[INFO DRT-0026]   Complete 800000 origin guides.
[INFO DRT-0026]   Complete 900000 origin guides.
[INFO DRT-0027]   Complete 1000000 origin guides.
[INFO DRT-0028]   Complete FR_MASTERSLICE.
[INFO DRT-0028]   Complete Fr_VIA.
[INFO DRT-0028]   Complete li1.
[INFO DRT-0028]   Complete mcon.
[INFO DRT-0028]   Complete met1.
[INFO DRT-0028]   Complete via.
[INFO DRT-0028]   Complete met2.
[INFO DRT-0028]   Complete via2.
[INFO DRT-0028]   Complete met3.
[INFO DRT-0028]   Complete via3.
[INFO DRT-0028]   Complete met4.
[INFO DRT-0028]   Complete via4.
[INFO DRT-0028]   Complete met5.
  complete 100000 nets.
[INFO DRT-0178] Init guide query.
[INFO DRT-0029]   Complete 100000 nets (guide).
[INFO DRT-0035]   Complete FR_MASTERSLICE (guide).
[INFO DRT-0035]   Complete Fr_VIA (guide).
[INFO DRT-0035]   Complete li1 (guide).
[INFO DRT-0035]   Complete mcon (guide).
[INFO DRT-0035]   Complete met1 (guide).
[INFO DRT-0035]   Complete via (guide).
[INFO DRT-0035]   Complete met2 (guide).
[INFO DRT-0035]   Complete via2 (guide).
[INFO DRT-0035]   Complete met3 (guide).
[INFO DRT-0035]   Complete via3 (guide).
[INFO DRT-0035]   Complete met4 (guide).
[INFO DRT-0035]   Complete via4 (guide).
[INFO DRT-0035]   Complete met5 (guide).
[INFO DRT-0036] FR_MASTERSLICE guide region query size = 0.
[INFO DRT-0036] FR_VIA guide region query size = 0.
[INFO DRT-0036] li1 guide region query size = 376007.
[INFO DRT-0036] mcon guide region query size = 0.
[INFO DRT-0036] met1 guide region query size = 342901.
[INFO DRT-0036] via guide region query size = 0.
[INFO DRT-0036] met2 guide region query size = 197311.
[INFO DRT-0036] via2 guide region query size = 0.
[INFO DRT-0036] met3 guide region query size = 26612.
[INFO DRT-0036] via3 guide region query size = 0.
[INFO DRT-0036] met4 guide region query size = 7513.
[INFO DRT-0036] via4 guide region query size = 0.
[INFO DRT-0036] met5 guide region query size = 351.
[INFO DRT-0179] Init gr pin query.
[INFO DRT-0267] cpu time = 00:00:04, elapsed time = 00:00:01, memory = 1598.62 (MB), peak = 6086.92 (MB)
[INFO DRT-0245] skipped writing guide updates to database.
[INFO DRT-0181] Start track assignment.
[INFO DRT-0184] Done with 580831 vertical wires in 6 frboxes and 369864 horizontal wires in 6 frboxes.
[INFO DRT-0186] Done with 68866 vertical wires in 6 frboxes and 112580 horizontal wires in 6 frboxes.
[INFO DRT-0182] Complete track assignment.
[INFO DRT-0267] cpu time = 00:00:59, elapsed time = 00:00:13, memory = 3478.34 (MB), peak = 6086.92 (MB)
[INFO DRT-0187] Start routing data preparation.
[INFO DRT-0267] cpu time = 00:00:00, elapsed time = 00:00:00, memory = 3694.45 (MB), peak = 6086.92 (MB)
[INFO DRT-0194] Start detail routing.
[INFO DRT-0195] Start 0th optimization iteration.
    Completing 10% with 0 violations.
    elapsed time = 00:00:09, memory = 4277.59 (MB).
    Completing 20% with 0 violations.
    elapsed time = 00:00:19, memory = 4006.77 (MB).
    Completing 30% with 1173 violations.
    elapsed time = 00:00:33, memory = 4783.23 (MB).
    Completing 40% with 1173 violations.
    elapsed time = 00:00:42, memory = 4564.70 (MB).
    Completing 50% with 1173 violations.
    elapsed time = 00:00:52, memory = 3611.31 (MB).
    Completing 60% with 2258 violations.
    elapsed time = 00:01:06, memory = 4337.69 (MB).
    Completing 70% with 2258 violations.
    elapsed time = 00:01:16, memory = 3934.20 (MB).
    Completing 80% with 3201 violations.
    elapsed time = 00:01:30, memory = 4891.19 (MB).
    Completing 90% with 3201 violations.
    elapsed time = 00:01:38, memory = 3986.89 (MB).
    Completing 100% with 3887 violations.
    elapsed time = 00:01:53, memory = 4444.55 (MB).
[INFO DRT-0199]   Number of violations = 4505.
Viol/Layer         li1   mcon   met1    via   met2   met3   met4   met5
Cut Spacing          0      2      0      0      0      0      0      0
Metal Spacing        0      0    212      0    209    131      9      1
Min Hole             0      0      1      0      0      0      0      0
Recheck              1      0    174      0    253    164     26      0
Short                0      0   1255      2   1506    503     56      0
[INFO DRT-0267] cpu time = 00:12:57, elapsed time = 00:01:53, memory = 4444.25 (MB), peak = 6086.92 (MB)
Total wire length = 6789110 um.
Total wire length on LAYER li1 = 0 um.
Total wire length on LAYER met1 = 2384451 um.
Total wire length on LAYER met2 = 2923900 um.
Total wire length on LAYER met3 = 1081502 um.
Total wire length on LAYER met4 = 379136 um.
Total wire length on LAYER met5 = 20119 um.
Total number of vias = 1051760.
Up-via summary (total 1051760):

--------------------------
 FR_MASTERSLICE          0
            li1     444177
           met1     534857
           met2      59718
           met3      12377
           met4        631
--------------------------
               1051760


[INFO DRT-0195] Start 1st optimization iteration.
    Completing 10% with 4505 violations.
    elapsed time = 00:00:09, memory = 4676.31 (MB).
    Completing 20% with 4505 violations.
    elapsed time = 00:00:19, memory = 3713.84 (MB).
    Completing 30% with 3736 violations.
    elapsed time = 00:00:32, memory = 5029.84 (MB).
    Completing 40% with 3736 violations.
    elapsed time = 00:00:41, memory = 4693.31 (MB).
    Completing 50% with 3736 violations.
    elapsed time = 00:00:51, memory = 3940.14 (MB).
    Completing 60% with 2825 violations.
    elapsed time = 00:01:04, memory = 4442.95 (MB).
    Completing 70% with 2825 violations.
    elapsed time = 00:01:13, memory = 4216.11 (MB).
    Completing 80% with 2125 violations.
    elapsed time = 00:01:26, memory = 5198.25 (MB).
    Completing 90% with 2125 violations.
    elapsed time = 00:01:34, memory = 4869.64 (MB).
    Completing 100% with 1492 violations.
    elapsed time = 00:01:47, memory = 5308.56 (MB).
[INFO DRT-0199]   Number of violations = 1492.
Viol/Layer        mcon   met1   met2   met3   met4
Cut Spacing          1      0      0      0      0
Metal Spacing        0    122    129     45      0
Short                0    577    457    148     13
[INFO DRT-0267] cpu time = 00:12:20, elapsed time = 00:01:48, memory = 5326.55 (MB), peak = 6086.92 (MB)
Total wire length = 6788142 um.
Total wire length on LAYER li1 = 0 um.
Total wire length on LAYER met1 = 2384047 um.
Total wire length on LAYER met2 = 2923440 um.
Total wire length on LAYER met3 = 1081470 um.
Total wire length on LAYER met4 = 379082 um.
Total wire length on LAYER met5 = 20100 um.
Total number of vias = 1051601.
Up-via summary (total 1051601):

--------------------------
 FR_MASTERSLICE          0
            li1     444178
           met1     534654
           met2      59749
           met3      12389
           met4        631
--------------------------
               1051601


[INFO DRT-0195] Start 2nd optimization iteration.
    Completing 10% with 1492 violations.
    elapsed time = 00:00:01, memory = 5254.55 (MB).
    Completing 20% with 1492 violations.
    elapsed time = 00:00:03, memory = 5188.47 (MB).
    Completing 30% with 1454 violations.
    elapsed time = 00:00:05, memory = 5054.30 (MB).
    Completing 40% with 1454 violations.
    elapsed time = 00:00:08, memory = 4965.89 (MB).
    Completing 50% with 1454 violations.
    elapsed time = 00:00:11, memory = 4424.44 (MB).
    Completing 60% with 1400 violations.
    elapsed time = 00:00:12, memory = 4423.03 (MB).
    Completing 70% with 1400 violations.
    elapsed time = 00:00:14, memory = 4385.23 (MB).
    Completing 80% with 1336 violations.
    elapsed time = 00:00:16, memory = 4291.11 (MB).
    Completing 90% with 1336 violations.
    elapsed time = 00:00:18, memory = 4323.09 (MB).
    Completing 100% with 1289 violations.
    elapsed time = 00:00:22, memory = 4215.66 (MB).
[INFO DRT-0199]   Number of violations = 1289.
Viol/Layer        met1   met2   met3   met4
Metal Spacing       70    134     49      0
Short              495    403    133      5
[INFO DRT-0267] cpu time = 00:02:25, elapsed time = 00:00:22, memory = 4227.31 (MB), peak = 6086.92 (MB)
Total wire length = 6787920 um.
Total wire length on LAYER li1 = 0 um.
Total wire length on LAYER met1 = 2383928 um.
Total wire length on LAYER met2 = 2923426 um.
Total wire length on LAYER met3 = 1081448 um.
Total wire length on LAYER met4 = 379005 um.
Total wire length on LAYER met5 = 20110 um.
Total number of vias = 1051515.
Up-via summary (total 1051515):

--------------------------
 FR_MASTERSLICE          0
            li1     444180
           met1     534565
           met2      59748
           met3      12391
           met4        631
--------------------------
               1051515


[INFO DRT-0195] Start 3rd optimization iteration.
    Completing 10% with 1289 violations.
    elapsed time = 00:00:00, memory = 4145.00 (MB).
    Completing 20% with 1289 violations.
    elapsed time = 00:00:02, memory = 4163.84 (MB).
    Completing 30% with 1034 violations.
    elapsed time = 00:00:07, memory = 3774.38 (MB).
    Completing 40% with 1034 violations.
    elapsed time = 00:00:10, memory = 4050.62 (MB).
    Completing 50% with 1034 violations.
    elapsed time = 00:00:18, memory = 4007.97 (MB).
    Completing 60% with 621 violations.
    elapsed time = 00:00:20, memory = 4014.81 (MB).
    Completing 70% with 621 violations.
    elapsed time = 00:00:22, memory = 3998.00 (MB).
    Completing 80% with 379 violations.
    elapsed time = 00:00:25, memory = 3888.38 (MB).
    Completing 90% with 379 violations.
    elapsed time = 00:00:27, memory = 3889.83 (MB).
    Completing 100% with 160 violations.
    elapsed time = 00:00:31, memory = 3893.34 (MB).
[INFO DRT-0199]   Number of violations = 160.
Viol/Layer        met1   met2   via2   met3
Cut Spacing          0      0      1      0
Metal Spacing        6     27      0      7
Min Hole             0      1      0      0
Short               57     54      0      7
[INFO DRT-0267] cpu time = 00:02:59, elapsed time = 00:00:31, memory = 3920.05 (MB), peak = 6086.92 (MB)
Total wire length = 6788037 um.
Total wire length on LAYER li1 = 0 um.
Total wire length on LAYER met1 = 2383548 um.
Total wire length on LAYER met2 = 2922326 um.
Total wire length on LAYER met3 = 1081815 um.
Total wire length on LAYER met4 = 380199 um.
Total wire length on LAYER met5 = 20147 um.
Total number of vias = 1052363.
Up-via summary (total 1052363):

--------------------------
 FR_MASTERSLICE          0
            li1     444180
           met1     534930
           met2      60139
           met3      12483
           met4        631
--------------------------
               1052363


[INFO DRT-0195] Start 4th optimization iteration.
    Completing 10% with 160 violations.
    elapsed time = 00:00:00, memory = 3920.06 (MB).
    Completing 20% with 160 violations.
    elapsed time = 00:00:00, memory = 3920.06 (MB).
    Completing 30% with 72 violations.
    elapsed time = 00:00:01, memory = 3872.61 (MB).
    Completing 40% with 72 violations.
    elapsed time = 00:00:01, memory = 3872.61 (MB).
    Completing 50% with 72 violations.
    elapsed time = 00:00:02, memory = 3872.66 (MB).
    Completing 60% with 54 violations.
    elapsed time = 00:00:02, memory = 3872.86 (MB).
    Completing 70% with 54 violations.
    elapsed time = 00:00:02, memory = 3872.86 (MB).
    Completing 80% with 25 violations.
    elapsed time = 00:00:04, memory = 3845.30 (MB).
    Completing 90% with 25 violations.
    elapsed time = 00:00:04, memory = 3845.30 (MB).
    Completing 100% with 1 violations.
    elapsed time = 00:00:05, memory = 3845.50 (MB).
[INFO DRT-0199]   Number of violations = 1.
Viol/Layer        met1
Metal Spacing        1
[INFO DRT-0267] cpu time = 00:00:14, elapsed time = 00:00:05, memory = 3846.06 (MB), peak = 6086.92 (MB)
Total wire length = 6787990 um.
Total wire length on LAYER li1 = 0 um.
Total wire length on LAYER met1 = 2383537 um.
Total wire length on LAYER met2 = 2922050 um.
Total wire length on LAYER met3 = 1081793 um.
Total wire length on LAYER met4 = 380461 um.
Total wire length on LAYER met5 = 20147 um.
Total number of vias = 1052398.
Up-via summary (total 1052398):

--------------------------
 FR_MASTERSLICE          0
            li1     444179
           met1     534936
           met2      60157
           met3      12495
           met4        631
--------------------------
               1052398


[INFO DRT-0195] Start 5th guides tiles iteration.
    Completing 50% with 1 violations.
    elapsed time = 00:00:00, memory = 3846.08 (MB).
    Completing 100% with 0 violations.
    elapsed time = 00:00:00, memory = 3846.08 (MB).
[INFO DRT-0199]   Number of violations = 0.
[INFO DRT-0267] cpu time = 00:00:00, elapsed time = 00:00:00, memory = 3869.75 (MB), peak = 6086.92 (MB)
Total wire length = 6787988 um.
Total wire length on LAYER li1 = 0 um.
Total wire length on LAYER met1 = 2383536 um.
Total wire length on LAYER met2 = 2922049 um.
Total wire length on LAYER met3 = 1081793 um.
Total wire length on LAYER met4 = 380461 um.
Total wire length on LAYER met5 = 20147 um.
Total number of vias = 1052399.
Up-via summary (total 1052399):

--------------------------
 FR_MASTERSLICE          0
            li1     444179
           met1     534937
           met2      60157
           met3      12495
           met4        631
--------------------------
               1052399


[INFO DRT-0198] Complete detail routing.
Total wire length = 6787988 um.
Total wire length on LAYER li1 = 0 um.
Total wire length on LAYER met1 = 2383536 um.
Total wire length on LAYER met2 = 2922049 um.
Total wire length on LAYER met3 = 1081793 um.
Total wire length on LAYER met4 = 380461 um.
Total wire length on LAYER met5 = 20147 um.
Total number of vias = 1052399.
Up-via summary (total 1052399):

--------------------------
 FR_MASTERSLICE          0
            li1     444179
           met1     534937
           met2      60157
           met3      12495
           met4        631
--------------------------
               1052399


[INFO DRT-0267] cpu time = 00:30:58, elapsed time = 00:04:42, memory = 3867.98 (MB), peak = 6086.92 (MB)

[INFO DRT-0180] Post processing.
[INFO DRT-0501] Runtime: 568.72s
[INFO ANT-0002] Found 14 net violations.
[INFO ANT-0001] Found 18 pin violations.
[INFO GRT-0012] Found 14 antenna violations.
[INFO DPL-0006] Core area: 3527558.21 um^2
[INFO DPL-0007] Movable instances area: 47.55 um^2
[INFO DPL-0008] Fixed instances area within core: 1744200.33 um^2
[INFO DPL-0009] Utilization: 49.4%
[INFO DPL-0005] Diamond search max displacement: +/- 500 sites horizontally, +/- 100 rows vertically.
[INFO DPL-1102] Legalizing using negotiation legalizer.
[INFO DPL-1103] Negotiation base search window: +/-20 sites horizontally, +/-5 rows vertically 
	Automatic search window extension enabled.
	Search window extendable up to the max displacement cap of +/-500 sites, +/-100 rows near walls.
[INFO DPL-1104] NegotiationLegalizer DRC penalty: 5.
[INFO DPL-0392] Negotiation cell height distribution (1 unique row-count(s)):
[INFO DPL-0393]   height 1 row(s): 171091 cells
          |      Total |  Illegal |  Illegal
Iteration | Violations |    Cells |    Sites
---------------------------------------------
        0 |          0 |         0 |         0
Negotiation phase 1 converged at iteration 0.
[INFO DPL-0500] Runtime: 0.70s
[INFO GRT-0015] Inserted 35 diodes.
[INFO DRT-0018]   Complete 100000 insts.
[INFO DRT-0024]   Complete FR_MASTERSLICE.
[INFO DRT-0024]   Complete Fr_VIA.
[INFO DRT-0024]   Complete li1.
[INFO DRT-0024]   Complete mcon.
[INFO DRT-0024]   Complete met1.
[INFO DRT-0024]   Complete via.
[INFO DRT-0024]   Complete met2.
[INFO DRT-0024]   Complete via2.
[INFO DRT-0024]   Complete met3.
[INFO DRT-0024]   Complete via3.
[INFO DRT-0024]   Complete met4.
[INFO DRT-0024]   Complete via4.
[INFO DRT-0024]   Complete met5.
[INFO DRT-0165] Start pin access.
[INFO DRT-0076]   Complete 1000 pins.
[INFO DRT-0076]   Complete 2000 pins.
[INFO DRT-0076]   Complete 3000 pins.
[INFO DRT-0078]   Complete 3371 pins.
[INFO DRT-0079]   Complete 100 unique inst patterns.
[INFO DRT-0079]   Complete 200 unique inst patterns.
[INFO DRT-0079]   Complete 300 unique inst patterns.
[INFO DRT-0079]   Complete 400 unique inst patterns.
[INFO DRT-0081]   Complete 409 unique inst patterns.
[INFO DRT-0082]   Complete 10000 groups.
[INFO DRT-0082]   Complete 20000 groups.
[INFO DRT-0082]   Complete 30000 groups.
[INFO DRT-0082]   Complete 40000 groups.
[INFO DRT-0082]   Complete 50000 groups.
[INFO DRT-0082]   Complete 60000 groups.
[INFO DRT-0082]   Complete 70000 groups.
[INFO DRT-0082]   Complete 80000 groups.
[INFO DRT-0082]   Complete 90000 groups.
[INFO DRT-0084]   Complete 93021 groups.
#scanned instances     = 171091
#unique  instances     = 409
#stdCellGenAp          = 13921
#stdCellValidPlanarAp  = 148
#stdCellValidViaAp     = 9893
#stdCellPinNoAp        = 10
#stdCellPinCnt         = 442266
#instTermValidViaApCnt = 0
#macroGenAp            = 0
#macroValidPlanarAp    = 0
#macroValidViaAp       = 0
#macroNoAp             = 0
[INFO DRT-0166] Complete pin access.
[INFO DRT-0267] cpu time = 00:36:57, elapsed time = 00:04:44, memory = 1587.50 (MB), peak = 6086.92 (MB)
[INFO DRT-0156] guideIn read 100000 guides.
[INFO DRT-0156] guideIn read 200000 guides.
[INFO DRT-0156] guideIn read 300000 guides.
[INFO DRT-0156] guideIn read 400000 guides.
[INFO DRT-0156] guideIn read 500000 guides.
[INFO DRT-0156] guideIn read 600000 guides.
[INFO DRT-0156] guideIn read 700000 guides.
[INFO DRT-0156] guideIn read 800000 guides.
[INFO DRT-0156] guideIn read 900000 guides.
[INFO DRT-0156] guideIn read 1000000 guides.

[INFO DRT-0157] Number of guides:     1168490

[INFO DRT-0169] Post process guides.
[INFO DRT-0176] GCELLGRID X 0 DO 275 STEP 6900 ;
[INFO DRT-0177] GCELLGRID Y 0 DO 275 STEP 6900 ;
[INFO DRT-0026]   Complete 100000 origin guides.
[INFO DRT-0026]   Complete 200000 origin guides.
[INFO DRT-0026]   Complete 300000 origin guides.
[INFO DRT-0026]   Complete 400000 origin guides.
[INFO DRT-0026]   Complete 500000 origin guides.
[INFO DRT-0026]   Complete 600000 origin guides.
[INFO DRT-0026]   Complete 700000 origin guides.
[INFO DRT-0026]   Complete 800000 origin guides.
[INFO DRT-0026]   Complete 900000 origin guides.
[INFO DRT-0027]   Complete 1000000 origin guides.
[INFO DRT-0028]   Complete FR_MASTERSLICE.
[INFO DRT-0028]   Complete Fr_VIA.
[INFO DRT-0028]   Complete li1.
[INFO DRT-0028]   Complete mcon.
[INFO DRT-0028]   Complete met1.
[INFO DRT-0028]   Complete via.
[INFO DRT-0028]   Complete met2.
[INFO DRT-0028]   Complete via2.
[INFO DRT-0028]   Complete met3.
[INFO DRT-0028]   Complete via3.
[INFO DRT-0028]   Complete met4.
[INFO DRT-0028]   Complete via4.
[INFO DRT-0028]   Complete met5.
  complete 100000 nets.
[INFO DRT-0178] Init guide query.
[INFO DRT-0029]   Complete 100000 nets (guide).
[INFO DRT-0035]   Complete FR_MASTERSLICE (guide).
[INFO DRT-0035]   Complete Fr_VIA (guide).
[INFO DRT-0035]   Complete li1 (guide).
[INFO DRT-0035]   Complete mcon (guide).
[INFO DRT-0035]   Complete met1 (guide).
[INFO DRT-0035]   Complete via (guide).
[INFO DRT-0035]   Complete met2 (guide).
[INFO DRT-0035]   Complete via2 (guide).
[INFO DRT-0035]   Complete met3 (guide).
[INFO DRT-0035]   Complete via3 (guide).
[INFO DRT-0035]   Complete met4 (guide).
[INFO DRT-0035]   Complete via4 (guide).
[INFO DRT-0035]   Complete met5 (guide).
[INFO DRT-0036] FR_MASTERSLICE guide region query size = 0.
[INFO DRT-0036] FR_VIA guide region query size = 0.
[INFO DRT-0036] li1 guide region query size = 376015.
[INFO DRT-0036] mcon guide region query size = 0.
[INFO DRT-0036] met1 guide region query size = 342912.
[INFO DRT-0036] via guide region query size = 0.
[INFO DRT-0036] met2 guide region query size = 197315.
[INFO DRT-0036] via2 guide region query size = 0.
[INFO DRT-0036] met3 guide region query size = 26613.
[INFO DRT-0036] via3 guide region query size = 0.
[INFO DRT-0036] met4 guide region query size = 7505.
[INFO DRT-0036] via4 guide region query size = 0.
[INFO DRT-0036] met5 guide region query size = 347.
[INFO DRT-0179] Init gr pin query.
[INFO DRT-0267] cpu time = 00:00:04, elapsed time = 00:00:01, memory = 2048.98 (MB), peak = 6086.92 (MB)
[INFO DRT-0245] skipped writing guide updates to database.
[INFO DRT-0181] Start track assignment.
[INFO DRT-0184] Done with 580835 vertical wires in 6 frboxes and 369872 horizontal wires in 6 frboxes.
[INFO DRT-0186] Done with 68824 vertical wires in 6 frboxes and 112550 horizontal wires in 6 frboxes.
[INFO DRT-0182] Complete track assignment.
[INFO DRT-0267] cpu time = 00:00:59, elapsed time = 00:00:13, memory = 3498.73 (MB), peak = 6086.92 (MB)
[INFO DRT-0187] Start routing data preparation.
[INFO DRT-0267] cpu time = 00:00:00, elapsed time = 00:00:00, memory = 3732.81 (MB), peak = 6086.92 (MB)
[INFO DRT-0194] Start detail routing.
[INFO DRT-0195] Start 0th optimization iteration.
    Completing 10% with 0 violations.
    elapsed time = 00:00:08, memory = 4481.30 (MB).
    Completing 20% with 0 violations.
    elapsed time = 00:00:17, memory = 3880.89 (MB).
    Completing 30% with 276 violations.
    elapsed time = 00:00:31, memory = 4307.95 (MB).
    Completing 40% with 276 violations.
    elapsed time = 00:00:40, memory = 3723.80 (MB).
    Completing 50% with 276 violations.
    elapsed time = 00:00:49, memory = 3195.78 (MB).
    Completing 60% with 493 violations.
    elapsed time = 00:01:02, memory = 5002.31 (MB).
    Completing 70% with 493 violations.
    elapsed time = 00:01:11, memory = 4393.81 (MB).
    Completing 80% with 701 violations.
    elapsed time = 00:01:24, memory = 4912.33 (MB).
    Completing 90% with 701 violations.
    elapsed time = 00:01:32, memory = 3489.20 (MB).
    Completing 100% with 818 violations.
    elapsed time = 00:01:45, memory = 5228.06 (MB).
[INFO DRT-0199]   Number of violations = 992.
Viol/Layer        met1   met2   met3   met4   via4   met5
Metal Spacing       42     61     33      3      0      1
Recheck             38     67     51     16      0      2
Short              215    294    144     24      1      0
[INFO DRT-0267] cpu time = 00:11:53, elapsed time = 00:01:46, memory = 5258.95 (MB), peak = 6086.92 (MB)
Total wire length = 6788199 um.
Total wire length on LAYER li1 = 0 um.
Total wire length on LAYER met1 = 2384116 um.
Total wire length on LAYER met2 = 2922394 um.
Total wire length on LAYER met3 = 1081676 um.
Total wire length on LAYER met4 = 380290 um.
Total wire length on LAYER met5 = 19722 um.
Total number of vias = 1052356.
Up-via summary (total 1052356):

--------------------------
 FR_MASTERSLICE          0
            li1     444235
           met1     534941
           met2      60093
           met3      12463
           met4        624
--------------------------
               1052356


[INFO DRT-0195] Start 1st optimization iteration.
    Completing 10% with 992 violations.
    elapsed time = 00:00:09, memory = 4505.91 (MB).
    Completing 20% with 992 violations.
    elapsed time = 00:00:18, memory = 4191.62 (MB).
    Completing 30% with 803 violations.
    elapsed time = 00:00:31, memory = 5306.19 (MB).
    Completing 40% with 803 violations.
    elapsed time = 00:00:39, memory = 4360.23 (MB).
    Completing 50% with 803 violations.
    elapsed time = 00:00:49, memory = 3053.09 (MB).
    Completing 60% with 604 violations.
    elapsed time = 00:01:01, memory = 4489.88 (MB).
    Completing 70% with 604 violations.
    elapsed time = 00:01:10, memory = 4030.53 (MB).
    Completing 80% with 469 violations.
    elapsed time = 00:01:23, memory = 5019.91 (MB).
    Completing 90% with 469 violations.
    elapsed time = 00:01:31, memory = 4657.33 (MB).
    Completing 100% with 291 violations.
    elapsed time = 00:01:44, memory = 4636.16 (MB).
[INFO DRT-0199]   Number of violations = 291.
Viol/Layer        met1   met2   met3   met4
Metal Spacing       18     19      4      4
Short              130     70     41      5
[INFO DRT-0267] cpu time = 00:11:47, elapsed time = 00:01:44, memory = 4684.38 (MB), peak = 6086.92 (MB)
Total wire length = 6787984 um.
Total wire length on LAYER li1 = 0 um.
Total wire length on LAYER met1 = 2384065 um.
Total wire length on LAYER met2 = 2922256 um.
Total wire length on LAYER met3 = 1081647 um.
Total wire length on LAYER met4 = 380300 um.
Total wire length on LAYER met5 = 19714 um.
Total number of vias = 1052335.
Up-via summary (total 1052335):

--------------------------
 FR_MASTERSLICE          0
            li1     444228
           met1     534920
           met2      60090
           met3      12473
           met4        624
--------------------------
               1052335


[INFO DRT-0195] Start 2nd optimization iteration.
    Completing 10% with 291 violations.
    elapsed time = 00:00:00, memory = 4785.05 (MB).
    Completing 20% with 291 violations.
    elapsed time = 00:00:01, memory = 5033.67 (MB).
    Completing 30% with 264 violations.
    elapsed time = 00:00:02, memory = 5072.66 (MB).
    Completing 40% with 264 violations.
    elapsed time = 00:00:02, memory = 5070.39 (MB).
    Completing 50% with 264 violations.
    elapsed time = 00:00:04, memory = 5061.45 (MB).
    Completing 60% with 236 violations.
    elapsed time = 00:00:04, memory = 5032.66 (MB).
    Completing 70% with 236 violations.
    elapsed time = 00:00:05, memory = 5010.61 (MB).
    Completing 80% with 198 violations.
    elapsed time = 00:00:06, memory = 5044.83 (MB).
    Completing 90% with 198 violations.
    elapsed time = 00:00:06, memory = 5044.73 (MB).
    Completing 100% with 198 violations.
    elapsed time = 00:00:07, memory = 5022.72 (MB).
[INFO DRT-0199]   Number of violations = 198.
Viol/Layer        met1   met2   met3   met4
Metal Spacing       17     10      7      1
Short               81     46     34      2
[INFO DRT-0267] cpu time = 00:00:48, elapsed time = 00:00:07, memory = 5048.62 (MB), peak = 6086.92 (MB)
Total wire length = 6787952 um.
Total wire length on LAYER li1 = 0 um.
Total wire length on LAYER met1 = 2383983 um.
Total wire length on LAYER met2 = 2922270 um.
Total wire length on LAYER met3 = 1081686 um.
Total wire length on LAYER met4 = 380299 um.
Total wire length on LAYER met5 = 19711 um.
Total number of vias = 1052331.
Up-via summary (total 1052331):

--------------------------
 FR_MASTERSLICE          0
            li1     444227
           met1     534907
           met2      60100
           met3      12473
           met4        624
--------------------------
               1052331


[INFO DRT-0195] Start 3rd optimization iteration.
    Completing 10% with 198 violations.
    elapsed time = 00:00:00, memory = 5036.50 (MB).
    Completing 20% with 198 violations.
    elapsed time = 00:00:00, memory = 5024.75 (MB).
    Completing 30% with 156 violations.
    elapsed time = 00:00:01, memory = 5002.23 (MB).
    Completing 40% with 156 violations.
    elapsed time = 00:00:01, memory = 5006.62 (MB).
    Completing 50% with 156 violations.
    elapsed time = 00:00:03, memory = 5008.91 (MB).
    Completing 60% with 94 violations.
    elapsed time = 00:00:03, memory = 5009.45 (MB).
    Completing 70% with 94 violations.
    elapsed time = 00:00:04, memory = 4958.05 (MB).
    Completing 80% with 28 violations.
    elapsed time = 00:00:04, memory = 4959.77 (MB).
    Completing 90% with 28 violations.
    elapsed time = 00:00:04, memory = 4959.81 (MB).
    Completing 100% with 1 violations.
    elapsed time = 00:00:05, memory = 4958.20 (MB).
[INFO DRT-0199]   Number of violations = 1.
Viol/Layer        met2
Metal Spacing        1
[INFO DRT-0267] cpu time = 00:00:31, elapsed time = 00:00:05, memory = 4963.14 (MB), peak = 6086.92 (MB)
Total wire length = 6787982 um.
Total wire length on LAYER li1 = 0 um.
Total wire length on LAYER met1 = 2384085 um.
Total wire length on LAYER met2 = 2922099 um.
Total wire length on LAYER met3 = 1081586 um.
Total wire length on LAYER met4 = 380489 um.
Total wire length on LAYER met5 = 19722 um.
Total number of vias = 1052530.
Up-via summary (total 1052530):

--------------------------
 FR_MASTERSLICE          0
            li1     444227
           met1     535030
           met2      60165
           met3      12484
           met4        624
--------------------------
               1052530


[INFO DRT-0195] Start 4th guides tiles iteration.
    Completing 100% with 0 violations.
    elapsed time = 00:00:00, memory = 4963.16 (MB).
[INFO DRT-0199]   Number of violations = 0.
[INFO DRT-0267] cpu time = 00:00:00, elapsed time = 00:00:00, memory = 4963.56 (MB), peak = 6086.92 (MB)
Total wire length = 6787980 um.
Total wire length on LAYER li1 = 0 um.
Total wire length on LAYER met1 = 2384084 um.
Total wire length on LAYER met2 = 2922038 um.
Total wire length on LAYER met3 = 1081587 um.
Total wire length on LAYER met4 = 380548 um.
Total wire length on LAYER met5 = 19722 um.
Total number of vias = 1052530.
Up-via summary (total 1052530):

--------------------------
 FR_MASTERSLICE          0
            li1     444227
           met1     535030
           met2      60165
           met3      12484
           met4        624
--------------------------
               1052530


[INFO DRT-0198] Complete detail routing.
Total wire length = 6787980 um.
Total wire length on LAYER li1 = 0 um.
Total wire length on LAYER met1 = 2384084 um.
Total wire length on LAYER met2 = 2922038 um.
Total wire length on LAYER met3 = 1081587 um.
Total wire length on LAYER met4 = 380548 um.
Total wire length on LAYER met5 = 19722 um.
Total number of vias = 1052530.
Up-via summary (total 1052530):

--------------------------
 FR_MASTERSLICE          0
            li1     444227
           met1     535030
           met2      60165
           met3      12484
           met4        624
--------------------------
               1052530


[INFO DRT-0267] cpu time = 00:25:01, elapsed time = 00:03:45, memory = 4957.08 (MB), peak = 6086.92 (MB)

[INFO DRT-0180] Post processing.
[INFO DRT-0501] Runtime: 531.69s
[INFO ANT-0002] Found 2 net violations.
[INFO ANT-0001] Found 4 pin violations.
[INFO GRT-0012] Found 2 antenna violations.
[INFO DPL-0006] Core area: 3527558.21 um^2
[INFO DPL-0007] Movable instances area: 0.00 um^2
[INFO DPL-0008] Fixed instances area within core: 1744257.88 um^2
[INFO DPL-0009] Utilization: 49.4%
[INFO DPL-0005] Diamond search max displacement: +/- 500 sites horizontally, +/- 100 rows vertically.
[INFO DPL-1102] Legalizing using negotiation legalizer.
[INFO DPL-1103] Negotiation base search window: +/-20 sites horizontally, +/-5 rows vertically 
	Automatic search window extension enabled.
	Search window extendable up to the max displacement cap of +/-500 sites, +/-100 rows near walls.
[INFO DPL-1104] NegotiationLegalizer DRC penalty: 5.
[INFO DPL-0392] Negotiation cell height distribution (1 unique row-count(s)):
[INFO DPL-0393]   height 1 row(s): 171095 cells
[INFO DPL-0500] Runtime: 0.71s
[INFO GRT-0015] Inserted 4 diodes.
[INFO DRT-0018]   Complete 100000 insts.
[INFO DRT-0024]   Complete FR_MASTERSLICE.
[INFO DRT-0024]   Complete Fr_VIA.
[INFO DRT-0024]   Complete li1.
[INFO DRT-0024]   Complete mcon.
[INFO DRT-0024]   Complete met1.
[INFO DRT-0024]   Complete via.
[INFO DRT-0024]   Complete met2.
[INFO DRT-0024]   Complete via2.
[INFO DRT-0024]   Complete met3.
[INFO DRT-0024]   Complete via3.
[INFO DRT-0024]   Complete met4.
[INFO DRT-0024]   Complete via4.
[INFO DRT-0024]   Complete met5.
[INFO DRT-0165] Start pin access.
[INFO DRT-0076]   Complete 1000 pins.
[INFO DRT-0076]   Complete 2000 pins.
[INFO DRT-0076]   Complete 3000 pins.
[INFO DRT-0078]   Complete 3371 pins.
[INFO DRT-0079]   Complete 100 unique inst patterns.
[INFO DRT-0079]   Complete 200 unique inst patterns.
[INFO DRT-0079]   Complete 300 unique inst patterns.
[INFO DRT-0079]   Complete 400 unique inst patterns.
[INFO DRT-0081]   Complete 409 unique inst patterns.
[INFO DRT-0082]   Complete 10000 groups.
[INFO DRT-0082]   Complete 20000 groups.
[INFO DRT-0082]   Complete 30000 groups.
[INFO DRT-0082]   Complete 40000 groups.
[INFO DRT-0082]   Complete 50000 groups.
[INFO DRT-0082]   Complete 60000 groups.
[INFO DRT-0082]   Complete 70000 groups.
[INFO DRT-0082]   Complete 80000 groups.
[INFO DRT-0082]   Complete 90000 groups.
[INFO DRT-0084]   Complete 93022 groups.
#scanned instances     = 171095
#unique  instances     = 409
#stdCellGenAp          = 13921
#stdCellValidPlanarAp  = 148
#stdCellValidViaAp     = 9893
#stdCellPinNoAp        = 10
#stdCellPinCnt         = 442266
#instTermValidViaApCnt = 0
#macroGenAp            = 0
#macroValidPlanarAp    = 0
#macroValidViaAp       = 0
#macroNoAp             = 0
[INFO DRT-0166] Complete pin access.
[INFO DRT-0267] cpu time = 00:34:20, elapsed time = 00:04:25, memory = 985.41 (MB), peak = 6086.92 (MB)
[INFO DRT-0156] guideIn read 100000 guides.
[INFO DRT-0156] guideIn read 200000 guides.
[INFO DRT-0156] guideIn read 300000 guides.
[INFO DRT-0156] guideIn read 400000 guides.
[INFO DRT-0156] guideIn read 500000 guides.
[INFO DRT-0156] guideIn read 600000 guides.
[INFO DRT-0156] guideIn read 700000 guides.
[INFO DRT-0156] guideIn read 800000 guides.
[INFO DRT-0156] guideIn read 900000 guides.
[INFO DRT-0156] guideIn read 1000000 guides.

[INFO DRT-0157] Number of guides:     1168492

[INFO DRT-0169] Post process guides.
[INFO DRT-0176] GCELLGRID X 0 DO 275 STEP 6900 ;
[INFO DRT-0177] GCELLGRID Y 0 DO 275 STEP 6900 ;
[INFO DRT-0026]   Complete 100000 origin guides.
[INFO DRT-0026]   Complete 200000 origin guides.
[INFO DRT-0026]   Complete 300000 origin guides.
[INFO DRT-0026]   Complete 400000 origin guides.
[INFO DRT-0026]   Complete 500000 origin guides.
[INFO DRT-0026]   Complete 600000 origin guides.
[INFO DRT-0026]   Complete 700000 origin guides.
[INFO DRT-0026]   Complete 800000 origin guides.
[INFO DRT-0026]   Complete 900000 origin guides.
[INFO DRT-0027]   Complete 1000000 origin guides.
[INFO DRT-0028]   Complete FR_MASTERSLICE.
[INFO DRT-0028]   Complete Fr_VIA.
[INFO DRT-0028]   Complete li1.
[INFO DRT-0028]   Complete mcon.
[INFO DRT-0028]   Complete met1.
[INFO DRT-0028]   Complete via.
[INFO DRT-0028]   Complete met2.
[INFO DRT-0028]   Complete via2.
[INFO DRT-0028]   Complete met3.
[INFO DRT-0028]   Complete via3.
[INFO DRT-0028]   Complete met4.
[INFO DRT-0028]   Complete via4.
[INFO DRT-0028]   Complete met5.
  complete 100000 nets.
[INFO DRT-0178] Init guide query.
[INFO DRT-0029]   Complete 100000 nets (guide).
[INFO DRT-0035]   Complete FR_MASTERSLICE (guide).
[INFO DRT-0035]   Complete Fr_VIA (guide).
[INFO DRT-0035]   Complete li1 (guide).
[INFO DRT-0035]   Complete mcon (guide).
[INFO DRT-0035]   Complete met1 (guide).
[INFO DRT-0035]   Complete via (guide).
[INFO DRT-0035]   Complete met2 (guide).
[INFO DRT-0035]   Complete via2 (guide).
[INFO DRT-0035]   Complete met3 (guide).
[INFO DRT-0035]   Complete via3 (guide).
[INFO DRT-0035]   Complete met4 (guide).
[INFO DRT-0035]   Complete via4 (guide).
[INFO DRT-0035]   Complete met5 (guide).
[INFO DRT-0036] FR_MASTERSLICE guide region query size = 0.
[INFO DRT-0036] FR_VIA guide region query size = 0.
[INFO DRT-0036] li1 guide region query size = 376017.
[INFO DRT-0036] mcon guide region query size = 0.
[INFO DRT-0036] met1 guide region query size = 342913.
[INFO DRT-0036] via guide region query size = 0.
[INFO DRT-0036] met2 guide region query size = 197314.
[INFO DRT-0036] via2 guide region query size = 0.
[INFO DRT-0036] met3 guide region query size = 26615.
[INFO DRT-0036] via3 guide region query size = 0.
[INFO DRT-0036] met4 guide region query size = 7508.
[INFO DRT-0036] via4 guide region query size = 0.
[INFO DRT-0036] met5 guide region query size = 349.
[INFO DRT-0179] Init gr pin query.
[INFO DRT-0267] cpu time = 00:00:04, elapsed time = 00:00:01, memory = 1584.44 (MB), peak = 6086.92 (MB)
[INFO DRT-0245] skipped writing guide updates to database.
[INFO DRT-0181] Start track assignment.
[INFO DRT-0184] Done with 580839 vertical wires in 6 frboxes and 369877 horizontal wires in 6 frboxes.
[INFO DRT-0186] Done with 68913 vertical wires in 6 frboxes and 112497 horizontal wires in 6 frboxes.
[INFO DRT-0182] Complete track assignment.
[INFO DRT-0267] cpu time = 00:00:57, elapsed time = 00:00:12, memory = 3447.83 (MB), peak = 6086.92 (MB)
[INFO DRT-0187] Start routing data preparation.
[INFO DRT-0267] cpu time = 00:00:00, elapsed time = 00:00:00, memory = 3831.62 (MB), peak = 6086.92 (MB)
[INFO DRT-0194] Start detail routing.
[INFO DRT-0195] Start 0th optimization iteration.
    Completing 10% with 0 violations.
    elapsed time = 00:00:08, memory = 4375.66 (MB).
    Completing 20% with 0 violations.
    elapsed time = 00:00:18, memory = 3241.30 (MB).
    Completing 30% with 34 violations.
    elapsed time = 00:00:32, memory = 4902.30 (MB).
    Completing 40% with 34 violations.
    elapsed time = 00:00:40, memory = 4237.25 (MB).
    Completing 50% with 34 violations.
    elapsed time = 00:00:49, memory = 3558.36 (MB).
    Completing 60% with 99 violations.
    elapsed time = 00:01:01, memory = 4350.06 (MB).
    Completing 70% with 99 violations.
    elapsed time = 00:01:10, memory = 4127.41 (MB).
    Completing 80% with 165 violations.
    elapsed time = 00:01:23, memory = 4327.66 (MB).
    Completing 90% with 165 violations.
    elapsed time = 00:01:31, memory = 3783.64 (MB).
    Completing 100% with 195 violations.
    elapsed time = 00:01:44, memory = 4969.20 (MB).
[INFO DRT-0199]   Number of violations = 240.
Viol/Layer         li1   met1   met2   met3   met4   met5
Metal Spacing        0      3     10      3      1      0
Recheck              1      4     15     20      1      4
Short                0     44     95     35      0      4
[INFO DRT-0267] cpu time = 00:11:36, elapsed time = 00:01:44, memory = 5005.83 (MB), peak = 6086.92 (MB)
Total wire length = 6788024 um.
Total wire length on LAYER li1 = 0 um.
Total wire length on LAYER met1 = 2383922 um.
Total wire length on LAYER met2 = 2921885 um.
Total wire length on LAYER met3 = 1081641 um.
Total wire length on LAYER met4 = 380688 um.
Total wire length on LAYER met5 = 19887 um.
Total number of vias = 1052493.
Up-via summary (total 1052493):

--------------------------
 FR_MASTERSLICE          0
            li1     444231
           met1     535001
           met2      60150
           met3      12485
           met4        626
--------------------------
               1052493


[INFO DRT-0195] Start 1st optimization iteration.
    Completing 10% with 240 violations.
    elapsed time = 00:00:08, memory = 4795.39 (MB).
make[1]: *** [do-5_2_route] Terminated: 15
make: *** [/Users/shubhanshu/Desktop/Nebula/digital/artifacts/model_ppa_20260912/pnr_gemini_flash/results/sky130hd/nebula_bench/gemini_flash/5_2_route.odb] Terminated: 15
/Users/shubhanshu/Desktop/Nebula/digital/orfs/flow/scripts/flow.sh 5_2_route detail_route
Running detail_route.tcl, stage 5_2_route
read_liberty /Users/shubhanshu/Desktop/Nebula/digital/orfs/flow/platforms/sky130hd/lib/sky130_fd_sc_hd__tt_025C_1v80.lib
read_db /Users/shubhanshu/Desktop/Nebula/digital/artifacts/model_ppa_20260912/pnr_gemini_flash/results/sky130hd/nebula_bench/gemini_flash/5_1_grt.odb
read_sdc /Users/shubhanshu/Desktop/Nebula/digital/artifacts/model_ppa_20260912/pnr_gemini_flash/results/sky130hd/nebula_bench/gemini_flash/5_1_grt.sdc
source /Users/shubhanshu/Desktop/Nebula/digital/orfs/flow/platforms/sky130hd/setRC.tcl
detailed_route -output_drc /Users/shubhanshu/Desktop/Nebula/digital/artifacts/model_ppa_20260912/pnr_gemini_flash/reports/sky130hd/nebula_bench/gemini_flash/5_route_drc.rpt -output_maze /Users/shubhanshu/Desktop/Nebula/digital/artifacts/model_ppa_20260912/pnr_gemini_flash/results/sky130hd/nebula_bench/gemini_flash/maze.log -droute_end_iter 64 -verbose 1 -drc_report_iter_step 5
[INFO DRT-0149] Reading tech and libs.
[WARNING DRT-0349] LEF58_ENCLOSURE with no CUTCLASS is not supported. Skipping for layer mcon
[WARNING DRT-0349] LEF58_ENCLOSURE with no CUTCLASS is not supported. Skipping for layer mcon
[WARNING DRT-0349] LEF58_ENCLOSURE with no CUTCLASS is not supported. Skipping for layer via
[WARNING DRT-0349] LEF58_ENCLOSURE with no CUTCLASS is not supported. Skipping for layer via
[WARNING DRT-0349] LEF58_ENCLOSURE with no CUTCLASS is not supported. Skipping for layer via2
[WARNING DRT-0349] LEF58_ENCLOSURE with no CUTCLASS is not supported. Skipping for layer via2
[WARNING DRT-0349] LEF58_ENCLOSURE with no CUTCLASS is not supported. Skipping for layer via3
[WARNING DRT-0349] LEF58_ENCLOSURE with no CUTCLASS is not supported. Skipping for layer via3
[WARNING DRT-0349] LEF58_ENCLOSURE with no CUTCLASS is not supported. Skipping for layer via4
[WARNING DRT-0349] LEF58_ENCLOSURE with no CUTCLASS is not supported. Skipping for layer via4

Units:                1000
Number of layers:     13
Number of macros:     441
Number of vias:       29
Number of viarulegen: 25

[INFO DRT-0150] Reading design.

Design:                   soc_top
Die area:                 ( 0 0 ) ( 1900000 1900000 )
Number of track patterns: 12
Number of DEF vias:       0
Number of components:     170400
Number of terminals:      40
Number of snets:          2
Number of nets:           121246

[INFO DRT-0167] List of default vias:
  Layer via
    default via: M1M2_PR
  Layer via2
    default via: M2M3_PR
  Layer via3
    default via: M3M4_PR
  Layer via4
    default via: M4M5_PR
[INFO DRT-0162] Library cell analysis.
[INFO DRT-0163] Instance analysis.
  Complete 100000 instances.
[INFO DRT-0164] Number of unique instances = 409.
[INFO DRT-0168] Init region query.
[INFO DRT-0018]   Complete 100000 insts.
[INFO DRT-0024]   Complete FR_MASTERSLICE.
[INFO DRT-0024]   Complete Fr_VIA.
[INFO DRT-0024]   Complete li1.
[INFO DRT-0024]   Complete mcon.
[INFO DRT-0024]   Complete met1.
[INFO DRT-0024]   Complete via.
[INFO DRT-0024]   Complete met2.
[INFO DRT-0024]   Complete via2.
[INFO DRT-0024]   Complete met3.
[INFO DRT-0024]   Complete via3.
[INFO DRT-0024]   Complete met4.
[INFO DRT-0024]   Complete via4.
[INFO DRT-0024]   Complete met5.
[INFO DRT-0033] FR_MASTERSLICE shape region query size = 0.
[INFO DRT-0033] FR_VIA shape region query size = 0.
[INFO DRT-0033] li1 shape region query size = 4846400.
[INFO DRT-0033] mcon shape region query size = 3123244.
[INFO DRT-0033] met1 shape region query size = 870353.
[INFO DRT-0033] via shape region query size = 238395.
[INFO DRT-0033] met2 shape region query size = 143074.
[INFO DRT-0033] via2 shape region query size = 190716.
[INFO DRT-0033] met3 shape region query size = 143038.
[INFO DRT-0033] via3 shape region query size = 190716.
[INFO DRT-0033] met4 shape region query size = 57339.
[INFO DRT-0033] via4 shape region query size = 9522.
[INFO DRT-0033] met5 shape region query size = 9798.
[INFO DRT-0165] Start pin access.
[INFO DRT-0076]   Complete 1000 pins.
[INFO DRT-0076]   Complete 2000 pins.
[INFO DRT-0076]   Complete 3000 pins.
[INFO DRT-0078]   Complete 3371 pins.
[INFO DRT-0079]   Complete 100 unique inst patterns.
[INFO DRT-0079]   Complete 200 unique inst patterns.
[INFO DRT-0079]   Complete 300 unique inst patterns.
[INFO DRT-0079]   Complete 400 unique inst patterns.
[INFO DRT-0081]   Complete 409 unique inst patterns.
[INFO DRT-0082]   Complete 10000 groups.
[INFO DRT-0082]   Complete 20000 groups.
[INFO DRT-0082]   Complete 30000 groups.
[INFO DRT-0082]   Complete 40000 groups.
[INFO DRT-0082]   Complete 50000 groups.
[INFO DRT-0082]   Complete 60000 groups.
[INFO DRT-0082]   Complete 70000 groups.
[INFO DRT-0082]   Complete 80000 groups.
[INFO DRT-0082]   Complete 90000 groups.
[INFO DRT-0084]   Complete 92869 groups.
#scanned instances     = 170400
#unique  instances     = 409
#stdCellGenAp          = 13921
#stdCellValidPlanarAp  = 148
#stdCellValidViaAp     = 9893
#stdCellPinNoAp        = 10
#stdCellPinCnt         = 442266
#instTermValidViaApCnt = 0
#macroGenAp            = 0
#macroValidPlanarAp    = 0
#macroValidViaAp       = 0
#macroNoAp             = 0
[INFO DRT-0166] Complete pin access.
[INFO DRT-0267] cpu time = 00:50:09, elapsed time = 00:06:24, memory = 880.58 (MB), peak = 2067.08 (MB)
[INFO DRT-0156] guideIn read 100000 guides.
[INFO DRT-0156] guideIn read 200000 guides.
[INFO DRT-0156] guideIn read 300000 guides.
[INFO DRT-0156] guideIn read 400000 guides.
[INFO DRT-0156] guideIn read 500000 guides.
[INFO DRT-0156] guideIn read 600000 guides.
[INFO DRT-0156] guideIn read 700000 guides.
[INFO DRT-0156] guideIn read 800000 guides.
[INFO DRT-0156] guideIn read 900000 guides.
[INFO DRT-0156] guideIn read 1000000 guides.

[INFO DRT-0157] Number of guides:     1170586

[INFO DRT-0169] Post process guides.
[INFO DRT-0176] GCELLGRID X 0 DO 275 STEP 6900 ;
[INFO DRT-0177] GCELLGRID Y 0 DO 275 STEP 6900 ;
[INFO DRT-0026]   Complete 100000 origin guides.
[INFO DRT-0026]   Complete 200000 origin guides.
[INFO DRT-0026]   Complete 300000 origin guides.
[INFO DRT-0026]   Complete 400000 origin guides.
[INFO DRT-0026]   Complete 500000 origin guides.
[INFO DRT-0026]   Complete 600000 origin guides.
[INFO DRT-0026]   Complete 700000 origin guides.
[INFO DRT-0026]   Complete 800000 origin guides.
[INFO DRT-0026]   Complete 900000 origin guides.
[INFO DRT-0027]   Complete 1000000 origin guides.
[INFO DRT-0028]   Complete FR_MASTERSLICE.
[INFO DRT-0028]   Complete Fr_VIA.
[INFO DRT-0028]   Complete li1.
[INFO DRT-0028]   Complete mcon.
[INFO DRT-0028]   Complete met1.
[INFO DRT-0028]   Complete via.
[INFO DRT-0028]   Complete met2.
[INFO DRT-0028]   Complete via2.
[INFO DRT-0028]   Complete met3.
[INFO DRT-0028]   Complete via3.
[INFO DRT-0028]   Complete met4.
[INFO DRT-0028]   Complete via4.
[INFO DRT-0028]   Complete met5.
  complete 100000 nets.
[INFO DRT-0178] Init guide query.
[INFO DRT-0029]   Complete 100000 nets (guide).
[INFO DRT-0035]   Complete FR_MASTERSLICE (guide).
[INFO DRT-0035]   Complete Fr_VIA (guide).
[INFO DRT-0035]   Complete li1 (guide).
[INFO DRT-0035]   Complete mcon (guide).
[INFO DRT-0035]   Complete met1 (guide).
[INFO DRT-0035]   Complete via (guide).
[INFO DRT-0035]   Complete met2 (guide).
[INFO DRT-0035]   Complete via2 (guide).
[INFO DRT-0035]   Complete met3 (guide).
[INFO DRT-0035]   Complete via3 (guide).
[INFO DRT-0035]   Complete met4 (guide).
[INFO DRT-0035]   Complete via4 (guide).
[INFO DRT-0035]   Complete met5 (guide).
[INFO DRT-0036] FR_MASTERSLICE guide region query size = 0.
[INFO DRT-0036] FR_VIA guide region query size = 0.
[INFO DRT-0036] li1 guide region query size = 375758.
[INFO DRT-0036] mcon guide region query size = 0.
[INFO DRT-0036] met1 guide region query size = 342836.
[INFO DRT-0036] via guide region query size = 0.
[INFO DRT-0036] met2 guide region query size = 197637.
[INFO DRT-0036] via2 guide region query size = 0.
[INFO DRT-0036] met3 guide region query size = 27372.
[INFO DRT-0036] via3 guide region query size = 0.
[INFO DRT-0036] met4 guide region query size = 8140.
[INFO DRT-0036] via4 guide region query size = 0.
[INFO DRT-0036] met5 guide region query size = 520.
[INFO DRT-0179] Init gr pin query.
[INFO DRT-0267] cpu time = 00:00:04, elapsed time = 00:00:01, memory = 1447.66 (MB), peak = 2067.08 (MB)
[INFO DRT-0245] skipped writing guide updates to database.
[INFO DRT-0181] Start track assignment.
[INFO DRT-0184] Done with 581535 vertical wires in 6 frboxes and 370728 horizontal wires in 6 frboxes.
[INFO DRT-0186] Done with 68382 vertical wires in 6 frboxes and 112147 horizontal wires in 6 frboxes.
[INFO DRT-0182] Complete track assignment.
[INFO DRT-0267] cpu time = 00:01:00, elapsed time = 00:00:13, memory = 3323.92 (MB), peak = 3323.92 (MB)
[INFO DRT-0187] Start routing data preparation.
[INFO DRT-0267] cpu time = 00:00:00, elapsed time = 00:00:00, memory = 3430.59 (MB), peak = 3430.59 (MB)
[INFO DRT-0194] Start detail routing.
[INFO DRT-0195] Start 0th optimization iteration.
    Completing 10% with 0 violations.
    elapsed time = 00:00:38, memory = 3620.55 (MB).
    Completing 20% with 0 violations.
    elapsed time = 00:01:20, memory = 3274.33 (MB).
    Completing 30% with 21534 violations.
    elapsed time = 00:02:05, memory = 3397.42 (MB).
    Completing 40% with 21534 violations.
    elapsed time = 00:02:46, memory = 3306.14 (MB).
    Completing 50% with 21534 violations.
    elapsed time = 00:03:28, memory = 1936.73 (MB).
    Completing 60% with 42144 violations.
    elapsed time = 00:04:18, memory = 2450.83 (MB).
    Completing 70% with 42144 violations.
    elapsed time = 00:05:01, memory = 3202.09 (MB).
    Completing 80% with 62493 violations.
    elapsed time = 00:05:55, memory = 3208.62 (MB).
    Completing 90% with 62493 violations.
    elapsed time = 00:06:41, memory = 2839.92 (MB).
    Completing 100% with 82946 violations.
    elapsed time = 00:07:32, memory = 5058.39 (MB).
[INFO DRT-0199]   Number of violations = 96531.
Viol/Layer         li1   mcon   met1    via   met2   via2   met3   via3   met4   via4   met5
Cut Spacing          0    220      0      5      0      6      0      2      0      2      0
Metal Spacing        0      0  18593      0   4101      0    783      0     88      0     47
Min Hole             0      0     77      0      2      0      0      0      0      0      0
NS Metal             0      0      5      0      0      0      0      0      0      0      0
Recheck            168      0   8376      0   4359      0    484      0    140      0     58
Short                0     11  48222     49   9565     12    930      4    166      6     50
[INFO DRT-0267] cpu time = 00:57:26, elapsed time = 00:07:35, memory = 5272.50 (MB), peak = 5427.84 (MB)
Total wire length = 6842441 um.
Total wire length on LAYER li1 = 0 um.
Total wire length on LAYER met1 = 2505289 um.
Total wire length on LAYER met2 = 2931322 um.
Total wire length on LAYER met3 = 993243 um.
Total wire length on LAYER met4 = 389474 um.
Total wire length on LAYER met5 = 23111 um.
Total number of vias = 1043863.
Up-via summary (total 1043863):

--------------------------
 FR_MASTERSLICE          0
            li1     443331
           met1     541646
           met2      45334
           met3      12705
           met4        847
--------------------------
               1043863


[INFO DRT-0195] Start 1st optimization iteration.
    Completing 10% with 96531 violations.
    elapsed time = 00:00:39, memory = 3818.91 (MB).
    Completing 20% with 96531 violations.
    elapsed time = 00:01:21, memory = 2972.09 (MB).
    Completing 30% with 86005 violations.
    elapsed time = 00:02:10, memory = 4318.92 (MB).
    Completing 40% with 86005 violations.
    elapsed time = 00:02:51, memory = 2850.50 (MB).
    Completing 50% with 86005 violations.
    elapsed time = 00:03:33, memory = 1244.20 (MB).
    Completing 60% with 75275 violations.
    elapsed time = 00:04:18, memory = 4183.36 (MB).
    Completing 70% with 75275 violations.
    elapsed time = 00:04:57, memory = 2849.62 (MB).
    Completing 80% with 63841 violations.
    elapsed time = 00:05:53, memory = 4136.36 (MB).
    Completing 90% with 63841 violations.
    elapsed time = 00:06:35, memory = 3408.03 (MB).
    Completing 100% with 52756 violations.
    elapsed time = 00:07:19, memory = 5416.30 (MB).
[INFO DRT-0199]   Number of violations = 52756.
Viol/Layer         li1   mcon   met1    via   met2   met3   met4   met5
Cut Spacing          0    188      0      0      0      0      0      0
Metal Spacing        0      0  12726      0   1705    341     21     17
Min Hole             0      0      3      0      0      0      0      0
NS Metal             0      0      1      0      0      0      0      0
Recheck              1      0      2      0      0      0      0      0
Short                0      0  34160      1   3381    175     30      4
[INFO DRT-0267] cpu time = 00:54:42, elapsed time = 00:07:22, memory = 5671.28 (MB), peak = 5788.36 (MB)
Total wire length = 6797776 um.
Total wire length on LAYER li1 = 0 um.
Total wire length on LAYER met1 = 2485170 um.
Total wire length on LAYER met2 = 2910702 um.
Total wire length on LAYER met3 = 992514 um.
Total wire length on LAYER met4 = 386600 um.
Total wire length on LAYER met5 = 22788 um.
Total number of vias = 1032239.
Up-via summary (total 1032239):

--------------------------
 FR_MASTERSLICE          0
            li1     443341
           met1     530861
           met2      45132
           met3      12130
           met4        775
--------------------------
               1032239


[INFO DRT-0195] Start 2nd optimization iteration.
    Completing 10% with 52756 violations.
    elapsed time = 00:00:37, memory = 3644.12 (MB).
    Completing 20% with 52756 violations.
    elapsed time = 00:01:13, memory = 2954.97 (MB).
    Completing 30% with 51727 violations.
    elapsed time = 00:01:56, memory = 4238.55 (MB).
    Completing 40% with 51727 violations.
    elapsed time = 00:02:38, memory = 3867.34 (MB).
    Completing 50% with 51727 violations.
    elapsed time = 00:03:20, memory = 1945.94 (MB).
    Completing 60% with 50575 violations.
    elapsed time = 00:04:03, memory = 3994.06 (MB).
    Completing 70% with 50575 violations.
    elapsed time = 00:04:42, memory = 2716.97 (MB).
    Completing 80% with 49073 violations.
    elapsed time = 00:05:30, memory = 4404.38 (MB).
    Completing 90% with 49073 violations.
    elapsed time = 00:06:10, memory = 3181.89 (MB).
    Completing 100% with 48117 violations.
    elapsed time = 00:06:58, memory = 5114.66 (MB).
[INFO DRT-0199]   Number of violations = 48124.
Viol/Layer        mcon   met1    via   met2   via2   met3   met4   met5
Cut Spacing        159      0      4      0      1      0      0      0
Metal Spacing        0  11798      0   1575      0    306     10     31
Min Hole             0      6      0      1      0      0      0      0
Recheck              0      5      0      2      0      0      0      0
Short                0  30857      0   3123      0    210     28      8
[INFO DRT-0267] cpu time = 00:52:10, elapsed time = 00:07:01, memory = 4820.11 (MB), peak = 5807.84 (MB)
Total wire length = 6784810 um.
Total wire length on LAYER li1 = 0 um.
Total wire length on LAYER met1 = 2477808 um.
Total wire length on LAYER met2 = 2907810 um.
Total wire length on LAYER met3 = 990928 um.
Total wire length on LAYER met4 = 385319 um.
Total wire length on LAYER met5 = 22943 um.
Total number of vias = 1027126.
Up-via summary (total 1027126):

--------------------------
 FR_MASTERSLICE          0
            li1     443383
           met1     526353
           met2      44631
           met3      11981
           met4        778
--------------------------
               1027126


[INFO DRT-0195] Start 3rd optimization iteration.
    Completing 10% with 48124 violations.
    elapsed time = 00:00:37, memory = 2874.84 (MB).
    Completing 20% with 48124 violations.
    elapsed time = 00:01:14, memory = 2825.16 (MB).
    Completing 30% with 37783 violations.
    elapsed time = 00:02:00, memory = 4041.19 (MB).
    Completing 40% with 37783 violations.
    elapsed time = 00:02:31, memory = 3386.77 (MB).
    Completing 50% with 37783 violations.
    elapsed time = 00:03:12, memory = 1425.06 (MB).
    Completing 60% with 27447 violations.
    elapsed time = 00:03:47, memory = 3318.36 (MB).
    Completing 70% with 27447 violations.
    elapsed time = 00:04:19, memory = 2294.27 (MB).
    Completing 80% with 16781 violations.
    elapsed time = 00:05:01, memory = 4367.62 (MB).
    Completing 90% with 16781 violations.
    elapsed time = 00:05:37, memory = 3507.86 (MB).
    Completing 100% with 7296 violations.
    elapsed time = 00:06:16, memory = 4755.00 (MB).
[INFO DRT-0199]   Number of violations = 7296.
Viol/Layer        mcon   met1    via   met2   met3   met4   met5
Cut Spacing         30      0      8      0      0      0      0
Metal Spacing        0   2397      0    395     47      1      9
Min Hole             0      8      0      0      0      0      0
NS Metal             0      4      0      0      0      0      0
Short                0   4064      2    298     28      1      4
[INFO DRT-0267] cpu time = 00:45:43, elapsed time = 00:06:18, memory = 4827.14 (MB), peak = 5807.84 (MB)
Total wire length = 6784341 um.
Total wire length on LAYER li1 = 0 um.
Total wire length on LAYER met1 = 2381631 um.
Total wire length on LAYER met2 = 2906968 um.
Total wire length on LAYER met3 = 1080213 um.
Total wire length on LAYER met4 = 392863 um.
Total wire length on LAYER met5 = 22664 um.
Total number of vias = 1047726.
Up-via summary (total 1047726):

--------------------------
 FR_MASTERSLICE          0
            li1     443350
           met1     532467
           met2      58535
           met3      12637
           met4        737
--------------------------
               1047726


[INFO DRT-0195] Start 4th optimization iteration.
    Completing 10% with 7296 violations.
    elapsed time = 00:00:05, memory = 4740.59 (MB).
    Completing 20% with 7296 violations.
    elapsed time = 00:00:14, memory = 4008.56 (MB).
    Completing 30% with 5695 violations.
    elapsed time = 00:00:24, memory = 3782.03 (MB).
    Completing 40% with 5695 violations.
    elapsed time = 00:00:29, memory = 3988.56 (MB).
    Completing 50% with 5695 violations.
    elapsed time = 00:00:38, memory = 3786.22 (MB).
    Completing 60% with 4054 violations.
    elapsed time = 00:00:43, memory = 3801.88 (MB).
    Completing 70% with 4054 violations.
    elapsed time = 00:00:52, memory = 3403.11 (MB).
    Completing 80% with 2416 violations.
    elapsed time = 00:00:59, memory = 3706.95 (MB).
    Completing 90% with 2416 violations.
    elapsed time = 00:01:05, memory = 3636.33 (MB).
    Completing 100% with 902 violations.
    elapsed time = 00:01:20, memory = 3724.64 (MB).
[INFO DRT-0199]   Number of violations = 902.
Viol/Layer        mcon   met1   met2   met3   met5
Cut Spacing         10      0      0      0      0
Metal Spacing        0    345     39      3      1
Short                0    477     27      0      0
[INFO DRT-0267] cpu time = 00:09:28, elapsed time = 00:01:21, memory = 4007.12 (MB), peak = 5807.84 (MB)
Total wire length = 6784238 um.
Total wire length on LAYER li1 = 0 um.
Total wire length on LAYER met1 = 2376210 um.
Total wire length on LAYER met2 = 2906454 um.
Total wire length on LAYER met3 = 1085124 um.
Total wire length on LAYER met4 = 393753 um.
Total wire length on LAYER met5 = 22694 um.
Total number of vias = 1048383.
Up-via summary (total 1048383):

--------------------------
 FR_MASTERSLICE          0
            li1     443339
           met1     532487
           met2      59108
           met3      12715
           met4        734
--------------------------
               1048383


[INFO DRT-0195] Start 5th optimization iteration.
    Completing 10% with 902 violations.
    elapsed time = 00:00:00, memory = 4057.52 (MB).
    Completing 20% with 902 violations.
    elapsed time = 00:00:02, memory = 4078.34 (MB).
    Completing 30% with 637 violations.
    elapsed time = 00:00:06, memory = 4073.66 (MB).
    Completing 40% with 637 violations.
    elapsed time = 00:00:07, memory = 4071.91 (MB).
    Completing 50% with 637 violations.
    elapsed time = 00:00:09, memory = 4069.34 (MB).
    Completing 60% with 486 violations.
    elapsed time = 00:00:09, memory = 4070.22 (MB).
    Completing 70% with 486 violations.
    elapsed time = 00:00:11, memory = 4072.98 (MB).
    Completing 80% with 384 violations.
    elapsed time = 00:00:17, memory = 3989.22 (MB).
    Completing 90% with 384 violations.
    elapsed time = 00:00:18, memory = 3991.92 (MB).
    Completing 100% with 204 violations.
    elapsed time = 00:00:24, memory = 3469.33 (MB).
[INFO DRT-0199]   Number of violations = 204.
Viol/Layer        met1   met2
Metal Spacing      123     12
Short               67      2
[INFO DRT-0267] cpu time = 00:01:56, elapsed time = 00:00:24, memory = 3480.42 (MB), peak = 5807.84 (MB)
Total wire length = 6784193 um.
Total wire length on LAYER li1 = 0 um.
Total wire length on LAYER met1 = 2375557 um.
Total wire length on LAYER met2 = 2906342 um.
Total wire length on LAYER met3 = 1085713 um.
Total wire length on LAYER met4 = 393891 um.
Total wire length on LAYER met5 = 22688 um.
Total number of vias = 1048469.
Up-via summary (total 1048469):

--------------------------
 FR_MASTERSLICE          0
            li1     443340
           met1     532523
           met2      59160
           met3      12712
           met4        734
--------------------------
               1048469


[INFO DRT-0195] Start 6th optimization iteration.
    Completing 10% with 204 violations.
    elapsed time = 00:00:00, memory = 3481.23 (MB).
    Completing 20% with 204 violations.
    elapsed time = 00:00:00, memory = 3482.19 (MB).
    Completing 30% with 182 violations.
    elapsed time = 00:00:04, memory = 3410.22 (MB).
    Completing 40% with 182 violations.
    elapsed time = 00:00:04, memory = 3411.20 (MB).
    Completing 50% with 182 violations.
    elapsed time = 00:00:06, memory = 3411.34 (MB).
    Completing 60% with 140 violations.
    elapsed time = 00:00:06, memory = 3411.50 (MB).
    Completing 70% with 140 violations.
    elapsed time = 00:00:06, memory = 3411.50 (MB).
    Completing 80% with 120 violations.
    elapsed time = 00:00:10, memory = 3411.19 (MB).
    Completing 90% with 120 violations.
    elapsed time = 00:00:10, memory = 3411.19 (MB).
    Completing 100% with 82 violations.
    elapsed time = 00:00:15, memory = 3340.72 (MB).
[INFO DRT-0199]   Number of violations = 82.
Viol/Layer        met1   met2
Metal Spacing       50      3
Short               29      0
[INFO DRT-0267] cpu time = 00:00:46, elapsed time = 00:00:15, memory = 3340.78 (MB), peak = 5807.84 (MB)
Total wire length = 6784248 um.
Total wire length on LAYER li1 = 0 um.
Total wire length on LAYER met1 = 2375597 um.
Total wire length on LAYER met2 = 2906374 um.
Total wire length on LAYER met3 = 1085684 um.
Total wire length on LAYER met4 = 393904 um.
Total wire length on LAYER met5 = 22688 um.
Total number of vias = 1048475.
Up-via summary (total 1048475):

--------------------------
 FR_MASTERSLICE          0
            li1     443340
           met1     532539
           met2      59150
           met3      12712
           met4        734
--------------------------
               1048475


[INFO DRT-0195] Start 7th guides tiles iteration.
    Completing 10% with 82 violations.
    elapsed time = 00:00:00, memory = 3336.81 (MB).
    Completing 20% with 82 violations.
    elapsed time = 00:00:00, memory = 3337.52 (MB).
    Completing 30% with 82 violations.
    elapsed time = 00:00:00, memory = 3337.56 (MB).
    Completing 40% with 82 violations.
    elapsed time = 00:00:00, memory = 3337.58 (MB).
    Completing 50% with 82 violations.
    elapsed time = 00:00:04, memory = 3326.11 (MB).
    Completing 60% with 32 violations.
    elapsed time = 00:00:04, memory = 3326.22 (MB).
    Completing 70% with 32 violations.
    elapsed time = 00:00:04, memory = 3326.22 (MB).
    Completing 80% with 32 violations.
    elapsed time = 00:00:04, memory = 3326.22 (MB).
    Completing 90% with 32 violations.
    elapsed time = 00:00:04, memory = 3309.12 (MB).
    Completing 100% with 17 violations.
    elapsed time = 00:00:07, memory = 3061.39 (MB).
[INFO DRT-0199]   Number of violations = 17.
Viol/Layer        met1
Metal Spacing       13
Short                4
[INFO DRT-0267] cpu time = 00:00:11, elapsed time = 00:00:07, memory = 3061.62 (MB), peak = 5807.84 (MB)
Total wire length = 6784224 um.
Total wire length on LAYER li1 = 0 um.
Total wire length on LAYER met1 = 2375592 um.
Total wire length on LAYER met2 = 2906371 um.
Total wire length on LAYER met3 = 1085662 um.
Total wire length on LAYER met4 = 393909 um.
Total wire length on LAYER met5 = 22688 um.
Total number of vias = 1048500.
Up-via summary (total 1048500):

--------------------------
 FR_MASTERSLICE          0
            li1     443340
           met1     532559
           met2      59153
           met3      12714
           met4        734
--------------------------
               1048500


[INFO DRT-0195] Start 8th guides tiles iteration.
    Completing 10% with 17 violations.
    elapsed time = 00:00:00, memory = 3061.77 (MB).
    Completing 20% with 17 violations.
    elapsed time = 00:00:00, memory = 3061.77 (MB).
    Completing 40% with 17 violations.
    elapsed time = 00:00:00, memory = 3031.03 (MB).
    Completing 50% with 17 violations.
    elapsed time = 00:00:01, memory = 2913.91 (MB).
    Completing 70% with 14 violations.
    elapsed time = 00:00:01, memory = 2914.05 (MB).
    Completing 80% with 14 violations.
    elapsed time = 00:00:01, memory = 2914.08 (MB).
    Completing 100% with 8 violations.
    elapsed time = 00:00:01, memory = 2914.09 (MB).
[INFO DRT-0199]   Number of violations = 8.
Viol/Layer        met1
Metal Spacing        3
Short                5
[INFO DRT-0267] cpu time = 00:00:01, elapsed time = 00:00:01, memory = 2914.17 (MB), peak = 5807.84 (MB)
Total wire length = 6784225 um.
Total wire length on LAYER li1 = 0 um.
Total wire length on LAYER met1 = 2375561 um.
Total wire length on LAYER met2 = 2906377 um.
Total wire length on LAYER met3 = 1085691 um.
Total wire length on LAYER met4 = 393907 um.
Total wire length on LAYER met5 = 22688 um.
Total number of vias = 1048500.
Up-via summary (total 1048500):

--------------------------
 FR_MASTERSLICE          0
            li1     443340
           met1     532558
           met2      59154
           met3      12714
           met4        734
--------------------------
               1048500


[INFO DRT-0195] Start 9th guides tiles iteration.
    Completing 30% with 8 violations.
    elapsed time = 00:00:00, memory = 2914.17 (MB).
    Completing 60% with 8 violations.
    elapsed time = 00:00:00, memory = 2914.17 (MB).
    Completing 100% with 6 violations.
    elapsed time = 00:00:00, memory = 2914.17 (MB).
[INFO DRT-0199]   Number of violations = 6.
Viol/Layer        met1
Metal Spacing        1
Short                5
[INFO DRT-0267] cpu time = 00:00:00, elapsed time = 00:00:00, memory = 2914.17 (MB), peak = 5807.84 (MB)
Total wire length = 6784224 um.
Total wire length on LAYER li1 = 0 um.
Total wire length on LAYER met1 = 2375560 um.
Total wire length on LAYER met2 = 2906377 um.
Total wire length on LAYER met3 = 1085691 um.
Total wire length on LAYER met4 = 393907 um.
Total wire length on LAYER met5 = 22688 um.
Total number of vias = 1048500.
Up-via summary (total 1048500):

--------------------------
 FR_MASTERSLICE          0
            li1     443340
           met1     532558
           met2      59154
           met3      12714
           met4        734
--------------------------
               1048500


[INFO DRT-0195] Start 10th guides tiles iteration.
    Completing 50% with 6 violations.
    elapsed time = 00:00:00, memory = 2914.19 (MB).
    Completing 100% with 0 violations.
    elapsed time = 00:00:00, memory = 2914.19 (MB).
[INFO DRT-0199]   Number of violations = 0.
[INFO DRT-0267] cpu time = 00:00:00, elapsed time = 00:00:00, memory = 2914.19 (MB), peak = 5807.84 (MB)
Total wire length = 6784220 um.
Total wire length on LAYER li1 = 0 um.
Total wire length on LAYER met1 = 2375558 um.
Total wire length on LAYER met2 = 2906376 um.
Total wire length on LAYER met3 = 1085689 um.
Total wire length on LAYER met4 = 393907 um.
Total wire length on LAYER met5 = 22688 um.
Total number of vias = 1048499.
Up-via summary (total 1048499):

--------------------------
 FR_MASTERSLICE          0
            li1     443340
           met1     532557
           met2      59154
           met3      12714
           met4        734
--------------------------
               1048499


[INFO DRT-0198] Complete detail routing.
Total wire length = 6784220 um.
Total wire length on LAYER li1 = 0 um.
Total wire length on LAYER met1 = 2375558 um.
Total wire length on LAYER met2 = 2906376 um.
Total wire length on LAYER met3 = 1085689 um.
Total wire length on LAYER met4 = 393907 um.
Total wire length on LAYER met5 = 22688 um.
Total number of vias = 1048499.
Up-via summary (total 1048499):

--------------------------
 FR_MASTERSLICE          0
            li1     443340
           met1     532557
           met2      59154
           met3      12714
           met4        734
--------------------------
               1048499


[INFO DRT-0267] cpu time = 03:42:30, elapsed time = 00:30:29, memory = 2890.00 (MB), peak = 5807.84 (MB)

[INFO DRT-0180] Post processing.
[INFO DRT-0501] Runtime: 2233.74s
Took 2234 seconds: detailed_route -output_drc /Users/shubhanshu/Desktop/Nebula/digital/artifacts/model_ppa_20260912/pnr_gemini_flash/reports/sky130hd/nebula_bench/gemini_flash/5_route_drc.rpt -output_maze /Users/shubhanshu/Desktop/Nebula/digital/artifacts/model_ppa_20260912/pnr_gemini_flash/results/sky130hd/nebula_bench/gemini_flash/maze.log -droute_end_iter 64 -verbose 1 -drc_report_iter_step 5
[INFO GRT-0012] Found 270 antenna violations.
[WARNING GRT-0243] Unable to repair antennas on net with diodes.
[INFO DPL-0006] Core area: 3527558.21 um^2
[INFO DPL-0007] Movable instances area: 87.58 um^2
[INFO DPL-0008] Fixed instances area within core: 1743769.91 um^2
[INFO DPL-0009] Utilization: 49.4%
[INFO DPL-0005] Diamond search max displacement: +/- 500 sites horizontally, +/- 100 rows vertically.
[INFO DPL-1102] Legalizing using negotiation legalizer.
[INFO DPL-1103] Negotiation base search window: +/-20 sites horizontally, +/-5 rows vertically 
	Automatic search window extension enabled.
	Search window extendable up to the max displacement cap of +/-500 sites, +/-100 rows near walls.
[INFO DPL-1104] NegotiationLegalizer DRC penalty: 5.
[INFO DPL-0392] Negotiation cell height distribution (1 unique row-count(s)):
[INFO DPL-0393]   height 1 row(s): 170935 cells
          |      Total |  Illegal |  Illegal
Iteration | Violations |    Cells |    Sites
---------------------------------------------
        0 |         12 |         4 |         8
        1 |          0 |         0 |         0
Negotiation phase 1 converged at iteration 1.
[INFO DPL-0500] Runtime: 0.69s
[INFO GRT-0015] Inserted 535 diodes.
[INFO DRT-0018]   Complete 100000 insts.
[INFO DRT-0024]   Complete FR_MASTERSLICE.
[INFO DRT-0024]   Complete Fr_VIA.
[INFO DRT-0024]   Complete li1.
[INFO DRT-0024]   Complete mcon.
[INFO DRT-0024]   Complete met1.
[INFO DRT-0024]   Complete via.
[INFO DRT-0024]   Complete met2.
[INFO DRT-0024]   Complete via2.
[INFO DRT-0024]   Complete met3.
[INFO DRT-0024]   Complete via3.
[INFO DRT-0024]   Complete met4.
[INFO DRT-0024]   Complete via4.
[INFO DRT-0024]   Complete met5.
[INFO DRT-0165] Start pin access.
[INFO DRT-0076]   Complete 1000 pins.
[INFO DRT-0076]   Complete 2000 pins.
[INFO DRT-0076]   Complete 3000 pins.
[INFO DRT-0078]   Complete 3371 pins.
[INFO DRT-0079]   Complete 100 unique inst patterns.
[INFO DRT-0079]   Complete 200 unique inst patterns.
[INFO DRT-0079]   Complete 300 unique inst patterns.
[INFO DRT-0079]   Complete 400 unique inst patterns.
[INFO DRT-0081]   Complete 409 unique inst patterns.
[INFO DRT-0082]   Complete 10000 groups.
[INFO DRT-0082]   Complete 20000 groups.
[INFO DRT-0082]   Complete 30000 groups.
[INFO DRT-0082]   Complete 40000 groups.
[INFO DRT-0082]   Complete 50000 groups.
[INFO DRT-0082]   Complete 60000 groups.
[INFO DRT-0082]   Complete 70000 groups.
[INFO DRT-0082]   Complete 80000 groups.
[INFO DRT-0082]   Complete 90000 groups.
[INFO DRT-0084]   Complete 92979 groups.
#scanned instances     = 170935
#unique  instances     = 409
#stdCellGenAp          = 13921
#stdCellValidPlanarAp  = 148
#stdCellValidViaAp     = 9893
#stdCellPinNoAp        = 10
#stdCellPinCnt         = 442266
#instTermValidViaApCnt = 0
#macroGenAp            = 0
#macroValidPlanarAp    = 0
#macroValidViaAp       = 0
#macroNoAp             = 0
[INFO DRT-0166] Complete pin access.
[INFO DRT-0267] cpu time = 00:35:12, elapsed time = 00:04:31, memory = 1003.77 (MB), peak = 5807.84 (MB)
[INFO DRT-0156] guideIn read 100000 guides.
[INFO DRT-0156] guideIn read 200000 guides.
[INFO DRT-0156] guideIn read 300000 guides.
[INFO DRT-0156] guideIn read 400000 guides.
[INFO DRT-0156] guideIn read 500000 guides.
[INFO DRT-0156] guideIn read 600000 guides.
[INFO DRT-0156] guideIn read 700000 guides.
[INFO DRT-0156] guideIn read 800000 guides.
[INFO DRT-0156] guideIn read 900000 guides.
[INFO DRT-0156] guideIn read 1000000 guides.

[INFO DRT-0157] Number of guides:     1168491

[INFO DRT-0169] Post process guides.
[INFO DRT-0176] GCELLGRID X 0 DO 275 STEP 6900 ;
[INFO DRT-0177] GCELLGRID Y 0 DO 275 STEP 6900 ;
[INFO DRT-0026]   Complete 100000 origin guides.
[INFO DRT-0026]   Complete 200000 origin guides.
[INFO DRT-0026]   Complete 300000 origin guides.
[INFO DRT-0026]   Complete 400000 origin guides.
[INFO DRT-0026]   Complete 500000 origin guides.
[INFO DRT-0026]   Complete 600000 origin guides.
[INFO DRT-0026]   Complete 700000 origin guides.
[INFO DRT-0026]   Complete 800000 origin guides.
[INFO DRT-0026]   Complete 900000 origin guides.
[INFO DRT-0027]   Complete 1000000 origin guides.
[INFO DRT-0028]   Complete FR_MASTERSLICE.
[INFO DRT-0028]   Complete Fr_VIA.
[INFO DRT-0028]   Complete li1.
[INFO DRT-0028]   Complete mcon.
[INFO DRT-0028]   Complete met1.
[INFO DRT-0028]   Complete via.
[INFO DRT-0028]   Complete met2.
[INFO DRT-0028]   Complete via2.
[INFO DRT-0028]   Complete met3.
[INFO DRT-0028]   Complete via3.
[INFO DRT-0028]   Complete met4.
[INFO DRT-0028]   Complete via4.
[INFO DRT-0028]   Complete met5.
  complete 100000 nets.
[INFO DRT-0178] Init guide query.
[INFO DRT-0029]   Complete 100000 nets (guide).
[INFO DRT-0035]   Complete FR_MASTERSLICE (guide).
[INFO DRT-0035]   Complete Fr_VIA (guide).
[INFO DRT-0035]   Complete li1 (guide).
[INFO DRT-0035]   Complete mcon (guide).
[INFO DRT-0035]   Complete met1 (guide).
[INFO DRT-0035]   Complete via (guide).
[INFO DRT-0035]   Complete met2 (guide).
[INFO DRT-0035]   Complete via2 (guide).
[INFO DRT-0035]   Complete met3 (guide).
[INFO DRT-0035]   Complete via3 (guide).
[INFO DRT-0035]   Complete met4 (guide).
[INFO DRT-0035]   Complete via4 (guide).
[INFO DRT-0035]   Complete met5 (guide).
[INFO DRT-0036] FR_MASTERSLICE guide region query size = 0.
[INFO DRT-0036] FR_VIA guide region query size = 0.
[INFO DRT-0036] li1 guide region query size = 375963.
[INFO DRT-0036] mcon guide region query size = 0.
[INFO DRT-0036] met1 guide region query size = 342888.
[INFO DRT-0036] via guide region query size = 0.
[INFO DRT-0036] met2 guide region query size = 197311.
[INFO DRT-0036] via2 guide region query size = 0.
[INFO DRT-0036] met3 guide region query size = 26639.
[INFO DRT-0036] via3 guide region query size = 0.
[INFO DRT-0036] met4 guide region query size = 7546.
[INFO DRT-0036] via4 guide region query size = 0.
[INFO DRT-0036] met5 guide region query size = 360.
[INFO DRT-0179] Init gr pin query.
[INFO DRT-0267] cpu time = 00:00:04, elapsed time = 00:00:01, memory = 1496.52 (MB), peak = 5807.84 (MB)
[INFO DRT-0245] skipped writing guide updates to database.
[INFO DRT-0181] Start track assignment.
[INFO DRT-0184] Done with 580820 vertical wires in 6 frboxes and 369887 horizontal wires in 6 frboxes.
[INFO DRT-0186] Done with 68976 vertical wires in 6 frboxes and 112532 horizontal wires in 6 frboxes.
[INFO DRT-0182] Complete track assignment.
[INFO DRT-0267] cpu time = 00:00:58, elapsed time = 00:00:12, memory = 3335.95 (MB), peak = 5807.84 (MB)
[INFO DRT-0187] Start routing data preparation.
[INFO DRT-0267] cpu time = 00:00:01, elapsed time = 00:00:01, memory = 3571.09 (MB), peak = 5807.84 (MB)
[INFO DRT-0194] Start detail routing.
[INFO DRT-0195] Start 0th optimization iteration.
    Completing 10% with 0 violations.
    elapsed time = 00:00:15, memory = 4018.02 (MB).
    Completing 20% with 0 violations.
    elapsed time = 00:00:27, memory = 2797.23 (MB).
    Completing 30% with 5437 violations.
    elapsed time = 00:00:46, memory = 4191.53 (MB).
    Completing 40% with 5437 violations.
    elapsed time = 00:00:58, memory = 3750.97 (MB).
    Completing 50% with 5437 violations.
    elapsed time = 00:01:12, memory = 2649.20 (MB).
    Completing 60% with 9979 violations.
    elapsed time = 00:01:30, memory = 3162.64 (MB).
    Completing 70% with 9979 violations.
    elapsed time = 00:01:43, memory = 2772.53 (MB).
    Completing 80% with 14179 violations.
    elapsed time = 00:02:03, memory = 4352.02 (MB).
    Completing 90% with 14179 violations.
    elapsed time = 00:02:12, memory = 3967.78 (MB).
    Completing 100% with 17574 violations.
    elapsed time = 00:02:33, memory = 4828.17 (MB).
[INFO DRT-0199]   Number of violations = 19729.
Viol/Layer         li1   mcon   met1    via   met2   via2   met3   met4   met5
Cut Spacing          0      5      0      2      0      0      0      0      0
Metal Spacing        0      0   1411      0   1016      0    300     18      4
Min Hole             0      0      2      0      0      0      0      0      0
NS Metal             0      0      1      0      0      0      0      0      0
Recheck              3      0    767      0    946      0    390     49      0
Short                0      0   7571      5   6086      1   1090     61      1
[INFO DRT-0267] cpu time = 00:17:38, elapsed time = 00:02:33, memory = 4946.42 (MB), peak = 5807.84 (MB)
Total wire length = 6791773 um.
Total wire length on LAYER li1 = 0 um.
Total wire length on LAYER met1 = 2396938 um.
Total wire length on LAYER met2 = 2930331 um.
Total wire length on LAYER met3 = 1070078 um.
Total wire length on LAYER met4 = 374330 um.
Total wire length on LAYER met5 = 20095 um.
Total number of vias = 1049223.
Up-via summary (total 1049223):

--------------------------
 FR_MASTERSLICE          0
            li1     444026
           met1     534549
           met2      57924
           met3      12077
           met4        647
--------------------------
               1049223


[INFO DRT-0195] Start 1st optimization iteration.
    Completing 10% with 19729 violations.
    elapsed time = 00:00:11, memory = 4170.53 (MB).
    Completing 20% with 19729 violations.
    elapsed time = 00:00:22, memory = 3840.09 (MB).
    Completing 30% with 17073 violations.
    elapsed time = 00:00:39, memory = 4647.36 (MB).
    Completing 40% with 17073 violations.
    elapsed time = 00:00:51, memory = 2936.91 (MB).
    Completing 50% with 17073 violations.
    elapsed time = 00:01:04, memory = 2352.69 (MB).
    Completing 60% with 14240 violations.
    elapsed time = 00:01:20, memory = 4532.23 (MB).
    Completing 70% with 14240 violations.
    elapsed time = 00:01:30, memory = 3996.06 (MB).
    Completing 80% with 11408 violations.
    elapsed time = 00:01:48, memory = 4118.22 (MB).
    Completing 90% with 11408 violations.
    elapsed time = 00:01:57, memory = 3828.66 (MB).
    Completing 100% with 8452 violations.
    elapsed time = 00:02:14, memory = 4584.56 (MB).
[INFO DRT-0199]   Number of violations = 8452.
Viol/Layer        mcon   met1    via   met2   met3   met4   met5
Cut Spacing          4      0      0      0      0      0      0
Metal Spacing        0    844      0    749    153      0     18
Min Hole             0      1      0      0      0      0      0
Short                0   4374      2   1951    323     19     14
[INFO DRT-0267] cpu time = 00:15:16, elapsed time = 00:02:14, memory = 4769.30 (MB), peak = 5807.84 (MB)
Total wire length = 6788075 um.
Total wire length on LAYER li1 = 0 um.
Total wire length on LAYER met1 = 2395709 um.
Total wire length on LAYER met2 = 2928240 um.
Total wire length on LAYER met3 = 1069704 um.
Total wire length on LAYER met4 = 374308 um.
Total wire length on LAYER met5 = 20112 um.
Total number of vias = 1048527.
Up-via summary (total 1048527):

--------------------------
 FR_MASTERSLICE          0
            li1     444037
           met1     533776
           met2      58017
           met3      12050
           met4        647
--------------------------
               1048527


[INFO DRT-0195] Start 2nd optimization iteration.
    Completing 10% with 8452 violations.
    elapsed time = 00:00:05, memory = 4700.53 (MB).
    Completing 20% with 8452 violations.
    elapsed time = 00:00:10, memory = 4522.73 (MB).
    Completing 30% with 8283 violations.
    elapsed time = 00:00:16, memory = 4573.84 (MB).
    Completing 40% with 8283 violations.
    elapsed time = 00:00:23, memory = 4232.12 (MB).
    Completing 50% with 8283 violations.
    elapsed time = 00:00:29, memory = 3833.14 (MB).
    Completing 60% with 8030 violations.
    elapsed time = 00:00:34, memory = 3839.73 (MB).
    Completing 70% with 8030 violations.
    elapsed time = 00:00:40, memory = 3926.22 (MB).
    Completing 80% with 7710 violations.
    elapsed time = 00:00:47, memory = 3971.03 (MB).
    Completing 90% with 7710 violations.
    elapsed time = 00:00:54, memory = 4030.69 (MB).
    Completing 100% with 7261 violations.
    elapsed time = 00:01:01, memory = 4241.42 (MB).
[INFO DRT-0199]   Number of violations = 7261.
Viol/Layer        mcon   met1   met2   met3   met4   met5
Cut Spacing          6      0      0      0      0      0
Metal Spacing        0    724    559    128      2     29
Min Hole             0      1      0      0      0      0
NS Metal             0      1      0      0      0      0
Short                0   3802   1741    251      9      8
[INFO DRT-0267] cpu time = 00:07:27, elapsed time = 00:01:01, memory = 4457.34 (MB), peak = 5807.84 (MB)
Total wire length = 6787148 um.
Total wire length on LAYER li1 = 0 um.
Total wire length on LAYER met1 = 2395361 um.
Total wire length on LAYER met2 = 2927619 um.
Total wire length on LAYER met3 = 1069710 um.
Total wire length on LAYER met4 = 374344 um.
Total wire length on LAYER met5 = 20113 um.
Total number of vias = 1048184.
Up-via summary (total 1048184):

--------------------------
 FR_MASTERSLICE          0
            li1     444041
           met1     533466
           met2      57977
           met3      12053
           met4        647
--------------------------
               1048184


[INFO DRT-0195] Start 3rd optimization iteration.
    Completing 10% with 7261 violations.
    elapsed time = 00:00:06, memory = 4431.91 (MB).
    Completing 20% with 7261 violations.
    elapsed time = 00:00:14, memory = 4292.70 (MB).
    Completing 30% with 5633 violations.
    elapsed time = 00:00:25, memory = 4195.72 (MB).
    Completing 40% with 5633 violations.
    elapsed time = 00:00:34, memory = 3409.55 (MB).
    Completing 50% with 5633 violations.
    elapsed time = 00:00:46, memory = 3387.52 (MB).
    Completing 60% with 3996 violations.
    elapsed time = 00:00:55, memory = 3531.22 (MB).
    Completing 70% with 3996 violations.
    elapsed time = 00:01:01, memory = 3649.88 (MB).
    Completing 80% with 2442 violations.
    elapsed time = 00:01:12, memory = 3603.25 (MB).
    Completing 90% with 2442 violations.
    elapsed time = 00:01:20, memory = 3740.23 (MB).
    Completing 100% with 1057 violations.
    elapsed time = 00:01:32, memory = 3693.95 (MB).
[INFO DRT-0199]   Number of violations = 1057.
Viol/Layer        mcon   met1    via   met2   met3   met4   met5
Cut Spacing          4      0      1      0      0      0      0
Metal Spacing        0    253      0     78      8      4      0
Min Hole             0      2      0      0      0      0      0
NS Metal             0      1      0      0      0      0      0
Short                0    581      0    114     10      0      1
[INFO DRT-0267] cpu time = 00:10:08, elapsed time = 00:01:32, memory = 3887.17 (MB), peak = 5807.84 (MB)
Total wire length = 6787488 um.
Total wire length on LAYER li1 = 0 um.
Total wire length on LAYER met1 = 2384849 um.
Total wire length on LAYER met2 = 2922852 um.
Total wire length on LAYER met3 = 1080052 um.
Total wire length on LAYER met4 = 379617 um.
Total wire length on LAYER met5 = 20117 um.
Total number of vias = 1051800.
Up-via summary (total 1051800):

--------------------------
 FR_MASTERSLICE          0
            li1     444032
           met1     534720
           met2      59964
           met3      12449
           met4        635
--------------------------
               1051800


[INFO DRT-0195] Start 4th optimization iteration.
    Completing 10% with 1057 violations.
    elapsed time = 00:00:00, memory = 3928.97 (MB).
    Completing 20% with 1057 violations.
    elapsed time = 00:00:01, memory = 3776.88 (MB).
    Completing 30% with 869 violations.
    elapsed time = 00:00:03, memory = 3820.12 (MB).
    Completing 40% with 869 violations.
    elapsed time = 00:00:04, memory = 3757.44 (MB).
    Completing 50% with 869 violations.
    elapsed time = 00:00:09, memory = 3524.31 (MB).
    Completing 60% with 653 violations.
    elapsed time = 00:00:10, memory = 3696.30 (MB).
    Completing 70% with 653 violations.
    elapsed time = 00:00:11, memory = 3718.42 (MB).
    Completing 80% with 445 violations.
    elapsed time = 00:00:17, memory = 3627.95 (MB).
    Completing 90% with 445 violations.
    elapsed time = 00:00:17, memory = 3631.41 (MB).
    Completing 100% with 102 violations.
    elapsed time = 00:00:25, memory = 3494.36 (MB).
[INFO DRT-0199]   Number of violations = 102.
Viol/Layer        met1   met2
Metal Spacing       43      1
Min Hole             1      0
NS Metal             1      0
Short               56      0
[INFO DRT-0267] cpu time = 00:01:37, elapsed time = 00:00:25, memory = 3446.45 (MB), peak = 5807.84 (MB)
Total wire length = 6787299 um.
Total wire length on LAYER li1 = 0 um.
Total wire length on LAYER met1 = 2383731 um.
Total wire length on LAYER met2 = 2922493 um.
Total wire length on LAYER met3 = 1081029 um.
Total wire length on LAYER met4 = 379929 um.
Total wire length on LAYER met5 = 20116 um.
Total number of vias = 1052000.
Up-via summary (total 1052000):

--------------------------
 FR_MASTERSLICE          0
            li1     444029
           met1     534793
           met2      60074
           met3      12471
           met4        633
--------------------------
               1052000


[INFO DRT-0195] Start 5th optimization iteration.
    Completing 10% with 102 violations.
    elapsed time = 00:00:00, memory = 3402.59 (MB).
    Completing 20% with 102 violations.
    elapsed time = 00:00:00, memory = 3402.59 (MB).
    Completing 30% with 97 violations.
    elapsed time = 00:00:00, memory = 3342.61 (MB).
    Completing 40% with 97 violations.
    elapsed time = 00:00:00, memory = 3342.61 (MB).
    Completing 50% with 97 violations.
    elapsed time = 00:00:03, memory = 2914.61 (MB).
    Completing 60% with 68 violations.
    elapsed time = 00:00:03, memory = 2914.66 (MB).
    Completing 70% with 68 violations.
    elapsed time = 00:00:03, memory = 2914.66 (MB).
    Completing 80% with 55 violations.
    elapsed time = 00:00:04, memory = 3021.08 (MB).
    Completing 90% with 55 violations.
    elapsed time = 00:00:04, memory = 3021.09 (MB).
    Completing 100% with 28 violations.
    elapsed time = 00:00:05, memory = 3070.38 (MB).
[INFO DRT-0199]   Number of violations = 28.
Viol/Layer        met1
Metal Spacing        8
Short               20
[INFO DRT-0267] cpu time = 00:00:11, elapsed time = 00:00:06, memory = 3101.58 (MB), peak = 5807.84 (MB)
Total wire length = 6787280 um.
Total wire length on LAYER li1 = 0 um.
Total wire length on LAYER met1 = 2383699 um.
Total wire length on LAYER met2 = 2922449 um.
Total wire length on LAYER met3 = 1081052 um.
Total wire length on LAYER met4 = 379963 um.
Total wire length on LAYER met5 = 20116 um.
Total number of vias = 1051989.
Up-via summary (total 1051989):

--------------------------
 FR_MASTERSLICE          0
            li1     444029
           met1     534782
           met2      60071
           met3      12474
           met4        633
--------------------------
               1051989


[INFO DRT-0195] Start 6th guides tiles iteration.
    Completing 20% with 28 violations.
    elapsed time = 00:00:00, memory = 3101.70 (MB).
    Completing 50% with 28 violations.
    elapsed time = 00:00:00, memory = 3101.70 (MB).
    Completing 70% with 0 violations.
    elapsed time = 00:00:00, memory = 3101.70 (MB).
    Completing 100% with 0 violations.
    elapsed time = 00:00:00, memory = 3101.70 (MB).
[INFO DRT-0199]   Number of violations = 0.
[INFO DRT-0267] cpu time = 00:00:00, elapsed time = 00:00:00, memory = 3108.58 (MB), peak = 5807.84 (MB)
Total wire length = 6787296 um.
Total wire length on LAYER li1 = 0 um.
Total wire length on LAYER met1 = 2383685 um.
Total wire length on LAYER met2 = 2922455 um.
Total wire length on LAYER met3 = 1081077 um.
Total wire length on LAYER met4 = 379961 um.
Total wire length on LAYER met5 = 20116 um.
Total number of vias = 1051990.
Up-via summary (total 1051990):

--------------------------
 FR_MASTERSLICE          0
            li1     444029
           met1     534781
           met2      60075
           met3      12472
           met4        633
--------------------------
               1051990


[INFO DRT-0198] Complete detail routing.
Total wire length = 6787296 um.
Total wire length on LAYER li1 = 0 um.
Total wire length on LAYER met1 = 2383685 um.
Total wire length on LAYER met2 = 2922455 um.
Total wire length on LAYER met3 = 1081077 um.
Total wire length on LAYER met4 = 379961 um.
Total wire length on LAYER met5 = 20116 um.
Total number of vias = 1051990.
Up-via summary (total 1051990):

--------------------------
 FR_MASTERSLICE          0
            li1     444029
           met1     534781
           met2      60075
           met3      12472
           met4        633
--------------------------
               1051990


[INFO DRT-0267] cpu time = 00:52:21, elapsed time = 00:07:55, memory = 3108.61 (MB), peak = 5807.84 (MB)

[INFO DRT-0180] Post processing.
[INFO DRT-0501] Runtime: 767.22s
[INFO ANT-0002] Found 50 net violations.
[INFO ANT-0001] Found 77 pin violations.
[INFO GRT-0012] Found 50 antenna violations.
[WARNING GRT-0243] Unable to repair antennas on net with diodes.
[INFO DPL-0006] Core area: 3527558.21 um^2
[INFO DPL-0007] Movable instances area: 55.05 um^2
[INFO DPL-0008] Fixed instances area within core: 1744105.24 um^2
[INFO DPL-0009] Utilization: 49.4%
[INFO DPL-0005] Diamond search max displacement: +/- 500 sites horizontally, +/- 100 rows vertically.
[INFO DPL-1102] Legalizing using negotiation legalizer.
[INFO DPL-1103] Negotiation base search window: +/-20 sites horizontally, +/-5 rows vertically 
	Automatic search window extension enabled.
	Search window extendable up to the max displacement cap of +/-500 sites, +/-100 rows near walls.
[INFO DPL-1104] NegotiationLegalizer DRC penalty: 5.
[INFO DPL-0392] Negotiation cell height distribution (1 unique row-count(s)):
[INFO DPL-0393]   height 1 row(s): 171056 cells
          |      Total |  Illegal |  Illegal
Iteration | Violations |    Cells |    Sites
---------------------------------------------
        0 |          0 |         0 |         0
Negotiation phase 1 converged at iteration 0.
[INFO DPL-0500] Runtime: 0.70s
[INFO GRT-0015] Inserted 121 diodes.
[INFO DRT-0018]   Complete 100000 insts.
[INFO DRT-0024]   Complete FR_MASTERSLICE.
[INFO DRT-0024]   Complete Fr_VIA.
[INFO DRT-0024]   Complete li1.
[INFO DRT-0024]   Complete mcon.
[INFO DRT-0024]   Complete met1.
[INFO DRT-0024]   Complete via.
[INFO DRT-0024]   Complete met2.
[INFO DRT-0024]   Complete via2.
[INFO DRT-0024]   Complete met3.
[INFO DRT-0024]   Complete via3.
[INFO DRT-0024]   Complete met4.
[INFO DRT-0024]   Complete via4.
[INFO DRT-0024]   Complete met5.
[INFO DRT-0165] Start pin access.
[INFO DRT-0076]   Complete 1000 pins.
[INFO DRT-0076]   Complete 2000 pins.
[INFO DRT-0076]   Complete 3000 pins.
[INFO DRT-0078]   Complete 3371 pins.
[INFO DRT-0079]   Complete 100 unique inst patterns.
[INFO DRT-0079]   Complete 200 unique inst patterns.
[INFO DRT-0079]   Complete 300 unique inst patterns.
[INFO DRT-0079]   Complete 400 unique inst patterns.
[INFO DRT-0081]   Complete 409 unique inst patterns.
[INFO DRT-0082]   Complete 10000 groups.
[INFO DRT-0082]   Complete 20000 groups.
[INFO DRT-0082]   Complete 30000 groups.
[INFO DRT-0082]   Complete 40000 groups.
[INFO DRT-0082]   Complete 50000 groups.
[INFO DRT-0082]   Complete 60000 groups.
[INFO DRT-0082]   Complete 70000 groups.
[INFO DRT-0082]   Complete 80000 groups.
[INFO DRT-0082]   Complete 90000 groups.
[INFO DRT-0084]   Complete 93014 groups.
#scanned instances     = 171056
#unique  instances     = 409
#stdCellGenAp          = 13921
#stdCellValidPlanarAp  = 148
#stdCellValidViaAp     = 9893
#stdCellPinNoAp        = 10
#stdCellPinCnt         = 442266
#instTermValidViaApCnt = 0
#macroGenAp            = 0
#macroValidPlanarAp    = 0
#macroValidViaAp       = 0
#macroNoAp             = 0
[INFO DRT-0166] Complete pin access.
[INFO DRT-0267] cpu time = 00:35:35, elapsed time = 00:04:34, memory = 827.12 (MB), peak = 5807.84 (MB)
[INFO DRT-0156] guideIn read 100000 guides.
[INFO DRT-0156] guideIn read 200000 guides.
[INFO DRT-0156] guideIn read 300000 guides.
[INFO DRT-0156] guideIn read 400000 guides.
[INFO DRT-0156] guideIn read 500000 guides.
[INFO DRT-0156] guideIn read 600000 guides.
[INFO DRT-0156] guideIn read 700000 guides.
[INFO DRT-0156] guideIn read 800000 guides.
[INFO DRT-0156] guideIn read 900000 guides.
[INFO DRT-0156] guideIn read 1000000 guides.

[INFO DRT-0157] Number of guides:     1168458

[INFO DRT-0169] Post process guides.
[INFO DRT-0176] GCELLGRID X 0 DO 275 STEP 6900 ;
[INFO DRT-0177] GCELLGRID Y 0 DO 275 STEP 6900 ;
[INFO DRT-0026]   Complete 100000 origin guides.
[INFO DRT-0026]   Complete 200000 origin guides.
[INFO DRT-0026]   Complete 300000 origin guides.
[INFO DRT-0026]   Complete 400000 origin guides.
[INFO DRT-0026]   Complete 500000 origin guides.
[INFO DRT-0026]   Complete 600000 origin guides.
[INFO DRT-0026]   Complete 700000 origin guides.
[INFO DRT-0026]   Complete 800000 origin guides.
[INFO DRT-0026]   Complete 900000 origin guides.
[INFO DRT-0027]   Complete 1000000 origin guides.
[INFO DRT-0028]   Complete FR_MASTERSLICE.
[INFO DRT-0028]   Complete Fr_VIA.
[INFO DRT-0028]   Complete li1.
[INFO DRT-0028]   Complete mcon.
[INFO DRT-0028]   Complete met1.
[INFO DRT-0028]   Complete via.
[INFO DRT-0028]   Complete met2.
[INFO DRT-0028]   Complete via2.
[INFO DRT-0028]   Complete met3.
[INFO DRT-0028]   Complete via3.
[INFO DRT-0028]   Complete met4.
[INFO DRT-0028]   Complete via4.
[INFO DRT-0028]   Complete met5.
  complete 100000 nets.
[INFO DRT-0178] Init guide query.
[INFO DRT-0029]   Complete 100000 nets (guide).
[INFO DRT-0035]   Complete FR_MASTERSLICE (guide).
[INFO DRT-0035]   Complete Fr_VIA (guide).
[INFO DRT-0035]   Complete li1 (guide).
[INFO DRT-0035]   Complete mcon (guide).
[INFO DRT-0035]   Complete met1 (guide).
[INFO DRT-0035]   Complete via (guide).
[INFO DRT-0035]   Complete met2 (guide).
[INFO DRT-0035]   Complete via2 (guide).
[INFO DRT-0035]   Complete met3 (guide).
[INFO DRT-0035]   Complete via3 (guide).
[INFO DRT-0035]   Complete met4 (guide).
[INFO DRT-0035]   Complete via4 (guide).
[INFO DRT-0035]   Complete met5 (guide).
[INFO DRT-0036] FR_MASTERSLICE guide region query size = 0.
[INFO DRT-0036] FR_VIA guide region query size = 0.
[INFO DRT-0036] li1 guide region query size = 376007.
[INFO DRT-0036] mcon guide region query size = 0.
[INFO DRT-0036] met1 guide region query size = 342901.
[INFO DRT-0036] via guide region query size = 0.
[INFO DRT-0036] met2 guide region query size = 197311.
[INFO DRT-0036] via2 guide region query size = 0.
[INFO DRT-0036] met3 guide region query size = 26612.
[INFO DRT-0036] via3 guide region query size = 0.
[INFO DRT-0036] met4 guide region query size = 7513.
[INFO DRT-0036] via4 guide region query size = 0.
[INFO DRT-0036] met5 guide region query size = 351.
[INFO DRT-0179] Init gr pin query.
[INFO DRT-0267] cpu time = 00:00:04, elapsed time = 00:00:01, memory = 1396.61 (MB), peak = 5807.84 (MB)
[INFO DRT-0245] skipped writing guide updates to database.
[INFO DRT-0181] Start track assignment.
[INFO DRT-0184] Done with 580831 vertical wires in 6 frboxes and 369864 horizontal wires in 6 frboxes.
[INFO DRT-0186] Done with 68866 vertical wires in 6 frboxes and 112580 horizontal wires in 6 frboxes.
[INFO DRT-0182] Complete track assignment.
[INFO DRT-0267] cpu time = 00:00:58, elapsed time = 00:00:13, memory = 3075.12 (MB), peak = 5807.84 (MB)
[INFO DRT-0187] Start routing data preparation.
[INFO DRT-0267] cpu time = 00:00:01, elapsed time = 00:00:01, memory = 3370.27 (MB), peak = 5807.84 (MB)
[INFO DRT-0194] Start detail routing.
[INFO DRT-0195] Start 0th optimization iteration.
    Completing 10% with 0 violations.
    elapsed time = 00:00:10, memory = 3627.05 (MB).
    Completing 20% with 0 violations.
    elapsed time = 00:00:20, memory = 2526.02 (MB).
    Completing 30% with 1173 violations.
    elapsed time = 00:00:34, memory = 4663.58 (MB).
    Completing 40% with 1173 violations.
    elapsed time = 00:00:42, memory = 4344.45 (MB).
    Completing 50% with 1173 violations.
    elapsed time = 00:00:53, memory = 2613.64 (MB).
    Completing 60% with 2258 violations.
    elapsed time = 00:01:07, memory = 4660.50 (MB).
    Completing 70% with 2258 violations.
    elapsed time = 00:01:16, memory = 3936.30 (MB).
    Completing 80% with 3201 violations.
    elapsed time = 00:01:30, memory = 4888.42 (MB).
    Completing 90% with 3201 violations.
    elapsed time = 00:01:38, memory = 4317.56 (MB).
    Completing 100% with 3887 violations.
    elapsed time = 00:01:53, memory = 5108.88 (MB).
[INFO DRT-0199]   Number of violations = 4505.
Viol/Layer         li1   mcon   met1    via   met2   met3   met4   met5
Cut Spacing          0      2      0      0      0      0      0      0
Metal Spacing        0      0    212      0    209    131      9      1
Min Hole             0      0      1      0      0      0      0      0
Recheck              1      0    174      0    253    164     26      0
Short                0      0   1255      2   1506    503     56      0
[INFO DRT-0267] cpu time = 00:12:53, elapsed time = 00:01:53, memory = 5101.45 (MB), peak = 5807.84 (MB)
Total wire length = 6789110 um.
Total wire length on LAYER li1 = 0 um.
Total wire length on LAYER met1 = 2384451 um.
Total wire length on LAYER met2 = 2923900 um.
Total wire length on LAYER met3 = 1081502 um.
Total wire length on LAYER met4 = 379136 um.
Total wire length on LAYER met5 = 20119 um.
Total number of vias = 1051760.
Up-via summary (total 1051760):

--------------------------
 FR_MASTERSLICE          0
            li1     444177
           met1     534857
           met2      59718
           met3      12377
           met4        631
--------------------------
               1051760


[INFO DRT-0195] Start 1st optimization iteration.
    Completing 10% with 4505 violations.
    elapsed time = 00:00:09, memory = 4610.78 (MB).
    Completing 20% with 4505 violations.
    elapsed time = 00:00:18, memory = 3728.95 (MB).
    Completing 30% with 3736 violations.
    elapsed time = 00:00:31, memory = 4923.59 (MB).
    Completing 40% with 3736 violations.
    elapsed time = 00:00:40, memory = 4536.36 (MB).
    Completing 50% with 3736 violations.
    elapsed time = 00:00:50, memory = 3719.92 (MB).
    Completing 60% with 2825 violations.
    elapsed time = 00:01:03, memory = 4138.02 (MB).
    Completing 70% with 2825 violations.
    elapsed time = 00:01:12, memory = 4236.05 (MB).
    Completing 80% with 2125 violations.
    elapsed time = 00:01:26, memory = 4898.17 (MB).
    Completing 90% with 2125 violations.
    elapsed time = 00:01:34, memory = 4347.70 (MB).
    Completing 100% with 1492 violations.
    elapsed time = 00:01:47, memory = 5203.16 (MB).
[INFO DRT-0199]   Number of violations = 1492.
Viol/Layer        mcon   met1   met2   met3   met4
Cut Spacing          1      0      0      0      0
Metal Spacing        0    122    129     45      0
Short                0    577    457    148     13
[INFO DRT-0267] cpu time = 00:12:13, elapsed time = 00:01:47, memory = 5210.91 (MB), peak = 5807.84 (MB)
Total wire length = 6788142 um.
Total wire length on LAYER li1 = 0 um.
Total wire length on LAYER met1 = 2384047 um.
Total wire length on LAYER met2 = 2923440 um.
Total wire length on LAYER met3 = 1081470 um.
Total wire length on LAYER met4 = 379082 um.
Total wire length on LAYER met5 = 20100 um.
Total number of vias = 1051601.
Up-via summary (total 1051601):

--------------------------
 FR_MASTERSLICE          0
            li1     444178
           met1     534654
           met2      59749
           met3      12389
           met4        631
--------------------------
               1051601


[INFO DRT-0195] Start 2nd optimization iteration.
    Completing 10% with 1492 violations.
    elapsed time = 00:00:01, memory = 5290.94 (MB).
    Completing 20% with 1492 violations.
    elapsed time = 00:00:03, memory = 4980.05 (MB).
    Completing 30% with 1454 violations.
    elapsed time = 00:00:05, memory = 4943.48 (MB).
    Completing 40% with 1454 violations.
    elapsed time = 00:00:08, memory = 4171.95 (MB).
    Completing 50% with 1454 violations.
    elapsed time = 00:00:11, memory = 3869.84 (MB).
    Completing 60% with 1400 violations.
    elapsed time = 00:00:12, memory = 3950.19 (MB).
    Completing 70% with 1400 violations.
    elapsed time = 00:00:13, memory = 3850.83 (MB).
    Completing 80% with 1336 violations.
    elapsed time = 00:00:16, memory = 3856.98 (MB).
    Completing 90% with 1336 violations.
    elapsed time = 00:00:18, memory = 3868.67 (MB).
    Completing 100% with 1289 violations.
    elapsed time = 00:00:21, memory = 3789.36 (MB).
[INFO DRT-0199]   Number of violations = 1289.
Viol/Layer        met1   met2   met3   met4
Metal Spacing       70    134     49      0
Short              495    403    133      5
[INFO DRT-0267] cpu time = 00:02:21, elapsed time = 00:00:22, memory = 3816.67 (MB), peak = 5807.84 (MB)
Total wire length = 6787920 um.
Total wire length on LAYER li1 = 0 um.
Total wire length on LAYER met1 = 2383928 um.
Total wire length on LAYER met2 = 2923426 um.
Total wire length on LAYER met3 = 1081448 um.
Total wire length on LAYER met4 = 379005 um.
Total wire length on LAYER met5 = 20110 um.
Total number of vias = 1051515.
Up-via summary (total 1051515):

--------------------------
 FR_MASTERSLICE          0
            li1     444180
           met1     534565
           met2      59748
           met3      12391
           met4        631
--------------------------
               1051515


[INFO DRT-0195] Start 3rd optimization iteration.
    Completing 10% with 1289 violations.
    elapsed time = 00:00:00, memory = 3772.22 (MB).
    Completing 20% with 1289 violations.
    elapsed time = 00:00:02, memory = 3775.48 (MB).
    Completing 30% with 1034 violations.
    elapsed time = 00:00:08, memory = 3411.39 (MB).
    Completing 40% with 1034 violations.
    elapsed time = 00:00:11, memory = 3631.31 (MB).
    Completing 50% with 1034 violations.
    elapsed time = 00:00:18, memory = 3617.02 (MB).
    Completing 60% with 621 violations.
    elapsed time = 00:00:21, memory = 3595.11 (MB).
    Completing 70% with 621 violations.
    elapsed time = 00:00:23, memory = 3545.41 (MB).
    Completing 80% with 379 violations.
    elapsed time = 00:00:26, memory = 3461.61 (MB).
    Completing 90% with 379 violations.
    elapsed time = 00:00:27, memory = 3461.33 (MB).
    Completing 100% with 160 violations.
    elapsed time = 00:00:31, memory = 3420.78 (MB).
[INFO DRT-0199]   Number of violations = 160.
Viol/Layer        met1   met2   via2   met3
Cut Spacing          0      0      1      0
Metal Spacing        6     27      0      7
Min Hole             0      1      0      0
Short               57     54      0      7
[INFO DRT-0267] cpu time = 00:03:02, elapsed time = 00:00:31, memory = 3433.17 (MB), peak = 5807.84 (MB)
Total wire length = 6788037 um.
Total wire length on LAYER li1 = 0 um.
Total wire length on LAYER met1 = 2383548 um.
Total wire length on LAYER met2 = 2922326 um.
Total wire length on LAYER met3 = 1081815 um.
Total wire length on LAYER met4 = 380199 um.
Total wire length on LAYER met5 = 20147 um.
Total number of vias = 1052363.
Up-via summary (total 1052363):

--------------------------
 FR_MASTERSLICE          0
            li1     444180
           met1     534930
           met2      60139
           met3      12483
           met4        631
--------------------------
               1052363


[INFO DRT-0195] Start 4th optimization iteration.
    Completing 10% with 160 violations.
    elapsed time = 00:00:00, memory = 3433.17 (MB).
    Completing 20% with 160 violations.
    elapsed time = 00:00:00, memory = 3433.19 (MB).
    Completing 30% with 72 violations.
    elapsed time = 00:00:01, memory = 3434.42 (MB).
    Completing 40% with 72 violations.
    elapsed time = 00:00:01, memory = 3434.42 (MB).
    Completing 50% with 72 violations.
    elapsed time = 00:00:02, memory = 3351.14 (MB).
    Completing 60% with 54 violations.
    elapsed time = 00:00:02, memory = 3351.28 (MB).
    Completing 70% with 54 violations.
    elapsed time = 00:00:02, memory = 3351.16 (MB).
    Completing 80% with 25 violations.
    elapsed time = 00:00:04, memory = 2912.72 (MB).
    Completing 90% with 25 violations.
    elapsed time = 00:00:04, memory = 2912.72 (MB).
    Completing 100% with 1 violations.
    elapsed time = 00:00:05, memory = 2913.86 (MB).
[INFO DRT-0199]   Number of violations = 1.
Viol/Layer        met1
Metal Spacing        1
[INFO DRT-0267] cpu time = 00:00:13, elapsed time = 00:00:05, memory = 2951.55 (MB), peak = 5807.84 (MB)
Total wire length = 6787990 um.
Total wire length on LAYER li1 = 0 um.
Total wire length on LAYER met1 = 2383537 um.
Total wire length on LAYER met2 = 2922050 um.
Total wire length on LAYER met3 = 1081793 um.
Total wire length on LAYER met4 = 380461 um.
Total wire length on LAYER met5 = 20147 um.
Total number of vias = 1052398.
Up-via summary (total 1052398):

--------------------------
 FR_MASTERSLICE          0
            li1     444179
           met1     534936
           met2      60157
           met3      12495
           met4        631
--------------------------
               1052398


[INFO DRT-0195] Start 5th guides tiles iteration.
    Completing 50% with 1 violations.
    elapsed time = 00:00:00, memory = 2951.83 (MB).
    Completing 100% with 0 violations.
    elapsed time = 00:00:00, memory = 2951.83 (MB).
[INFO DRT-0199]   Number of violations = 0.
[INFO DRT-0267] cpu time = 00:00:00, elapsed time = 00:00:00, memory = 2952.11 (MB), peak = 5807.84 (MB)
Total wire length = 6787988 um.
Total wire length on LAYER li1 = 0 um.
Total wire length on LAYER met1 = 2383536 um.
Total wire length on LAYER met2 = 2922049 um.
Total wire length on LAYER met3 = 1081793 um.
Total wire length on LAYER met4 = 380461 um.
Total wire length on LAYER met5 = 20147 um.
Total number of vias = 1052399.
Up-via summary (total 1052399):

--------------------------
 FR_MASTERSLICE          0
            li1     444179
           met1     534937
           met2      60157
           met3      12495
           met4        631
--------------------------
               1052399


[INFO DRT-0198] Complete detail routing.
Total wire length = 6787988 um.
Total wire length on LAYER li1 = 0 um.
Total wire length on LAYER met1 = 2383536 um.
Total wire length on LAYER met2 = 2922049 um.
Total wire length on LAYER met3 = 1081793 um.
Total wire length on LAYER met4 = 380461 um.
Total wire length on LAYER met5 = 20147 um.
Total number of vias = 1052399.
Up-via summary (total 1052399):

--------------------------
 FR_MASTERSLICE          0
            li1     444179
           met1     534937
           met2      60157
           met3      12495
           met4        631
--------------------------
               1052399


[INFO DRT-0267] cpu time = 00:30:47, elapsed time = 00:04:41, memory = 2952.12 (MB), peak = 5807.84 (MB)

[INFO DRT-0180] Post processing.
[INFO DRT-0501] Runtime: 577.59s
[INFO ANT-0002] Found 14 net violations.
[INFO ANT-0001] Found 18 pin violations.
[INFO GRT-0012] Found 14 antenna violations.
[INFO DPL-0006] Core area: 3527558.21 um^2
[INFO DPL-0007] Movable instances area: 47.55 um^2
[INFO DPL-0008] Fixed instances area within core: 1744200.33 um^2
[INFO DPL-0009] Utilization: 49.4%
[INFO DPL-0005] Diamond search max displacement: +/- 500 sites horizontally, +/- 100 rows vertically.
[INFO DPL-1102] Legalizing using negotiation legalizer.
[INFO DPL-1103] Negotiation base search window: +/-20 sites horizontally, +/-5 rows vertically 
	Automatic search window extension enabled.
	Search window extendable up to the max displacement cap of +/-500 sites, +/-100 rows near walls.
[INFO DPL-1104] NegotiationLegalizer DRC penalty: 5.
[INFO DPL-0392] Negotiation cell height distribution (1 unique row-count(s)):
[INFO DPL-0393]   height 1 row(s): 171091 cells
          |      Total |  Illegal |  Illegal
Iteration | Violations |    Cells |    Sites
---------------------------------------------
        0 |          0 |         0 |         0
Negotiation phase 1 converged at iteration 0.
[INFO DPL-0500] Runtime: 0.72s
[INFO GRT-0015] Inserted 35 diodes.
[INFO DRT-0018]   Complete 100000 insts.
[INFO DRT-0024]   Complete FR_MASTERSLICE.
[INFO DRT-0024]   Complete Fr_VIA.
[INFO DRT-0024]   Complete li1.
[INFO DRT-0024]   Complete mcon.
[INFO DRT-0024]   Complete met1.
[INFO DRT-0024]   Complete via.
[INFO DRT-0024]   Complete met2.
[INFO DRT-0024]   Complete via2.
[INFO DRT-0024]   Complete met3.
[INFO DRT-0024]   Complete via3.
[INFO DRT-0024]   Complete met4.
[INFO DRT-0024]   Complete via4.
[INFO DRT-0024]   Complete met5.
[INFO DRT-0165] Start pin access.
[INFO DRT-0076]   Complete 1000 pins.
[INFO DRT-0076]   Complete 2000 pins.
[INFO DRT-0076]   Complete 3000 pins.
[INFO DRT-0078]   Complete 3371 pins.
[INFO DRT-0079]   Complete 100 unique inst patterns.
[INFO DRT-0079]   Complete 200 unique inst patterns.
[INFO DRT-0079]   Complete 300 unique inst patterns.
[INFO DRT-0079]   Complete 400 unique inst patterns.
[INFO DRT-0081]   Complete 409 unique inst patterns.
[INFO DRT-0082]   Complete 10000 groups.
[INFO DRT-0082]   Complete 20000 groups.
[INFO DRT-0082]   Complete 30000 groups.
[INFO DRT-0082]   Complete 40000 groups.
[INFO DRT-0082]   Complete 50000 groups.
[INFO DRT-0082]   Complete 60000 groups.
[INFO DRT-0082]   Complete 70000 groups.
[INFO DRT-0082]   Complete 80000 groups.
[INFO DRT-0082]   Complete 90000 groups.
[INFO DRT-0084]   Complete 93021 groups.
#scanned instances     = 171091
#unique  instances     = 409
#stdCellGenAp          = 13921
#stdCellValidPlanarAp  = 148
#stdCellValidViaAp     = 9893
#stdCellPinNoAp        = 10
#stdCellPinCnt         = 442266
#instTermValidViaApCnt = 0
#macroGenAp            = 0
#macroValidPlanarAp    = 0
#macroValidViaAp       = 0
#macroNoAp             = 0
[INFO DRT-0166] Complete pin access.
[INFO DRT-0267] cpu time = 00:34:13, elapsed time = 00:04:23, memory = 1428.81 (MB), peak = 5807.84 (MB)
[INFO DRT-0156] guideIn read 100000 guides.
[INFO DRT-0156] guideIn read 200000 guides.
[INFO DRT-0156] guideIn read 300000 guides.
[INFO DRT-0156] guideIn read 400000 guides.
[INFO DRT-0156] guideIn read 500000 guides.
[INFO DRT-0156] guideIn read 600000 guides.
[INFO DRT-0156] guideIn read 700000 guides.
[INFO DRT-0156] guideIn read 800000 guides.
[INFO DRT-0156] guideIn read 900000 guides.
[INFO DRT-0156] guideIn read 1000000 guides.

[INFO DRT-0157] Number of guides:     1168490

[INFO DRT-0169] Post process guides.
[INFO DRT-0176] GCELLGRID X 0 DO 275 STEP 6900 ;
[INFO DRT-0177] GCELLGRID Y 0 DO 275 STEP 6900 ;
[INFO DRT-0026]   Complete 100000 origin guides.
[INFO DRT-0026]   Complete 200000 origin guides.
[INFO DRT-0026]   Complete 300000 origin guides.
[INFO DRT-0026]   Complete 400000 origin guides.
[INFO DRT-0026]   Complete 500000 origin guides.
[INFO DRT-0026]   Complete 600000 origin guides.
[INFO DRT-0026]   Complete 700000 origin guides.
[INFO DRT-0026]   Complete 800000 origin guides.
[INFO DRT-0026]   Complete 900000 origin guides.
[INFO DRT-0027]   Complete 1000000 origin guides.
[INFO DRT-0028]   Complete FR_MASTERSLICE.
[INFO DRT-0028]   Complete Fr_VIA.
[INFO DRT-0028]   Complete li1.
[INFO DRT-0028]   Complete mcon.
[INFO DRT-0028]   Complete met1.
[INFO DRT-0028]   Complete via.
[INFO DRT-0028]   Complete met2.
[INFO DRT-0028]   Complete via2.
[INFO DRT-0028]   Complete met3.
[INFO DRT-0028]   Complete via3.
[INFO DRT-0028]   Complete met4.
[INFO DRT-0028]   Complete via4.
[INFO DRT-0028]   Complete met5.
  complete 100000 nets.
[INFO DRT-0178] Init guide query.
[INFO DRT-0029]   Complete 100000 nets (guide).
[INFO DRT-0035]   Complete FR_MASTERSLICE (guide).
[INFO DRT-0035]   Complete Fr_VIA (guide).
[INFO DRT-0035]   Complete li1 (guide).
[INFO DRT-0035]   Complete mcon (guide).
[INFO DRT-0035]   Complete met1 (guide).
[INFO DRT-0035]   Complete via (guide).
[INFO DRT-0035]   Complete met2 (guide).
[INFO DRT-0035]   Complete via2 (guide).
[INFO DRT-0035]   Complete met3 (guide).
[INFO DRT-0035]   Complete via3 (guide).
[INFO DRT-0035]   Complete met4 (guide).
[INFO DRT-0035]   Complete via4 (guide).
[INFO DRT-0035]   Complete met5 (guide).
[INFO DRT-0036] FR_MASTERSLICE guide region query size = 0.
[INFO DRT-0036] FR_VIA guide region query size = 0.
[INFO DRT-0036] li1 guide region query size = 376015.
[INFO DRT-0036] mcon guide region query size = 0.
[INFO DRT-0036] met1 guide region query size = 342912.
[INFO DRT-0036] via guide region query size = 0.
[INFO DRT-0036] met2 guide region query size = 197315.
[INFO DRT-0036] via2 guide region query size = 0.
[INFO DRT-0036] met3 guide region query size = 26613.
[INFO DRT-0036] via3 guide region query size = 0.
[INFO DRT-0036] met4 guide region query size = 7505.
[INFO DRT-0036] via4 guide region query size = 0.
[INFO DRT-0036] met5 guide region query size = 347.
[INFO DRT-0179] Init gr pin query.
[INFO DRT-0267] cpu time = 00:00:04, elapsed time = 00:00:01, memory = 1611.02 (MB), peak = 5807.84 (MB)
[INFO DRT-0245] skipped writing guide updates to database.
[INFO DRT-0181] Start track assignment.
[INFO DRT-0184] Done with 580835 vertical wires in 6 frboxes and 369872 horizontal wires in 6 frboxes.
[INFO DRT-0186] Done with 68824 vertical wires in 6 frboxes and 112550 horizontal wires in 6 frboxes.
[INFO DRT-0182] Complete track assignment.
[INFO DRT-0267] cpu time = 00:00:58, elapsed time = 00:00:13, memory = 3196.81 (MB), peak = 5807.84 (MB)
[INFO DRT-0187] Start routing data preparation.
[INFO DRT-0267] cpu time = 00:00:01, elapsed time = 00:00:01, memory = 3551.09 (MB), peak = 5807.84 (MB)
[INFO DRT-0194] Start detail routing.
[INFO DRT-0195] Start 0th optimization iteration.
    Completing 10% with 0 violations.
    elapsed time = 00:00:09, memory = 4013.39 (MB).
    Completing 20% with 0 violations.
    elapsed time = 00:00:18, memory = 3732.62 (MB).
    Completing 30% with 276 violations.
    elapsed time = 00:00:31, memory = 4441.98 (MB).
    Completing 40% with 276 violations.
    elapsed time = 00:00:40, memory = 3936.12 (MB).
    Completing 50% with 276 violations.
    elapsed time = 00:00:49, memory = 2606.73 (MB).
    Completing 60% with 493 violations.
    elapsed time = 00:01:02, memory = 4535.30 (MB).
    Completing 70% with 493 violations.
    elapsed time = 00:01:11, memory = 3637.39 (MB).
    Completing 80% with 701 violations.
    elapsed time = 00:01:24, memory = 4952.59 (MB).
    Completing 90% with 701 violations.
    elapsed time = 00:01:32, memory = 4395.20 (MB).
    Completing 100% with 818 violations.
    elapsed time = 00:01:46, memory = 4140.98 (MB).
[INFO DRT-0199]   Number of violations = 992.
Viol/Layer        met1   met2   met3   met4   via4   met5
Metal Spacing       42     61     33      3      0      1
Recheck             38     67     51     16      0      2
Short              215    294    144     24      1      0
[INFO DRT-0267] cpu time = 00:11:46, elapsed time = 00:01:46, memory = 4155.69 (MB), peak = 5807.84 (MB)
Total wire length = 6788199 um.
Total wire length on LAYER li1 = 0 um.
Total wire length on LAYER met1 = 2384116 um.
Total wire length on LAYER met2 = 2922394 um.
Total wire length on LAYER met3 = 1081676 um.
Total wire length on LAYER met4 = 380290 um.
Total wire length on LAYER met5 = 19722 um.
Total number of vias = 1052356.
Up-via summary (total 1052356):

--------------------------
 FR_MASTERSLICE          0
            li1     444235
           met1     534941
           met2      60093
           met3      12463
           met4        624
--------------------------
               1052356


[INFO DRT-0195] Start 1st optimization iteration.
    Completing 10% with 992 violations.
    elapsed time = 00:00:08, memory = 4540.88 (MB).
    Completing 20% with 992 violations.
    elapsed time = 00:00:17, memory = 4232.27 (MB).
    Completing 30% with 803 violations.
    elapsed time = 00:00:31, memory = 4961.92 (MB).
    Completing 40% with 803 violations.
    elapsed time = 00:00:39, memory = 3955.70 (MB).
    Completing 50% with 803 violations.
    elapsed time = 00:00:48, memory = 3393.58 (MB).
    Completing 60% with 604 violations.
    elapsed time = 00:01:01, memory = 4093.95 (MB).
    Completing 70% with 604 violations.
    elapsed time = 00:01:10, memory = 4139.66 (MB).
    Completing 80% with 469 violations.
    elapsed time = 00:01:23, memory = 4813.44 (MB).
    Completing 90% with 469 violations.
    elapsed time = 00:01:31, memory = 4316.97 (MB).
    Completing 100% with 291 violations.
    elapsed time = 00:01:44, memory = 5172.05 (MB).
[INFO DRT-0199]   Number of violations = 291.
Viol/Layer        met1   met2   met3   met4
Metal Spacing       18     19      4      4
Short              130     70     41      5
[INFO DRT-0267] cpu time = 00:11:44, elapsed time = 00:01:44, memory = 5181.09 (MB), peak = 5807.84 (MB)
Total wire length = 6787984 um.
Total wire length on LAYER li1 = 0 um.
Total wire length on LAYER met1 = 2384065 um.
Total wire length on LAYER met2 = 2922256 um.
Total wire length on LAYER met3 = 1081647 um.
Total wire length on LAYER met4 = 380300 um.
Total wire length on LAYER met5 = 19714 um.
Total number of vias = 1052335.
Up-via summary (total 1052335):

--------------------------
 FR_MASTERSLICE          0
            li1     444228
           met1     534920
           met2      60090
           met3      12473
           met4        624
--------------------------
               1052335


[INFO DRT-0195] Start 2nd optimization iteration.
    Completing 10% with 291 violations.
    elapsed time = 00:00:00, memory = 5223.52 (MB).
    Completing 20% with 291 violations.
    elapsed time = 00:00:01, memory = 5330.77 (MB).
    Completing 30% with 264 violations.
    elapsed time = 00:00:02, memory = 5091.91 (MB).
    Completing 40% with 264 violations.
    elapsed time = 00:00:02, memory = 5083.94 (MB).
    Completing 50% with 264 violations.
    elapsed time = 00:00:04, memory = 4859.41 (MB).
    Completing 60% with 236 violations.
    elapsed time = 00:00:04, memory = 4860.45 (MB).
    Completing 70% with 236 violations.
    elapsed time = 00:00:05, memory = 4888.42 (MB).
    Completing 80% with 198 violations.
    elapsed time = 00:00:06, memory = 4783.92 (MB).
    Completing 90% with 198 violations.
    elapsed time = 00:00:06, memory = 4757.58 (MB).
    Completing 100% with 198 violations.
    elapsed time = 00:00:07, memory = 4711.61 (MB).
[INFO DRT-0199]   Number of violations = 198.
Viol/Layer        met1   met2   met3   met4
Metal Spacing       17     10      7      1
Short               81     46     34      2
[INFO DRT-0267] cpu time = 00:00:47, elapsed time = 00:00:07, memory = 4740.97 (MB), peak = 5807.84 (MB)
Total wire length = 6787952 um.
Total wire length on LAYER li1 = 0 um.
Total wire length on LAYER met1 = 2383983 um.
Total wire length on LAYER met2 = 2922270 um.
Total wire length on LAYER met3 = 1081686 um.
Total wire length on LAYER met4 = 380299 um.
Total wire length on LAYER met5 = 19711 um.
Total number of vias = 1052331.
Up-via summary (total 1052331):

--------------------------
 FR_MASTERSLICE          0
            li1     444227
           met1     534907
           met2      60100
           met3      12473
           met4        624
--------------------------
               1052331


[INFO DRT-0195] Start 3rd optimization iteration.
    Completing 10% with 198 violations.
    elapsed time = 00:00:00, memory = 4742.94 (MB).
    Completing 20% with 198 violations.
    elapsed time = 00:00:00, memory = 4715.31 (MB).
    Completing 30% with 156 violations.
    elapsed time = 00:00:01, memory = 4707.50 (MB).
    Completing 40% with 156 violations.
    elapsed time = 00:00:01, memory = 4712.09 (MB).
    Completing 50% with 156 violations.
    elapsed time = 00:00:03, memory = 4729.39 (MB).
    Completing 60% with 94 violations.
    elapsed time = 00:00:03, memory = 4729.81 (MB).
    Completing 70% with 94 violations.
    elapsed time = 00:00:03, memory = 4729.45 (MB).
    Completing 80% with 28 violations.
    elapsed time = 00:00:04, memory = 4288.97 (MB).
    Completing 90% with 28 violations.
    elapsed time = 00:00:04, memory = 4289.03 (MB).
    Completing 100% with 1 violations.
    elapsed time = 00:00:05, memory = 4290.70 (MB).
[INFO DRT-0199]   Number of violations = 1.
Viol/Layer        met2
Metal Spacing        1
[INFO DRT-0267] cpu time = 00:00:31, elapsed time = 00:00:05, memory = 4294.12 (MB), peak = 5807.84 (MB)
Total wire length = 6787982 um.
Total wire length on LAYER li1 = 0 um.
Total wire length on LAYER met1 = 2384085 um.
Total wire length on LAYER met2 = 2922099 um.
Total wire length on LAYER met3 = 1081586 um.
Total wire length on LAYER met4 = 380489 um.
Total wire length on LAYER met5 = 19722 um.
Total number of vias = 1052530.
Up-via summary (total 1052530):

--------------------------
 FR_MASTERSLICE          0
            li1     444227
           met1     535030
           met2      60165
           met3      12484
           met4        624
--------------------------
               1052530


[INFO DRT-0195] Start 4th guides tiles iteration.
    Completing 100% with 0 violations.
    elapsed time = 00:00:00, memory = 4265.61 (MB).
[INFO DRT-0199]   Number of violations = 0.
[INFO DRT-0267] cpu time = 00:00:00, elapsed time = 00:00:00, memory = 4265.61 (MB), peak = 5807.84 (MB)
Total wire length = 6787980 um.
Total wire length on LAYER li1 = 0 um.
Total wire length on LAYER met1 = 2384084 um.
Total wire length on LAYER met2 = 2922038 um.
Total wire length on LAYER met3 = 1081587 um.
Total wire length on LAYER met4 = 380548 um.
Total wire length on LAYER met5 = 19722 um.
Total number of vias = 1052530.
Up-via summary (total 1052530):

--------------------------
 FR_MASTERSLICE          0
            li1     444227
           met1     535030
           met2      60165
           met3      12484
           met4        624
--------------------------
               1052530


[INFO DRT-0198] Complete detail routing.
Total wire length = 6787980 um.
Total wire length on LAYER li1 = 0 um.
Total wire length on LAYER met1 = 2384084 um.
Total wire length on LAYER met2 = 2922038 um.
Total wire length on LAYER met3 = 1081587 um.
Total wire length on LAYER met4 = 380548 um.
Total wire length on LAYER met5 = 19722 um.
Total number of vias = 1052530.
Up-via summary (total 1052530):

--------------------------
 FR_MASTERSLICE          0
            li1     444227
           met1     535030
           met2      60165
           met3      12484
           met4        624
--------------------------
               1052530


[INFO DRT-0267] cpu time = 00:24:51, elapsed time = 00:03:46, memory = 4214.62 (MB), peak = 5807.84 (MB)

[INFO DRT-0180] Post processing.
[INFO DRT-0501] Runtime: 510.98s
[INFO ANT-0002] Found 2 net violations.
[INFO ANT-0001] Found 4 pin violations.
[INFO GRT-0012] Found 2 antenna violations.
[INFO DPL-0006] Core area: 3527558.21 um^2
[INFO DPL-0007] Movable instances area: 0.00 um^2
[INFO DPL-0008] Fixed instances area within core: 1744257.88 um^2
[INFO DPL-0009] Utilization: 49.4%
[INFO DPL-0005] Diamond search max displacement: +/- 500 sites horizontally, +/- 100 rows vertically.
[INFO DPL-1102] Legalizing using negotiation legalizer.
[INFO DPL-1103] Negotiation base search window: +/-20 sites horizontally, +/-5 rows vertically 
	Automatic search window extension enabled.
	Search window extendable up to the max displacement cap of +/-500 sites, +/-100 rows near walls.
[INFO DPL-1104] NegotiationLegalizer DRC penalty: 5.
[INFO DPL-0392] Negotiation cell height distribution (1 unique row-count(s)):
[INFO DPL-0393]   height 1 row(s): 171095 cells
[INFO DPL-0500] Runtime: 0.70s
[INFO GRT-0015] Inserted 4 diodes.
[INFO DRT-0018]   Complete 100000 insts.
[INFO DRT-0024]   Complete FR_MASTERSLICE.
[INFO DRT-0024]   Complete Fr_VIA.
[INFO DRT-0024]   Complete li1.
[INFO DRT-0024]   Complete mcon.
[INFO DRT-0024]   Complete met1.
[INFO DRT-0024]   Complete via.
[INFO DRT-0024]   Complete met2.
[INFO DRT-0024]   Complete via2.
[INFO DRT-0024]   Complete met3.
[INFO DRT-0024]   Complete via3.
[INFO DRT-0024]   Complete met4.
[INFO DRT-0024]   Complete via4.
[INFO DRT-0024]   Complete met5.
[INFO DRT-0165] Start pin access.
[INFO DRT-0076]   Complete 1000 pins.
[INFO DRT-0076]   Complete 2000 pins.
[INFO DRT-0076]   Complete 3000 pins.
[INFO DRT-0078]   Complete 3371 pins.
[INFO DRT-0079]   Complete 100 unique inst patterns.
[INFO DRT-0079]   Complete 200 unique inst patterns.
[INFO DRT-0079]   Complete 300 unique inst patterns.
[INFO DRT-0079]   Complete 400 unique inst patterns.
[INFO DRT-0081]   Complete 409 unique inst patterns.
[INFO DRT-0082]   Complete 10000 groups.
[INFO DRT-0082]   Complete 20000 groups.
[INFO DRT-0082]   Complete 30000 groups.
[INFO DRT-0082]   Complete 40000 groups.
[INFO DRT-0082]   Complete 50000 groups.
[INFO DRT-0082]   Complete 60000 groups.
[INFO DRT-0082]   Complete 70000 groups.
[INFO DRT-0082]   Complete 80000 groups.
[INFO DRT-0082]   Complete 90000 groups.
[INFO DRT-0084]   Complete 93022 groups.
#scanned instances     = 171095
#unique  instances     = 409
#stdCellGenAp          = 13921
#stdCellValidPlanarAp  = 148
#stdCellValidViaAp     = 9893
#stdCellPinNoAp        = 10
#stdCellPinCnt         = 442266
#instTermValidViaApCnt = 0
#macroGenAp            = 0
#macroValidPlanarAp    = 0
#macroValidViaAp       = 0
#macroNoAp             = 0
[INFO DRT-0166] Complete pin access.
[INFO DRT-0267] cpu time = 00:34:23, elapsed time = 00:04:25, memory = 1464.36 (MB), peak = 5807.84 (MB)
[INFO DRT-0156] guideIn read 100000 guides.
[INFO DRT-0156] guideIn read 200000 guides.
[INFO DRT-0156] guideIn read 300000 guides.
[INFO DRT-0156] guideIn read 400000 guides.
[INFO DRT-0156] guideIn read 500000 guides.
[INFO DRT-0156] guideIn read 600000 guides.
[INFO DRT-0156] guideIn read 700000 guides.
[INFO DRT-0156] guideIn read 800000 guides.
[INFO DRT-0156] guideIn read 900000 guides.
[INFO DRT-0156] guideIn read 1000000 guides.

[INFO DRT-0157] Number of guides:     1168492

[INFO DRT-0169] Post process guides.
[INFO DRT-0176] GCELLGRID X 0 DO 275 STEP 6900 ;
[INFO DRT-0177] GCELLGRID Y 0 DO 275 STEP 6900 ;
[INFO DRT-0026]   Complete 100000 origin guides.
[INFO DRT-0026]   Complete 200000 origin guides.
[INFO DRT-0026]   Complete 300000 origin guides.
[INFO DRT-0026]   Complete 400000 origin guides.
[INFO DRT-0026]   Complete 500000 origin guides.
[INFO DRT-0026]   Complete 600000 origin guides.
[INFO DRT-0026]   Complete 700000 origin guides.
[INFO DRT-0026]   Complete 800000 origin guides.
[INFO DRT-0026]   Complete 900000 origin guides.
[INFO DRT-0027]   Complete 1000000 origin guides.
[INFO DRT-0028]   Complete FR_MASTERSLICE.
[INFO DRT-0028]   Complete Fr_VIA.
[INFO DRT-0028]   Complete li1.
[INFO DRT-0028]   Complete mcon.
[INFO DRT-0028]   Complete met1.
[INFO DRT-0028]   Complete via.
[INFO DRT-0028]   Complete met2.
[INFO DRT-0028]   Complete via2.
[INFO DRT-0028]   Complete met3.
[INFO DRT-0028]   Complete via3.
[INFO DRT-0028]   Complete met4.
[INFO DRT-0028]   Complete via4.
[INFO DRT-0028]   Complete met5.
  complete 100000 nets.
[INFO DRT-0178] Init guide query.
[INFO DRT-0029]   Complete 100000 nets (guide).
[INFO DRT-0035]   Complete FR_MASTERSLICE (guide).
[INFO DRT-0035]   Complete Fr_VIA (guide).
[INFO DRT-0035]   Complete li1 (guide).
[INFO DRT-0035]   Complete mcon (guide).
[INFO DRT-0035]   Complete met1 (guide).
[INFO DRT-0035]   Complete via (guide).
[INFO DRT-0035]   Complete met2 (guide).
[INFO DRT-0035]   Complete via2 (guide).
[INFO DRT-0035]   Complete met3 (guide).
[INFO DRT-0035]   Complete via3 (guide).
[INFO DRT-0035]   Complete met4 (guide).
[INFO DRT-0035]   Complete via4 (guide).
[INFO DRT-0035]   Complete met5 (guide).
[INFO DRT-0036] FR_MASTERSLICE guide region query size = 0.
[INFO DRT-0036] FR_VIA guide region query size = 0.
[INFO DRT-0036] li1 guide region query size = 376017.
[INFO DRT-0036] mcon guide region query size = 0.
[INFO DRT-0036] met1 guide region query size = 342913.
[INFO DRT-0036] via guide region query size = 0.
[INFO DRT-0036] met2 guide region query size = 197314.
[INFO DRT-0036] via2 guide region query size = 0.
[INFO DRT-0036] met3 guide region query size = 26615.
[INFO DRT-0036] via3 guide region query size = 0.
[INFO DRT-0036] met4 guide region query size = 7508.
[INFO DRT-0036] via4 guide region query size = 0.
[INFO DRT-0036] met5 guide region query size = 349.
[INFO DRT-0179] Init gr pin query.
[INFO DRT-0267] cpu time = 00:00:03, elapsed time = 00:00:01, memory = 2002.00 (MB), peak = 5807.84 (MB)
[INFO DRT-0245] skipped writing guide updates to database.
[INFO DRT-0181] Start track assignment.
[INFO DRT-0184] Done with 580839 vertical wires in 6 frboxes and 369877 horizontal wires in 6 frboxes.
[INFO DRT-0186] Done with 68913 vertical wires in 6 frboxes and 112497 horizontal wires in 6 frboxes.
[INFO DRT-0182] Complete track assignment.
[INFO DRT-0267] cpu time = 00:00:57, elapsed time = 00:00:12, memory = 3496.70 (MB), peak = 5807.84 (MB)
[INFO DRT-0187] Start routing data preparation.
[INFO DRT-0267] cpu time = 00:00:01, elapsed time = 00:00:01, memory = 3837.12 (MB), peak = 5807.84 (MB)
[INFO DRT-0194] Start detail routing.
[INFO DRT-0195] Start 0th optimization iteration.
    Completing 10% with 0 violations.
    elapsed time = 00:00:08, memory = 4569.84 (MB).
    Completing 20% with 0 violations.
    elapsed time = 00:00:17, memory = 3694.05 (MB).
    Completing 30% with 34 violations.
    elapsed time = 00:00:32, memory = 3492.22 (MB).
    Completing 40% with 34 violations.
    elapsed time = 00:00:40, memory = 2919.88 (MB).
    Completing 50% with 34 violations.
    elapsed time = 00:00:49, memory = 2295.19 (MB).
    Completing 60% with 99 violations.
    elapsed time = 00:01:03, memory = 4048.17 (MB).
    Completing 70% with 99 violations.
    elapsed time = 00:01:11, memory = 3206.69 (MB).
    Completing 80% with 165 violations.
    elapsed time = 00:01:25, memory = 4721.70 (MB).
    Completing 90% with 165 violations.
    elapsed time = 00:01:32, memory = 4081.70 (MB).
    Completing 100% with 195 violations.
    elapsed time = 00:01:46, memory = 4975.75 (MB).
[INFO DRT-0199]   Number of violations = 240.
Viol/Layer         li1   met1   met2   met3   met4   met5
Metal Spacing        0      3     10      3      1      0
Recheck              1      4     15     20      1      4
Short                0     44     95     35      0      4
[INFO DRT-0267] cpu time = 00:11:43, elapsed time = 00:01:46, memory = 4940.66 (MB), peak = 5807.84 (MB)
Total wire length = 6788024 um.
Total wire length on LAYER li1 = 0 um.
Total wire length on LAYER met1 = 2383922 um.
Total wire length on LAYER met2 = 2921885 um.
Total wire length on LAYER met3 = 1081641 um.
Total wire length on LAYER met4 = 380688 um.
Total wire length on LAYER met5 = 19887 um.
Total number of vias = 1052493.
Up-via summary (total 1052493):

--------------------------
 FR_MASTERSLICE          0
            li1     444231
           met1     535001
           met2      60150
           met3      12485
           met4        626
--------------------------
               1052493


[INFO DRT-0195] Start 1st optimization iteration.
    Completing 10% with 240 violations.
    elapsed time = 00:00:08, memory = 4684.28 (MB).
    Completing 20% with 240 violations.
    elapsed time = 00:00:17, memory = 3998.55 (MB).
    Completing 30% with 193 violations.
    elapsed time = 00:00:29, memory = 4695.83 (MB).
    Completing 40% with 193 violations.
    elapsed time = 00:00:38, memory = 4122.11 (MB).
    Completing 50% with 193 violations.
    elapsed time = 00:00:46, memory = 3480.19 (MB).
    Completing 60% with 122 violations.
    elapsed time = 00:00:59, memory = 4542.31 (MB).
    Completing 70% with 122 violations.
    elapsed time = 00:01:07, memory = 4201.30 (MB).
    Completing 80% with 92 violations.
    elapsed time = 00:01:21, memory = 4772.03 (MB).
    Completing 90% with 92 violations.
    elapsed time = 00:01:28, memory = 4469.31 (MB).
    Completing 100% with 28 violations.
    elapsed time = 00:01:41, memory = 5218.66 (MB).
[INFO DRT-0199]   Number of violations = 28.
Viol/Layer        met1   met2   met3
Metal Spacing        4      3      1
Short                9     11      0
[INFO DRT-0267] cpu time = 00:11:19, elapsed time = 00:01:41, memory = 5205.44 (MB), peak = 5807.84 (MB)
Total wire length = 6787994 um.
Total wire length on LAYER li1 = 0 um.
Total wire length on LAYER met1 = 2383896 um.
Total wire length on LAYER met2 = 2921868 um.
Total wire length on LAYER met3 = 1081645 um.
Total wire length on LAYER met4 = 380698 um.
Total wire length on LAYER met5 = 19886 um.
Total number of vias = 1052496.
Up-via summary (total 1052496):

--------------------------
 FR_MASTERSLICE          0
            li1     444232
           met1     534995
           met2      60155
           met3      12488
           met4        626
--------------------------
               1052496


[INFO DRT-0195] Start 2nd optimization iteration.
    Completing 10% with 28 violations.
    elapsed time = 00:00:00, memory = 5252.89 (MB).
    Completing 20% with 28 violations.
    elapsed time = 00:00:00, memory = 5252.12 (MB).
    Completing 30% with 25 violations.
    elapsed time = 00:00:00, memory = 5137.09 (MB).
    Completing 40% with 25 violations.
    elapsed time = 00:00:00, memory = 5137.17 (MB).
    Completing 50% with 25 violations.
    elapsed time = 00:00:00, memory = 5130.25 (MB).
    Completing 60% with 24 violations.
    elapsed time = 00:00:00, memory = 5130.28 (MB).
    Completing 70% with 24 violations.
    elapsed time = 00:00:00, memory = 5130.41 (MB).
    Completing 80% with 23 violations.
    elapsed time = 00:00:01, memory = 5081.45 (MB).
    Completing 90% with 23 violations.
    elapsed time = 00:00:01, memory = 5081.55 (MB).
    Completing 100% with 22 violations.
    elapsed time = 00:00:02, memory = 5095.06 (MB).
[INFO DRT-0199]   Number of violations = 22.
Viol/Layer        met1   met2   met3
Short               13      7      2
[INFO DRT-0267] cpu time = 00:00:04, elapsed time = 00:00:02, memory = 5098.44 (MB), peak = 5807.84 (MB)
Total wire length = 6788000 um.
Total wire length on LAYER li1 = 0 um.
Total wire length on LAYER met1 = 2383902 um.
Total wire length on LAYER met2 = 2921865 um.
Total wire length on LAYER met3 = 1081646 um.
Total wire length on LAYER met4 = 380700 um.
Total wire length on LAYER met5 = 19886 um.
Total number of vias = 1052490.
Up-via summary (total 1052490):

--------------------------
 FR_MASTERSLICE          0
            li1     444232
           met1     534989
           met2      60155
           met3      12488
           met4        626
--------------------------
               1052490


[INFO DRT-0195] Start 3rd guides tiles iteration.
    Completing 10% with 22 violations.
    elapsed time = 00:00:00, memory = 4981.25 (MB).
    Completing 20% with 22 violations.
    elapsed time = 00:00:00, memory = 4925.94 (MB).
    Completing 30% with 22 violations.
    elapsed time = 00:00:00, memory = 4926.03 (MB).
    Completing 40% with 22 violations.
    elapsed time = 00:00:00, memory = 4923.20 (MB).
    Completing 50% with 22 violations.
    elapsed time = 00:00:00, memory = 4921.23 (MB).
    Completing 60% with 22 violations.
    elapsed time = 00:00:01, memory = 4841.84 (MB).
    Completing 70% with 7 violations.
    elapsed time = 00:00:01, memory = 4841.97 (MB).
    Completing 80% with 7 violations.
    elapsed time = 00:00:01, memory = 4842.02 (MB).
    Completing 90% with 7 violations.
    elapsed time = 00:00:01, memory = 4844.58 (MB).
    Completing 100% with 6 violations.
    elapsed time = 00:00:01, memory = 4844.59 (MB).
[INFO DRT-0199]   Number of violations = 6.
Viol/Layer        met1   met3
Short                4      2
[INFO DRT-0267] cpu time = 00:00:02, elapsed time = 00:00:01, memory = 4848.16 (MB), peak = 5807.84 (MB)
Total wire length = 6787974 um.
Total wire length on LAYER li1 = 0 um.
Total wire length on LAYER met1 = 2383889 um.
Total wire length on LAYER met2 = 2921482 um.
Total wire length on LAYER met3 = 1081657 um.
Total wire length on LAYER met4 = 381058 um.
Total wire length on LAYER met5 = 19886 um.
Total number of vias = 1052496.
Up-via summary (total 1052496):

--------------------------
 FR_MASTERSLICE          0
            li1     444233
           met1     534987
           met2      60152
           met3      12498
           met4        626
--------------------------
               1052496


[INFO DRT-0195] Start 4th guides tiles iteration.
    Completing 100% with 6 violations.
    elapsed time = 00:00:01, memory = 4674.03 (MB).
[INFO DRT-0199]   Number of violations = 6.
Viol/Layer        met1   met3
Short                4      2
[INFO DRT-0267] cpu time = 00:00:01, elapsed time = 00:00:01, memory = 4674.03 (MB), peak = 5807.84 (MB)
Total wire length = 6787974 um.
Total wire length on LAYER li1 = 0 um.
Total wire length on LAYER met1 = 2383889 um.
Total wire length on LAYER met2 = 2921482 um.
Total wire length on LAYER met3 = 1081657 um.
Total wire length on LAYER met4 = 381058 um.
Total wire length on LAYER met5 = 19886 um.
Total number of vias = 1052496.
Up-via summary (total 1052496):

--------------------------
 FR_MASTERSLICE          0
            li1     444233
           met1     534987
           met2      60152
           met3      12498
           met4        626
--------------------------
               1052496


[INFO DRT-0195] Start 5th stubborn tiles iteration.
    Completing 10% with 6 violations.
    elapsed time = 00:00:01, memory = 4222.59 (MB).
    Completing 20% with 6 violations.
    elapsed time = 00:00:01, memory = 4214.84 (MB).
    Completing 30% with 6 violations.
    elapsed time = 00:00:02, memory = 4213.94 (MB).
    Completing 40% with 6 violations.
    elapsed time = 00:00:03, memory = 4155.92 (MB).
    Completing 50% with 6 violations.
    elapsed time = 00:00:04, memory = 4097.89 (MB).
    Completing 60% with 6 violations.
    elapsed time = 00:00:04, memory = 4101.84 (MB).
    Completing 70% with 6 violations.
    elapsed time = 00:00:05, memory = 4085.39 (MB).
    Completing 80% with 6 violations.
    elapsed time = 00:00:06, memory = 4113.55 (MB).
    Completing 90% with 6 violations.
    elapsed time = 00:00:07, memory = 4088.72 (MB).
    Completing 100% with 0 violations.
    elapsed time = 00:00:14, memory = 3935.70 (MB).
[INFO DRT-0199]   Number of violations = 0.
[INFO DRT-0267] cpu time = 00:01:23, elapsed time = 00:00:14, memory = 3949.16 (MB), peak = 5807.84 (MB)
Total wire length = 6787966 um.
Total wire length on LAYER li1 = 0 um.
Total wire length on LAYER met1 = 2383897 um.
Total wire length on LAYER met2 = 2921482 um.
Total wire length on LAYER met3 = 1081641 um.
Total wire length on LAYER met4 = 381058 um.
Total wire length on LAYER met5 = 19886 um.
Total number of vias = 1052499.
Up-via summary (total 1052499):

--------------------------
 FR_MASTERSLICE          0
            li1     444233
           met1     534989
           met2      60153
           met3      12498
           met4        626
--------------------------
               1052499


[INFO DRT-0198] Complete detail routing.
Total wire length = 6787966 um.
Total wire length on LAYER li1 = 0 um.
Total wire length on LAYER met1 = 2383897 um.
Total wire length on LAYER met2 = 2921482 um.
Total wire length on LAYER met3 = 1081641 um.
Total wire length on LAYER met4 = 381058 um.
Total wire length on LAYER met5 = 19886 um.
Total number of vias = 1052499.
Up-via summary (total 1052499):

--------------------------
 FR_MASTERSLICE          0
            li1     444233
           met1     534989
           met2      60153
           met3      12498
           met4        626
--------------------------
               1052499


[INFO DRT-0267] cpu time = 00:24:37, elapsed time = 00:03:48, memory = 3892.86 (MB), peak = 5807.84 (MB)

[INFO DRT-0180] Post processing.
[INFO DRT-0501] Runtime: 514.69s
[INFO ANT-0002] Found 1 net violations.
[INFO ANT-0001] Found 2 pin violations.
[INFO GRT-0012] Found 1 antenna violations.
[INFO DPL-0006] Core area: 3527558.21 um^2
[INFO DPL-0007] Movable instances area: 0.00 um^2
[INFO DPL-0008] Fixed instances area within core: 1744262.89 um^2
[INFO DPL-0009] Utilization: 49.4%
[INFO DPL-0005] Diamond search max displacement: +/- 500 sites horizontally, +/- 100 rows vertically.
[INFO DPL-1102] Legalizing using negotiation legalizer.
[INFO DPL-1103] Negotiation base search window: +/-20 sites horizontally, +/-5 rows vertically 
	Automatic search window extension enabled.
	Search window extendable up to the max displacement cap of +/-500 sites, +/-100 rows near walls.
[INFO DPL-1104] NegotiationLegalizer DRC penalty: 5.
[INFO DPL-0392] Negotiation cell height distribution (1 unique row-count(s)):
[INFO DPL-0393]   height 1 row(s): 171097 cells
[INFO DPL-0500] Runtime: 0.70s
[INFO GRT-0015] Inserted 2 diodes.
[INFO DRT-0018]   Complete 100000 insts.
[INFO DRT-0024]   Complete FR_MASTERSLICE.
[INFO DRT-0024]   Complete Fr_VIA.
[INFO DRT-0024]   Complete li1.
[INFO DRT-0024]   Complete mcon.
[INFO DRT-0024]   Complete met1.
[INFO DRT-0024]   Complete via.
[INFO DRT-0024]   Complete met2.
[INFO DRT-0024]   Complete via2.
[INFO DRT-0024]   Complete met3.
[INFO DRT-0024]   Complete via3.
[INFO DRT-0024]   Complete met4.
[INFO DRT-0024]   Complete via4.
[INFO DRT-0024]   Complete met5.
[INFO DRT-0165] Start pin access.
[INFO DRT-0076]   Complete 1000 pins.
[INFO DRT-0076]   Complete 2000 pins.
[INFO DRT-0076]   Complete 3000 pins.
[INFO DRT-0078]   Complete 3371 pins.
[INFO DRT-0079]   Complete 100 unique inst patterns.
[INFO DRT-0079]   Complete 200 unique inst patterns.
[INFO DRT-0079]   Complete 300 unique inst patterns.
[INFO DRT-0079]   Complete 400 unique inst patterns.
[INFO DRT-0081]   Complete 409 unique inst patterns.
[INFO DRT-0082]   Complete 10000 groups.
[INFO DRT-0082]   Complete 20000 groups.
[INFO DRT-0082]   Complete 30000 groups.
[INFO DRT-0082]   Complete 40000 groups.
[INFO DRT-0082]   Complete 50000 groups.
[INFO DRT-0082]   Complete 60000 groups.
[INFO DRT-0082]   Complete 70000 groups.
[INFO DRT-0082]   Complete 80000 groups.
[INFO DRT-0082]   Complete 90000 groups.
[INFO DRT-0084]   Complete 93022 groups.
#scanned instances     = 171097
#unique  instances     = 409
#stdCellGenAp          = 13921
#stdCellValidPlanarAp  = 148
#stdCellValidViaAp     = 9893
#stdCellPinNoAp        = 10
#stdCellPinCnt         = 442266
#instTermValidViaApCnt = 0
#macroGenAp            = 0
#macroValidPlanarAp    = 0
#macroValidViaAp       = 0
#macroNoAp             = 0
[INFO DRT-0166] Complete pin access.
[INFO DRT-0267] cpu time = 00:34:21, elapsed time = 00:04:24, memory = 1642.20 (MB), peak = 5807.84 (MB)
[INFO DRT-0156] guideIn read 100000 guides.
[INFO DRT-0156] guideIn read 200000 guides.
[INFO DRT-0156] guideIn read 300000 guides.
[INFO DRT-0156] guideIn read 400000 guides.
[INFO DRT-0156] guideIn read 500000 guides.
[INFO DRT-0156] guideIn read 600000 guides.
[INFO DRT-0156] guideIn read 700000 guides.
[INFO DRT-0156] guideIn read 800000 guides.
[INFO DRT-0156] guideIn read 900000 guides.
[INFO DRT-0156] guideIn read 1000000 guides.

[INFO DRT-0157] Number of guides:     1168488

[INFO DRT-0169] Post process guides.
[INFO DRT-0176] GCELLGRID X 0 DO 275 STEP 6900 ;
[INFO DRT-0177] GCELLGRID Y 0 DO 275 STEP 6900 ;
[INFO DRT-0026]   Complete 100000 origin guides.
[INFO DRT-0026]   Complete 200000 origin guides.
[INFO DRT-0026]   Complete 300000 origin guides.
[INFO DRT-0026]   Complete 400000 origin guides.
[INFO DRT-0026]   Complete 500000 origin guides.
[INFO DRT-0026]   Complete 600000 origin guides.
[INFO DRT-0026]   Complete 700000 origin guides.
[INFO DRT-0026]   Complete 800000 origin guides.
[INFO DRT-0026]   Complete 900000 origin guides.
[INFO DRT-0027]   Complete 1000000 origin guides.
[INFO DRT-0028]   Complete FR_MASTERSLICE.
[INFO DRT-0028]   Complete Fr_VIA.
[INFO DRT-0028]   Complete li1.
[INFO DRT-0028]   Complete mcon.
[INFO DRT-0028]   Complete met1.
[INFO DRT-0028]   Complete via.
[INFO DRT-0028]   Complete met2.
[INFO DRT-0028]   Complete via2.
[INFO DRT-0028]   Complete met3.
[INFO DRT-0028]   Complete via3.
[INFO DRT-0028]   Complete met4.
[INFO DRT-0028]   Complete via4.
[INFO DRT-0028]   Complete met5.
  complete 100000 nets.
[INFO DRT-0178] Init guide query.
[INFO DRT-0029]   Complete 100000 nets (guide).
[INFO DRT-0035]   Complete FR_MASTERSLICE (guide).
[INFO DRT-0035]   Complete Fr_VIA (guide).
[INFO DRT-0035]   Complete li1 (guide).
[INFO DRT-0035]   Complete mcon (guide).
[INFO DRT-0035]   Complete met1 (guide).
[INFO DRT-0035]   Complete via (guide).
[INFO DRT-0035]   Complete met2 (guide).
[INFO DRT-0035]   Complete via2 (guide).
[INFO DRT-0035]   Complete met3 (guide).
[INFO DRT-0035]   Complete via3 (guide).
[INFO DRT-0035]   Complete met4 (guide).
[INFO DRT-0035]   Complete via4 (guide).
[INFO DRT-0035]   Complete met5 (guide).
[INFO DRT-0036] FR_MASTERSLICE guide region query size = 0.
[INFO DRT-0036] FR_VIA guide region query size = 0.
[INFO DRT-0036] li1 guide region query size = 376017.
[INFO DRT-0036] mcon guide region query size = 0.
[INFO DRT-0036] met1 guide region query size = 342913.
[INFO DRT-0036] via guide region query size = 0.
[INFO DRT-0036] met2 guide region query size = 197313.
[INFO DRT-0036] via2 guide region query size = 0.
[INFO DRT-0036] met3 guide region query size = 26614.
[INFO DRT-0036] via3 guide region query size = 0.
[INFO DRT-0036] met4 guide region query size = 7508.
[INFO DRT-0036] via4 guide region query size = 0.
[INFO DRT-0036] met5 guide region query size = 349.
[INFO DRT-0179] Init gr pin query.
[INFO DRT-0267] cpu time = 00:00:04, elapsed time = 00:00:01, memory = 2047.86 (MB), peak = 5807.84 (MB)
[INFO DRT-0245] skipped writing guide updates to database.
[INFO DRT-0181] Start track assignment.
[INFO DRT-0184] Done with 580838 vertical wires in 6 frboxes and 369876 horizontal wires in 6 frboxes.
[INFO DRT-0186] Done with 68982 vertical wires in 6 frboxes and 112471 horizontal wires in 6 frboxes.
[INFO DRT-0182] Complete track assignment.
[INFO DRT-0267] cpu time = 00:00:57, elapsed time = 00:00:12, memory = 3486.41 (MB), peak = 5807.84 (MB)
[INFO DRT-0187] Start routing data preparation.
[INFO DRT-0267] cpu time = 00:00:01, elapsed time = 00:00:01, memory = 3816.28 (MB), peak = 5807.84 (MB)
[INFO DRT-0194] Start detail routing.
[INFO DRT-0195] Start 0th optimization iteration.
    Completing 10% with 0 violations.
    elapsed time = 00:00:09, memory = 3500.70 (MB).
    Completing 20% with 0 violations.
    elapsed time = 00:00:18, memory = 4009.25 (MB).
    Completing 30% with 12 violations.
    elapsed time = 00:00:31, memory = 4444.19 (MB).
    Completing 40% with 12 violations.
    elapsed time = 00:00:39, memory = 4197.62 (MB).
    Completing 50% with 12 violations.
    elapsed time = 00:00:48, memory = 2923.62 (MB).
    Completing 60% with 39 violations.
    elapsed time = 00:01:01, memory = 4354.83 (MB).
    Completing 70% with 39 violations.
    elapsed time = 00:01:09, memory = 4273.70 (MB).
    Completing 80% with 44 violations.
    elapsed time = 00:01:23, memory = 4407.86 (MB).
    Completing 90% with 44 violations.
    elapsed time = 00:01:30, memory = 3760.78 (MB).
    Completing 100% with 48 violations.
    elapsed time = 00:01:43, memory = 4614.00 (MB).
[INFO DRT-0199]   Number of violations = 62.
Viol/Layer        met1   met2   met3
Metal Spacing        1      1      3
Recheck              2      5      7
Short                8     14     21
[INFO DRT-0267] cpu time = 00:11:32, elapsed time = 00:01:43, memory = 4614.78 (MB), peak = 5807.84 (MB)
Total wire length = 6787980 um.
Total wire length on LAYER li1 = 0 um.
Total wire length on LAYER met1 = 2383921 um.
Total wire length on LAYER met2 = 2921539 um.
Total wire length on LAYER met3 = 1081621 um.
Total wire length on LAYER met4 = 380999 um.
Total wire length on LAYER met5 = 19898 um.
Total number of vias = 1052503.
Up-via summary (total 1052503):

--------------------------
 FR_MASTERSLICE          0
            li1     444236
           met1     534997
           met2      60144
           met3      12498
           met4        628
--------------------------
               1052503


[INFO DRT-0195] Start 1st optimization iteration.
    Completing 10% with 62 violations.
    elapsed time = 00:00:07, memory = 4673.14 (MB).
    Completing 20% with 62 violations.
    elapsed time = 00:00:16, memory = 3437.05 (MB).
    Completing 30% with 54 violations.
    elapsed time = 00:00:29, memory = 4902.62 (MB).
    Completing 40% with 54 violations.
    elapsed time = 00:00:37, memory = 4526.64 (MB).
    Completing 50% with 54 violations.
    elapsed time = 00:00:46, memory = 3159.28 (MB).
    Completing 60% with 28 violations.
    elapsed time = 00:00:59, memory = 4513.05 (MB).
    Completing 70% with 28 violations.
    elapsed time = 00:01:07, memory = 3674.91 (MB).
    Completing 80% with 26 violations.
    elapsed time = 00:01:20, memory = 4532.45 (MB).
    Completing 90% with 26 violations.
    elapsed time = 00:01:28, memory = 3882.89 (MB).
    Completing 100% with 7 violations.
    elapsed time = 00:01:41, memory = 4994.14 (MB).
[INFO DRT-0199]   Number of violations = 7.
Viol/Layer        met1   met2   met3
Metal Spacing        0      0      1
Short                3      1      2
[INFO DRT-0267] cpu time = 00:11:19, elapsed time = 00:01:41, memory = 5143.09 (MB), peak = 5807.84 (MB)
Total wire length = 6787964 um.
Total wire length on LAYER li1 = 0 um.
Total wire length on LAYER met1 = 2383922 um.
Total wire length on LAYER met2 = 2921537 um.
Total wire length on LAYER met3 = 1081613 um.
Total wire length on LAYER met4 = 380992 um.
Total wire length on LAYER met5 = 19898 um.
Total number of vias = 1052504.
Up-via summary (total 1052504):

--------------------------
 FR_MASTERSLICE          0
            li1     444236
           met1     534994
           met2      60147
           met3      12499
           met4        628
--------------------------
               1052504


[INFO DRT-0195] Start 2nd optimization iteration.
    Completing 10% with 7 violations.
    elapsed time = 00:00:00, memory = 5213.05 (MB).
    Completing 20% with 7 violations.
    elapsed time = 00:00:00, memory = 5210.53 (MB).
    Completing 30% with 7 violations.
    elapsed time = 00:00:00, memory = 5174.50 (MB).
    Completing 40% with 7 violations.
    elapsed time = 00:00:00, memory = 5174.55 (MB).
    Completing 50% with 7 violations.
    elapsed time = 00:00:00, memory = 5068.77 (MB).
    Completing 60% with 7 violations.
    elapsed time = 00:00:00, memory = 5068.83 (MB).
    Completing 70% with 7 violations.
    elapsed time = 00:00:00, memory = 5068.86 (MB).
    Completing 80% with 7 violations.
    elapsed time = 00:00:00, memory = 5068.89 (MB).
    Completing 90% with 7 violations.
    elapsed time = 00:00:00, memory = 5068.97 (MB).
    Completing 100% with 7 violations.
    elapsed time = 00:00:01, memory = 5094.02 (MB).
[INFO DRT-0199]   Number of violations = 7.
Viol/Layer        met1   met2   met3
Metal Spacing        0      0      1
Short                3      1      2
[INFO DRT-0267] cpu time = 00:00:02, elapsed time = 00:00:01, memory = 5100.06 (MB), peak = 5807.84 (MB)
Total wire length = 6787958 um.
Total wire length on LAYER li1 = 0 um.
Total wire length on LAYER met1 = 2383918 um.
Total wire length on LAYER met2 = 2921538 um.
Total wire length on LAYER met3 = 1081609 um.
Total wire length on LAYER met4 = 380992 um.
Total wire length on LAYER met5 = 19898 um.
Total number of vias = 1052502.
Up-via summary (total 1052502):

--------------------------
 FR_MASTERSLICE          0
            li1     444236
           met1     534992
           met2      60147
           met3      12499
           met4        628
--------------------------
               1052502


[INFO DRT-0195] Start 3rd guides tiles iteration.
    Completing 20% with 7 violations.
    elapsed time = 00:00:00, memory = 5142.34 (MB).
    Completing 50% with 7 violations.
    elapsed time = 00:00:00, memory = 5140.28 (MB).
    Completing 70% with 7 violations.
    elapsed time = 00:00:00, memory = 5140.30 (MB).
    Completing 100% with 0 violations.
    elapsed time = 00:00:00, memory = 5108.08 (MB).
[INFO DRT-0199]   Number of violations = 0.
[INFO DRT-0267] cpu time = 00:00:01, elapsed time = 00:00:00, memory = 5112.61 (MB), peak = 5807.84 (MB)
Total wire length = 6787961 um.
Total wire length on LAYER li1 = 0 um.
Total wire length on LAYER met1 = 2383969 um.
Total wire length on LAYER met2 = 2921546 um.
Total wire length on LAYER met3 = 1081551 um.
Total wire length on LAYER met4 = 380996 um.
Total wire length on LAYER met5 = 19898 um.
Total number of vias = 1052511.
Up-via summary (total 1052511):

--------------------------
 FR_MASTERSLICE          0
            li1     444236
           met1     534998
           met2      60151
           met3      12498
           met4        628
--------------------------
               1052511


[INFO DRT-0198] Complete detail routing.
Total wire length = 6787961 um.
Total wire length on LAYER li1 = 0 um.
Total wire length on LAYER met1 = 2383969 um.
Total wire length on LAYER met2 = 2921546 um.
Total wire length on LAYER met3 = 1081551 um.
Total wire length on LAYER met4 = 380996 um.
Total wire length on LAYER met5 = 19898 um.
Total number of vias = 1052511.
Up-via summary (total 1052511):

--------------------------
 FR_MASTERSLICE          0
            li1     444236
           met1     534998
           met2      60151
           met3      12498
           met4        628
--------------------------
               1052511


[INFO DRT-0267] cpu time = 00:22:56, elapsed time = 00:03:28, memory = 5112.80 (MB), peak = 5807.84 (MB)

[INFO DRT-0180] Post processing.
[INFO DRT-0501] Runtime: 494.56s
[INFO ANT-0002] Found 0 net violations.
[INFO ANT-0001] Found 0 pin violations.
[INFO ANT-0002] Found 0 net violations.
[INFO ANT-0001] Found 0 pin violations.
Design area 1744263 um^2 49% utilization.
write_db /Users/shubhanshu/Desktop/Nebula/digital/artifacts/model_ppa_20260912/pnr_gemini_flash/results/sky130hd/nebula_bench/gemini_flash/5_2_route.odb
Elapsed time: 1:28:29.88[h:]min:sec. CPU time: user 37668.90 sys 373.22 (716%). Peak memory: 5947232KB.
Log                       Ext     Elapsed/s Peak Memory/MB sha1sum result [0:20)
5_2_route                 .odb         5309           5807 08d82ce2315f26b65700
/Users/shubhanshu/Desktop/Nebula/digital/orfs/flow/scripts/flow.sh 5_3_fillcell fillcell
Running fillcell.tcl, stage 5_3_fillcell
read_liberty /Users/shubhanshu/Desktop/Nebula/digital/orfs/flow/platforms/sky130hd/lib/sky130_fd_sc_hd__tt_025C_1v80.lib
read_db /Users/shubhanshu/Desktop/Nebula/digital/artifacts/model_ppa_20260912/pnr_gemini_flash/results/sky130hd/nebula_bench/gemini_flash/5_2_route.odb
read_sdc /Users/shubhanshu/Desktop/Nebula/digital/artifacts/model_ppa_20260912/pnr_gemini_flash/results/sky130hd/nebula_bench/gemini_flash/5_1_grt.sdc
source /Users/shubhanshu/Desktop/Nebula/digital/orfs/flow/platforms/sky130hd/setRC.tcl
filler_placement "sky130_fd_sc_hd__fill_1 sky130_fd_sc_hd__fill_2 sky130_fd_sc_hd__fill_4 sky130_fd_sc_hd__fill_8"
[INFO DPL-0001] Placed 308916 filler instances.
Design area 1744263 um^2 49% utilization.
write_db /Users/shubhanshu/Desktop/Nebula/digital/artifacts/model_ppa_20260912/pnr_gemini_flash/results/sky130hd/nebula_bench/gemini_flash/5_3_fillcell.odb
Elapsed time: 0:04.25[h:]min:sec. CPU time: user 3.70 sys 0.51 (99%). Peak memory: 984608KB.
Log                       Ext     Elapsed/s Peak Memory/MB sha1sum result [0:20)
5_3_fillcell              .odb            4            961 4739bd963d2d91d5dc98
cp /Users/shubhanshu/Desktop/Nebula/digital/artifacts/model_ppa_20260912/pnr_gemini_flash/results/sky130hd/nebula_bench/gemini_flash/5_3_fillcell.odb /Users/shubhanshu/Desktop/Nebula/digital/artifacts/model_ppa_20260912/pnr_gemini_flash/results/sky130hd/nebula_bench/gemini_flash/5_route.odb
cp /Users/shubhanshu/Desktop/Nebula/digital/artifacts/model_ppa_20260912/pnr_gemini_flash/results/sky130hd/nebula_bench/gemini_flash/5_1_grt.sdc /Users/shubhanshu/Desktop/Nebula/digital/artifacts/model_ppa_20260912/pnr_gemini_flash/results/sky130hd/nebula_bench/gemini_flash/5_route.sdc
/Users/shubhanshu/Desktop/Nebula/digital/orfs/flow/scripts/flow.sh 6_1_fill density_fill
Running density_fill.tcl, stage 6_1_fill
read_liberty /Users/shubhanshu/Desktop/Nebula/digital/orfs/flow/platforms/sky130hd/lib/sky130_fd_sc_hd__tt_025C_1v80.lib
read_db /Users/shubhanshu/Desktop/Nebula/digital/artifacts/model_ppa_20260912/pnr_gemini_flash/results/sky130hd/nebula_bench/gemini_flash/5_route.odb
read_sdc /Users/shubhanshu/Desktop/Nebula/digital/artifacts/model_ppa_20260912/pnr_gemini_flash/results/sky130hd/nebula_bench/gemini_flash/5_route.sdc
source /Users/shubhanshu/Desktop/Nebula/digital/orfs/flow/platforms/sky130hd/setRC.tcl
exec cp /Users/shubhanshu/Desktop/Nebula/digital/artifacts/model_ppa_20260912/pnr_gemini_flash/results/sky130hd/nebula_bench/gemini_flash/5_route.odb /Users/shubhanshu/Desktop/Nebula/digital/artifacts/model_ppa_20260912/pnr_gemini_flash/results/sky130hd/nebula_bench/gemini_flash/6_1_fill.odb
Elapsed time: 0:01.57[h:]min:sec. CPU time: user 1.30 sys 0.19 (94%). Peak memory: 654352KB.
Log                       Ext     Elapsed/s Peak Memory/MB sha1sum result [0:20)
6_1_fill                  .odb            1            639 4739bd963d2d91d5dc98
cp /Users/shubhanshu/Desktop/Nebula/digital/artifacts/model_ppa_20260912/pnr_gemini_flash/results/sky130hd/nebula_bench/gemini_flash/5_route.sdc /Users/shubhanshu/Desktop/Nebula/digital/artifacts/model_ppa_20260912/pnr_gemini_flash/results/sky130hd/nebula_bench/gemini_flash/6_1_fill.sdc
/Users/shubhanshu/Desktop/Nebula/digital/orfs/flow/scripts/flow.sh 6_report final_report
Running final_report.tcl, stage 6_report
read_liberty /Users/shubhanshu/Desktop/Nebula/digital/orfs/flow/platforms/sky130hd/lib/sky130_fd_sc_hd__tt_025C_1v80.lib
read_db /Users/shubhanshu/Desktop/Nebula/digital/artifacts/model_ppa_20260912/pnr_gemini_flash/results/sky130hd/nebula_bench/gemini_flash/6_1_fill.odb
read_sdc /Users/shubhanshu/Desktop/Nebula/digital/artifacts/model_ppa_20260912/pnr_gemini_flash/results/sky130hd/nebula_bench/gemini_flash/6_1_fill.sdc
source /Users/shubhanshu/Desktop/Nebula/digital/orfs/flow/platforms/sky130hd/setRC.tcl
write_db /Users/shubhanshu/Desktop/Nebula/digital/artifacts/model_ppa_20260912/pnr_gemini_flash/results/sky130hd/nebula_bench/gemini_flash/6_final.odb
write_sdc -no_timestamp /Users/shubhanshu/Desktop/Nebula/digital/artifacts/model_ppa_20260912/pnr_gemini_flash/results/sky130hd/nebula_bench/gemini_flash/6_final.sdc
Deleted 0 routing obstructions
Warning: master sky130_ef_sc_hd__decap_12 has signal pins but no liberty cell
[INFO RCX-0431] Defined process_corner X with ext_model_index 0
[INFO RCX-0029] Defined extraction corner X
[WARNING RCX-0514] The ext_model_file option is deprecated. Use set_extraction_rules_file command instead.
[INFO RCX-0435] Reading extraction model file /Users/shubhanshu/Desktop/Nebula/digital/orfs/flow/platforms/sky130hd/rcx_patterns.rules ...
[INFO RCX-0436] RC segment generation soc_top (max_merge_res 50.0) ...
[INFO RCX-0040] Final 590102 rc segments
[INFO RCX-0439] Coupling Cap extraction soc_top ...
[INFO RCX-0440] Coupling threshhold is 0.1000 fF, coupling capacitance less than 0.1000 fF will be grounded.
[INFO RCX-0442] 12% of 1244437 wires extracted
[INFO RCX-0442] 24% of 1244437 wires extracted
[INFO RCX-0442] 39% of 1244437 wires extracted
[INFO RCX-0442] 55% of 1244437 wires extracted
[INFO RCX-0442] 66% of 1244437 wires extracted
[INFO RCX-0442] 77% of 1244437 wires extracted
[INFO RCX-0442] 89% of 1244437 wires extracted
[INFO RCX-0442] 100% of 1244437 wires extracted
[INFO RCX-0045] Extract 121246 nets, 711046 rsegs, 711046 caps, 1391047 ccs
[INFO RCX-0042] 100000 nets finished
[INFO RCX-0443] 121246 nets finished
[INFO PSM-0040] All shapes on net VDD are connected.
########## IR report #################
Net              : VDD
Corner           : default
Total power      : 2.81e-01 W
Supply voltage   : 1.80e+00 V
Worstcase voltage: 1.80e+00 V
Average voltage  : 1.80e+00 V
Average IR drop  : 1.53e-05 V
Worstcase IR drop: 2.73e-04 V
Percentage drop  : 0.02 %
######################################
[INFO PSM-0040] All shapes on net VSS are connected.
########## IR report #################
Net              : VSS
Corner           : default
Total power      : 2.81e-01 W
Supply voltage   : 0.00e+00 V
Worstcase voltage: 2.89e-04 V
Average voltage  : 1.50e-05 V
Average IR drop  : 1.50e-05 V
Worstcase IR drop: 2.89e-04 V
Percentage drop  : 0.02 %
######################################
Cell type report:                       Count       Area
  Fill cell                            308916 1783295.32
  Tap cell                              47056   58876.47
  Antenna cell                           1303    3260.63
  Clock buffer                           5073  101840.17
  Timing Repair Buffer                  12678  104784.25
  Inverter                                996    3831.17
  Clock inverter                         1751   19145.86
  Sequential cell                       34009  955890.52
  Multi-Input combinational cell        68231  496633.81
  Total                                480013 3527558.21
Report metrics stage 6, finish...

==========================================================================
finish report_design_area
--------------------------------------------------------------------------
Design area 1744263 um^2 49% utilization.
Elapsed time: 2:19.31[h:]min:sec. CPU time: user 174.21 sys 37.97 (152%). Peak memory: 3096144KB.
Log                       Ext     Elapsed/s Peak Memory/MB sha1sum result [0:20)
6_report                                139           3023                  N/A
cp /Users/shubhanshu/Desktop/Nebula/digital/orfs/flow/platforms/sky130hd/lef/sky130_fd_sc_hd.tlef /Users/shubhanshu/Desktop/Nebula/digital/artifacts/model_ppa_20260912/pnr_gemini_flash/objects/sky130hd/nebula_bench/gemini_flash/klayout_tech.lef
/opt/homebrew/bin/python3 /Users/shubhanshu/Desktop/Nebula/digital/orfs/flow/util/generate_klayout_tech.py \
		--template /Users/shubhanshu/Desktop/Nebula/digital/orfs/flow/platforms/sky130hd/sky130hd.lyt \
		--output /Users/shubhanshu/Desktop/Nebula/digital/artifacts/model_ppa_20260912/pnr_gemini_flash/objects/sky130hd/nebula_bench/gemini_flash/klayout.lyt \
		--lef-files /Users/shubhanshu/Desktop/Nebula/digital/artifacts/model_ppa_20260912/pnr_gemini_flash/objects/sky130hd/nebula_bench/gemini_flash/klayout_tech.lef /Users/shubhanshu/Desktop/Nebula/digital/orfs/flow/platforms/sky130hd/lef/sky130_fd_sc_hd_merged.lef   \
		--map-files 
Error: KLayout not found. Install KLayout or set KLAYOUT_CMD.
Hint: KLayout is needed for GDS/DRC/LVS targets.
make: *** [check-klayout] Error 1
