
==========================================================================
detailed place report_tns
--------------------------------------------------------------------------
tns max -3830.38

==========================================================================
detailed place report_wns
--------------------------------------------------------------------------
wns max -31.17

==========================================================================
detailed place report_worst_slack
--------------------------------------------------------------------------
worst slack max -31.17

==========================================================================
detailed place report_clock_min_period
--------------------------------------------------------------------------
clk1 period_min = 11.19 fmax = 89.39
clk2 period_min = 0.00 fmax = inf
clk3 period_min = 0.00 fmax = inf
clk4 period_min = 0.00 fmax = inf
clk5 period_min = 0.00 fmax = inf
clk_s1 period_min = 6.25 fmax = 160.09
clk_s1_gate period_min = 0.00 fmax = inf
clk_s2 period_min = 9.00 fmax = 111.11
clk_s2_gate period_min = 0.00 fmax = inf
clk_s3 period_min = 6.87 fmax = 145.52
clk_s4 period_min = 7.41 fmax = 134.96
clk_s4_gate period_min = 0.00 fmax = inf
clk_s5 period_min = 43.67 fmax = 22.90
clk_s5_gate period_min = 0.00 fmax = inf
clk_s8 period_min = 6.33 fmax = 158.06
dot_clk_div_clk_div2 period_min = 0.00 fmax = inf
dot_clk_div_clk_div4 period_min = 0.00 fmax = inf
dot_clk_div_clk_div8 period_min = 0.00 fmax = inf
gpio_clk_div_clk_div2 period_min = 0.00 fmax = inf
gpio_clk_div_clk_div4 period_min = 0.00 fmax = inf
gpio_clk_div_clk_div8 period_min = 0.00 fmax = inf
timer_clk_div_clk_div2 period_min = 0.00 fmax = inf
timer_clk_div_clk_div4 period_min = 0.00 fmax = inf
timer_clk_div_clk_div8 period_min = 0.00 fmax = inf
uart_clk_div_clk_div2 period_min = 0.00 fmax = inf
uart_clk_div_clk_div4 period_min = 0.00 fmax = inf
uart_clk_div_clk_div8 period_min = 0.00 fmax = inf

==========================================================================
detailed place report_checks -path_delay min
--------------------------------------------------------------------------
Startpoint: clkcfg_done$_SDFF_PP0_
            (rising edge-triggered flip-flop clocked by clk1)
Endpoint: clkcfg_done$_SDFF_PP0_
          (rising edge-triggered flip-flop clocked by clk1)
Path Group: clk1
Path Type: min

Fanout     Cap    Slew   Delay    Time   Description
-----------------------------------------------------------------------------
                  0.15    0.00    0.00   clock clk1 (rise edge)
                          0.00    0.00   clock network delay (ideal)
                  0.15    0.00    0.00 ^ clkcfg_done$_SDFF_PP0_/CLK (sky130_fd_sc_hd__dfxtp_1)
     2    0.01    0.07    0.36    0.36 ^ clkcfg_done$_SDFF_PP0_/Q (sky130_fd_sc_hd__dfxtp_1)
                                         clkcfg_done (net)
                  0.07    0.00    0.36 ^ _3159_/B (sky130_fd_sc_hd__nor3_1)
     1    0.00    0.03    0.05    0.41 v _3159_/Y (sky130_fd_sc_hd__nor3_1)
                                         _0103_ (net)
                  0.03    0.00    0.41 v clkcfg_done$_SDFF_PP0_/D (sky130_fd_sc_hd__dfxtp_1)
                                  0.41   data arrival time

                  0.15    0.00    0.00   clock clk1 (rise edge)
                          0.00    0.00   clock network delay (ideal)
                          0.10    0.10   clock uncertainty
                          0.00    0.10   clock reconvergence pessimism
                                  0.10 ^ clkcfg_done$_SDFF_PP0_/CLK (sky130_fd_sc_hd__dfxtp_1)
                         -0.02    0.08   library hold time
                                  0.08   data required time
-----------------------------------------------------------------------------
                                  0.08   data required time
                                 -0.41   data arrival time
-----------------------------------------------------------------------------
                                  0.33   slack (MET)


Startpoint: timer_0/fifo_timer_w/synchronizers_1_clk_2[0]$_SDFF_PP0_
            (rising edge-triggered flip-flop clocked by clk_s1)
Endpoint: timer_0/fifo_timer_w/synchronizers_2_clk_2[0]$_SDFF_PP0_
          (rising edge-triggered flip-flop clocked by clk_s1)
Path Group: clk_s1
Path Type: min

Fanout     Cap    Slew   Delay    Time   Description
-----------------------------------------------------------------------------
                  0.15    0.00    0.00   clock clk_s1 (rise edge)
                          0.00    0.00   clock network delay (ideal)
                  0.15    0.00    0.00 ^ timer_0/fifo_timer_w/synchronizers_1_clk_2[0]$_SDFF_PP0_/CLK (sky130_fd_sc_hd__dfxtp_1)
     1    0.00    0.03    0.33    0.33 ^ timer_0/fifo_timer_w/synchronizers_1_clk_2[0]$_SDFF_PP0_/Q (sky130_fd_sc_hd__dfxtp_1)
                                         timer_0/fifo_timer_w/synchronizers_1_clk_2[0] (net)
                  0.03    0.00    0.33 ^ timer_0/fifo_timer_w/_806_/B_N (sky130_fd_sc_hd__nor2b_1)
     1    0.00    0.07    0.10    0.43 ^ timer_0/fifo_timer_w/_806_/Y (sky130_fd_sc_hd__nor2b_1)
                                         timer_0/fifo_timer_w/_023_ (net)
                  0.07    0.00    0.43 ^ timer_0/fifo_timer_w/synchronizers_2_clk_2[0]$_SDFF_PP0_/D (sky130_fd_sc_hd__dfxtp_1)
                                  0.43   data arrival time

                  0.15    0.00    0.00   clock clk_s1 (rise edge)
                          0.00    0.00   clock network delay (ideal)
                          0.10    0.10   clock uncertainty
                          0.00    0.10   clock reconvergence pessimism
                                  0.10 ^ timer_0/fifo_timer_w/synchronizers_2_clk_2[0]$_SDFF_PP0_/CLK (sky130_fd_sc_hd__dfxtp_1)
                         -0.02    0.08   library hold time
                                  0.08   data required time
-----------------------------------------------------------------------------
                                  0.08   data required time
                                 -0.43   data arrival time
-----------------------------------------------------------------------------
                                  0.35   slack (MET)


Startpoint: timer_clk_div/clk_div[0]$_SDFF_PP0_/Q
            (clock source 'timer_clk_div_clk_div2')
Endpoint: timer_clk_div/clk_div[0]$_SDFF_PP0_
          (rising edge-triggered flip-flop clocked by clk_s1_gate)
Path Group: clk_s1_gate
Path Type: min

Fanout     Cap    Slew   Delay    Time   Description
-----------------------------------------------------------------------------
                  0.15    0.00    0.00   clock timer_clk_div_clk_div2 (rise edge)
     3    0.01    0.08    0.00    0.00 ^ timer_clk_div/clk_div[0]$_SDFF_PP0_/Q (sky130_fd_sc_hd__dfxtp_1)
                                         timer_clk_div/clk_div2 (net)
                  0.08    0.00    0.00 ^ timer_clk_div/_07_/B (sky130_fd_sc_hd__nor2_1)
     1    0.00    0.03    0.04    0.04 v timer_clk_div/_07_/Y (sky130_fd_sc_hd__nor2_1)
                                         timer_clk_div/_03_ (net)
                  0.03    0.00    0.04 v timer_clk_div/clk_div[0]$_SDFF_PP0_/D (sky130_fd_sc_hd__dfxtp_1)
                                  0.04   data arrival time

                  0.15    0.00    0.00   clock clk_s1_gate (rise edge)
                          0.00    0.00   clock network delay (ideal)
                          0.10    0.10   clock uncertainty
                          0.00    0.10   clock reconvergence pessimism
                                  0.10 ^ timer_clk_div/clk_div[0]$_SDFF_PP0_/CLK (sky130_fd_sc_hd__dfxtp_1)
                         -0.02    0.08   library hold time
                                  0.08   data required time
-----------------------------------------------------------------------------
                                  0.08   data required time
                                 -0.04   data arrival time
-----------------------------------------------------------------------------
                                 -0.04   slack (VIOLATED)


Startpoint: gpio_0/gpio_0/int_clr_reg_gpio[11]$_SDFFE_PP0P_
            (rising edge-triggered flip-flop clocked by clk_s2)
Endpoint: gpio_0/gpio_0/int_status_reg_gpio[11]$_SDFF_PP0_
          (rising edge-triggered flip-flop clocked by clk_s2)
Path Group: clk_s2
Path Type: min

Fanout     Cap    Slew   Delay    Time   Description
-----------------------------------------------------------------------------
                  0.15    0.00    0.00   clock clk_s2 (rise edge)
                          0.00    0.00   clock network delay (ideal)
                  0.15    0.00    0.00 ^ gpio_0/gpio_0/int_clr_reg_gpio[11]$_SDFFE_PP0P_/CLK (sky130_fd_sc_hd__dfxtp_1)
     3    0.01    0.09    0.38    0.38 ^ gpio_0/gpio_0/int_clr_reg_gpio[11]$_SDFFE_PP0P_/Q (sky130_fd_sc_hd__dfxtp_1)
                                         gpio_0/gpio_0/int_clr_reg_gpio[11] (net)
                  0.09    0.00    0.38 ^ gpio_0/gpio_0/_3137_/C1 (sky130_fd_sc_hd__a211oi_1)
     1    0.00    0.04    0.05    0.43 v gpio_0/gpio_0/_3137_/Y (sky130_fd_sc_hd__a211oi_1)
                                         gpio_0/gpio_0/_0376_ (net)
                  0.04    0.00    0.43 v gpio_0/gpio_0/int_status_reg_gpio[11]$_SDFF_PP0_/D (sky130_fd_sc_hd__dfxtp_1)
                                  0.43   data arrival time

                  0.15    0.00    0.00   clock clk_s2 (rise edge)
                          0.00    0.00   clock network delay (ideal)
                          0.10    0.10   clock uncertainty
                          0.00    0.10   clock reconvergence pessimism
                                  0.10 ^ gpio_0/gpio_0/int_status_reg_gpio[11]$_SDFF_PP0_/CLK (sky130_fd_sc_hd__dfxtp_1)
                         -0.03    0.07   library hold time
                                  0.07   data required time
-----------------------------------------------------------------------------
                                  0.07   data required time
                                 -0.43   data arrival time
-----------------------------------------------------------------------------
                                  0.35   slack (MET)


Startpoint: gpio_clk_div/clk_div[0]$_SDFF_PP0_/Q
            (clock source 'gpio_clk_div_clk_div2')
Endpoint: gpio_clk_div/clk_div[0]$_SDFF_PP0_
          (rising edge-triggered flip-flop clocked by clk_s2_gate)
Path Group: clk_s2_gate
Path Type: min

Fanout     Cap    Slew   Delay    Time   Description
-----------------------------------------------------------------------------
                  0.15    0.00    0.00   clock gpio_clk_div_clk_div2 (rise edge)
     3    0.01    0.08    0.00    0.00 ^ gpio_clk_div/clk_div[0]$_SDFF_PP0_/Q (sky130_fd_sc_hd__dfxtp_1)
                                         gpio_clk_div/clk_div2 (net)
                  0.08    0.00    0.00 ^ gpio_clk_div/_07_/B (sky130_fd_sc_hd__nor2_1)
     1    0.00    0.03    0.04    0.04 v gpio_clk_div/_07_/Y (sky130_fd_sc_hd__nor2_1)
                                         gpio_clk_div/_03_ (net)
                  0.03    0.00    0.04 v gpio_clk_div/clk_div[0]$_SDFF_PP0_/D (sky130_fd_sc_hd__dfxtp_1)
                                  0.04   data arrival time

                  0.15    0.00    0.00   clock clk_s2_gate (rise edge)
                          0.00    0.00   clock network delay (ideal)
                          0.10    0.10   clock uncertainty
                          0.00    0.10   clock reconvergence pessimism
                                  0.10 ^ gpio_clk_div/clk_div[0]$_SDFF_PP0_/CLK (sky130_fd_sc_hd__dfxtp_1)
                         -0.02    0.08   library hold time
                                  0.08   data required time
-----------------------------------------------------------------------------
                                  0.08   data required time
                                 -0.04   data arrival time
-----------------------------------------------------------------------------
                                 -0.04   slack (VIOLATED)


Startpoint: dma_config_0/dma_0/control_dma[30]$_SDFFE_PP0P_
            (rising edge-triggered flip-flop clocked by clk_s3)
Endpoint: dma_config_0/dma_0/control_dma[30]$_SDFFE_PP0P_
          (rising edge-triggered flip-flop clocked by clk_s3)
Path Group: clk_s3
Path Type: min

Fanout     Cap    Slew   Delay    Time   Description
-----------------------------------------------------------------------------
                  0.15    0.00    0.00   clock clk_s3 (rise edge)
                          0.00    0.00   clock network delay (ideal)
                  0.15    0.00    0.00 ^ dma_config_0/dma_0/control_dma[30]$_SDFFE_PP0P_/CLK (sky130_fd_sc_hd__dfxtp_1)
     2    0.01    0.04    0.34    0.34 v dma_config_0/dma_0/control_dma[30]$_SDFFE_PP0P_/Q (sky130_fd_sc_hd__dfxtp_1)
                                         dma_config_0/dma_0/control_dma[30] (net)
                  0.04    0.00    0.34 v dma_config_0/dma_0/_2083_/A (sky130_fd_sc_hd__nand2_1)
     1    0.00    0.04    0.05    0.39 ^ dma_config_0/dma_0/_2083_/Y (sky130_fd_sc_hd__nand2_1)
                                         dma_config_0/dma_0/_0519_ (net)
                  0.04    0.00    0.39 ^ dma_config_0/dma_0/_2084_/A2 (sky130_fd_sc_hd__a21oi_1)
     1    0.00    0.04    0.05    0.44 v dma_config_0/dma_0/_2084_/Y (sky130_fd_sc_hd__a21oi_1)
                                         dma_config_0/dma_0/_0078_ (net)
                  0.04    0.00    0.44 v dma_config_0/dma_0/control_dma[30]$_SDFFE_PP0P_/D (sky130_fd_sc_hd__dfxtp_1)
                                  0.44   data arrival time

                  0.15    0.00    0.00   clock clk_s3 (rise edge)
                          0.00    0.00   clock network delay (ideal)
                          0.10    0.10   clock uncertainty
                          0.00    0.10   clock reconvergence pessimism
                                  0.10 ^ dma_config_0/dma_0/control_dma[30]$_SDFFE_PP0P_/CLK (sky130_fd_sc_hd__dfxtp_1)
                         -0.03    0.07   library hold time
                                  0.07   data required time
-----------------------------------------------------------------------------
                                  0.07   data required time
                                 -0.44   data arrival time
-----------------------------------------------------------------------------
                                  0.37   slack (MET)


Startpoint: uart_0/uart_0/rx_sync[0]$_SDFF_PP1_
            (rising edge-triggered flip-flop clocked by clk_s4)
Endpoint: uart_0/uart_0/rx_sync[1]$_SDFF_PP1_
          (rising edge-triggered flip-flop clocked by clk_s4)
Path Group: clk_s4
Path Type: min

Fanout     Cap    Slew   Delay    Time   Description
-----------------------------------------------------------------------------
                  0.15    0.00    0.00   clock clk_s4 (rise edge)
                          0.00    0.00   clock network delay (ideal)
                  0.15    0.00    0.00 ^ uart_0/uart_0/rx_sync[0]$_SDFF_PP1_/CLK (sky130_fd_sc_hd__dfxtp_1)
     1    0.00    0.04    0.34    0.34 ^ uart_0/uart_0/rx_sync[0]$_SDFF_PP1_/Q (sky130_fd_sc_hd__dfxtp_1)
                                         uart_0/uart_0/rx_sync[0] (net)
                  0.04    0.00    0.34 ^ uart_0/uart_0/_1320_/B (sky130_fd_sc_hd__or2_2)
     1    0.00    0.03    0.09    0.43 ^ uart_0/uart_0/_1320_/X (sky130_fd_sc_hd__or2_2)
                                         uart_0/uart_0/_0138_ (net)
                  0.03    0.00    0.43 ^ uart_0/uart_0/rx_sync[1]$_SDFF_PP1_/D (sky130_fd_sc_hd__dfxtp_1)
                                  0.43   data arrival time

                  0.15    0.00    0.00   clock clk_s4 (rise edge)
                          0.00    0.00   clock network delay (ideal)
                          0.10    0.10   clock uncertainty
                          0.00    0.10   clock reconvergence pessimism
                                  0.10 ^ uart_0/uart_0/rx_sync[1]$_SDFF_PP1_/CLK (sky130_fd_sc_hd__dfxtp_1)
                         -0.01    0.09   library hold time
                                  0.09   data required time
-----------------------------------------------------------------------------
                                  0.09   data required time
                                 -0.43   data arrival time
-----------------------------------------------------------------------------
                                  0.34   slack (MET)


Startpoint: uart_clk_div/clk_div[0]$_SDFF_PP0_/Q
            (clock source 'uart_clk_div_clk_div2')
Endpoint: uart_clk_div/clk_div[0]$_SDFF_PP0_
          (rising edge-triggered flip-flop clocked by clk_s4_gate)
Path Group: clk_s4_gate
Path Type: min

Fanout     Cap    Slew   Delay    Time   Description
-----------------------------------------------------------------------------
                  0.15    0.00    0.00   clock uart_clk_div_clk_div2 (rise edge)
     3    0.01    0.08    0.00    0.00 ^ uart_clk_div/clk_div[0]$_SDFF_PP0_/Q (sky130_fd_sc_hd__dfxtp_1)
                                         uart_clk_div/clk_div2 (net)
                  0.08    0.00    0.00 ^ uart_clk_div/_07_/B (sky130_fd_sc_hd__nor2_1)
     1    0.00    0.03    0.04    0.04 v uart_clk_div/_07_/Y (sky130_fd_sc_hd__nor2_1)
                                         uart_clk_div/_03_ (net)
                  0.03    0.00    0.04 v uart_clk_div/clk_div[0]$_SDFF_PP0_/D (sky130_fd_sc_hd__dfxtp_1)
                                  0.04   data arrival time

                  0.15    0.00    0.00   clock clk_s4_gate (rise edge)
                          0.00    0.00   clock network delay (ideal)
                          0.10    0.10   clock uncertainty
                          0.00    0.10   clock reconvergence pessimism
                                  0.10 ^ uart_clk_div/clk_div[0]$_SDFF_PP0_/CLK (sky130_fd_sc_hd__dfxtp_1)
                         -0.02    0.08   library hold time
                                  0.08   data required time
-----------------------------------------------------------------------------
                                  0.08   data required time
                                 -0.04   data arrival time
-----------------------------------------------------------------------------
                                 -0.04   slack (VIOLATED)


Startpoint: dot_0/fifo_timer_w2/synchronizers_1_clk_2[1]$_SDFF_PP0_
            (rising edge-triggered flip-flop clocked by clk_s5)
Endpoint: dot_0/fifo_timer_w2/synchronizers_2_clk_2[1]$_SDFF_PP0_
          (rising edge-triggered flip-flop clocked by clk_s5)
Path Group: clk_s5
Path Type: min

Fanout     Cap    Slew   Delay    Time   Description
-----------------------------------------------------------------------------
                  0.15    0.00    0.00   clock clk_s5 (rise edge)
                          0.00    0.00   clock network delay (ideal)
                  0.15    0.00    0.00 ^ dot_0/fifo_timer_w2/synchronizers_1_clk_2[1]$_SDFF_PP0_/CLK (sky130_fd_sc_hd__dfxtp_1)
     1    0.00    0.02    0.32    0.32 v dot_0/fifo_timer_w2/synchronizers_1_clk_2[1]$_SDFF_PP0_/Q (sky130_fd_sc_hd__dfxtp_1)
                                         dot_0/fifo_timer_w2/synchronizers_1_clk_2[1] (net)
                  0.02    0.00    0.32 v dot_0/fifo_timer_w2/_675_/B_N (sky130_fd_sc_hd__nor2b_1)
     1    0.00    0.03    0.11    0.43 v dot_0/fifo_timer_w2/_675_/Y (sky130_fd_sc_hd__nor2b_1)
                                         dot_0/fifo_timer_w2/_026_ (net)
                  0.03    0.00    0.43 v dot_0/fifo_timer_w2/synchronizers_2_clk_2[1]$_SDFF_PP0_/D (sky130_fd_sc_hd__dfxtp_1)
                                  0.43   data arrival time

                  0.15    0.00    0.00   clock clk_s5 (rise edge)
                          0.00    0.00   clock network delay (ideal)
                          0.10    0.10   clock uncertainty
                          0.00    0.10   clock reconvergence pessimism
                                  0.10 ^ dot_0/fifo_timer_w2/synchronizers_2_clk_2[1]$_SDFF_PP0_/CLK (sky130_fd_sc_hd__dfxtp_1)
                         -0.02    0.08   library hold time
                                  0.08   data required time
-----------------------------------------------------------------------------
                                  0.08   data required time
                                 -0.43   data arrival time
-----------------------------------------------------------------------------
                                  0.36   slack (MET)


Startpoint: dot_clk_div/clk_div[0]$_SDFF_PP0_/Q
            (clock source 'dot_clk_div_clk_div2')
Endpoint: dot_clk_div/clk_div[0]$_SDFF_PP0_
          (rising edge-triggered flip-flop clocked by clk_s5_gate)
Path Group: clk_s5_gate
Path Type: min

Fanout     Cap    Slew   Delay    Time   Description
-----------------------------------------------------------------------------
                  0.15    0.00    0.00   clock dot_clk_div_clk_div2 (rise edge)
     3    0.01    0.08    0.00    0.00 ^ dot_clk_div/clk_div[0]$_SDFF_PP0_/Q (sky130_fd_sc_hd__dfxtp_1)
                                         dot_clk_div/clk_div2 (net)
                  0.08    0.00    0.00 ^ dot_clk_div/_07_/B (sky130_fd_sc_hd__nor2_1)
     1    0.00    0.03    0.04    0.04 v dot_clk_div/_07_/Y (sky130_fd_sc_hd__nor2_1)
                                         dot_clk_div/_03_ (net)
                  0.03    0.00    0.04 v dot_clk_div/clk_div[0]$_SDFF_PP0_/D (sky130_fd_sc_hd__dfxtp_1)
                                  0.04   data arrival time

                  0.15    0.00    0.00   clock clk_s5_gate (rise edge)
                          0.00    0.00   clock network delay (ideal)
                          0.10    0.10   clock uncertainty
                          0.00    0.10   clock reconvergence pessimism
                                  0.10 ^ dot_clk_div/clk_div[0]$_SDFF_PP0_/CLK (sky130_fd_sc_hd__dfxtp_1)
                         -0.02    0.08   library hold time
                                  0.08   data required time
-----------------------------------------------------------------------------
                                  0.08   data required time
                                 -0.04   data arrival time
-----------------------------------------------------------------------------
                                 -0.04   slack (VIOLATED)


Startpoint: memory_axi_0/count_len[7]$_SDFF_PP0_
            (rising edge-triggered flip-flop clocked by clk_s8)
Endpoint: memory_axi_0/count_len[7]$_SDFF_PP0_
          (rising edge-triggered flip-flop clocked by clk_s8)
Path Group: clk_s8
Path Type: min

Fanout     Cap    Slew   Delay    Time   Description
-----------------------------------------------------------------------------
                  0.15    0.00    0.00   clock clk_s8 (rise edge)
                          0.00    0.00   clock network delay (ideal)
                  0.15    0.00    0.00 ^ memory_axi_0/count_len[7]$_SDFF_PP0_/CLK (sky130_fd_sc_hd__dfxtp_1)
     3    0.01    0.13    0.41    0.41 ^ memory_axi_0/count_len[7]$_SDFF_PP0_/Q (sky130_fd_sc_hd__dfxtp_1)
                                         memory_axi_0/count_len[7] (net)
                  0.13    0.00    0.41 ^ memory_axi_0/_1158_/A1 (sky130_fd_sc_hd__a21oi_1)
     1    0.00    0.04    0.08    0.49 v memory_axi_0/_1158_/Y (sky130_fd_sc_hd__a21oi_1)
                                         memory_axi_0/_0082_ (net)
                  0.04    0.00    0.49 v memory_axi_0/count_len[7]$_SDFF_PP0_/D (sky130_fd_sc_hd__dfxtp_1)
                                  0.49   data arrival time

                  0.15    0.00    0.00   clock clk_s8 (rise edge)
                          0.00    0.00   clock network delay (ideal)
                          0.10    0.10   clock uncertainty
                          0.00    0.10   clock reconvergence pessimism
                                  0.10 ^ memory_axi_0/count_len[7]$_SDFF_PP0_/CLK (sky130_fd_sc_hd__dfxtp_1)
                         -0.03    0.07   library hold time
                                  0.07   data required time
-----------------------------------------------------------------------------
                                  0.07   data required time
                                 -0.49   data arrival time
-----------------------------------------------------------------------------
                                  0.41   slack (MET)



==========================================================================
detailed place report_checks -path_delay max
--------------------------------------------------------------------------
Startpoint: processor_0/ex_stage/mul_unit_ex/s1_a[0]$_SDFFE_PP0P_
            (rising edge-triggered flip-flop clocked by clk1)
Endpoint: processor_0/ex_stage/mul_unit_ex/product[60]$_SDFFE_PP0P_
          (rising edge-triggered flip-flop clocked by clk1)
Path Group: clk1
Path Type: max

Fanout     Cap    Slew   Delay    Time   Description
-----------------------------------------------------------------------------
                  0.15    0.00    0.00   clock clk1 (rise edge)
                          0.00    0.00   clock network delay (ideal)
                  0.15    0.00    0.00 ^ processor_0/ex_stage/mul_unit_ex/s1_a[0]$_SDFFE_PP0P_/CLK (sky130_fd_sc_hd__dfxtp_1)
     4    0.02    0.09    0.38    0.38 v processor_0/ex_stage/mul_unit_ex/s1_a[0]$_SDFFE_PP0P_/Q (sky130_fd_sc_hd__dfxtp_1)
                                         processor_0/ex_stage/mul_unit_ex/GEN_PARTIAL[0].a_ext[0] (net)
                  0.09    0.00    0.38 v processor_0/ex_stage/mul_unit_ex/_06031_/A (sky130_fd_sc_hd__inv_1)
     2    0.01    0.07    0.09    0.47 ^ processor_0/ex_stage/mul_unit_ex/_06031_/Y (sky130_fd_sc_hd__inv_1)
                                         processor_0/ex_stage/mul_unit_ex/_00748_ (net)
                  0.07    0.00    0.47 ^ processor_0/ex_stage/mul_unit_ex/_10987_/A (sky130_fd_sc_hd__ha_1)
     2    0.01    0.08    0.17    0.64 ^ processor_0/ex_stage/mul_unit_ex/_10987_/COUT (sky130_fd_sc_hd__ha_1)
                                         processor_0/ex_stage/mul_unit_ex/_00043_ (net)
                  0.08    0.00    0.64 ^ processor_0/ex_stage/mul_unit_ex/_05591_/C_N (sky130_fd_sc_hd__or3b_2)
     3    0.03    0.15    0.54    1.19 v processor_0/ex_stage/mul_unit_ex/_05591_/X (sky130_fd_sc_hd__or3b_2)
                                         processor_0/ex_stage/mul_unit_ex/_00342_ (net)
                  0.15    0.00    1.19 v processor_0/ex_stage/mul_unit_ex/_05841_/C (sky130_fd_sc_hd__or3_1)
     2    0.01    0.12    0.41    1.60 v processor_0/ex_stage/mul_unit_ex/_05841_/X (sky130_fd_sc_hd__or3_1)
                                         processor_0/ex_stage/mul_unit_ex/_00576_ (net)
                  0.12    0.00    1.60 v processor_0/ex_stage/mul_unit_ex/_05843_/C (sky130_fd_sc_hd__or3_1)
     2    0.02    0.13    0.42    2.01 v processor_0/ex_stage/mul_unit_ex/_05843_/X (sky130_fd_sc_hd__or3_1)
                                         processor_0/ex_stage/mul_unit_ex/_00578_ (net)
                  0.13    0.00    2.01 v processor_0/ex_stage/mul_unit_ex/_05845_/C (sky130_fd_sc_hd__nor3_1)
     1    0.00    0.15    0.16    2.17 ^ processor_0/ex_stage/mul_unit_ex/_05845_/Y (sky130_fd_sc_hd__nor3_1)
                                         processor_0/ex_stage/mul_unit_ex/_00580_ (net)
                  0.15    0.00    2.17 ^ processor_0/ex_stage/mul_unit_ex/place30782/A (sky130_fd_sc_hd__buf_4)
     2    0.03    0.09    0.18    2.35 ^ processor_0/ex_stage/mul_unit_ex/place30782/X (sky130_fd_sc_hd__buf_4)
                                         processor_0/ex_stage/mul_unit_ex/net30781 (net)
                  0.09    0.00    2.35 ^ processor_0/ex_stage/mul_unit_ex/_05846_/B (sky130_fd_sc_hd__xnor2_1)
     3    0.04    0.84    0.39    2.74 ^ processor_0/ex_stage/mul_unit_ex/_05846_/Y (sky130_fd_sc_hd__xnor2_1)
                                         processor_0/ex_stage/mul_unit_ex/_00581_ (net)
                  0.84    0.00    2.74 ^ processor_0/ex_stage/mul_unit_ex/place30573/A (sky130_fd_sc_hd__buf_12)
     2    0.05    0.08    0.22    2.96 ^ processor_0/ex_stage/mul_unit_ex/place30573/X (sky130_fd_sc_hd__buf_12)
                                         processor_0/ex_stage/mul_unit_ex/net30572 (net)
                  0.08    0.00    2.96 ^ processor_0/ex_stage/mul_unit_ex/place30572/A (sky130_fd_sc_hd__buf_12)
     6    0.09    0.11    0.16    3.12 ^ processor_0/ex_stage/mul_unit_ex/place30572/X (sky130_fd_sc_hd__buf_12)
                                         processor_0/ex_stage/mul_unit_ex/net30571 (net)
                  0.11    0.01    3.13 ^ processor_0/ex_stage/mul_unit_ex/place30571/A (sky130_fd_sc_hd__buf_4)
     4    0.03    0.10    0.18    3.31 ^ processor_0/ex_stage/mul_unit_ex/place30571/X (sky130_fd_sc_hd__buf_4)
                                         processor_0/ex_stage/mul_unit_ex/net30570 (net)
                  0.10    0.00    3.31 ^ processor_0/ex_stage/mul_unit_ex/_06635_/A1 (sky130_fd_sc_hd__a221oi_1)
     1    0.00    0.09    0.09    3.40 v processor_0/ex_stage/mul_unit_ex/_06635_/Y (sky130_fd_sc_hd__a221oi_1)
                                         processor_0/ex_stage/mul_unit_ex/_01235_ (net)
                  0.09    0.00    3.40 v processor_0/ex_stage/mul_unit_ex/_06636_/B1 (sky130_fd_sc_hd__a31oi_1)
     1    0.02    0.46    0.39    3.78 ^ processor_0/ex_stage/mul_unit_ex/_06636_/Y (sky130_fd_sc_hd__a31oi_1)
                                         processor_0/ex_stage/mul_unit_ex/GEN_PARTIAL[4].pp[25] (net)
                  0.46    0.00    3.79 ^ processor_0/ex_stage/mul_unit_ex/place30219/A (sky130_fd_sc_hd__buf_4)
     1    0.02    0.06    0.22    4.01 ^ processor_0/ex_stage/mul_unit_ex/place30219/X (sky130_fd_sc_hd__buf_4)
                                         processor_0/ex_stage/mul_unit_ex/net30218 (net)
                  0.06    0.00    4.01 ^ processor_0/ex_stage/mul_unit_ex/_10728_/B (sky130_fd_sc_hd__fa_1)
     1    0.01    0.09    0.43    4.44 v processor_0/ex_stage/mul_unit_ex/_10728_/SUM (sky130_fd_sc_hd__fa_1)
                                         processor_0/ex_stage/mul_unit_ex/_05138_ (net)
                  0.09    0.00    4.44 v processor_0/ex_stage/mul_unit_ex/_10652_/CIN (sky130_fd_sc_hd__fa_1)
     1    0.03    0.20    0.53    4.97 v processor_0/ex_stage/mul_unit_ex/_10652_/COUT (sky130_fd_sc_hd__fa_1)
                                         processor_0/ex_stage/mul_unit_ex/_05139_ (net)
                  0.20    0.00    4.98 v processor_0/ex_stage/mul_unit_ex/_10839_/A (sky130_fd_sc_hd__fa_1)
     1    0.02    0.15    0.57    5.54 v processor_0/ex_stage/mul_unit_ex/_10839_/COUT (sky130_fd_sc_hd__fa_1)
                                         processor_0/ex_stage/mul_unit_ex/_04459_ (net)
                  0.15    0.00    5.54 v processor_0/ex_stage/mul_unit_ex/_10426_/A (sky130_fd_sc_hd__fa_1)
     1    0.01    0.11    0.50    6.05 v processor_0/ex_stage/mul_unit_ex/_10426_/COUT (sky130_fd_sc_hd__fa_1)
                                         processor_0/ex_stage/mul_unit_ex/_04462_ (net)
                  0.11    0.00    6.05 v processor_0/ex_stage/mul_unit_ex/_10759_/A (sky130_fd_sc_hd__fa_1)
     1    0.02    0.14    0.52    6.57 v processor_0/ex_stage/mul_unit_ex/_10759_/COUT (sky130_fd_sc_hd__fa_1)
                                         processor_0/ex_stage/mul_unit_ex/_04926_ (net)
                  0.14    0.00    6.57 v processor_0/ex_stage/mul_unit_ex/_10595_/A (sky130_fd_sc_hd__fa_1)
     1    0.02    0.17    0.65    7.22 ^ processor_0/ex_stage/mul_unit_ex/_10595_/SUM (sky130_fd_sc_hd__fa_1)
                                         processor_0/ex_stage/mul_unit_ex/_04930_ (net)
                  0.17    0.00    7.22 ^ processor_0/ex_stage/mul_unit_ex/_11084_/B (sky130_fd_sc_hd__ha_1)
     2    0.01    0.07    0.27    7.49 v processor_0/ex_stage/mul_unit_ex/_11084_/SUM (sky130_fd_sc_hd__ha_1)
                                         processor_0/ex_stage/mul_unit_ex/_00123_ (net)
                  0.07    0.00    7.49 v processor_0/ex_stage/mul_unit_ex/_09675_/A1 (sky130_fd_sc_hd__a21o_1)
     2    0.01    0.05    0.18    7.67 v processor_0/ex_stage/mul_unit_ex/_09675_/X (sky130_fd_sc_hd__a21o_1)
                                         processor_0/ex_stage/mul_unit_ex/_03631_ (net)
                  0.05    0.00    7.67 v processor_0/ex_stage/mul_unit_ex/_09836_/A2 (sky130_fd_sc_hd__a21o_1)
     1    0.00    0.04    0.18    7.86 v processor_0/ex_stage/mul_unit_ex/_09836_/X (sky130_fd_sc_hd__a21o_1)
                                         processor_0/ex_stage/mul_unit_ex/_03789_ (net)
                  0.04    0.00    7.86 v processor_0/ex_stage/mul_unit_ex/_09837_/A2 (sky130_fd_sc_hd__a21o_1)
     2    0.01    0.07    0.21    8.07 v processor_0/ex_stage/mul_unit_ex/_09837_/X (sky130_fd_sc_hd__a21o_1)
                                         processor_0/ex_stage/mul_unit_ex/_03790_ (net)
                  0.07    0.00    8.07 v processor_0/ex_stage/mul_unit_ex/_09838_/B1 (sky130_fd_sc_hd__a221o_1)
     2    0.01    0.09    0.34    8.41 v processor_0/ex_stage/mul_unit_ex/_09838_/X (sky130_fd_sc_hd__a221o_1)
                                         processor_0/ex_stage/mul_unit_ex/_03791_ (net)
                  0.09    0.00    8.41 v processor_0/ex_stage/mul_unit_ex/_09839_/A3 (sky130_fd_sc_hd__a31oi_1)
     2    0.01    0.26    0.27    8.68 ^ processor_0/ex_stage/mul_unit_ex/_09839_/Y (sky130_fd_sc_hd__a31oi_1)
                                         processor_0/ex_stage/mul_unit_ex/_03792_ (net)
                  0.26    0.00    8.69 ^ processor_0/ex_stage/mul_unit_ex/_09840_/B (sky130_fd_sc_hd__nor2_1)
     1    0.00    0.06    0.06    8.75 v processor_0/ex_stage/mul_unit_ex/_09840_/Y (sky130_fd_sc_hd__nor2_1)
                                         processor_0/ex_stage/mul_unit_ex/_03793_ (net)
                  0.06    0.00    8.75 v processor_0/ex_stage/mul_unit_ex/_09841_/C1 (sky130_fd_sc_hd__a311oi_1)
     1    0.01    0.56    0.46    9.21 ^ processor_0/ex_stage/mul_unit_ex/_09841_/Y (sky130_fd_sc_hd__a311oi_1)
                                         processor_0/ex_stage/mul_unit_ex/_03794_ (net)
                  0.56    0.00    9.22 ^ processor_0/ex_stage/mul_unit_ex/_09845_/A1 (sky130_fd_sc_hd__o21bai_1)
     1    0.00    0.10    0.15    9.36 v processor_0/ex_stage/mul_unit_ex/_09845_/Y (sky130_fd_sc_hd__o21bai_1)
                                         processor_0/ex_stage/mul_unit_ex/_03798_ (net)
                  0.10    0.00    9.36 v processor_0/ex_stage/mul_unit_ex/place25663/A (sky130_fd_sc_hd__buf_4)
     2    0.03    0.06    0.19    9.55 v processor_0/ex_stage/mul_unit_ex/place25663/X (sky130_fd_sc_hd__buf_4)
                                         processor_0/ex_stage/mul_unit_ex/net25662 (net)
                  0.06    0.00    9.55 v processor_0/ex_stage/mul_unit_ex/_09857_/A2 (sky130_fd_sc_hd__a31oi_1)
     1    0.00    0.16    0.18    9.74 ^ processor_0/ex_stage/mul_unit_ex/_09857_/Y (sky130_fd_sc_hd__a31oi_1)
                                         processor_0/ex_stage/mul_unit_ex/_03810_ (net)
                  0.16    0.00    9.74 ^ processor_0/ex_stage/mul_unit_ex/place25603/A (sky130_fd_sc_hd__buf_4)
     3    0.03    0.09    0.19    9.92 ^ processor_0/ex_stage/mul_unit_ex/place25603/X (sky130_fd_sc_hd__buf_4)
                                         processor_0/ex_stage/mul_unit_ex/net25602 (net)
                  0.09    0.00    9.93 ^ processor_0/ex_stage/mul_unit_ex/_09866_/A2 (sky130_fd_sc_hd__o21ai_0)
     1    0.00    0.09    0.10   10.02 v processor_0/ex_stage/mul_unit_ex/_09866_/Y (sky130_fd_sc_hd__o21ai_0)
                                         processor_0/ex_stage/mul_unit_ex/_03819_ (net)
                  0.09    0.00   10.02 v processor_0/ex_stage/mul_unit_ex/_09867_/B (sky130_fd_sc_hd__xor2_1)
     1    0.03    0.63    0.53   10.55 ^ processor_0/ex_stage/mul_unit_ex/_09867_/X (sky130_fd_sc_hd__xor2_1)
                                         processor_0/ex_stage/mul_unit_ex/_03820_ (net)
                  0.63    0.00   10.55 ^ processor_0/ex_stage/mul_unit_ex/place25537/A (sky130_fd_sc_hd__buf_12)
     1    0.05    0.08    0.22   10.77 ^ processor_0/ex_stage/mul_unit_ex/place25537/X (sky130_fd_sc_hd__buf_12)
                                         processor_0/ex_stage/mul_unit_ex/net25536 (net)
                  0.08    0.01   10.78 ^ processor_0/ex_stage/mul_unit_ex/_09868_/B2 (sky130_fd_sc_hd__a22o_1)
     1    0.00    0.05    0.12   10.90 ^ processor_0/ex_stage/mul_unit_ex/_09868_/X (sky130_fd_sc_hd__a22o_1)
                                         processor_0/ex_stage/mul_unit_ex/_00165_ (net)
                  0.05    0.00   10.90 ^ processor_0/ex_stage/mul_unit_ex/product[60]$_SDFFE_PP0P_/D (sky130_fd_sc_hd__dfxtp_1)
                                 10.90   data arrival time

                  0.15   10.00   10.00   clock clk1 (rise edge)
                          0.00   10.00   clock network delay (ideal)
                         -0.25    9.75   clock uncertainty
                          0.00    9.75   clock reconvergence pessimism
                                  9.75 ^ processor_0/ex_stage/mul_unit_ex/product[60]$_SDFFE_PP0P_/CLK (sky130_fd_sc_hd__dfxtp_1)
                         -0.04    9.71   library setup time
                                  9.71   data required time
-----------------------------------------------------------------------------
                                  9.71   data required time
                                -10.90   data arrival time
-----------------------------------------------------------------------------
                                 -1.19   slack (VIOLATED)


Startpoint: timer_0/fifo_timer_w/counter_2[2]$_SDFFE_PP0P_
            (rising edge-triggered flip-flop clocked by clk_s1)
Endpoint: timer_0/fifo_timer_r/mem[13][14]$_DFFE_PP_
          (rising edge-triggered flip-flop clocked by clk_s1)
Path Group: clk_s1
Path Type: max

Fanout     Cap    Slew   Delay    Time   Description
-----------------------------------------------------------------------------
                  0.15    0.00    0.00   clock clk_s1 (rise edge)
                          0.00    0.00   clock network delay (ideal)
                  0.15    0.00    0.00 ^ timer_0/fifo_timer_w/counter_2[2]$_SDFFE_PP0P_/CLK (sky130_fd_sc_hd__dfxtp_1)
    10    0.05    0.51    0.67    0.67 ^ timer_0/fifo_timer_w/counter_2[2]$_SDFFE_PP0P_/Q (sky130_fd_sc_hd__dfxtp_1)
                                         timer_0/fifo_timer_w/counter_2[2] (net)
                  0.51    0.00    0.67 ^ timer_0/fifo_timer_w/_888_/B (sky130_fd_sc_hd__ha_1)
     2    0.01    0.07    0.35    1.02 v timer_0/fifo_timer_w/_888_/SUM (sky130_fd_sc_hd__ha_1)
                                         timer_0/fifo_timer_w/counter_2_gray[1] (net)
                  0.07    0.00    1.02 v timer_0/fifo_timer_w/_447_/A (sky130_fd_sc_hd__xor2_1)
     1    0.01    0.08    0.20    1.22 v timer_0/fifo_timer_w/_447_/X (sky130_fd_sc_hd__xor2_1)
                                         timer_0/fifo_timer_w/_262_ (net)
                  0.08    0.00    1.22 v timer_0/fifo_timer_w/_450_/B (sky130_fd_sc_hd__nor4_4)
     6    0.02    0.39    0.42    1.63 ^ timer_0/fifo_timer_w/_450_/Y (sky130_fd_sc_hd__nor4_4)
                                         timer_0/fifo_timer_w/_265_ (net)
                  0.39    0.00    1.63 ^ timer_0/fifo_timer_w/_872_/A (sky130_fd_sc_hd__and2_1)
     2    0.01    0.10    0.23    1.86 ^ timer_0/fifo_timer_w/_872_/X (sky130_fd_sc_hd__and2_1)
                                         timer_0/fifo_empty (net)
                  0.10    0.00    1.86 ^ timer_0/_337_/A (sky130_fd_sc_hd__inv_1)
     6    0.03    0.13    0.14    2.00 v timer_0/_337_/Y (sky130_fd_sc_hd__inv_1)
                                         timer_0/addr_valid (net)
                  0.13    0.00    2.00 v timer_0/fifo_timer_w/_453_/B1_N (sky130_fd_sc_hd__a21bo_1)
    10    0.08    0.63    0.62    2.62 ^ timer_0/fifo_timer_w/_453_/X (sky130_fd_sc_hd__a21bo_1)
                                         timer_0/fifo_timer_w/_268_ (net)
                  0.63    0.00    2.63 ^ timer_0/fifo_timer_w/_491_/A (sky130_fd_sc_hd__nor3_2)
     1    0.00    0.11    0.10    2.73 v timer_0/fifo_timer_w/_491_/Y (sky130_fd_sc_hd__nor3_2)
                                         timer_0/fifo_data_read[37] (net)
                  0.11    0.00    2.73 v timer_0/timer_0/_0548_/A (sky130_fd_sc_hd__nor4b_1)
     2    0.01    0.60    0.59    3.32 ^ timer_0/timer_0/_0548_/Y (sky130_fd_sc_hd__nor4b_1)
                                         timer_0/timer_0/_0099_ (net)
                  0.60    0.00    3.32 ^ timer_0/timer_0/_0550_/B (sky130_fd_sc_hd__nand3b_1)
    17    0.09    0.85    0.82    4.14 v timer_0/timer_0/_0550_/Y (sky130_fd_sc_hd__nand3b_1)
                                         timer_0/timer_0/_0101_ (net)
                  0.85    0.01    4.15 v timer_0/timer_0/place29073/A (sky130_fd_sc_hd__buf_4)
    16    0.05    0.10    0.48    4.63 v timer_0/timer_0/place29073/X (sky130_fd_sc_hd__buf_4)
                                         timer_0/timer_0/net29072 (net)
                  0.10    0.00    4.63 v timer_0/timer_0/_0634_/A (sky130_fd_sc_hd__nor2_1)
    16    0.08    1.29    0.99    5.62 ^ timer_0/timer_0/_0634_/Y (sky130_fd_sc_hd__nor2_1)
                                         timer_0/data_out[14] (net)
                  1.29    0.01    5.63 ^ timer_0/fifo_timer_r/mem[13][14]$_DFFE_PP_/D (sky130_fd_sc_hd__edfxtp_1)
                                  5.63   data arrival time

                  0.15   25.00   25.00   clock clk_s1 (rise edge)
                          0.00   25.00   clock network delay (ideal)
                         -0.25   24.75   clock uncertainty
                          0.00   24.75   clock reconvergence pessimism
                                 24.75 ^ timer_0/fifo_timer_r/mem[13][14]$_DFFE_PP_/CLK (sky130_fd_sc_hd__edfxtp_1)
                         -0.37   24.38   library setup time
                                 24.38   data required time
-----------------------------------------------------------------------------
                                 24.38   data required time
                                 -5.63   data arrival time
-----------------------------------------------------------------------------
                                 18.75   slack (MET)


Startpoint: timer_clk_div/clk_div[0]$_SDFF_PP0_/Q
            (clock source 'timer_clk_div_clk_div2')
Endpoint: timer_clk_div/clk_div[1]$_SDFF_PP0_
          (rising edge-triggered flip-flop clocked by clk_s1_gate)
Path Group: clk_s1_gate
Path Type: max

Fanout     Cap    Slew   Delay    Time   Description
-----------------------------------------------------------------------------
                  0.15   25.00   25.00   clock timer_clk_div_clk_div2 (fall edge)
     3    0.01    0.04    0.00   25.00 v timer_clk_div/clk_div[0]$_SDFF_PP0_/Q (sky130_fd_sc_hd__dfxtp_1)
                                         timer_clk_div/clk_div2 (net)
                  0.04    0.00   25.00 v timer_clk_div/_11_/A (sky130_fd_sc_hd__ha_1)
     1    0.00    0.04    0.27   25.27 v timer_clk_div/_11_/SUM (sky130_fd_sc_hd__ha_1)
                                         timer_clk_div/_01_ (net)
                  0.04    0.00   25.27 v timer_clk_div/_06_/B_N (sky130_fd_sc_hd__nor2b_1)
     1    0.00    0.06    0.12   25.39 v timer_clk_div/_06_/Y (sky130_fd_sc_hd__nor2b_1)
                                         timer_clk_div/_02_ (net)
                  0.06    0.00   25.39 v timer_clk_div/clk_div[1]$_SDFF_PP0_/D (sky130_fd_sc_hd__dfxtp_1)
                                 25.39   data arrival time

                  0.15   50.00   50.00   clock clk_s1_gate (rise edge)
                          0.00   50.00   clock network delay (ideal)
                         -0.25   49.75   clock uncertainty
                          0.00   49.75   clock reconvergence pessimism
                                 49.75 ^ timer_clk_div/clk_div[1]$_SDFF_PP0_/CLK (sky130_fd_sc_hd__dfxtp_1)
                         -0.09   49.66   library setup time
                                 49.66   data required time
-----------------------------------------------------------------------------
                                 49.66   data required time
                                -25.39   data arrival time
-----------------------------------------------------------------------------
                                 24.27   slack (MET)


Startpoint: gpio_0/fifo_timer_w/counter_2[2]$_SDFFE_PP0P_
            (rising edge-triggered flip-flop clocked by clk_s2)
Endpoint: gpio_0/fifo_timer_r/mem[10][0]$_DFFE_PP_
          (rising edge-triggered flip-flop clocked by clk_s2)
Path Group: clk_s2
Path Type: max

Fanout     Cap    Slew   Delay    Time   Description
-----------------------------------------------------------------------------
                  0.15    0.00    0.00   clock clk_s2 (rise edge)
                          0.00    0.00   clock network delay (ideal)
                  0.15    0.00    0.00 ^ gpio_0/fifo_timer_w/counter_2[2]$_SDFFE_PP0P_/CLK (sky130_fd_sc_hd__dfxtp_1)
    17    0.13    1.15    1.10    1.10 ^ gpio_0/fifo_timer_w/counter_2[2]$_SDFFE_PP0P_/Q (sky130_fd_sc_hd__dfxtp_1)
                                         gpio_0/fifo_timer_w/counter_2[2] (net)
                  1.15    0.00    1.11 ^ gpio_0/fifo_timer_w/place31448/A (sky130_fd_sc_hd__buf_4)
    20    0.12    0.33    0.47    1.58 ^ gpio_0/fifo_timer_w/place31448/X (sky130_fd_sc_hd__buf_4)
                                         gpio_0/fifo_timer_w/net31447 (net)
                  0.33    0.00    1.58 ^ gpio_0/fifo_timer_w/_887_/A (sky130_fd_sc_hd__ha_1)
     2    0.01    0.09    0.33    1.91 v gpio_0/fifo_timer_w/_887_/SUM (sky130_fd_sc_hd__ha_1)
                                         gpio_0/fifo_timer_w/counter_2_gray[2] (net)
                  0.09    0.00    1.91 v gpio_0/fifo_timer_w/_448_/A (sky130_fd_sc_hd__xor2_1)
     1    0.01    0.08    0.19    2.10 v gpio_0/fifo_timer_w/_448_/X (sky130_fd_sc_hd__xor2_1)
                                         gpio_0/fifo_timer_w/_263_ (net)
                  0.08    0.00    2.10 v gpio_0/fifo_timer_w/_450_/C (sky130_fd_sc_hd__nor4_4)
     6    0.02    0.39    0.37    2.47 ^ gpio_0/fifo_timer_w/_450_/Y (sky130_fd_sc_hd__nor4_4)
                                         gpio_0/fifo_timer_w/_265_ (net)
                  0.39    0.00    2.47 ^ gpio_0/fifo_timer_w/_872_/A (sky130_fd_sc_hd__and2_1)
     2    0.07    0.69    0.64    3.11 ^ gpio_0/fifo_timer_w/_872_/X (sky130_fd_sc_hd__and2_1)
                                         gpio_0/fifo_empty (net)
                  0.69    0.00    3.12 ^ gpio_0/_335_/A (sky130_fd_sc_hd__inv_1)
     8    0.07    0.40    0.49    3.61 v gpio_0/_335_/Y (sky130_fd_sc_hd__inv_1)
                                         gpio_0/addr_valid (net)
                  0.40    0.00    3.61 v gpio_0/fifo_timer_w/_453_/B1_N (sky130_fd_sc_hd__a21bo_1)
    14    0.10    0.80    0.83    4.44 ^ gpio_0/fifo_timer_w/_453_/X (sky130_fd_sc_hd__a21bo_1)
                                         gpio_0/fifo_timer_w/_268_ (net)
                  0.80    0.01    4.45 ^ gpio_0/fifo_timer_w/place30144/A (sky130_fd_sc_hd__buf_4)
     9    0.09    0.24    0.39    4.84 ^ gpio_0/fifo_timer_w/place30144/X (sky130_fd_sc_hd__buf_4)
                                         gpio_0/fifo_timer_w/net30143 (net)
                  0.24    0.01    4.85 ^ gpio_0/fifo_timer_w/place30143/A (sky130_fd_sc_hd__buf_4)
    20    0.16    0.44    0.45    5.30 ^ gpio_0/fifo_timer_w/place30143/X (sky130_fd_sc_hd__buf_4)
                                         gpio_0/fifo_timer_w/net30142 (net)
                  0.44    0.02    5.32 ^ gpio_0/fifo_timer_w/_535_/A (sky130_fd_sc_hd__nor3_2)
     8    0.05    0.19    0.25    5.56 v gpio_0/fifo_timer_w/_535_/Y (sky130_fd_sc_hd__nor3_2)
                                         gpio_0/fifo_data_read[32] (net)
                  0.19    0.00    5.56 v gpio_0/gpio_0/_2050_/C (sky130_fd_sc_hd__nor4_2)
     3    0.02    0.48    0.48    6.04 ^ gpio_0/gpio_0/_2050_/Y (sky130_fd_sc_hd__nor4_2)
                                         gpio_0/gpio_0/_0714_ (net)
                  0.48    0.00    6.04 ^ gpio_0/gpio_0/_2052_/B (sky130_fd_sc_hd__nand3_1)
    14    0.09    0.91    0.82    6.87 v gpio_0/gpio_0/_2052_/Y (sky130_fd_sc_hd__nand3_1)
                                         gpio_0/gpio_0/_0716_ (net)
                  0.91    0.01    6.88 v gpio_0/gpio_0/place29306/A (sky130_fd_sc_hd__buf_4)
    19    0.10    0.14    0.53    7.41 v gpio_0/gpio_0/place29306/X (sky130_fd_sc_hd__buf_4)
                                         gpio_0/gpio_0/net29305 (net)
                  0.14    0.01    7.42 v gpio_0/gpio_0/_2382_/B1 (sky130_fd_sc_hd__a31oi_1)
    16    0.06    1.29    0.96    8.38 ^ gpio_0/gpio_0/_2382_/Y (sky130_fd_sc_hd__a31oi_1)
                                         gpio_0/data_out[0] (net)
                  1.29    0.00    8.39 ^ gpio_0/fifo_timer_r/mem[10][0]$_DFFE_PP_/D (sky130_fd_sc_hd__edfxtp_1)
                                  8.39   data arrival time

                  0.15   20.00   20.00   clock clk_s2 (rise edge)
                          0.00   20.00   clock network delay (ideal)
                         -0.25   19.75   clock uncertainty
                          0.00   19.75   clock reconvergence pessimism
                                 19.75 ^ gpio_0/fifo_timer_r/mem[10][0]$_DFFE_PP_/CLK (sky130_fd_sc_hd__edfxtp_1)
                         -0.36   19.39   library setup time
                                 19.39   data required time
-----------------------------------------------------------------------------
                                 19.39   data required time
                                 -8.39   data arrival time
-----------------------------------------------------------------------------
                                 11.00   slack (MET)


Startpoint: gpio_clk_div/clk_div[0]$_SDFF_PP0_/Q
            (clock source 'gpio_clk_div_clk_div2')
Endpoint: gpio_clk_div/clk_div[1]$_SDFF_PP0_
          (rising edge-triggered flip-flop clocked by clk_s2_gate)
Path Group: clk_s2_gate
Path Type: max

Fanout     Cap    Slew   Delay    Time   Description
-----------------------------------------------------------------------------
                  0.15   20.00   20.00   clock gpio_clk_div_clk_div2 (fall edge)
     3    0.01    0.04    0.00   20.00 v gpio_clk_div/clk_div[0]$_SDFF_PP0_/Q (sky130_fd_sc_hd__dfxtp_1)
                                         gpio_clk_div/clk_div2 (net)
                  0.04    0.00   20.00 v gpio_clk_div/_11_/A (sky130_fd_sc_hd__ha_1)
     1    0.00    0.04    0.27   20.27 v gpio_clk_div/_11_/SUM (sky130_fd_sc_hd__ha_1)
                                         gpio_clk_div/_01_ (net)
                  0.04    0.00   20.27 v gpio_clk_div/_06_/B_N (sky130_fd_sc_hd__nor2b_1)
     1    0.00    0.06    0.12   20.39 v gpio_clk_div/_06_/Y (sky130_fd_sc_hd__nor2b_1)
                                         gpio_clk_div/_02_ (net)
                  0.06    0.00   20.39 v gpio_clk_div/clk_div[1]$_SDFF_PP0_/D (sky130_fd_sc_hd__dfxtp_1)
                                 20.39   data arrival time

                  0.15   40.00   40.00   clock clk_s2_gate (rise edge)
                          0.00   40.00   clock network delay (ideal)
                         -0.25   39.75   clock uncertainty
                          0.00   39.75   clock reconvergence pessimism
                                 39.75 ^ gpio_clk_div/clk_div[1]$_SDFF_PP0_/CLK (sky130_fd_sc_hd__dfxtp_1)
                         -0.09   39.66   library setup time
                                 39.66   data required time
-----------------------------------------------------------------------------
                                 39.66   data required time
                                -20.39   data arrival time
-----------------------------------------------------------------------------
                                 19.27   slack (MET)


Startpoint: processor_0/pipeline_ex_mem/alu_out_out[23]$_SDFFE_PP0N_
            (rising edge-triggered flip-flop clocked by clk1)
Endpoint: dma_config_0/dma_0/buffer_dma[6]$_SDFFE_PP0P_
          (rising edge-triggered flip-flop clocked by clk_s3)
Path Group: clk_s3
Path Type: max

Fanout     Cap    Slew   Delay    Time   Description
-----------------------------------------------------------------------------
                  0.15    0.00    0.00   clock clk1 (rise edge)
                          0.00    0.00   clock network delay (ideal)
                  0.15    0.00    0.00 ^ processor_0/pipeline_ex_mem/alu_out_out[23]$_SDFFE_PP0N_/CLK (sky130_fd_sc_hd__dfxtp_1)
     2    0.01    0.05    0.35    0.35 v processor_0/pipeline_ex_mem/alu_out_out[23]$_SDFFE_PP0N_/Q (sky130_fd_sc_hd__dfxtp_1)
                                         addr_m_axi[23] (net)
                  0.05    0.00    0.35 v _1526_/A (sky130_fd_sc_hd__nor4b_2)
     2    0.01    0.39    0.42    0.77 ^ _1526_/Y (sky130_fd_sc_hd__nor4b_2)
                                         _0106_ (net)
                  0.39    0.00    0.77 ^ _1542_/A (sky130_fd_sc_hd__and4_1)
     2    0.05    0.43    0.53    1.30 ^ _1542_/X (sky130_fd_sc_hd__and4_1)
                                         _0121_ (net)
                  0.43    0.01    1.31 ^ _1546_/A (sky130_fd_sc_hd__nand2_1)
     9    0.05    0.41    0.44    1.74 v _1546_/Y (sky130_fd_sc_hd__nand2_1)
                                         _0125_ (net)
                  0.41    0.00    1.75 v place31898/A (sky130_fd_sc_hd__buf_4)
    13    0.08    0.11    0.37    2.11 v place31898/X (sky130_fd_sc_hd__buf_4)
                                         net31897 (net)
                  0.11    0.00    2.12 v place31897/A (sky130_fd_sc_hd__buf_12)
    19    0.08    0.05    0.18    2.30 v place31897/X (sky130_fd_sc_hd__buf_12)
                                         net31896 (net)
                  0.05    0.00    2.30 v _1724_/B (sky130_fd_sc_hd__nand2_1)
     1    0.00    0.05    0.07    2.37 ^ _1724_/Y (sky130_fd_sc_hd__nand2_1)
                                         _0250_ (net)
                  0.05    0.00    2.37 ^ _1725_/B (sky130_fd_sc_hd__nand2_1)
     2    0.03    0.22    0.19    2.56 v _1725_/Y (sky130_fd_sc_hd__nand2_1)
                                         m1_aw_addr[8] (net)
                  0.22    0.00    2.57 v interconnect_0/_0821_/C (sky130_fd_sc_hd__nor4_1)
     1    0.02    0.74    0.68    3.25 ^ interconnect_0/_0821_/Y (sky130_fd_sc_hd__nor4_1)
                                         interconnect_0/_0046_ (net)
                  0.74    0.00    3.25 ^ interconnect_0/_0822_/B (sky130_fd_sc_hd__nor2_1)
     6    0.02    0.21    0.24    3.50 v interconnect_0/_0822_/Y (sky130_fd_sc_hd__nor2_1)
                                         interconnect_0/_0047_ (net)
                  0.21    0.00    3.50 v interconnect_0/_0838_/A (sky130_fd_sc_hd__nor3_1)
     3    0.01    0.40    0.42    3.92 ^ interconnect_0/_0838_/Y (sky130_fd_sc_hd__nor3_1)
                                         interconnect_0/_0063_ (net)
                  0.40    0.00    3.92 ^ interconnect_0/_0871_/A2 (sky130_fd_sc_hd__o211a_1)
     5    0.03    0.24    0.34    4.26 ^ interconnect_0/_0871_/X (sky130_fd_sc_hd__o211a_1)
                                         interconnect_0/_0096_ (net)
                  0.24    0.00    4.26 ^ interconnect_0/_0872_/B (sky130_fd_sc_hd__nor2_1)
     6    0.03    0.16    0.20    4.46 v interconnect_0/_0872_/Y (sky130_fd_sc_hd__nor2_1)
                                         interconnect_0/_0097_ (net)
                  0.16    0.00    4.46 v interconnect_0/_0894_/B (sky130_fd_sc_hd__nor4_2)
     2    0.01    0.29    0.35    4.80 ^ interconnect_0/_0894_/Y (sky130_fd_sc_hd__nor4_2)
                                         interconnect_0/_0119_ (net)
                  0.29    0.00    4.80 ^ interconnect_0/_2483_/A2 (sky130_fd_sc_hd__a22o_1)
     1    0.01    0.11    0.23    5.03 ^ interconnect_0/_2483_/X (sky130_fd_sc_hd__a22o_1)
                                         s5_dr_ready (net)
                  0.11    0.00    5.03 ^ dot_0/_415_/D (sky130_fd_sc_hd__and4b_1)
     1    0.01    0.08    0.22    5.26 ^ dot_0/_415_/X (sky130_fd_sc_hd__and4b_1)
                                         dot_0/read_en_axi (net)
                  0.08    0.00    5.26 ^ dot_0/place29335/A (sky130_fd_sc_hd__buf_4)
     2    0.05    0.14    0.20    5.45 ^ dot_0/place29335/X (sky130_fd_sc_hd__buf_4)
                                         dot_0/net29334 (net)
                  0.14    0.01    5.46 ^ dot_0/fifo_timer_r/_386_/B1_N (sky130_fd_sc_hd__a21bo_2)
    17    0.14    0.33    0.49    5.95 v dot_0/fifo_timer_r/_386_/X (sky130_fd_sc_hd__a21bo_2)
                                         dot_0/fifo_timer_r/_096_ (net)
                  0.33    0.03    5.98 v dot_0/fifo_timer_r/_596_/A (sky130_fd_sc_hd__nor3_1)
     1    0.03    0.75    0.72    6.70 ^ dot_0/fifo_timer_r/_596_/Y (sky130_fd_sc_hd__nor3_1)
                                         dot_0/fifo_read_data_axi[6] (net)
                  0.75    0.00    6.70 ^ dot_0/place28658/A (sky130_fd_sc_hd__buf_4)
     1    0.04    0.13    0.31    7.01 ^ dot_0/place28658/X (sky130_fd_sc_hd__buf_4)
                                         dot_0/net28657 (net)
                  0.13    0.01    7.01 ^ dot_0/_195_/A (sky130_fd_sc_hd__and2_1)
     1    0.03    0.27    0.30    7.32 ^ dot_0/_195_/X (sky130_fd_sc_hd__and2_1)
                                         s5_dr_data[6] (net)
                  0.27    0.00    7.32 ^ place28000/A (sky130_fd_sc_hd__buf_12)
     2    0.08    0.10    0.19    7.52 ^ place28000/X (sky130_fd_sc_hd__buf_12)
                                         net27999 (net)
                  0.11    0.02    7.54 ^ interconnect_0/place27999/A (sky130_fd_sc_hd__buf_4)
     2    0.01    0.03    0.13    7.66 ^ interconnect_0/place27999/X (sky130_fd_sc_hd__buf_4)
                                         interconnect_0/net27998 (net)
                  0.03    0.00    7.66 ^ interconnect_0/_1393_/B2 (sky130_fd_sc_hd__a22oi_1)
     1    0.01    0.14    0.07    7.74 v interconnect_0/_1393_/Y (sky130_fd_sc_hd__a22oi_1)
                                         interconnect_0/_0562_ (net)
                  0.14    0.00    7.74 v interconnect_0/_1394_/C (sky130_fd_sc_hd__nand3_1)
     1    0.02    0.19    0.20    7.94 ^ interconnect_0/_1394_/Y (sky130_fd_sc_hd__nand3_1)
                                         m2_dr_data[6] (net)
                  0.19    0.00    7.94 ^ dma_config_0/dma_0/_2062_/A1 (sky130_fd_sc_hd__mux2i_1)
     1    0.00    0.08    0.10    8.04 v dma_config_0/dma_0/_2062_/Y (sky130_fd_sc_hd__mux2i_1)
                                         dma_config_0/dma_0/_0505_ (net)
                  0.08    0.00    8.04 v dma_config_0/dma_0/_2063_/B (sky130_fd_sc_hd__nor2_1)
     1    0.00    0.08    0.09    8.13 ^ dma_config_0/dma_0/_2063_/Y (sky130_fd_sc_hd__nor2_1)
                                         dma_config_0/dma_0/_0071_ (net)
                  0.08    0.00    8.13 ^ dma_config_0/dma_0/buffer_dma[6]$_SDFFE_PP0P_/D (sky130_fd_sc_hd__dfxtp_1)
                                  8.13   data arrival time

                  0.15   10.00   10.00   clock clk_s3 (rise edge)
                          0.00   10.00   clock network delay (ideal)
                         -0.25    9.75   clock uncertainty
                          0.00    9.75   clock reconvergence pessimism
                                  9.75 ^ dma_config_0/dma_0/buffer_dma[6]$_SDFFE_PP0P_/CLK (sky130_fd_sc_hd__dfxtp_1)
                         -0.05    9.70   library setup time
                                  9.70   data required time
-----------------------------------------------------------------------------
                                  9.70   data required time
                                 -8.13   data arrival time
-----------------------------------------------------------------------------
                                  1.58   slack (MET)


Startpoint: uart_0/fifo_uart_w/counter_2[0]$_SDFFE_PP0P_
            (rising edge-triggered flip-flop clocked by clk_s4)
Endpoint: uart_0/fifo_uart_r/mem[13][17]$_DFFE_PP_
          (rising edge-triggered flip-flop clocked by clk_s4)
Path Group: clk_s4
Path Type: max

Fanout     Cap    Slew   Delay    Time   Description
-----------------------------------------------------------------------------
                  0.15    0.00    0.00   clock clk_s4 (rise edge)
                          0.00    0.00   clock network delay (ideal)
                  0.15    0.00    0.00 ^ uart_0/fifo_uart_w/counter_2[0]$_SDFFE_PP0P_/CLK (sky130_fd_sc_hd__dfxtp_1)
    12    0.10    0.92    0.95    0.95 ^ uart_0/fifo_uart_w/counter_2[0]$_SDFFE_PP0P_/Q (sky130_fd_sc_hd__dfxtp_1)
                                         uart_0/fifo_uart_w/counter_2[0] (net)
                  0.92    0.00    0.95 ^ uart_0/fifo_uart_w/_894_/A (sky130_fd_sc_hd__ha_1)
     3    0.02    0.12    0.43    1.38 v uart_0/fifo_uart_w/_894_/SUM (sky130_fd_sc_hd__ha_1)
                                         uart_0/fifo_uart_w/counter_2_gray[0] (net)
                  0.12    0.00    1.38 v uart_0/fifo_uart_w/_449_/A (sky130_fd_sc_hd__xor2_1)
     1    0.01    0.09    0.21    1.59 v uart_0/fifo_uart_w/_449_/X (sky130_fd_sc_hd__xor2_1)
                                         uart_0/fifo_uart_w/_264_ (net)
                  0.09    0.00    1.59 v uart_0/fifo_uart_w/_450_/D (sky130_fd_sc_hd__nor4_4)
     6    0.02    0.40    0.31    1.90 ^ uart_0/fifo_uart_w/_450_/Y (sky130_fd_sc_hd__nor4_4)
                                         uart_0/fifo_uart_w/_265_ (net)
                  0.40    0.00    1.91 ^ uart_0/fifo_uart_w/_872_/A (sky130_fd_sc_hd__and2_1)
     2    0.05    0.48    0.49    2.40 ^ uart_0/fifo_uart_w/_872_/X (sky130_fd_sc_hd__and2_1)
                                         uart_0/fifo_empty (net)
                  0.48    0.00    2.40 ^ uart_0/_335_/A (sky130_fd_sc_hd__inv_1)
    11    0.05    0.27    0.34    2.74 v uart_0/_335_/Y (sky130_fd_sc_hd__inv_1)
                                         uart_0/addr_valid (net)
                  0.27    0.00    2.74 v uart_0/fifo_uart_w/_453_/B1_N (sky130_fd_sc_hd__a21bo_1)
     5    0.05    0.41    0.53    3.27 ^ uart_0/fifo_uart_w/_453_/X (sky130_fd_sc_hd__a21bo_1)
                                         uart_0/fifo_uart_w/_268_ (net)
                  0.41    0.01    3.28 ^ uart_0/fifo_uart_w/_479_/A (sky130_fd_sc_hd__nor3_2)
     1    0.00    0.08    0.09    3.37 v uart_0/fifo_uart_w/_479_/Y (sky130_fd_sc_hd__nor3_2)
                                         uart_0/fifo_data_read[38] (net)
                  0.08    0.00    3.37 v uart_0/uart_0/_0682_/A (sky130_fd_sc_hd__or4_1)
     1    0.03    0.20    0.68    4.05 v uart_0/uart_0/_0682_/X (sky130_fd_sc_hd__or4_1)
                                         uart_0/uart_0/_0192_ (net)
                  0.20    0.00    4.05 v uart_0/uart_0/_0683_/C (sky130_fd_sc_hd__nor3_1)
     1    0.00    0.18    0.20    4.25 ^ uart_0/uart_0/_0683_/Y (sky130_fd_sc_hd__nor3_1)
                                         uart_0/uart_0/_0193_ (net)
                  0.18    0.00    4.25 ^ uart_0/uart_0/place29072/A (sky130_fd_sc_hd__buf_4)
     9    0.06    0.16    0.24    4.49 ^ uart_0/uart_0/place29072/X (sky130_fd_sc_hd__buf_4)
                                         uart_0/uart_0/net29071 (net)
                  0.16    0.01    4.50 ^ uart_0/uart_0/_0686_/C (sky130_fd_sc_hd__and3_1)
    13    0.07    0.66    0.61    5.11 ^ uart_0/uart_0/_0686_/X (sky130_fd_sc_hd__and3_1)
                                         uart_0/uart_0/_0196_ (net)
                  0.66    0.00    5.11 ^ uart_0/uart_0/place28759/A (sky130_fd_sc_hd__buf_4)
    17    0.08    0.22    0.37    5.48 ^ uart_0/uart_0/place28759/X (sky130_fd_sc_hd__buf_4)
                                         uart_0/uart_0/net28758 (net)
                  0.22    0.00    5.48 ^ uart_0/uart_0/_0751_/A2 (sky130_fd_sc_hd__a22oi_1)
     1    0.00    0.09    0.12    5.60 v uart_0/uart_0/_0751_/Y (sky130_fd_sc_hd__a22oi_1)
                                         uart_0/uart_0/_0244_ (net)
                  0.09    0.00    5.60 v uart_0/uart_0/_0752_/B (sky130_fd_sc_hd__nor2_1)
    16    0.09    1.54    1.15    6.75 ^ uart_0/uart_0/_0752_/Y (sky130_fd_sc_hd__nor2_1)
                                         uart_0/data_out[17] (net)
                  1.54    0.01    6.76 ^ uart_0/fifo_uart_r/mem[13][17]$_DFFE_PP_/D (sky130_fd_sc_hd__edfxtp_1)
                                  6.76   data arrival time

                  0.15   40.00   40.00   clock clk_s4 (rise edge)
                          0.00   40.00   clock network delay (ideal)
                         -0.25   39.75   clock uncertainty
                          0.00   39.75   clock reconvergence pessimism
                                 39.75 ^ uart_0/fifo_uart_r/mem[13][17]$_DFFE_PP_/CLK (sky130_fd_sc_hd__edfxtp_1)
                         -0.40   39.35   library setup time
                                 39.35   data required time
-----------------------------------------------------------------------------
                                 39.35   data required time
                                 -6.76   data arrival time
-----------------------------------------------------------------------------
                                 32.59   slack (MET)


Startpoint: uart_clk_div/clk_div[0]$_SDFF_PP0_/Q
            (clock source 'uart_clk_div_clk_div2')
Endpoint: uart_clk_div/clk_div[1]$_SDFF_PP0_
          (rising edge-triggered flip-flop clocked by clk_s4_gate)
Path Group: clk_s4_gate
Path Type: max

Fanout     Cap    Slew   Delay    Time   Description
-----------------------------------------------------------------------------
                  0.15   40.00   40.00   clock uart_clk_div_clk_div2 (fall edge)
     3    0.01    0.04    0.00   40.00 v uart_clk_div/clk_div[0]$_SDFF_PP0_/Q (sky130_fd_sc_hd__dfxtp_1)
                                         uart_clk_div/clk_div2 (net)
                  0.04    0.00   40.00 v uart_clk_div/_11_/A (sky130_fd_sc_hd__ha_1)
     1    0.00    0.04    0.27   40.27 v uart_clk_div/_11_/SUM (sky130_fd_sc_hd__ha_1)
                                         uart_clk_div/_01_ (net)
                  0.04    0.00   40.27 v uart_clk_div/_06_/B_N (sky130_fd_sc_hd__nor2b_1)
     1    0.00    0.04    0.12   40.39 v uart_clk_div/_06_/Y (sky130_fd_sc_hd__nor2b_1)
                                         uart_clk_div/_02_ (net)
                  0.04    0.00   40.39 v uart_clk_div/clk_div[1]$_SDFF_PP0_/D (sky130_fd_sc_hd__dfxtp_1)
                                 40.39   data arrival time

                  0.15   80.00   80.00   clock clk_s4_gate (rise edge)
                          0.00   80.00   clock network delay (ideal)
                         -0.25   79.75   clock uncertainty
                          0.00   79.75   clock reconvergence pessimism
                                 79.75 ^ uart_clk_div/clk_div[1]$_SDFF_PP0_/CLK (sky130_fd_sc_hd__dfxtp_1)
                         -0.08   79.67   library setup time
                                 79.67   data required time
-----------------------------------------------------------------------------
                                 79.67   data required time
                                -40.39   data arrival time
-----------------------------------------------------------------------------
                                 39.28   slack (MET)


Startpoint: dot_0/fifo_timer_r/counter_1[1]$_SDFFE_PP0P_
            (rising edge-triggered flip-flop clocked by clk_s5)
Endpoint: dot_0/fifo_timer_r/mem[11][5]$_DFFE_PP_
          (rising edge-triggered flip-flop clocked by clk_s5)
Path Group: clk_s5
Path Type: max

Fanout     Cap    Slew   Delay    Time   Description
-----------------------------------------------------------------------------
                  0.15    0.00    0.00   clock clk_s5 (rise edge)
                          0.00    0.00   clock network delay (ideal)
                  0.15    0.00    0.00 ^ dot_0/fifo_timer_r/counter_1[1]$_SDFFE_PP0P_/CLK (sky130_fd_sc_hd__dfxtp_1)
     3    0.01    0.05    0.35    0.35 v dot_0/fifo_timer_r/counter_1[1]$_SDFFE_PP0P_/Q (sky130_fd_sc_hd__dfxtp_1)
                                         dot_0/fifo_timer_r/counter_1[1] (net)
                  0.05    0.00    0.35 v dot_0/fifo_timer_r/place31501/A (sky130_fd_sc_hd__buf_4)
     2    0.01    0.03    0.14    0.49 v dot_0/fifo_timer_r/place31501/X (sky130_fd_sc_hd__buf_4)
                                         dot_0/fifo_timer_r/net31500 (net)
                  0.03    0.00    0.49 v dot_0/fifo_timer_r/_748_/A (sky130_fd_sc_hd__ha_1)
     2    0.01    0.07    0.30    0.79 v dot_0/fifo_timer_r/_748_/SUM (sky130_fd_sc_hd__ha_1)
                                         dot_0/fifo_timer_r/counter_1_gray[1] (net)
                  0.07    0.00    0.79 v dot_0/fifo_timer_r/_652_/A (sky130_fd_sc_hd__xor2_1)
     1    0.01    0.16    0.19    0.99 ^ dot_0/fifo_timer_r/_652_/X (sky130_fd_sc_hd__xor2_1)
                                         dot_0/fifo_timer_r/_326_ (net)
                  0.16    0.00    0.99 ^ dot_0/fifo_timer_r/place30854/A (sky130_fd_sc_hd__buf_4)
     1    0.01    0.04    0.15    1.13 ^ dot_0/fifo_timer_r/place30854/X (sky130_fd_sc_hd__buf_4)
                                         dot_0/fifo_timer_r/net30853 (net)
                  0.04    0.00    1.14 ^ dot_0/fifo_timer_r/_654_/C (sky130_fd_sc_hd__nor4_4)
     2    0.01    0.03    0.04    1.18 v dot_0/fifo_timer_r/_654_/Y (sky130_fd_sc_hd__nor4_4)
                                         dot_0/fifo_timer_r/_328_ (net)
                  0.03    0.00    1.18 v dot_0/fifo_timer_r/_730_/A (sky130_fd_sc_hd__and2_2)
     1    0.06    0.16    0.28    1.45 v dot_0/fifo_timer_r/_730_/X (sky130_fd_sc_hd__and2_2)
                                         dot_0/fifo_full (net)
                  0.16    0.01    1.47 v dot_0/place30258/A (sky130_fd_sc_hd__buf_12)
     1    0.11    0.06    0.21    1.67 v dot_0/place30258/X (sky130_fd_sc_hd__buf_12)
                                         dot_0/net30257 (net)
                  0.10    0.04    1.71 v dot_0/_416_/C (sky130_fd_sc_hd__nor3_2)
     1    0.01    0.22    0.19    1.90 ^ dot_0/_416_/Y (sky130_fd_sc_hd__nor3_2)
                                         dot_0/r_en_1 (net)
                  0.22    0.00    1.90 ^ dot_0/place30147/A (sky130_fd_sc_hd__buf_12)
     4    0.06    0.07    0.17    2.08 ^ dot_0/place30147/X (sky130_fd_sc_hd__buf_12)
                                         dot_0/net30146 (net)
                  0.07    0.00    2.08 ^ dot_0/fifo_timer_w1/_386_/B1_N (sky130_fd_sc_hd__a21bo_2)
     5    0.07    0.17    0.35    2.43 v dot_0/fifo_timer_w1/_386_/X (sky130_fd_sc_hd__a21bo_2)
                                         dot_0/fifo_timer_w1/_096_ (net)
                  0.17    0.01    2.44 v dot_0/fifo_timer_w1/place29970/A (sky130_fd_sc_hd__buf_4)
     4    0.02    0.04    0.21    2.65 v dot_0/fifo_timer_w1/place29970/X (sky130_fd_sc_hd__buf_4)
                                         dot_0/fifo_timer_w1/net29969 (net)
                  0.04    0.00    2.65 v dot_0/fifo_timer_w1/_596_/A (sky130_fd_sc_hd__nor3_1)
     1    0.05    1.33    1.05    3.70 ^ dot_0/fifo_timer_w1/_596_/Y (sky130_fd_sc_hd__nor3_1)
                                         dot_0/fifo_data_read_1[6] (net)
                  1.33    0.01    3.71 ^ dot_0/fp4_dot_0/fp4_1/place29735/A (sky130_fd_sc_hd__buf_4)
     2    0.01    0.07    0.28    3.99 ^ dot_0/fp4_dot_0/fp4_1/place29735/X (sky130_fd_sc_hd__buf_4)
                                         dot_0/fp4_dot_0/fp4_1/net29734 (net)
                  0.07    0.00    3.99 ^ dot_0/fp4_dot_0/fp4_1/_57_/A (sky130_fd_sc_hd__inv_1)
     1    0.00    0.03    0.04    4.03 v dot_0/fp4_dot_0/fp4_1/_57_/Y (sky130_fd_sc_hd__inv_1)
                                         dot_0/fp4_dot_0/fp4_1/_05_ (net)
                  0.03    0.00    4.03 v dot_0/fp4_dot_0/fp4_1/_76_/B (sky130_fd_sc_hd__ha_1)
     2    0.01    0.06    0.19    4.23 v dot_0/fp4_dot_0/fp4_1/_76_/COUT (sky130_fd_sc_hd__ha_1)
                                         dot_0/fp4_dot_0/fp4_1/_06_ (net)
                  0.06    0.00    4.23 v dot_0/fp4_dot_0/fp4_1/_48_/B (sky130_fd_sc_hd__nor2_1)
     1    0.00    0.09    0.10    4.32 ^ dot_0/fp4_dot_0/fp4_1/_48_/Y (sky130_fd_sc_hd__nor2_1)
                                         dot_0/fp4_dot_0/fp4_1/expa[0] (net)
                  0.09    0.00    4.32 ^ dot_0/fp4_dot_0/fp4_1/_83_/A (sky130_fd_sc_hd__ha_1)
     1    0.01    0.09    0.18    4.51 ^ dot_0/fp4_dot_0/fp4_1/_83_/COUT (sky130_fd_sc_hd__ha_1)
                                         dot_0/fp4_dot_0/fp4_1/_33_ (net)
                  0.09    0.00    4.51 ^ dot_0/fp4_dot_0/fp4_1/_75_/CIN (sky130_fd_sc_hd__fa_1)
     2    0.01    0.11    0.45    4.96 v dot_0/fp4_dot_0/fp4_1/_75_/SUM (sky130_fd_sc_hd__fa_1)
                                         dot_0/fp4_dot_0/fp4_1/sum1[1] (net)
                  0.11    0.00    4.96 v dot_0/fp4_dot_0/fp4_1/_46_/A (sky130_fd_sc_hd__inv_1)
     1    0.01    0.06    0.09    5.05 ^ dot_0/fp4_dot_0/fp4_1/_46_/Y (sky130_fd_sc_hd__inv_1)
                                         dot_0/fp4_dot_0/fp4_1/_08_ (net)
                  0.06    0.00    5.05 ^ dot_0/fp4_dot_0/fp4_1/_78_/B (sky130_fd_sc_hd__ha_1)
     1    0.01    0.08    0.16    5.21 ^ dot_0/fp4_dot_0/fp4_1/_78_/COUT (sky130_fd_sc_hd__ha_1)
                                         dot_0/fp4_dot_0/fp4_1/_09_ (net)
                  0.08    0.00    5.21 ^ dot_0/fp4_dot_0/fp4_1/_44_/A (sky130_fd_sc_hd__xnor2_1)
     1    0.00    0.14    0.13    5.34 ^ dot_0/fp4_dot_0/fp4_1/_44_/Y (sky130_fd_sc_hd__xnor2_1)
                                         dot_0/fp4_dot_0/fp4_1/_22_ (net)
                  0.14    0.00    5.34 ^ dot_0/fp4_dot_0/fp4_1/_45_/B (sky130_fd_sc_hd__nor2_1)
     1    0.01    0.11    0.09    5.43 v dot_0/fp4_dot_0/fp4_1/_45_/Y (sky130_fd_sc_hd__nor2_1)
                                         dot_0/fp4_dot_0/fp4_1/sum2[2] (net)
                  0.11    0.00    5.43 v dot_0/fp4_dot_0/fp4_1/_79_/A (sky130_fd_sc_hd__ha_1)
     3    0.01    0.09    0.36    5.79 v dot_0/fp4_dot_0/fp4_1/_79_/SUM (sky130_fd_sc_hd__ha_1)
                                         dot_0/fp4_dot_0/fp4_1/_12_ (net)
                  0.09    0.00    5.79 v dot_0/fp4_dot_0/fp4_1/_50_/A1 (sky130_fd_sc_hd__a21oi_1)
     1    0.00    0.12    0.15    5.94 ^ dot_0/fp4_dot_0/fp4_1/_50_/Y (sky130_fd_sc_hd__a21oi_1)
                                         dot_0/fp4_dot_0/fp4_1/_24_ (net)
                  0.12    0.00    5.94 ^ dot_0/fp4_dot_0/fp4_1/_51_/B (sky130_fd_sc_hd__nand2_1)
     1    0.00    0.04    0.07    6.01 v dot_0/fp4_dot_0/fp4_1/_51_/Y (sky130_fd_sc_hd__nand2_1)
                                         dot_0/fp4_dot_0/fp4_1/_25_ (net)
                  0.04    0.00    6.01 v dot_0/fp4_dot_0/fp4_1/_56_/A (sky130_fd_sc_hd__xnor3_1)
     2    0.01    0.08    0.37    6.38 v dot_0/fp4_dot_0/fp4_1/_56_/X (sky130_fd_sc_hd__xnor3_1)
                                         dot_0/fp4_dot_0/y_1[6] (net)
                  0.08    0.00    6.39 v dot_0/fp4_dot_0/add0/_0734_/A (sky130_fd_sc_hd__inv_1)
     2    0.01    0.06    0.08    6.47 ^ dot_0/fp4_dot_0/add0/_0734_/Y (sky130_fd_sc_hd__inv_1)
                                         dot_0/fp4_dot_0/add0/_0139_ (net)
                  0.06    0.00    6.47 ^ dot_0/fp4_dot_0/add0/_0817_/A2 (sky130_fd_sc_hd__a31oi_1)
     3    0.01    0.12    0.13    6.60 v dot_0/fp4_dot_0/add0/_0817_/Y (sky130_fd_sc_hd__a31oi_1)
                                         dot_0/fp4_dot_0/add0/_0056_ (net)
                  0.12    0.00    6.60 v dot_0/fp4_dot_0/add0/_1370_/B (sky130_fd_sc_hd__ha_1)
     2    0.02    0.10    0.27    6.87 v dot_0/fp4_dot_0/add0/_1370_/COUT (sky130_fd_sc_hd__ha_1)
                                         dot_0/fp4_dot_0/add0/_0018_ (net)
                  0.10    0.00    6.87 v dot_0/fp4_dot_0/add0/_1357_/CIN (sky130_fd_sc_hd__fa_1)
     2    0.01    0.09    0.40    7.28 v dot_0/fp4_dot_0/add0/_1357_/COUT (sky130_fd_sc_hd__fa_1)
                                         dot_0/fp4_dot_0/add0/_0019_ (net)
                  0.09    0.00    7.28 v dot_0/fp4_dot_0/add0/_0858_/A (sky130_fd_sc_hd__nor2b_1)
     1    0.00    0.11    0.14    7.41 ^ dot_0/fp4_dot_0/add0/_0858_/Y (sky130_fd_sc_hd__nor2b_1)
                                         dot_0/fp4_dot_0/add0/_0273_ (net)
                  0.11    0.00    7.41 ^ dot_0/fp4_dot_0/add0/_0859_/A2 (sky130_fd_sc_hd__o21ai_0)
     2    0.01    0.09    0.11    7.52 v dot_0/fp4_dot_0/add0/_0859_/Y (sky130_fd_sc_hd__o21ai_0)
                                         dot_0/fp4_dot_0/add0/_0274_ (net)
                  0.09    0.00    7.52 v dot_0/fp4_dot_0/add0/_0861_/A2 (sky130_fd_sc_hd__a211oi_1)
     3    0.01    0.40    0.41    7.93 ^ dot_0/fp4_dot_0/add0/_0861_/Y (sky130_fd_sc_hd__a211oi_1)
                                         dot_0/fp4_dot_0/add0/_0276_ (net)
                  0.40    0.00    7.93 ^ dot_0/fp4_dot_0/add0/_0865_/B (sky130_fd_sc_hd__nand2_1)
     2    0.01    0.11    0.15    8.08 v dot_0/fp4_dot_0/add0/_0865_/Y (sky130_fd_sc_hd__nand2_1)
                                         dot_0/fp4_dot_0/add0/_0088_ (net)
                  0.11    0.00    8.08 v dot_0/fp4_dot_0/add0/_1381_/A (sky130_fd_sc_hd__ha_1)
     2    0.01    0.06    0.24    8.32 v dot_0/fp4_dot_0/add0/_1381_/COUT (sky130_fd_sc_hd__ha_1)
                                         dot_0/fp4_dot_0/add0/_0090_ (net)
                  0.06    0.00    8.32 v dot_0/fp4_dot_0/add0/_1251_/A (sky130_fd_sc_hd__nor3_1)
     2    0.01    0.34    0.33    8.65 ^ dot_0/fp4_dot_0/add0/_1251_/Y (sky130_fd_sc_hd__nor3_1)
                                         dot_0/fp4_dot_0/add0/_0629_ (net)
                  0.34    0.00    8.65 ^ dot_0/fp4_dot_0/add0/_1253_/A3 (sky130_fd_sc_hd__o31ai_1)
     1    0.00    0.09    0.13    8.78 v dot_0/fp4_dot_0/add0/_1253_/Y (sky130_fd_sc_hd__o31ai_1)
                                         dot_0/fp4_dot_0/add0/_0631_ (net)
                  0.09    0.00    8.78 v dot_0/fp4_dot_0/add0/_1254_/B1 (sky130_fd_sc_hd__a2111oi_2)
     1    0.00    0.26    0.34    9.12 ^ dot_0/fp4_dot_0/add0/_1254_/Y (sky130_fd_sc_hd__a2111oi_2)
                                         dot_0/fp4_dot_0/add0/_0632_ (net)
                  0.26    0.00    9.12 ^ dot_0/fp4_dot_0/add0/place25334/A (sky130_fd_sc_hd__buf_4)
     3    0.02    0.07    0.19    9.31 ^ dot_0/fp4_dot_0/add0/place25334/X (sky130_fd_sc_hd__buf_4)
                                         dot_0/fp4_dot_0/add0/net25333 (net)
                  0.07    0.00    9.31 ^ dot_0/fp4_dot_0/add0/_1255_/S (sky130_fd_sc_hd__mux2i_1)
     2    0.01    0.31    0.32    9.63 ^ dot_0/fp4_dot_0/add0/_1255_/Y (sky130_fd_sc_hd__mux2i_1)
                                         dot_0/fp4_dot_0/add0/_0633_ (net)
                  0.31    0.00    9.64 ^ dot_0/fp4_dot_0/add0/_1258_/A_N (sky130_fd_sc_hd__nand2b_1)
     2    0.01    0.08    0.18    9.81 ^ dot_0/fp4_dot_0/add0/_1258_/Y (sky130_fd_sc_hd__nand2b_1)
                                         dot_0/fp4_dot_0/add0/_0636_ (net)
                  0.08    0.00    9.81 ^ dot_0/fp4_dot_0/add0/_1259_/B1 (sky130_fd_sc_hd__a221o_1)
     1    0.01    0.08    0.17    9.98 ^ dot_0/fp4_dot_0/add0/_1259_/X (sky130_fd_sc_hd__a221o_1)
                                         dot_0/fp4_dot_0/add0/_0637_ (net)
                  0.08    0.00    9.98 ^ dot_0/fp4_dot_0/add0/_1272_/A2 (sky130_fd_sc_hd__a31oi_1)
     1    0.00    0.08    0.09   10.07 v dot_0/fp4_dot_0/add0/_1272_/Y (sky130_fd_sc_hd__a31oi_1)
                                         dot_0/fp4_dot_0/add0/_0650_ (net)
                  0.08    0.00   10.07 v dot_0/fp4_dot_0/add0/_1273_/B1 (sky130_fd_sc_hd__a31oi_1)
     1    0.00    0.15    0.17   10.24 ^ dot_0/fp4_dot_0/add0/_1273_/Y (sky130_fd_sc_hd__a31oi_1)
                                         dot_0/fp4_dot_0/add0/_0651_ (net)
                  0.15    0.00   10.24 ^ dot_0/fp4_dot_0/add0/_1275_/A1 (sky130_fd_sc_hd__o21ai_1)
     1    0.00    0.09    0.09   10.34 v dot_0/fp4_dot_0/add0/_1275_/Y (sky130_fd_sc_hd__o21ai_1)
                                         dot_0/fp4_dot_0/add0/_0653_ (net)
                  0.09    0.00   10.34 v dot_0/fp4_dot_0/add0/place25237/A (sky130_fd_sc_hd__buf_4)
     1    0.01    0.04    0.16   10.50 v dot_0/fp4_dot_0/add0/place25237/X (sky130_fd_sc_hd__buf_4)
                                         dot_0/fp4_dot_0/add0/net25236 (net)
                  0.04    0.00   10.50 v dot_0/fp4_dot_0/add0/_1276_/B (sky130_fd_sc_hd__xnor2_1)
     1    0.01    0.09    0.14   10.64 v dot_0/fp4_dot_0/add0/_1276_/Y (sky130_fd_sc_hd__xnor2_1)
                                         dot_0/fp4_dot_0/add0/_0009_ (net)
                  0.09    0.00   10.64 v dot_0/fp4_dot_0/add0/_1355_/B (sky130_fd_sc_hd__fa_1)
     2    0.02    0.14    0.49   11.12 v dot_0/fp4_dot_0/add0/_1355_/COUT (sky130_fd_sc_hd__fa_1)
                                         dot_0/fp4_dot_0/add0/_0003_ (net)
                  0.14    0.00   11.13 v dot_0/fp4_dot_0/add0/_1354_/A (sky130_fd_sc_hd__fa_1)
     3    0.02    0.13    0.52   11.65 v dot_0/fp4_dot_0/add0/_1354_/COUT (sky130_fd_sc_hd__fa_1)
                                         dot_0/fp4_dot_0/add0/_0006_ (net)
                  0.13    0.00   11.65 v dot_0/fp4_dot_0/add0/place25189/A (sky130_fd_sc_hd__buf_4)
     1    0.01    0.03    0.18   11.83 v dot_0/fp4_dot_0/add0/place25189/X (sky130_fd_sc_hd__buf_4)
                                         dot_0/fp4_dot_0/add0/net25188 (net)
                  0.03    0.00   11.83 v dot_0/fp4_dot_0/add0/_0745_/A1 (sky130_fd_sc_hd__a211oi_4)
     2    0.01    0.23    0.25   12.07 ^ dot_0/fp4_dot_0/add0/_0745_/Y (sky130_fd_sc_hd__a211oi_4)
                                         dot_0/fp4_dot_0/add0/_0173_ (net)
                  0.23    0.00   12.07 ^ dot_0/fp4_dot_0/add0/place25176/A (sky130_fd_sc_hd__buf_4)
     2    0.01    0.04    0.17   12.24 ^ dot_0/fp4_dot_0/add0/place25176/X (sky130_fd_sc_hd__buf_4)
                                         dot_0/fp4_dot_0/add0/net25175 (net)
                  0.04    0.00   12.24 ^ dot_0/fp4_dot_0/add0/_0749_/A2 (sky130_fd_sc_hd__o31ai_2)
     2    0.01    0.09    0.08   12.32 v dot_0/fp4_dot_0/add0/_0749_/Y (sky130_fd_sc_hd__o31ai_2)
                                         dot_0/fp4_dot_0/add0/_0177_ (net)
                  0.09    0.00   12.32 v dot_0/fp4_dot_0/add0/_0750_/B (sky130_fd_sc_hd__xnor2_2)
     4    0.03    0.17    0.23   12.56 v dot_0/fp4_dot_0/add0/_0750_/Y (sky130_fd_sc_hd__xnor2_2)
                                         dot_0/fp4_dot_0/add0/_0178_ (net)
                  0.17    0.00   12.56 v dot_0/fp4_dot_0/add0/place25119/A (sky130_fd_sc_hd__buf_4)
     3    0.01    0.03    0.19   12.75 v dot_0/fp4_dot_0/add0/place25119/X (sky130_fd_sc_hd__buf_4)
                                         dot_0/fp4_dot_0/add0/net25118 (net)
                  0.03    0.00   12.75 v dot_0/fp4_dot_0/add0/_0826_/C (sky130_fd_sc_hd__or3_1)
     2    0.01    0.08    0.32   13.07 v dot_0/fp4_dot_0/add0/_0826_/X (sky130_fd_sc_hd__or3_1)
                                         dot_0/fp4_dot_0/add0/_0246_ (net)
                  0.08    0.00   13.07 v dot_0/fp4_dot_0/add0/_0844_/A (sky130_fd_sc_hd__nor2_1)
     2    0.01    0.19    0.19   13.27 ^ dot_0/fp4_dot_0/add0/_0844_/Y (sky130_fd_sc_hd__nor2_1)
                                         dot_0/fp4_dot_0/add0/_0264_ (net)
                  0.19    0.00   13.27 ^ dot_0/fp4_dot_0/add0/_0856_/B (sky130_fd_sc_hd__nor2_1)
     2    0.02    0.12    0.14   13.41 v dot_0/fp4_dot_0/add0/_0856_/Y (sky130_fd_sc_hd__nor2_1)
                                         dot_0/fp4_dot_0/add0/_0063_ (net)
                  0.12    0.00   13.41 v dot_0/fp4_dot_0/add0/_1371_/B (sky130_fd_sc_hd__ha_1)
     4    0.01    0.09    0.26   13.66 v dot_0/fp4_dot_0/add0/_1371_/COUT (sky130_fd_sc_hd__ha_1)
                                         dot_0/fp4_dot_0/add0/_0064_ (net)
                  0.09    0.00   13.66 v dot_0/fp4_dot_0/add0/place24950/A (sky130_fd_sc_hd__buf_4)
     3    0.01    0.03    0.16   13.82 v dot_0/fp4_dot_0/add0/place24950/X (sky130_fd_sc_hd__buf_4)
                                         dot_0/fp4_dot_0/add0/net24949 (net)
                  0.03    0.00   13.82 v dot_0/fp4_dot_0/add0/_0890_/A1 (sky130_fd_sc_hd__o21ba_2)
     1    0.00    0.04    0.20   14.02 v dot_0/fp4_dot_0/add0/_0890_/X (sky130_fd_sc_hd__o21ba_2)
                                         dot_0/fp4_dot_0/add0/_0299_ (net)
                  0.04    0.00   14.02 v dot_0/fp4_dot_0/add0/_0891_/B1 (sky130_fd_sc_hd__o32a_1)
     2    0.01    0.08    0.20   14.22 v dot_0/fp4_dot_0/add0/_0891_/X (sky130_fd_sc_hd__o32a_1)
                                         dot_0/fp4_dot_0/add0/_0300_ (net)
                  0.08    0.00   14.22 v dot_0/fp4_dot_0/add0/_0892_/A3 (sky130_fd_sc_hd__a31o_1)
     3    0.02    0.10    0.29   14.51 v dot_0/fp4_dot_0/add0/_0892_/X (sky130_fd_sc_hd__a31o_1)
                                         dot_0/fp4_dot_0/add0/_0301_ (net)
                  0.10    0.00   14.51 v dot_0/fp4_dot_0/add0/_0918_/B1 (sky130_fd_sc_hd__a21o_1)
     3    0.02    0.10    0.24   14.75 v dot_0/fp4_dot_0/add0/_0918_/X (sky130_fd_sc_hd__a21o_1)
                                         dot_0/fp4_dot_0/add0/_0326_ (net)
                  0.10    0.00   14.75 v dot_0/fp4_dot_0/add0/place24791/A (sky130_fd_sc_hd__buf_4)
     2    0.01    0.03    0.16   14.91 v dot_0/fp4_dot_0/add0/place24791/X (sky130_fd_sc_hd__buf_4)
                                         dot_0/fp4_dot_0/add0/net24790 (net)
                  0.03    0.00   14.91 v dot_0/fp4_dot_0/add0/_0950_/B1 (sky130_fd_sc_hd__a211o_2)
     2    0.02    0.08    0.35   15.25 v dot_0/fp4_dot_0/add0/_0950_/X (sky130_fd_sc_hd__a211o_2)
                                         dot_0/fp4_dot_0/add0/_0354_ (net)
                  0.08    0.00   15.25 v dot_0/fp4_dot_0/add0/_1106_/A (sky130_fd_sc_hd__nand2_1)
     5    0.02    0.22    0.19   15.45 ^ dot_0/fp4_dot_0/add0/_1106_/Y (sky130_fd_sc_hd__nand2_1)
                                         dot_0/fp4_dot_0/add0/_0503_ (net)
                  0.22    0.00   15.45 ^ dot_0/fp4_dot_0/add0/_1141_/B (sky130_fd_sc_hd__nand2_1)
     2    0.01    0.08    0.12   15.57 v dot_0/fp4_dot_0/add0/_1141_/Y (sky130_fd_sc_hd__nand2_1)
                                         dot_0/fp4_dot_0/add0/_0536_ (net)
                  0.08    0.00   15.57 v dot_0/fp4_dot_0/add0/_1142_/B1 (sky130_fd_sc_hd__o221a_1)
     1    0.00    0.04    0.23   15.80 v dot_0/fp4_dot_0/add0/_1142_/X (sky130_fd_sc_hd__o221a_1)
                                         dot_0/fp4_dot_0/add0/_0537_ (net)
                  0.04    0.00   15.80 v dot_0/fp4_dot_0/add0/_1144_/A3 (sky130_fd_sc_hd__a31oi_1)
     2    0.03    0.66    0.53   16.33 ^ dot_0/fp4_dot_0/add0/_1144_/Y (sky130_fd_sc_hd__a31oi_1)
                                         dot_0/fp4_dot_0/add0/_0000_ (net)
                  0.66    0.00   16.33 ^ dot_0/fp4_dot_0/add0/_1334_/B1 (sky130_fd_sc_hd__a21oi_1)
     1    0.00    0.13    0.10   16.42 v dot_0/fp4_dot_0/add0/_1334_/Y (sky130_fd_sc_hd__a21oi_1)
                                         dot_0/fp4_dot_0/add0/_0694_ (net)
                  0.13    0.00   16.42 v dot_0/fp4_dot_0/add0/_1344_/A3 (sky130_fd_sc_hd__a32oi_1)
     1    0.00    0.15    0.23   16.65 ^ dot_0/fp4_dot_0/add0/_1344_/Y (sky130_fd_sc_hd__a32oi_1)
                                         dot_0/fp4_dot_0/add0/_0002_ (net)
                  0.15    0.00   16.65 ^ dot_0/fp4_dot_0/add0/place24624/A (sky130_fd_sc_hd__buf_4)
     1    0.02    0.06    0.16   16.82 ^ dot_0/fp4_dot_0/add0/place24624/X (sky130_fd_sc_hd__buf_4)
                                         dot_0/fp4_dot_0/add0/net24623 (net)
                  0.06    0.00   16.82 ^ dot_0/fp4_dot_0/add0/_1402_/B (sky130_fd_sc_hd__ha_1)
     1    0.00    0.06    0.15   16.97 ^ dot_0/fp4_dot_0/add0/_1402_/COUT (sky130_fd_sc_hd__ha_1)
                                         dot_0/fp4_dot_0/add0/_0711_ (net)
                  0.06    0.00   16.97 ^ dot_0/fp4_dot_0/add0/_1387_/A (sky130_fd_sc_hd__ha_1)
     3    0.01    0.11    0.19   17.16 ^ dot_0/fp4_dot_0/add0/_1387_/COUT (sky130_fd_sc_hd__ha_1)
                                         dot_0/fp4_dot_0/add0/_0103_ (net)
                  0.11    0.00   17.16 ^ dot_0/fp4_dot_0/add0/_1038_/B (sky130_fd_sc_hd__nand2_1)
     2    0.01    0.05    0.08   17.24 v dot_0/fp4_dot_0/add0/_1038_/Y (sky130_fd_sc_hd__nand2_1)
                                         dot_0/fp4_dot_0/add0/_0441_ (net)
                  0.05    0.00   17.24 v dot_0/fp4_dot_0/add0/_1039_/B (sky130_fd_sc_hd__nor2_1)
     2    0.01    0.23    0.20   17.44 ^ dot_0/fp4_dot_0/add0/_1039_/Y (sky130_fd_sc_hd__nor2_1)
                                         dot_0/fp4_dot_0/add0/_0442_ (net)
                  0.23    0.00   17.45 ^ dot_0/fp4_dot_0/add0/_1055_/A3 (sky130_fd_sc_hd__a31o_4)
     2    0.01    0.05    0.20   17.64 ^ dot_0/fp4_dot_0/add0/_1055_/X (sky130_fd_sc_hd__a31o_4)
                                         dot_0/fp4_dot_0/add0/_0458_ (net)
                  0.05    0.00   17.64 ^ dot_0/fp4_dot_0/add0/_1058_/B (sky130_fd_sc_hd__nand3_2)
     2    0.01    0.06    0.08   17.72 v dot_0/fp4_dot_0/add0/_1058_/Y (sky130_fd_sc_hd__nand3_2)
                                         dot_0/fp4_dot_0/add0/_0461_ (net)
                  0.06    0.00   17.72 v dot_0/fp4_dot_0/add0/_1066_/A3 (sky130_fd_sc_hd__a31oi_1)
     2    0.03    0.74    0.59   18.31 ^ dot_0/fp4_dot_0/add0/_1066_/Y (sky130_fd_sc_hd__a31oi_1)
                                         dot_0/fp4_dot_0/add_0[6] (net)
                  0.74    0.00   18.32 ^ dot_0/fp4_dot_0/add4/_0811_/A (sky130_fd_sc_hd__nor2_1)
     2    0.01    0.15    0.16   18.48 v dot_0/fp4_dot_0/add4/_0811_/Y (sky130_fd_sc_hd__nor2_1)
                                         dot_0/fp4_dot_0/add4/_0236_ (net)
                  0.15    0.00   18.48 v dot_0/fp4_dot_0/add4/_0812_/A2 (sky130_fd_sc_hd__a21oi_1)
     1    0.01    0.27    0.30   18.78 ^ dot_0/fp4_dot_0/add4/_0812_/Y (sky130_fd_sc_hd__a21oi_1)
                                         dot_0/fp4_dot_0/add4/_0054_ (net)
                  0.27    0.00   18.78 ^ dot_0/fp4_dot_0/add4/place24522/A (sky130_fd_sc_hd__buf_4)
     2    0.01    0.04    0.17   18.95 ^ dot_0/fp4_dot_0/add4/place24522/X (sky130_fd_sc_hd__buf_4)
                                         dot_0/fp4_dot_0/add4/net24521 (net)
                  0.04    0.00   18.95 ^ dot_0/fp4_dot_0/add4/_0813_/A (sky130_fd_sc_hd__inv_1)
     2    0.01    0.03    0.04   19.00 v dot_0/fp4_dot_0/add4/_0813_/Y (sky130_fd_sc_hd__inv_1)
                                         dot_0/fp4_dot_0/add4/exp_a[0] (net)
                  0.03    0.00   19.00 v dot_0/fp4_dot_0/add4/_1370_/A (sky130_fd_sc_hd__ha_1)
     2    0.02    0.10    0.25   19.25 v dot_0/fp4_dot_0/add4/_1370_/COUT (sky130_fd_sc_hd__ha_1)
                                         dot_0/fp4_dot_0/add4/_0018_ (net)
                  0.10    0.00   19.25 v dot_0/fp4_dot_0/add4/_1357_/CIN (sky130_fd_sc_hd__fa_1)
     2    0.01    0.10    0.42   19.67 v dot_0/fp4_dot_0/add4/_1357_/COUT (sky130_fd_sc_hd__fa_1)
                                         dot_0/fp4_dot_0/add4/_0019_ (net)
                  0.10    0.00   19.67 v dot_0/fp4_dot_0/add4/_0858_/A (sky130_fd_sc_hd__nor2b_1)
     1    0.00    0.08    0.12   19.79 ^ dot_0/fp4_dot_0/add4/_0858_/Y (sky130_fd_sc_hd__nor2b_1)
                                         dot_0/fp4_dot_0/add4/_0273_ (net)
                  0.08    0.00   19.79 ^ dot_0/fp4_dot_0/add4/_0859_/A2 (sky130_fd_sc_hd__o21ai_0)
     2    0.01    0.10    0.11   19.90 v dot_0/fp4_dot_0/add4/_0859_/Y (sky130_fd_sc_hd__o21ai_0)
                                         dot_0/fp4_dot_0/add4/_0274_ (net)
                  0.10    0.00   19.90 v dot_0/fp4_dot_0/add4/_0861_/A2 (sky130_fd_sc_hd__a211oi_1)
     1    0.01    0.27    0.32   20.22 ^ dot_0/fp4_dot_0/add4/_0861_/Y (sky130_fd_sc_hd__a211oi_1)
                                         dot_0/fp4_dot_0/add4/_0276_ (net)
                  0.27    0.00   20.22 ^ dot_0/fp4_dot_0/add4/place24411/A (sky130_fd_sc_hd__buf_4)
     3    0.02    0.06    0.19   20.41 ^ dot_0/fp4_dot_0/add4/place24411/X (sky130_fd_sc_hd__buf_4)
                                         dot_0/fp4_dot_0/add4/net24410 (net)
                  0.06    0.00   20.41 ^ dot_0/fp4_dot_0/add4/_0865_/B (sky130_fd_sc_hd__nand2_1)
     2    0.01    0.06    0.07   20.48 v dot_0/fp4_dot_0/add4/_0865_/Y (sky130_fd_sc_hd__nand2_1)
                                         dot_0/fp4_dot_0/add4/_0088_ (net)
                  0.06    0.00   20.48 v dot_0/fp4_dot_0/add4/_1381_/A (sky130_fd_sc_hd__ha_1)
     2    0.01    0.07    0.22   20.70 v dot_0/fp4_dot_0/add4/_1381_/COUT (sky130_fd_sc_hd__ha_1)
                                         dot_0/fp4_dot_0/add4/_0090_ (net)
                  0.07    0.00   20.71 v dot_0/fp4_dot_0/add4/_1251_/A (sky130_fd_sc_hd__nor3_1)
     2    0.01    0.35    0.34   21.04 ^ dot_0/fp4_dot_0/add4/_1251_/Y (sky130_fd_sc_hd__nor3_1)
                                         dot_0/fp4_dot_0/add4/_0629_ (net)
                  0.35    0.00   21.04 ^ dot_0/fp4_dot_0/add4/_1253_/A3 (sky130_fd_sc_hd__o31ai_1)
     1    0.01    0.09    0.13   21.17 v dot_0/fp4_dot_0/add4/_1253_/Y (sky130_fd_sc_hd__o31ai_1)
                                         dot_0/fp4_dot_0/add4/_0631_ (net)
                  0.09    0.00   21.17 v dot_0/fp4_dot_0/add4/_1254_/B1 (sky130_fd_sc_hd__a2111oi_2)
     1    0.00    0.26    0.34   21.51 ^ dot_0/fp4_dot_0/add4/_1254_/Y (sky130_fd_sc_hd__a2111oi_2)
                                         dot_0/fp4_dot_0/add4/_0632_ (net)
                  0.26    0.00   21.51 ^ dot_0/fp4_dot_0/add4/place24317/A (sky130_fd_sc_hd__buf_4)
     3    0.02    0.07    0.19   21.71 ^ dot_0/fp4_dot_0/add4/place24317/X (sky130_fd_sc_hd__buf_4)
                                         dot_0/fp4_dot_0/add4/net24316 (net)
                  0.07    0.00   21.71 ^ dot_0/fp4_dot_0/add4/_1255_/S (sky130_fd_sc_hd__mux2i_1)
     1    0.01    0.06    0.08   21.79 v dot_0/fp4_dot_0/add4/_1255_/Y (sky130_fd_sc_hd__mux2i_1)
                                         dot_0/fp4_dot_0/add4/_0633_ (net)
                  0.06    0.00   21.79 v dot_0/fp4_dot_0/add4/place24312/A (sky130_fd_sc_hd__buf_4)
     3    0.01    0.04    0.15   21.94 v dot_0/fp4_dot_0/add4/place24312/X (sky130_fd_sc_hd__buf_4)
                                         dot_0/fp4_dot_0/add4/net24311 (net)
                  0.04    0.00   21.95 v dot_0/fp4_dot_0/add4/_1258_/A_N (sky130_fd_sc_hd__nand2b_1)
     2    0.01    0.06    0.15   22.09 v dot_0/fp4_dot_0/add4/_1258_/Y (sky130_fd_sc_hd__nand2b_1)
                                         dot_0/fp4_dot_0/add4/_0636_ (net)
                  0.06    0.00   22.09 v dot_0/fp4_dot_0/add4/_1259_/B1 (sky130_fd_sc_hd__a221o_1)
     1    0.00    0.06    0.30   22.40 v dot_0/fp4_dot_0/add4/_1259_/X (sky130_fd_sc_hd__a221o_1)
                                         dot_0/fp4_dot_0/add4/_0637_ (net)
                  0.06    0.00   22.40 v dot_0/fp4_dot_0/add4/_1272_/A2 (sky130_fd_sc_hd__a31oi_1)
     1    0.01    0.17    0.20   22.59 ^ dot_0/fp4_dot_0/add4/_1272_/Y (sky130_fd_sc_hd__a31oi_1)
                                         dot_0/fp4_dot_0/add4/_0650_ (net)
                  0.17    0.00   22.59 ^ dot_0/fp4_dot_0/add4/_1273_/B1 (sky130_fd_sc_hd__a31oi_1)
     1    0.00    0.06    0.06   22.66 v dot_0/fp4_dot_0/add4/_1273_/Y (sky130_fd_sc_hd__a31oi_1)
                                         dot_0/fp4_dot_0/add4/_0651_ (net)
                  0.06    0.00   22.66 v dot_0/fp4_dot_0/add4/_1275_/A1 (sky130_fd_sc_hd__o21ai_1)
     1    0.01    0.21    0.22   22.88 ^ dot_0/fp4_dot_0/add4/_1275_/Y (sky130_fd_sc_hd__o21ai_1)
                                         dot_0/fp4_dot_0/add4/_0653_ (net)
                  0.21    0.00   22.88 ^ dot_0/fp4_dot_0/add4/place24266/A (sky130_fd_sc_hd__buf_4)
     1    0.01    0.03    0.15   23.03 ^ dot_0/fp4_dot_0/add4/place24266/X (sky130_fd_sc_hd__buf_4)
                                         dot_0/fp4_dot_0/add4/net24265 (net)
                  0.03    0.00   23.03 ^ dot_0/fp4_dot_0/add4/_1276_/B (sky130_fd_sc_hd__xnor2_1)
     1    0.01    0.08    0.07   23.10 v dot_0/fp4_dot_0/add4/_1276_/Y (sky130_fd_sc_hd__xnor2_1)
                                         dot_0/fp4_dot_0/add4/_0009_ (net)
                  0.08    0.00   23.10 v dot_0/fp4_dot_0/add4/_1355_/B (sky130_fd_sc_hd__fa_1)
     2    0.02    0.13    0.48   23.58 v dot_0/fp4_dot_0/add4/_1355_/COUT (sky130_fd_sc_hd__fa_1)
                                         dot_0/fp4_dot_0/add4/_0003_ (net)
                  0.13    0.00   23.58 v dot_0/fp4_dot_0/add4/_1354_/A (sky130_fd_sc_hd__fa_1)
     3    0.02    0.14    0.53   24.11 v dot_0/fp4_dot_0/add4/_1354_/COUT (sky130_fd_sc_hd__fa_1)
                                         dot_0/fp4_dot_0/add4/_0006_ (net)
                  0.14    0.00   24.12 v dot_0/fp4_dot_0/add4/_0785_/A1 (sky130_fd_sc_hd__a21o_1)
     2    0.01    0.07    0.23   24.34 v dot_0/fp4_dot_0/add4/_0785_/X (sky130_fd_sc_hd__a21o_1)
                                         dot_0/fp4_dot_0/add4/_0213_ (net)
                  0.07    0.00   24.34 v dot_0/fp4_dot_0/add4/_0790_/A2 (sky130_fd_sc_hd__a2111oi_2)
     2    0.01    0.39    0.46   24.80 ^ dot_0/fp4_dot_0/add4/_0790_/Y (sky130_fd_sc_hd__a2111oi_2)
                                         dot_0/fp4_dot_0/add4/_0218_ (net)
                  0.39    0.00   24.80 ^ dot_0/fp4_dot_0/add4/_0791_/B1 (sky130_fd_sc_hd__a21oi_1)
     2    0.01    0.12    0.13   24.93 v dot_0/fp4_dot_0/add4/_0791_/Y (sky130_fd_sc_hd__a21oi_1)
                                         dot_0/fp4_dot_0/add4/_0219_ (net)
                  0.12    0.00   24.93 v dot_0/fp4_dot_0/add4/_0792_/A3 (sky130_fd_sc_hd__a31oi_2)
     3    0.02    0.26    0.31   25.24 ^ dot_0/fp4_dot_0/add4/_0792_/Y (sky130_fd_sc_hd__a31oi_2)
                                         dot_0/fp4_dot_0/add4/_0220_ (net)
                  0.26    0.00   25.24 ^ dot_0/fp4_dot_0/add4/_0804_/A2 (sky130_fd_sc_hd__a31o_1)
     1    0.00    0.06    0.20   25.44 ^ dot_0/fp4_dot_0/add4/_0804_/X (sky130_fd_sc_hd__a31o_1)
                                         dot_0/fp4_dot_0/add4/_0232_ (net)
                  0.06    0.00   25.44 ^ dot_0/fp4_dot_0/add4/_0805_/B1 (sky130_fd_sc_hd__a21o_1)
     2    0.02    0.16    0.17   25.60 ^ dot_0/fp4_dot_0/add4/_0805_/X (sky130_fd_sc_hd__a21o_1)
                                         dot_0/fp4_dot_0/add4/_0233_ (net)
                  0.16    0.00   25.60 ^ dot_0/fp4_dot_0/add4/_1379_/A (sky130_fd_sc_hd__ha_1)
     2    0.01    0.09    0.20   25.81 ^ dot_0/fp4_dot_0/add4/_1379_/COUT (sky130_fd_sc_hd__ha_1)
                                         dot_0/fp4_dot_0/add4/_0085_ (net)
                  0.09    0.00   25.81 ^ dot_0/fp4_dot_0/add4/_0869_/A (sky130_fd_sc_hd__inv_1)
     1    0.01    0.05    0.07   25.88 v dot_0/fp4_dot_0/add4/_0869_/Y (sky130_fd_sc_hd__inv_1)
                                         dot_0/fp4_dot_0/add4/_0012_ (net)
                  0.05    0.00   25.88 v dot_0/fp4_dot_0/add4/_1356_/A (sky130_fd_sc_hd__fa_1)
     2    0.01    0.09    0.50   26.37 v dot_0/fp4_dot_0/add4/_1356_/SUM (sky130_fd_sc_hd__fa_1)
                                         dot_0/fp4_dot_0/add4/_0016_ (net)
                  0.09    0.00   26.37 v dot_0/fp4_dot_0/add4/_0884_/A (sky130_fd_sc_hd__nor2b_1)
     1    0.01    0.18    0.20   26.57 ^ dot_0/fp4_dot_0/add4/_0884_/Y (sky130_fd_sc_hd__nor2b_1)
                                         dot_0/fp4_dot_0/add4/_0293_ (net)
                  0.18    0.00   26.57 ^ dot_0/fp4_dot_0/add4/_0886_/C1 (sky130_fd_sc_hd__o2111a_1)
     2    0.01    0.11    0.25   26.82 ^ dot_0/fp4_dot_0/add4/_0886_/X (sky130_fd_sc_hd__o2111a_1)
                                         dot_0/fp4_dot_0/add4/_0295_ (net)
                  0.11    0.00   26.82 ^ dot_0/fp4_dot_0/add4/_0892_/A1 (sky130_fd_sc_hd__a31o_1)
     3    0.02    0.20    0.26   27.08 ^ dot_0/fp4_dot_0/add4/_0892_/X (sky130_fd_sc_hd__a31o_1)
                                         dot_0/fp4_dot_0/add4/_0301_ (net)
                  0.20    0.00   27.08 ^ dot_0/fp4_dot_0/add4/_0893_/B1 (sky130_fd_sc_hd__a21oi_2)
     3    0.01    0.07    0.09   27.17 v dot_0/fp4_dot_0/add4/_0893_/Y (sky130_fd_sc_hd__a21oi_2)
                                         dot_0/fp4_dot_0/add4/_0302_ (net)
                  0.07    0.00   27.17 v dot_0/fp4_dot_0/add4/place24047/A (sky130_fd_sc_hd__buf_4)
     4    0.02    0.04    0.16   27.33 v dot_0/fp4_dot_0/add4/place24047/X (sky130_fd_sc_hd__buf_4)
                                         dot_0/fp4_dot_0/add4/net24046 (net)
                  0.04    0.00   27.33 v dot_0/fp4_dot_0/add4/_1004_/B1 (sky130_fd_sc_hd__o22ai_1)
     1    0.01    0.33    0.28   27.61 ^ dot_0/fp4_dot_0/add4/_1004_/Y (sky130_fd_sc_hd__o22ai_1)
                                         dot_0/fp4_dot_0/add4/_0407_ (net)
                  0.33    0.00   27.61 ^ dot_0/fp4_dot_0/add4/place24020/A (sky130_fd_sc_hd__buf_4)
     2    0.01    0.04    0.18   27.79 ^ dot_0/fp4_dot_0/add4/place24020/X (sky130_fd_sc_hd__buf_4)
                                         dot_0/fp4_dot_0/add4/net24019 (net)
                  0.04    0.00   27.79 ^ dot_0/fp4_dot_0/add4/_1119_/D (sky130_fd_sc_hd__nand4_1)
     2    0.02    0.25    0.23   28.02 v dot_0/fp4_dot_0/add4/_1119_/Y (sky130_fd_sc_hd__nand4_1)
                                         dot_0/fp4_dot_0/add4/_0516_ (net)
                  0.25    0.00   28.02 v dot_0/fp4_dot_0/add4/_1142_/B2 (sky130_fd_sc_hd__o221a_1)
     1    0.01    0.07    0.31   28.33 v dot_0/fp4_dot_0/add4/_1142_/X (sky130_fd_sc_hd__o221a_1)
                                         dot_0/fp4_dot_0/add4/_0537_ (net)
                  0.07    0.00   28.33 v dot_0/fp4_dot_0/add4/_1144_/A3 (sky130_fd_sc_hd__a31oi_1)
     1    0.00    0.12    0.16   28.49 ^ dot_0/fp4_dot_0/add4/_1144_/Y (sky130_fd_sc_hd__a31oi_1)
                                         dot_0/fp4_dot_0/add4/_0000_ (net)
                  0.12    0.00   28.49 ^ dot_0/fp4_dot_0/add4/place23962/A (sky130_fd_sc_hd__buf_4)
     2    0.02    0.08    0.16   28.66 ^ dot_0/fp4_dot_0/add4/place23962/X (sky130_fd_sc_hd__buf_4)
                                         dot_0/fp4_dot_0/add4/net23961 (net)
                  0.08    0.00   28.66 ^ dot_0/fp4_dot_0/add4/_1334_/B1 (sky130_fd_sc_hd__a21oi_1)
     1    0.00    0.06    0.05   28.71 v dot_0/fp4_dot_0/add4/_1334_/Y (sky130_fd_sc_hd__a21oi_1)
                                         dot_0/fp4_dot_0/add4/_0694_ (net)
                  0.06    0.00   28.71 v dot_0/fp4_dot_0/add4/_1344_/A3 (sky130_fd_sc_hd__a32oi_1)
     1    0.01    0.23    0.25   28.96 ^ dot_0/fp4_dot_0/add4/_1344_/Y (sky130_fd_sc_hd__a32oi_1)
                                         dot_0/fp4_dot_0/add4/_0002_ (net)
                  0.23    0.00   28.96 ^ dot_0/fp4_dot_0/add4/place23954/A (sky130_fd_sc_hd__buf_4)
     1    0.01    0.05    0.17   29.13 ^ dot_0/fp4_dot_0/add4/place23954/X (sky130_fd_sc_hd__buf_4)
                                         dot_0/fp4_dot_0/add4/net23953 (net)
                  0.05    0.00   29.13 ^ dot_0/fp4_dot_0/add4/_1402_/B (sky130_fd_sc_hd__ha_1)
     1    0.00    0.05    0.14   29.27 ^ dot_0/fp4_dot_0/add4/_1402_/COUT (sky130_fd_sc_hd__ha_1)
                                         dot_0/fp4_dot_0/add4/_0711_ (net)
                  0.05    0.00   29.27 ^ dot_0/fp4_dot_0/add4/_1387_/A (sky130_fd_sc_hd__ha_1)
     3    0.01    0.14    0.21   29.48 ^ dot_0/fp4_dot_0/add4/_1387_/COUT (sky130_fd_sc_hd__ha_1)
                                         dot_0/fp4_dot_0/add4/_0103_ (net)
                  0.14    0.00   29.48 ^ dot_0/fp4_dot_0/add4/_1038_/B (sky130_fd_sc_hd__nand2_1)
     2    0.01    0.06    0.10   29.57 v dot_0/fp4_dot_0/add4/_1038_/Y (sky130_fd_sc_hd__nand2_1)
                                         dot_0/fp4_dot_0/add4/_0441_ (net)
                  0.06    0.00   29.57 v dot_0/fp4_dot_0/add4/_1039_/B (sky130_fd_sc_hd__nor2_1)
     2    0.01    0.18    0.17   29.74 ^ dot_0/fp4_dot_0/add4/_1039_/Y (sky130_fd_sc_hd__nor2_1)
                                         dot_0/fp4_dot_0/add4/_0442_ (net)
                  0.18    0.00   29.74 ^ dot_0/fp4_dot_0/add4/_1055_/A3 (sky130_fd_sc_hd__a31o_4)
     2    0.01    0.05    0.18   29.93 ^ dot_0/fp4_dot_0/add4/_1055_/X (sky130_fd_sc_hd__a31o_4)
                                         dot_0/fp4_dot_0/add4/_0458_ (net)
                  0.05    0.00   29.93 ^ dot_0/fp4_dot_0/add4/_1058_/B (sky130_fd_sc_hd__nand3_2)
     2    0.02    0.11    0.12   30.04 v dot_0/fp4_dot_0/add4/_1058_/Y (sky130_fd_sc_hd__nand3_2)
                                         dot_0/fp4_dot_0/add4/_0461_ (net)
                  0.11    0.00   30.04 v dot_0/fp4_dot_0/add4/_1066_/A3 (sky130_fd_sc_hd__a31oi_2)
     1    0.06    0.73    0.65   30.69 ^ dot_0/fp4_dot_0/add4/_1066_/Y (sky130_fd_sc_hd__a31oi_2)
                                         dot_0/fp4_dot_0/add_4[6] (net)
                  0.73    0.01   30.70 ^ dot_0/fp4_dot_0/add6/place23943/A (sky130_fd_sc_hd__buf_12)
     2    0.04    0.07    0.21   30.91 ^ dot_0/fp4_dot_0/add6/place23943/X (sky130_fd_sc_hd__buf_12)
                                         dot_0/fp4_dot_0/add6/net23942 (net)
                  0.07    0.01   30.91 ^ dot_0/fp4_dot_0/add6/_0811_/A (sky130_fd_sc_hd__nor2_1)
     2    0.01    0.05    0.07   30.98 v dot_0/fp4_dot_0/add6/_0811_/Y (sky130_fd_sc_hd__nor2_1)
                                         dot_0/fp4_dot_0/add6/_0236_ (net)
                  0.05    0.00   30.98 v dot_0/fp4_dot_0/add6/_0812_/A2 (sky130_fd_sc_hd__a21oi_1)
     2    0.01    0.16    0.18   31.17 ^ dot_0/fp4_dot_0/add6/_0812_/Y (sky130_fd_sc_hd__a21oi_1)
                                         dot_0/fp4_dot_0/add6/_0054_ (net)
                  0.16    0.00   31.17 ^ dot_0/fp4_dot_0/add6/_0813_/A (sky130_fd_sc_hd__inv_1)
     2    0.01    0.06    0.08   31.24 v dot_0/fp4_dot_0/add6/_0813_/Y (sky130_fd_sc_hd__inv_1)
                                         dot_0/fp4_dot_0/add6/exp_a[0] (net)
                  0.06    0.00   31.24 v dot_0/fp4_dot_0/add6/_1370_/A (sky130_fd_sc_hd__ha_1)
     2    0.02    0.10    0.25   31.50 v dot_0/fp4_dot_0/add6/_1370_/COUT (sky130_fd_sc_hd__ha_1)
                                         dot_0/fp4_dot_0/add6/_0018_ (net)
                  0.10    0.00   31.50 v dot_0/fp4_dot_0/add6/_1357_/CIN (sky130_fd_sc_hd__fa_1)
     2    0.01    0.11    0.43   31.93 v dot_0/fp4_dot_0/add6/_1357_/COUT (sky130_fd_sc_hd__fa_1)
                                         dot_0/fp4_dot_0/add6/_0019_ (net)
                  0.11    0.00   31.93 v dot_0/fp4_dot_0/add6/_0858_/A (sky130_fd_sc_hd__nor2b_1)
     1    0.00    0.09    0.13   32.06 ^ dot_0/fp4_dot_0/add6/_0858_/Y (sky130_fd_sc_hd__nor2b_1)
                                         dot_0/fp4_dot_0/add6/_0273_ (net)
                  0.09    0.00   32.06 ^ dot_0/fp4_dot_0/add6/_0859_/A2 (sky130_fd_sc_hd__o21ai_0)
     2    0.01    0.10    0.11   32.16 v dot_0/fp4_dot_0/add6/_0859_/Y (sky130_fd_sc_hd__o21ai_0)
                                         dot_0/fp4_dot_0/add6/_0274_ (net)
                  0.10    0.00   32.16 v dot_0/fp4_dot_0/add6/_0861_/A2 (sky130_fd_sc_hd__a211oi_1)
     3    0.01    0.51    0.50   32.66 ^ dot_0/fp4_dot_0/add6/_0861_/Y (sky130_fd_sc_hd__a211oi_1)
                                         dot_0/fp4_dot_0/add6/_0276_ (net)
                  0.51    0.00   32.66 ^ dot_0/fp4_dot_0/add6/_0865_/B (sky130_fd_sc_hd__nand2_1)
     2    0.01    0.12    0.16   32.82 v dot_0/fp4_dot_0/add6/_0865_/Y (sky130_fd_sc_hd__nand2_1)
                                         dot_0/fp4_dot_0/add6/_0088_ (net)
                  0.12    0.00   32.82 v dot_0/fp4_dot_0/add6/_1381_/A (sky130_fd_sc_hd__ha_1)
     2    0.01    0.06    0.25   33.07 v dot_0/fp4_dot_0/add6/_1381_/COUT (sky130_fd_sc_hd__ha_1)
                                         dot_0/fp4_dot_0/add6/_0090_ (net)
                  0.06    0.00   33.07 v dot_0/fp4_dot_0/add6/_1251_/A (sky130_fd_sc_hd__nor3_1)
     2    0.01    0.32    0.32   33.39 ^ dot_0/fp4_dot_0/add6/_1251_/Y (sky130_fd_sc_hd__nor3_1)
                                         dot_0/fp4_dot_0/add6/_0629_ (net)
                  0.32    0.00   33.39 ^ dot_0/fp4_dot_0/add6/_1253_/A3 (sky130_fd_sc_hd__o31ai_1)
     1    0.01    0.10    0.14   33.53 v dot_0/fp4_dot_0/add6/_1253_/Y (sky130_fd_sc_hd__o31ai_1)
                                         dot_0/fp4_dot_0/add6/_0631_ (net)
                  0.10    0.00   33.53 v dot_0/fp4_dot_0/add6/_1254_/B1 (sky130_fd_sc_hd__a2111oi_2)
     1    0.00    0.26    0.34   33.87 ^ dot_0/fp4_dot_0/add6/_1254_/Y (sky130_fd_sc_hd__a2111oi_2)
                                         dot_0/fp4_dot_0/add6/_0632_ (net)
                  0.26    0.00   33.87 ^ dot_0/fp4_dot_0/add6/place23813/A (sky130_fd_sc_hd__buf_4)
     3    0.01    0.05    0.18   34.05 ^ dot_0/fp4_dot_0/add6/place23813/X (sky130_fd_sc_hd__buf_4)
                                         dot_0/fp4_dot_0/add6/net23812 (net)
                  0.05    0.00   34.05 ^ dot_0/fp4_dot_0/add6/_1255_/S (sky130_fd_sc_hd__mux2i_1)
     2    0.01    0.22    0.25   34.31 ^ dot_0/fp4_dot_0/add6/_1255_/Y (sky130_fd_sc_hd__mux2i_1)
                                         dot_0/fp4_dot_0/add6/_0633_ (net)
                  0.22    0.00   34.31 ^ dot_0/fp4_dot_0/add6/_1258_/A_N (sky130_fd_sc_hd__nand2b_1)
     2    0.01    0.08    0.16   34.47 ^ dot_0/fp4_dot_0/add6/_1258_/Y (sky130_fd_sc_hd__nand2b_1)
                                         dot_0/fp4_dot_0/add6/_0636_ (net)
                  0.08    0.00   34.47 ^ dot_0/fp4_dot_0/add6/_1259_/B1 (sky130_fd_sc_hd__a221o_1)
     1    0.01    0.07    0.16   34.63 ^ dot_0/fp4_dot_0/add6/_1259_/X (sky130_fd_sc_hd__a221o_1)
                                         dot_0/fp4_dot_0/add6/_0637_ (net)
                  0.07    0.00   34.63 ^ dot_0/fp4_dot_0/add6/_1272_/A2 (sky130_fd_sc_hd__a31oi_1)
     1    0.00    0.07    0.08   34.71 v dot_0/fp4_dot_0/add6/_1272_/Y (sky130_fd_sc_hd__a31oi_1)
                                         dot_0/fp4_dot_0/add6/_0650_ (net)
                  0.07    0.00   34.71 v dot_0/fp4_dot_0/add6/_1273_/B1 (sky130_fd_sc_hd__a31oi_1)
     1    0.01    0.24    0.23   34.94 ^ dot_0/fp4_dot_0/add6/_1273_/Y (sky130_fd_sc_hd__a31oi_1)
                                         dot_0/fp4_dot_0/add6/_0651_ (net)
                  0.24    0.00   34.94 ^ dot_0/fp4_dot_0/add6/_1275_/A1 (sky130_fd_sc_hd__o21ai_1)
     1    0.01    0.14    0.16   35.11 v dot_0/fp4_dot_0/add6/_1275_/Y (sky130_fd_sc_hd__o21ai_1)
                                         dot_0/fp4_dot_0/add6/_0653_ (net)
                  0.14    0.00   35.11 v dot_0/fp4_dot_0/add6/_1276_/B (sky130_fd_sc_hd__xnor2_1)
     1    0.01    0.09    0.19   35.29 v dot_0/fp4_dot_0/add6/_1276_/Y (sky130_fd_sc_hd__xnor2_1)
                                         dot_0/fp4_dot_0/add6/_0009_ (net)
                  0.09    0.00   35.29 v dot_0/fp4_dot_0/add6/_1355_/B (sky130_fd_sc_hd__fa_1)
     2    0.02    0.16    0.51   35.80 v dot_0/fp4_dot_0/add6/_1355_/COUT (sky130_fd_sc_hd__fa_1)
                                         dot_0/fp4_dot_0/add6/_0003_ (net)
                  0.16    0.00   35.80 v dot_0/fp4_dot_0/add6/_1354_/A (sky130_fd_sc_hd__fa_1)
     2    0.01    0.10    0.49   36.29 v dot_0/fp4_dot_0/add6/_1354_/COUT (sky130_fd_sc_hd__fa_1)
                                         dot_0/fp4_dot_0/add6/_0006_ (net)
                  0.10    0.00   36.29 v dot_0/fp4_dot_0/add6/place23777/A (sky130_fd_sc_hd__buf_4)
     2    0.01    0.04    0.17   36.46 v dot_0/fp4_dot_0/add6/place23777/X (sky130_fd_sc_hd__buf_4)
                                         dot_0/fp4_dot_0/add6/net23776 (net)
                  0.04    0.00   36.46 v dot_0/fp4_dot_0/add6/_0745_/A1 (sky130_fd_sc_hd__a211oi_4)
     2    0.01    0.23    0.24   36.70 ^ dot_0/fp4_dot_0/add6/_0745_/Y (sky130_fd_sc_hd__a211oi_4)
                                         dot_0/fp4_dot_0/add6/_0173_ (net)
                  0.23    0.00   36.70 ^ dot_0/fp4_dot_0/add6/_0796_/A (sky130_fd_sc_hd__nor3_2)
     2    0.02    0.09    0.13   36.83 v dot_0/fp4_dot_0/add6/_0796_/Y (sky130_fd_sc_hd__nor3_2)
                                         dot_0/fp4_dot_0/add6/_0224_ (net)
                  0.09    0.00   36.83 v dot_0/fp4_dot_0/add6/_0801_/B (sky130_fd_sc_hd__or3_4)
     2    0.01    0.07    0.39   37.22 v dot_0/fp4_dot_0/add6/_0801_/X (sky130_fd_sc_hd__or3_4)
                                         dot_0/fp4_dot_0/add6/_0229_ (net)
                  0.07    0.00   37.23 v dot_0/fp4_dot_0/add6/_0802_/B (sky130_fd_sc_hd__and2_1)
     3    0.02    0.10    0.23   37.46 v dot_0/fp4_dot_0/add6/_0802_/X (sky130_fd_sc_hd__and2_1)
                                         dot_0/fp4_dot_0/add6/_0230_ (net)
                  0.10    0.00   37.46 v dot_0/fp4_dot_0/add6/_0804_/B1 (sky130_fd_sc_hd__a31o_1)
     1    0.00    0.04    0.20   37.66 v dot_0/fp4_dot_0/add6/_0804_/X (sky130_fd_sc_hd__a31o_1)
                                         dot_0/fp4_dot_0/add6/_0232_ (net)
                  0.04    0.00   37.66 v dot_0/fp4_dot_0/add6/_0805_/B1 (sky130_fd_sc_hd__a21o_1)
     2    0.02    0.12    0.23   37.89 v dot_0/fp4_dot_0/add6/_0805_/X (sky130_fd_sc_hd__a21o_1)
                                         dot_0/fp4_dot_0/add6/_0233_ (net)
                  0.12    0.00   37.89 v dot_0/fp4_dot_0/add6/_1379_/A (sky130_fd_sc_hd__ha_1)
     2    0.01    0.05    0.24   38.12 v dot_0/fp4_dot_0/add6/_1379_/COUT (sky130_fd_sc_hd__ha_1)
                                         dot_0/fp4_dot_0/add6/_0085_ (net)
                  0.05    0.00   38.12 v dot_0/fp4_dot_0/add6/_0869_/A (sky130_fd_sc_hd__inv_1)
     1    0.01    0.08    0.08   38.21 ^ dot_0/fp4_dot_0/add6/_0869_/Y (sky130_fd_sc_hd__inv_1)
                                         dot_0/fp4_dot_0/add6/_0012_ (net)
                  0.08    0.00   38.21 ^ dot_0/fp4_dot_0/add6/_1356_/A (sky130_fd_sc_hd__fa_1)
     2    0.01    0.09    0.41   38.62 v dot_0/fp4_dot_0/add6/_1356_/SUM (sky130_fd_sc_hd__fa_1)
                                         dot_0/fp4_dot_0/add6/_0016_ (net)
                  0.09    0.00   38.62 v dot_0/fp4_dot_0/add6/_0884_/A (sky130_fd_sc_hd__nor2b_1)
     1    0.01    0.14    0.17   38.78 ^ dot_0/fp4_dot_0/add6/_0884_/Y (sky130_fd_sc_hd__nor2b_1)
                                         dot_0/fp4_dot_0/add6/_0293_ (net)
                  0.14    0.00   38.78 ^ dot_0/fp4_dot_0/add6/_0886_/C1 (sky130_fd_sc_hd__o2111a_1)
     2    0.01    0.09    0.23   39.02 ^ dot_0/fp4_dot_0/add6/_0886_/X (sky130_fd_sc_hd__o2111a_1)
                                         dot_0/fp4_dot_0/add6/_0295_ (net)
                  0.09    0.00   39.02 ^ dot_0/fp4_dot_0/add6/_0892_/A1 (sky130_fd_sc_hd__a31o_1)
     3    0.02    0.19    0.25   39.26 ^ dot_0/fp4_dot_0/add6/_0892_/X (sky130_fd_sc_hd__a31o_1)
                                         dot_0/fp4_dot_0/add6/_0301_ (net)
                  0.19    0.00   39.26 ^ dot_0/fp4_dot_0/add6/_0918_/B1 (sky130_fd_sc_hd__a21o_1)
     5    0.03    0.25    0.26   39.52 ^ dot_0/fp4_dot_0/add6/_0918_/X (sky130_fd_sc_hd__a21o_1)
                                         dot_0/fp4_dot_0/add6/_0326_ (net)
                  0.25    0.00   39.53 ^ dot_0/fp4_dot_0/add6/place23666/A (sky130_fd_sc_hd__buf_4)
     1    0.00    0.03    0.15   39.68 ^ dot_0/fp4_dot_0/add6/place23666/X (sky130_fd_sc_hd__buf_4)
                                         dot_0/fp4_dot_0/add6/net23665 (net)
                  0.03    0.00   39.68 ^ dot_0/fp4_dot_0/add6/_1113_/B1 (sky130_fd_sc_hd__a21oi_1)
     1    0.00    0.05    0.03   39.71 v dot_0/fp4_dot_0/add6/_1113_/Y (sky130_fd_sc_hd__a21oi_1)
                                         dot_0/fp4_dot_0/add6/_0510_ (net)
                  0.05    0.00   39.71 v dot_0/fp4_dot_0/add6/_1114_/A2 (sky130_fd_sc_hd__o311ai_0)
     1    0.01    0.51    0.49   40.20 ^ dot_0/fp4_dot_0/add6/_1114_/Y (sky130_fd_sc_hd__o311ai_0)
                                         dot_0/fp4_dot_0/add6/_0511_ (net)
                  0.51    0.00   40.20 ^ dot_0/fp4_dot_0/add6/_1116_/A3 (sky130_fd_sc_hd__o311ai_1)
     1    0.01    0.12    0.17   40.37 v dot_0/fp4_dot_0/add6/_1116_/Y (sky130_fd_sc_hd__o311ai_1)
                                         dot_0/fp4_dot_0/add6/_0513_ (net)
                  0.12    0.00   40.37 v dot_0/fp4_dot_0/add6/_1121_/B1 (sky130_fd_sc_hd__a211oi_1)
     1    0.02    0.66    0.60   40.96 ^ dot_0/fp4_dot_0/add6/_1121_/Y (sky130_fd_sc_hd__a211oi_1)
                                         dot_0/fp4_dot_0/add6/_0518_ (net)
                  0.66    0.00   40.97 ^ dot_0/fp4_dot_0/add6/place23630/A (sky130_fd_sc_hd__buf_4)
     2    0.01    0.05    0.23   41.19 ^ dot_0/fp4_dot_0/add6/place23630/X (sky130_fd_sc_hd__buf_4)
                                         dot_0/fp4_dot_0/add6/net23629 (net)
                  0.05    0.00   41.19 ^ dot_0/fp4_dot_0/add6/_1149_/B (sky130_fd_sc_hd__nor3_1)
     1    0.01    0.07    0.06   41.25 v dot_0/fp4_dot_0/add6/_1149_/Y (sky130_fd_sc_hd__nor3_1)
                                         dot_0/fp4_dot_0/add6/_0001_ (net)
                  0.07    0.00   41.25 v dot_0/fp4_dot_0/add6/_1387_/B (sky130_fd_sc_hd__ha_1)
     4    0.02    0.10    0.25   41.50 v dot_0/fp4_dot_0/add6/_1387_/COUT (sky130_fd_sc_hd__ha_1)
                                         dot_0/fp4_dot_0/add6/_0103_ (net)
                  0.10    0.00   41.50 v dot_0/fp4_dot_0/add6/_0914_/A (sky130_fd_sc_hd__and4_1)
     2    0.01    0.06    0.19   41.69 v dot_0/fp4_dot_0/add6/_0914_/X (sky130_fd_sc_hd__and4_1)
                                         dot_0/fp4_dot_0/add6/_0322_ (net)
                  0.06    0.00   41.69 v dot_0/fp4_dot_0/add6/_1056_/A (sky130_fd_sc_hd__nor3b_1)
     1    0.01    0.22    0.24   41.93 ^ dot_0/fp4_dot_0/add6/_1056_/Y (sky130_fd_sc_hd__nor3b_1)
                                         dot_0/fp4_dot_0/add6/_0459_ (net)
                  0.22    0.00   41.93 ^ dot_0/fp4_dot_0/add6/_1057_/D (sky130_fd_sc_hd__nand4_2)
     3    0.02    0.18    0.21   42.14 v dot_0/fp4_dot_0/add6/_1057_/Y (sky130_fd_sc_hd__nand4_2)
                                         dot_0/fp4_dot_0/add6/_0460_ (net)
                  0.18    0.00   42.14 v dot_0/fp4_dot_0/add6/_1069_/C (sky130_fd_sc_hd__nand4_4)
     4    0.03    0.15    0.21   42.35 ^ dot_0/fp4_dot_0/add6/_1069_/Y (sky130_fd_sc_hd__nand4_4)
                                         dot_0/fp4_dot_0/add6/_0471_ (net)
                  0.15    0.00   42.35 ^ dot_0/fp4_dot_0/add6/_1085_/B (sky130_fd_sc_hd__nand3_2)
     1    0.09    0.53    0.44   42.79 v dot_0/fp4_dot_0/add6/_1085_/Y (sky130_fd_sc_hd__nand3_2)
                                         dot_0/dot_out[5] (net)
                  0.54    0.03   42.82 v dot_0/fifo_timer_r/place23619/A (sky130_fd_sc_hd__buf_12)
    16    0.09    0.07    0.35   43.16 v dot_0/fifo_timer_r/place23619/X (sky130_fd_sc_hd__buf_12)
                                         dot_0/fifo_timer_r/net23618 (net)
                  0.08    0.02   43.19 v dot_0/fifo_timer_r/mem[11][5]$_DFFE_PP_/D (sky130_fd_sc_hd__edfxtp_1)
                                 43.19   data arrival time

                  0.15   12.50   12.50   clock clk_s5 (rise edge)
                          0.00   12.50   clock network delay (ideal)
                         -0.25   12.25   clock uncertainty
                          0.00   12.25   clock reconvergence pessimism
                                 12.25 ^ dot_0/fifo_timer_r/mem[11][5]$_DFFE_PP_/CLK (sky130_fd_sc_hd__edfxtp_1)
                         -0.23   12.02   library setup time
                                 12.02   data required time
-----------------------------------------------------------------------------
                                 12.02   data required time
                                -43.19   data arrival time
-----------------------------------------------------------------------------
                                -31.17   slack (VIOLATED)


Startpoint: dot_clk_div/clk_div[0]$_SDFF_PP0_/Q
            (clock source 'dot_clk_div_clk_div2')
Endpoint: dot_clk_div/clk_div[1]$_SDFF_PP0_
          (rising edge-triggered flip-flop clocked by clk_s5_gate)
Path Group: clk_s5_gate
Path Type: max

Fanout     Cap    Slew   Delay    Time   Description
-----------------------------------------------------------------------------
                  0.15   12.50   12.50   clock dot_clk_div_clk_div2 (fall edge)
     3    0.01    0.04    0.00   12.50 v dot_clk_div/clk_div[0]$_SDFF_PP0_/Q (sky130_fd_sc_hd__dfxtp_1)
                                         dot_clk_div/clk_div2 (net)
                  0.04    0.00   12.50 v dot_clk_div/_11_/A (sky130_fd_sc_hd__ha_1)
     1    0.00    0.04    0.27   12.77 v dot_clk_div/_11_/SUM (sky130_fd_sc_hd__ha_1)
                                         dot_clk_div/_01_ (net)
                  0.04    0.00   12.77 v dot_clk_div/_06_/B_N (sky130_fd_sc_hd__nor2b_1)
     1    0.00    0.05    0.12   12.89 v dot_clk_div/_06_/Y (sky130_fd_sc_hd__nor2b_1)
                                         dot_clk_div/_02_ (net)
                  0.05    0.00   12.89 v dot_clk_div/clk_div[1]$_SDFF_PP0_/D (sky130_fd_sc_hd__dfxtp_1)
                                 12.89   data arrival time

                  0.15   25.00   25.00   clock clk_s5_gate (rise edge)
                          0.00   25.00   clock network delay (ideal)
                         -0.25   24.75   clock uncertainty
                          0.00   24.75   clock reconvergence pessimism
                                 24.75 ^ dot_clk_div/clk_div[1]$_SDFF_PP0_/CLK (sky130_fd_sc_hd__dfxtp_1)
                         -0.09   24.66   library setup time
                                 24.66   data required time
-----------------------------------------------------------------------------
                                 24.66   data required time
                                -12.89   data arrival time
-----------------------------------------------------------------------------
                                 11.77   slack (MET)


Startpoint: processor_0/pipeline_ex_mem/alu_out_out[23]$_SDFFE_PP0N_
            (rising edge-triggered flip-flop clocked by clk1)
Endpoint: main_memory_0/mem[50][1]$_DFFE_PP_
          (rising edge-triggered flip-flop clocked by clk_s8)
Path Group: clk_s8
Path Type: max

Fanout     Cap    Slew   Delay    Time   Description
-----------------------------------------------------------------------------
                  0.15    0.00    0.00   clock clk1 (rise edge)
                          0.00    0.00   clock network delay (ideal)
                  0.15    0.00    0.00 ^ processor_0/pipeline_ex_mem/alu_out_out[23]$_SDFFE_PP0N_/CLK (sky130_fd_sc_hd__dfxtp_1)
     2    0.01    0.05    0.35    0.35 v processor_0/pipeline_ex_mem/alu_out_out[23]$_SDFFE_PP0N_/Q (sky130_fd_sc_hd__dfxtp_1)
                                         addr_m_axi[23] (net)
                  0.05    0.00    0.35 v _1526_/A (sky130_fd_sc_hd__nor4b_2)
     2    0.01    0.39    0.42    0.77 ^ _1526_/Y (sky130_fd_sc_hd__nor4b_2)
                                         _0106_ (net)
                  0.39    0.00    0.77 ^ _1530_/A (sky130_fd_sc_hd__nand4_2)
     3    0.08    0.57    0.53    1.29 v _1530_/Y (sky130_fd_sc_hd__nand4_2)
                                         _0110_ (net)
                  0.57    0.02    1.31 v _1535_/A (sky130_fd_sc_hd__nor2_4)
     8    0.07    0.43    0.55    1.86 ^ _1535_/Y (sky130_fd_sc_hd__nor2_4)
                                         _0115_ (net)
                  0.43    0.00    1.86 ^ _3198_/B (sky130_fd_sc_hd__nand2_1)
     1    0.00    0.07    0.09    1.96 v _3198_/Y (sky130_fd_sc_hd__nand2_1)
                                         _1507_ (net)
                  0.07    0.00    1.96 v _3200_/A (sky130_fd_sc_hd__nand2_1)
     2    0.04    0.40    0.32    2.27 ^ _3200_/Y (sky130_fd_sc_hd__nand2_1)
                                         m1_aw_valid (net)
                  0.40    0.01    2.28 ^ interconnect_0/place31166/A (sky130_fd_sc_hd__buf_4)
    12    0.13    0.36    0.42    2.70 ^ interconnect_0/place31166/X (sky130_fd_sc_hd__buf_4)
                                         interconnect_0/net31165 (net)
                  0.36    0.00    2.70 ^ interconnect_0/_0842_/B_N (sky130_fd_sc_hd__nor2b_1)
     3    0.02    0.32    0.36    3.06 ^ interconnect_0/_0842_/Y (sky130_fd_sc_hd__nor2b_1)
                                         interconnect_0/_0067_ (net)
                  0.32    0.00    3.06 ^ interconnect_0/_0874_/B2 (sky130_fd_sc_hd__a22o_1)
     6    0.03    0.28    0.35    3.41 ^ interconnect_0/_0874_/X (sky130_fd_sc_hd__a22o_1)
                                         interconnect_0/_0099_ (net)
                  0.28    0.00    3.41 ^ interconnect_0/_0879_/A2 (sky130_fd_sc_hd__a211oi_1)
     2    0.01    0.17    0.16    3.57 v interconnect_0/_0879_/Y (sky130_fd_sc_hd__a211oi_1)
                                         interconnect_0/_0104_ (net)
                  0.17    0.00    3.57 v interconnect_0/_0909_/A1 (sky130_fd_sc_hd__o21a_1)
     3    0.02    0.13    0.32    3.88 v interconnect_0/_0909_/X (sky130_fd_sc_hd__o21a_1)
                                         interconnect_0/_0134_ (net)
                  0.13    0.00    3.89 v interconnect_0/_0913_/B (sky130_fd_sc_hd__nor3_1)
     3    0.01    0.39    0.38    4.27 ^ interconnect_0/_0913_/Y (sky130_fd_sc_hd__nor3_1)
                                         interconnect_0/_0138_ (net)
                  0.39    0.00    4.27 ^ interconnect_0/_2502_/A2 (sky130_fd_sc_hd__a22o_1)
     7    0.07    0.70    0.67    4.94 ^ interconnect_0/_2502_/X (sky130_fd_sc_hd__a22o_1)
                                         s8_dw_valid (net)
                  0.70    0.00    4.94 ^ memory_axi_0/_1165_/A2 (sky130_fd_sc_hd__a21oi_1)
     1    0.00    0.12    0.15    5.09 v memory_axi_0/_1165_/Y (sky130_fd_sc_hd__a21oi_1)
                                         memory_axi_0/_0558_ (net)
                  0.12    0.00    5.09 v memory_axi_0/_1166_/B (sky130_fd_sc_hd__nor2_1)
     2    0.01    0.13    0.15    5.24 ^ memory_axi_0/_1166_/Y (sky130_fd_sc_hd__nor2_1)
                                         mem_en (net)
                  0.13    0.00    5.24 ^ _3139_/A (sky130_fd_sc_hd__and2_1)
     1    0.01    0.13    0.20    5.44 ^ _3139_/X (sky130_fd_sc_hd__and2_1)
                                         _0000_ (net)
                  0.13    0.00    5.44 ^ main_memory_0/place29068/A (sky130_fd_sc_hd__buf_4)
     5    0.11    0.30    0.31    5.75 ^ main_memory_0/place29068/X (sky130_fd_sc_hd__buf_4)
                                         main_memory_0/net29067 (net)
                  0.31    0.04    5.79 ^ main_memory_0/_4399_/B_N (sky130_fd_sc_hd__nor2b_1)
     4    0.02    0.31    0.34    6.13 ^ main_memory_0/_4399_/Y (sky130_fd_sc_hd__nor2b_1)
                                         main_memory_0/_2199_ (net)
                  0.31    0.00    6.13 ^ main_memory_0/_4415_/B (sky130_fd_sc_hd__nand2_1)
     8    0.11    0.75    0.65    6.78 v main_memory_0/_4415_/Y (sky130_fd_sc_hd__nand2_1)
                                         main_memory_0/_2206_ (net)
                  0.75    0.02    6.80 v main_memory_0/_4425_/B (sky130_fd_sc_hd__nor2_1)
     7    0.04    0.69    0.79    7.59 ^ main_memory_0/_4425_/Y (sky130_fd_sc_hd__nor2_1)
                                         main_memory_0/_0077_ (net)
                  0.69    0.00    7.59 ^ main_memory_0/place27149/A (sky130_fd_sc_hd__buf_4)
     8    0.05    0.15    0.32    7.90 ^ main_memory_0/place27149/X (sky130_fd_sc_hd__buf_4)
                                         main_memory_0/net27148 (net)
                  0.15    0.00    7.91 ^ main_memory_0/place27148/A (sky130_fd_sc_hd__buf_4)
    19    0.14    0.39    0.39    8.29 ^ main_memory_0/place27148/X (sky130_fd_sc_hd__buf_4)
                                         main_memory_0/net27147 (net)
                  0.39    0.01    8.30 ^ main_memory_0/mem[50][1]$_DFFE_PP_/DE (sky130_fd_sc_hd__edfxtp_1)
                                  8.30   data arrival time

                  0.15   10.00   10.00   clock clk_s8 (rise edge)
                          0.00   10.00   clock network delay (ideal)
                         -0.25    9.75   clock uncertainty
                          0.00    9.75   clock reconvergence pessimism
                                  9.75 ^ main_memory_0/mem[50][1]$_DFFE_PP_/CLK (sky130_fd_sc_hd__edfxtp_1)
                         -0.31    9.44   library setup time
                                  9.44   data required time
-----------------------------------------------------------------------------
                                  9.44   data required time
                                 -8.30   data arrival time
-----------------------------------------------------------------------------
                                  1.13   slack (MET)



==========================================================================
detailed place report_checks -unconstrained
--------------------------------------------------------------------------
Startpoint: processor_0/ex_stage/mul_unit_ex/s1_a[0]$_SDFFE_PP0P_
            (rising edge-triggered flip-flop clocked by clk1)
Endpoint: processor_0/ex_stage/mul_unit_ex/product[60]$_SDFFE_PP0P_
          (rising edge-triggered flip-flop clocked by clk1)
Path Group: clk1
Path Type: max

Fanout     Cap    Slew   Delay    Time   Description
-----------------------------------------------------------------------------
                  0.15    0.00    0.00   clock clk1 (rise edge)
                          0.00    0.00   clock network delay (ideal)
                  0.15    0.00    0.00 ^ processor_0/ex_stage/mul_unit_ex/s1_a[0]$_SDFFE_PP0P_/CLK (sky130_fd_sc_hd__dfxtp_1)
     4    0.02    0.09    0.38    0.38 v processor_0/ex_stage/mul_unit_ex/s1_a[0]$_SDFFE_PP0P_/Q (sky130_fd_sc_hd__dfxtp_1)
                                         processor_0/ex_stage/mul_unit_ex/GEN_PARTIAL[0].a_ext[0] (net)
                  0.09    0.00    0.38 v processor_0/ex_stage/mul_unit_ex/_06031_/A (sky130_fd_sc_hd__inv_1)
     2    0.01    0.07    0.09    0.47 ^ processor_0/ex_stage/mul_unit_ex/_06031_/Y (sky130_fd_sc_hd__inv_1)
                                         processor_0/ex_stage/mul_unit_ex/_00748_ (net)
                  0.07    0.00    0.47 ^ processor_0/ex_stage/mul_unit_ex/_10987_/A (sky130_fd_sc_hd__ha_1)
     2    0.01    0.08    0.17    0.64 ^ processor_0/ex_stage/mul_unit_ex/_10987_/COUT (sky130_fd_sc_hd__ha_1)
                                         processor_0/ex_stage/mul_unit_ex/_00043_ (net)
                  0.08    0.00    0.64 ^ processor_0/ex_stage/mul_unit_ex/_05591_/C_N (sky130_fd_sc_hd__or3b_2)
     3    0.03    0.15    0.54    1.19 v processor_0/ex_stage/mul_unit_ex/_05591_/X (sky130_fd_sc_hd__or3b_2)
                                         processor_0/ex_stage/mul_unit_ex/_00342_ (net)
                  0.15    0.00    1.19 v processor_0/ex_stage/mul_unit_ex/_05841_/C (sky130_fd_sc_hd__or3_1)
     2    0.01    0.12    0.41    1.60 v processor_0/ex_stage/mul_unit_ex/_05841_/X (sky130_fd_sc_hd__or3_1)
                                         processor_0/ex_stage/mul_unit_ex/_00576_ (net)
                  0.12    0.00    1.60 v processor_0/ex_stage/mul_unit_ex/_05843_/C (sky130_fd_sc_hd__or3_1)
     2    0.02    0.13    0.42    2.01 v processor_0/ex_stage/mul_unit_ex/_05843_/X (sky130_fd_sc_hd__or3_1)
                                         processor_0/ex_stage/mul_unit_ex/_00578_ (net)
                  0.13    0.00    2.01 v processor_0/ex_stage/mul_unit_ex/_05845_/C (sky130_fd_sc_hd__nor3_1)
     1    0.00    0.15    0.16    2.17 ^ processor_0/ex_stage/mul_unit_ex/_05845_/Y (sky130_fd_sc_hd__nor3_1)
                                         processor_0/ex_stage/mul_unit_ex/_00580_ (net)
                  0.15    0.00    2.17 ^ processor_0/ex_stage/mul_unit_ex/place30782/A (sky130_fd_sc_hd__buf_4)
     2    0.03    0.09    0.18    2.35 ^ processor_0/ex_stage/mul_unit_ex/place30782/X (sky130_fd_sc_hd__buf_4)
                                         processor_0/ex_stage/mul_unit_ex/net30781 (net)
                  0.09    0.00    2.35 ^ processor_0/ex_stage/mul_unit_ex/_05846_/B (sky130_fd_sc_hd__xnor2_1)
     3    0.04    0.84    0.39    2.74 ^ processor_0/ex_stage/mul_unit_ex/_05846_/Y (sky130_fd_sc_hd__xnor2_1)
                                         processor_0/ex_stage/mul_unit_ex/_00581_ (net)
                  0.84    0.00    2.74 ^ processor_0/ex_stage/mul_unit_ex/place30573/A (sky130_fd_sc_hd__buf_12)
     2    0.05    0.08    0.22    2.96 ^ processor_0/ex_stage/mul_unit_ex/place30573/X (sky130_fd_sc_hd__buf_12)
                                         processor_0/ex_stage/mul_unit_ex/net30572 (net)
                  0.08    0.00    2.96 ^ processor_0/ex_stage/mul_unit_ex/place30572/A (sky130_fd_sc_hd__buf_12)
     6    0.09    0.11    0.16    3.12 ^ processor_0/ex_stage/mul_unit_ex/place30572/X (sky130_fd_sc_hd__buf_12)
                                         processor_0/ex_stage/mul_unit_ex/net30571 (net)
                  0.11    0.01    3.13 ^ processor_0/ex_stage/mul_unit_ex/place30571/A (sky130_fd_sc_hd__buf_4)
     4    0.03    0.10    0.18    3.31 ^ processor_0/ex_stage/mul_unit_ex/place30571/X (sky130_fd_sc_hd__buf_4)
                                         processor_0/ex_stage/mul_unit_ex/net30570 (net)
                  0.10    0.00    3.31 ^ processor_0/ex_stage/mul_unit_ex/_06635_/A1 (sky130_fd_sc_hd__a221oi_1)
     1    0.00    0.09    0.09    3.40 v processor_0/ex_stage/mul_unit_ex/_06635_/Y (sky130_fd_sc_hd__a221oi_1)
                                         processor_0/ex_stage/mul_unit_ex/_01235_ (net)
                  0.09    0.00    3.40 v processor_0/ex_stage/mul_unit_ex/_06636_/B1 (sky130_fd_sc_hd__a31oi_1)
     1    0.02    0.46    0.39    3.78 ^ processor_0/ex_stage/mul_unit_ex/_06636_/Y (sky130_fd_sc_hd__a31oi_1)
                                         processor_0/ex_stage/mul_unit_ex/GEN_PARTIAL[4].pp[25] (net)
                  0.46    0.00    3.79 ^ processor_0/ex_stage/mul_unit_ex/place30219/A (sky130_fd_sc_hd__buf_4)
     1    0.02    0.06    0.22    4.01 ^ processor_0/ex_stage/mul_unit_ex/place30219/X (sky130_fd_sc_hd__buf_4)
                                         processor_0/ex_stage/mul_unit_ex/net30218 (net)
                  0.06    0.00    4.01 ^ processor_0/ex_stage/mul_unit_ex/_10728_/B (sky130_fd_sc_hd__fa_1)
     1    0.01    0.09    0.43    4.44 v processor_0/ex_stage/mul_unit_ex/_10728_/SUM (sky130_fd_sc_hd__fa_1)
                                         processor_0/ex_stage/mul_unit_ex/_05138_ (net)
                  0.09    0.00    4.44 v processor_0/ex_stage/mul_unit_ex/_10652_/CIN (sky130_fd_sc_hd__fa_1)
     1    0.03    0.20    0.53    4.97 v processor_0/ex_stage/mul_unit_ex/_10652_/COUT (sky130_fd_sc_hd__fa_1)
                                         processor_0/ex_stage/mul_unit_ex/_05139_ (net)
                  0.20    0.00    4.98 v processor_0/ex_stage/mul_unit_ex/_10839_/A (sky130_fd_sc_hd__fa_1)
     1    0.02    0.15    0.57    5.54 v processor_0/ex_stage/mul_unit_ex/_10839_/COUT (sky130_fd_sc_hd__fa_1)
                                         processor_0/ex_stage/mul_unit_ex/_04459_ (net)
                  0.15    0.00    5.54 v processor_0/ex_stage/mul_unit_ex/_10426_/A (sky130_fd_sc_hd__fa_1)
     1    0.01    0.11    0.50    6.05 v processor_0/ex_stage/mul_unit_ex/_10426_/COUT (sky130_fd_sc_hd__fa_1)
                                         processor_0/ex_stage/mul_unit_ex/_04462_ (net)
                  0.11    0.00    6.05 v processor_0/ex_stage/mul_unit_ex/_10759_/A (sky130_fd_sc_hd__fa_1)
     1    0.02    0.14    0.52    6.57 v processor_0/ex_stage/mul_unit_ex/_10759_/COUT (sky130_fd_sc_hd__fa_1)
                                         processor_0/ex_stage/mul_unit_ex/_04926_ (net)
                  0.14    0.00    6.57 v processor_0/ex_stage/mul_unit_ex/_10595_/A (sky130_fd_sc_hd__fa_1)
     1    0.02    0.17    0.65    7.22 ^ processor_0/ex_stage/mul_unit_ex/_10595_/SUM (sky130_fd_sc_hd__fa_1)
                                         processor_0/ex_stage/mul_unit_ex/_04930_ (net)
                  0.17    0.00    7.22 ^ processor_0/ex_stage/mul_unit_ex/_11084_/B (sky130_fd_sc_hd__ha_1)
     2    0.01    0.07    0.27    7.49 v processor_0/ex_stage/mul_unit_ex/_11084_/SUM (sky130_fd_sc_hd__ha_1)
                                         processor_0/ex_stage/mul_unit_ex/_00123_ (net)
                  0.07    0.00    7.49 v processor_0/ex_stage/mul_unit_ex/_09675_/A1 (sky130_fd_sc_hd__a21o_1)
     2    0.01    0.05    0.18    7.67 v processor_0/ex_stage/mul_unit_ex/_09675_/X (sky130_fd_sc_hd__a21o_1)
                                         processor_0/ex_stage/mul_unit_ex/_03631_ (net)
                  0.05    0.00    7.67 v processor_0/ex_stage/mul_unit_ex/_09836_/A2 (sky130_fd_sc_hd__a21o_1)
     1    0.00    0.04    0.18    7.86 v processor_0/ex_stage/mul_unit_ex/_09836_/X (sky130_fd_sc_hd__a21o_1)
                                         processor_0/ex_stage/mul_unit_ex/_03789_ (net)
                  0.04    0.00    7.86 v processor_0/ex_stage/mul_unit_ex/_09837_/A2 (sky130_fd_sc_hd__a21o_1)
     2    0.01    0.07    0.21    8.07 v processor_0/ex_stage/mul_unit_ex/_09837_/X (sky130_fd_sc_hd__a21o_1)
                                         processor_0/ex_stage/mul_unit_ex/_03790_ (net)
                  0.07    0.00    8.07 v processor_0/ex_stage/mul_unit_ex/_09838_/B1 (sky130_fd_sc_hd__a221o_1)
     2    0.01    0.09    0.34    8.41 v processor_0/ex_stage/mul_unit_ex/_09838_/X (sky130_fd_sc_hd__a221o_1)
                                         processor_0/ex_stage/mul_unit_ex/_03791_ (net)
                  0.09    0.00    8.41 v processor_0/ex_stage/mul_unit_ex/_09839_/A3 (sky130_fd_sc_hd__a31oi_1)
     2    0.01    0.26    0.27    8.68 ^ processor_0/ex_stage/mul_unit_ex/_09839_/Y (sky130_fd_sc_hd__a31oi_1)
                                         processor_0/ex_stage/mul_unit_ex/_03792_ (net)
                  0.26    0.00    8.69 ^ processor_0/ex_stage/mul_unit_ex/_09840_/B (sky130_fd_sc_hd__nor2_1)
     1    0.00    0.06    0.06    8.75 v processor_0/ex_stage/mul_unit_ex/_09840_/Y (sky130_fd_sc_hd__nor2_1)
                                         processor_0/ex_stage/mul_unit_ex/_03793_ (net)
                  0.06    0.00    8.75 v processor_0/ex_stage/mul_unit_ex/_09841_/C1 (sky130_fd_sc_hd__a311oi_1)
     1    0.01    0.56    0.46    9.21 ^ processor_0/ex_stage/mul_unit_ex/_09841_/Y (sky130_fd_sc_hd__a311oi_1)
                                         processor_0/ex_stage/mul_unit_ex/_03794_ (net)
                  0.56    0.00    9.22 ^ processor_0/ex_stage/mul_unit_ex/_09845_/A1 (sky130_fd_sc_hd__o21bai_1)
     1    0.00    0.10    0.15    9.36 v processor_0/ex_stage/mul_unit_ex/_09845_/Y (sky130_fd_sc_hd__o21bai_1)
                                         processor_0/ex_stage/mul_unit_ex/_03798_ (net)
                  0.10    0.00    9.36 v processor_0/ex_stage/mul_unit_ex/place25663/A (sky130_fd_sc_hd__buf_4)
     2    0.03    0.06    0.19    9.55 v processor_0/ex_stage/mul_unit_ex/place25663/X (sky130_fd_sc_hd__buf_4)
                                         processor_0/ex_stage/mul_unit_ex/net25662 (net)
                  0.06    0.00    9.55 v processor_0/ex_stage/mul_unit_ex/_09857_/A2 (sky130_fd_sc_hd__a31oi_1)
     1    0.00    0.16    0.18    9.74 ^ processor_0/ex_stage/mul_unit_ex/_09857_/Y (sky130_fd_sc_hd__a31oi_1)
                                         processor_0/ex_stage/mul_unit_ex/_03810_ (net)
                  0.16    0.00    9.74 ^ processor_0/ex_stage/mul_unit_ex/place25603/A (sky130_fd_sc_hd__buf_4)
     3    0.03    0.09    0.19    9.92 ^ processor_0/ex_stage/mul_unit_ex/place25603/X (sky130_fd_sc_hd__buf_4)
                                         processor_0/ex_stage/mul_unit_ex/net25602 (net)
                  0.09    0.00    9.93 ^ processor_0/ex_stage/mul_unit_ex/_09866_/A2 (sky130_fd_sc_hd__o21ai_0)
     1    0.00    0.09    0.10   10.02 v processor_0/ex_stage/mul_unit_ex/_09866_/Y (sky130_fd_sc_hd__o21ai_0)
                                         processor_0/ex_stage/mul_unit_ex/_03819_ (net)
                  0.09    0.00   10.02 v processor_0/ex_stage/mul_unit_ex/_09867_/B (sky130_fd_sc_hd__xor2_1)
     1    0.03    0.63    0.53   10.55 ^ processor_0/ex_stage/mul_unit_ex/_09867_/X (sky130_fd_sc_hd__xor2_1)
                                         processor_0/ex_stage/mul_unit_ex/_03820_ (net)
                  0.63    0.00   10.55 ^ processor_0/ex_stage/mul_unit_ex/place25537/A (sky130_fd_sc_hd__buf_12)
     1    0.05    0.08    0.22   10.77 ^ processor_0/ex_stage/mul_unit_ex/place25537/X (sky130_fd_sc_hd__buf_12)
                                         processor_0/ex_stage/mul_unit_ex/net25536 (net)
                  0.08    0.01   10.78 ^ processor_0/ex_stage/mul_unit_ex/_09868_/B2 (sky130_fd_sc_hd__a22o_1)
     1    0.00    0.05    0.12   10.90 ^ processor_0/ex_stage/mul_unit_ex/_09868_/X (sky130_fd_sc_hd__a22o_1)
                                         processor_0/ex_stage/mul_unit_ex/_00165_ (net)
                  0.05    0.00   10.90 ^ processor_0/ex_stage/mul_unit_ex/product[60]$_SDFFE_PP0P_/D (sky130_fd_sc_hd__dfxtp_1)
                                 10.90   data arrival time

                  0.15   10.00   10.00   clock clk1 (rise edge)
                          0.00   10.00   clock network delay (ideal)
                         -0.25    9.75   clock uncertainty
                          0.00    9.75   clock reconvergence pessimism
                                  9.75 ^ processor_0/ex_stage/mul_unit_ex/product[60]$_SDFFE_PP0P_/CLK (sky130_fd_sc_hd__dfxtp_1)
                         -0.04    9.71   library setup time
                                  9.71   data required time
-----------------------------------------------------------------------------
                                  9.71   data required time
                                -10.90   data arrival time
-----------------------------------------------------------------------------
                                 -1.19   slack (VIOLATED)


Startpoint: timer_0/fifo_timer_w/counter_2[2]$_SDFFE_PP0P_
            (rising edge-triggered flip-flop clocked by clk_s1)
Endpoint: timer_0/fifo_timer_r/mem[13][14]$_DFFE_PP_
          (rising edge-triggered flip-flop clocked by clk_s1)
Path Group: clk_s1
Path Type: max

Fanout     Cap    Slew   Delay    Time   Description
-----------------------------------------------------------------------------
                  0.15    0.00    0.00   clock clk_s1 (rise edge)
                          0.00    0.00   clock network delay (ideal)
                  0.15    0.00    0.00 ^ timer_0/fifo_timer_w/counter_2[2]$_SDFFE_PP0P_/CLK (sky130_fd_sc_hd__dfxtp_1)
    10    0.05    0.51    0.67    0.67 ^ timer_0/fifo_timer_w/counter_2[2]$_SDFFE_PP0P_/Q (sky130_fd_sc_hd__dfxtp_1)
                                         timer_0/fifo_timer_w/counter_2[2] (net)
                  0.51    0.00    0.67 ^ timer_0/fifo_timer_w/_888_/B (sky130_fd_sc_hd__ha_1)
     2    0.01    0.07    0.35    1.02 v timer_0/fifo_timer_w/_888_/SUM (sky130_fd_sc_hd__ha_1)
                                         timer_0/fifo_timer_w/counter_2_gray[1] (net)
                  0.07    0.00    1.02 v timer_0/fifo_timer_w/_447_/A (sky130_fd_sc_hd__xor2_1)
     1    0.01    0.08    0.20    1.22 v timer_0/fifo_timer_w/_447_/X (sky130_fd_sc_hd__xor2_1)
                                         timer_0/fifo_timer_w/_262_ (net)
                  0.08    0.00    1.22 v timer_0/fifo_timer_w/_450_/B (sky130_fd_sc_hd__nor4_4)
     6    0.02    0.39    0.42    1.63 ^ timer_0/fifo_timer_w/_450_/Y (sky130_fd_sc_hd__nor4_4)
                                         timer_0/fifo_timer_w/_265_ (net)
                  0.39    0.00    1.63 ^ timer_0/fifo_timer_w/_872_/A (sky130_fd_sc_hd__and2_1)
     2    0.01    0.10    0.23    1.86 ^ timer_0/fifo_timer_w/_872_/X (sky130_fd_sc_hd__and2_1)
                                         timer_0/fifo_empty (net)
                  0.10    0.00    1.86 ^ timer_0/_337_/A (sky130_fd_sc_hd__inv_1)
     6    0.03    0.13    0.14    2.00 v timer_0/_337_/Y (sky130_fd_sc_hd__inv_1)
                                         timer_0/addr_valid (net)
                  0.13    0.00    2.00 v timer_0/fifo_timer_w/_453_/B1_N (sky130_fd_sc_hd__a21bo_1)
    10    0.08    0.63    0.62    2.62 ^ timer_0/fifo_timer_w/_453_/X (sky130_fd_sc_hd__a21bo_1)
                                         timer_0/fifo_timer_w/_268_ (net)
                  0.63    0.00    2.63 ^ timer_0/fifo_timer_w/_491_/A (sky130_fd_sc_hd__nor3_2)
     1    0.00    0.11    0.10    2.73 v timer_0/fifo_timer_w/_491_/Y (sky130_fd_sc_hd__nor3_2)
                                         timer_0/fifo_data_read[37] (net)
                  0.11    0.00    2.73 v timer_0/timer_0/_0548_/A (sky130_fd_sc_hd__nor4b_1)
     2    0.01    0.60    0.59    3.32 ^ timer_0/timer_0/_0548_/Y (sky130_fd_sc_hd__nor4b_1)
                                         timer_0/timer_0/_0099_ (net)
                  0.60    0.00    3.32 ^ timer_0/timer_0/_0550_/B (sky130_fd_sc_hd__nand3b_1)
    17    0.09    0.85    0.82    4.14 v timer_0/timer_0/_0550_/Y (sky130_fd_sc_hd__nand3b_1)
                                         timer_0/timer_0/_0101_ (net)
                  0.85    0.01    4.15 v timer_0/timer_0/place29073/A (sky130_fd_sc_hd__buf_4)
    16    0.05    0.10    0.48    4.63 v timer_0/timer_0/place29073/X (sky130_fd_sc_hd__buf_4)
                                         timer_0/timer_0/net29072 (net)
                  0.10    0.00    4.63 v timer_0/timer_0/_0634_/A (sky130_fd_sc_hd__nor2_1)
    16    0.08    1.29    0.99    5.62 ^ timer_0/timer_0/_0634_/Y (sky130_fd_sc_hd__nor2_1)
                                         timer_0/data_out[14] (net)
                  1.29    0.01    5.63 ^ timer_0/fifo_timer_r/mem[13][14]$_DFFE_PP_/D (sky130_fd_sc_hd__edfxtp_1)
                                  5.63   data arrival time

                  0.15   25.00   25.00   clock clk_s1 (rise edge)
                          0.00   25.00   clock network delay (ideal)
                         -0.25   24.75   clock uncertainty
                          0.00   24.75   clock reconvergence pessimism
                                 24.75 ^ timer_0/fifo_timer_r/mem[13][14]$_DFFE_PP_/CLK (sky130_fd_sc_hd__edfxtp_1)
                         -0.37   24.38   library setup time
                                 24.38   data required time
-----------------------------------------------------------------------------
                                 24.38   data required time
                                 -5.63   data arrival time
-----------------------------------------------------------------------------
                                 18.75   slack (MET)


Startpoint: timer_clk_div/clk_div[0]$_SDFF_PP0_/Q
            (clock source 'timer_clk_div_clk_div2')
Endpoint: timer_clk_div/clk_div[1]$_SDFF_PP0_
          (rising edge-triggered flip-flop clocked by clk_s1_gate)
Path Group: clk_s1_gate
Path Type: max

Fanout     Cap    Slew   Delay    Time   Description
-----------------------------------------------------------------------------
                  0.15   25.00   25.00   clock timer_clk_div_clk_div2 (fall edge)
     3    0.01    0.04    0.00   25.00 v timer_clk_div/clk_div[0]$_SDFF_PP0_/Q (sky130_fd_sc_hd__dfxtp_1)
                                         timer_clk_div/clk_div2 (net)
                  0.04    0.00   25.00 v timer_clk_div/_11_/A (sky130_fd_sc_hd__ha_1)
     1    0.00    0.04    0.27   25.27 v timer_clk_div/_11_/SUM (sky130_fd_sc_hd__ha_1)
                                         timer_clk_div/_01_ (net)
                  0.04    0.00   25.27 v timer_clk_div/_06_/B_N (sky130_fd_sc_hd__nor2b_1)
     1    0.00    0.06    0.12   25.39 v timer_clk_div/_06_/Y (sky130_fd_sc_hd__nor2b_1)
                                         timer_clk_div/_02_ (net)
                  0.06    0.00   25.39 v timer_clk_div/clk_div[1]$_SDFF_PP0_/D (sky130_fd_sc_hd__dfxtp_1)
                                 25.39   data arrival time

                  0.15   50.00   50.00   clock clk_s1_gate (rise edge)
                          0.00   50.00   clock network delay (ideal)
                         -0.25   49.75   clock uncertainty
                          0.00   49.75   clock reconvergence pessimism
                                 49.75 ^ timer_clk_div/clk_div[1]$_SDFF_PP0_/CLK (sky130_fd_sc_hd__dfxtp_1)
                         -0.09   49.66   library setup time
                                 49.66   data required time
-----------------------------------------------------------------------------
                                 49.66   data required time
                                -25.39   data arrival time
-----------------------------------------------------------------------------
                                 24.27   slack (MET)


Startpoint: gpio_0/fifo_timer_w/counter_2[2]$_SDFFE_PP0P_
            (rising edge-triggered flip-flop clocked by clk_s2)
Endpoint: gpio_0/fifo_timer_r/mem[10][0]$_DFFE_PP_
          (rising edge-triggered flip-flop clocked by clk_s2)
Path Group: clk_s2
Path Type: max

Fanout     Cap    Slew   Delay    Time   Description
-----------------------------------------------------------------------------
                  0.15    0.00    0.00   clock clk_s2 (rise edge)
                          0.00    0.00   clock network delay (ideal)
                  0.15    0.00    0.00 ^ gpio_0/fifo_timer_w/counter_2[2]$_SDFFE_PP0P_/CLK (sky130_fd_sc_hd__dfxtp_1)
    17    0.13    1.15    1.10    1.10 ^ gpio_0/fifo_timer_w/counter_2[2]$_SDFFE_PP0P_/Q (sky130_fd_sc_hd__dfxtp_1)
                                         gpio_0/fifo_timer_w/counter_2[2] (net)
                  1.15    0.00    1.11 ^ gpio_0/fifo_timer_w/place31448/A (sky130_fd_sc_hd__buf_4)
    20    0.12    0.33    0.47    1.58 ^ gpio_0/fifo_timer_w/place31448/X (sky130_fd_sc_hd__buf_4)
                                         gpio_0/fifo_timer_w/net31447 (net)
                  0.33    0.00    1.58 ^ gpio_0/fifo_timer_w/_887_/A (sky130_fd_sc_hd__ha_1)
     2    0.01    0.09    0.33    1.91 v gpio_0/fifo_timer_w/_887_/SUM (sky130_fd_sc_hd__ha_1)
                                         gpio_0/fifo_timer_w/counter_2_gray[2] (net)
                  0.09    0.00    1.91 v gpio_0/fifo_timer_w/_448_/A (sky130_fd_sc_hd__xor2_1)
     1    0.01    0.08    0.19    2.10 v gpio_0/fifo_timer_w/_448_/X (sky130_fd_sc_hd__xor2_1)
                                         gpio_0/fifo_timer_w/_263_ (net)
                  0.08    0.00    2.10 v gpio_0/fifo_timer_w/_450_/C (sky130_fd_sc_hd__nor4_4)
     6    0.02    0.39    0.37    2.47 ^ gpio_0/fifo_timer_w/_450_/Y (sky130_fd_sc_hd__nor4_4)
                                         gpio_0/fifo_timer_w/_265_ (net)
                  0.39    0.00    2.47 ^ gpio_0/fifo_timer_w/_872_/A (sky130_fd_sc_hd__and2_1)
     2    0.07    0.69    0.64    3.11 ^ gpio_0/fifo_timer_w/_872_/X (sky130_fd_sc_hd__and2_1)
                                         gpio_0/fifo_empty (net)
                  0.69    0.00    3.12 ^ gpio_0/_335_/A (sky130_fd_sc_hd__inv_1)
     8    0.07    0.40    0.49    3.61 v gpio_0/_335_/Y (sky130_fd_sc_hd__inv_1)
                                         gpio_0/addr_valid (net)
                  0.40    0.00    3.61 v gpio_0/fifo_timer_w/_453_/B1_N (sky130_fd_sc_hd__a21bo_1)
    14    0.10    0.80    0.83    4.44 ^ gpio_0/fifo_timer_w/_453_/X (sky130_fd_sc_hd__a21bo_1)
                                         gpio_0/fifo_timer_w/_268_ (net)
                  0.80    0.01    4.45 ^ gpio_0/fifo_timer_w/place30144/A (sky130_fd_sc_hd__buf_4)
     9    0.09    0.24    0.39    4.84 ^ gpio_0/fifo_timer_w/place30144/X (sky130_fd_sc_hd__buf_4)
                                         gpio_0/fifo_timer_w/net30143 (net)
                  0.24    0.01    4.85 ^ gpio_0/fifo_timer_w/place30143/A (sky130_fd_sc_hd__buf_4)
    20    0.16    0.44    0.45    5.30 ^ gpio_0/fifo_timer_w/place30143/X (sky130_fd_sc_hd__buf_4)
                                         gpio_0/fifo_timer_w/net30142 (net)
                  0.44    0.02    5.32 ^ gpio_0/fifo_timer_w/_535_/A (sky130_fd_sc_hd__nor3_2)
     8    0.05    0.19    0.25    5.56 v gpio_0/fifo_timer_w/_535_/Y (sky130_fd_sc_hd__nor3_2)
                                         gpio_0/fifo_data_read[32] (net)
                  0.19    0.00    5.56 v gpio_0/gpio_0/_2050_/C (sky130_fd_sc_hd__nor4_2)
     3    0.02    0.48    0.48    6.04 ^ gpio_0/gpio_0/_2050_/Y (sky130_fd_sc_hd__nor4_2)
                                         gpio_0/gpio_0/_0714_ (net)
                  0.48    0.00    6.04 ^ gpio_0/gpio_0/_2052_/B (sky130_fd_sc_hd__nand3_1)
    14    0.09    0.91    0.82    6.87 v gpio_0/gpio_0/_2052_/Y (sky130_fd_sc_hd__nand3_1)
                                         gpio_0/gpio_0/_0716_ (net)
                  0.91    0.01    6.88 v gpio_0/gpio_0/place29306/A (sky130_fd_sc_hd__buf_4)
    19    0.10    0.14    0.53    7.41 v gpio_0/gpio_0/place29306/X (sky130_fd_sc_hd__buf_4)
                                         gpio_0/gpio_0/net29305 (net)
                  0.14    0.01    7.42 v gpio_0/gpio_0/_2382_/B1 (sky130_fd_sc_hd__a31oi_1)
    16    0.06    1.29    0.96    8.38 ^ gpio_0/gpio_0/_2382_/Y (sky130_fd_sc_hd__a31oi_1)
                                         gpio_0/data_out[0] (net)
                  1.29    0.00    8.39 ^ gpio_0/fifo_timer_r/mem[10][0]$_DFFE_PP_/D (sky130_fd_sc_hd__edfxtp_1)
                                  8.39   data arrival time

                  0.15   20.00   20.00   clock clk_s2 (rise edge)
                          0.00   20.00   clock network delay (ideal)
                         -0.25   19.75   clock uncertainty
                          0.00   19.75   clock reconvergence pessimism
                                 19.75 ^ gpio_0/fifo_timer_r/mem[10][0]$_DFFE_PP_/CLK (sky130_fd_sc_hd__edfxtp_1)
                         -0.36   19.39   library setup time
                                 19.39   data required time
-----------------------------------------------------------------------------
                                 19.39   data required time
                                 -8.39   data arrival time
-----------------------------------------------------------------------------
                                 11.00   slack (MET)


Startpoint: gpio_clk_div/clk_div[0]$_SDFF_PP0_/Q
            (clock source 'gpio_clk_div_clk_div2')
Endpoint: gpio_clk_div/clk_div[1]$_SDFF_PP0_
          (rising edge-triggered flip-flop clocked by clk_s2_gate)
Path Group: clk_s2_gate
Path Type: max

Fanout     Cap    Slew   Delay    Time   Description
-----------------------------------------------------------------------------
                  0.15   20.00   20.00   clock gpio_clk_div_clk_div2 (fall edge)
     3    0.01    0.04    0.00   20.00 v gpio_clk_div/clk_div[0]$_SDFF_PP0_/Q (sky130_fd_sc_hd__dfxtp_1)
                                         gpio_clk_div/clk_div2 (net)
                  0.04    0.00   20.00 v gpio_clk_div/_11_/A (sky130_fd_sc_hd__ha_1)
     1    0.00    0.04    0.27   20.27 v gpio_clk_div/_11_/SUM (sky130_fd_sc_hd__ha_1)
                                         gpio_clk_div/_01_ (net)
                  0.04    0.00   20.27 v gpio_clk_div/_06_/B_N (sky130_fd_sc_hd__nor2b_1)
     1    0.00    0.06    0.12   20.39 v gpio_clk_div/_06_/Y (sky130_fd_sc_hd__nor2b_1)
                                         gpio_clk_div/_02_ (net)
                  0.06    0.00   20.39 v gpio_clk_div/clk_div[1]$_SDFF_PP0_/D (sky130_fd_sc_hd__dfxtp_1)
                                 20.39   data arrival time

                  0.15   40.00   40.00   clock clk_s2_gate (rise edge)
                          0.00   40.00   clock network delay (ideal)
                         -0.25   39.75   clock uncertainty
                          0.00   39.75   clock reconvergence pessimism
                                 39.75 ^ gpio_clk_div/clk_div[1]$_SDFF_PP0_/CLK (sky130_fd_sc_hd__dfxtp_1)
                         -0.09   39.66   library setup time
                                 39.66   data required time
-----------------------------------------------------------------------------
                                 39.66   data required time
                                -20.39   data arrival time
-----------------------------------------------------------------------------
                                 19.27   slack (MET)


Startpoint: processor_0/pipeline_ex_mem/alu_out_out[23]$_SDFFE_PP0N_
            (rising edge-triggered flip-flop clocked by clk1)
Endpoint: dma_config_0/dma_0/buffer_dma[6]$_SDFFE_PP0P_
          (rising edge-triggered flip-flop clocked by clk_s3)
Path Group: clk_s3
Path Type: max

Fanout     Cap    Slew   Delay    Time   Description
-----------------------------------------------------------------------------
                  0.15    0.00    0.00   clock clk1 (rise edge)
                          0.00    0.00   clock network delay (ideal)
                  0.15    0.00    0.00 ^ processor_0/pipeline_ex_mem/alu_out_out[23]$_SDFFE_PP0N_/CLK (sky130_fd_sc_hd__dfxtp_1)
     2    0.01    0.05    0.35    0.35 v processor_0/pipeline_ex_mem/alu_out_out[23]$_SDFFE_PP0N_/Q (sky130_fd_sc_hd__dfxtp_1)
                                         addr_m_axi[23] (net)
                  0.05    0.00    0.35 v _1526_/A (sky130_fd_sc_hd__nor4b_2)
     2    0.01    0.39    0.42    0.77 ^ _1526_/Y (sky130_fd_sc_hd__nor4b_2)
                                         _0106_ (net)
                  0.39    0.00    0.77 ^ _1542_/A (sky130_fd_sc_hd__and4_1)
     2    0.05    0.43    0.53    1.30 ^ _1542_/X (sky130_fd_sc_hd__and4_1)
                                         _0121_ (net)
                  0.43    0.01    1.31 ^ _1546_/A (sky130_fd_sc_hd__nand2_1)
     9    0.05    0.41    0.44    1.74 v _1546_/Y (sky130_fd_sc_hd__nand2_1)
                                         _0125_ (net)
                  0.41    0.00    1.75 v place31898/A (sky130_fd_sc_hd__buf_4)
    13    0.08    0.11    0.37    2.11 v place31898/X (sky130_fd_sc_hd__buf_4)
                                         net31897 (net)
                  0.11    0.00    2.12 v place31897/A (sky130_fd_sc_hd__buf_12)
    19    0.08    0.05    0.18    2.30 v place31897/X (sky130_fd_sc_hd__buf_12)
                                         net31896 (net)
                  0.05    0.00    2.30 v _1724_/B (sky130_fd_sc_hd__nand2_1)
     1    0.00    0.05    0.07    2.37 ^ _1724_/Y (sky130_fd_sc_hd__nand2_1)
                                         _0250_ (net)
                  0.05    0.00    2.37 ^ _1725_/B (sky130_fd_sc_hd__nand2_1)
     2    0.03    0.22    0.19    2.56 v _1725_/Y (sky130_fd_sc_hd__nand2_1)
                                         m1_aw_addr[8] (net)
                  0.22    0.00    2.57 v interconnect_0/_0821_/C (sky130_fd_sc_hd__nor4_1)
     1    0.02    0.74    0.68    3.25 ^ interconnect_0/_0821_/Y (sky130_fd_sc_hd__nor4_1)
                                         interconnect_0/_0046_ (net)
                  0.74    0.00    3.25 ^ interconnect_0/_0822_/B (sky130_fd_sc_hd__nor2_1)
     6    0.02    0.21    0.24    3.50 v interconnect_0/_0822_/Y (sky130_fd_sc_hd__nor2_1)
                                         interconnect_0/_0047_ (net)
                  0.21    0.00    3.50 v interconnect_0/_0838_/A (sky130_fd_sc_hd__nor3_1)
     3    0.01    0.40    0.42    3.92 ^ interconnect_0/_0838_/Y (sky130_fd_sc_hd__nor3_1)
                                         interconnect_0/_0063_ (net)
                  0.40    0.00    3.92 ^ interconnect_0/_0871_/A2 (sky130_fd_sc_hd__o211a_1)
     5    0.03    0.24    0.34    4.26 ^ interconnect_0/_0871_/X (sky130_fd_sc_hd__o211a_1)
                                         interconnect_0/_0096_ (net)
                  0.24    0.00    4.26 ^ interconnect_0/_0872_/B (sky130_fd_sc_hd__nor2_1)
     6    0.03    0.16    0.20    4.46 v interconnect_0/_0872_/Y (sky130_fd_sc_hd__nor2_1)
                                         interconnect_0/_0097_ (net)
                  0.16    0.00    4.46 v interconnect_0/_0894_/B (sky130_fd_sc_hd__nor4_2)
     2    0.01    0.29    0.35    4.80 ^ interconnect_0/_0894_/Y (sky130_fd_sc_hd__nor4_2)
                                         interconnect_0/_0119_ (net)
                  0.29    0.00    4.80 ^ interconnect_0/_2483_/A2 (sky130_fd_sc_hd__a22o_1)
     1    0.01    0.11    0.23    5.03 ^ interconnect_0/_2483_/X (sky130_fd_sc_hd__a22o_1)
                                         s5_dr_ready (net)
                  0.11    0.00    5.03 ^ dot_0/_415_/D (sky130_fd_sc_hd__and4b_1)
     1    0.01    0.08    0.22    5.26 ^ dot_0/_415_/X (sky130_fd_sc_hd__and4b_1)
                                         dot_0/read_en_axi (net)
                  0.08    0.00    5.26 ^ dot_0/place29335/A (sky130_fd_sc_hd__buf_4)
     2    0.05    0.14    0.20    5.45 ^ dot_0/place29335/X (sky130_fd_sc_hd__buf_4)
                                         dot_0/net29334 (net)
                  0.14    0.01    5.46 ^ dot_0/fifo_timer_r/_386_/B1_N (sky130_fd_sc_hd__a21bo_2)
    17    0.14    0.33    0.49    5.95 v dot_0/fifo_timer_r/_386_/X (sky130_fd_sc_hd__a21bo_2)
                                         dot_0/fifo_timer_r/_096_ (net)
                  0.33    0.03    5.98 v dot_0/fifo_timer_r/_596_/A (sky130_fd_sc_hd__nor3_1)
     1    0.03    0.75    0.72    6.70 ^ dot_0/fifo_timer_r/_596_/Y (sky130_fd_sc_hd__nor3_1)
                                         dot_0/fifo_read_data_axi[6] (net)
                  0.75    0.00    6.70 ^ dot_0/place28658/A (sky130_fd_sc_hd__buf_4)
     1    0.04    0.13    0.31    7.01 ^ dot_0/place28658/X (sky130_fd_sc_hd__buf_4)
                                         dot_0/net28657 (net)
                  0.13    0.01    7.01 ^ dot_0/_195_/A (sky130_fd_sc_hd__and2_1)
     1    0.03    0.27    0.30    7.32 ^ dot_0/_195_/X (sky130_fd_sc_hd__and2_1)
                                         s5_dr_data[6] (net)
                  0.27    0.00    7.32 ^ place28000/A (sky130_fd_sc_hd__buf_12)
     2    0.08    0.10    0.19    7.52 ^ place28000/X (sky130_fd_sc_hd__buf_12)
                                         net27999 (net)
                  0.11    0.02    7.54 ^ interconnect_0/place27999/A (sky130_fd_sc_hd__buf_4)
     2    0.01    0.03    0.13    7.66 ^ interconnect_0/place27999/X (sky130_fd_sc_hd__buf_4)
                                         interconnect_0/net27998 (net)
                  0.03    0.00    7.66 ^ interconnect_0/_1393_/B2 (sky130_fd_sc_hd__a22oi_1)
     1    0.01    0.14    0.07    7.74 v interconnect_0/_1393_/Y (sky130_fd_sc_hd__a22oi_1)
                                         interconnect_0/_0562_ (net)
                  0.14    0.00    7.74 v interconnect_0/_1394_/C (sky130_fd_sc_hd__nand3_1)
     1    0.02    0.19    0.20    7.94 ^ interconnect_0/_1394_/Y (sky130_fd_sc_hd__nand3_1)
                                         m2_dr_data[6] (net)
                  0.19    0.00    7.94 ^ dma_config_0/dma_0/_2062_/A1 (sky130_fd_sc_hd__mux2i_1)
     1    0.00    0.08    0.10    8.04 v dma_config_0/dma_0/_2062_/Y (sky130_fd_sc_hd__mux2i_1)
                                         dma_config_0/dma_0/_0505_ (net)
                  0.08    0.00    8.04 v dma_config_0/dma_0/_2063_/B (sky130_fd_sc_hd__nor2_1)
     1    0.00    0.08    0.09    8.13 ^ dma_config_0/dma_0/_2063_/Y (sky130_fd_sc_hd__nor2_1)
                                         dma_config_0/dma_0/_0071_ (net)
                  0.08    0.00    8.13 ^ dma_config_0/dma_0/buffer_dma[6]$_SDFFE_PP0P_/D (sky130_fd_sc_hd__dfxtp_1)
                                  8.13   data arrival time

                  0.15   10.00   10.00   clock clk_s3 (rise edge)
                          0.00   10.00   clock network delay (ideal)
                         -0.25    9.75   clock uncertainty
                          0.00    9.75   clock reconvergence pessimism
                                  9.75 ^ dma_config_0/dma_0/buffer_dma[6]$_SDFFE_PP0P_/CLK (sky130_fd_sc_hd__dfxtp_1)
                         -0.05    9.70   library setup time
                                  9.70   data required time
-----------------------------------------------------------------------------
                                  9.70   data required time
                                 -8.13   data arrival time
-----------------------------------------------------------------------------
                                  1.58   slack (MET)


Startpoint: uart_0/fifo_uart_w/counter_2[0]$_SDFFE_PP0P_
            (rising edge-triggered flip-flop clocked by clk_s4)
Endpoint: uart_0/fifo_uart_r/mem[13][17]$_DFFE_PP_
          (rising edge-triggered flip-flop clocked by clk_s4)
Path Group: clk_s4
Path Type: max

Fanout     Cap    Slew   Delay    Time   Description
-----------------------------------------------------------------------------
                  0.15    0.00    0.00   clock clk_s4 (rise edge)
                          0.00    0.00   clock network delay (ideal)
                  0.15    0.00    0.00 ^ uart_0/fifo_uart_w/counter_2[0]$_SDFFE_PP0P_/CLK (sky130_fd_sc_hd__dfxtp_1)
    12    0.10    0.92    0.95    0.95 ^ uart_0/fifo_uart_w/counter_2[0]$_SDFFE_PP0P_/Q (sky130_fd_sc_hd__dfxtp_1)
                                         uart_0/fifo_uart_w/counter_2[0] (net)
                  0.92    0.00    0.95 ^ uart_0/fifo_uart_w/_894_/A (sky130_fd_sc_hd__ha_1)
     3    0.02    0.12    0.43    1.38 v uart_0/fifo_uart_w/_894_/SUM (sky130_fd_sc_hd__ha_1)
                                         uart_0/fifo_uart_w/counter_2_gray[0] (net)
                  0.12    0.00    1.38 v uart_0/fifo_uart_w/_449_/A (sky130_fd_sc_hd__xor2_1)
     1    0.01    0.09    0.21    1.59 v uart_0/fifo_uart_w/_449_/X (sky130_fd_sc_hd__xor2_1)
                                         uart_0/fifo_uart_w/_264_ (net)
                  0.09    0.00    1.59 v uart_0/fifo_uart_w/_450_/D (sky130_fd_sc_hd__nor4_4)
     6    0.02    0.40    0.31    1.90 ^ uart_0/fifo_uart_w/_450_/Y (sky130_fd_sc_hd__nor4_4)
                                         uart_0/fifo_uart_w/_265_ (net)
                  0.40    0.00    1.91 ^ uart_0/fifo_uart_w/_872_/A (sky130_fd_sc_hd__and2_1)
     2    0.05    0.48    0.49    2.40 ^ uart_0/fifo_uart_w/_872_/X (sky130_fd_sc_hd__and2_1)
                                         uart_0/fifo_empty (net)
                  0.48    0.00    2.40 ^ uart_0/_335_/A (sky130_fd_sc_hd__inv_1)
    11    0.05    0.27    0.34    2.74 v uart_0/_335_/Y (sky130_fd_sc_hd__inv_1)
                                         uart_0/addr_valid (net)
                  0.27    0.00    2.74 v uart_0/fifo_uart_w/_453_/B1_N (sky130_fd_sc_hd__a21bo_1)
     5    0.05    0.41    0.53    3.27 ^ uart_0/fifo_uart_w/_453_/X (sky130_fd_sc_hd__a21bo_1)
                                         uart_0/fifo_uart_w/_268_ (net)
                  0.41    0.01    3.28 ^ uart_0/fifo_uart_w/_479_/A (sky130_fd_sc_hd__nor3_2)
     1    0.00    0.08    0.09    3.37 v uart_0/fifo_uart_w/_479_/Y (sky130_fd_sc_hd__nor3_2)
                                         uart_0/fifo_data_read[38] (net)
                  0.08    0.00    3.37 v uart_0/uart_0/_0682_/A (sky130_fd_sc_hd__or4_1)
     1    0.03    0.20    0.68    4.05 v uart_0/uart_0/_0682_/X (sky130_fd_sc_hd__or4_1)
                                         uart_0/uart_0/_0192_ (net)
                  0.20    0.00    4.05 v uart_0/uart_0/_0683_/C (sky130_fd_sc_hd__nor3_1)
     1    0.00    0.18    0.20    4.25 ^ uart_0/uart_0/_0683_/Y (sky130_fd_sc_hd__nor3_1)
                                         uart_0/uart_0/_0193_ (net)
                  0.18    0.00    4.25 ^ uart_0/uart_0/place29072/A (sky130_fd_sc_hd__buf_4)
     9    0.06    0.16    0.24    4.49 ^ uart_0/uart_0/place29072/X (sky130_fd_sc_hd__buf_4)
                                         uart_0/uart_0/net29071 (net)
                  0.16    0.01    4.50 ^ uart_0/uart_0/_0686_/C (sky130_fd_sc_hd__and3_1)
    13    0.07    0.66    0.61    5.11 ^ uart_0/uart_0/_0686_/X (sky130_fd_sc_hd__and3_1)
                                         uart_0/uart_0/_0196_ (net)
                  0.66    0.00    5.11 ^ uart_0/uart_0/place28759/A (sky130_fd_sc_hd__buf_4)
    17    0.08    0.22    0.37    5.48 ^ uart_0/uart_0/place28759/X (sky130_fd_sc_hd__buf_4)
                                         uart_0/uart_0/net28758 (net)
                  0.22    0.00    5.48 ^ uart_0/uart_0/_0751_/A2 (sky130_fd_sc_hd__a22oi_1)
     1    0.00    0.09    0.12    5.60 v uart_0/uart_0/_0751_/Y (sky130_fd_sc_hd__a22oi_1)
                                         uart_0/uart_0/_0244_ (net)
                  0.09    0.00    5.60 v uart_0/uart_0/_0752_/B (sky130_fd_sc_hd__nor2_1)
    16    0.09    1.54    1.15    6.75 ^ uart_0/uart_0/_0752_/Y (sky130_fd_sc_hd__nor2_1)
                                         uart_0/data_out[17] (net)
                  1.54    0.01    6.76 ^ uart_0/fifo_uart_r/mem[13][17]$_DFFE_PP_/D (sky130_fd_sc_hd__edfxtp_1)
                                  6.76   data arrival time

                  0.15   40.00   40.00   clock clk_s4 (rise edge)
                          0.00   40.00   clock network delay (ideal)
                         -0.25   39.75   clock uncertainty
                          0.00   39.75   clock reconvergence pessimism
                                 39.75 ^ uart_0/fifo_uart_r/mem[13][17]$_DFFE_PP_/CLK (sky130_fd_sc_hd__edfxtp_1)
                         -0.40   39.35   library setup time
                                 39.35   data required time
-----------------------------------------------------------------------------
                                 39.35   data required time
                                 -6.76   data arrival time
-----------------------------------------------------------------------------
                                 32.59   slack (MET)


Startpoint: uart_clk_div/clk_div[0]$_SDFF_PP0_/Q
            (clock source 'uart_clk_div_clk_div2')
Endpoint: uart_clk_div/clk_div[1]$_SDFF_PP0_
          (rising edge-triggered flip-flop clocked by clk_s4_gate)
Path Group: clk_s4_gate
Path Type: max

Fanout     Cap    Slew   Delay    Time   Description
-----------------------------------------------------------------------------
                  0.15   40.00   40.00   clock uart_clk_div_clk_div2 (fall edge)
     3    0.01    0.04    0.00   40.00 v uart_clk_div/clk_div[0]$_SDFF_PP0_/Q (sky130_fd_sc_hd__dfxtp_1)
                                         uart_clk_div/clk_div2 (net)
                  0.04    0.00   40.00 v uart_clk_div/_11_/A (sky130_fd_sc_hd__ha_1)
     1    0.00    0.04    0.27   40.27 v uart_clk_div/_11_/SUM (sky130_fd_sc_hd__ha_1)
                                         uart_clk_div/_01_ (net)
                  0.04    0.00   40.27 v uart_clk_div/_06_/B_N (sky130_fd_sc_hd__nor2b_1)
     1    0.00    0.04    0.12   40.39 v uart_clk_div/_06_/Y (sky130_fd_sc_hd__nor2b_1)
                                         uart_clk_div/_02_ (net)
                  0.04    0.00   40.39 v uart_clk_div/clk_div[1]$_SDFF_PP0_/D (sky130_fd_sc_hd__dfxtp_1)
                                 40.39   data arrival time

                  0.15   80.00   80.00   clock clk_s4_gate (rise edge)
                          0.00   80.00   clock network delay (ideal)
                         -0.25   79.75   clock uncertainty
                          0.00   79.75   clock reconvergence pessimism
                                 79.75 ^ uart_clk_div/clk_div[1]$_SDFF_PP0_/CLK (sky130_fd_sc_hd__dfxtp_1)
                         -0.08   79.67   library setup time
                                 79.67   data required time
-----------------------------------------------------------------------------
                                 79.67   data required time
                                -40.39   data arrival time
-----------------------------------------------------------------------------
                                 39.28   slack (MET)


Startpoint: dot_0/fifo_timer_r/counter_1[1]$_SDFFE_PP0P_
            (rising edge-triggered flip-flop clocked by clk_s5)
Endpoint: dot_0/fifo_timer_r/mem[11][5]$_DFFE_PP_
          (rising edge-triggered flip-flop clocked by clk_s5)
Path Group: clk_s5
Path Type: max

Fanout     Cap    Slew   Delay    Time   Description
-----------------------------------------------------------------------------
                  0.15    0.00    0.00   clock clk_s5 (rise edge)
                          0.00    0.00   clock network delay (ideal)
                  0.15    0.00    0.00 ^ dot_0/fifo_timer_r/counter_1[1]$_SDFFE_PP0P_/CLK (sky130_fd_sc_hd__dfxtp_1)
     3    0.01    0.05    0.35    0.35 v dot_0/fifo_timer_r/counter_1[1]$_SDFFE_PP0P_/Q (sky130_fd_sc_hd__dfxtp_1)
                                         dot_0/fifo_timer_r/counter_1[1] (net)
                  0.05    0.00    0.35 v dot_0/fifo_timer_r/place31501/A (sky130_fd_sc_hd__buf_4)
     2    0.01    0.03    0.14    0.49 v dot_0/fifo_timer_r/place31501/X (sky130_fd_sc_hd__buf_4)
                                         dot_0/fifo_timer_r/net31500 (net)
                  0.03    0.00    0.49 v dot_0/fifo_timer_r/_748_/A (sky130_fd_sc_hd__ha_1)
     2    0.01    0.07    0.30    0.79 v dot_0/fifo_timer_r/_748_/SUM (sky130_fd_sc_hd__ha_1)
                                         dot_0/fifo_timer_r/counter_1_gray[1] (net)
                  0.07    0.00    0.79 v dot_0/fifo_timer_r/_652_/A (sky130_fd_sc_hd__xor2_1)
     1    0.01    0.16    0.19    0.99 ^ dot_0/fifo_timer_r/_652_/X (sky130_fd_sc_hd__xor2_1)
                                         dot_0/fifo_timer_r/_326_ (net)
                  0.16    0.00    0.99 ^ dot_0/fifo_timer_r/place30854/A (sky130_fd_sc_hd__buf_4)
     1    0.01    0.04    0.15    1.13 ^ dot_0/fifo_timer_r/place30854/X (sky130_fd_sc_hd__buf_4)
                                         dot_0/fifo_timer_r/net30853 (net)
                  0.04    0.00    1.14 ^ dot_0/fifo_timer_r/_654_/C (sky130_fd_sc_hd__nor4_4)
     2    0.01    0.03    0.04    1.18 v dot_0/fifo_timer_r/_654_/Y (sky130_fd_sc_hd__nor4_4)
                                         dot_0/fifo_timer_r/_328_ (net)
                  0.03    0.00    1.18 v dot_0/fifo_timer_r/_730_/A (sky130_fd_sc_hd__and2_2)
     1    0.06    0.16    0.28    1.45 v dot_0/fifo_timer_r/_730_/X (sky130_fd_sc_hd__and2_2)
                                         dot_0/fifo_full (net)
                  0.16    0.01    1.47 v dot_0/place30258/A (sky130_fd_sc_hd__buf_12)
     1    0.11    0.06    0.21    1.67 v dot_0/place30258/X (sky130_fd_sc_hd__buf_12)
                                         dot_0/net30257 (net)
                  0.10    0.04    1.71 v dot_0/_416_/C (sky130_fd_sc_hd__nor3_2)
     1    0.01    0.22    0.19    1.90 ^ dot_0/_416_/Y (sky130_fd_sc_hd__nor3_2)
                                         dot_0/r_en_1 (net)
                  0.22    0.00    1.90 ^ dot_0/place30147/A (sky130_fd_sc_hd__buf_12)
     4    0.06    0.07    0.17    2.08 ^ dot_0/place30147/X (sky130_fd_sc_hd__buf_12)
                                         dot_0/net30146 (net)
                  0.07    0.00    2.08 ^ dot_0/fifo_timer_w1/_386_/B1_N (sky130_fd_sc_hd__a21bo_2)
     5    0.07    0.17    0.35    2.43 v dot_0/fifo_timer_w1/_386_/X (sky130_fd_sc_hd__a21bo_2)
                                         dot_0/fifo_timer_w1/_096_ (net)
                  0.17    0.01    2.44 v dot_0/fifo_timer_w1/place29970/A (sky130_fd_sc_hd__buf_4)
     4    0.02    0.04    0.21    2.65 v dot_0/fifo_timer_w1/place29970/X (sky130_fd_sc_hd__buf_4)
                                         dot_0/fifo_timer_w1/net29969 (net)
                  0.04    0.00    2.65 v dot_0/fifo_timer_w1/_596_/A (sky130_fd_sc_hd__nor3_1)
     1    0.05    1.33    1.05    3.70 ^ dot_0/fifo_timer_w1/_596_/Y (sky130_fd_sc_hd__nor3_1)
                                         dot_0/fifo_data_read_1[6] (net)
                  1.33    0.01    3.71 ^ dot_0/fp4_dot_0/fp4_1/place29735/A (sky130_fd_sc_hd__buf_4)
     2    0.01    0.07    0.28    3.99 ^ dot_0/fp4_dot_0/fp4_1/place29735/X (sky130_fd_sc_hd__buf_4)
                                         dot_0/fp4_dot_0/fp4_1/net29734 (net)
                  0.07    0.00    3.99 ^ dot_0/fp4_dot_0/fp4_1/_57_/A (sky130_fd_sc_hd__inv_1)
     1    0.00    0.03    0.04    4.03 v dot_0/fp4_dot_0/fp4_1/_57_/Y (sky130_fd_sc_hd__inv_1)
                                         dot_0/fp4_dot_0/fp4_1/_05_ (net)
                  0.03    0.00    4.03 v dot_0/fp4_dot_0/fp4_1/_76_/B (sky130_fd_sc_hd__ha_1)
     2    0.01    0.06    0.19    4.23 v dot_0/fp4_dot_0/fp4_1/_76_/COUT (sky130_fd_sc_hd__ha_1)
                                         dot_0/fp4_dot_0/fp4_1/_06_ (net)
                  0.06    0.00    4.23 v dot_0/fp4_dot_0/fp4_1/_48_/B (sky130_fd_sc_hd__nor2_1)
     1    0.00    0.09    0.10    4.32 ^ dot_0/fp4_dot_0/fp4_1/_48_/Y (sky130_fd_sc_hd__nor2_1)
                                         dot_0/fp4_dot_0/fp4_1/expa[0] (net)
                  0.09    0.00    4.32 ^ dot_0/fp4_dot_0/fp4_1/_83_/A (sky130_fd_sc_hd__ha_1)
     1    0.01    0.09    0.18    4.51 ^ dot_0/fp4_dot_0/fp4_1/_83_/COUT (sky130_fd_sc_hd__ha_1)
                                         dot_0/fp4_dot_0/fp4_1/_33_ (net)
                  0.09    0.00    4.51 ^ dot_0/fp4_dot_0/fp4_1/_75_/CIN (sky130_fd_sc_hd__fa_1)
     2    0.01    0.11    0.45    4.96 v dot_0/fp4_dot_0/fp4_1/_75_/SUM (sky130_fd_sc_hd__fa_1)
                                         dot_0/fp4_dot_0/fp4_1/sum1[1] (net)
                  0.11    0.00    4.96 v dot_0/fp4_dot_0/fp4_1/_46_/A (sky130_fd_sc_hd__inv_1)
     1    0.01    0.06    0.09    5.05 ^ dot_0/fp4_dot_0/fp4_1/_46_/Y (sky130_fd_sc_hd__inv_1)
                                         dot_0/fp4_dot_0/fp4_1/_08_ (net)
                  0.06    0.00    5.05 ^ dot_0/fp4_dot_0/fp4_1/_78_/B (sky130_fd_sc_hd__ha_1)
     1    0.01    0.08    0.16    5.21 ^ dot_0/fp4_dot_0/fp4_1/_78_/COUT (sky130_fd_sc_hd__ha_1)
                                         dot_0/fp4_dot_0/fp4_1/_09_ (net)
                  0.08    0.00    5.21 ^ dot_0/fp4_dot_0/fp4_1/_44_/A (sky130_fd_sc_hd__xnor2_1)
     1    0.00    0.14    0.13    5.34 ^ dot_0/fp4_dot_0/fp4_1/_44_/Y (sky130_fd_sc_hd__xnor2_1)
                                         dot_0/fp4_dot_0/fp4_1/_22_ (net)
                  0.14    0.00    5.34 ^ dot_0/fp4_dot_0/fp4_1/_45_/B (sky130_fd_sc_hd__nor2_1)
     1    0.01    0.11    0.09    5.43 v dot_0/fp4_dot_0/fp4_1/_45_/Y (sky130_fd_sc_hd__nor2_1)
                                         dot_0/fp4_dot_0/fp4_1/sum2[2] (net)
                  0.11    0.00    5.43 v dot_0/fp4_dot_0/fp4_1/_79_/A (sky130_fd_sc_hd__ha_1)
     3    0.01    0.09    0.36    5.79 v dot_0/fp4_dot_0/fp4_1/_79_/SUM (sky130_fd_sc_hd__ha_1)
                                         dot_0/fp4_dot_0/fp4_1/_12_ (net)
                  0.09    0.00    5.79 v dot_0/fp4_dot_0/fp4_1/_50_/A1 (sky130_fd_sc_hd__a21oi_1)
     1    0.00    0.12    0.15    5.94 ^ dot_0/fp4_dot_0/fp4_1/_50_/Y (sky130_fd_sc_hd__a21oi_1)
                                         dot_0/fp4_dot_0/fp4_1/_24_ (net)
                  0.12    0.00    5.94 ^ dot_0/fp4_dot_0/fp4_1/_51_/B (sky130_fd_sc_hd__nand2_1)
     1    0.00    0.04    0.07    6.01 v dot_0/fp4_dot_0/fp4_1/_51_/Y (sky130_fd_sc_hd__nand2_1)
                                         dot_0/fp4_dot_0/fp4_1/_25_ (net)
                  0.04    0.00    6.01 v dot_0/fp4_dot_0/fp4_1/_56_/A (sky130_fd_sc_hd__xnor3_1)
     2    0.01    0.08    0.37    6.38 v dot_0/fp4_dot_0/fp4_1/_56_/X (sky130_fd_sc_hd__xnor3_1)
                                         dot_0/fp4_dot_0/y_1[6] (net)
                  0.08    0.00    6.39 v dot_0/fp4_dot_0/add0/_0734_/A (sky130_fd_sc_hd__inv_1)
     2    0.01    0.06    0.08    6.47 ^ dot_0/fp4_dot_0/add0/_0734_/Y (sky130_fd_sc_hd__inv_1)
                                         dot_0/fp4_dot_0/add0/_0139_ (net)
                  0.06    0.00    6.47 ^ dot_0/fp4_dot_0/add0/_0817_/A2 (sky130_fd_sc_hd__a31oi_1)
     3    0.01    0.12    0.13    6.60 v dot_0/fp4_dot_0/add0/_0817_/Y (sky130_fd_sc_hd__a31oi_1)
                                         dot_0/fp4_dot_0/add0/_0056_ (net)
                  0.12    0.00    6.60 v dot_0/fp4_dot_0/add0/_1370_/B (sky130_fd_sc_hd__ha_1)
     2    0.02    0.10    0.27    6.87 v dot_0/fp4_dot_0/add0/_1370_/COUT (sky130_fd_sc_hd__ha_1)
                                         dot_0/fp4_dot_0/add0/_0018_ (net)
                  0.10    0.00    6.87 v dot_0/fp4_dot_0/add0/_1357_/CIN (sky130_fd_sc_hd__fa_1)
     2    0.01    0.09    0.40    7.28 v dot_0/fp4_dot_0/add0/_1357_/COUT (sky130_fd_sc_hd__fa_1)
                                         dot_0/fp4_dot_0/add0/_0019_ (net)
                  0.09    0.00    7.28 v dot_0/fp4_dot_0/add0/_0858_/A (sky130_fd_sc_hd__nor2b_1)
     1    0.00    0.11    0.14    7.41 ^ dot_0/fp4_dot_0/add0/_0858_/Y (sky130_fd_sc_hd__nor2b_1)
                                         dot_0/fp4_dot_0/add0/_0273_ (net)
                  0.11    0.00    7.41 ^ dot_0/fp4_dot_0/add0/_0859_/A2 (sky130_fd_sc_hd__o21ai_0)
     2    0.01    0.09    0.11    7.52 v dot_0/fp4_dot_0/add0/_0859_/Y (sky130_fd_sc_hd__o21ai_0)
                                         dot_0/fp4_dot_0/add0/_0274_ (net)
                  0.09    0.00    7.52 v dot_0/fp4_dot_0/add0/_0861_/A2 (sky130_fd_sc_hd__a211oi_1)
     3    0.01    0.40    0.41    7.93 ^ dot_0/fp4_dot_0/add0/_0861_/Y (sky130_fd_sc_hd__a211oi_1)
                                         dot_0/fp4_dot_0/add0/_0276_ (net)
                  0.40    0.00    7.93 ^ dot_0/fp4_dot_0/add0/_0865_/B (sky130_fd_sc_hd__nand2_1)
     2    0.01    0.11    0.15    8.08 v dot_0/fp4_dot_0/add0/_0865_/Y (sky130_fd_sc_hd__nand2_1)
                                         dot_0/fp4_dot_0/add0/_0088_ (net)
                  0.11    0.00    8.08 v dot_0/fp4_dot_0/add0/_1381_/A (sky130_fd_sc_hd__ha_1)
     2    0.01    0.06    0.24    8.32 v dot_0/fp4_dot_0/add0/_1381_/COUT (sky130_fd_sc_hd__ha_1)
                                         dot_0/fp4_dot_0/add0/_0090_ (net)
                  0.06    0.00    8.32 v dot_0/fp4_dot_0/add0/_1251_/A (sky130_fd_sc_hd__nor3_1)
     2    0.01    0.34    0.33    8.65 ^ dot_0/fp4_dot_0/add0/_1251_/Y (sky130_fd_sc_hd__nor3_1)
                                         dot_0/fp4_dot_0/add0/_0629_ (net)
                  0.34    0.00    8.65 ^ dot_0/fp4_dot_0/add0/_1253_/A3 (sky130_fd_sc_hd__o31ai_1)
     1    0.00    0.09    0.13    8.78 v dot_0/fp4_dot_0/add0/_1253_/Y (sky130_fd_sc_hd__o31ai_1)
                                         dot_0/fp4_dot_0/add0/_0631_ (net)
                  0.09    0.00    8.78 v dot_0/fp4_dot_0/add0/_1254_/B1 (sky130_fd_sc_hd__a2111oi_2)
     1    0.00    0.26    0.34    9.12 ^ dot_0/fp4_dot_0/add0/_1254_/Y (sky130_fd_sc_hd__a2111oi_2)
                                         dot_0/fp4_dot_0/add0/_0632_ (net)
                  0.26    0.00    9.12 ^ dot_0/fp4_dot_0/add0/place25334/A (sky130_fd_sc_hd__buf_4)
     3    0.02    0.07    0.19    9.31 ^ dot_0/fp4_dot_0/add0/place25334/X (sky130_fd_sc_hd__buf_4)
                                         dot_0/fp4_dot_0/add0/net25333 (net)
                  0.07    0.00    9.31 ^ dot_0/fp4_dot_0/add0/_1255_/S (sky130_fd_sc_hd__mux2i_1)
     2    0.01    0.31    0.32    9.63 ^ dot_0/fp4_dot_0/add0/_1255_/Y (sky130_fd_sc_hd__mux2i_1)
                                         dot_0/fp4_dot_0/add0/_0633_ (net)
                  0.31    0.00    9.64 ^ dot_0/fp4_dot_0/add0/_1258_/A_N (sky130_fd_sc_hd__nand2b_1)
     2    0.01    0.08    0.18    9.81 ^ dot_0/fp4_dot_0/add0/_1258_/Y (sky130_fd_sc_hd__nand2b_1)
                                         dot_0/fp4_dot_0/add0/_0636_ (net)
                  0.08    0.00    9.81 ^ dot_0/fp4_dot_0/add0/_1259_/B1 (sky130_fd_sc_hd__a221o_1)
     1    0.01    0.08    0.17    9.98 ^ dot_0/fp4_dot_0/add0/_1259_/X (sky130_fd_sc_hd__a221o_1)
                                         dot_0/fp4_dot_0/add0/_0637_ (net)
                  0.08    0.00    9.98 ^ dot_0/fp4_dot_0/add0/_1272_/A2 (sky130_fd_sc_hd__a31oi_1)
     1    0.00    0.08    0.09   10.07 v dot_0/fp4_dot_0/add0/_1272_/Y (sky130_fd_sc_hd__a31oi_1)
                                         dot_0/fp4_dot_0/add0/_0650_ (net)
                  0.08    0.00   10.07 v dot_0/fp4_dot_0/add0/_1273_/B1 (sky130_fd_sc_hd__a31oi_1)
     1    0.00    0.15    0.17   10.24 ^ dot_0/fp4_dot_0/add0/_1273_/Y (sky130_fd_sc_hd__a31oi_1)
                                         dot_0/fp4_dot_0/add0/_0651_ (net)
                  0.15    0.00   10.24 ^ dot_0/fp4_dot_0/add0/_1275_/A1 (sky130_fd_sc_hd__o21ai_1)
     1    0.00    0.09    0.09   10.34 v dot_0/fp4_dot_0/add0/_1275_/Y (sky130_fd_sc_hd__o21ai_1)
                                         dot_0/fp4_dot_0/add0/_0653_ (net)
                  0.09    0.00   10.34 v dot_0/fp4_dot_0/add0/place25237/A (sky130_fd_sc_hd__buf_4)
     1    0.01    0.04    0.16   10.50 v dot_0/fp4_dot_0/add0/place25237/X (sky130_fd_sc_hd__buf_4)
                                         dot_0/fp4_dot_0/add0/net25236 (net)
                  0.04    0.00   10.50 v dot_0/fp4_dot_0/add0/_1276_/B (sky130_fd_sc_hd__xnor2_1)
     1    0.01    0.09    0.14   10.64 v dot_0/fp4_dot_0/add0/_1276_/Y (sky130_fd_sc_hd__xnor2_1)
                                         dot_0/fp4_dot_0/add0/_0009_ (net)
                  0.09    0.00   10.64 v dot_0/fp4_dot_0/add0/_1355_/B (sky130_fd_sc_hd__fa_1)
     2    0.02    0.14    0.49   11.12 v dot_0/fp4_dot_0/add0/_1355_/COUT (sky130_fd_sc_hd__fa_1)
                                         dot_0/fp4_dot_0/add0/_0003_ (net)
                  0.14    0.00   11.13 v dot_0/fp4_dot_0/add0/_1354_/A (sky130_fd_sc_hd__fa_1)
     3    0.02    0.13    0.52   11.65 v dot_0/fp4_dot_0/add0/_1354_/COUT (sky130_fd_sc_hd__fa_1)
                                         dot_0/fp4_dot_0/add0/_0006_ (net)
                  0.13    0.00   11.65 v dot_0/fp4_dot_0/add0/place25189/A (sky130_fd_sc_hd__buf_4)
     1    0.01    0.03    0.18   11.83 v dot_0/fp4_dot_0/add0/place25189/X (sky130_fd_sc_hd__buf_4)
                                         dot_0/fp4_dot_0/add0/net25188 (net)
                  0.03    0.00   11.83 v dot_0/fp4_dot_0/add0/_0745_/A1 (sky130_fd_sc_hd__a211oi_4)
     2    0.01    0.23    0.25   12.07 ^ dot_0/fp4_dot_0/add0/_0745_/Y (sky130_fd_sc_hd__a211oi_4)
                                         dot_0/fp4_dot_0/add0/_0173_ (net)
                  0.23    0.00   12.07 ^ dot_0/fp4_dot_0/add0/place25176/A (sky130_fd_sc_hd__buf_4)
     2    0.01    0.04    0.17   12.24 ^ dot_0/fp4_dot_0/add0/place25176/X (sky130_fd_sc_hd__buf_4)
                                         dot_0/fp4_dot_0/add0/net25175 (net)
                  0.04    0.00   12.24 ^ dot_0/fp4_dot_0/add0/_0749_/A2 (sky130_fd_sc_hd__o31ai_2)
     2    0.01    0.09    0.08   12.32 v dot_0/fp4_dot_0/add0/_0749_/Y (sky130_fd_sc_hd__o31ai_2)
                                         dot_0/fp4_dot_0/add0/_0177_ (net)
                  0.09    0.00   12.32 v dot_0/fp4_dot_0/add0/_0750_/B (sky130_fd_sc_hd__xnor2_2)
     4    0.03    0.17    0.23   12.56 v dot_0/fp4_dot_0/add0/_0750_/Y (sky130_fd_sc_hd__xnor2_2)
                                         dot_0/fp4_dot_0/add0/_0178_ (net)
                  0.17    0.00   12.56 v dot_0/fp4_dot_0/add0/place25119/A (sky130_fd_sc_hd__buf_4)
     3    0.01    0.03    0.19   12.75 v dot_0/fp4_dot_0/add0/place25119/X (sky130_fd_sc_hd__buf_4)
                                         dot_0/fp4_dot_0/add0/net25118 (net)
                  0.03    0.00   12.75 v dot_0/fp4_dot_0/add0/_0826_/C (sky130_fd_sc_hd__or3_1)
     2    0.01    0.08    0.32   13.07 v dot_0/fp4_dot_0/add0/_0826_/X (sky130_fd_sc_hd__or3_1)
                                         dot_0/fp4_dot_0/add0/_0246_ (net)
                  0.08    0.00   13.07 v dot_0/fp4_dot_0/add0/_0844_/A (sky130_fd_sc_hd__nor2_1)
     2    0.01    0.19    0.19   13.27 ^ dot_0/fp4_dot_0/add0/_0844_/Y (sky130_fd_sc_hd__nor2_1)
                                         dot_0/fp4_dot_0/add0/_0264_ (net)
                  0.19    0.00   13.27 ^ dot_0/fp4_dot_0/add0/_0856_/B (sky130_fd_sc_hd__nor2_1)
     2    0.02    0.12    0.14   13.41 v dot_0/fp4_dot_0/add0/_0856_/Y (sky130_fd_sc_hd__nor2_1)
                                         dot_0/fp4_dot_0/add0/_0063_ (net)
                  0.12    0.00   13.41 v dot_0/fp4_dot_0/add0/_1371_/B (sky130_fd_sc_hd__ha_1)
     4    0.01    0.09    0.26   13.66 v dot_0/fp4_dot_0/add0/_1371_/COUT (sky130_fd_sc_hd__ha_1)
                                         dot_0/fp4_dot_0/add0/_0064_ (net)
                  0.09    0.00   13.66 v dot_0/fp4_dot_0/add0/place24950/A (sky130_fd_sc_hd__buf_4)
     3    0.01    0.03    0.16   13.82 v dot_0/fp4_dot_0/add0/place24950/X (sky130_fd_sc_hd__buf_4)
                                         dot_0/fp4_dot_0/add0/net24949 (net)
                  0.03    0.00   13.82 v dot_0/fp4_dot_0/add0/_0890_/A1 (sky130_fd_sc_hd__o21ba_2)
     1    0.00    0.04    0.20   14.02 v dot_0/fp4_dot_0/add0/_0890_/X (sky130_fd_sc_hd__o21ba_2)
                                         dot_0/fp4_dot_0/add0/_0299_ (net)
                  0.04    0.00   14.02 v dot_0/fp4_dot_0/add0/_0891_/B1 (sky130_fd_sc_hd__o32a_1)
     2    0.01    0.08    0.20   14.22 v dot_0/fp4_dot_0/add0/_0891_/X (sky130_fd_sc_hd__o32a_1)
                                         dot_0/fp4_dot_0/add0/_0300_ (net)
                  0.08    0.00   14.22 v dot_0/fp4_dot_0/add0/_0892_/A3 (sky130_fd_sc_hd__a31o_1)
     3    0.02    0.10    0.29   14.51 v dot_0/fp4_dot_0/add0/_0892_/X (sky130_fd_sc_hd__a31o_1)
                                         dot_0/fp4_dot_0/add0/_0301_ (net)
                  0.10    0.00   14.51 v dot_0/fp4_dot_0/add0/_0918_/B1 (sky130_fd_sc_hd__a21o_1)
     3    0.02    0.10    0.24   14.75 v dot_0/fp4_dot_0/add0/_0918_/X (sky130_fd_sc_hd__a21o_1)
                                         dot_0/fp4_dot_0/add0/_0326_ (net)
                  0.10    0.00   14.75 v dot_0/fp4_dot_0/add0/place24791/A (sky130_fd_sc_hd__buf_4)
     2    0.01    0.03    0.16   14.91 v dot_0/fp4_dot_0/add0/place24791/X (sky130_fd_sc_hd__buf_4)
                                         dot_0/fp4_dot_0/add0/net24790 (net)
                  0.03    0.00   14.91 v dot_0/fp4_dot_0/add0/_0950_/B1 (sky130_fd_sc_hd__a211o_2)
     2    0.02    0.08    0.35   15.25 v dot_0/fp4_dot_0/add0/_0950_/X (sky130_fd_sc_hd__a211o_2)
                                         dot_0/fp4_dot_0/add0/_0354_ (net)
                  0.08    0.00   15.25 v dot_0/fp4_dot_0/add0/_1106_/A (sky130_fd_sc_hd__nand2_1)
     5    0.02    0.22    0.19   15.45 ^ dot_0/fp4_dot_0/add0/_1106_/Y (sky130_fd_sc_hd__nand2_1)
                                         dot_0/fp4_dot_0/add0/_0503_ (net)
                  0.22    0.00   15.45 ^ dot_0/fp4_dot_0/add0/_1141_/B (sky130_fd_sc_hd__nand2_1)
     2    0.01    0.08    0.12   15.57 v dot_0/fp4_dot_0/add0/_1141_/Y (sky130_fd_sc_hd__nand2_1)
                                         dot_0/fp4_dot_0/add0/_0536_ (net)
                  0.08    0.00   15.57 v dot_0/fp4_dot_0/add0/_1142_/B1 (sky130_fd_sc_hd__o221a_1)
     1    0.00    0.04    0.23   15.80 v dot_0/fp4_dot_0/add0/_1142_/X (sky130_fd_sc_hd__o221a_1)
                                         dot_0/fp4_dot_0/add0/_0537_ (net)
                  0.04    0.00   15.80 v dot_0/fp4_dot_0/add0/_1144_/A3 (sky130_fd_sc_hd__a31oi_1)
     2    0.03    0.66    0.53   16.33 ^ dot_0/fp4_dot_0/add0/_1144_/Y (sky130_fd_sc_hd__a31oi_1)
                                         dot_0/fp4_dot_0/add0/_0000_ (net)
                  0.66    0.00   16.33 ^ dot_0/fp4_dot_0/add0/_1334_/B1 (sky130_fd_sc_hd__a21oi_1)
     1    0.00    0.13    0.10   16.42 v dot_0/fp4_dot_0/add0/_1334_/Y (sky130_fd_sc_hd__a21oi_1)
                                         dot_0/fp4_dot_0/add0/_0694_ (net)
                  0.13    0.00   16.42 v dot_0/fp4_dot_0/add0/_1344_/A3 (sky130_fd_sc_hd__a32oi_1)
     1    0.00    0.15    0.23   16.65 ^ dot_0/fp4_dot_0/add0/_1344_/Y (sky130_fd_sc_hd__a32oi_1)
                                         dot_0/fp4_dot_0/add0/_0002_ (net)
                  0.15    0.00   16.65 ^ dot_0/fp4_dot_0/add0/place24624/A (sky130_fd_sc_hd__buf_4)
     1    0.02    0.06    0.16   16.82 ^ dot_0/fp4_dot_0/add0/place24624/X (sky130_fd_sc_hd__buf_4)
                                         dot_0/fp4_dot_0/add0/net24623 (net)
                  0.06    0.00   16.82 ^ dot_0/fp4_dot_0/add0/_1402_/B (sky130_fd_sc_hd__ha_1)
     1    0.00    0.06    0.15   16.97 ^ dot_0/fp4_dot_0/add0/_1402_/COUT (sky130_fd_sc_hd__ha_1)
                                         dot_0/fp4_dot_0/add0/_0711_ (net)
                  0.06    0.00   16.97 ^ dot_0/fp4_dot_0/add0/_1387_/A (sky130_fd_sc_hd__ha_1)
     3    0.01    0.11    0.19   17.16 ^ dot_0/fp4_dot_0/add0/_1387_/COUT (sky130_fd_sc_hd__ha_1)
                                         dot_0/fp4_dot_0/add0/_0103_ (net)
                  0.11    0.00   17.16 ^ dot_0/fp4_dot_0/add0/_1038_/B (sky130_fd_sc_hd__nand2_1)
     2    0.01    0.05    0.08   17.24 v dot_0/fp4_dot_0/add0/_1038_/Y (sky130_fd_sc_hd__nand2_1)
                                         dot_0/fp4_dot_0/add0/_0441_ (net)
                  0.05    0.00   17.24 v dot_0/fp4_dot_0/add0/_1039_/B (sky130_fd_sc_hd__nor2_1)
     2    0.01    0.23    0.20   17.44 ^ dot_0/fp4_dot_0/add0/_1039_/Y (sky130_fd_sc_hd__nor2_1)
                                         dot_0/fp4_dot_0/add0/_0442_ (net)
                  0.23    0.00   17.45 ^ dot_0/fp4_dot_0/add0/_1055_/A3 (sky130_fd_sc_hd__a31o_4)
     2    0.01    0.05    0.20   17.64 ^ dot_0/fp4_dot_0/add0/_1055_/X (sky130_fd_sc_hd__a31o_4)
                                         dot_0/fp4_dot_0/add0/_0458_ (net)
                  0.05    0.00   17.64 ^ dot_0/fp4_dot_0/add0/_1058_/B (sky130_fd_sc_hd__nand3_2)
     2    0.01    0.06    0.08   17.72 v dot_0/fp4_dot_0/add0/_1058_/Y (sky130_fd_sc_hd__nand3_2)
                                         dot_0/fp4_dot_0/add0/_0461_ (net)
                  0.06    0.00   17.72 v dot_0/fp4_dot_0/add0/_1066_/A3 (sky130_fd_sc_hd__a31oi_1)
     2    0.03    0.74    0.59   18.31 ^ dot_0/fp4_dot_0/add0/_1066_/Y (sky130_fd_sc_hd__a31oi_1)
                                         dot_0/fp4_dot_0/add_0[6] (net)
                  0.74    0.00   18.32 ^ dot_0/fp4_dot_0/add4/_0811_/A (sky130_fd_sc_hd__nor2_1)
     2    0.01    0.15    0.16   18.48 v dot_0/fp4_dot_0/add4/_0811_/Y (sky130_fd_sc_hd__nor2_1)
                                         dot_0/fp4_dot_0/add4/_0236_ (net)
                  0.15    0.00   18.48 v dot_0/fp4_dot_0/add4/_0812_/A2 (sky130_fd_sc_hd__a21oi_1)
     1    0.01    0.27    0.30   18.78 ^ dot_0/fp4_dot_0/add4/_0812_/Y (sky130_fd_sc_hd__a21oi_1)
                                         dot_0/fp4_dot_0/add4/_0054_ (net)
                  0.27    0.00   18.78 ^ dot_0/fp4_dot_0/add4/place24522/A (sky130_fd_sc_hd__buf_4)
     2    0.01    0.04    0.17   18.95 ^ dot_0/fp4_dot_0/add4/place24522/X (sky130_fd_sc_hd__buf_4)
                                         dot_0/fp4_dot_0/add4/net24521 (net)
                  0.04    0.00   18.95 ^ dot_0/fp4_dot_0/add4/_0813_/A (sky130_fd_sc_hd__inv_1)
     2    0.01    0.03    0.04   19.00 v dot_0/fp4_dot_0/add4/_0813_/Y (sky130_fd_sc_hd__inv_1)
                                         dot_0/fp4_dot_0/add4/exp_a[0] (net)
                  0.03    0.00   19.00 v dot_0/fp4_dot_0/add4/_1370_/A (sky130_fd_sc_hd__ha_1)
     2    0.02    0.10    0.25   19.25 v dot_0/fp4_dot_0/add4/_1370_/COUT (sky130_fd_sc_hd__ha_1)
                                         dot_0/fp4_dot_0/add4/_0018_ (net)
                  0.10    0.00   19.25 v dot_0/fp4_dot_0/add4/_1357_/CIN (sky130_fd_sc_hd__fa_1)
     2    0.01    0.10    0.42   19.67 v dot_0/fp4_dot_0/add4/_1357_/COUT (sky130_fd_sc_hd__fa_1)
                                         dot_0/fp4_dot_0/add4/_0019_ (net)
                  0.10    0.00   19.67 v dot_0/fp4_dot_0/add4/_0858_/A (sky130_fd_sc_hd__nor2b_1)
     1    0.00    0.08    0.12   19.79 ^ dot_0/fp4_dot_0/add4/_0858_/Y (sky130_fd_sc_hd__nor2b_1)
                                         dot_0/fp4_dot_0/add4/_0273_ (net)
                  0.08    0.00   19.79 ^ dot_0/fp4_dot_0/add4/_0859_/A2 (sky130_fd_sc_hd__o21ai_0)
     2    0.01    0.10    0.11   19.90 v dot_0/fp4_dot_0/add4/_0859_/Y (sky130_fd_sc_hd__o21ai_0)
                                         dot_0/fp4_dot_0/add4/_0274_ (net)
                  0.10    0.00   19.90 v dot_0/fp4_dot_0/add4/_0861_/A2 (sky130_fd_sc_hd__a211oi_1)
     1    0.01    0.27    0.32   20.22 ^ dot_0/fp4_dot_0/add4/_0861_/Y (sky130_fd_sc_hd__a211oi_1)
                                         dot_0/fp4_dot_0/add4/_0276_ (net)
                  0.27    0.00   20.22 ^ dot_0/fp4_dot_0/add4/place24411/A (sky130_fd_sc_hd__buf_4)
     3    0.02    0.06    0.19   20.41 ^ dot_0/fp4_dot_0/add4/place24411/X (sky130_fd_sc_hd__buf_4)
                                         dot_0/fp4_dot_0/add4/net24410 (net)
                  0.06    0.00   20.41 ^ dot_0/fp4_dot_0/add4/_0865_/B (sky130_fd_sc_hd__nand2_1)
     2    0.01    0.06    0.07   20.48 v dot_0/fp4_dot_0/add4/_0865_/Y (sky130_fd_sc_hd__nand2_1)
                                         dot_0/fp4_dot_0/add4/_0088_ (net)
                  0.06    0.00   20.48 v dot_0/fp4_dot_0/add4/_1381_/A (sky130_fd_sc_hd__ha_1)
     2    0.01    0.07    0.22   20.70 v dot_0/fp4_dot_0/add4/_1381_/COUT (sky130_fd_sc_hd__ha_1)
                                         dot_0/fp4_dot_0/add4/_0090_ (net)
                  0.07    0.00   20.71 v dot_0/fp4_dot_0/add4/_1251_/A (sky130_fd_sc_hd__nor3_1)
     2    0.01    0.35    0.34   21.04 ^ dot_0/fp4_dot_0/add4/_1251_/Y (sky130_fd_sc_hd__nor3_1)
                                         dot_0/fp4_dot_0/add4/_0629_ (net)
                  0.35    0.00   21.04 ^ dot_0/fp4_dot_0/add4/_1253_/A3 (sky130_fd_sc_hd__o31ai_1)
     1    0.01    0.09    0.13   21.17 v dot_0/fp4_dot_0/add4/_1253_/Y (sky130_fd_sc_hd__o31ai_1)
                                         dot_0/fp4_dot_0/add4/_0631_ (net)
                  0.09    0.00   21.17 v dot_0/fp4_dot_0/add4/_1254_/B1 (sky130_fd_sc_hd__a2111oi_2)
     1    0.00    0.26    0.34   21.51 ^ dot_0/fp4_dot_0/add4/_1254_/Y (sky130_fd_sc_hd__a2111oi_2)
                                         dot_0/fp4_dot_0/add4/_0632_ (net)
                  0.26    0.00   21.51 ^ dot_0/fp4_dot_0/add4/place24317/A (sky130_fd_sc_hd__buf_4)
     3    0.02    0.07    0.19   21.71 ^ dot_0/fp4_dot_0/add4/place24317/X (sky130_fd_sc_hd__buf_4)
                                         dot_0/fp4_dot_0/add4/net24316 (net)
                  0.07    0.00   21.71 ^ dot_0/fp4_dot_0/add4/_1255_/S (sky130_fd_sc_hd__mux2i_1)
     1    0.01    0.06    0.08   21.79 v dot_0/fp4_dot_0/add4/_1255_/Y (sky130_fd_sc_hd__mux2i_1)
                                         dot_0/fp4_dot_0/add4/_0633_ (net)
                  0.06    0.00   21.79 v dot_0/fp4_dot_0/add4/place24312/A (sky130_fd_sc_hd__buf_4)
     3    0.01    0.04    0.15   21.94 v dot_0/fp4_dot_0/add4/place24312/X (sky130_fd_sc_hd__buf_4)
                                         dot_0/fp4_dot_0/add4/net24311 (net)
                  0.04    0.00   21.95 v dot_0/fp4_dot_0/add4/_1258_/A_N (sky130_fd_sc_hd__nand2b_1)
     2    0.01    0.06    0.15   22.09 v dot_0/fp4_dot_0/add4/_1258_/Y (sky130_fd_sc_hd__nand2b_1)
                                         dot_0/fp4_dot_0/add4/_0636_ (net)
                  0.06    0.00   22.09 v dot_0/fp4_dot_0/add4/_1259_/B1 (sky130_fd_sc_hd__a221o_1)
     1    0.00    0.06    0.30   22.40 v dot_0/fp4_dot_0/add4/_1259_/X (sky130_fd_sc_hd__a221o_1)
                                         dot_0/fp4_dot_0/add4/_0637_ (net)
                  0.06    0.00   22.40 v dot_0/fp4_dot_0/add4/_1272_/A2 (sky130_fd_sc_hd__a31oi_1)
     1    0.01    0.17    0.20   22.59 ^ dot_0/fp4_dot_0/add4/_1272_/Y (sky130_fd_sc_hd__a31oi_1)
                                         dot_0/fp4_dot_0/add4/_0650_ (net)
                  0.17    0.00   22.59 ^ dot_0/fp4_dot_0/add4/_1273_/B1 (sky130_fd_sc_hd__a31oi_1)
     1    0.00    0.06    0.06   22.66 v dot_0/fp4_dot_0/add4/_1273_/Y (sky130_fd_sc_hd__a31oi_1)
                                         dot_0/fp4_dot_0/add4/_0651_ (net)
                  0.06    0.00   22.66 v dot_0/fp4_dot_0/add4/_1275_/A1 (sky130_fd_sc_hd__o21ai_1)
     1    0.01    0.21    0.22   22.88 ^ dot_0/fp4_dot_0/add4/_1275_/Y (sky130_fd_sc_hd__o21ai_1)
                                         dot_0/fp4_dot_0/add4/_0653_ (net)
                  0.21    0.00   22.88 ^ dot_0/fp4_dot_0/add4/place24266/A (sky130_fd_sc_hd__buf_4)
     1    0.01    0.03    0.15   23.03 ^ dot_0/fp4_dot_0/add4/place24266/X (sky130_fd_sc_hd__buf_4)
                                         dot_0/fp4_dot_0/add4/net24265 (net)
                  0.03    0.00   23.03 ^ dot_0/fp4_dot_0/add4/_1276_/B (sky130_fd_sc_hd__xnor2_1)
     1    0.01    0.08    0.07   23.10 v dot_0/fp4_dot_0/add4/_1276_/Y (sky130_fd_sc_hd__xnor2_1)
                                         dot_0/fp4_dot_0/add4/_0009_ (net)
                  0.08    0.00   23.10 v dot_0/fp4_dot_0/add4/_1355_/B (sky130_fd_sc_hd__fa_1)
     2    0.02    0.13    0.48   23.58 v dot_0/fp4_dot_0/add4/_1355_/COUT (sky130_fd_sc_hd__fa_1)
                                         dot_0/fp4_dot_0/add4/_0003_ (net)
                  0.13    0.00   23.58 v dot_0/fp4_dot_0/add4/_1354_/A (sky130_fd_sc_hd__fa_1)
     3    0.02    0.14    0.53   24.11 v dot_0/fp4_dot_0/add4/_1354_/COUT (sky130_fd_sc_hd__fa_1)
                                         dot_0/fp4_dot_0/add4/_0006_ (net)
                  0.14    0.00   24.12 v dot_0/fp4_dot_0/add4/_0785_/A1 (sky130_fd_sc_hd__a21o_1)
     2    0.01    0.07    0.23   24.34 v dot_0/fp4_dot_0/add4/_0785_/X (sky130_fd_sc_hd__a21o_1)
                                         dot_0/fp4_dot_0/add4/_0213_ (net)
                  0.07    0.00   24.34 v dot_0/fp4_dot_0/add4/_0790_/A2 (sky130_fd_sc_hd__a2111oi_2)
     2    0.01    0.39    0.46   24.80 ^ dot_0/fp4_dot_0/add4/_0790_/Y (sky130_fd_sc_hd__a2111oi_2)
                                         dot_0/fp4_dot_0/add4/_0218_ (net)
                  0.39    0.00   24.80 ^ dot_0/fp4_dot_0/add4/_0791_/B1 (sky130_fd_sc_hd__a21oi_1)
     2    0.01    0.12    0.13   24.93 v dot_0/fp4_dot_0/add4/_0791_/Y (sky130_fd_sc_hd__a21oi_1)
                                         dot_0/fp4_dot_0/add4/_0219_ (net)
                  0.12    0.00   24.93 v dot_0/fp4_dot_0/add4/_0792_/A3 (sky130_fd_sc_hd__a31oi_2)
     3    0.02    0.26    0.31   25.24 ^ dot_0/fp4_dot_0/add4/_0792_/Y (sky130_fd_sc_hd__a31oi_2)
                                         dot_0/fp4_dot_0/add4/_0220_ (net)
                  0.26    0.00   25.24 ^ dot_0/fp4_dot_0/add4/_0804_/A2 (sky130_fd_sc_hd__a31o_1)
     1    0.00    0.06    0.20   25.44 ^ dot_0/fp4_dot_0/add4/_0804_/X (sky130_fd_sc_hd__a31o_1)
                                         dot_0/fp4_dot_0/add4/_0232_ (net)
                  0.06    0.00   25.44 ^ dot_0/fp4_dot_0/add4/_0805_/B1 (sky130_fd_sc_hd__a21o_1)
     2    0.02    0.16    0.17   25.60 ^ dot_0/fp4_dot_0/add4/_0805_/X (sky130_fd_sc_hd__a21o_1)
                                         dot_0/fp4_dot_0/add4/_0233_ (net)
                  0.16    0.00   25.60 ^ dot_0/fp4_dot_0/add4/_1379_/A (sky130_fd_sc_hd__ha_1)
     2    0.01    0.09    0.20   25.81 ^ dot_0/fp4_dot_0/add4/_1379_/COUT (sky130_fd_sc_hd__ha_1)
                                         dot_0/fp4_dot_0/add4/_0085_ (net)
                  0.09    0.00   25.81 ^ dot_0/fp4_dot_0/add4/_0869_/A (sky130_fd_sc_hd__inv_1)
     1    0.01    0.05    0.07   25.88 v dot_0/fp4_dot_0/add4/_0869_/Y (sky130_fd_sc_hd__inv_1)
                                         dot_0/fp4_dot_0/add4/_0012_ (net)
                  0.05    0.00   25.88 v dot_0/fp4_dot_0/add4/_1356_/A (sky130_fd_sc_hd__fa_1)
     2    0.01    0.09    0.50   26.37 v dot_0/fp4_dot_0/add4/_1356_/SUM (sky130_fd_sc_hd__fa_1)
                                         dot_0/fp4_dot_0/add4/_0016_ (net)
                  0.09    0.00   26.37 v dot_0/fp4_dot_0/add4/_0884_/A (sky130_fd_sc_hd__nor2b_1)
     1    0.01    0.18    0.20   26.57 ^ dot_0/fp4_dot_0/add4/_0884_/Y (sky130_fd_sc_hd__nor2b_1)
                                         dot_0/fp4_dot_0/add4/_0293_ (net)
                  0.18    0.00   26.57 ^ dot_0/fp4_dot_0/add4/_0886_/C1 (sky130_fd_sc_hd__o2111a_1)
     2    0.01    0.11    0.25   26.82 ^ dot_0/fp4_dot_0/add4/_0886_/X (sky130_fd_sc_hd__o2111a_1)
                                         dot_0/fp4_dot_0/add4/_0295_ (net)
                  0.11    0.00   26.82 ^ dot_0/fp4_dot_0/add4/_0892_/A1 (sky130_fd_sc_hd__a31o_1)
     3    0.02    0.20    0.26   27.08 ^ dot_0/fp4_dot_0/add4/_0892_/X (sky130_fd_sc_hd__a31o_1)
                                         dot_0/fp4_dot_0/add4/_0301_ (net)
                  0.20    0.00   27.08 ^ dot_0/fp4_dot_0/add4/_0893_/B1 (sky130_fd_sc_hd__a21oi_2)
     3    0.01    0.07    0.09   27.17 v dot_0/fp4_dot_0/add4/_0893_/Y (sky130_fd_sc_hd__a21oi_2)
                                         dot_0/fp4_dot_0/add4/_0302_ (net)
                  0.07    0.00   27.17 v dot_0/fp4_dot_0/add4/place24047/A (sky130_fd_sc_hd__buf_4)
     4    0.02    0.04    0.16   27.33 v dot_0/fp4_dot_0/add4/place24047/X (sky130_fd_sc_hd__buf_4)
                                         dot_0/fp4_dot_0/add4/net24046 (net)
                  0.04    0.00   27.33 v dot_0/fp4_dot_0/add4/_1004_/B1 (sky130_fd_sc_hd__o22ai_1)
     1    0.01    0.33    0.28   27.61 ^ dot_0/fp4_dot_0/add4/_1004_/Y (sky130_fd_sc_hd__o22ai_1)
                                         dot_0/fp4_dot_0/add4/_0407_ (net)
                  0.33    0.00   27.61 ^ dot_0/fp4_dot_0/add4/place24020/A (sky130_fd_sc_hd__buf_4)
     2    0.01    0.04    0.18   27.79 ^ dot_0/fp4_dot_0/add4/place24020/X (sky130_fd_sc_hd__buf_4)
                                         dot_0/fp4_dot_0/add4/net24019 (net)
                  0.04    0.00   27.79 ^ dot_0/fp4_dot_0/add4/_1119_/D (sky130_fd_sc_hd__nand4_1)
     2    0.02    0.25    0.23   28.02 v dot_0/fp4_dot_0/add4/_1119_/Y (sky130_fd_sc_hd__nand4_1)
                                         dot_0/fp4_dot_0/add4/_0516_ (net)
                  0.25    0.00   28.02 v dot_0/fp4_dot_0/add4/_1142_/B2 (sky130_fd_sc_hd__o221a_1)
     1    0.01    0.07    0.31   28.33 v dot_0/fp4_dot_0/add4/_1142_/X (sky130_fd_sc_hd__o221a_1)
                                         dot_0/fp4_dot_0/add4/_0537_ (net)
                  0.07    0.00   28.33 v dot_0/fp4_dot_0/add4/_1144_/A3 (sky130_fd_sc_hd__a31oi_1)
     1    0.00    0.12    0.16   28.49 ^ dot_0/fp4_dot_0/add4/_1144_/Y (sky130_fd_sc_hd__a31oi_1)
                                         dot_0/fp4_dot_0/add4/_0000_ (net)
                  0.12    0.00   28.49 ^ dot_0/fp4_dot_0/add4/place23962/A (sky130_fd_sc_hd__buf_4)
     2    0.02    0.08    0.16   28.66 ^ dot_0/fp4_dot_0/add4/place23962/X (sky130_fd_sc_hd__buf_4)
                                         dot_0/fp4_dot_0/add4/net23961 (net)
                  0.08    0.00   28.66 ^ dot_0/fp4_dot_0/add4/_1334_/B1 (sky130_fd_sc_hd__a21oi_1)
     1    0.00    0.06    0.05   28.71 v dot_0/fp4_dot_0/add4/_1334_/Y (sky130_fd_sc_hd__a21oi_1)
                                         dot_0/fp4_dot_0/add4/_0694_ (net)
                  0.06    0.00   28.71 v dot_0/fp4_dot_0/add4/_1344_/A3 (sky130_fd_sc_hd__a32oi_1)
     1    0.01    0.23    0.25   28.96 ^ dot_0/fp4_dot_0/add4/_1344_/Y (sky130_fd_sc_hd__a32oi_1)
                                         dot_0/fp4_dot_0/add4/_0002_ (net)
                  0.23    0.00   28.96 ^ dot_0/fp4_dot_0/add4/place23954/A (sky130_fd_sc_hd__buf_4)
     1    0.01    0.05    0.17   29.13 ^ dot_0/fp4_dot_0/add4/place23954/X (sky130_fd_sc_hd__buf_4)
                                         dot_0/fp4_dot_0/add4/net23953 (net)
                  0.05    0.00   29.13 ^ dot_0/fp4_dot_0/add4/_1402_/B (sky130_fd_sc_hd__ha_1)
     1    0.00    0.05    0.14   29.27 ^ dot_0/fp4_dot_0/add4/_1402_/COUT (sky130_fd_sc_hd__ha_1)
                                         dot_0/fp4_dot_0/add4/_0711_ (net)
                  0.05    0.00   29.27 ^ dot_0/fp4_dot_0/add4/_1387_/A (sky130_fd_sc_hd__ha_1)
     3    0.01    0.14    0.21   29.48 ^ dot_0/fp4_dot_0/add4/_1387_/COUT (sky130_fd_sc_hd__ha_1)
                                         dot_0/fp4_dot_0/add4/_0103_ (net)
                  0.14    0.00   29.48 ^ dot_0/fp4_dot_0/add4/_1038_/B (sky130_fd_sc_hd__nand2_1)
     2    0.01    0.06    0.10   29.57 v dot_0/fp4_dot_0/add4/_1038_/Y (sky130_fd_sc_hd__nand2_1)
                                         dot_0/fp4_dot_0/add4/_0441_ (net)
                  0.06    0.00   29.57 v dot_0/fp4_dot_0/add4/_1039_/B (sky130_fd_sc_hd__nor2_1)
     2    0.01    0.18    0.17   29.74 ^ dot_0/fp4_dot_0/add4/_1039_/Y (sky130_fd_sc_hd__nor2_1)
                                         dot_0/fp4_dot_0/add4/_0442_ (net)
                  0.18    0.00   29.74 ^ dot_0/fp4_dot_0/add4/_1055_/A3 (sky130_fd_sc_hd__a31o_4)
     2    0.01    0.05    0.18   29.93 ^ dot_0/fp4_dot_0/add4/_1055_/X (sky130_fd_sc_hd__a31o_4)
                                         dot_0/fp4_dot_0/add4/_0458_ (net)
                  0.05    0.00   29.93 ^ dot_0/fp4_dot_0/add4/_1058_/B (sky130_fd_sc_hd__nand3_2)
     2    0.02    0.11    0.12   30.04 v dot_0/fp4_dot_0/add4/_1058_/Y (sky130_fd_sc_hd__nand3_2)
                                         dot_0/fp4_dot_0/add4/_0461_ (net)
                  0.11    0.00   30.04 v dot_0/fp4_dot_0/add4/_1066_/A3 (sky130_fd_sc_hd__a31oi_2)
     1    0.06    0.73    0.65   30.69 ^ dot_0/fp4_dot_0/add4/_1066_/Y (sky130_fd_sc_hd__a31oi_2)
                                         dot_0/fp4_dot_0/add_4[6] (net)
                  0.73    0.01   30.70 ^ dot_0/fp4_dot_0/add6/place23943/A (sky130_fd_sc_hd__buf_12)
     2    0.04    0.07    0.21   30.91 ^ dot_0/fp4_dot_0/add6/place23943/X (sky130_fd_sc_hd__buf_12)
                                         dot_0/fp4_dot_0/add6/net23942 (net)
                  0.07    0.01   30.91 ^ dot_0/fp4_dot_0/add6/_0811_/A (sky130_fd_sc_hd__nor2_1)
     2    0.01    0.05    0.07   30.98 v dot_0/fp4_dot_0/add6/_0811_/Y (sky130_fd_sc_hd__nor2_1)
                                         dot_0/fp4_dot_0/add6/_0236_ (net)
                  0.05    0.00   30.98 v dot_0/fp4_dot_0/add6/_0812_/A2 (sky130_fd_sc_hd__a21oi_1)
     2    0.01    0.16    0.18   31.17 ^ dot_0/fp4_dot_0/add6/_0812_/Y (sky130_fd_sc_hd__a21oi_1)
                                         dot_0/fp4_dot_0/add6/_0054_ (net)
                  0.16    0.00   31.17 ^ dot_0/fp4_dot_0/add6/_0813_/A (sky130_fd_sc_hd__inv_1)
     2    0.01    0.06    0.08   31.24 v dot_0/fp4_dot_0/add6/_0813_/Y (sky130_fd_sc_hd__inv_1)
                                         dot_0/fp4_dot_0/add6/exp_a[0] (net)
                  0.06    0.00   31.24 v dot_0/fp4_dot_0/add6/_1370_/A (sky130_fd_sc_hd__ha_1)
     2    0.02    0.10    0.25   31.50 v dot_0/fp4_dot_0/add6/_1370_/COUT (sky130_fd_sc_hd__ha_1)
                                         dot_0/fp4_dot_0/add6/_0018_ (net)
                  0.10    0.00   31.50 v dot_0/fp4_dot_0/add6/_1357_/CIN (sky130_fd_sc_hd__fa_1)
     2    0.01    0.11    0.43   31.93 v dot_0/fp4_dot_0/add6/_1357_/COUT (sky130_fd_sc_hd__fa_1)
                                         dot_0/fp4_dot_0/add6/_0019_ (net)
                  0.11    0.00   31.93 v dot_0/fp4_dot_0/add6/_0858_/A (sky130_fd_sc_hd__nor2b_1)
     1    0.00    0.09    0.13   32.06 ^ dot_0/fp4_dot_0/add6/_0858_/Y (sky130_fd_sc_hd__nor2b_1)
                                         dot_0/fp4_dot_0/add6/_0273_ (net)
                  0.09    0.00   32.06 ^ dot_0/fp4_dot_0/add6/_0859_/A2 (sky130_fd_sc_hd__o21ai_0)
     2    0.01    0.10    0.11   32.16 v dot_0/fp4_dot_0/add6/_0859_/Y (sky130_fd_sc_hd__o21ai_0)
                                         dot_0/fp4_dot_0/add6/_0274_ (net)
                  0.10    0.00   32.16 v dot_0/fp4_dot_0/add6/_0861_/A2 (sky130_fd_sc_hd__a211oi_1)
     3    0.01    0.51    0.50   32.66 ^ dot_0/fp4_dot_0/add6/_0861_/Y (sky130_fd_sc_hd__a211oi_1)
                                         dot_0/fp4_dot_0/add6/_0276_ (net)
                  0.51    0.00   32.66 ^ dot_0/fp4_dot_0/add6/_0865_/B (sky130_fd_sc_hd__nand2_1)
     2    0.01    0.12    0.16   32.82 v dot_0/fp4_dot_0/add6/_0865_/Y (sky130_fd_sc_hd__nand2_1)
                                         dot_0/fp4_dot_0/add6/_0088_ (net)
                  0.12    0.00   32.82 v dot_0/fp4_dot_0/add6/_1381_/A (sky130_fd_sc_hd__ha_1)
     2    0.01    0.06    0.25   33.07 v dot_0/fp4_dot_0/add6/_1381_/COUT (sky130_fd_sc_hd__ha_1)
                                         dot_0/fp4_dot_0/add6/_0090_ (net)
                  0.06    0.00   33.07 v dot_0/fp4_dot_0/add6/_1251_/A (sky130_fd_sc_hd__nor3_1)
     2    0.01    0.32    0.32   33.39 ^ dot_0/fp4_dot_0/add6/_1251_/Y (sky130_fd_sc_hd__nor3_1)
                                         dot_0/fp4_dot_0/add6/_0629_ (net)
                  0.32    0.00   33.39 ^ dot_0/fp4_dot_0/add6/_1253_/A3 (sky130_fd_sc_hd__o31ai_1)
     1    0.01    0.10    0.14   33.53 v dot_0/fp4_dot_0/add6/_1253_/Y (sky130_fd_sc_hd__o31ai_1)
                                         dot_0/fp4_dot_0/add6/_0631_ (net)
                  0.10    0.00   33.53 v dot_0/fp4_dot_0/add6/_1254_/B1 (sky130_fd_sc_hd__a2111oi_2)
     1    0.00    0.26    0.34   33.87 ^ dot_0/fp4_dot_0/add6/_1254_/Y (sky130_fd_sc_hd__a2111oi_2)
                                         dot_0/fp4_dot_0/add6/_0632_ (net)
                  0.26    0.00   33.87 ^ dot_0/fp4_dot_0/add6/place23813/A (sky130_fd_sc_hd__buf_4)
     3    0.01    0.05    0.18   34.05 ^ dot_0/fp4_dot_0/add6/place23813/X (sky130_fd_sc_hd__buf_4)
                                         dot_0/fp4_dot_0/add6/net23812 (net)
                  0.05    0.00   34.05 ^ dot_0/fp4_dot_0/add6/_1255_/S (sky130_fd_sc_hd__mux2i_1)
     2    0.01    0.22    0.25   34.31 ^ dot_0/fp4_dot_0/add6/_1255_/Y (sky130_fd_sc_hd__mux2i_1)
                                         dot_0/fp4_dot_0/add6/_0633_ (net)
                  0.22    0.00   34.31 ^ dot_0/fp4_dot_0/add6/_1258_/A_N (sky130_fd_sc_hd__nand2b_1)
     2    0.01    0.08    0.16   34.47 ^ dot_0/fp4_dot_0/add6/_1258_/Y (sky130_fd_sc_hd__nand2b_1)
                                         dot_0/fp4_dot_0/add6/_0636_ (net)
                  0.08    0.00   34.47 ^ dot_0/fp4_dot_0/add6/_1259_/B1 (sky130_fd_sc_hd__a221o_1)
     1    0.01    0.07    0.16   34.63 ^ dot_0/fp4_dot_0/add6/_1259_/X (sky130_fd_sc_hd__a221o_1)
                                         dot_0/fp4_dot_0/add6/_0637_ (net)
                  0.07    0.00   34.63 ^ dot_0/fp4_dot_0/add6/_1272_/A2 (sky130_fd_sc_hd__a31oi_1)
     1    0.00    0.07    0.08   34.71 v dot_0/fp4_dot_0/add6/_1272_/Y (sky130_fd_sc_hd__a31oi_1)
                                         dot_0/fp4_dot_0/add6/_0650_ (net)
                  0.07    0.00   34.71 v dot_0/fp4_dot_0/add6/_1273_/B1 (sky130_fd_sc_hd__a31oi_1)
     1    0.01    0.24    0.23   34.94 ^ dot_0/fp4_dot_0/add6/_1273_/Y (sky130_fd_sc_hd__a31oi_1)
                                         dot_0/fp4_dot_0/add6/_0651_ (net)
                  0.24    0.00   34.94 ^ dot_0/fp4_dot_0/add6/_1275_/A1 (sky130_fd_sc_hd__o21ai_1)
     1    0.01    0.14    0.16   35.11 v dot_0/fp4_dot_0/add6/_1275_/Y (sky130_fd_sc_hd__o21ai_1)
                                         dot_0/fp4_dot_0/add6/_0653_ (net)
                  0.14    0.00   35.11 v dot_0/fp4_dot_0/add6/_1276_/B (sky130_fd_sc_hd__xnor2_1)
     1    0.01    0.09    0.19   35.29 v dot_0/fp4_dot_0/add6/_1276_/Y (sky130_fd_sc_hd__xnor2_1)
                                         dot_0/fp4_dot_0/add6/_0009_ (net)
                  0.09    0.00   35.29 v dot_0/fp4_dot_0/add6/_1355_/B (sky130_fd_sc_hd__fa_1)
     2    0.02    0.16    0.51   35.80 v dot_0/fp4_dot_0/add6/_1355_/COUT (sky130_fd_sc_hd__fa_1)
                                         dot_0/fp4_dot_0/add6/_0003_ (net)
                  0.16    0.00   35.80 v dot_0/fp4_dot_0/add6/_1354_/A (sky130_fd_sc_hd__fa_1)
     2    0.01    0.10    0.49   36.29 v dot_0/fp4_dot_0/add6/_1354_/COUT (sky130_fd_sc_hd__fa_1)
                                         dot_0/fp4_dot_0/add6/_0006_ (net)
                  0.10    0.00   36.29 v dot_0/fp4_dot_0/add6/place23777/A (sky130_fd_sc_hd__buf_4)
     2    0.01    0.04    0.17   36.46 v dot_0/fp4_dot_0/add6/place23777/X (sky130_fd_sc_hd__buf_4)
                                         dot_0/fp4_dot_0/add6/net23776 (net)
                  0.04    0.00   36.46 v dot_0/fp4_dot_0/add6/_0745_/A1 (sky130_fd_sc_hd__a211oi_4)
     2    0.01    0.23    0.24   36.70 ^ dot_0/fp4_dot_0/add6/_0745_/Y (sky130_fd_sc_hd__a211oi_4)
                                         dot_0/fp4_dot_0/add6/_0173_ (net)
                  0.23    0.00   36.70 ^ dot_0/fp4_dot_0/add6/_0796_/A (sky130_fd_sc_hd__nor3_2)
     2    0.02    0.09    0.13   36.83 v dot_0/fp4_dot_0/add6/_0796_/Y (sky130_fd_sc_hd__nor3_2)
                                         dot_0/fp4_dot_0/add6/_0224_ (net)
                  0.09    0.00   36.83 v dot_0/fp4_dot_0/add6/_0801_/B (sky130_fd_sc_hd__or3_4)
     2    0.01    0.07    0.39   37.22 v dot_0/fp4_dot_0/add6/_0801_/X (sky130_fd_sc_hd__or3_4)
                                         dot_0/fp4_dot_0/add6/_0229_ (net)
                  0.07    0.00   37.23 v dot_0/fp4_dot_0/add6/_0802_/B (sky130_fd_sc_hd__and2_1)
     3    0.02    0.10    0.23   37.46 v dot_0/fp4_dot_0/add6/_0802_/X (sky130_fd_sc_hd__and2_1)
                                         dot_0/fp4_dot_0/add6/_0230_ (net)
                  0.10    0.00   37.46 v dot_0/fp4_dot_0/add6/_0804_/B1 (sky130_fd_sc_hd__a31o_1)
     1    0.00    0.04    0.20   37.66 v dot_0/fp4_dot_0/add6/_0804_/X (sky130_fd_sc_hd__a31o_1)
                                         dot_0/fp4_dot_0/add6/_0232_ (net)
                  0.04    0.00   37.66 v dot_0/fp4_dot_0/add6/_0805_/B1 (sky130_fd_sc_hd__a21o_1)
     2    0.02    0.12    0.23   37.89 v dot_0/fp4_dot_0/add6/_0805_/X (sky130_fd_sc_hd__a21o_1)
                                         dot_0/fp4_dot_0/add6/_0233_ (net)
                  0.12    0.00   37.89 v dot_0/fp4_dot_0/add6/_1379_/A (sky130_fd_sc_hd__ha_1)
     2    0.01    0.05    0.24   38.12 v dot_0/fp4_dot_0/add6/_1379_/COUT (sky130_fd_sc_hd__ha_1)
                                         dot_0/fp4_dot_0/add6/_0085_ (net)
                  0.05    0.00   38.12 v dot_0/fp4_dot_0/add6/_0869_/A (sky130_fd_sc_hd__inv_1)
     1    0.01    0.08    0.08   38.21 ^ dot_0/fp4_dot_0/add6/_0869_/Y (sky130_fd_sc_hd__inv_1)
                                         dot_0/fp4_dot_0/add6/_0012_ (net)
                  0.08    0.00   38.21 ^ dot_0/fp4_dot_0/add6/_1356_/A (sky130_fd_sc_hd__fa_1)
     2    0.01    0.09    0.41   38.62 v dot_0/fp4_dot_0/add6/_1356_/SUM (sky130_fd_sc_hd__fa_1)
                                         dot_0/fp4_dot_0/add6/_0016_ (net)
                  0.09    0.00   38.62 v dot_0/fp4_dot_0/add6/_0884_/A (sky130_fd_sc_hd__nor2b_1)
     1    0.01    0.14    0.17   38.78 ^ dot_0/fp4_dot_0/add6/_0884_/Y (sky130_fd_sc_hd__nor2b_1)
                                         dot_0/fp4_dot_0/add6/_0293_ (net)
                  0.14    0.00   38.78 ^ dot_0/fp4_dot_0/add6/_0886_/C1 (sky130_fd_sc_hd__o2111a_1)
     2    0.01    0.09    0.23   39.02 ^ dot_0/fp4_dot_0/add6/_0886_/X (sky130_fd_sc_hd__o2111a_1)
                                         dot_0/fp4_dot_0/add6/_0295_ (net)
                  0.09    0.00   39.02 ^ dot_0/fp4_dot_0/add6/_0892_/A1 (sky130_fd_sc_hd__a31o_1)
     3    0.02    0.19    0.25   39.26 ^ dot_0/fp4_dot_0/add6/_0892_/X (sky130_fd_sc_hd__a31o_1)
                                         dot_0/fp4_dot_0/add6/_0301_ (net)
                  0.19    0.00   39.26 ^ dot_0/fp4_dot_0/add6/_0918_/B1 (sky130_fd_sc_hd__a21o_1)
     5    0.03    0.25    0.26   39.52 ^ dot_0/fp4_dot_0/add6/_0918_/X (sky130_fd_sc_hd__a21o_1)
                                         dot_0/fp4_dot_0/add6/_0326_ (net)
                  0.25    0.00   39.53 ^ dot_0/fp4_dot_0/add6/place23666/A (sky130_fd_sc_hd__buf_4)
     1    0.00    0.03    0.15   39.68 ^ dot_0/fp4_dot_0/add6/place23666/X (sky130_fd_sc_hd__buf_4)
                                         dot_0/fp4_dot_0/add6/net23665 (net)
                  0.03    0.00   39.68 ^ dot_0/fp4_dot_0/add6/_1113_/B1 (sky130_fd_sc_hd__a21oi_1)
     1    0.00    0.05    0.03   39.71 v dot_0/fp4_dot_0/add6/_1113_/Y (sky130_fd_sc_hd__a21oi_1)
                                         dot_0/fp4_dot_0/add6/_0510_ (net)
                  0.05    0.00   39.71 v dot_0/fp4_dot_0/add6/_1114_/A2 (sky130_fd_sc_hd__o311ai_0)
     1    0.01    0.51    0.49   40.20 ^ dot_0/fp4_dot_0/add6/_1114_/Y (sky130_fd_sc_hd__o311ai_0)
                                         dot_0/fp4_dot_0/add6/_0511_ (net)
                  0.51    0.00   40.20 ^ dot_0/fp4_dot_0/add6/_1116_/A3 (sky130_fd_sc_hd__o311ai_1)
     1    0.01    0.12    0.17   40.37 v dot_0/fp4_dot_0/add6/_1116_/Y (sky130_fd_sc_hd__o311ai_1)
                                         dot_0/fp4_dot_0/add6/_0513_ (net)
                  0.12    0.00   40.37 v dot_0/fp4_dot_0/add6/_1121_/B1 (sky130_fd_sc_hd__a211oi_1)
     1    0.02    0.66    0.60   40.96 ^ dot_0/fp4_dot_0/add6/_1121_/Y (sky130_fd_sc_hd__a211oi_1)
                                         dot_0/fp4_dot_0/add6/_0518_ (net)
                  0.66    0.00   40.97 ^ dot_0/fp4_dot_0/add6/place23630/A (sky130_fd_sc_hd__buf_4)
     2    0.01    0.05    0.23   41.19 ^ dot_0/fp4_dot_0/add6/place23630/X (sky130_fd_sc_hd__buf_4)
                                         dot_0/fp4_dot_0/add6/net23629 (net)
                  0.05    0.00   41.19 ^ dot_0/fp4_dot_0/add6/_1149_/B (sky130_fd_sc_hd__nor3_1)
     1    0.01    0.07    0.06   41.25 v dot_0/fp4_dot_0/add6/_1149_/Y (sky130_fd_sc_hd__nor3_1)
                                         dot_0/fp4_dot_0/add6/_0001_ (net)
                  0.07    0.00   41.25 v dot_0/fp4_dot_0/add6/_1387_/B (sky130_fd_sc_hd__ha_1)
     4    0.02    0.10    0.25   41.50 v dot_0/fp4_dot_0/add6/_1387_/COUT (sky130_fd_sc_hd__ha_1)
                                         dot_0/fp4_dot_0/add6/_0103_ (net)
                  0.10    0.00   41.50 v dot_0/fp4_dot_0/add6/_0914_/A (sky130_fd_sc_hd__and4_1)
     2    0.01    0.06    0.19   41.69 v dot_0/fp4_dot_0/add6/_0914_/X (sky130_fd_sc_hd__and4_1)
                                         dot_0/fp4_dot_0/add6/_0322_ (net)
                  0.06    0.00   41.69 v dot_0/fp4_dot_0/add6/_1056_/A (sky130_fd_sc_hd__nor3b_1)
     1    0.01    0.22    0.24   41.93 ^ dot_0/fp4_dot_0/add6/_1056_/Y (sky130_fd_sc_hd__nor3b_1)
                                         dot_0/fp4_dot_0/add6/_0459_ (net)
                  0.22    0.00   41.93 ^ dot_0/fp4_dot_0/add6/_1057_/D (sky130_fd_sc_hd__nand4_2)
     3    0.02    0.18    0.21   42.14 v dot_0/fp4_dot_0/add6/_1057_/Y (sky130_fd_sc_hd__nand4_2)
                                         dot_0/fp4_dot_0/add6/_0460_ (net)
                  0.18    0.00   42.14 v dot_0/fp4_dot_0/add6/_1069_/C (sky130_fd_sc_hd__nand4_4)
     4    0.03    0.15    0.21   42.35 ^ dot_0/fp4_dot_0/add6/_1069_/Y (sky130_fd_sc_hd__nand4_4)
                                         dot_0/fp4_dot_0/add6/_0471_ (net)
                  0.15    0.00   42.35 ^ dot_0/fp4_dot_0/add6/_1085_/B (sky130_fd_sc_hd__nand3_2)
     1    0.09    0.53    0.44   42.79 v dot_0/fp4_dot_0/add6/_1085_/Y (sky130_fd_sc_hd__nand3_2)
                                         dot_0/dot_out[5] (net)
                  0.54    0.03   42.82 v dot_0/fifo_timer_r/place23619/A (sky130_fd_sc_hd__buf_12)
    16    0.09    0.07    0.35   43.16 v dot_0/fifo_timer_r/place23619/X (sky130_fd_sc_hd__buf_12)
                                         dot_0/fifo_timer_r/net23618 (net)
                  0.08    0.02   43.19 v dot_0/fifo_timer_r/mem[11][5]$_DFFE_PP_/D (sky130_fd_sc_hd__edfxtp_1)
                                 43.19   data arrival time

                  0.15   12.50   12.50   clock clk_s5 (rise edge)
                          0.00   12.50   clock network delay (ideal)
                         -0.25   12.25   clock uncertainty
                          0.00   12.25   clock reconvergence pessimism
                                 12.25 ^ dot_0/fifo_timer_r/mem[11][5]$_DFFE_PP_/CLK (sky130_fd_sc_hd__edfxtp_1)
                         -0.23   12.02   library setup time
                                 12.02   data required time
-----------------------------------------------------------------------------
                                 12.02   data required time
                                -43.19   data arrival time
-----------------------------------------------------------------------------
                                -31.17   slack (VIOLATED)


Startpoint: dot_clk_div/clk_div[0]$_SDFF_PP0_/Q
            (clock source 'dot_clk_div_clk_div2')
Endpoint: dot_clk_div/clk_div[1]$_SDFF_PP0_
          (rising edge-triggered flip-flop clocked by clk_s5_gate)
Path Group: clk_s5_gate
Path Type: max

Fanout     Cap    Slew   Delay    Time   Description
-----------------------------------------------------------------------------
                  0.15   12.50   12.50   clock dot_clk_div_clk_div2 (fall edge)
     3    0.01    0.04    0.00   12.50 v dot_clk_div/clk_div[0]$_SDFF_PP0_/Q (sky130_fd_sc_hd__dfxtp_1)
                                         dot_clk_div/clk_div2 (net)
                  0.04    0.00   12.50 v dot_clk_div/_11_/A (sky130_fd_sc_hd__ha_1)
     1    0.00    0.04    0.27   12.77 v dot_clk_div/_11_/SUM (sky130_fd_sc_hd__ha_1)
                                         dot_clk_div/_01_ (net)
                  0.04    0.00   12.77 v dot_clk_div/_06_/B_N (sky130_fd_sc_hd__nor2b_1)
     1    0.00    0.05    0.12   12.89 v dot_clk_div/_06_/Y (sky130_fd_sc_hd__nor2b_1)
                                         dot_clk_div/_02_ (net)
                  0.05    0.00   12.89 v dot_clk_div/clk_div[1]$_SDFF_PP0_/D (sky130_fd_sc_hd__dfxtp_1)
                                 12.89   data arrival time

                  0.15   25.00   25.00   clock clk_s5_gate (rise edge)
                          0.00   25.00   clock network delay (ideal)
                         -0.25   24.75   clock uncertainty
                          0.00   24.75   clock reconvergence pessimism
                                 24.75 ^ dot_clk_div/clk_div[1]$_SDFF_PP0_/CLK (sky130_fd_sc_hd__dfxtp_1)
                         -0.09   24.66   library setup time
                                 24.66   data required time
-----------------------------------------------------------------------------
                                 24.66   data required time
                                -12.89   data arrival time
-----------------------------------------------------------------------------
                                 11.77   slack (MET)


Startpoint: processor_0/pipeline_ex_mem/alu_out_out[23]$_SDFFE_PP0N_
            (rising edge-triggered flip-flop clocked by clk1)
Endpoint: main_memory_0/mem[50][1]$_DFFE_PP_
          (rising edge-triggered flip-flop clocked by clk_s8)
Path Group: clk_s8
Path Type: max

Fanout     Cap    Slew   Delay    Time   Description
-----------------------------------------------------------------------------
                  0.15    0.00    0.00   clock clk1 (rise edge)
                          0.00    0.00   clock network delay (ideal)
                  0.15    0.00    0.00 ^ processor_0/pipeline_ex_mem/alu_out_out[23]$_SDFFE_PP0N_/CLK (sky130_fd_sc_hd__dfxtp_1)
     2    0.01    0.05    0.35    0.35 v processor_0/pipeline_ex_mem/alu_out_out[23]$_SDFFE_PP0N_/Q (sky130_fd_sc_hd__dfxtp_1)
                                         addr_m_axi[23] (net)
                  0.05    0.00    0.35 v _1526_/A (sky130_fd_sc_hd__nor4b_2)
     2    0.01    0.39    0.42    0.77 ^ _1526_/Y (sky130_fd_sc_hd__nor4b_2)
                                         _0106_ (net)
                  0.39    0.00    0.77 ^ _1530_/A (sky130_fd_sc_hd__nand4_2)
     3    0.08    0.57    0.53    1.29 v _1530_/Y (sky130_fd_sc_hd__nand4_2)
                                         _0110_ (net)
                  0.57    0.02    1.31 v _1535_/A (sky130_fd_sc_hd__nor2_4)
     8    0.07    0.43    0.55    1.86 ^ _1535_/Y (sky130_fd_sc_hd__nor2_4)
                                         _0115_ (net)
                  0.43    0.00    1.86 ^ _3198_/B (sky130_fd_sc_hd__nand2_1)
     1    0.00    0.07    0.09    1.96 v _3198_/Y (sky130_fd_sc_hd__nand2_1)
                                         _1507_ (net)
                  0.07    0.00    1.96 v _3200_/A (sky130_fd_sc_hd__nand2_1)
     2    0.04    0.40    0.32    2.27 ^ _3200_/Y (sky130_fd_sc_hd__nand2_1)
                                         m1_aw_valid (net)
                  0.40    0.01    2.28 ^ interconnect_0/place31166/A (sky130_fd_sc_hd__buf_4)
    12    0.13    0.36    0.42    2.70 ^ interconnect_0/place31166/X (sky130_fd_sc_hd__buf_4)
                                         interconnect_0/net31165 (net)
                  0.36    0.00    2.70 ^ interconnect_0/_0842_/B_N (sky130_fd_sc_hd__nor2b_1)
     3    0.02    0.32    0.36    3.06 ^ interconnect_0/_0842_/Y (sky130_fd_sc_hd__nor2b_1)
                                         interconnect_0/_0067_ (net)
                  0.32    0.00    3.06 ^ interconnect_0/_0874_/B2 (sky130_fd_sc_hd__a22o_1)
     6    0.03    0.28    0.35    3.41 ^ interconnect_0/_0874_/X (sky130_fd_sc_hd__a22o_1)
                                         interconnect_0/_0099_ (net)
                  0.28    0.00    3.41 ^ interconnect_0/_0879_/A2 (sky130_fd_sc_hd__a211oi_1)
     2    0.01    0.17    0.16    3.57 v interconnect_0/_0879_/Y (sky130_fd_sc_hd__a211oi_1)
                                         interconnect_0/_0104_ (net)
                  0.17    0.00    3.57 v interconnect_0/_0909_/A1 (sky130_fd_sc_hd__o21a_1)
     3    0.02    0.13    0.32    3.88 v interconnect_0/_0909_/X (sky130_fd_sc_hd__o21a_1)
                                         interconnect_0/_0134_ (net)
                  0.13    0.00    3.89 v interconnect_0/_0913_/B (sky130_fd_sc_hd__nor3_1)
     3    0.01    0.39    0.38    4.27 ^ interconnect_0/_0913_/Y (sky130_fd_sc_hd__nor3_1)
                                         interconnect_0/_0138_ (net)
                  0.39    0.00    4.27 ^ interconnect_0/_2502_/A2 (sky130_fd_sc_hd__a22o_1)
     7    0.07    0.70    0.67    4.94 ^ interconnect_0/_2502_/X (sky130_fd_sc_hd__a22o_1)
                                         s8_dw_valid (net)
                  0.70    0.00    4.94 ^ memory_axi_0/_1165_/A2 (sky130_fd_sc_hd__a21oi_1)
     1    0.00    0.12    0.15    5.09 v memory_axi_0/_1165_/Y (sky130_fd_sc_hd__a21oi_1)
                                         memory_axi_0/_0558_ (net)
                  0.12    0.00    5.09 v memory_axi_0/_1166_/B (sky130_fd_sc_hd__nor2_1)
     2    0.01    0.13    0.15    5.24 ^ memory_axi_0/_1166_/Y (sky130_fd_sc_hd__nor2_1)
                                         mem_en (net)
                  0.13    0.00    5.24 ^ _3139_/A (sky130_fd_sc_hd__and2_1)
     1    0.01    0.13    0.20    5.44 ^ _3139_/X (sky130_fd_sc_hd__and2_1)
                                         _0000_ (net)
                  0.13    0.00    5.44 ^ main_memory_0/place29068/A (sky130_fd_sc_hd__buf_4)
     5    0.11    0.30    0.31    5.75 ^ main_memory_0/place29068/X (sky130_fd_sc_hd__buf_4)
                                         main_memory_0/net29067 (net)
                  0.31    0.04    5.79 ^ main_memory_0/_4399_/B_N (sky130_fd_sc_hd__nor2b_1)
     4    0.02    0.31    0.34    6.13 ^ main_memory_0/_4399_/Y (sky130_fd_sc_hd__nor2b_1)
                                         main_memory_0/_2199_ (net)
                  0.31    0.00    6.13 ^ main_memory_0/_4415_/B (sky130_fd_sc_hd__nand2_1)
     8    0.11    0.75    0.65    6.78 v main_memory_0/_4415_/Y (sky130_fd_sc_hd__nand2_1)
                                         main_memory_0/_2206_ (net)
                  0.75    0.02    6.80 v main_memory_0/_4425_/B (sky130_fd_sc_hd__nor2_1)
     7    0.04    0.69    0.79    7.59 ^ main_memory_0/_4425_/Y (sky130_fd_sc_hd__nor2_1)
                                         main_memory_0/_0077_ (net)
                  0.69    0.00    7.59 ^ main_memory_0/place27149/A (sky130_fd_sc_hd__buf_4)
     8    0.05    0.15    0.32    7.90 ^ main_memory_0/place27149/X (sky130_fd_sc_hd__buf_4)
                                         main_memory_0/net27148 (net)
                  0.15    0.00    7.91 ^ main_memory_0/place27148/A (sky130_fd_sc_hd__buf_4)
    19    0.14    0.39    0.39    8.29 ^ main_memory_0/place27148/X (sky130_fd_sc_hd__buf_4)
                                         main_memory_0/net27147 (net)
                  0.39    0.01    8.30 ^ main_memory_0/mem[50][1]$_DFFE_PP_/DE (sky130_fd_sc_hd__edfxtp_1)
                                  8.30   data arrival time

                  0.15   10.00   10.00   clock clk_s8 (rise edge)
                          0.00   10.00   clock network delay (ideal)
                         -0.25    9.75   clock uncertainty
                          0.00    9.75   clock reconvergence pessimism
                                  9.75 ^ main_memory_0/mem[50][1]$_DFFE_PP_/CLK (sky130_fd_sc_hd__edfxtp_1)
                         -0.31    9.44   library setup time
                                  9.44   data required time
-----------------------------------------------------------------------------
                                  9.44   data required time
                                 -8.30   data arrival time
-----------------------------------------------------------------------------
                                  1.13   slack (MET)



==========================================================================
detailed place report_check_types -max_slew -max_cap -max_fanout -violators
--------------------------------------------------------------------------
max slew

Pin                                    Limit    Slew   Slack
------------------------------------------------------------
uart_0/uart_0/_0752_/Y                  1.49    1.54   -0.04 (VIOLATED)
uart_0/fifo_uart_r/mem[13][17]$_DFFE_PP_/D    1.50    1.54   -0.04 (VIOLATED)
uart_0/fifo_uart_r/mem[15][17]$_DFFE_PP_/D    1.50    1.54   -0.04 (VIOLATED)
uart_0/fifo_uart_r/mem[11][17]$_DFFE_PP_/D    1.50    1.54   -0.04 (VIOLATED)
uart_0/fifo_uart_r/mem[6][17]$_DFFE_PP_/D    1.50    1.54   -0.04 (VIOLATED)
uart_0/fifo_uart_r/mem[2][17]$_DFFE_PP_/D    1.50    1.54   -0.04 (VIOLATED)
uart_0/fifo_uart_r/mem[9][17]$_DFFE_PP_/D    1.50    1.54   -0.04 (VIOLATED)
uart_0/fifo_uart_r/mem[7][17]$_DFFE_PP_/D    1.50    1.54   -0.04 (VIOLATED)
uart_0/fifo_uart_r/mem[3][17]$_DFFE_PP_/D    1.50    1.54   -0.04 (VIOLATED)
uart_0/fifo_uart_r/mem[4][17]$_DFFE_PP_/D    1.50    1.54   -0.04 (VIOLATED)
uart_0/fifo_uart_r/mem[1][17]$_DFFE_PP_/D    1.50    1.54   -0.04 (VIOLATED)
uart_0/fifo_uart_r/mem[0][17]$_DFFE_PP_/D    1.50    1.54   -0.04 (VIOLATED)
uart_0/fifo_uart_r/mem[5][17]$_DFFE_PP_/D    1.50    1.54   -0.04 (VIOLATED)
uart_0/fifo_uart_r/mem[14][17]$_DFFE_PP_/D    1.50    1.54   -0.04 (VIOLATED)
uart_0/fifo_uart_r/mem[10][17]$_DFFE_PP_/D    1.50    1.54   -0.04 (VIOLATED)
uart_0/fifo_uart_r/mem[8][17]$_DFFE_PP_/D    1.50    1.54   -0.04 (VIOLATED)
uart_0/fifo_uart_r/mem[12][17]$_DFFE_PP_/D    1.50    1.54   -0.04 (VIOLATED)

max capacitance

Pin                                    Limit     Cap   Slack
------------------------------------------------------------
uart_0/uart_0/_0752_/Y                  0.09    0.09   -0.00 (VIOLATED)


==========================================================================
detailed place max_slew_check_slack
--------------------------------------------------------------------------
-0.04147682338953018

==========================================================================
detailed place max_slew_check_limit
--------------------------------------------------------------------------
1.4944789409637451

==========================================================================
detailed place max_slew_check_slack_limit
--------------------------------------------------------------------------
-0.0278

==========================================================================
detailed place max_fanout_check_slack
--------------------------------------------------------------------------
0.0

==========================================================================
detailed place max_fanout_check_limit
--------------------------------------------------------------------------
20.0

==========================================================================
detailed place max_fanout_check_slack_limit
--------------------------------------------------------------------------
0.0000

==========================================================================
detailed place max_capacitance_check_slack
--------------------------------------------------------------------------
-0.0038738069124519825

==========================================================================
detailed place max_capacitance_check_limit
--------------------------------------------------------------------------
0.0860700011253357

==========================================================================
detailed place max_capacitance_check_slack_limit
--------------------------------------------------------------------------
-0.0450

==========================================================================
detailed place max_slew_violation_count
--------------------------------------------------------------------------
max slew violation count 17

==========================================================================
detailed place max_fanout_violation_count
--------------------------------------------------------------------------
max fanout violation count 0

==========================================================================
detailed place max_cap_violation_count
--------------------------------------------------------------------------
max cap violation count 1

==========================================================================
detailed place setup_violation_count
--------------------------------------------------------------------------
setup violation count 154

==========================================================================
detailed place hold_violation_count
--------------------------------------------------------------------------
hold violation count 4

==========================================================================
detailed place report_checks -path_delay max reg to reg
--------------------------------------------------------------------------
Startpoint: processor_0/ex_stage/mul_unit_ex/s1_a[0]$_SDFFE_PP0P_
            (rising edge-triggered flip-flop clocked by clk1)
Endpoint: processor_0/ex_stage/mul_unit_ex/product[60]$_SDFFE_PP0P_
          (rising edge-triggered flip-flop clocked by clk1)
Path Group: clk1
Path Type: max

  Delay    Time   Description
---------------------------------------------------------
   0.00    0.00   clock clk1 (rise edge)
   0.00    0.00   clock network delay (ideal)
   0.00    0.00 ^ processor_0/ex_stage/mul_unit_ex/s1_a[0]$_SDFFE_PP0P_/CLK (sky130_fd_sc_hd__dfxtp_1)
   0.38    0.38 v processor_0/ex_stage/mul_unit_ex/s1_a[0]$_SDFFE_PP0P_/Q (sky130_fd_sc_hd__dfxtp_1)
   0.09    0.47 ^ processor_0/ex_stage/mul_unit_ex/_06031_/Y (sky130_fd_sc_hd__inv_1)
   0.17    0.64 ^ processor_0/ex_stage/mul_unit_ex/_10987_/COUT (sky130_fd_sc_hd__ha_1)
   0.54    1.19 v processor_0/ex_stage/mul_unit_ex/_05591_/X (sky130_fd_sc_hd__or3b_2)
   0.41    1.60 v processor_0/ex_stage/mul_unit_ex/_05841_/X (sky130_fd_sc_hd__or3_1)
   0.42    2.01 v processor_0/ex_stage/mul_unit_ex/_05843_/X (sky130_fd_sc_hd__or3_1)
   0.16    2.17 ^ processor_0/ex_stage/mul_unit_ex/_05845_/Y (sky130_fd_sc_hd__nor3_1)
   0.18    2.35 ^ processor_0/ex_stage/mul_unit_ex/place30782/X (sky130_fd_sc_hd__buf_4)
   0.39    2.74 ^ processor_0/ex_stage/mul_unit_ex/_05846_/Y (sky130_fd_sc_hd__xnor2_1)
   0.22    2.96 ^ processor_0/ex_stage/mul_unit_ex/place30573/X (sky130_fd_sc_hd__buf_12)
   0.16    3.12 ^ processor_0/ex_stage/mul_unit_ex/place30572/X (sky130_fd_sc_hd__buf_12)
   0.18    3.31 ^ processor_0/ex_stage/mul_unit_ex/place30571/X (sky130_fd_sc_hd__buf_4)
   0.09    3.40 v processor_0/ex_stage/mul_unit_ex/_06635_/Y (sky130_fd_sc_hd__a221oi_1)
   0.39    3.78 ^ processor_0/ex_stage/mul_unit_ex/_06636_/Y (sky130_fd_sc_hd__a31oi_1)
   0.22    4.01 ^ processor_0/ex_stage/mul_unit_ex/place30219/X (sky130_fd_sc_hd__buf_4)
   0.43    4.44 v processor_0/ex_stage/mul_unit_ex/_10728_/SUM (sky130_fd_sc_hd__fa_1)
   0.53    4.97 v processor_0/ex_stage/mul_unit_ex/_10652_/COUT (sky130_fd_sc_hd__fa_1)
   0.57    5.54 v processor_0/ex_stage/mul_unit_ex/_10839_/COUT (sky130_fd_sc_hd__fa_1)
   0.50    6.05 v processor_0/ex_stage/mul_unit_ex/_10426_/COUT (sky130_fd_sc_hd__fa_1)
   0.52    6.57 v processor_0/ex_stage/mul_unit_ex/_10759_/COUT (sky130_fd_sc_hd__fa_1)
   0.65    7.22 ^ processor_0/ex_stage/mul_unit_ex/_10595_/SUM (sky130_fd_sc_hd__fa_1)
   0.28    7.49 v processor_0/ex_stage/mul_unit_ex/_11084_/SUM (sky130_fd_sc_hd__ha_1)
   0.18    7.67 v processor_0/ex_stage/mul_unit_ex/_09675_/X (sky130_fd_sc_hd__a21o_1)
   0.18    7.86 v processor_0/ex_stage/mul_unit_ex/_09836_/X (sky130_fd_sc_hd__a21o_1)
   0.21    8.07 v processor_0/ex_stage/mul_unit_ex/_09837_/X (sky130_fd_sc_hd__a21o_1)
   0.34    8.41 v processor_0/ex_stage/mul_unit_ex/_09838_/X (sky130_fd_sc_hd__a221o_1)
   0.27    8.68 ^ processor_0/ex_stage/mul_unit_ex/_09839_/Y (sky130_fd_sc_hd__a31oi_1)
   0.07    8.75 v processor_0/ex_stage/mul_unit_ex/_09840_/Y (sky130_fd_sc_hd__nor2_1)
   0.46    9.21 ^ processor_0/ex_stage/mul_unit_ex/_09841_/Y (sky130_fd_sc_hd__a311oi_1)
   0.15    9.36 v processor_0/ex_stage/mul_unit_ex/_09845_/Y (sky130_fd_sc_hd__o21bai_1)
   0.19    9.55 v processor_0/ex_stage/mul_unit_ex/place25663/X (sky130_fd_sc_hd__buf_4)
   0.19    9.74 ^ processor_0/ex_stage/mul_unit_ex/_09857_/Y (sky130_fd_sc_hd__a31oi_1)
   0.19    9.92 ^ processor_0/ex_stage/mul_unit_ex/place25603/X (sky130_fd_sc_hd__buf_4)
   0.10   10.02 v processor_0/ex_stage/mul_unit_ex/_09866_/Y (sky130_fd_sc_hd__o21ai_0)
   0.53   10.55 ^ processor_0/ex_stage/mul_unit_ex/_09867_/X (sky130_fd_sc_hd__xor2_1)
   0.22   10.77 ^ processor_0/ex_stage/mul_unit_ex/place25537/X (sky130_fd_sc_hd__buf_12)
   0.13   10.90 ^ processor_0/ex_stage/mul_unit_ex/_09868_/X (sky130_fd_sc_hd__a22o_1)
   0.00   10.90 ^ processor_0/ex_stage/mul_unit_ex/product[60]$_SDFFE_PP0P_/D (sky130_fd_sc_hd__dfxtp_1)
          10.90   data arrival time

  10.00   10.00   clock clk1 (rise edge)
   0.00   10.00   clock network delay (ideal)
  -0.25    9.75   clock uncertainty
   0.00    9.75   clock reconvergence pessimism
           9.75 ^ processor_0/ex_stage/mul_unit_ex/product[60]$_SDFFE_PP0P_/CLK (sky130_fd_sc_hd__dfxtp_1)
  -0.04    9.71   library setup time
           9.71   data required time
---------------------------------------------------------
           9.71   data required time
         -10.90   data arrival time
---------------------------------------------------------
          -1.19   slack (VIOLATED)


Startpoint: timer_0/fifo_timer_w/counter_2[2]$_SDFFE_PP0P_
            (rising edge-triggered flip-flop clocked by clk_s1)
Endpoint: timer_0/fifo_timer_r/mem[13][14]$_DFFE_PP_
          (rising edge-triggered flip-flop clocked by clk_s1)
Path Group: clk_s1
Path Type: max

  Delay    Time   Description
---------------------------------------------------------
   0.00    0.00   clock clk_s1 (rise edge)
   0.00    0.00   clock network delay (ideal)
   0.00    0.00 ^ timer_0/fifo_timer_w/counter_2[2]$_SDFFE_PP0P_/CLK (sky130_fd_sc_hd__dfxtp_1)
   0.67    0.67 ^ timer_0/fifo_timer_w/counter_2[2]$_SDFFE_PP0P_/Q (sky130_fd_sc_hd__dfxtp_1)
   0.35    1.02 v timer_0/fifo_timer_w/_888_/SUM (sky130_fd_sc_hd__ha_1)
   0.20    1.22 v timer_0/fifo_timer_w/_447_/X (sky130_fd_sc_hd__xor2_1)
   0.42    1.63 ^ timer_0/fifo_timer_w/_450_/Y (sky130_fd_sc_hd__nor4_4)
   0.23    1.86 ^ timer_0/fifo_timer_w/_872_/X (sky130_fd_sc_hd__and2_1)
   0.14    2.00 v timer_0/_337_/Y (sky130_fd_sc_hd__inv_1)
   0.62    2.62 ^ timer_0/fifo_timer_w/_453_/X (sky130_fd_sc_hd__a21bo_1)
   0.11    2.73 v timer_0/fifo_timer_w/_491_/Y (sky130_fd_sc_hd__nor3_2)
   0.59    3.32 ^ timer_0/timer_0/_0548_/Y (sky130_fd_sc_hd__nor4b_1)
   0.82    4.14 v timer_0/timer_0/_0550_/Y (sky130_fd_sc_hd__nand3b_1)
   0.49    4.63 v timer_0/timer_0/place29073/X (sky130_fd_sc_hd__buf_4)
   0.99    5.62 ^ timer_0/timer_0/_0634_/Y (sky130_fd_sc_hd__nor2_1)
   0.01    5.63 ^ timer_0/fifo_timer_r/mem[13][14]$_DFFE_PP_/D (sky130_fd_sc_hd__edfxtp_1)
           5.63   data arrival time

  25.00   25.00   clock clk_s1 (rise edge)
   0.00   25.00   clock network delay (ideal)
  -0.25   24.75   clock uncertainty
   0.00   24.75   clock reconvergence pessimism
          24.75 ^ timer_0/fifo_timer_r/mem[13][14]$_DFFE_PP_/CLK (sky130_fd_sc_hd__edfxtp_1)
  -0.37   24.38   library setup time
          24.38   data required time
---------------------------------------------------------
          24.38   data required time
          -5.63   data arrival time
---------------------------------------------------------
          18.75   slack (MET)


Startpoint: timer_clk_div/clk_div[0]$_SDFF_PP0_/Q
            (clock source 'timer_clk_div_clk_div2')
Endpoint: timer_clk_div/clk_div[1]$_SDFF_PP0_
          (rising edge-triggered flip-flop clocked by clk_s1_gate)
Path Group: clk_s1_gate
Path Type: max

  Delay    Time   Description
---------------------------------------------------------
  25.00   25.00   clock timer_clk_div_clk_div2 (fall edge)
   0.00   25.00 v timer_clk_div/clk_div[0]$_SDFF_PP0_/Q (sky130_fd_sc_hd__dfxtp_1)
   0.27   25.27 v timer_clk_div/_11_/SUM (sky130_fd_sc_hd__ha_1)
   0.12   25.39 v timer_clk_div/_06_/Y (sky130_fd_sc_hd__nor2b_1)
   0.00   25.39 v timer_clk_div/clk_div[1]$_SDFF_PP0_/D (sky130_fd_sc_hd__dfxtp_1)
          25.39   data arrival time

  50.00   50.00   clock clk_s1_gate (rise edge)
   0.00   50.00   clock network delay (ideal)
  -0.25   49.75   clock uncertainty
   0.00   49.75   clock reconvergence pessimism
          49.75 ^ timer_clk_div/clk_div[1]$_SDFF_PP0_/CLK (sky130_fd_sc_hd__dfxtp_1)
  -0.09   49.66   library setup time
          49.66   data required time
---------------------------------------------------------
          49.66   data required time
         -25.39   data arrival time
---------------------------------------------------------
          24.27   slack (MET)


Startpoint: gpio_0/fifo_timer_w/counter_2[2]$_SDFFE_PP0P_
            (rising edge-triggered flip-flop clocked by clk_s2)
Endpoint: gpio_0/fifo_timer_r/mem[10][0]$_DFFE_PP_
          (rising edge-triggered flip-flop clocked by clk_s2)
Path Group: clk_s2
Path Type: max

  Delay    Time   Description
---------------------------------------------------------
   0.00    0.00   clock clk_s2 (rise edge)
   0.00    0.00   clock network delay (ideal)
   0.00    0.00 ^ gpio_0/fifo_timer_w/counter_2[2]$_SDFFE_PP0P_/CLK (sky130_fd_sc_hd__dfxtp_1)
   1.10    1.10 ^ gpio_0/fifo_timer_w/counter_2[2]$_SDFFE_PP0P_/Q (sky130_fd_sc_hd__dfxtp_1)
   0.47    1.58 ^ gpio_0/fifo_timer_w/place31448/X (sky130_fd_sc_hd__buf_4)
   0.33    1.91 v gpio_0/fifo_timer_w/_887_/SUM (sky130_fd_sc_hd__ha_1)
   0.20    2.10 v gpio_0/fifo_timer_w/_448_/X (sky130_fd_sc_hd__xor2_1)
   0.37    2.47 ^ gpio_0/fifo_timer_w/_450_/Y (sky130_fd_sc_hd__nor4_4)
   0.64    3.11 ^ gpio_0/fifo_timer_w/_872_/X (sky130_fd_sc_hd__and2_1)
   0.49    3.61 v gpio_0/_335_/Y (sky130_fd_sc_hd__inv_1)
   0.83    4.44 ^ gpio_0/fifo_timer_w/_453_/X (sky130_fd_sc_hd__a21bo_1)
   0.40    4.84 ^ gpio_0/fifo_timer_w/place30144/X (sky130_fd_sc_hd__buf_4)
   0.46    5.30 ^ gpio_0/fifo_timer_w/place30143/X (sky130_fd_sc_hd__buf_4)
   0.26    5.56 v gpio_0/fifo_timer_w/_535_/Y (sky130_fd_sc_hd__nor3_2)
   0.48    6.04 ^ gpio_0/gpio_0/_2050_/Y (sky130_fd_sc_hd__nor4_2)
   0.82    6.87 v gpio_0/gpio_0/_2052_/Y (sky130_fd_sc_hd__nand3_1)
   0.55    7.41 v gpio_0/gpio_0/place29306/X (sky130_fd_sc_hd__buf_4)
   0.97    8.38 ^ gpio_0/gpio_0/_2382_/Y (sky130_fd_sc_hd__a31oi_1)
   0.00    8.39 ^ gpio_0/fifo_timer_r/mem[10][0]$_DFFE_PP_/D (sky130_fd_sc_hd__edfxtp_1)
           8.39   data arrival time

  20.00   20.00   clock clk_s2 (rise edge)
   0.00   20.00   clock network delay (ideal)
  -0.25   19.75   clock uncertainty
   0.00   19.75   clock reconvergence pessimism
          19.75 ^ gpio_0/fifo_timer_r/mem[10][0]$_DFFE_PP_/CLK (sky130_fd_sc_hd__edfxtp_1)
  -0.36   19.39   library setup time
          19.39   data required time
---------------------------------------------------------
          19.39   data required time
          -8.39   data arrival time
---------------------------------------------------------
          11.00   slack (MET)


Startpoint: gpio_clk_div/clk_div[0]$_SDFF_PP0_/Q
            (clock source 'gpio_clk_div_clk_div2')
Endpoint: gpio_clk_div/clk_div[1]$_SDFF_PP0_
          (rising edge-triggered flip-flop clocked by clk_s2_gate)
Path Group: clk_s2_gate
Path Type: max

  Delay    Time   Description
---------------------------------------------------------
  20.00   20.00   clock gpio_clk_div_clk_div2 (fall edge)
   0.00   20.00 v gpio_clk_div/clk_div[0]$_SDFF_PP0_/Q (sky130_fd_sc_hd__dfxtp_1)
   0.27   20.27 v gpio_clk_div/_11_/SUM (sky130_fd_sc_hd__ha_1)
   0.12   20.39 v gpio_clk_div/_06_/Y (sky130_fd_sc_hd__nor2b_1)
   0.00   20.39 v gpio_clk_div/clk_div[1]$_SDFF_PP0_/D (sky130_fd_sc_hd__dfxtp_1)
          20.39   data arrival time

  40.00   40.00   clock clk_s2_gate (rise edge)
   0.00   40.00   clock network delay (ideal)
  -0.25   39.75   clock uncertainty
   0.00   39.75   clock reconvergence pessimism
          39.75 ^ gpio_clk_div/clk_div[1]$_SDFF_PP0_/CLK (sky130_fd_sc_hd__dfxtp_1)
  -0.09   39.66   library setup time
          39.66   data required time
---------------------------------------------------------
          39.66   data required time
         -20.39   data arrival time
---------------------------------------------------------
          19.27   slack (MET)


Startpoint: processor_0/pipeline_ex_mem/alu_out_out[23]$_SDFFE_PP0N_
            (rising edge-triggered flip-flop clocked by clk1)
Endpoint: dma_config_0/dma_0/buffer_dma[6]$_SDFFE_PP0P_
          (rising edge-triggered flip-flop clocked by clk_s3)
Path Group: clk_s3
Path Type: max

  Delay    Time   Description
---------------------------------------------------------
   0.00    0.00   clock clk1 (rise edge)
   0.00    0.00   clock network delay (ideal)
   0.00    0.00 ^ processor_0/pipeline_ex_mem/alu_out_out[23]$_SDFFE_PP0N_/CLK (sky130_fd_sc_hd__dfxtp_1)
   0.35    0.35 v processor_0/pipeline_ex_mem/alu_out_out[23]$_SDFFE_PP0N_/Q (sky130_fd_sc_hd__dfxtp_1)
   0.42    0.77 ^ _1526_/Y (sky130_fd_sc_hd__nor4b_2)
   0.53    1.30 ^ _1542_/X (sky130_fd_sc_hd__and4_1)
   0.44    1.74 v _1546_/Y (sky130_fd_sc_hd__nand2_1)
   0.37    2.11 v place31898/X (sky130_fd_sc_hd__buf_4)
   0.19    2.30 v place31897/X (sky130_fd_sc_hd__buf_12)
   0.07    2.37 ^ _1724_/Y (sky130_fd_sc_hd__nand2_1)
   0.19    2.56 v _1725_/Y (sky130_fd_sc_hd__nand2_1)
   0.69    3.25 ^ interconnect_0/_0821_/Y (sky130_fd_sc_hd__nor4_1)
   0.25    3.50 v interconnect_0/_0822_/Y (sky130_fd_sc_hd__nor2_1)
   0.42    3.92 ^ interconnect_0/_0838_/Y (sky130_fd_sc_hd__nor3_1)
   0.34    4.26 ^ interconnect_0/_0871_/X (sky130_fd_sc_hd__o211a_1)
   0.20    4.46 v interconnect_0/_0872_/Y (sky130_fd_sc_hd__nor2_1)
   0.35    4.80 ^ interconnect_0/_0894_/Y (sky130_fd_sc_hd__nor4_2)
   0.23    5.03 ^ interconnect_0/_2483_/X (sky130_fd_sc_hd__a22o_1)
   0.22    5.26 ^ dot_0/_415_/X (sky130_fd_sc_hd__and4b_1)
   0.20    5.45 ^ dot_0/place29335/X (sky130_fd_sc_hd__buf_4)
   0.50    5.95 v dot_0/fifo_timer_r/_386_/X (sky130_fd_sc_hd__a21bo_2)
   0.75    6.70 ^ dot_0/fifo_timer_r/_596_/Y (sky130_fd_sc_hd__nor3_1)
   0.31    7.01 ^ dot_0/place28658/X (sky130_fd_sc_hd__buf_4)
   0.31    7.32 ^ dot_0/_195_/X (sky130_fd_sc_hd__and2_1)
   0.20    7.52 ^ place28000/X (sky130_fd_sc_hd__buf_12)
   0.15    7.66 ^ interconnect_0/place27999/X (sky130_fd_sc_hd__buf_4)
   0.07    7.74 v interconnect_0/_1393_/Y (sky130_fd_sc_hd__a22oi_1)
   0.20    7.94 ^ interconnect_0/_1394_/Y (sky130_fd_sc_hd__nand3_1)
   0.10    8.04 v dma_config_0/dma_0/_2062_/Y (sky130_fd_sc_hd__mux2i_1)
   0.09    8.13 ^ dma_config_0/dma_0/_2063_/Y (sky130_fd_sc_hd__nor2_1)
   0.00    8.13 ^ dma_config_0/dma_0/buffer_dma[6]$_SDFFE_PP0P_/D (sky130_fd_sc_hd__dfxtp_1)
           8.13   data arrival time

  10.00   10.00   clock clk_s3 (rise edge)
   0.00   10.00   clock network delay (ideal)
  -0.25    9.75   clock uncertainty
   0.00    9.75   clock reconvergence pessimism
           9.75 ^ dma_config_0/dma_0/buffer_dma[6]$_SDFFE_PP0P_/CLK (sky130_fd_sc_hd__dfxtp_1)
  -0.05    9.70   library setup time
           9.70   data required time
---------------------------------------------------------
           9.70   data required time
          -8.13   data arrival time
---------------------------------------------------------
           1.58   slack (MET)


Startpoint: uart_0/fifo_uart_w/counter_2[0]$_SDFFE_PP0P_
            (rising edge-triggered flip-flop clocked by clk_s4)
Endpoint: uart_0/fifo_uart_r/mem[13][17]$_DFFE_PP_
          (rising edge-triggered flip-flop clocked by clk_s4)
Path Group: clk_s4
Path Type: max

  Delay    Time   Description
---------------------------------------------------------
   0.00    0.00   clock clk_s4 (rise edge)
   0.00    0.00   clock network delay (ideal)
   0.00    0.00 ^ uart_0/fifo_uart_w/counter_2[0]$_SDFFE_PP0P_/CLK (sky130_fd_sc_hd__dfxtp_1)
   0.95    0.95 ^ uart_0/fifo_uart_w/counter_2[0]$_SDFFE_PP0P_/Q (sky130_fd_sc_hd__dfxtp_1)
   0.43    1.38 v uart_0/fifo_uart_w/_894_/SUM (sky130_fd_sc_hd__ha_1)
   0.21    1.59 v uart_0/fifo_uart_w/_449_/X (sky130_fd_sc_hd__xor2_1)
   0.31    1.90 ^ uart_0/fifo_uart_w/_450_/Y (sky130_fd_sc_hd__nor4_4)
   0.50    2.40 ^ uart_0/fifo_uart_w/_872_/X (sky130_fd_sc_hd__and2_1)
   0.34    2.74 v uart_0/_335_/Y (sky130_fd_sc_hd__inv_1)
   0.53    3.27 ^ uart_0/fifo_uart_w/_453_/X (sky130_fd_sc_hd__a21bo_1)
   0.09    3.37 v uart_0/fifo_uart_w/_479_/Y (sky130_fd_sc_hd__nor3_2)
   0.68    4.05 v uart_0/uart_0/_0682_/X (sky130_fd_sc_hd__or4_1)
   0.20    4.25 ^ uart_0/uart_0/_0683_/Y (sky130_fd_sc_hd__nor3_1)
   0.24    4.49 ^ uart_0/uart_0/place29072/X (sky130_fd_sc_hd__buf_4)
   0.62    5.11 ^ uart_0/uart_0/_0686_/X (sky130_fd_sc_hd__and3_1)
   0.37    5.48 ^ uart_0/uart_0/place28759/X (sky130_fd_sc_hd__buf_4)
   0.12    5.60 v uart_0/uart_0/_0751_/Y (sky130_fd_sc_hd__a22oi_1)
   1.15    6.75 ^ uart_0/uart_0/_0752_/Y (sky130_fd_sc_hd__nor2_1)
   0.01    6.76 ^ uart_0/fifo_uart_r/mem[13][17]$_DFFE_PP_/D (sky130_fd_sc_hd__edfxtp_1)
           6.76   data arrival time

  40.00   40.00   clock clk_s4 (rise edge)
   0.00   40.00   clock network delay (ideal)
  -0.25   39.75   clock uncertainty
   0.00   39.75   clock reconvergence pessimism
          39.75 ^ uart_0/fifo_uart_r/mem[13][17]$_DFFE_PP_/CLK (sky130_fd_sc_hd__edfxtp_1)
  -0.40   39.35   library setup time
          39.35   data required time
---------------------------------------------------------
          39.35   data required time
          -6.76   data arrival time
---------------------------------------------------------
          32.59   slack (MET)


Startpoint: uart_clk_div/clk_div[0]$_SDFF_PP0_/Q
            (clock source 'uart_clk_div_clk_div2')
Endpoint: uart_clk_div/clk_div[1]$_SDFF_PP0_
          (rising edge-triggered flip-flop clocked by clk_s4_gate)
Path Group: clk_s4_gate
Path Type: max

  Delay    Time   Description
---------------------------------------------------------
  40.00   40.00   clock uart_clk_div_clk_div2 (fall edge)
   0.00   40.00 v uart_clk_div/clk_div[0]$_SDFF_PP0_/Q (sky130_fd_sc_hd__dfxtp_1)
   0.27   40.27 v uart_clk_div/_11_/SUM (sky130_fd_sc_hd__ha_1)
   0.12   40.39 v uart_clk_div/_06_/Y (sky130_fd_sc_hd__nor2b_1)
   0.00   40.39 v uart_clk_div/clk_div[1]$_SDFF_PP0_/D (sky130_fd_sc_hd__dfxtp_1)
          40.39   data arrival time

  80.00   80.00   clock clk_s4_gate (rise edge)
   0.00   80.00   clock network delay (ideal)
  -0.25   79.75   clock uncertainty
   0.00   79.75   clock reconvergence pessimism
          79.75 ^ uart_clk_div/clk_div[1]$_SDFF_PP0_/CLK (sky130_fd_sc_hd__dfxtp_1)
  -0.08   79.67   library setup time
          79.67   data required time
---------------------------------------------------------
          79.67   data required time
         -40.39   data arrival time
---------------------------------------------------------
          39.28   slack (MET)


Startpoint: dot_0/fifo_timer_r/counter_1[1]$_SDFFE_PP0P_
            (rising edge-triggered flip-flop clocked by clk_s5)
Endpoint: dot_0/fifo_timer_r/mem[11][5]$_DFFE_PP_
          (rising edge-triggered flip-flop clocked by clk_s5)
Path Group: clk_s5
Path Type: max

  Delay    Time   Description
---------------------------------------------------------
   0.00    0.00   clock clk_s5 (rise edge)
   0.00    0.00   clock network delay (ideal)
   0.00    0.00 ^ dot_0/fifo_timer_r/counter_1[1]$_SDFFE_PP0P_/CLK (sky130_fd_sc_hd__dfxtp_1)
   0.35    0.35 v dot_0/fifo_timer_r/counter_1[1]$_SDFFE_PP0P_/Q (sky130_fd_sc_hd__dfxtp_1)
   0.14    0.49 v dot_0/fifo_timer_r/place31501/X (sky130_fd_sc_hd__buf_4)
   0.30    0.79 v dot_0/fifo_timer_r/_748_/SUM (sky130_fd_sc_hd__ha_1)
   0.19    0.99 ^ dot_0/fifo_timer_r/_652_/X (sky130_fd_sc_hd__xor2_1)
   0.15    1.13 ^ dot_0/fifo_timer_r/place30854/X (sky130_fd_sc_hd__buf_4)
   0.04    1.18 v dot_0/fifo_timer_r/_654_/Y (sky130_fd_sc_hd__nor4_4)
   0.28    1.45 v dot_0/fifo_timer_r/_730_/X (sky130_fd_sc_hd__and2_2)
   0.22    1.67 v dot_0/place30258/X (sky130_fd_sc_hd__buf_12)
   0.23    1.90 ^ dot_0/_416_/Y (sky130_fd_sc_hd__nor3_2)
   0.17    2.08 ^ dot_0/place30147/X (sky130_fd_sc_hd__buf_12)
   0.35    2.43 v dot_0/fifo_timer_w1/_386_/X (sky130_fd_sc_hd__a21bo_2)
   0.22    2.65 v dot_0/fifo_timer_w1/place29970/X (sky130_fd_sc_hd__buf_4)
   1.05    3.70 ^ dot_0/fifo_timer_w1/_596_/Y (sky130_fd_sc_hd__nor3_1)
   0.29    3.99 ^ dot_0/fp4_dot_0/fp4_1/place29735/X (sky130_fd_sc_hd__buf_4)
   0.04    4.03 v dot_0/fp4_dot_0/fp4_1/_57_/Y (sky130_fd_sc_hd__inv_1)
   0.19    4.23 v dot_0/fp4_dot_0/fp4_1/_76_/COUT (sky130_fd_sc_hd__ha_1)
   0.10    4.32 ^ dot_0/fp4_dot_0/fp4_1/_48_/Y (sky130_fd_sc_hd__nor2_1)
   0.18    4.51 ^ dot_0/fp4_dot_0/fp4_1/_83_/COUT (sky130_fd_sc_hd__ha_1)
   0.45    4.96 v dot_0/fp4_dot_0/fp4_1/_75_/SUM (sky130_fd_sc_hd__fa_1)
   0.09    5.05 ^ dot_0/fp4_dot_0/fp4_1/_46_/Y (sky130_fd_sc_hd__inv_1)
   0.16    5.21 ^ dot_0/fp4_dot_0/fp4_1/_78_/COUT (sky130_fd_sc_hd__ha_1)
   0.13    5.34 ^ dot_0/fp4_dot_0/fp4_1/_44_/Y (sky130_fd_sc_hd__xnor2_1)
   0.09    5.43 v dot_0/fp4_dot_0/fp4_1/_45_/Y (sky130_fd_sc_hd__nor2_1)
   0.36    5.79 v dot_0/fp4_dot_0/fp4_1/_79_/SUM (sky130_fd_sc_hd__ha_1)
   0.15    5.94 ^ dot_0/fp4_dot_0/fp4_1/_50_/Y (sky130_fd_sc_hd__a21oi_1)
   0.07    6.01 v dot_0/fp4_dot_0/fp4_1/_51_/Y (sky130_fd_sc_hd__nand2_1)
   0.37    6.38 v dot_0/fp4_dot_0/fp4_1/_56_/X (sky130_fd_sc_hd__xnor3_1)
   0.08    6.47 ^ dot_0/fp4_dot_0/add0/_0734_/Y (sky130_fd_sc_hd__inv_1)
   0.13    6.60 v dot_0/fp4_dot_0/add0/_0817_/Y (sky130_fd_sc_hd__a31oi_1)
   0.27    6.87 v dot_0/fp4_dot_0/add0/_1370_/COUT (sky130_fd_sc_hd__ha_1)
   0.40    7.28 v dot_0/fp4_dot_0/add0/_1357_/COUT (sky130_fd_sc_hd__fa_1)
   0.14    7.41 ^ dot_0/fp4_dot_0/add0/_0858_/Y (sky130_fd_sc_hd__nor2b_1)
   0.11    7.52 v dot_0/fp4_dot_0/add0/_0859_/Y (sky130_fd_sc_hd__o21ai_0)
   0.41    7.93 ^ dot_0/fp4_dot_0/add0/_0861_/Y (sky130_fd_sc_hd__a211oi_1)
   0.15    8.08 v dot_0/fp4_dot_0/add0/_0865_/Y (sky130_fd_sc_hd__nand2_1)
   0.24    8.32 v dot_0/fp4_dot_0/add0/_1381_/COUT (sky130_fd_sc_hd__ha_1)
   0.33    8.65 ^ dot_0/fp4_dot_0/add0/_1251_/Y (sky130_fd_sc_hd__nor3_1)
   0.13    8.78 v dot_0/fp4_dot_0/add0/_1253_/Y (sky130_fd_sc_hd__o31ai_1)
   0.34    9.12 ^ dot_0/fp4_dot_0/add0/_1254_/Y (sky130_fd_sc_hd__a2111oi_2)
   0.20    9.31 ^ dot_0/fp4_dot_0/add0/place25334/X (sky130_fd_sc_hd__buf_4)
   0.32    9.63 ^ dot_0/fp4_dot_0/add0/_1255_/Y (sky130_fd_sc_hd__mux2i_1)
   0.18    9.81 ^ dot_0/fp4_dot_0/add0/_1258_/Y (sky130_fd_sc_hd__nand2b_1)
   0.17    9.98 ^ dot_0/fp4_dot_0/add0/_1259_/X (sky130_fd_sc_hd__a221o_1)
   0.09   10.07 v dot_0/fp4_dot_0/add0/_1272_/Y (sky130_fd_sc_hd__a31oi_1)
   0.17   10.24 ^ dot_0/fp4_dot_0/add0/_1273_/Y (sky130_fd_sc_hd__a31oi_1)
   0.09   10.34 v dot_0/fp4_dot_0/add0/_1275_/Y (sky130_fd_sc_hd__o21ai_1)
   0.16   10.50 v dot_0/fp4_dot_0/add0/place25237/X (sky130_fd_sc_hd__buf_4)
   0.14   10.64 v dot_0/fp4_dot_0/add0/_1276_/Y (sky130_fd_sc_hd__xnor2_1)
   0.49   11.12 v dot_0/fp4_dot_0/add0/_1355_/COUT (sky130_fd_sc_hd__fa_1)
   0.53   11.65 v dot_0/fp4_dot_0/add0/_1354_/COUT (sky130_fd_sc_hd__fa_1)
   0.18   11.83 v dot_0/fp4_dot_0/add0/place25189/X (sky130_fd_sc_hd__buf_4)
   0.25   12.07 ^ dot_0/fp4_dot_0/add0/_0745_/Y (sky130_fd_sc_hd__a211oi_4)
   0.17   12.24 ^ dot_0/fp4_dot_0/add0/place25176/X (sky130_fd_sc_hd__buf_4)
   0.08   12.32 v dot_0/fp4_dot_0/add0/_0749_/Y (sky130_fd_sc_hd__o31ai_2)
   0.23   12.56 v dot_0/fp4_dot_0/add0/_0750_/Y (sky130_fd_sc_hd__xnor2_2)
   0.20   12.75 v dot_0/fp4_dot_0/add0/place25119/X (sky130_fd_sc_hd__buf_4)
   0.32   13.07 v dot_0/fp4_dot_0/add0/_0826_/X (sky130_fd_sc_hd__or3_1)
   0.19   13.27 ^ dot_0/fp4_dot_0/add0/_0844_/Y (sky130_fd_sc_hd__nor2_1)
   0.14   13.41 v dot_0/fp4_dot_0/add0/_0856_/Y (sky130_fd_sc_hd__nor2_1)
   0.26   13.66 v dot_0/fp4_dot_0/add0/_1371_/COUT (sky130_fd_sc_hd__ha_1)
   0.16   13.82 v dot_0/fp4_dot_0/add0/place24950/X (sky130_fd_sc_hd__buf_4)
   0.20   14.02 v dot_0/fp4_dot_0/add0/_0890_/X (sky130_fd_sc_hd__o21ba_2)
   0.20   14.22 v dot_0/fp4_dot_0/add0/_0891_/X (sky130_fd_sc_hd__o32a_1)
   0.29   14.51 v dot_0/fp4_dot_0/add0/_0892_/X (sky130_fd_sc_hd__a31o_1)
   0.24   14.75 v dot_0/fp4_dot_0/add0/_0918_/X (sky130_fd_sc_hd__a21o_1)
   0.16   14.91 v dot_0/fp4_dot_0/add0/place24791/X (sky130_fd_sc_hd__buf_4)
   0.35   15.25 v dot_0/fp4_dot_0/add0/_0950_/X (sky130_fd_sc_hd__a211o_2)
   0.20   15.45 ^ dot_0/fp4_dot_0/add0/_1106_/Y (sky130_fd_sc_hd__nand2_1)
   0.12   15.57 v dot_0/fp4_dot_0/add0/_1141_/Y (sky130_fd_sc_hd__nand2_1)
   0.23   15.80 v dot_0/fp4_dot_0/add0/_1142_/X (sky130_fd_sc_hd__o221a_1)
   0.53   16.33 ^ dot_0/fp4_dot_0/add0/_1144_/Y (sky130_fd_sc_hd__a31oi_1)
   0.10   16.42 v dot_0/fp4_dot_0/add0/_1334_/Y (sky130_fd_sc_hd__a21oi_1)
   0.23   16.65 ^ dot_0/fp4_dot_0/add0/_1344_/Y (sky130_fd_sc_hd__a32oi_1)
   0.16   16.82 ^ dot_0/fp4_dot_0/add0/place24624/X (sky130_fd_sc_hd__buf_4)
   0.15   16.97 ^ dot_0/fp4_dot_0/add0/_1402_/COUT (sky130_fd_sc_hd__ha_1)
   0.19   17.16 ^ dot_0/fp4_dot_0/add0/_1387_/COUT (sky130_fd_sc_hd__ha_1)
   0.08   17.24 v dot_0/fp4_dot_0/add0/_1038_/Y (sky130_fd_sc_hd__nand2_1)
   0.20   17.44 ^ dot_0/fp4_dot_0/add0/_1039_/Y (sky130_fd_sc_hd__nor2_1)
   0.20   17.64 ^ dot_0/fp4_dot_0/add0/_1055_/X (sky130_fd_sc_hd__a31o_4)
   0.08   17.72 v dot_0/fp4_dot_0/add0/_1058_/Y (sky130_fd_sc_hd__nand3_2)
   0.59   18.31 ^ dot_0/fp4_dot_0/add0/_1066_/Y (sky130_fd_sc_hd__a31oi_1)
   0.17   18.48 v dot_0/fp4_dot_0/add4/_0811_/Y (sky130_fd_sc_hd__nor2_1)
   0.30   18.78 ^ dot_0/fp4_dot_0/add4/_0812_/Y (sky130_fd_sc_hd__a21oi_1)
   0.17   18.95 ^ dot_0/fp4_dot_0/add4/place24522/X (sky130_fd_sc_hd__buf_4)
   0.04   19.00 v dot_0/fp4_dot_0/add4/_0813_/Y (sky130_fd_sc_hd__inv_1)
   0.25   19.25 v dot_0/fp4_dot_0/add4/_1370_/COUT (sky130_fd_sc_hd__ha_1)
   0.42   19.67 v dot_0/fp4_dot_0/add4/_1357_/COUT (sky130_fd_sc_hd__fa_1)
   0.12   19.79 ^ dot_0/fp4_dot_0/add4/_0858_/Y (sky130_fd_sc_hd__nor2b_1)
   0.11   19.90 v dot_0/fp4_dot_0/add4/_0859_/Y (sky130_fd_sc_hd__o21ai_0)
   0.32   20.22 ^ dot_0/fp4_dot_0/add4/_0861_/Y (sky130_fd_sc_hd__a211oi_1)
   0.19   20.41 ^ dot_0/fp4_dot_0/add4/place24411/X (sky130_fd_sc_hd__buf_4)
   0.07   20.48 v dot_0/fp4_dot_0/add4/_0865_/Y (sky130_fd_sc_hd__nand2_1)
   0.22   20.70 v dot_0/fp4_dot_0/add4/_1381_/COUT (sky130_fd_sc_hd__ha_1)
   0.34   21.04 ^ dot_0/fp4_dot_0/add4/_1251_/Y (sky130_fd_sc_hd__nor3_1)
   0.13   21.17 v dot_0/fp4_dot_0/add4/_1253_/Y (sky130_fd_sc_hd__o31ai_1)
   0.34   21.51 ^ dot_0/fp4_dot_0/add4/_1254_/Y (sky130_fd_sc_hd__a2111oi_2)
   0.19   21.71 ^ dot_0/fp4_dot_0/add4/place24317/X (sky130_fd_sc_hd__buf_4)
   0.09   21.79 v dot_0/fp4_dot_0/add4/_1255_/Y (sky130_fd_sc_hd__mux2i_1)
   0.15   21.94 v dot_0/fp4_dot_0/add4/place24312/X (sky130_fd_sc_hd__buf_4)
   0.15   22.09 v dot_0/fp4_dot_0/add4/_1258_/Y (sky130_fd_sc_hd__nand2b_1)
   0.30   22.40 v dot_0/fp4_dot_0/add4/_1259_/X (sky130_fd_sc_hd__a221o_1)
   0.20   22.59 ^ dot_0/fp4_dot_0/add4/_1272_/Y (sky130_fd_sc_hd__a31oi_1)
   0.06   22.66 v dot_0/fp4_dot_0/add4/_1273_/Y (sky130_fd_sc_hd__a31oi_1)
   0.22   22.88 ^ dot_0/fp4_dot_0/add4/_1275_/Y (sky130_fd_sc_hd__o21ai_1)
   0.15   23.03 ^ dot_0/fp4_dot_0/add4/place24266/X (sky130_fd_sc_hd__buf_4)
   0.07   23.10 v dot_0/fp4_dot_0/add4/_1276_/Y (sky130_fd_sc_hd__xnor2_1)
   0.48   23.58 v dot_0/fp4_dot_0/add4/_1355_/COUT (sky130_fd_sc_hd__fa_1)
   0.54   24.11 v dot_0/fp4_dot_0/add4/_1354_/COUT (sky130_fd_sc_hd__fa_1)
   0.23   24.34 v dot_0/fp4_dot_0/add4/_0785_/X (sky130_fd_sc_hd__a21o_1)
   0.46   24.80 ^ dot_0/fp4_dot_0/add4/_0790_/Y (sky130_fd_sc_hd__a2111oi_2)
   0.13   24.93 v dot_0/fp4_dot_0/add4/_0791_/Y (sky130_fd_sc_hd__a21oi_1)
   0.31   25.24 ^ dot_0/fp4_dot_0/add4/_0792_/Y (sky130_fd_sc_hd__a31oi_2)
   0.20   25.44 ^ dot_0/fp4_dot_0/add4/_0804_/X (sky130_fd_sc_hd__a31o_1)
   0.17   25.60 ^ dot_0/fp4_dot_0/add4/_0805_/X (sky130_fd_sc_hd__a21o_1)
   0.21   25.81 ^ dot_0/fp4_dot_0/add4/_1379_/COUT (sky130_fd_sc_hd__ha_1)
   0.07   25.88 v dot_0/fp4_dot_0/add4/_0869_/Y (sky130_fd_sc_hd__inv_1)
   0.50   26.37 v dot_0/fp4_dot_0/add4/_1356_/SUM (sky130_fd_sc_hd__fa_1)
   0.20   26.57 ^ dot_0/fp4_dot_0/add4/_0884_/Y (sky130_fd_sc_hd__nor2b_1)
   0.25   26.82 ^ dot_0/fp4_dot_0/add4/_0886_/X (sky130_fd_sc_hd__o2111a_1)
   0.26   27.08 ^ dot_0/fp4_dot_0/add4/_0892_/X (sky130_fd_sc_hd__a31o_1)
   0.09   27.17 v dot_0/fp4_dot_0/add4/_0893_/Y (sky130_fd_sc_hd__a21oi_2)
   0.16   27.33 v dot_0/fp4_dot_0/add4/place24047/X (sky130_fd_sc_hd__buf_4)
   0.28   27.61 ^ dot_0/fp4_dot_0/add4/_1004_/Y (sky130_fd_sc_hd__o22ai_1)
   0.18   27.79 ^ dot_0/fp4_dot_0/add4/place24020/X (sky130_fd_sc_hd__buf_4)
   0.23   28.02 v dot_0/fp4_dot_0/add4/_1119_/Y (sky130_fd_sc_hd__nand4_1)
   0.31   28.33 v dot_0/fp4_dot_0/add4/_1142_/X (sky130_fd_sc_hd__o221a_1)
   0.16   28.49 ^ dot_0/fp4_dot_0/add4/_1144_/Y (sky130_fd_sc_hd__a31oi_1)
   0.16   28.66 ^ dot_0/fp4_dot_0/add4/place23962/X (sky130_fd_sc_hd__buf_4)
   0.05   28.71 v dot_0/fp4_dot_0/add4/_1334_/Y (sky130_fd_sc_hd__a21oi_1)
   0.25   28.96 ^ dot_0/fp4_dot_0/add4/_1344_/Y (sky130_fd_sc_hd__a32oi_1)
   0.17   29.13 ^ dot_0/fp4_dot_0/add4/place23954/X (sky130_fd_sc_hd__buf_4)
   0.14   29.27 ^ dot_0/fp4_dot_0/add4/_1402_/COUT (sky130_fd_sc_hd__ha_1)
   0.21   29.48 ^ dot_0/fp4_dot_0/add4/_1387_/COUT (sky130_fd_sc_hd__ha_1)
   0.10   29.57 v dot_0/fp4_dot_0/add4/_1038_/Y (sky130_fd_sc_hd__nand2_1)
   0.17   29.74 ^ dot_0/fp4_dot_0/add4/_1039_/Y (sky130_fd_sc_hd__nor2_1)
   0.18   29.93 ^ dot_0/fp4_dot_0/add4/_1055_/X (sky130_fd_sc_hd__a31o_4)
   0.12   30.04 v dot_0/fp4_dot_0/add4/_1058_/Y (sky130_fd_sc_hd__nand3_2)
   0.65   30.69 ^ dot_0/fp4_dot_0/add4/_1066_/Y (sky130_fd_sc_hd__a31oi_2)
   0.22   30.91 ^ dot_0/fp4_dot_0/add6/place23943/X (sky130_fd_sc_hd__buf_12)
   0.07   30.98 v dot_0/fp4_dot_0/add6/_0811_/Y (sky130_fd_sc_hd__nor2_1)
   0.18   31.17 ^ dot_0/fp4_dot_0/add6/_0812_/Y (sky130_fd_sc_hd__a21oi_1)
   0.08   31.24 v dot_0/fp4_dot_0/add6/_0813_/Y (sky130_fd_sc_hd__inv_1)
   0.25   31.50 v dot_0/fp4_dot_0/add6/_1370_/COUT (sky130_fd_sc_hd__ha_1)
   0.43   31.93 v dot_0/fp4_dot_0/add6/_1357_/COUT (sky130_fd_sc_hd__fa_1)
   0.13   32.06 ^ dot_0/fp4_dot_0/add6/_0858_/Y (sky130_fd_sc_hd__nor2b_1)
   0.11   32.16 v dot_0/fp4_dot_0/add6/_0859_/Y (sky130_fd_sc_hd__o21ai_0)
   0.50   32.66 ^ dot_0/fp4_dot_0/add6/_0861_/Y (sky130_fd_sc_hd__a211oi_1)
   0.16   32.82 v dot_0/fp4_dot_0/add6/_0865_/Y (sky130_fd_sc_hd__nand2_1)
   0.25   33.07 v dot_0/fp4_dot_0/add6/_1381_/COUT (sky130_fd_sc_hd__ha_1)
   0.32   33.39 ^ dot_0/fp4_dot_0/add6/_1251_/Y (sky130_fd_sc_hd__nor3_1)
   0.14   33.53 v dot_0/fp4_dot_0/add6/_1253_/Y (sky130_fd_sc_hd__o31ai_1)
   0.35   33.87 ^ dot_0/fp4_dot_0/add6/_1254_/Y (sky130_fd_sc_hd__a2111oi_2)
   0.18   34.05 ^ dot_0/fp4_dot_0/add6/place23813/X (sky130_fd_sc_hd__buf_4)
   0.25   34.31 ^ dot_0/fp4_dot_0/add6/_1255_/Y (sky130_fd_sc_hd__mux2i_1)
   0.16   34.47 ^ dot_0/fp4_dot_0/add6/_1258_/Y (sky130_fd_sc_hd__nand2b_1)
   0.16   34.63 ^ dot_0/fp4_dot_0/add6/_1259_/X (sky130_fd_sc_hd__a221o_1)
   0.08   34.71 v dot_0/fp4_dot_0/add6/_1272_/Y (sky130_fd_sc_hd__a31oi_1)
   0.23   34.94 ^ dot_0/fp4_dot_0/add6/_1273_/Y (sky130_fd_sc_hd__a31oi_1)
   0.16   35.11 v dot_0/fp4_dot_0/add6/_1275_/Y (sky130_fd_sc_hd__o21ai_1)
   0.19   35.29 v dot_0/fp4_dot_0/add6/_1276_/Y (sky130_fd_sc_hd__xnor2_1)
   0.51   35.80 v dot_0/fp4_dot_0/add6/_1355_/COUT (sky130_fd_sc_hd__fa_1)
   0.49   36.29 v dot_0/fp4_dot_0/add6/_1354_/COUT (sky130_fd_sc_hd__fa_1)
   0.17   36.46 v dot_0/fp4_dot_0/add6/place23777/X (sky130_fd_sc_hd__buf_4)
   0.24   36.70 ^ dot_0/fp4_dot_0/add6/_0745_/Y (sky130_fd_sc_hd__a211oi_4)
   0.13   36.83 v dot_0/fp4_dot_0/add6/_0796_/Y (sky130_fd_sc_hd__nor3_2)
   0.40   37.22 v dot_0/fp4_dot_0/add6/_0801_/X (sky130_fd_sc_hd__or3_4)
   0.23   37.46 v dot_0/fp4_dot_0/add6/_0802_/X (sky130_fd_sc_hd__and2_1)
   0.20   37.66 v dot_0/fp4_dot_0/add6/_0804_/X (sky130_fd_sc_hd__a31o_1)
   0.23   37.89 v dot_0/fp4_dot_0/add6/_0805_/X (sky130_fd_sc_hd__a21o_1)
   0.24   38.12 v dot_0/fp4_dot_0/add6/_1379_/COUT (sky130_fd_sc_hd__ha_1)
   0.08   38.21 ^ dot_0/fp4_dot_0/add6/_0869_/Y (sky130_fd_sc_hd__inv_1)
   0.41   38.62 v dot_0/fp4_dot_0/add6/_1356_/SUM (sky130_fd_sc_hd__fa_1)
   0.17   38.78 ^ dot_0/fp4_dot_0/add6/_0884_/Y (sky130_fd_sc_hd__nor2b_1)
   0.23   39.02 ^ dot_0/fp4_dot_0/add6/_0886_/X (sky130_fd_sc_hd__o2111a_1)
   0.25   39.26 ^ dot_0/fp4_dot_0/add6/_0892_/X (sky130_fd_sc_hd__a31o_1)
   0.26   39.52 ^ dot_0/fp4_dot_0/add6/_0918_/X (sky130_fd_sc_hd__a21o_1)
   0.16   39.68 ^ dot_0/fp4_dot_0/add6/place23666/X (sky130_fd_sc_hd__buf_4)
   0.03   39.71 v dot_0/fp4_dot_0/add6/_1113_/Y (sky130_fd_sc_hd__a21oi_1)
   0.49   40.20 ^ dot_0/fp4_dot_0/add6/_1114_/Y (sky130_fd_sc_hd__o311ai_0)
   0.17   40.37 v dot_0/fp4_dot_0/add6/_1116_/Y (sky130_fd_sc_hd__o311ai_1)
   0.60   40.96 ^ dot_0/fp4_dot_0/add6/_1121_/Y (sky130_fd_sc_hd__a211oi_1)
   0.23   41.19 ^ dot_0/fp4_dot_0/add6/place23630/X (sky130_fd_sc_hd__buf_4)
   0.06   41.25 v dot_0/fp4_dot_0/add6/_1149_/Y (sky130_fd_sc_hd__nor3_1)
   0.25   41.50 v dot_0/fp4_dot_0/add6/_1387_/COUT (sky130_fd_sc_hd__ha_1)
   0.19   41.69 v dot_0/fp4_dot_0/add6/_0914_/X (sky130_fd_sc_hd__and4_1)
   0.24   41.93 ^ dot_0/fp4_dot_0/add6/_1056_/Y (sky130_fd_sc_hd__nor3b_1)
   0.21   42.14 v dot_0/fp4_dot_0/add6/_1057_/Y (sky130_fd_sc_hd__nand4_2)
   0.21   42.35 ^ dot_0/fp4_dot_0/add6/_1069_/Y (sky130_fd_sc_hd__nand4_4)
   0.44   42.79 v dot_0/fp4_dot_0/add6/_1085_/Y (sky130_fd_sc_hd__nand3_2)
   0.38   43.16 v dot_0/fifo_timer_r/place23619/X (sky130_fd_sc_hd__buf_12)
   0.02   43.19 v dot_0/fifo_timer_r/mem[11][5]$_DFFE_PP_/D (sky130_fd_sc_hd__edfxtp_1)
          43.19   data arrival time

  12.50   12.50   clock clk_s5 (rise edge)
   0.00   12.50   clock network delay (ideal)
  -0.25   12.25   clock uncertainty
   0.00   12.25   clock reconvergence pessimism
          12.25 ^ dot_0/fifo_timer_r/mem[11][5]$_DFFE_PP_/CLK (sky130_fd_sc_hd__edfxtp_1)
  -0.23   12.02   library setup time
          12.02   data required time
---------------------------------------------------------
          12.02   data required time
         -43.19   data arrival time
---------------------------------------------------------
         -31.17   slack (VIOLATED)


Startpoint: dot_clk_div/clk_div[0]$_SDFF_PP0_/Q
            (clock source 'dot_clk_div_clk_div2')
Endpoint: dot_clk_div/clk_div[1]$_SDFF_PP0_
          (rising edge-triggered flip-flop clocked by clk_s5_gate)
Path Group: clk_s5_gate
Path Type: max

  Delay    Time   Description
---------------------------------------------------------
  12.50   12.50   clock dot_clk_div_clk_div2 (fall edge)
   0.00   12.50 v dot_clk_div/clk_div[0]$_SDFF_PP0_/Q (sky130_fd_sc_hd__dfxtp_1)
   0.27   12.77 v dot_clk_div/_11_/SUM (sky130_fd_sc_hd__ha_1)
   0.12   12.89 v dot_clk_div/_06_/Y (sky130_fd_sc_hd__nor2b_1)
   0.00   12.89 v dot_clk_div/clk_div[1]$_SDFF_PP0_/D (sky130_fd_sc_hd__dfxtp_1)
          12.89   data arrival time

  25.00   25.00   clock clk_s5_gate (rise edge)
   0.00   25.00   clock network delay (ideal)
  -0.25   24.75   clock uncertainty
   0.00   24.75   clock reconvergence pessimism
          24.75 ^ dot_clk_div/clk_div[1]$_SDFF_PP0_/CLK (sky130_fd_sc_hd__dfxtp_1)
  -0.09   24.66   library setup time
          24.66   data required time
---------------------------------------------------------
          24.66   data required time
         -12.89   data arrival time
---------------------------------------------------------
          11.77   slack (MET)


Startpoint: processor_0/pipeline_ex_mem/alu_out_out[23]$_SDFFE_PP0N_
            (rising edge-triggered flip-flop clocked by clk1)
Endpoint: main_memory_0/mem[50][1]$_DFFE_PP_
          (rising edge-triggered flip-flop clocked by clk_s8)
Path Group: clk_s8
Path Type: max

  Delay    Time   Description
---------------------------------------------------------
   0.00    0.00   clock clk1 (rise edge)
   0.00    0.00   clock network delay (ideal)
   0.00    0.00 ^ processor_0/pipeline_ex_mem/alu_out_out[23]$_SDFFE_PP0N_/CLK (sky130_fd_sc_hd__dfxtp_1)
   0.35    0.35 v processor_0/pipeline_ex_mem/alu_out_out[23]$_SDFFE_PP0N_/Q (sky130_fd_sc_hd__dfxtp_1)
   0.42    0.77 ^ _1526_/Y (sky130_fd_sc_hd__nor4b_2)
   0.53    1.29 v _1530_/Y (sky130_fd_sc_hd__nand4_2)
   0.57    1.86 ^ _1535_/Y (sky130_fd_sc_hd__nor2_4)
   0.10    1.96 v _3198_/Y (sky130_fd_sc_hd__nand2_1)
   0.32    2.27 ^ _3200_/Y (sky130_fd_sc_hd__nand2_1)
   0.43    2.70 ^ interconnect_0/place31166/X (sky130_fd_sc_hd__buf_4)
   0.36    3.06 ^ interconnect_0/_0842_/Y (sky130_fd_sc_hd__nor2b_1)
   0.35    3.41 ^ interconnect_0/_0874_/X (sky130_fd_sc_hd__a22o_1)
   0.16    3.57 v interconnect_0/_0879_/Y (sky130_fd_sc_hd__a211oi_1)
   0.32    3.88 v interconnect_0/_0909_/X (sky130_fd_sc_hd__o21a_1)
   0.38    4.27 ^ interconnect_0/_0913_/Y (sky130_fd_sc_hd__nor3_1)
   0.67    4.94 ^ interconnect_0/_2502_/X (sky130_fd_sc_hd__a22o_1)
   0.16    5.09 v memory_axi_0/_1165_/Y (sky130_fd_sc_hd__a21oi_1)
   0.15    5.24 ^ memory_axi_0/_1166_/Y (sky130_fd_sc_hd__nor2_1)
   0.20    5.44 ^ _3139_/X (sky130_fd_sc_hd__and2_1)
   0.31    5.75 ^ main_memory_0/place29068/X (sky130_fd_sc_hd__buf_4)
   0.38    6.13 ^ main_memory_0/_4399_/Y (sky130_fd_sc_hd__nor2b_1)
   0.65    6.78 v main_memory_0/_4415_/Y (sky130_fd_sc_hd__nand2_1)
   0.81    7.59 ^ main_memory_0/_4425_/Y (sky130_fd_sc_hd__nor2_1)
   0.32    7.90 ^ main_memory_0/place27149/X (sky130_fd_sc_hd__buf_4)
   0.39    8.29 ^ main_memory_0/place27148/X (sky130_fd_sc_hd__buf_4)
   0.01    8.30 ^ main_memory_0/mem[50][1]$_DFFE_PP_/DE (sky130_fd_sc_hd__edfxtp_1)
           8.30   data arrival time

  10.00   10.00   clock clk_s8 (rise edge)
   0.00   10.00   clock network delay (ideal)
  -0.25    9.75   clock uncertainty
   0.00    9.75   clock reconvergence pessimism
           9.75 ^ main_memory_0/mem[50][1]$_DFFE_PP_/CLK (sky130_fd_sc_hd__edfxtp_1)
  -0.31    9.44   library setup time
           9.44   data required time
---------------------------------------------------------
           9.44   data required time
          -8.30   data arrival time
---------------------------------------------------------
           1.13   slack (MET)



==========================================================================
detailed place report_checks -path_delay min reg to reg
--------------------------------------------------------------------------
Startpoint: clkcfg_done$_SDFF_PP0_
            (rising edge-triggered flip-flop clocked by clk1)
Endpoint: clkcfg_done$_SDFF_PP0_
          (rising edge-triggered flip-flop clocked by clk1)
Path Group: clk1
Path Type: min

  Delay    Time   Description
---------------------------------------------------------
   0.00    0.00   clock clk1 (rise edge)
   0.00    0.00   clock network delay (ideal)
   0.00    0.00 ^ clkcfg_done$_SDFF_PP0_/CLK (sky130_fd_sc_hd__dfxtp_1)
   0.36    0.36 ^ clkcfg_done$_SDFF_PP0_/Q (sky130_fd_sc_hd__dfxtp_1)
   0.05    0.41 v _3159_/Y (sky130_fd_sc_hd__nor3_1)
   0.00    0.41 v clkcfg_done$_SDFF_PP0_/D (sky130_fd_sc_hd__dfxtp_1)
           0.41   data arrival time

   0.00    0.00   clock clk1 (rise edge)
   0.00    0.00   clock network delay (ideal)
   0.10    0.10   clock uncertainty
   0.00    0.10   clock reconvergence pessimism
           0.10 ^ clkcfg_done$_SDFF_PP0_/CLK (sky130_fd_sc_hd__dfxtp_1)
  -0.02    0.08   library hold time
           0.08   data required time
---------------------------------------------------------
           0.08   data required time
          -0.41   data arrival time
---------------------------------------------------------
           0.33   slack (MET)


Startpoint: timer_0/fifo_timer_w/synchronizers_1_clk_2[0]$_SDFF_PP0_
            (rising edge-triggered flip-flop clocked by clk_s1)
Endpoint: timer_0/fifo_timer_w/synchronizers_2_clk_2[0]$_SDFF_PP0_
          (rising edge-triggered flip-flop clocked by clk_s1)
Path Group: clk_s1
Path Type: min

  Delay    Time   Description
---------------------------------------------------------
   0.00    0.00   clock clk_s1 (rise edge)
   0.00    0.00   clock network delay (ideal)
   0.00    0.00 ^ timer_0/fifo_timer_w/synchronizers_1_clk_2[0]$_SDFF_PP0_/CLK (sky130_fd_sc_hd__dfxtp_1)
   0.33    0.33 ^ timer_0/fifo_timer_w/synchronizers_1_clk_2[0]$_SDFF_PP0_/Q (sky130_fd_sc_hd__dfxtp_1)
   0.10    0.43 ^ timer_0/fifo_timer_w/_806_/Y (sky130_fd_sc_hd__nor2b_1)
   0.00    0.43 ^ timer_0/fifo_timer_w/synchronizers_2_clk_2[0]$_SDFF_PP0_/D (sky130_fd_sc_hd__dfxtp_1)
           0.43   data arrival time

   0.00    0.00   clock clk_s1 (rise edge)
   0.00    0.00   clock network delay (ideal)
   0.10    0.10   clock uncertainty
   0.00    0.10   clock reconvergence pessimism
           0.10 ^ timer_0/fifo_timer_w/synchronizers_2_clk_2[0]$_SDFF_PP0_/CLK (sky130_fd_sc_hd__dfxtp_1)
  -0.02    0.08   library hold time
           0.08   data required time
---------------------------------------------------------
           0.08   data required time
          -0.43   data arrival time
---------------------------------------------------------
           0.35   slack (MET)


Startpoint: timer_clk_div/clk_div[0]$_SDFF_PP0_/Q
            (clock source 'timer_clk_div_clk_div2')
Endpoint: timer_clk_div/clk_div[0]$_SDFF_PP0_
          (rising edge-triggered flip-flop clocked by clk_s1_gate)
Path Group: clk_s1_gate
Path Type: min

  Delay    Time   Description
---------------------------------------------------------
   0.00    0.00   clock timer_clk_div_clk_div2 (rise edge)
   0.00    0.00 ^ timer_clk_div/clk_div[0]$_SDFF_PP0_/Q (sky130_fd_sc_hd__dfxtp_1)
   0.04    0.04 v timer_clk_div/_07_/Y (sky130_fd_sc_hd__nor2_1)
   0.00    0.04 v timer_clk_div/clk_div[0]$_SDFF_PP0_/D (sky130_fd_sc_hd__dfxtp_1)
           0.04   data arrival time

   0.00    0.00   clock clk_s1_gate (rise edge)
   0.00    0.00   clock network delay (ideal)
   0.10    0.10   clock uncertainty
   0.00    0.10   clock reconvergence pessimism
           0.10 ^ timer_clk_div/clk_div[0]$_SDFF_PP0_/CLK (sky130_fd_sc_hd__dfxtp_1)
  -0.02    0.08   library hold time
           0.08   data required time
---------------------------------------------------------
           0.08   data required time
          -0.04   data arrival time
---------------------------------------------------------
          -0.04   slack (VIOLATED)


Startpoint: gpio_0/gpio_0/int_clr_reg_gpio[11]$_SDFFE_PP0P_
            (rising edge-triggered flip-flop clocked by clk_s2)
Endpoint: gpio_0/gpio_0/int_status_reg_gpio[11]$_SDFF_PP0_
          (rising edge-triggered flip-flop clocked by clk_s2)
Path Group: clk_s2
Path Type: min

  Delay    Time   Description
---------------------------------------------------------
   0.00    0.00   clock clk_s2 (rise edge)
   0.00    0.00   clock network delay (ideal)
   0.00    0.00 ^ gpio_0/gpio_0/int_clr_reg_gpio[11]$_SDFFE_PP0P_/CLK (sky130_fd_sc_hd__dfxtp_1)
   0.38    0.38 ^ gpio_0/gpio_0/int_clr_reg_gpio[11]$_SDFFE_PP0P_/Q (sky130_fd_sc_hd__dfxtp_1)
   0.05    0.43 v gpio_0/gpio_0/_3137_/Y (sky130_fd_sc_hd__a211oi_1)
   0.00    0.43 v gpio_0/gpio_0/int_status_reg_gpio[11]$_SDFF_PP0_/D (sky130_fd_sc_hd__dfxtp_1)
           0.43   data arrival time

   0.00    0.00   clock clk_s2 (rise edge)
   0.00    0.00   clock network delay (ideal)
   0.10    0.10   clock uncertainty
   0.00    0.10   clock reconvergence pessimism
           0.10 ^ gpio_0/gpio_0/int_status_reg_gpio[11]$_SDFF_PP0_/CLK (sky130_fd_sc_hd__dfxtp_1)
  -0.03    0.07   library hold time
           0.07   data required time
---------------------------------------------------------
           0.07   data required time
          -0.43   data arrival time
---------------------------------------------------------
           0.35   slack (MET)


Startpoint: gpio_clk_div/clk_div[0]$_SDFF_PP0_/Q
            (clock source 'gpio_clk_div_clk_div2')
Endpoint: gpio_clk_div/clk_div[0]$_SDFF_PP0_
          (rising edge-triggered flip-flop clocked by clk_s2_gate)
Path Group: clk_s2_gate
Path Type: min

  Delay    Time   Description
---------------------------------------------------------
   0.00    0.00   clock gpio_clk_div_clk_div2 (rise edge)
   0.00    0.00 ^ gpio_clk_div/clk_div[0]$_SDFF_PP0_/Q (sky130_fd_sc_hd__dfxtp_1)
   0.04    0.04 v gpio_clk_div/_07_/Y (sky130_fd_sc_hd__nor2_1)
   0.00    0.04 v gpio_clk_div/clk_div[0]$_SDFF_PP0_/D (sky130_fd_sc_hd__dfxtp_1)
           0.04   data arrival time

   0.00    0.00   clock clk_s2_gate (rise edge)
   0.00    0.00   clock network delay (ideal)
   0.10    0.10   clock uncertainty
   0.00    0.10   clock reconvergence pessimism
           0.10 ^ gpio_clk_div/clk_div[0]$_SDFF_PP0_/CLK (sky130_fd_sc_hd__dfxtp_1)
  -0.02    0.08   library hold time
           0.08   data required time
---------------------------------------------------------
           0.08   data required time
          -0.04   data arrival time
---------------------------------------------------------
          -0.04   slack (VIOLATED)


Startpoint: dma_config_0/dma_0/control_dma[30]$_SDFFE_PP0P_
            (rising edge-triggered flip-flop clocked by clk_s3)
Endpoint: dma_config_0/dma_0/control_dma[30]$_SDFFE_PP0P_
          (rising edge-triggered flip-flop clocked by clk_s3)
Path Group: clk_s3
Path Type: min

  Delay    Time   Description
---------------------------------------------------------
   0.00    0.00   clock clk_s3 (rise edge)
   0.00    0.00   clock network delay (ideal)
   0.00    0.00 ^ dma_config_0/dma_0/control_dma[30]$_SDFFE_PP0P_/CLK (sky130_fd_sc_hd__dfxtp_1)
   0.34    0.34 v dma_config_0/dma_0/control_dma[30]$_SDFFE_PP0P_/Q (sky130_fd_sc_hd__dfxtp_1)
   0.05    0.39 ^ dma_config_0/dma_0/_2083_/Y (sky130_fd_sc_hd__nand2_1)
   0.05    0.44 v dma_config_0/dma_0/_2084_/Y (sky130_fd_sc_hd__a21oi_1)
   0.00    0.44 v dma_config_0/dma_0/control_dma[30]$_SDFFE_PP0P_/D (sky130_fd_sc_hd__dfxtp_1)
           0.44   data arrival time

   0.00    0.00   clock clk_s3 (rise edge)
   0.00    0.00   clock network delay (ideal)
   0.10    0.10   clock uncertainty
   0.00    0.10   clock reconvergence pessimism
           0.10 ^ dma_config_0/dma_0/control_dma[30]$_SDFFE_PP0P_/CLK (sky130_fd_sc_hd__dfxtp_1)
  -0.03    0.07   library hold time
           0.07   data required time
---------------------------------------------------------
           0.07   data required time
          -0.44   data arrival time
---------------------------------------------------------
           0.37   slack (MET)


Startpoint: uart_0/uart_0/rx_sync[0]$_SDFF_PP1_
            (rising edge-triggered flip-flop clocked by clk_s4)
Endpoint: uart_0/uart_0/rx_sync[1]$_SDFF_PP1_
          (rising edge-triggered flip-flop clocked by clk_s4)
Path Group: clk_s4
Path Type: min

  Delay    Time   Description
---------------------------------------------------------
   0.00    0.00   clock clk_s4 (rise edge)
   0.00    0.00   clock network delay (ideal)
   0.00    0.00 ^ uart_0/uart_0/rx_sync[0]$_SDFF_PP1_/CLK (sky130_fd_sc_hd__dfxtp_1)
   0.34    0.34 ^ uart_0/uart_0/rx_sync[0]$_SDFF_PP1_/Q (sky130_fd_sc_hd__dfxtp_1)
   0.09    0.43 ^ uart_0/uart_0/_1320_/X (sky130_fd_sc_hd__or2_2)
   0.00    0.43 ^ uart_0/uart_0/rx_sync[1]$_SDFF_PP1_/D (sky130_fd_sc_hd__dfxtp_1)
           0.43   data arrival time

   0.00    0.00   clock clk_s4 (rise edge)
   0.00    0.00   clock network delay (ideal)
   0.10    0.10   clock uncertainty
   0.00    0.10   clock reconvergence pessimism
           0.10 ^ uart_0/uart_0/rx_sync[1]$_SDFF_PP1_/CLK (sky130_fd_sc_hd__dfxtp_1)
  -0.01    0.09   library hold time
           0.09   data required time
---------------------------------------------------------
           0.09   data required time
          -0.43   data arrival time
---------------------------------------------------------
           0.34   slack (MET)


Startpoint: uart_clk_div/clk_div[0]$_SDFF_PP0_/Q
            (clock source 'uart_clk_div_clk_div2')
Endpoint: uart_clk_div/clk_div[0]$_SDFF_PP0_
          (rising edge-triggered flip-flop clocked by clk_s4_gate)
Path Group: clk_s4_gate
Path Type: min

  Delay    Time   Description
---------------------------------------------------------
   0.00    0.00   clock uart_clk_div_clk_div2 (rise edge)
   0.00    0.00 ^ uart_clk_div/clk_div[0]$_SDFF_PP0_/Q (sky130_fd_sc_hd__dfxtp_1)
   0.04    0.04 v uart_clk_div/_07_/Y (sky130_fd_sc_hd__nor2_1)
   0.00    0.04 v uart_clk_div/clk_div[0]$_SDFF_PP0_/D (sky130_fd_sc_hd__dfxtp_1)
           0.04   data arrival time

   0.00    0.00   clock clk_s4_gate (rise edge)
   0.00    0.00   clock network delay (ideal)
   0.10    0.10   clock uncertainty
   0.00    0.10   clock reconvergence pessimism
           0.10 ^ uart_clk_div/clk_div[0]$_SDFF_PP0_/CLK (sky130_fd_sc_hd__dfxtp_1)
  -0.02    0.08   library hold time
           0.08   data required time
---------------------------------------------------------
           0.08   data required time
          -0.04   data arrival time
---------------------------------------------------------
          -0.04   slack (VIOLATED)


Startpoint: dot_0/fifo_timer_w2/synchronizers_1_clk_2[1]$_SDFF_PP0_
            (rising edge-triggered flip-flop clocked by clk_s5)
Endpoint: dot_0/fifo_timer_w2/synchronizers_2_clk_2[1]$_SDFF_PP0_
          (rising edge-triggered flip-flop clocked by clk_s5)
Path Group: clk_s5
Path Type: min

  Delay    Time   Description
---------------------------------------------------------
   0.00    0.00   clock clk_s5 (rise edge)
   0.00    0.00   clock network delay (ideal)
   0.00    0.00 ^ dot_0/fifo_timer_w2/synchronizers_1_clk_2[1]$_SDFF_PP0_/CLK (sky130_fd_sc_hd__dfxtp_1)
   0.32    0.32 v dot_0/fifo_timer_w2/synchronizers_1_clk_2[1]$_SDFF_PP0_/Q (sky130_fd_sc_hd__dfxtp_1)
   0.11    0.43 v dot_0/fifo_timer_w2/_675_/Y (sky130_fd_sc_hd__nor2b_1)
   0.00    0.43 v dot_0/fifo_timer_w2/synchronizers_2_clk_2[1]$_SDFF_PP0_/D (sky130_fd_sc_hd__dfxtp_1)
           0.43   data arrival time

   0.00    0.00   clock clk_s5 (rise edge)
   0.00    0.00   clock network delay (ideal)
   0.10    0.10   clock uncertainty
   0.00    0.10   clock reconvergence pessimism
           0.10 ^ dot_0/fifo_timer_w2/synchronizers_2_clk_2[1]$_SDFF_PP0_/CLK (sky130_fd_sc_hd__dfxtp_1)
  -0.02    0.08   library hold time
           0.08   data required time
---------------------------------------------------------
           0.08   data required time
          -0.43   data arrival time
---------------------------------------------------------
           0.36   slack (MET)


Startpoint: dot_clk_div/clk_div[0]$_SDFF_PP0_/Q
            (clock source 'dot_clk_div_clk_div2')
Endpoint: dot_clk_div/clk_div[0]$_SDFF_PP0_
          (rising edge-triggered flip-flop clocked by clk_s5_gate)
Path Group: clk_s5_gate
Path Type: min

  Delay    Time   Description
---------------------------------------------------------
   0.00    0.00   clock dot_clk_div_clk_div2 (rise edge)
   0.00    0.00 ^ dot_clk_div/clk_div[0]$_SDFF_PP0_/Q (sky130_fd_sc_hd__dfxtp_1)
   0.04    0.04 v dot_clk_div/_07_/Y (sky130_fd_sc_hd__nor2_1)
   0.00    0.04 v dot_clk_div/clk_div[0]$_SDFF_PP0_/D (sky130_fd_sc_hd__dfxtp_1)
           0.04   data arrival time

   0.00    0.00   clock clk_s5_gate (rise edge)
   0.00    0.00   clock network delay (ideal)
   0.10    0.10   clock uncertainty
   0.00    0.10   clock reconvergence pessimism
           0.10 ^ dot_clk_div/clk_div[0]$_SDFF_PP0_/CLK (sky130_fd_sc_hd__dfxtp_1)
  -0.02    0.08   library hold time
           0.08   data required time
---------------------------------------------------------
           0.08   data required time
          -0.04   data arrival time
---------------------------------------------------------
          -0.04   slack (VIOLATED)


Startpoint: memory_axi_0/count_len[7]$_SDFF_PP0_
            (rising edge-triggered flip-flop clocked by clk_s8)
Endpoint: memory_axi_0/count_len[7]$_SDFF_PP0_
          (rising edge-triggered flip-flop clocked by clk_s8)
Path Group: clk_s8
Path Type: min

  Delay    Time   Description
---------------------------------------------------------
   0.00    0.00   clock clk_s8 (rise edge)
   0.00    0.00   clock network delay (ideal)
   0.00    0.00 ^ memory_axi_0/count_len[7]$_SDFF_PP0_/CLK (sky130_fd_sc_hd__dfxtp_1)
   0.41    0.41 ^ memory_axi_0/count_len[7]$_SDFF_PP0_/Q (sky130_fd_sc_hd__dfxtp_1)
   0.08    0.49 v memory_axi_0/_1158_/Y (sky130_fd_sc_hd__a21oi_1)
   0.00    0.49 v memory_axi_0/count_len[7]$_SDFF_PP0_/D (sky130_fd_sc_hd__dfxtp_1)
           0.49   data arrival time

   0.00    0.00   clock clk_s8 (rise edge)
   0.00    0.00   clock network delay (ideal)
   0.10    0.10   clock uncertainty
   0.00    0.10   clock reconvergence pessimism
           0.10 ^ memory_axi_0/count_len[7]$_SDFF_PP0_/CLK (sky130_fd_sc_hd__dfxtp_1)
  -0.03    0.07   library hold time
           0.07   data required time
---------------------------------------------------------
           0.07   data required time
          -0.49   data arrival time
---------------------------------------------------------
           0.41   slack (MET)



==========================================================================
detailed place critical path target clock latency max path
--------------------------------------------------------------------------
0

==========================================================================
detailed place critical path target clock latency min path
--------------------------------------------------------------------------
0

==========================================================================
detailed place critical path source clock latency min path
--------------------------------------------------------------------------
0

==========================================================================
detailed place critical path delay
--------------------------------------------------------------------------
43.1865

==========================================================================
detailed place critical path slack
--------------------------------------------------------------------------
-31.1714

==========================================================================
detailed place slack div critical path delay
--------------------------------------------------------------------------
-72.178574

==========================================================================
detailed place report_power
--------------------------------------------------------------------------
Group                  Internal  Switching    Leakage      Total
                          Power      Power      Power      Power (Watts)
----------------------------------------------------------------
Sequential             1.45e-01   6.40e-04   2.92e-07   1.45e-01  96.1%
Combinational          9.31e-04   2.54e-03   2.16e-07   3.48e-03   2.3%
Clock                  3.60e-05   2.38e-03   1.97e-10   2.42e-03   1.6%
Macro                  0.00e+00   0.00e+00   0.00e+00   0.00e+00   0.0%
Pad                    0.00e+00   0.00e+00   0.00e+00   0.00e+00   0.0%
----------------------------------------------------------------
Total                  1.46e-01   5.57e-03   5.09e-07   1.51e-01 100.0%
                          96.3%       3.7%       0.0%
