
==========================================================================
resizer report_tns
--------------------------------------------------------------------------
tns max -3926.62

==========================================================================
resizer report_wns
--------------------------------------------------------------------------
wns max -31.92

==========================================================================
resizer report_worst_slack
--------------------------------------------------------------------------
worst slack max -31.92

==========================================================================
resizer report_clock_min_period
--------------------------------------------------------------------------
clk1 period_min = 11.27 fmax = 88.70
clk2 period_min = 0.00 fmax = inf
clk3 period_min = 0.00 fmax = inf
clk4 period_min = 0.00 fmax = inf
clk5 period_min = 0.00 fmax = inf
clk_s1 period_min = 6.23 fmax = 160.45
clk_s1_gate period_min = 0.00 fmax = inf
clk_s2 period_min = 8.92 fmax = 112.06
clk_s2_gate period_min = 0.00 fmax = inf
clk_s3 period_min = 7.02 fmax = 142.44
clk_s4 period_min = 7.30 fmax = 136.92
clk_s4_gate period_min = 0.00 fmax = inf
clk_s5 period_min = 44.42 fmax = 22.51
clk_s5_gate period_min = 0.00 fmax = inf
clk_s8 period_min = 6.32 fmax = 158.15
dot_clk_div_clk_div2 period_min = 0.00 fmax = inf
dot_clk_div_clk_div4 period_min = 0.00 fmax = inf
dot_clk_div_clk_div8 period_min = 0.00 fmax = inf
gpio_clk_div_clk_div2 period_min = 0.00 fmax = inf
gpio_clk_div_clk_div4 period_min = 0.00 fmax = inf
gpio_clk_div_clk_div8 period_min = 0.00 fmax = inf
timer_clk_div_clk_div2 period_min = 0.00 fmax = inf
timer_clk_div_clk_div4 period_min = 0.00 fmax = inf
timer_clk_div_clk_div8 period_min = 0.00 fmax = inf
uart_clk_div_clk_div2 period_min = 0.00 fmax = inf
uart_clk_div_clk_div4 period_min = 0.00 fmax = inf
uart_clk_div_clk_div8 period_min = 0.00 fmax = inf

==========================================================================
resizer report_checks -path_delay min
--------------------------------------------------------------------------
Startpoint: clkcfg_done$_SDFF_PP0_
            (rising edge-triggered flip-flop clocked by clk1)
Endpoint: clkcfg_done$_SDFF_PP0_
          (rising edge-triggered flip-flop clocked by clk1)
Path Group: clk1
Path Type: min

Fanout     Cap    Slew   Delay    Time   Description
-----------------------------------------------------------------------------
                  0.15    0.00    0.00   clock clk1 (rise edge)
                          0.00    0.00   clock network delay (ideal)
                  0.15    0.00    0.00 ^ clkcfg_done$_SDFF_PP0_/CLK (sky130_fd_sc_hd__dfxtp_1)
     2    0.01    0.07    0.36    0.36 ^ clkcfg_done$_SDFF_PP0_/Q (sky130_fd_sc_hd__dfxtp_1)
                                         clkcfg_done (net)
                  0.07    0.00    0.36 ^ _3159_/B (sky130_fd_sc_hd__nor3_1)
     1    0.00    0.03    0.05    0.41 v _3159_/Y (sky130_fd_sc_hd__nor3_1)
                                         _0103_ (net)
                  0.03    0.00    0.41 v clkcfg_done$_SDFF_PP0_/D (sky130_fd_sc_hd__dfxtp_1)
                                  0.41   data arrival time

                  0.15    0.00    0.00   clock clk1 (rise edge)
                          0.00    0.00   clock network delay (ideal)
                          0.10    0.10   clock uncertainty
                          0.00    0.10   clock reconvergence pessimism
                                  0.10 ^ clkcfg_done$_SDFF_PP0_/CLK (sky130_fd_sc_hd__dfxtp_1)
                         -0.02    0.08   library hold time
                                  0.08   data required time
-----------------------------------------------------------------------------
                                  0.08   data required time
                                 -0.41   data arrival time
-----------------------------------------------------------------------------
                                  0.33   slack (MET)


Startpoint: timer_0/fifo_timer_w/synchronizers_1_clk_2[1]$_SDFF_PP0_
            (rising edge-triggered flip-flop clocked by clk_s1)
Endpoint: timer_0/fifo_timer_w/synchronizers_2_clk_2[1]$_SDFF_PP0_
          (rising edge-triggered flip-flop clocked by clk_s1)
Path Group: clk_s1
Path Type: min

Fanout     Cap    Slew   Delay    Time   Description
-----------------------------------------------------------------------------
                  0.15    0.00    0.00   clock clk_s1 (rise edge)
                          0.00    0.00   clock network delay (ideal)
                  0.15    0.00    0.00 ^ timer_0/fifo_timer_w/synchronizers_1_clk_2[1]$_SDFF_PP0_/CLK (sky130_fd_sc_hd__dfxtp_1)
     1    0.00    0.03    0.33    0.33 ^ timer_0/fifo_timer_w/synchronizers_1_clk_2[1]$_SDFF_PP0_/Q (sky130_fd_sc_hd__dfxtp_1)
                                         timer_0/fifo_timer_w/synchronizers_1_clk_2[1] (net)
                  0.03    0.00    0.33 ^ timer_0/fifo_timer_w/_805_/B_N (sky130_fd_sc_hd__nor2b_1)
     1    0.00    0.07    0.10    0.43 ^ timer_0/fifo_timer_w/_805_/Y (sky130_fd_sc_hd__nor2b_1)
                                         timer_0/fifo_timer_w/_022_ (net)
                  0.07    0.00    0.43 ^ timer_0/fifo_timer_w/synchronizers_2_clk_2[1]$_SDFF_PP0_/D (sky130_fd_sc_hd__dfxtp_1)
                                  0.43   data arrival time

                  0.15    0.00    0.00   clock clk_s1 (rise edge)
                          0.00    0.00   clock network delay (ideal)
                          0.10    0.10   clock uncertainty
                          0.00    0.10   clock reconvergence pessimism
                                  0.10 ^ timer_0/fifo_timer_w/synchronizers_2_clk_2[1]$_SDFF_PP0_/CLK (sky130_fd_sc_hd__dfxtp_1)
                         -0.02    0.08   library hold time
                                  0.08   data required time
-----------------------------------------------------------------------------
                                  0.08   data required time
                                 -0.43   data arrival time
-----------------------------------------------------------------------------
                                  0.35   slack (MET)


Startpoint: timer_clk_div/clk_div[0]$_SDFF_PP0_/Q
            (clock source 'timer_clk_div_clk_div2')
Endpoint: timer_clk_div/clk_div[0]$_SDFF_PP0_
          (rising edge-triggered flip-flop clocked by clk_s1_gate)
Path Group: clk_s1_gate
Path Type: min

Fanout     Cap    Slew   Delay    Time   Description
-----------------------------------------------------------------------------
                  0.15    0.00    0.00   clock timer_clk_div_clk_div2 (rise edge)
     3    0.01    0.08    0.00    0.00 ^ timer_clk_div/clk_div[0]$_SDFF_PP0_/Q (sky130_fd_sc_hd__dfxtp_1)
                                         timer_clk_div/clk_div2 (net)
                  0.08    0.00    0.00 ^ timer_clk_div/_07_/B (sky130_fd_sc_hd__nor2_1)
     1    0.00    0.03    0.04    0.04 v timer_clk_div/_07_/Y (sky130_fd_sc_hd__nor2_1)
                                         timer_clk_div/_03_ (net)
                  0.03    0.00    0.04 v timer_clk_div/clk_div[0]$_SDFF_PP0_/D (sky130_fd_sc_hd__dfxtp_1)
                                  0.04   data arrival time

                  0.15    0.00    0.00   clock clk_s1_gate (rise edge)
                          0.00    0.00   clock network delay (ideal)
                          0.10    0.10   clock uncertainty
                          0.00    0.10   clock reconvergence pessimism
                                  0.10 ^ timer_clk_div/clk_div[0]$_SDFF_PP0_/CLK (sky130_fd_sc_hd__dfxtp_1)
                         -0.02    0.08   library hold time
                                  0.08   data required time
-----------------------------------------------------------------------------
                                  0.08   data required time
                                 -0.04   data arrival time
-----------------------------------------------------------------------------
                                 -0.04   slack (VIOLATED)


Startpoint: gpio_0/gpio_0/int_clr_reg_gpio[14]$_SDFFE_PP0P_
            (rising edge-triggered flip-flop clocked by clk_s2)
Endpoint: gpio_0/gpio_0/int_status_reg_gpio[14]$_SDFF_PP0_
          (rising edge-triggered flip-flop clocked by clk_s2)
Path Group: clk_s2
Path Type: min

Fanout     Cap    Slew   Delay    Time   Description
-----------------------------------------------------------------------------
                  0.15    0.00    0.00   clock clk_s2 (rise edge)
                          0.00    0.00   clock network delay (ideal)
                  0.15    0.00    0.00 ^ gpio_0/gpio_0/int_clr_reg_gpio[14]$_SDFFE_PP0P_/CLK (sky130_fd_sc_hd__dfxtp_1)
     3    0.01    0.08    0.37    0.37 ^ gpio_0/gpio_0/int_clr_reg_gpio[14]$_SDFFE_PP0P_/Q (sky130_fd_sc_hd__dfxtp_1)
                                         gpio_0/gpio_0/int_clr_reg_gpio[14] (net)
                  0.08    0.00    0.37 ^ gpio_0/gpio_0/_3113_/C1 (sky130_fd_sc_hd__a211oi_1)
     1    0.00    0.03    0.05    0.42 v gpio_0/gpio_0/_3113_/Y (sky130_fd_sc_hd__a211oi_1)
                                         gpio_0/gpio_0/_0373_ (net)
                  0.03    0.00    0.42 v gpio_0/gpio_0/int_status_reg_gpio[14]$_SDFF_PP0_/D (sky130_fd_sc_hd__dfxtp_1)
                                  0.42   data arrival time

                  0.15    0.00    0.00   clock clk_s2 (rise edge)
                          0.00    0.00   clock network delay (ideal)
                          0.10    0.10   clock uncertainty
                          0.00    0.10   clock reconvergence pessimism
                                  0.10 ^ gpio_0/gpio_0/int_status_reg_gpio[14]$_SDFF_PP0_/CLK (sky130_fd_sc_hd__dfxtp_1)
                         -0.03    0.07   library hold time
                                  0.07   data required time
-----------------------------------------------------------------------------
                                  0.07   data required time
                                 -0.42   data arrival time
-----------------------------------------------------------------------------
                                  0.34   slack (MET)


Startpoint: gpio_clk_div/clk_div[0]$_SDFF_PP0_/Q
            (clock source 'gpio_clk_div_clk_div2')
Endpoint: gpio_clk_div/clk_div[0]$_SDFF_PP0_
          (rising edge-triggered flip-flop clocked by clk_s2_gate)
Path Group: clk_s2_gate
Path Type: min

Fanout     Cap    Slew   Delay    Time   Description
-----------------------------------------------------------------------------
                  0.15    0.00    0.00   clock gpio_clk_div_clk_div2 (rise edge)
     3    0.01    0.08    0.00    0.00 ^ gpio_clk_div/clk_div[0]$_SDFF_PP0_/Q (sky130_fd_sc_hd__dfxtp_1)
                                         gpio_clk_div/clk_div2 (net)
                  0.08    0.00    0.00 ^ gpio_clk_div/_07_/B (sky130_fd_sc_hd__nor2_1)
     1    0.00    0.03    0.04    0.04 v gpio_clk_div/_07_/Y (sky130_fd_sc_hd__nor2_1)
                                         gpio_clk_div/_03_ (net)
                  0.03    0.00    0.04 v gpio_clk_div/clk_div[0]$_SDFF_PP0_/D (sky130_fd_sc_hd__dfxtp_1)
                                  0.04   data arrival time

                  0.15    0.00    0.00   clock clk_s2_gate (rise edge)
                          0.00    0.00   clock network delay (ideal)
                          0.10    0.10   clock uncertainty
                          0.00    0.10   clock reconvergence pessimism
                                  0.10 ^ gpio_clk_div/clk_div[0]$_SDFF_PP0_/CLK (sky130_fd_sc_hd__dfxtp_1)
                         -0.02    0.08   library hold time
                                  0.08   data required time
-----------------------------------------------------------------------------
                                  0.08   data required time
                                 -0.04   data arrival time
-----------------------------------------------------------------------------
                                 -0.04   slack (VIOLATED)


Startpoint: dma_config_0/dma_0/control_dma[20]$_SDFFE_PP0P_
            (rising edge-triggered flip-flop clocked by clk_s3)
Endpoint: dma_config_0/dma_0/control_dma[20]$_SDFFE_PP0P_
          (rising edge-triggered flip-flop clocked by clk_s3)
Path Group: clk_s3
Path Type: min

Fanout     Cap    Slew   Delay    Time   Description
-----------------------------------------------------------------------------
                  0.15    0.00    0.00   clock clk_s3 (rise edge)
                          0.00    0.00   clock network delay (ideal)
                  0.15    0.00    0.00 ^ dma_config_0/dma_0/control_dma[20]$_SDFFE_PP0P_/CLK (sky130_fd_sc_hd__dfxtp_1)
     2    0.01    0.04    0.34    0.34 v dma_config_0/dma_0/control_dma[20]$_SDFFE_PP0P_/Q (sky130_fd_sc_hd__dfxtp_1)
                                         dma_config_0/dma_0/control_dma[20] (net)
                  0.04    0.00    0.34 v dma_config_0/dma_0/_2116_/A (sky130_fd_sc_hd__nand2_1)
     1    0.00    0.04    0.05    0.39 ^ dma_config_0/dma_0/_2116_/Y (sky130_fd_sc_hd__nand2_1)
                                         dma_config_0/dma_0/_0542_ (net)
                  0.04    0.00    0.39 ^ dma_config_0/dma_0/_2118_/A2 (sky130_fd_sc_hd__a21oi_1)
     1    0.00    0.03    0.05    0.44 v dma_config_0/dma_0/_2118_/Y (sky130_fd_sc_hd__a21oi_1)
                                         dma_config_0/dma_0/_0088_ (net)
                  0.03    0.00    0.44 v dma_config_0/dma_0/control_dma[20]$_SDFFE_PP0P_/D (sky130_fd_sc_hd__dfxtp_1)
                                  0.44   data arrival time

                  0.15    0.00    0.00   clock clk_s3 (rise edge)
                          0.00    0.00   clock network delay (ideal)
                          0.10    0.10   clock uncertainty
                          0.00    0.10   clock reconvergence pessimism
                                  0.10 ^ dma_config_0/dma_0/control_dma[20]$_SDFFE_PP0P_/CLK (sky130_fd_sc_hd__dfxtp_1)
                         -0.02    0.08   library hold time
                                  0.08   data required time
-----------------------------------------------------------------------------
                                  0.08   data required time
                                 -0.44   data arrival time
-----------------------------------------------------------------------------
                                  0.36   slack (MET)


Startpoint: uart_0/uart_0/rx_sync[0]$_SDFF_PP1_
            (rising edge-triggered flip-flop clocked by clk_s4)
Endpoint: uart_0/uart_0/rx_sync[1]$_SDFF_PP1_
          (rising edge-triggered flip-flop clocked by clk_s4)
Path Group: clk_s4
Path Type: min

Fanout     Cap    Slew   Delay    Time   Description
-----------------------------------------------------------------------------
                  0.15    0.00    0.00   clock clk_s4 (rise edge)
                          0.00    0.00   clock network delay (ideal)
                  0.15    0.00    0.00 ^ uart_0/uart_0/rx_sync[0]$_SDFF_PP1_/CLK (sky130_fd_sc_hd__dfxtp_1)
     1    0.00    0.03    0.33    0.33 ^ uart_0/uart_0/rx_sync[0]$_SDFF_PP1_/Q (sky130_fd_sc_hd__dfxtp_1)
                                         uart_0/uart_0/rx_sync[0] (net)
                  0.03    0.00    0.33 ^ uart_0/uart_0/_1320_/B (sky130_fd_sc_hd__or2_2)
     1    0.00    0.03    0.09    0.42 ^ uart_0/uart_0/_1320_/X (sky130_fd_sc_hd__or2_2)
                                         uart_0/uart_0/_0138_ (net)
                  0.03    0.00    0.42 ^ uart_0/uart_0/rx_sync[1]$_SDFF_PP1_/D (sky130_fd_sc_hd__dfxtp_1)
                                  0.42   data arrival time

                  0.15    0.00    0.00   clock clk_s4 (rise edge)
                          0.00    0.00   clock network delay (ideal)
                          0.10    0.10   clock uncertainty
                          0.00    0.10   clock reconvergence pessimism
                                  0.10 ^ uart_0/uart_0/rx_sync[1]$_SDFF_PP1_/CLK (sky130_fd_sc_hd__dfxtp_1)
                         -0.01    0.09   library hold time
                                  0.09   data required time
-----------------------------------------------------------------------------
                                  0.09   data required time
                                 -0.42   data arrival time
-----------------------------------------------------------------------------
                                  0.33   slack (MET)


Startpoint: uart_clk_div/clk_div[0]$_SDFF_PP0_/Q
            (clock source 'uart_clk_div_clk_div2')
Endpoint: uart_clk_div/clk_div[0]$_SDFF_PP0_
          (rising edge-triggered flip-flop clocked by clk_s4_gate)
Path Group: clk_s4_gate
Path Type: min

Fanout     Cap    Slew   Delay    Time   Description
-----------------------------------------------------------------------------
                  0.15    0.00    0.00   clock uart_clk_div_clk_div2 (rise edge)
     3    0.01    0.08    0.00    0.00 ^ uart_clk_div/clk_div[0]$_SDFF_PP0_/Q (sky130_fd_sc_hd__dfxtp_1)
                                         uart_clk_div/clk_div2 (net)
                  0.08    0.00    0.00 ^ uart_clk_div/_07_/B (sky130_fd_sc_hd__nor2_1)
     1    0.00    0.03    0.04    0.04 v uart_clk_div/_07_/Y (sky130_fd_sc_hd__nor2_1)
                                         uart_clk_div/_03_ (net)
                  0.03    0.00    0.04 v uart_clk_div/clk_div[0]$_SDFF_PP0_/D (sky130_fd_sc_hd__dfxtp_1)
                                  0.04   data arrival time

                  0.15    0.00    0.00   clock clk_s4_gate (rise edge)
                          0.00    0.00   clock network delay (ideal)
                          0.10    0.10   clock uncertainty
                          0.00    0.10   clock reconvergence pessimism
                                  0.10 ^ uart_clk_div/clk_div[0]$_SDFF_PP0_/CLK (sky130_fd_sc_hd__dfxtp_1)
                         -0.02    0.08   library hold time
                                  0.08   data required time
-----------------------------------------------------------------------------
                                  0.08   data required time
                                 -0.04   data arrival time
-----------------------------------------------------------------------------
                                 -0.04   slack (VIOLATED)


Startpoint: dot_0/fifo_timer_w2/synchronizers_1_clk_2[1]$_SDFF_PP0_
            (rising edge-triggered flip-flop clocked by clk_s5)
Endpoint: dot_0/fifo_timer_w2/synchronizers_2_clk_2[1]$_SDFF_PP0_
          (rising edge-triggered flip-flop clocked by clk_s5)
Path Group: clk_s5
Path Type: min

Fanout     Cap    Slew   Delay    Time   Description
-----------------------------------------------------------------------------
                  0.15    0.00    0.00   clock clk_s5 (rise edge)
                          0.00    0.00   clock network delay (ideal)
                  0.15    0.00    0.00 ^ dot_0/fifo_timer_w2/synchronizers_1_clk_2[1]$_SDFF_PP0_/CLK (sky130_fd_sc_hd__dfxtp_1)
     1    0.00    0.02    0.32    0.32 v dot_0/fifo_timer_w2/synchronizers_1_clk_2[1]$_SDFF_PP0_/Q (sky130_fd_sc_hd__dfxtp_1)
                                         dot_0/fifo_timer_w2/synchronizers_1_clk_2[1] (net)
                  0.02    0.00    0.32 v dot_0/fifo_timer_w2/_675_/B_N (sky130_fd_sc_hd__nor2b_1)
     1    0.00    0.03    0.11    0.43 v dot_0/fifo_timer_w2/_675_/Y (sky130_fd_sc_hd__nor2b_1)
                                         dot_0/fifo_timer_w2/_026_ (net)
                  0.03    0.00    0.43 v dot_0/fifo_timer_w2/synchronizers_2_clk_2[1]$_SDFF_PP0_/D (sky130_fd_sc_hd__dfxtp_1)
                                  0.43   data arrival time

                  0.15    0.00    0.00   clock clk_s5 (rise edge)
                          0.00    0.00   clock network delay (ideal)
                          0.10    0.10   clock uncertainty
                          0.00    0.10   clock reconvergence pessimism
                                  0.10 ^ dot_0/fifo_timer_w2/synchronizers_2_clk_2[1]$_SDFF_PP0_/CLK (sky130_fd_sc_hd__dfxtp_1)
                         -0.02    0.08   library hold time
                                  0.08   data required time
-----------------------------------------------------------------------------
                                  0.08   data required time
                                 -0.43   data arrival time
-----------------------------------------------------------------------------
                                  0.36   slack (MET)


Startpoint: dot_clk_div/clk_div[0]$_SDFF_PP0_/Q
            (clock source 'dot_clk_div_clk_div2')
Endpoint: dot_clk_div/clk_div[0]$_SDFF_PP0_
          (rising edge-triggered flip-flop clocked by clk_s5_gate)
Path Group: clk_s5_gate
Path Type: min

Fanout     Cap    Slew   Delay    Time   Description
-----------------------------------------------------------------------------
                  0.15    0.00    0.00   clock dot_clk_div_clk_div2 (rise edge)
     3    0.01    0.08    0.00    0.00 ^ dot_clk_div/clk_div[0]$_SDFF_PP0_/Q (sky130_fd_sc_hd__dfxtp_1)
                                         dot_clk_div/clk_div2 (net)
                  0.08    0.00    0.00 ^ dot_clk_div/_07_/B (sky130_fd_sc_hd__nor2_1)
     1    0.00    0.03    0.04    0.04 v dot_clk_div/_07_/Y (sky130_fd_sc_hd__nor2_1)
                                         dot_clk_div/_03_ (net)
                  0.03    0.00    0.04 v dot_clk_div/clk_div[0]$_SDFF_PP0_/D (sky130_fd_sc_hd__dfxtp_1)
                                  0.04   data arrival time

                  0.15    0.00    0.00   clock clk_s5_gate (rise edge)
                          0.00    0.00   clock network delay (ideal)
                          0.10    0.10   clock uncertainty
                          0.00    0.10   clock reconvergence pessimism
                                  0.10 ^ dot_clk_div/clk_div[0]$_SDFF_PP0_/CLK (sky130_fd_sc_hd__dfxtp_1)
                         -0.02    0.08   library hold time
                                  0.08   data required time
-----------------------------------------------------------------------------
                                  0.08   data required time
                                 -0.04   data arrival time
-----------------------------------------------------------------------------
                                 -0.04   slack (VIOLATED)


Startpoint: memory_axi_0/count_len[7]$_SDFF_PP0_
            (rising edge-triggered flip-flop clocked by clk_s8)
Endpoint: memory_axi_0/count_len[7]$_SDFF_PP0_
          (rising edge-triggered flip-flop clocked by clk_s8)
Path Group: clk_s8
Path Type: min

Fanout     Cap    Slew   Delay    Time   Description
-----------------------------------------------------------------------------
                  0.15    0.00    0.00   clock clk_s8 (rise edge)
                          0.00    0.00   clock network delay (ideal)
                  0.15    0.00    0.00 ^ memory_axi_0/count_len[7]$_SDFF_PP0_/CLK (sky130_fd_sc_hd__dfxtp_1)
     3    0.01    0.13    0.40    0.40 ^ memory_axi_0/count_len[7]$_SDFF_PP0_/Q (sky130_fd_sc_hd__dfxtp_1)
                                         memory_axi_0/count_len[7] (net)
                  0.13    0.00    0.40 ^ memory_axi_0/_1158_/A1 (sky130_fd_sc_hd__a21oi_1)
     1    0.00    0.04    0.07    0.48 v memory_axi_0/_1158_/Y (sky130_fd_sc_hd__a21oi_1)
                                         memory_axi_0/_0082_ (net)
                  0.04    0.00    0.48 v memory_axi_0/count_len[7]$_SDFF_PP0_/D (sky130_fd_sc_hd__dfxtp_1)
                                  0.48   data arrival time

                  0.15    0.00    0.00   clock clk_s8 (rise edge)
                          0.00    0.00   clock network delay (ideal)
                          0.10    0.10   clock uncertainty
                          0.00    0.10   clock reconvergence pessimism
                                  0.10 ^ memory_axi_0/count_len[7]$_SDFF_PP0_/CLK (sky130_fd_sc_hd__dfxtp_1)
                         -0.03    0.07   library hold time
                                  0.07   data required time
-----------------------------------------------------------------------------
                                  0.07   data required time
                                 -0.48   data arrival time
-----------------------------------------------------------------------------
                                  0.40   slack (MET)



==========================================================================
resizer report_checks -path_delay max
--------------------------------------------------------------------------
Startpoint: processor_0/ex_stage/mul_unit_ex/s1_a[5]$_SDFFE_PP0P_
            (rising edge-triggered flip-flop clocked by clk1)
Endpoint: processor_0/ex_stage/mul_unit_ex/product[60]$_SDFFE_PP0P_
          (rising edge-triggered flip-flop clocked by clk1)
Path Group: clk1
Path Type: max

Fanout     Cap    Slew   Delay    Time   Description
-----------------------------------------------------------------------------
                  0.15    0.00    0.00   clock clk1 (rise edge)
                          0.00    0.00   clock network delay (ideal)
                  0.15    0.00    0.00 ^ processor_0/ex_stage/mul_unit_ex/s1_a[5]$_SDFFE_PP0P_/CLK (sky130_fd_sc_hd__dfxtp_1)
     2    0.02    0.08    0.38    0.38 v processor_0/ex_stage/mul_unit_ex/s1_a[5]$_SDFFE_PP0P_/Q (sky130_fd_sc_hd__dfxtp_1)
                                         processor_0/ex_stage/mul_unit_ex/GEN_PARTIAL[0].a_ext[5] (net)
                  0.08    0.00    0.38 v processor_0/ex_stage/mul_unit_ex/_05575_/B (sky130_fd_sc_hd__or3_1)
     2    0.02    0.15    0.45    0.83 v processor_0/ex_stage/mul_unit_ex/_05575_/X (sky130_fd_sc_hd__or3_1)
                                         processor_0/ex_stage/mul_unit_ex/_00327_ (net)
                  0.15    0.00    0.84 v processor_0/ex_stage/mul_unit_ex/place33266/A (sky130_fd_sc_hd__buf_4)
     2    0.02    0.05    0.20    1.04 v processor_0/ex_stage/mul_unit_ex/place33266/X (sky130_fd_sc_hd__buf_4)
                                         processor_0/ex_stage/mul_unit_ex/net33265 (net)
                  0.05    0.00    1.04 v processor_0/ex_stage/mul_unit_ex/place33265/A (sky130_fd_sc_hd__buf_4)
     4    0.01    0.04    0.14    1.18 v processor_0/ex_stage/mul_unit_ex/place33265/X (sky130_fd_sc_hd__buf_4)
                                         processor_0/ex_stage/mul_unit_ex/net33264 (net)
                  0.04    0.00    1.18 v processor_0/ex_stage/mul_unit_ex/_05841_/B (sky130_fd_sc_hd__or3_1)
     2    0.01    0.11    0.40    1.58 v processor_0/ex_stage/mul_unit_ex/_05841_/X (sky130_fd_sc_hd__or3_1)
                                         processor_0/ex_stage/mul_unit_ex/_00576_ (net)
                  0.11    0.00    1.58 v processor_0/ex_stage/mul_unit_ex/_05843_/C (sky130_fd_sc_hd__or3_1)
     2    0.02    0.15    0.43    2.01 v processor_0/ex_stage/mul_unit_ex/_05843_/X (sky130_fd_sc_hd__or3_1)
                                         processor_0/ex_stage/mul_unit_ex/_00578_ (net)
                  0.15    0.00    2.01 v processor_0/ex_stage/mul_unit_ex/_05845_/C (sky130_fd_sc_hd__nor3_1)
     1    0.00    0.15    0.16    2.18 ^ processor_0/ex_stage/mul_unit_ex/_05845_/Y (sky130_fd_sc_hd__nor3_1)
                                         processor_0/ex_stage/mul_unit_ex/_00580_ (net)
                  0.15    0.00    2.18 ^ processor_0/ex_stage/mul_unit_ex/place30782/A (sky130_fd_sc_hd__buf_4)
     2    0.03    0.09    0.18    2.36 ^ processor_0/ex_stage/mul_unit_ex/place30782/X (sky130_fd_sc_hd__buf_4)
                                         processor_0/ex_stage/mul_unit_ex/net30781 (net)
                  0.09    0.00    2.36 ^ processor_0/ex_stage/mul_unit_ex/_05846_/B (sky130_fd_sc_hd__xnor2_1)
     3    0.04    0.89    0.41    2.76 ^ processor_0/ex_stage/mul_unit_ex/_05846_/Y (sky130_fd_sc_hd__xnor2_1)
                                         processor_0/ex_stage/mul_unit_ex/_00581_ (net)
                  0.89    0.00    2.77 ^ processor_0/ex_stage/mul_unit_ex/place30573/A (sky130_fd_sc_hd__buf_12)
     2    0.05    0.08    0.22    2.98 ^ processor_0/ex_stage/mul_unit_ex/place30573/X (sky130_fd_sc_hd__buf_12)
                                         processor_0/ex_stage/mul_unit_ex/net30572 (net)
                  0.08    0.00    2.99 ^ processor_0/ex_stage/mul_unit_ex/place30572/A (sky130_fd_sc_hd__buf_12)
     6    0.09    0.11    0.16    3.14 ^ processor_0/ex_stage/mul_unit_ex/place30572/X (sky130_fd_sc_hd__buf_12)
                                         processor_0/ex_stage/mul_unit_ex/net30571 (net)
                  0.11    0.01    3.15 ^ processor_0/ex_stage/mul_unit_ex/place30571/A (sky130_fd_sc_hd__buf_4)
     4    0.03    0.10    0.18    3.33 ^ processor_0/ex_stage/mul_unit_ex/place30571/X (sky130_fd_sc_hd__buf_4)
                                         processor_0/ex_stage/mul_unit_ex/net30570 (net)
                  0.10    0.00    3.33 ^ processor_0/ex_stage/mul_unit_ex/_06635_/A1 (sky130_fd_sc_hd__a221oi_1)
     1    0.00    0.09    0.08    3.41 v processor_0/ex_stage/mul_unit_ex/_06635_/Y (sky130_fd_sc_hd__a221oi_1)
                                         processor_0/ex_stage/mul_unit_ex/_01235_ (net)
                  0.09    0.00    3.41 v processor_0/ex_stage/mul_unit_ex/_06636_/B1 (sky130_fd_sc_hd__a31oi_1)
     1    0.02    0.49    0.41    3.82 ^ processor_0/ex_stage/mul_unit_ex/_06636_/Y (sky130_fd_sc_hd__a31oi_1)
                                         processor_0/ex_stage/mul_unit_ex/GEN_PARTIAL[4].pp[25] (net)
                  0.49    0.00    3.82 ^ processor_0/ex_stage/mul_unit_ex/place30219/A (sky130_fd_sc_hd__buf_4)
     1    0.02    0.06    0.22    4.05 ^ processor_0/ex_stage/mul_unit_ex/place30219/X (sky130_fd_sc_hd__buf_4)
                                         processor_0/ex_stage/mul_unit_ex/net30218 (net)
                  0.06    0.00    4.05 ^ processor_0/ex_stage/mul_unit_ex/_10728_/B (sky130_fd_sc_hd__fa_1)
     1    0.01    0.09    0.44    4.49 v processor_0/ex_stage/mul_unit_ex/_10728_/SUM (sky130_fd_sc_hd__fa_1)
                                         processor_0/ex_stage/mul_unit_ex/_05138_ (net)
                  0.09    0.00    4.49 v processor_0/ex_stage/mul_unit_ex/_10652_/CIN (sky130_fd_sc_hd__fa_1)
     1    0.03    0.20    0.53    5.02 v processor_0/ex_stage/mul_unit_ex/_10652_/COUT (sky130_fd_sc_hd__fa_1)
                                         processor_0/ex_stage/mul_unit_ex/_05139_ (net)
                  0.20    0.00    5.02 v processor_0/ex_stage/mul_unit_ex/_10839_/A (sky130_fd_sc_hd__fa_1)
     1    0.02    0.15    0.56    5.59 v processor_0/ex_stage/mul_unit_ex/_10839_/COUT (sky130_fd_sc_hd__fa_1)
                                         processor_0/ex_stage/mul_unit_ex/_04459_ (net)
                  0.15    0.00    5.59 v processor_0/ex_stage/mul_unit_ex/_10426_/A (sky130_fd_sc_hd__fa_1)
     1    0.01    0.11    0.50    6.09 v processor_0/ex_stage/mul_unit_ex/_10426_/COUT (sky130_fd_sc_hd__fa_1)
                                         processor_0/ex_stage/mul_unit_ex/_04462_ (net)
                  0.11    0.00    6.09 v processor_0/ex_stage/mul_unit_ex/_10759_/A (sky130_fd_sc_hd__fa_1)
     1    0.02    0.14    0.52    6.61 v processor_0/ex_stage/mul_unit_ex/_10759_/COUT (sky130_fd_sc_hd__fa_1)
                                         processor_0/ex_stage/mul_unit_ex/_04926_ (net)
                  0.14    0.00    6.61 v processor_0/ex_stage/mul_unit_ex/_10595_/A (sky130_fd_sc_hd__fa_1)
     1    0.02    0.18    0.66    7.27 ^ processor_0/ex_stage/mul_unit_ex/_10595_/SUM (sky130_fd_sc_hd__fa_1)
                                         processor_0/ex_stage/mul_unit_ex/_04930_ (net)
                  0.18    0.00    7.27 ^ processor_0/ex_stage/mul_unit_ex/_11084_/B (sky130_fd_sc_hd__ha_1)
     2    0.01    0.06    0.27    7.54 v processor_0/ex_stage/mul_unit_ex/_11084_/SUM (sky130_fd_sc_hd__ha_1)
                                         processor_0/ex_stage/mul_unit_ex/_00123_ (net)
                  0.06    0.00    7.54 v processor_0/ex_stage/mul_unit_ex/_09675_/A1 (sky130_fd_sc_hd__a21o_1)
     2    0.01    0.06    0.18    7.73 v processor_0/ex_stage/mul_unit_ex/_09675_/X (sky130_fd_sc_hd__a21o_1)
                                         processor_0/ex_stage/mul_unit_ex/_03631_ (net)
                  0.06    0.00    7.73 v processor_0/ex_stage/mul_unit_ex/_09836_/A2 (sky130_fd_sc_hd__a21o_1)
     1    0.01    0.04    0.19    7.92 v processor_0/ex_stage/mul_unit_ex/_09836_/X (sky130_fd_sc_hd__a21o_1)
                                         processor_0/ex_stage/mul_unit_ex/_03789_ (net)
                  0.04    0.00    7.92 v processor_0/ex_stage/mul_unit_ex/_09837_/A2 (sky130_fd_sc_hd__a21o_1)
     2    0.01    0.08    0.22    8.13 v processor_0/ex_stage/mul_unit_ex/_09837_/X (sky130_fd_sc_hd__a21o_1)
                                         processor_0/ex_stage/mul_unit_ex/_03790_ (net)
                  0.08    0.00    8.13 v processor_0/ex_stage/mul_unit_ex/_09838_/B1 (sky130_fd_sc_hd__a221o_1)
     2    0.01    0.09    0.34    8.48 v processor_0/ex_stage/mul_unit_ex/_09838_/X (sky130_fd_sc_hd__a221o_1)
                                         processor_0/ex_stage/mul_unit_ex/_03791_ (net)
                  0.09    0.00    8.48 v processor_0/ex_stage/mul_unit_ex/_09839_/A3 (sky130_fd_sc_hd__a31oi_1)
     2    0.01    0.27    0.28    8.75 ^ processor_0/ex_stage/mul_unit_ex/_09839_/Y (sky130_fd_sc_hd__a31oi_1)
                                         processor_0/ex_stage/mul_unit_ex/_03792_ (net)
                  0.27    0.00    8.75 ^ processor_0/ex_stage/mul_unit_ex/_09840_/B (sky130_fd_sc_hd__nor2_1)
     1    0.00    0.06    0.06    8.82 v processor_0/ex_stage/mul_unit_ex/_09840_/Y (sky130_fd_sc_hd__nor2_1)
                                         processor_0/ex_stage/mul_unit_ex/_03793_ (net)
                  0.06    0.00    8.82 v processor_0/ex_stage/mul_unit_ex/_09841_/C1 (sky130_fd_sc_hd__a311oi_1)
     1    0.01    0.54    0.45    9.27 ^ processor_0/ex_stage/mul_unit_ex/_09841_/Y (sky130_fd_sc_hd__a311oi_1)
                                         processor_0/ex_stage/mul_unit_ex/_03794_ (net)
                  0.54    0.00    9.27 ^ processor_0/ex_stage/mul_unit_ex/_09845_/A1 (sky130_fd_sc_hd__o21bai_1)
     1    0.00    0.10    0.16    9.43 v processor_0/ex_stage/mul_unit_ex/_09845_/Y (sky130_fd_sc_hd__o21bai_1)
                                         processor_0/ex_stage/mul_unit_ex/_03798_ (net)
                  0.10    0.00    9.43 v processor_0/ex_stage/mul_unit_ex/place25663/A (sky130_fd_sc_hd__buf_4)
     2    0.03    0.06    0.19    9.62 v processor_0/ex_stage/mul_unit_ex/place25663/X (sky130_fd_sc_hd__buf_4)
                                         processor_0/ex_stage/mul_unit_ex/net25662 (net)
                  0.06    0.00    9.62 v processor_0/ex_stage/mul_unit_ex/_09857_/A2 (sky130_fd_sc_hd__a31oi_1)
     1    0.00    0.15    0.18    9.80 ^ processor_0/ex_stage/mul_unit_ex/_09857_/Y (sky130_fd_sc_hd__a31oi_1)
                                         processor_0/ex_stage/mul_unit_ex/_03810_ (net)
                  0.15    0.00    9.80 ^ processor_0/ex_stage/mul_unit_ex/place25603/A (sky130_fd_sc_hd__buf_4)
     3    0.03    0.09    0.18    9.98 ^ processor_0/ex_stage/mul_unit_ex/place25603/X (sky130_fd_sc_hd__buf_4)
                                         processor_0/ex_stage/mul_unit_ex/net25602 (net)
                  0.09    0.00    9.99 ^ processor_0/ex_stage/mul_unit_ex/_09866_/A2 (sky130_fd_sc_hd__o21ai_0)
     1    0.00    0.09    0.10   10.08 v processor_0/ex_stage/mul_unit_ex/_09866_/Y (sky130_fd_sc_hd__o21ai_0)
                                         processor_0/ex_stage/mul_unit_ex/_03819_ (net)
                  0.09    0.00   10.08 v processor_0/ex_stage/mul_unit_ex/_09867_/B (sky130_fd_sc_hd__xor2_1)
     1    0.03    0.67    0.56   10.64 ^ processor_0/ex_stage/mul_unit_ex/_09867_/X (sky130_fd_sc_hd__xor2_1)
                                         processor_0/ex_stage/mul_unit_ex/_03820_ (net)
                  0.67    0.00   10.64 ^ processor_0/ex_stage/mul_unit_ex/place25537/A (sky130_fd_sc_hd__buf_12)
     1    0.05    0.08    0.22   10.86 ^ processor_0/ex_stage/mul_unit_ex/place25537/X (sky130_fd_sc_hd__buf_12)
                                         processor_0/ex_stage/mul_unit_ex/net25536 (net)
                  0.08    0.01   10.87 ^ processor_0/ex_stage/mul_unit_ex/_09868_/B2 (sky130_fd_sc_hd__a22o_1)
     1    0.00    0.04    0.12   10.98 ^ processor_0/ex_stage/mul_unit_ex/_09868_/X (sky130_fd_sc_hd__a22o_1)
                                         processor_0/ex_stage/mul_unit_ex/_00165_ (net)
                  0.04    0.00   10.98 ^ processor_0/ex_stage/mul_unit_ex/product[60]$_SDFFE_PP0P_/D (sky130_fd_sc_hd__dfxtp_1)
                                 10.98   data arrival time

                  0.15   10.00   10.00   clock clk1 (rise edge)
                          0.00   10.00   clock network delay (ideal)
                         -0.25    9.75   clock uncertainty
                          0.00    9.75   clock reconvergence pessimism
                                  9.75 ^ processor_0/ex_stage/mul_unit_ex/product[60]$_SDFFE_PP0P_/CLK (sky130_fd_sc_hd__dfxtp_1)
                         -0.04    9.71   library setup time
                                  9.71   data required time
-----------------------------------------------------------------------------
                                  9.71   data required time
                                -10.98   data arrival time
-----------------------------------------------------------------------------
                                 -1.27   slack (VIOLATED)


Startpoint: timer_0/fifo_timer_w/counter_2[2]$_SDFFE_PP0P_
            (rising edge-triggered flip-flop clocked by clk_s1)
Endpoint: timer_0/fifo_timer_r/mem[13][14]$_DFFE_PP_
          (rising edge-triggered flip-flop clocked by clk_s1)
Path Group: clk_s1
Path Type: max

Fanout     Cap    Slew   Delay    Time   Description
-----------------------------------------------------------------------------
                  0.15    0.00    0.00   clock clk_s1 (rise edge)
                          0.00    0.00   clock network delay (ideal)
                  0.15    0.00    0.00 ^ timer_0/fifo_timer_w/counter_2[2]$_SDFFE_PP0P_/CLK (sky130_fd_sc_hd__dfxtp_1)
    10    0.05    0.50    0.66    0.66 ^ timer_0/fifo_timer_w/counter_2[2]$_SDFFE_PP0P_/Q (sky130_fd_sc_hd__dfxtp_1)
                                         timer_0/fifo_timer_w/counter_2[2] (net)
                  0.50    0.00    0.66 ^ timer_0/fifo_timer_w/_888_/B (sky130_fd_sc_hd__ha_1)
     2    0.01    0.08    0.35    1.01 v timer_0/fifo_timer_w/_888_/SUM (sky130_fd_sc_hd__ha_1)
                                         timer_0/fifo_timer_w/counter_2_gray[1] (net)
                  0.08    0.00    1.01 v timer_0/fifo_timer_w/_447_/A (sky130_fd_sc_hd__xor2_1)
     1    0.01    0.08    0.20    1.21 v timer_0/fifo_timer_w/_447_/X (sky130_fd_sc_hd__xor2_1)
                                         timer_0/fifo_timer_w/_262_ (net)
                  0.08    0.00    1.21 v timer_0/fifo_timer_w/_450_/B (sky130_fd_sc_hd__nor4_4)
     6    0.02    0.39    0.42    1.63 ^ timer_0/fifo_timer_w/_450_/Y (sky130_fd_sc_hd__nor4_4)
                                         timer_0/fifo_timer_w/_265_ (net)
                  0.39    0.00    1.63 ^ timer_0/fifo_timer_w/_872_/A (sky130_fd_sc_hd__and2_1)
     2    0.01    0.09    0.22    1.85 ^ timer_0/fifo_timer_w/_872_/X (sky130_fd_sc_hd__and2_1)
                                         timer_0/fifo_empty (net)
                  0.09    0.00    1.85 ^ timer_0/_337_/A (sky130_fd_sc_hd__inv_1)
     6    0.03    0.13    0.14    1.98 v timer_0/_337_/Y (sky130_fd_sc_hd__inv_1)
                                         timer_0/addr_valid (net)
                  0.13    0.00    1.98 v timer_0/fifo_timer_w/_453_/B1_N (sky130_fd_sc_hd__a21bo_1)
    10    0.08    0.63    0.62    2.61 ^ timer_0/fifo_timer_w/_453_/X (sky130_fd_sc_hd__a21bo_1)
                                         timer_0/fifo_timer_w/_268_ (net)
                  0.63    0.00    2.61 ^ timer_0/fifo_timer_w/_491_/A (sky130_fd_sc_hd__nor3_2)
     1    0.00    0.11    0.10    2.72 v timer_0/fifo_timer_w/_491_/Y (sky130_fd_sc_hd__nor3_2)
                                         timer_0/fifo_data_read[37] (net)
                  0.11    0.00    2.72 v timer_0/timer_0/_0548_/A (sky130_fd_sc_hd__nor4b_1)
     2    0.01    0.58    0.57    3.29 ^ timer_0/timer_0/_0548_/Y (sky130_fd_sc_hd__nor4b_1)
                                         timer_0/timer_0/_0099_ (net)
                  0.58    0.00    3.29 ^ timer_0/timer_0/_0550_/B (sky130_fd_sc_hd__nand3b_1)
    17    0.09    0.88    0.83    4.12 v timer_0/timer_0/_0550_/Y (sky130_fd_sc_hd__nand3b_1)
                                         timer_0/timer_0/_0101_ (net)
                  0.88    0.01    4.13 v timer_0/timer_0/place29073/A (sky130_fd_sc_hd__buf_4)
    16    0.05    0.10    0.49    4.61 v timer_0/timer_0/place29073/X (sky130_fd_sc_hd__buf_4)
                                         timer_0/timer_0/net29072 (net)
                  0.10    0.00    4.62 v timer_0/timer_0/_0634_/A (sky130_fd_sc_hd__nor2_1)
    16    0.08    1.29    0.99    5.60 ^ timer_0/timer_0/_0634_/Y (sky130_fd_sc_hd__nor2_1)
                                         timer_0/data_out[14] (net)
                  1.29    0.01    5.62 ^ timer_0/fifo_timer_r/mem[13][14]$_DFFE_PP_/D (sky130_fd_sc_hd__edfxtp_1)
                                  5.62   data arrival time

                  0.15   25.00   25.00   clock clk_s1 (rise edge)
                          0.00   25.00   clock network delay (ideal)
                         -0.25   24.75   clock uncertainty
                          0.00   24.75   clock reconvergence pessimism
                                 24.75 ^ timer_0/fifo_timer_r/mem[13][14]$_DFFE_PP_/CLK (sky130_fd_sc_hd__edfxtp_1)
                         -0.37   24.38   library setup time
                                 24.38   data required time
-----------------------------------------------------------------------------
                                 24.38   data required time
                                 -5.62   data arrival time
-----------------------------------------------------------------------------
                                 18.77   slack (MET)


Startpoint: timer_clk_div/clk_div[0]$_SDFF_PP0_/Q
            (clock source 'timer_clk_div_clk_div2')
Endpoint: timer_clk_div/clk_div[1]$_SDFF_PP0_
          (rising edge-triggered flip-flop clocked by clk_s1_gate)
Path Group: clk_s1_gate
Path Type: max

Fanout     Cap    Slew   Delay    Time   Description
-----------------------------------------------------------------------------
                  0.15   25.00   25.00   clock timer_clk_div_clk_div2 (fall edge)
     3    0.01    0.04    0.00   25.00 v timer_clk_div/clk_div[0]$_SDFF_PP0_/Q (sky130_fd_sc_hd__dfxtp_1)
                                         timer_clk_div/clk_div2 (net)
                  0.04    0.00   25.00 v timer_clk_div/_11_/A (sky130_fd_sc_hd__ha_1)
     1    0.00    0.04    0.27   25.27 v timer_clk_div/_11_/SUM (sky130_fd_sc_hd__ha_1)
                                         timer_clk_div/_01_ (net)
                  0.04    0.00   25.27 v timer_clk_div/_06_/B_N (sky130_fd_sc_hd__nor2b_1)
     1    0.00    0.06    0.12   25.39 v timer_clk_div/_06_/Y (sky130_fd_sc_hd__nor2b_1)
                                         timer_clk_div/_02_ (net)
                  0.06    0.00   25.39 v timer_clk_div/clk_div[1]$_SDFF_PP0_/D (sky130_fd_sc_hd__dfxtp_1)
                                 25.39   data arrival time

                  0.15   50.00   50.00   clock clk_s1_gate (rise edge)
                          0.00   50.00   clock network delay (ideal)
                         -0.25   49.75   clock uncertainty
                          0.00   49.75   clock reconvergence pessimism
                                 49.75 ^ timer_clk_div/clk_div[1]$_SDFF_PP0_/CLK (sky130_fd_sc_hd__dfxtp_1)
                         -0.09   49.66   library setup time
                                 49.66   data required time
-----------------------------------------------------------------------------
                                 49.66   data required time
                                -25.39   data arrival time
-----------------------------------------------------------------------------
                                 24.27   slack (MET)


Startpoint: gpio_0/fifo_timer_w/counter_2[2]$_SDFFE_PP0P_
            (rising edge-triggered flip-flop clocked by clk_s2)
Endpoint: gpio_0/fifo_timer_r/mem[8][0]$_DFFE_PP_
          (rising edge-triggered flip-flop clocked by clk_s2)
Path Group: clk_s2
Path Type: max

Fanout     Cap    Slew   Delay    Time   Description
-----------------------------------------------------------------------------
                  0.15    0.00    0.00   clock clk_s2 (rise edge)
                          0.00    0.00   clock network delay (ideal)
                  0.15    0.00    0.00 ^ gpio_0/fifo_timer_w/counter_2[2]$_SDFFE_PP0P_/CLK (sky130_fd_sc_hd__dfxtp_1)
    17    0.13    1.15    1.10    1.10 ^ gpio_0/fifo_timer_w/counter_2[2]$_SDFFE_PP0P_/Q (sky130_fd_sc_hd__dfxtp_1)
                                         gpio_0/fifo_timer_w/counter_2[2] (net)
                  1.15    0.00    1.11 ^ gpio_0/fifo_timer_w/place31448/A (sky130_fd_sc_hd__buf_4)
    20    0.12    0.34    0.48    1.59 ^ gpio_0/fifo_timer_w/place31448/X (sky130_fd_sc_hd__buf_4)
                                         gpio_0/fifo_timer_w/net31447 (net)
                  0.34    0.00    1.59 ^ gpio_0/fifo_timer_w/_887_/A (sky130_fd_sc_hd__ha_1)
     2    0.01    0.08    0.32    1.91 v gpio_0/fifo_timer_w/_887_/SUM (sky130_fd_sc_hd__ha_1)
                                         gpio_0/fifo_timer_w/counter_2_gray[2] (net)
                  0.08    0.00    1.91 v gpio_0/fifo_timer_w/_448_/A (sky130_fd_sc_hd__xor2_1)
     1    0.01    0.08    0.19    2.11 v gpio_0/fifo_timer_w/_448_/X (sky130_fd_sc_hd__xor2_1)
                                         gpio_0/fifo_timer_w/_263_ (net)
                  0.08    0.00    2.11 v gpio_0/fifo_timer_w/_450_/C (sky130_fd_sc_hd__nor4_4)
     6    0.02    0.37    0.36    2.47 ^ gpio_0/fifo_timer_w/_450_/Y (sky130_fd_sc_hd__nor4_4)
                                         gpio_0/fifo_timer_w/_265_ (net)
                  0.37    0.00    2.47 ^ gpio_0/fifo_timer_w/_872_/A (sky130_fd_sc_hd__and2_1)
     2    0.07    0.70    0.64    3.11 ^ gpio_0/fifo_timer_w/_872_/X (sky130_fd_sc_hd__and2_1)
                                         gpio_0/fifo_empty (net)
                  0.70    0.00    3.11 ^ gpio_0/_335_/A (sky130_fd_sc_hd__inv_1)
     8    0.07    0.38    0.49    3.60 v gpio_0/_335_/Y (sky130_fd_sc_hd__inv_1)
                                         gpio_0/addr_valid (net)
                  0.38    0.00    3.61 v gpio_0/fifo_timer_w/_453_/B1_N (sky130_fd_sc_hd__a21bo_1)
    14    0.10    0.80    0.83    4.44 ^ gpio_0/fifo_timer_w/_453_/X (sky130_fd_sc_hd__a21bo_1)
                                         gpio_0/fifo_timer_w/_268_ (net)
                  0.80    0.01    4.45 ^ gpio_0/fifo_timer_w/place30144/A (sky130_fd_sc_hd__buf_4)
     9    0.09    0.25    0.39    4.84 ^ gpio_0/fifo_timer_w/place30144/X (sky130_fd_sc_hd__buf_4)
                                         gpio_0/fifo_timer_w/net30143 (net)
                  0.25    0.01    4.85 ^ gpio_0/fifo_timer_w/place30143/A (sky130_fd_sc_hd__buf_4)
    20    0.16    0.44    0.45    5.30 ^ gpio_0/fifo_timer_w/place30143/X (sky130_fd_sc_hd__buf_4)
                                         gpio_0/fifo_timer_w/net30142 (net)
                  0.44    0.02    5.32 ^ gpio_0/fifo_timer_w/_535_/A (sky130_fd_sc_hd__nor3_2)
     8    0.05    0.19    0.24    5.56 v gpio_0/fifo_timer_w/_535_/Y (sky130_fd_sc_hd__nor3_2)
                                         gpio_0/fifo_data_read[32] (net)
                  0.19    0.00    5.57 v gpio_0/gpio_0/_2050_/C (sky130_fd_sc_hd__nor4_2)
     3    0.02    0.49    0.49    6.05 ^ gpio_0/gpio_0/_2050_/Y (sky130_fd_sc_hd__nor4_2)
                                         gpio_0/gpio_0/_0714_ (net)
                  0.49    0.00    6.05 ^ gpio_0/gpio_0/_2052_/B (sky130_fd_sc_hd__nand3_1)
    14    0.09    0.90    0.83    6.88 v gpio_0/gpio_0/_2052_/Y (sky130_fd_sc_hd__nand3_1)
                                         gpio_0/gpio_0/_0716_ (net)
                  0.90    0.01    6.89 v gpio_0/gpio_0/place29306/A (sky130_fd_sc_hd__buf_4)
    19    0.10    0.14    0.53    7.42 v gpio_0/gpio_0/place29306/X (sky130_fd_sc_hd__buf_4)
                                         gpio_0/gpio_0/net29305 (net)
                  0.14    0.01    7.43 v gpio_0/gpio_0/_2382_/B1 (sky130_fd_sc_hd__a31oi_1)
    16    0.05    1.18    0.89    8.32 ^ gpio_0/gpio_0/_2382_/Y (sky130_fd_sc_hd__a31oi_1)
                                         gpio_0/data_out[0] (net)
                  1.18    0.00    8.32 ^ gpio_0/fifo_timer_r/mem[8][0]$_DFFE_PP_/D (sky130_fd_sc_hd__edfxtp_1)
                                  8.32   data arrival time

                  0.15   20.00   20.00   clock clk_s2 (rise edge)
                          0.00   20.00   clock network delay (ideal)
                         -0.25   19.75   clock uncertainty
                          0.00   19.75   clock reconvergence pessimism
                                 19.75 ^ gpio_0/fifo_timer_r/mem[8][0]$_DFFE_PP_/CLK (sky130_fd_sc_hd__edfxtp_1)
                         -0.35   19.40   library setup time
                                 19.40   data required time
-----------------------------------------------------------------------------
                                 19.40   data required time
                                 -8.32   data arrival time
-----------------------------------------------------------------------------
                                 11.08   slack (MET)


Startpoint: gpio_clk_div/clk_div[0]$_SDFF_PP0_/Q
            (clock source 'gpio_clk_div_clk_div2')
Endpoint: gpio_clk_div/clk_div[1]$_SDFF_PP0_
          (rising edge-triggered flip-flop clocked by clk_s2_gate)
Path Group: clk_s2_gate
Path Type: max

Fanout     Cap    Slew   Delay    Time   Description
-----------------------------------------------------------------------------
                  0.15   20.00   20.00   clock gpio_clk_div_clk_div2 (fall edge)
     3    0.01    0.04    0.00   20.00 v gpio_clk_div/clk_div[0]$_SDFF_PP0_/Q (sky130_fd_sc_hd__dfxtp_1)
                                         gpio_clk_div/clk_div2 (net)
                  0.04    0.00   20.00 v gpio_clk_div/_11_/A (sky130_fd_sc_hd__ha_1)
     1    0.00    0.04    0.27   20.27 v gpio_clk_div/_11_/SUM (sky130_fd_sc_hd__ha_1)
                                         gpio_clk_div/_01_ (net)
                  0.04    0.00   20.27 v gpio_clk_div/_06_/B_N (sky130_fd_sc_hd__nor2b_1)
     1    0.00    0.06    0.12   20.39 v gpio_clk_div/_06_/Y (sky130_fd_sc_hd__nor2b_1)
                                         gpio_clk_div/_02_ (net)
                  0.06    0.00   20.39 v gpio_clk_div/clk_div[1]$_SDFF_PP0_/D (sky130_fd_sc_hd__dfxtp_1)
                                 20.39   data arrival time

                  0.15   40.00   40.00   clock clk_s2_gate (rise edge)
                          0.00   40.00   clock network delay (ideal)
                         -0.25   39.75   clock uncertainty
                          0.00   39.75   clock reconvergence pessimism
                                 39.75 ^ gpio_clk_div/clk_div[1]$_SDFF_PP0_/CLK (sky130_fd_sc_hd__dfxtp_1)
                         -0.09   39.66   library setup time
                                 39.66   data required time
-----------------------------------------------------------------------------
                                 39.66   data required time
                                -20.39   data arrival time
-----------------------------------------------------------------------------
                                 19.27   slack (MET)


Startpoint: processor_0/pipeline_ex_mem/alu_out_out[23]$_SDFFE_PP0N_
            (rising edge-triggered flip-flop clocked by clk1)
Endpoint: dma_config_0/dma_0/buffer_dma[6]$_SDFFE_PP0P_
          (rising edge-triggered flip-flop clocked by clk_s3)
Path Group: clk_s3
Path Type: max

Fanout     Cap    Slew   Delay    Time   Description
-----------------------------------------------------------------------------
                  0.15    0.00    0.00   clock clk1 (rise edge)
                          0.00    0.00   clock network delay (ideal)
                  0.15    0.00    0.00 ^ processor_0/pipeline_ex_mem/alu_out_out[23]$_SDFFE_PP0N_/CLK (sky130_fd_sc_hd__dfxtp_1)
     2    0.01    0.05    0.35    0.35 v processor_0/pipeline_ex_mem/alu_out_out[23]$_SDFFE_PP0N_/Q (sky130_fd_sc_hd__dfxtp_1)
                                         addr_m_axi[23] (net)
                  0.05    0.00    0.35 v _1526_/A (sky130_fd_sc_hd__nor4b_2)
     2    0.01    0.41    0.43    0.78 ^ _1526_/Y (sky130_fd_sc_hd__nor4b_2)
                                         _0106_ (net)
                  0.41    0.00    0.78 ^ _1542_/A (sky130_fd_sc_hd__and4_1)
     2    0.05    0.43    0.54    1.32 ^ _1542_/X (sky130_fd_sc_hd__and4_1)
                                         _0121_ (net)
                  0.43    0.01    1.33 ^ _1546_/A (sky130_fd_sc_hd__nand2_1)
     9    0.05    0.40    0.43    1.76 v _1546_/Y (sky130_fd_sc_hd__nand2_1)
                                         _0125_ (net)
                  0.40    0.00    1.76 v place31898/A (sky130_fd_sc_hd__buf_4)
    13    0.08    0.11    0.36    2.13 v place31898/X (sky130_fd_sc_hd__buf_4)
                                         net31897 (net)
                  0.11    0.01    2.13 v place31897/A (sky130_fd_sc_hd__buf_12)
    19    0.08    0.06    0.18    2.32 v place31897/X (sky130_fd_sc_hd__buf_12)
                                         net31896 (net)
                  0.06    0.00    2.32 v _1724_/B (sky130_fd_sc_hd__nand2_1)
     1    0.00    0.05    0.07    2.39 ^ _1724_/Y (sky130_fd_sc_hd__nand2_1)
                                         _0250_ (net)
                  0.05    0.00    2.39 ^ _1725_/B (sky130_fd_sc_hd__nand2_1)
     2    0.03    0.24    0.21    2.59 v _1725_/Y (sky130_fd_sc_hd__nand2_1)
                                         m1_aw_addr[8] (net)
                  0.24    0.00    2.60 v interconnect_0/_0821_/C (sky130_fd_sc_hd__nor4_1)
     1    0.02    0.82    0.75    3.34 ^ interconnect_0/_0821_/Y (sky130_fd_sc_hd__nor4_1)
                                         interconnect_0/_0046_ (net)
                  0.82    0.00    3.35 ^ interconnect_0/_0822_/B (sky130_fd_sc_hd__nor2_1)
     6    0.02    0.22    0.25    3.59 v interconnect_0/_0822_/Y (sky130_fd_sc_hd__nor2_1)
                                         interconnect_0/_0047_ (net)
                  0.22    0.00    3.59 v interconnect_0/_0838_/A (sky130_fd_sc_hd__nor3_1)
     3    0.01    0.44    0.46    4.05 ^ interconnect_0/_0838_/Y (sky130_fd_sc_hd__nor3_1)
                                         interconnect_0/_0063_ (net)
                  0.44    0.00    4.05 ^ interconnect_0/_0871_/A2 (sky130_fd_sc_hd__o211a_1)
     5    0.03    0.24    0.35    4.40 ^ interconnect_0/_0871_/X (sky130_fd_sc_hd__o211a_1)
                                         interconnect_0/_0096_ (net)
                  0.24    0.00    4.40 ^ interconnect_0/_0872_/B (sky130_fd_sc_hd__nor2_1)
     6    0.03    0.16    0.20    4.60 v interconnect_0/_0872_/Y (sky130_fd_sc_hd__nor2_1)
                                         interconnect_0/_0097_ (net)
                  0.16    0.00    4.60 v interconnect_0/_0894_/B (sky130_fd_sc_hd__nor4_2)
     2    0.01    0.30    0.36    4.96 ^ interconnect_0/_0894_/Y (sky130_fd_sc_hd__nor4_2)
                                         interconnect_0/_0119_ (net)
                  0.30    0.00    4.96 ^ interconnect_0/_2483_/A2 (sky130_fd_sc_hd__a22o_1)
     1    0.01    0.10    0.23    5.18 ^ interconnect_0/_2483_/X (sky130_fd_sc_hd__a22o_1)
                                         s5_dr_ready (net)
                  0.10    0.00    5.18 ^ dot_0/_415_/D (sky130_fd_sc_hd__and4b_1)
     1    0.01    0.09    0.23    5.41 ^ dot_0/_415_/X (sky130_fd_sc_hd__and4b_1)
                                         dot_0/read_en_axi (net)
                  0.09    0.00    5.41 ^ dot_0/place29335/A (sky130_fd_sc_hd__buf_4)
     2    0.05    0.14    0.20    5.61 ^ dot_0/place29335/X (sky130_fd_sc_hd__buf_4)
                                         dot_0/net29334 (net)
                  0.14    0.01    5.62 ^ dot_0/fifo_timer_r/_386_/B1_N (sky130_fd_sc_hd__a21bo_2)
    17    0.14    0.33    0.49    6.11 v dot_0/fifo_timer_r/_386_/X (sky130_fd_sc_hd__a21bo_2)
                                         dot_0/fifo_timer_r/_096_ (net)
                  0.34    0.03    6.14 v dot_0/fifo_timer_r/_596_/A (sky130_fd_sc_hd__nor3_1)
     1    0.03    0.79    0.75    6.89 ^ dot_0/fifo_timer_r/_596_/Y (sky130_fd_sc_hd__nor3_1)
                                         dot_0/fifo_read_data_axi[6] (net)
                  0.79    0.00    6.89 ^ dot_0/place28658/A (sky130_fd_sc_hd__buf_4)
     1    0.04    0.13    0.31    7.20 ^ dot_0/place28658/X (sky130_fd_sc_hd__buf_4)
                                         dot_0/net28657 (net)
                  0.13    0.01    7.21 ^ dot_0/_195_/A (sky130_fd_sc_hd__and2_1)
     1    0.03    0.30    0.32    7.53 ^ dot_0/_195_/X (sky130_fd_sc_hd__and2_1)
                                         s5_dr_data[6] (net)
                  0.30    0.00    7.53 ^ place28000/A (sky130_fd_sc_hd__buf_12)
     2    0.08    0.10    0.19    7.73 ^ place28000/X (sky130_fd_sc_hd__buf_12)
                                         net27999 (net)
                  0.11    0.02    7.75 ^ interconnect_0/place27999/A (sky130_fd_sc_hd__buf_4)
     2    0.01    0.03    0.12    7.87 ^ interconnect_0/place27999/X (sky130_fd_sc_hd__buf_4)
                                         interconnect_0/net27998 (net)
                  0.03    0.00    7.87 ^ interconnect_0/_1393_/B2 (sky130_fd_sc_hd__a22oi_1)
     1    0.01    0.15    0.08    7.95 v interconnect_0/_1393_/Y (sky130_fd_sc_hd__a22oi_1)
                                         interconnect_0/_0562_ (net)
                  0.15    0.00    7.95 v interconnect_0/_1394_/C (sky130_fd_sc_hd__nand3_1)
     1    0.02    0.19    0.21    8.16 ^ interconnect_0/_1394_/Y (sky130_fd_sc_hd__nand3_1)
                                         m2_dr_data[6] (net)
                  0.19    0.00    8.17 ^ dma_config_0/dma_0/_2062_/A1 (sky130_fd_sc_hd__mux2i_1)
     1    0.00    0.09    0.10    8.27 v dma_config_0/dma_0/_2062_/Y (sky130_fd_sc_hd__mux2i_1)
                                         dma_config_0/dma_0/_0505_ (net)
                  0.09    0.00    8.27 v dma_config_0/dma_0/_2063_/B (sky130_fd_sc_hd__nor2_1)
     1    0.00    0.08    0.09    8.36 ^ dma_config_0/dma_0/_2063_/Y (sky130_fd_sc_hd__nor2_1)
                                         dma_config_0/dma_0/_0071_ (net)
                  0.08    0.00    8.36 ^ dma_config_0/dma_0/buffer_dma[6]$_SDFFE_PP0P_/D (sky130_fd_sc_hd__dfxtp_1)
                                  8.36   data arrival time

                  0.15   10.00   10.00   clock clk_s3 (rise edge)
                          0.00   10.00   clock network delay (ideal)
                         -0.25    9.75   clock uncertainty
                          0.00    9.75   clock reconvergence pessimism
                                  9.75 ^ dma_config_0/dma_0/buffer_dma[6]$_SDFFE_PP0P_/CLK (sky130_fd_sc_hd__dfxtp_1)
                         -0.05    9.70   library setup time
                                  9.70   data required time
-----------------------------------------------------------------------------
                                  9.70   data required time
                                 -8.36   data arrival time
-----------------------------------------------------------------------------
                                  1.34   slack (MET)


Startpoint: uart_0/fifo_uart_w/counter_2[0]$_SDFFE_PP0P_
            (rising edge-triggered flip-flop clocked by clk_s4)
Endpoint: uart_0/fifo_uart_r/mem[12][10]$_DFFE_PP_
          (rising edge-triggered flip-flop clocked by clk_s4)
Path Group: clk_s4
Path Type: max

Fanout     Cap    Slew   Delay    Time   Description
-----------------------------------------------------------------------------
                  0.15    0.00    0.00   clock clk_s4 (rise edge)
                          0.00    0.00   clock network delay (ideal)
                  0.15    0.00    0.00 ^ uart_0/fifo_uart_w/counter_2[0]$_SDFFE_PP0P_/CLK (sky130_fd_sc_hd__dfxtp_1)
    12    0.10    0.91    0.94    0.94 ^ uart_0/fifo_uart_w/counter_2[0]$_SDFFE_PP0P_/Q (sky130_fd_sc_hd__dfxtp_1)
                                         uart_0/fifo_uart_w/counter_2[0] (net)
                  0.91    0.00    0.94 ^ uart_0/fifo_uart_w/_894_/A (sky130_fd_sc_hd__ha_1)
     3    0.02    0.11    0.42    1.37 v uart_0/fifo_uart_w/_894_/SUM (sky130_fd_sc_hd__ha_1)
                                         uart_0/fifo_uart_w/counter_2_gray[0] (net)
                  0.11    0.00    1.37 v uart_0/fifo_uart_w/_449_/A (sky130_fd_sc_hd__xor2_1)
     1    0.01    0.09    0.21    1.57 v uart_0/fifo_uart_w/_449_/X (sky130_fd_sc_hd__xor2_1)
                                         uart_0/fifo_uart_w/_264_ (net)
                  0.09    0.00    1.58 v uart_0/fifo_uart_w/_450_/D (sky130_fd_sc_hd__nor4_4)
     6    0.02    0.41    0.32    1.89 ^ uart_0/fifo_uart_w/_450_/Y (sky130_fd_sc_hd__nor4_4)
                                         uart_0/fifo_uart_w/_265_ (net)
                  0.41    0.00    1.89 ^ uart_0/fifo_uart_w/_872_/A (sky130_fd_sc_hd__and2_1)
     2    0.05    0.48    0.50    2.39 ^ uart_0/fifo_uart_w/_872_/X (sky130_fd_sc_hd__and2_1)
                                         uart_0/fifo_empty (net)
                  0.48    0.00    2.39 ^ uart_0/_335_/A (sky130_fd_sc_hd__inv_1)
    11    0.05    0.27    0.34    2.74 v uart_0/_335_/Y (sky130_fd_sc_hd__inv_1)
                                         uart_0/addr_valid (net)
                  0.27    0.00    2.74 v uart_0/fifo_uart_w/_453_/B1_N (sky130_fd_sc_hd__a21bo_1)
     5    0.05    0.41    0.53    3.26 ^ uart_0/fifo_uart_w/_453_/X (sky130_fd_sc_hd__a21bo_1)
                                         uart_0/fifo_uart_w/_268_ (net)
                  0.41    0.01    3.27 ^ uart_0/fifo_uart_w/_479_/A (sky130_fd_sc_hd__nor3_2)
     1    0.00    0.08    0.09    3.36 v uart_0/fifo_uart_w/_479_/Y (sky130_fd_sc_hd__nor3_2)
                                         uart_0/fifo_data_read[38] (net)
                  0.08    0.00    3.36 v uart_0/uart_0/_0682_/A (sky130_fd_sc_hd__or4_1)
     1    0.03    0.20    0.68    4.04 v uart_0/uart_0/_0682_/X (sky130_fd_sc_hd__or4_1)
                                         uart_0/uart_0/_0192_ (net)
                  0.20    0.00    4.05 v uart_0/uart_0/_0683_/C (sky130_fd_sc_hd__nor3_1)
     1    0.00    0.16    0.19    4.24 ^ uart_0/uart_0/_0683_/Y (sky130_fd_sc_hd__nor3_1)
                                         uart_0/uart_0/_0193_ (net)
                  0.16    0.00    4.24 ^ uart_0/uart_0/place29072/A (sky130_fd_sc_hd__buf_4)
     9    0.05    0.15    0.23    4.47 ^ uart_0/uart_0/place29072/X (sky130_fd_sc_hd__buf_4)
                                         uart_0/uart_0/net29071 (net)
                  0.15    0.01    4.47 ^ uart_0/uart_0/_0686_/C (sky130_fd_sc_hd__and3_1)
    13    0.07    0.66    0.61    5.08 ^ uart_0/uart_0/_0686_/X (sky130_fd_sc_hd__and3_1)
                                         uart_0/uart_0/_0196_ (net)
                  0.66    0.00    5.09 ^ uart_0/uart_0/place28759/A (sky130_fd_sc_hd__buf_4)
    17    0.07    0.21    0.36    5.45 ^ uart_0/uart_0/place28759/X (sky130_fd_sc_hd__buf_4)
                                         uart_0/uart_0/net28758 (net)
                  0.21    0.00    5.45 ^ uart_0/uart_0/_0693_/A2 (sky130_fd_sc_hd__a22oi_1)
     1    0.00    0.10    0.12    5.57 v uart_0/uart_0/_0693_/Y (sky130_fd_sc_hd__a22oi_1)
                                         uart_0/uart_0/_0203_ (net)
                  0.10    0.00    5.57 v uart_0/uart_0/_0694_/B (sky130_fd_sc_hd__nor2_1)
    16    0.08    1.44    1.08    6.65 ^ uart_0/uart_0/_0694_/Y (sky130_fd_sc_hd__nor2_1)
                                         uart_0/data_out[10] (net)
                  1.44    0.02    6.67 ^ uart_0/fifo_uart_r/mem[12][10]$_DFFE_PP_/D (sky130_fd_sc_hd__edfxtp_1)
                                  6.67   data arrival time

                  0.15   40.00   40.00   clock clk_s4 (rise edge)
                          0.00   40.00   clock network delay (ideal)
                         -0.25   39.75   clock uncertainty
                          0.00   39.75   clock reconvergence pessimism
                                 39.75 ^ uart_0/fifo_uart_r/mem[12][10]$_DFFE_PP_/CLK (sky130_fd_sc_hd__edfxtp_1)
                         -0.39   39.36   library setup time
                                 39.36   data required time
-----------------------------------------------------------------------------
                                 39.36   data required time
                                 -6.67   data arrival time
-----------------------------------------------------------------------------
                                 32.70   slack (MET)


Startpoint: uart_clk_div/clk_div[0]$_SDFF_PP0_/Q
            (clock source 'uart_clk_div_clk_div2')
Endpoint: uart_clk_div/clk_div[1]$_SDFF_PP0_
          (rising edge-triggered flip-flop clocked by clk_s4_gate)
Path Group: clk_s4_gate
Path Type: max

Fanout     Cap    Slew   Delay    Time   Description
-----------------------------------------------------------------------------
                  0.15   40.00   40.00   clock uart_clk_div_clk_div2 (fall edge)
     3    0.01    0.04    0.00   40.00 v uart_clk_div/clk_div[0]$_SDFF_PP0_/Q (sky130_fd_sc_hd__dfxtp_1)
                                         uart_clk_div/clk_div2 (net)
                  0.04    0.00   40.00 v uart_clk_div/_11_/A (sky130_fd_sc_hd__ha_1)
     1    0.00    0.04    0.27   40.27 v uart_clk_div/_11_/SUM (sky130_fd_sc_hd__ha_1)
                                         uart_clk_div/_01_ (net)
                  0.04    0.00   40.27 v uart_clk_div/_06_/B_N (sky130_fd_sc_hd__nor2b_1)
     1    0.00    0.04    0.12   40.39 v uart_clk_div/_06_/Y (sky130_fd_sc_hd__nor2b_1)
                                         uart_clk_div/_02_ (net)
                  0.04    0.00   40.39 v uart_clk_div/clk_div[1]$_SDFF_PP0_/D (sky130_fd_sc_hd__dfxtp_1)
                                 40.39   data arrival time

                  0.15   80.00   80.00   clock clk_s4_gate (rise edge)
                          0.00   80.00   clock network delay (ideal)
                         -0.25   79.75   clock uncertainty
                          0.00   79.75   clock reconvergence pessimism
                                 79.75 ^ uart_clk_div/clk_div[1]$_SDFF_PP0_/CLK (sky130_fd_sc_hd__dfxtp_1)
                         -0.08   79.67   library setup time
                                 79.67   data required time
-----------------------------------------------------------------------------
                                 79.67   data required time
                                -40.39   data arrival time
-----------------------------------------------------------------------------
                                 39.28   slack (MET)


Startpoint: dot_0/fifo_timer_r/counter_1[1]$_SDFFE_PP0P_
            (rising edge-triggered flip-flop clocked by clk_s5)
Endpoint: dot_0/fifo_timer_r/mem[11][5]$_DFFE_PP_
          (rising edge-triggered flip-flop clocked by clk_s5)
Path Group: clk_s5
Path Type: max

Fanout     Cap    Slew   Delay    Time   Description
-----------------------------------------------------------------------------
                  0.15    0.00    0.00   clock clk_s5 (rise edge)
                          0.00    0.00   clock network delay (ideal)
                  0.15    0.00    0.00 ^ dot_0/fifo_timer_r/counter_1[1]$_SDFFE_PP0P_/CLK (sky130_fd_sc_hd__dfxtp_1)
     3    0.01    0.05    0.36    0.36 v dot_0/fifo_timer_r/counter_1[1]$_SDFFE_PP0P_/Q (sky130_fd_sc_hd__dfxtp_1)
                                         dot_0/fifo_timer_r/counter_1[1] (net)
                  0.05    0.00    0.36 v dot_0/fifo_timer_r/place31501/A (sky130_fd_sc_hd__buf_4)
     2    0.01    0.03    0.14    0.49 v dot_0/fifo_timer_r/place31501/X (sky130_fd_sc_hd__buf_4)
                                         dot_0/fifo_timer_r/net31500 (net)
                  0.03    0.00    0.49 v dot_0/fifo_timer_r/_748_/A (sky130_fd_sc_hd__ha_1)
     2    0.01    0.07    0.30    0.80 v dot_0/fifo_timer_r/_748_/SUM (sky130_fd_sc_hd__ha_1)
                                         dot_0/fifo_timer_r/counter_1_gray[1] (net)
                  0.07    0.00    0.80 v dot_0/fifo_timer_r/_652_/A (sky130_fd_sc_hd__xor2_1)
     1    0.01    0.16    0.19    0.99 ^ dot_0/fifo_timer_r/_652_/X (sky130_fd_sc_hd__xor2_1)
                                         dot_0/fifo_timer_r/_326_ (net)
                  0.16    0.00    0.99 ^ dot_0/fifo_timer_r/place30854/A (sky130_fd_sc_hd__buf_4)
     1    0.01    0.04    0.15    1.14 ^ dot_0/fifo_timer_r/place30854/X (sky130_fd_sc_hd__buf_4)
                                         dot_0/fifo_timer_r/net30853 (net)
                  0.04    0.00    1.14 ^ dot_0/fifo_timer_r/_654_/C (sky130_fd_sc_hd__nor4_4)
     2    0.01    0.03    0.04    1.18 v dot_0/fifo_timer_r/_654_/Y (sky130_fd_sc_hd__nor4_4)
                                         dot_0/fifo_timer_r/_328_ (net)
                  0.03    0.00    1.18 v dot_0/fifo_timer_r/_730_/A (sky130_fd_sc_hd__and2_2)
     1    0.06    0.15    0.28    1.45 v dot_0/fifo_timer_r/_730_/X (sky130_fd_sc_hd__and2_2)
                                         dot_0/fifo_full (net)
                  0.16    0.01    1.47 v dot_0/place30258/A (sky130_fd_sc_hd__buf_12)
     1    0.11    0.06    0.21    1.67 v dot_0/place30258/X (sky130_fd_sc_hd__buf_12)
                                         dot_0/net30257 (net)
                  0.10    0.04    1.71 v dot_0/_416_/C (sky130_fd_sc_hd__nor3_2)
     1    0.01    0.22    0.19    1.90 ^ dot_0/_416_/Y (sky130_fd_sc_hd__nor3_2)
                                         dot_0/r_en_1 (net)
                  0.22    0.00    1.90 ^ dot_0/place30147/A (sky130_fd_sc_hd__buf_12)
     4    0.05    0.07    0.17    2.07 ^ dot_0/place30147/X (sky130_fd_sc_hd__buf_12)
                                         dot_0/net30146 (net)
                  0.07    0.00    2.07 ^ dot_0/fifo_timer_w1/_386_/B1_N (sky130_fd_sc_hd__a21bo_2)
     5    0.07    0.17    0.35    2.43 v dot_0/fifo_timer_w1/_386_/X (sky130_fd_sc_hd__a21bo_2)
                                         dot_0/fifo_timer_w1/_096_ (net)
                  0.18    0.01    2.44 v dot_0/fifo_timer_w1/place29970/A (sky130_fd_sc_hd__buf_4)
     4    0.02    0.04    0.21    2.64 v dot_0/fifo_timer_w1/place29970/X (sky130_fd_sc_hd__buf_4)
                                         dot_0/fifo_timer_w1/net29969 (net)
                  0.04    0.00    2.64 v dot_0/fifo_timer_w1/_596_/A (sky130_fd_sc_hd__nor3_1)
     1    0.05    1.30    1.02    3.67 ^ dot_0/fifo_timer_w1/_596_/Y (sky130_fd_sc_hd__nor3_1)
                                         dot_0/fifo_data_read_1[6] (net)
                  1.30    0.01    3.68 ^ dot_0/fp4_dot_0/fp4_1/place29735/A (sky130_fd_sc_hd__buf_4)
     2    0.01    0.08    0.29    3.96 ^ dot_0/fp4_dot_0/fp4_1/place29735/X (sky130_fd_sc_hd__buf_4)
                                         dot_0/fp4_dot_0/fp4_1/net29734 (net)
                  0.08    0.00    3.96 ^ dot_0/fp4_dot_0/fp4_1/_57_/A (sky130_fd_sc_hd__inv_1)
     1    0.00    0.03    0.05    4.01 v dot_0/fp4_dot_0/fp4_1/_57_/Y (sky130_fd_sc_hd__inv_1)
                                         dot_0/fp4_dot_0/fp4_1/_05_ (net)
                  0.03    0.00    4.01 v dot_0/fp4_dot_0/fp4_1/_76_/B (sky130_fd_sc_hd__ha_1)
     2    0.01    0.07    0.20    4.21 v dot_0/fp4_dot_0/fp4_1/_76_/COUT (sky130_fd_sc_hd__ha_1)
                                         dot_0/fp4_dot_0/fp4_1/_06_ (net)
                  0.07    0.00    4.21 v dot_0/fp4_dot_0/fp4_1/_48_/B (sky130_fd_sc_hd__nor2_1)
     1    0.00    0.11    0.11    4.32 ^ dot_0/fp4_dot_0/fp4_1/_48_/Y (sky130_fd_sc_hd__nor2_1)
                                         dot_0/fp4_dot_0/fp4_1/expa[0] (net)
                  0.11    0.00    4.32 ^ dot_0/fp4_dot_0/fp4_1/_83_/A (sky130_fd_sc_hd__ha_1)
     1    0.01    0.08    0.18    4.50 ^ dot_0/fp4_dot_0/fp4_1/_83_/COUT (sky130_fd_sc_hd__ha_1)
                                         dot_0/fp4_dot_0/fp4_1/_33_ (net)
                  0.08    0.00    4.50 ^ dot_0/fp4_dot_0/fp4_1/_75_/CIN (sky130_fd_sc_hd__fa_1)
     2    0.01    0.11    0.45    4.95 v dot_0/fp4_dot_0/fp4_1/_75_/SUM (sky130_fd_sc_hd__fa_1)
                                         dot_0/fp4_dot_0/fp4_1/sum1[1] (net)
                  0.11    0.00    4.95 v dot_0/fp4_dot_0/fp4_1/_46_/A (sky130_fd_sc_hd__inv_1)
     1    0.01    0.07    0.10    5.06 ^ dot_0/fp4_dot_0/fp4_1/_46_/Y (sky130_fd_sc_hd__inv_1)
                                         dot_0/fp4_dot_0/fp4_1/_08_ (net)
                  0.07    0.00    5.06 ^ dot_0/fp4_dot_0/fp4_1/_78_/B (sky130_fd_sc_hd__ha_1)
     1    0.01    0.08    0.16    5.22 ^ dot_0/fp4_dot_0/fp4_1/_78_/COUT (sky130_fd_sc_hd__ha_1)
                                         dot_0/fp4_dot_0/fp4_1/_09_ (net)
                  0.08    0.00    5.22 ^ dot_0/fp4_dot_0/fp4_1/_44_/A (sky130_fd_sc_hd__xnor2_1)
     1    0.01    0.16    0.13    5.35 ^ dot_0/fp4_dot_0/fp4_1/_44_/Y (sky130_fd_sc_hd__xnor2_1)
                                         dot_0/fp4_dot_0/fp4_1/_22_ (net)
                  0.16    0.00    5.35 ^ dot_0/fp4_dot_0/fp4_1/_45_/B (sky130_fd_sc_hd__nor2_1)
     1    0.01    0.10    0.09    5.44 v dot_0/fp4_dot_0/fp4_1/_45_/Y (sky130_fd_sc_hd__nor2_1)
                                         dot_0/fp4_dot_0/fp4_1/sum2[2] (net)
                  0.10    0.00    5.44 v dot_0/fp4_dot_0/fp4_1/_79_/A (sky130_fd_sc_hd__ha_1)
     3    0.01    0.09    0.36    5.80 v dot_0/fp4_dot_0/fp4_1/_79_/SUM (sky130_fd_sc_hd__ha_1)
                                         dot_0/fp4_dot_0/fp4_1/_12_ (net)
                  0.09    0.00    5.80 v dot_0/fp4_dot_0/fp4_1/_50_/A1 (sky130_fd_sc_hd__a21oi_1)
     1    0.01    0.17    0.19    5.98 ^ dot_0/fp4_dot_0/fp4_1/_50_/Y (sky130_fd_sc_hd__a21oi_1)
                                         dot_0/fp4_dot_0/fp4_1/_24_ (net)
                  0.17    0.00    5.98 ^ dot_0/fp4_dot_0/fp4_1/_51_/B (sky130_fd_sc_hd__nand2_1)
     1    0.00    0.05    0.08    6.06 v dot_0/fp4_dot_0/fp4_1/_51_/Y (sky130_fd_sc_hd__nand2_1)
                                         dot_0/fp4_dot_0/fp4_1/_25_ (net)
                  0.05    0.00    6.06 v dot_0/fp4_dot_0/fp4_1/_56_/A (sky130_fd_sc_hd__xnor3_1)
     2    0.01    0.10    0.39    6.46 v dot_0/fp4_dot_0/fp4_1/_56_/X (sky130_fd_sc_hd__xnor3_1)
                                         dot_0/fp4_dot_0/y_1[6] (net)
                  0.10    0.00    6.46 v dot_0/fp4_dot_0/add0/_0734_/A (sky130_fd_sc_hd__inv_1)
     2    0.01    0.07    0.09    6.55 ^ dot_0/fp4_dot_0/add0/_0734_/Y (sky130_fd_sc_hd__inv_1)
                                         dot_0/fp4_dot_0/add0/_0139_ (net)
                  0.07    0.00    6.55 ^ dot_0/fp4_dot_0/add0/_0817_/A2 (sky130_fd_sc_hd__a31oi_1)
     3    0.01    0.12    0.13    6.68 v dot_0/fp4_dot_0/add0/_0817_/Y (sky130_fd_sc_hd__a31oi_1)
                                         dot_0/fp4_dot_0/add0/_0056_ (net)
                  0.12    0.00    6.68 v dot_0/fp4_dot_0/add0/_1370_/B (sky130_fd_sc_hd__ha_1)
     2    0.02    0.11    0.28    6.96 v dot_0/fp4_dot_0/add0/_1370_/COUT (sky130_fd_sc_hd__ha_1)
                                         dot_0/fp4_dot_0/add0/_0018_ (net)
                  0.11    0.00    6.96 v dot_0/fp4_dot_0/add0/_1357_/CIN (sky130_fd_sc_hd__fa_1)
     2    0.01    0.09    0.41    7.37 v dot_0/fp4_dot_0/add0/_1357_/COUT (sky130_fd_sc_hd__fa_1)
                                         dot_0/fp4_dot_0/add0/_0019_ (net)
                  0.09    0.00    7.37 v dot_0/fp4_dot_0/add0/_0858_/A (sky130_fd_sc_hd__nor2b_1)
     1    0.00    0.12    0.15    7.52 ^ dot_0/fp4_dot_0/add0/_0858_/Y (sky130_fd_sc_hd__nor2b_1)
                                         dot_0/fp4_dot_0/add0/_0273_ (net)
                  0.12    0.00    7.52 ^ dot_0/fp4_dot_0/add0/_0859_/A2 (sky130_fd_sc_hd__o21ai_0)
     2    0.01    0.10    0.12    7.64 v dot_0/fp4_dot_0/add0/_0859_/Y (sky130_fd_sc_hd__o21ai_0)
                                         dot_0/fp4_dot_0/add0/_0274_ (net)
                  0.10    0.00    7.64 v dot_0/fp4_dot_0/add0/_0861_/A2 (sky130_fd_sc_hd__a211oi_1)
     3    0.01    0.41    0.42    8.06 ^ dot_0/fp4_dot_0/add0/_0861_/Y (sky130_fd_sc_hd__a211oi_1)
                                         dot_0/fp4_dot_0/add0/_0276_ (net)
                  0.41    0.00    8.06 ^ dot_0/fp4_dot_0/add0/_0865_/B (sky130_fd_sc_hd__nand2_1)
     2    0.01    0.11    0.15    8.21 v dot_0/fp4_dot_0/add0/_0865_/Y (sky130_fd_sc_hd__nand2_1)
                                         dot_0/fp4_dot_0/add0/_0088_ (net)
                  0.11    0.00    8.21 v dot_0/fp4_dot_0/add0/_1381_/A (sky130_fd_sc_hd__ha_1)
     2    0.01    0.06    0.24    8.45 v dot_0/fp4_dot_0/add0/_1381_/COUT (sky130_fd_sc_hd__ha_1)
                                         dot_0/fp4_dot_0/add0/_0090_ (net)
                  0.06    0.00    8.45 v dot_0/fp4_dot_0/add0/_1251_/A (sky130_fd_sc_hd__nor3_1)
     2    0.01    0.36    0.34    8.79 ^ dot_0/fp4_dot_0/add0/_1251_/Y (sky130_fd_sc_hd__nor3_1)
                                         dot_0/fp4_dot_0/add0/_0629_ (net)
                  0.36    0.00    8.79 ^ dot_0/fp4_dot_0/add0/_1253_/A3 (sky130_fd_sc_hd__o31ai_1)
     1    0.00    0.09    0.12    8.91 v dot_0/fp4_dot_0/add0/_1253_/Y (sky130_fd_sc_hd__o31ai_1)
                                         dot_0/fp4_dot_0/add0/_0631_ (net)
                  0.09    0.00    8.91 v dot_0/fp4_dot_0/add0/_1254_/B1 (sky130_fd_sc_hd__a2111oi_2)
     1    0.00    0.27    0.34    9.26 ^ dot_0/fp4_dot_0/add0/_1254_/Y (sky130_fd_sc_hd__a2111oi_2)
                                         dot_0/fp4_dot_0/add0/_0632_ (net)
                  0.27    0.00    9.26 ^ dot_0/fp4_dot_0/add0/place25334/A (sky130_fd_sc_hd__buf_4)
     3    0.02    0.07    0.20    9.46 ^ dot_0/fp4_dot_0/add0/place25334/X (sky130_fd_sc_hd__buf_4)
                                         dot_0/fp4_dot_0/add0/net25333 (net)
                  0.07    0.00    9.46 ^ dot_0/fp4_dot_0/add0/_1255_/S (sky130_fd_sc_hd__mux2i_1)
     2    0.01    0.32    0.33    9.79 ^ dot_0/fp4_dot_0/add0/_1255_/Y (sky130_fd_sc_hd__mux2i_1)
                                         dot_0/fp4_dot_0/add0/_0633_ (net)
                  0.32    0.00    9.79 ^ dot_0/fp4_dot_0/add0/_1258_/A_N (sky130_fd_sc_hd__nand2b_1)
     2    0.01    0.08    0.18    9.97 ^ dot_0/fp4_dot_0/add0/_1258_/Y (sky130_fd_sc_hd__nand2b_1)
                                         dot_0/fp4_dot_0/add0/_0636_ (net)
                  0.08    0.00    9.97 ^ dot_0/fp4_dot_0/add0/_1259_/B1 (sky130_fd_sc_hd__a221o_1)
     1    0.01    0.10    0.18   10.15 ^ dot_0/fp4_dot_0/add0/_1259_/X (sky130_fd_sc_hd__a221o_1)
                                         dot_0/fp4_dot_0/add0/_0637_ (net)
                  0.10    0.00   10.15 ^ dot_0/fp4_dot_0/add0/_1272_/A2 (sky130_fd_sc_hd__a31oi_1)
     1    0.00    0.08    0.09   10.24 v dot_0/fp4_dot_0/add0/_1272_/Y (sky130_fd_sc_hd__a31oi_1)
                                         dot_0/fp4_dot_0/add0/_0650_ (net)
                  0.08    0.00   10.24 v dot_0/fp4_dot_0/add0/_1273_/B1 (sky130_fd_sc_hd__a31oi_1)
     1    0.01    0.17    0.18   10.42 ^ dot_0/fp4_dot_0/add0/_1273_/Y (sky130_fd_sc_hd__a31oi_1)
                                         dot_0/fp4_dot_0/add0/_0651_ (net)
                  0.17    0.00   10.42 ^ dot_0/fp4_dot_0/add0/_1275_/A1 (sky130_fd_sc_hd__o21ai_1)
     1    0.00    0.09    0.10   10.52 v dot_0/fp4_dot_0/add0/_1275_/Y (sky130_fd_sc_hd__o21ai_1)
                                         dot_0/fp4_dot_0/add0/_0653_ (net)
                  0.09    0.00   10.52 v dot_0/fp4_dot_0/add0/place25237/A (sky130_fd_sc_hd__buf_4)
     1    0.01    0.04    0.17   10.68 v dot_0/fp4_dot_0/add0/place25237/X (sky130_fd_sc_hd__buf_4)
                                         dot_0/fp4_dot_0/add0/net25236 (net)
                  0.04    0.00   10.68 v dot_0/fp4_dot_0/add0/_1276_/B (sky130_fd_sc_hd__xnor2_1)
     1    0.01    0.09    0.14   10.82 v dot_0/fp4_dot_0/add0/_1276_/Y (sky130_fd_sc_hd__xnor2_1)
                                         dot_0/fp4_dot_0/add0/_0009_ (net)
                  0.09    0.00   10.82 v dot_0/fp4_dot_0/add0/_1355_/B (sky130_fd_sc_hd__fa_1)
     2    0.02    0.14    0.48   11.30 v dot_0/fp4_dot_0/add0/_1355_/COUT (sky130_fd_sc_hd__fa_1)
                                         dot_0/fp4_dot_0/add0/_0003_ (net)
                  0.14    0.00   11.31 v dot_0/fp4_dot_0/add0/_1354_/A (sky130_fd_sc_hd__fa_1)
     3    0.02    0.14    0.53   11.84 v dot_0/fp4_dot_0/add0/_1354_/COUT (sky130_fd_sc_hd__fa_1)
                                         dot_0/fp4_dot_0/add0/_0006_ (net)
                  0.14    0.00   11.84 v dot_0/fp4_dot_0/add0/place25189/A (sky130_fd_sc_hd__buf_4)
     1    0.01    0.03    0.18   12.02 v dot_0/fp4_dot_0/add0/place25189/X (sky130_fd_sc_hd__buf_4)
                                         dot_0/fp4_dot_0/add0/net25188 (net)
                  0.03    0.00   12.02 v dot_0/fp4_dot_0/add0/_0745_/A1 (sky130_fd_sc_hd__a211oi_4)
     2    0.01    0.24    0.25   12.27 ^ dot_0/fp4_dot_0/add0/_0745_/Y (sky130_fd_sc_hd__a211oi_4)
                                         dot_0/fp4_dot_0/add0/_0173_ (net)
                  0.24    0.00   12.27 ^ dot_0/fp4_dot_0/add0/place25176/A (sky130_fd_sc_hd__buf_4)
     2    0.01    0.05    0.17   12.44 ^ dot_0/fp4_dot_0/add0/place25176/X (sky130_fd_sc_hd__buf_4)
                                         dot_0/fp4_dot_0/add0/net25175 (net)
                  0.05    0.00   12.44 ^ dot_0/fp4_dot_0/add0/_0759_/A (sky130_fd_sc_hd__nor2_2)
     4    0.02    0.11    0.07   12.50 v dot_0/fp4_dot_0/add0/_0759_/Y (sky130_fd_sc_hd__nor2_2)
                                         dot_0/fp4_dot_0/add0/_0187_ (net)
                  0.11    0.00   12.51 v dot_0/fp4_dot_0/add0/_0760_/B (sky130_fd_sc_hd__xnor2_1)
     1    0.00    0.06    0.15   12.66 v dot_0/fp4_dot_0/add0/_0760_/Y (sky130_fd_sc_hd__xnor2_1)
                                         dot_0/fp4_dot_0/add0/_0188_ (net)
                  0.06    0.00   12.66 v dot_0/fp4_dot_0/add0/place25118/A (sky130_fd_sc_hd__buf_4)
     2    0.01    0.03    0.14   12.80 v dot_0/fp4_dot_0/add0/place25118/X (sky130_fd_sc_hd__buf_4)
                                         dot_0/fp4_dot_0/add0/net25117 (net)
                  0.03    0.00   12.80 v dot_0/fp4_dot_0/add0/_0768_/A2 (sky130_fd_sc_hd__a21oi_1)
     1    0.01    0.20    0.20   13.00 ^ dot_0/fp4_dot_0/add0/_0768_/Y (sky130_fd_sc_hd__a21oi_1)
                                         dot_0/fp4_dot_0/add0/_0196_ (net)
                  0.20    0.00   13.00 ^ dot_0/fp4_dot_0/add0/_0779_/A2 (sky130_fd_sc_hd__o21a_1)
     2    0.01    0.08    0.16   13.16 ^ dot_0/fp4_dot_0/add0/_0779_/X (sky130_fd_sc_hd__o21a_1)
                                         dot_0/fp4_dot_0/add0/_0207_ (net)
                  0.08    0.00   13.16 ^ dot_0/fp4_dot_0/add0/_0805_/A1 (sky130_fd_sc_hd__a21o_1)
     2    0.02    0.18    0.21   13.38 ^ dot_0/fp4_dot_0/add0/_0805_/X (sky130_fd_sc_hd__a21o_1)
                                         dot_0/fp4_dot_0/add0/_0233_ (net)
                  0.18    0.00   13.38 ^ dot_0/fp4_dot_0/add0/_1379_/A (sky130_fd_sc_hd__ha_1)
     2    0.01    0.10    0.21   13.59 ^ dot_0/fp4_dot_0/add0/_1379_/COUT (sky130_fd_sc_hd__ha_1)
                                         dot_0/fp4_dot_0/add0/_0085_ (net)
                  0.10    0.00   13.59 ^ dot_0/fp4_dot_0/add0/_0869_/A (sky130_fd_sc_hd__inv_1)
     1    0.01    0.05    0.07   13.66 v dot_0/fp4_dot_0/add0/_0869_/Y (sky130_fd_sc_hd__inv_1)
                                         dot_0/fp4_dot_0/add0/_0012_ (net)
                  0.05    0.00   13.66 v dot_0/fp4_dot_0/add0/_1356_/A (sky130_fd_sc_hd__fa_1)
     4    0.01    0.13    0.49   14.15 v dot_0/fp4_dot_0/add0/_1356_/COUT (sky130_fd_sc_hd__fa_1)
                                         dot_0/fp4_dot_0/add0/_0015_ (net)
                  0.13    0.00   14.16 v dot_0/fp4_dot_0/add0/_0890_/B1_N (sky130_fd_sc_hd__o21ba_2)
     1    0.00    0.03    0.26   14.41 ^ dot_0/fp4_dot_0/add0/_0890_/X (sky130_fd_sc_hd__o21ba_2)
                                         dot_0/fp4_dot_0/add0/_0299_ (net)
                  0.03    0.00   14.41 ^ dot_0/fp4_dot_0/add0/_0891_/B1 (sky130_fd_sc_hd__o32a_1)
     2    0.01    0.11    0.18   14.59 ^ dot_0/fp4_dot_0/add0/_0891_/X (sky130_fd_sc_hd__o32a_1)
                                         dot_0/fp4_dot_0/add0/_0300_ (net)
                  0.11    0.00   14.59 ^ dot_0/fp4_dot_0/add0/_0892_/A3 (sky130_fd_sc_hd__a31o_1)
     3    0.02    0.19    0.26   14.85 ^ dot_0/fp4_dot_0/add0/_0892_/X (sky130_fd_sc_hd__a31o_1)
                                         dot_0/fp4_dot_0/add0/_0301_ (net)
                  0.19    0.00   14.85 ^ dot_0/fp4_dot_0/add0/_0893_/B1 (sky130_fd_sc_hd__a21oi_2)
     2    0.01    0.06    0.07   14.92 v dot_0/fp4_dot_0/add0/_0893_/Y (sky130_fd_sc_hd__a21oi_2)
                                         dot_0/fp4_dot_0/add0/_0302_ (net)
                  0.06    0.00   14.92 v dot_0/fp4_dot_0/add0/_0966_/A2 (sky130_fd_sc_hd__a31oi_2)
     6    0.04    0.55    0.49   15.41 ^ dot_0/fp4_dot_0/add0/_0966_/Y (sky130_fd_sc_hd__a31oi_2)
                                         dot_0/fp4_dot_0/add0/_0369_ (net)
                  0.55    0.00   15.41 ^ dot_0/fp4_dot_0/add0/_1119_/B (sky130_fd_sc_hd__nand4_1)
     2    0.02    0.30    0.37   15.78 v dot_0/fp4_dot_0/add0/_1119_/Y (sky130_fd_sc_hd__nand4_1)
                                         dot_0/fp4_dot_0/add0/_0516_ (net)
                  0.30    0.00   15.78 v dot_0/fp4_dot_0/add0/_1142_/B2 (sky130_fd_sc_hd__o221a_1)
     1    0.00    0.05    0.31   16.09 v dot_0/fp4_dot_0/add0/_1142_/X (sky130_fd_sc_hd__o221a_1)
                                         dot_0/fp4_dot_0/add0/_0537_ (net)
                  0.05    0.00   16.09 v dot_0/fp4_dot_0/add0/_1144_/A3 (sky130_fd_sc_hd__a31oi_1)
     2    0.03    0.68    0.54   16.63 ^ dot_0/fp4_dot_0/add0/_1144_/Y (sky130_fd_sc_hd__a31oi_1)
                                         dot_0/fp4_dot_0/add0/_0000_ (net)
                  0.68    0.00   16.63 ^ dot_0/fp4_dot_0/add0/_1334_/B1 (sky130_fd_sc_hd__a21oi_1)
     1    0.00    0.13    0.09   16.72 v dot_0/fp4_dot_0/add0/_1334_/Y (sky130_fd_sc_hd__a21oi_1)
                                         dot_0/fp4_dot_0/add0/_0694_ (net)
                  0.13    0.00   16.72 v dot_0/fp4_dot_0/add0/_1344_/A3 (sky130_fd_sc_hd__a32oi_1)
     1    0.00    0.16    0.23   16.95 ^ dot_0/fp4_dot_0/add0/_1344_/Y (sky130_fd_sc_hd__a32oi_1)
                                         dot_0/fp4_dot_0/add0/_0002_ (net)
                  0.16    0.00   16.95 ^ dot_0/fp4_dot_0/add0/place24624/A (sky130_fd_sc_hd__buf_4)
     1    0.02    0.06    0.16   17.11 ^ dot_0/fp4_dot_0/add0/place24624/X (sky130_fd_sc_hd__buf_4)
                                         dot_0/fp4_dot_0/add0/net24623 (net)
                  0.06    0.00   17.11 ^ dot_0/fp4_dot_0/add0/_1402_/B (sky130_fd_sc_hd__ha_1)
     1    0.00    0.06    0.15   17.26 ^ dot_0/fp4_dot_0/add0/_1402_/COUT (sky130_fd_sc_hd__ha_1)
                                         dot_0/fp4_dot_0/add0/_0711_ (net)
                  0.06    0.00   17.26 ^ dot_0/fp4_dot_0/add0/_1387_/A (sky130_fd_sc_hd__ha_1)
     3    0.01    0.11    0.19   17.46 ^ dot_0/fp4_dot_0/add0/_1387_/COUT (sky130_fd_sc_hd__ha_1)
                                         dot_0/fp4_dot_0/add0/_0103_ (net)
                  0.11    0.00   17.46 ^ dot_0/fp4_dot_0/add0/_1038_/B (sky130_fd_sc_hd__nand2_1)
     2    0.01    0.06    0.09   17.55 v dot_0/fp4_dot_0/add0/_1038_/Y (sky130_fd_sc_hd__nand2_1)
                                         dot_0/fp4_dot_0/add0/_0441_ (net)
                  0.06    0.00   17.55 v dot_0/fp4_dot_0/add0/_1039_/B (sky130_fd_sc_hd__nor2_1)
     2    0.01    0.22    0.19   17.74 ^ dot_0/fp4_dot_0/add0/_1039_/Y (sky130_fd_sc_hd__nor2_1)
                                         dot_0/fp4_dot_0/add0/_0442_ (net)
                  0.22    0.00   17.74 ^ dot_0/fp4_dot_0/add0/_1055_/A3 (sky130_fd_sc_hd__a31o_4)
     2    0.01    0.06    0.20   17.94 ^ dot_0/fp4_dot_0/add0/_1055_/X (sky130_fd_sc_hd__a31o_4)
                                         dot_0/fp4_dot_0/add0/_0458_ (net)
                  0.06    0.00   17.94 ^ dot_0/fp4_dot_0/add0/_1058_/B (sky130_fd_sc_hd__nand3_2)
     2    0.01    0.06    0.08   18.02 v dot_0/fp4_dot_0/add0/_1058_/Y (sky130_fd_sc_hd__nand3_2)
                                         dot_0/fp4_dot_0/add0/_0461_ (net)
                  0.06    0.00   18.02 v dot_0/fp4_dot_0/add0/_1066_/A3 (sky130_fd_sc_hd__a31oi_1)
     2    0.03    0.73    0.58   18.60 ^ dot_0/fp4_dot_0/add0/_1066_/Y (sky130_fd_sc_hd__a31oi_1)
                                         dot_0/fp4_dot_0/add_0[6] (net)
                  0.73    0.00   18.60 ^ dot_0/fp4_dot_0/add4/_0811_/A (sky130_fd_sc_hd__nor2_1)
     2    0.01    0.15    0.16   18.76 v dot_0/fp4_dot_0/add4/_0811_/Y (sky130_fd_sc_hd__nor2_1)
                                         dot_0/fp4_dot_0/add4/_0236_ (net)
                  0.15    0.00   18.76 v dot_0/fp4_dot_0/add4/_0812_/A2 (sky130_fd_sc_hd__a21oi_1)
     1    0.01    0.30    0.32   19.08 ^ dot_0/fp4_dot_0/add4/_0812_/Y (sky130_fd_sc_hd__a21oi_1)
                                         dot_0/fp4_dot_0/add4/_0054_ (net)
                  0.30    0.00   19.08 ^ dot_0/fp4_dot_0/add4/place24522/A (sky130_fd_sc_hd__buf_4)
     2    0.01    0.04    0.18   19.26 ^ dot_0/fp4_dot_0/add4/place24522/X (sky130_fd_sc_hd__buf_4)
                                         dot_0/fp4_dot_0/add4/net24521 (net)
                  0.04    0.00   19.26 ^ dot_0/fp4_dot_0/add4/_0813_/A (sky130_fd_sc_hd__inv_1)
     2    0.01    0.04    0.05   19.31 v dot_0/fp4_dot_0/add4/_0813_/Y (sky130_fd_sc_hd__inv_1)
                                         dot_0/fp4_dot_0/add4/exp_a[0] (net)
                  0.04    0.00   19.31 v dot_0/fp4_dot_0/add4/_1370_/A (sky130_fd_sc_hd__ha_1)
     2    0.02    0.10    0.25   19.56 v dot_0/fp4_dot_0/add4/_1370_/COUT (sky130_fd_sc_hd__ha_1)
                                         dot_0/fp4_dot_0/add4/_0018_ (net)
                  0.10    0.00   19.56 v dot_0/fp4_dot_0/add4/_1357_/CIN (sky130_fd_sc_hd__fa_1)
     2    0.01    0.11    0.43   20.00 v dot_0/fp4_dot_0/add4/_1357_/COUT (sky130_fd_sc_hd__fa_1)
                                         dot_0/fp4_dot_0/add4/_0019_ (net)
                  0.11    0.00   20.00 v dot_0/fp4_dot_0/add4/_0858_/A (sky130_fd_sc_hd__nor2b_1)
     1    0.00    0.10    0.14   20.14 ^ dot_0/fp4_dot_0/add4/_0858_/Y (sky130_fd_sc_hd__nor2b_1)
                                         dot_0/fp4_dot_0/add4/_0273_ (net)
                  0.10    0.00   20.14 ^ dot_0/fp4_dot_0/add4/_0859_/A2 (sky130_fd_sc_hd__o21ai_0)
     2    0.01    0.13    0.14   20.28 v dot_0/fp4_dot_0/add4/_0859_/Y (sky130_fd_sc_hd__o21ai_0)
                                         dot_0/fp4_dot_0/add4/_0274_ (net)
                  0.13    0.00   20.28 v dot_0/fp4_dot_0/add4/_0861_/A2 (sky130_fd_sc_hd__a211oi_1)
     1    0.00    0.20    0.27   20.55 ^ dot_0/fp4_dot_0/add4/_0861_/Y (sky130_fd_sc_hd__a211oi_1)
                                         dot_0/fp4_dot_0/add4/_0276_ (net)
                  0.20    0.00   20.55 ^ dot_0/fp4_dot_0/add4/place24411/A (sky130_fd_sc_hd__buf_4)
     3    0.02    0.06    0.17   20.72 ^ dot_0/fp4_dot_0/add4/place24411/X (sky130_fd_sc_hd__buf_4)
                                         dot_0/fp4_dot_0/add4/net24410 (net)
                  0.06    0.00   20.72 ^ dot_0/fp4_dot_0/add4/_0865_/B (sky130_fd_sc_hd__nand2_1)
     2    0.01    0.06    0.08   20.80 v dot_0/fp4_dot_0/add4/_0865_/Y (sky130_fd_sc_hd__nand2_1)
                                         dot_0/fp4_dot_0/add4/_0088_ (net)
                  0.06    0.00   20.80 v dot_0/fp4_dot_0/add4/_1381_/A (sky130_fd_sc_hd__ha_1)
     2    0.01    0.07    0.24   21.03 v dot_0/fp4_dot_0/add4/_1381_/COUT (sky130_fd_sc_hd__ha_1)
                                         dot_0/fp4_dot_0/add4/_0090_ (net)
                  0.07    0.00   21.03 v dot_0/fp4_dot_0/add4/_1251_/A (sky130_fd_sc_hd__nor3_1)
     2    0.01    0.37    0.36   21.39 ^ dot_0/fp4_dot_0/add4/_1251_/Y (sky130_fd_sc_hd__nor3_1)
                                         dot_0/fp4_dot_0/add4/_0629_ (net)
                  0.37    0.00   21.39 ^ dot_0/fp4_dot_0/add4/_1253_/A3 (sky130_fd_sc_hd__o31ai_1)
     1    0.01    0.09    0.13   21.52 v dot_0/fp4_dot_0/add4/_1253_/Y (sky130_fd_sc_hd__o31ai_1)
                                         dot_0/fp4_dot_0/add4/_0631_ (net)
                  0.09    0.00   21.52 v dot_0/fp4_dot_0/add4/_1254_/B1 (sky130_fd_sc_hd__a2111oi_2)
     1    0.00    0.28    0.36   21.88 ^ dot_0/fp4_dot_0/add4/_1254_/Y (sky130_fd_sc_hd__a2111oi_2)
                                         dot_0/fp4_dot_0/add4/_0632_ (net)
                  0.28    0.00   21.88 ^ dot_0/fp4_dot_0/add4/place24317/A (sky130_fd_sc_hd__buf_4)
     3    0.02    0.07    0.20   22.08 ^ dot_0/fp4_dot_0/add4/place24317/X (sky130_fd_sc_hd__buf_4)
                                         dot_0/fp4_dot_0/add4/net24316 (net)
                  0.07    0.00   22.08 ^ dot_0/fp4_dot_0/add4/_1255_/S (sky130_fd_sc_hd__mux2i_1)
     1    0.00    0.05    0.07   22.15 v dot_0/fp4_dot_0/add4/_1255_/Y (sky130_fd_sc_hd__mux2i_1)
                                         dot_0/fp4_dot_0/add4/_0633_ (net)
                  0.05    0.00   22.15 v dot_0/fp4_dot_0/add4/place24312/A (sky130_fd_sc_hd__buf_4)
     3    0.02    0.04    0.15   22.30 v dot_0/fp4_dot_0/add4/place24312/X (sky130_fd_sc_hd__buf_4)
                                         dot_0/fp4_dot_0/add4/net24311 (net)
                  0.04    0.00   22.30 v dot_0/fp4_dot_0/add4/_1258_/A_N (sky130_fd_sc_hd__nand2b_1)
     2    0.01    0.06    0.15   22.45 v dot_0/fp4_dot_0/add4/_1258_/Y (sky130_fd_sc_hd__nand2b_1)
                                         dot_0/fp4_dot_0/add4/_0636_ (net)
                  0.06    0.00   22.45 v dot_0/fp4_dot_0/add4/_1259_/B1 (sky130_fd_sc_hd__a221o_1)
     1    0.00    0.06    0.30   22.76 v dot_0/fp4_dot_0/add4/_1259_/X (sky130_fd_sc_hd__a221o_1)
                                         dot_0/fp4_dot_0/add4/_0637_ (net)
                  0.06    0.00   22.76 v dot_0/fp4_dot_0/add4/_1272_/A2 (sky130_fd_sc_hd__a31oi_1)
     1    0.01    0.19    0.22   22.98 ^ dot_0/fp4_dot_0/add4/_1272_/Y (sky130_fd_sc_hd__a31oi_1)
                                         dot_0/fp4_dot_0/add4/_0650_ (net)
                  0.19    0.00   22.98 ^ dot_0/fp4_dot_0/add4/_1273_/B1 (sky130_fd_sc_hd__a31oi_1)
     1    0.00    0.07    0.07   23.05 v dot_0/fp4_dot_0/add4/_1273_/Y (sky130_fd_sc_hd__a31oi_1)
                                         dot_0/fp4_dot_0/add4/_0651_ (net)
                  0.07    0.00   23.05 v dot_0/fp4_dot_0/add4/_1275_/A1 (sky130_fd_sc_hd__o21ai_1)
     1    0.01    0.22    0.23   23.27 ^ dot_0/fp4_dot_0/add4/_1275_/Y (sky130_fd_sc_hd__o21ai_1)
                                         dot_0/fp4_dot_0/add4/_0653_ (net)
                  0.22    0.00   23.27 ^ dot_0/fp4_dot_0/add4/place24266/A (sky130_fd_sc_hd__buf_4)
     1    0.01    0.04    0.15   23.43 ^ dot_0/fp4_dot_0/add4/place24266/X (sky130_fd_sc_hd__buf_4)
                                         dot_0/fp4_dot_0/add4/net24265 (net)
                  0.04    0.00   23.43 ^ dot_0/fp4_dot_0/add4/_1276_/B (sky130_fd_sc_hd__xnor2_1)
     1    0.01    0.09    0.07   23.50 v dot_0/fp4_dot_0/add4/_1276_/Y (sky130_fd_sc_hd__xnor2_1)
                                         dot_0/fp4_dot_0/add4/_0009_ (net)
                  0.09    0.00   23.50 v dot_0/fp4_dot_0/add4/_1355_/B (sky130_fd_sc_hd__fa_1)
     2    0.02    0.14    0.49   23.99 v dot_0/fp4_dot_0/add4/_1355_/COUT (sky130_fd_sc_hd__fa_1)
                                         dot_0/fp4_dot_0/add4/_0003_ (net)
                  0.14    0.00   23.99 v dot_0/fp4_dot_0/add4/_1354_/A (sky130_fd_sc_hd__fa_1)
     3    0.02    0.14    0.54   24.52 v dot_0/fp4_dot_0/add4/_1354_/COUT (sky130_fd_sc_hd__fa_1)
                                         dot_0/fp4_dot_0/add4/_0006_ (net)
                  0.14    0.00   24.53 v dot_0/fp4_dot_0/add4/_0785_/A1 (sky130_fd_sc_hd__a21o_1)
     2    0.01    0.07    0.23   24.76 v dot_0/fp4_dot_0/add4/_0785_/X (sky130_fd_sc_hd__a21o_1)
                                         dot_0/fp4_dot_0/add4/_0213_ (net)
                  0.07    0.00   24.76 v dot_0/fp4_dot_0/add4/_0790_/A2 (sky130_fd_sc_hd__a2111oi_2)
     2    0.01    0.40    0.47   25.23 ^ dot_0/fp4_dot_0/add4/_0790_/Y (sky130_fd_sc_hd__a2111oi_2)
                                         dot_0/fp4_dot_0/add4/_0218_ (net)
                  0.40    0.00   25.23 ^ dot_0/fp4_dot_0/add4/_0791_/B1 (sky130_fd_sc_hd__a21oi_1)
     2    0.01    0.12    0.14   25.36 v dot_0/fp4_dot_0/add4/_0791_/Y (sky130_fd_sc_hd__a21oi_1)
                                         dot_0/fp4_dot_0/add4/_0219_ (net)
                  0.12    0.00   25.36 v dot_0/fp4_dot_0/add4/_0792_/A3 (sky130_fd_sc_hd__a31oi_2)
     3    0.02    0.26    0.31   25.67 ^ dot_0/fp4_dot_0/add4/_0792_/Y (sky130_fd_sc_hd__a31oi_2)
                                         dot_0/fp4_dot_0/add4/_0220_ (net)
                  0.26    0.00   25.67 ^ dot_0/fp4_dot_0/add4/_0804_/A2 (sky130_fd_sc_hd__a31o_1)
     1    0.01    0.06    0.20   25.87 ^ dot_0/fp4_dot_0/add4/_0804_/X (sky130_fd_sc_hd__a31o_1)
                                         dot_0/fp4_dot_0/add4/_0232_ (net)
                  0.06    0.00   25.87 ^ dot_0/fp4_dot_0/add4/_0805_/B1 (sky130_fd_sc_hd__a21o_1)
     2    0.02    0.16    0.17   26.05 ^ dot_0/fp4_dot_0/add4/_0805_/X (sky130_fd_sc_hd__a21o_1)
                                         dot_0/fp4_dot_0/add4/_0233_ (net)
                  0.16    0.00   26.05 ^ dot_0/fp4_dot_0/add4/_1379_/A (sky130_fd_sc_hd__ha_1)
     2    0.01    0.11    0.21   26.26 ^ dot_0/fp4_dot_0/add4/_1379_/COUT (sky130_fd_sc_hd__ha_1)
                                         dot_0/fp4_dot_0/add4/_0085_ (net)
                  0.11    0.00   26.26 ^ dot_0/fp4_dot_0/add4/_0869_/A (sky130_fd_sc_hd__inv_1)
     1    0.01    0.05    0.07   26.33 v dot_0/fp4_dot_0/add4/_0869_/Y (sky130_fd_sc_hd__inv_1)
                                         dot_0/fp4_dot_0/add4/_0012_ (net)
                  0.05    0.00   26.33 v dot_0/fp4_dot_0/add4/_1356_/A (sky130_fd_sc_hd__fa_1)
     2    0.01    0.09    0.50   26.83 v dot_0/fp4_dot_0/add4/_1356_/SUM (sky130_fd_sc_hd__fa_1)
                                         dot_0/fp4_dot_0/add4/_0016_ (net)
                  0.09    0.00   26.83 v dot_0/fp4_dot_0/add4/_0884_/A (sky130_fd_sc_hd__nor2b_1)
     1    0.01    0.19    0.20   27.03 ^ dot_0/fp4_dot_0/add4/_0884_/Y (sky130_fd_sc_hd__nor2b_1)
                                         dot_0/fp4_dot_0/add4/_0293_ (net)
                  0.19    0.00   27.03 ^ dot_0/fp4_dot_0/add4/_0886_/C1 (sky130_fd_sc_hd__o2111a_1)
     2    0.01    0.11    0.26   27.29 ^ dot_0/fp4_dot_0/add4/_0886_/X (sky130_fd_sc_hd__o2111a_1)
                                         dot_0/fp4_dot_0/add4/_0295_ (net)
                  0.11    0.00   27.29 ^ dot_0/fp4_dot_0/add4/_0892_/A1 (sky130_fd_sc_hd__a31o_1)
     3    0.02    0.20    0.26   27.55 ^ dot_0/fp4_dot_0/add4/_0892_/X (sky130_fd_sc_hd__a31o_1)
                                         dot_0/fp4_dot_0/add4/_0301_ (net)
                  0.20    0.00   27.55 ^ dot_0/fp4_dot_0/add4/_0893_/B1 (sky130_fd_sc_hd__a21oi_2)
     3    0.01    0.07    0.08   27.64 v dot_0/fp4_dot_0/add4/_0893_/Y (sky130_fd_sc_hd__a21oi_2)
                                         dot_0/fp4_dot_0/add4/_0302_ (net)
                  0.07    0.00   27.64 v dot_0/fp4_dot_0/add4/place24047/A (sky130_fd_sc_hd__buf_4)
     4    0.02    0.04    0.16   27.80 v dot_0/fp4_dot_0/add4/place24047/X (sky130_fd_sc_hd__buf_4)
                                         dot_0/fp4_dot_0/add4/net24046 (net)
                  0.04    0.00   27.80 v dot_0/fp4_dot_0/add4/_1004_/B1 (sky130_fd_sc_hd__o22ai_1)
     1    0.01    0.34    0.29   28.09 ^ dot_0/fp4_dot_0/add4/_1004_/Y (sky130_fd_sc_hd__o22ai_1)
                                         dot_0/fp4_dot_0/add4/_0407_ (net)
                  0.34    0.00   28.09 ^ dot_0/fp4_dot_0/add4/place24020/A (sky130_fd_sc_hd__buf_4)
     2    0.01    0.04    0.18   28.27 ^ dot_0/fp4_dot_0/add4/place24020/X (sky130_fd_sc_hd__buf_4)
                                         dot_0/fp4_dot_0/add4/net24019 (net)
                  0.04    0.00   28.27 ^ dot_0/fp4_dot_0/add4/_1119_/D (sky130_fd_sc_hd__nand4_1)
     2    0.02    0.29    0.26   28.53 v dot_0/fp4_dot_0/add4/_1119_/Y (sky130_fd_sc_hd__nand4_1)
                                         dot_0/fp4_dot_0/add4/_0516_ (net)
                  0.29    0.00   28.53 v dot_0/fp4_dot_0/add4/_1142_/B2 (sky130_fd_sc_hd__o221a_1)
     1    0.01    0.06    0.32   28.85 v dot_0/fp4_dot_0/add4/_1142_/X (sky130_fd_sc_hd__o221a_1)
                                         dot_0/fp4_dot_0/add4/_0537_ (net)
                  0.06    0.00   28.85 v dot_0/fp4_dot_0/add4/_1144_/A3 (sky130_fd_sc_hd__a31oi_1)
     1    0.00    0.13    0.17   29.01 ^ dot_0/fp4_dot_0/add4/_1144_/Y (sky130_fd_sc_hd__a31oi_1)
                                         dot_0/fp4_dot_0/add4/_0000_ (net)
                  0.13    0.00   29.01 ^ dot_0/fp4_dot_0/add4/place23962/A (sky130_fd_sc_hd__buf_4)
     2    0.03    0.08    0.17   29.19 ^ dot_0/fp4_dot_0/add4/place23962/X (sky130_fd_sc_hd__buf_4)
                                         dot_0/fp4_dot_0/add4/net23961 (net)
                  0.08    0.00   29.19 ^ dot_0/fp4_dot_0/add4/_1334_/B1 (sky130_fd_sc_hd__a21oi_1)
     1    0.00    0.06    0.05   29.24 v dot_0/fp4_dot_0/add4/_1334_/Y (sky130_fd_sc_hd__a21oi_1)
                                         dot_0/fp4_dot_0/add4/_0694_ (net)
                  0.06    0.00   29.24 v dot_0/fp4_dot_0/add4/_1344_/A3 (sky130_fd_sc_hd__a32oi_1)
     1    0.01    0.21    0.24   29.47 ^ dot_0/fp4_dot_0/add4/_1344_/Y (sky130_fd_sc_hd__a32oi_1)
                                         dot_0/fp4_dot_0/add4/_0002_ (net)
                  0.21    0.00   29.47 ^ dot_0/fp4_dot_0/add4/place23954/A (sky130_fd_sc_hd__buf_4)
     1    0.01    0.05    0.17   29.64 ^ dot_0/fp4_dot_0/add4/place23954/X (sky130_fd_sc_hd__buf_4)
                                         dot_0/fp4_dot_0/add4/net23953 (net)
                  0.05    0.00   29.64 ^ dot_0/fp4_dot_0/add4/_1402_/B (sky130_fd_sc_hd__ha_1)
     1    0.00    0.06    0.14   29.78 ^ dot_0/fp4_dot_0/add4/_1402_/COUT (sky130_fd_sc_hd__ha_1)
                                         dot_0/fp4_dot_0/add4/_0711_ (net)
                  0.06    0.00   29.78 ^ dot_0/fp4_dot_0/add4/_1387_/A (sky130_fd_sc_hd__ha_1)
     3    0.02    0.17    0.24   30.02 ^ dot_0/fp4_dot_0/add4/_1387_/COUT (sky130_fd_sc_hd__ha_1)
                                         dot_0/fp4_dot_0/add4/_0103_ (net)
                  0.17    0.00   30.02 ^ dot_0/fp4_dot_0/add4/_1038_/B (sky130_fd_sc_hd__nand2_1)
     2    0.01    0.08    0.11   30.13 v dot_0/fp4_dot_0/add4/_1038_/Y (sky130_fd_sc_hd__nand2_1)
                                         dot_0/fp4_dot_0/add4/_0441_ (net)
                  0.08    0.00   30.13 v dot_0/fp4_dot_0/add4/_1039_/B (sky130_fd_sc_hd__nor2_1)
     2    0.01    0.18    0.17   30.31 ^ dot_0/fp4_dot_0/add4/_1039_/Y (sky130_fd_sc_hd__nor2_1)
                                         dot_0/fp4_dot_0/add4/_0442_ (net)
                  0.18    0.00   30.31 ^ dot_0/fp4_dot_0/add4/_1055_/A3 (sky130_fd_sc_hd__a31o_4)
     2    0.01    0.05    0.18   30.49 ^ dot_0/fp4_dot_0/add4/_1055_/X (sky130_fd_sc_hd__a31o_4)
                                         dot_0/fp4_dot_0/add4/_0458_ (net)
                  0.05    0.00   30.49 ^ dot_0/fp4_dot_0/add4/_1058_/B (sky130_fd_sc_hd__nand3_2)
     2    0.01    0.10    0.11   30.60 v dot_0/fp4_dot_0/add4/_1058_/Y (sky130_fd_sc_hd__nand3_2)
                                         dot_0/fp4_dot_0/add4/_0461_ (net)
                  0.10    0.00   30.60 v dot_0/fp4_dot_0/add4/_1066_/A3 (sky130_fd_sc_hd__a31oi_2)
     1    0.06    0.72    0.63   31.23 ^ dot_0/fp4_dot_0/add4/_1066_/Y (sky130_fd_sc_hd__a31oi_2)
                                         dot_0/fp4_dot_0/add_4[6] (net)
                  0.72    0.01   31.24 ^ dot_0/fp4_dot_0/add6/place23943/A (sky130_fd_sc_hd__buf_12)
     2    0.04    0.07    0.21   31.45 ^ dot_0/fp4_dot_0/add6/place23943/X (sky130_fd_sc_hd__buf_12)
                                         dot_0/fp4_dot_0/add6/net23942 (net)
                  0.07    0.01   31.46 ^ dot_0/fp4_dot_0/add6/_0811_/A (sky130_fd_sc_hd__nor2_1)
     2    0.01    0.05    0.06   31.52 v dot_0/fp4_dot_0/add6/_0811_/Y (sky130_fd_sc_hd__nor2_1)
                                         dot_0/fp4_dot_0/add6/_0236_ (net)
                  0.05    0.00   31.52 v dot_0/fp4_dot_0/add6/_0812_/A2 (sky130_fd_sc_hd__a21oi_1)
     2    0.01    0.19    0.20   31.72 ^ dot_0/fp4_dot_0/add6/_0812_/Y (sky130_fd_sc_hd__a21oi_1)
                                         dot_0/fp4_dot_0/add6/_0054_ (net)
                  0.19    0.00   31.72 ^ dot_0/fp4_dot_0/add6/_0813_/A (sky130_fd_sc_hd__inv_1)
     2    0.01    0.06    0.08   31.81 v dot_0/fp4_dot_0/add6/_0813_/Y (sky130_fd_sc_hd__inv_1)
                                         dot_0/fp4_dot_0/add6/exp_a[0] (net)
                  0.06    0.00   31.81 v dot_0/fp4_dot_0/add6/_1370_/A (sky130_fd_sc_hd__ha_1)
     2    0.02    0.11    0.26   32.07 v dot_0/fp4_dot_0/add6/_1370_/COUT (sky130_fd_sc_hd__ha_1)
                                         dot_0/fp4_dot_0/add6/_0018_ (net)
                  0.11    0.00   32.07 v dot_0/fp4_dot_0/add6/_1357_/CIN (sky130_fd_sc_hd__fa_1)
     2    0.01    0.10    0.43   32.50 v dot_0/fp4_dot_0/add6/_1357_/COUT (sky130_fd_sc_hd__fa_1)
                                         dot_0/fp4_dot_0/add6/_0019_ (net)
                  0.10    0.00   32.50 v dot_0/fp4_dot_0/add6/_0858_/A (sky130_fd_sc_hd__nor2b_1)
     1    0.00    0.09    0.13   32.63 ^ dot_0/fp4_dot_0/add6/_0858_/Y (sky130_fd_sc_hd__nor2b_1)
                                         dot_0/fp4_dot_0/add6/_0273_ (net)
                  0.09    0.00   32.63 ^ dot_0/fp4_dot_0/add6/_0859_/A2 (sky130_fd_sc_hd__o21ai_0)
     2    0.01    0.11    0.11   32.75 v dot_0/fp4_dot_0/add6/_0859_/Y (sky130_fd_sc_hd__o21ai_0)
                                         dot_0/fp4_dot_0/add6/_0274_ (net)
                  0.11    0.00   32.75 v dot_0/fp4_dot_0/add6/_0861_/A2 (sky130_fd_sc_hd__a211oi_1)
     3    0.02    0.55    0.53   33.28 ^ dot_0/fp4_dot_0/add6/_0861_/Y (sky130_fd_sc_hd__a211oi_1)
                                         dot_0/fp4_dot_0/add6/_0276_ (net)
                  0.55    0.00   33.28 ^ dot_0/fp4_dot_0/add6/_0865_/B (sky130_fd_sc_hd__nand2_1)
     2    0.01    0.12    0.16   33.44 v dot_0/fp4_dot_0/add6/_0865_/Y (sky130_fd_sc_hd__nand2_1)
                                         dot_0/fp4_dot_0/add6/_0088_ (net)
                  0.12    0.00   33.44 v dot_0/fp4_dot_0/add6/_1381_/A (sky130_fd_sc_hd__ha_1)
     2    0.01    0.06    0.24   33.68 v dot_0/fp4_dot_0/add6/_1381_/COUT (sky130_fd_sc_hd__ha_1)
                                         dot_0/fp4_dot_0/add6/_0090_ (net)
                  0.06    0.00   33.68 v dot_0/fp4_dot_0/add6/_1251_/A (sky130_fd_sc_hd__nor3_1)
     2    0.01    0.36    0.35   34.03 ^ dot_0/fp4_dot_0/add6/_1251_/Y (sky130_fd_sc_hd__nor3_1)
                                         dot_0/fp4_dot_0/add6/_0629_ (net)
                  0.36    0.00   34.03 ^ dot_0/fp4_dot_0/add6/_1253_/A3 (sky130_fd_sc_hd__o31ai_1)
     1    0.01    0.11    0.15   34.18 v dot_0/fp4_dot_0/add6/_1253_/Y (sky130_fd_sc_hd__o31ai_1)
                                         dot_0/fp4_dot_0/add6/_0631_ (net)
                  0.11    0.00   34.18 v dot_0/fp4_dot_0/add6/_1254_/B1 (sky130_fd_sc_hd__a2111oi_2)
     1    0.00    0.25    0.34   34.52 ^ dot_0/fp4_dot_0/add6/_1254_/Y (sky130_fd_sc_hd__a2111oi_2)
                                         dot_0/fp4_dot_0/add6/_0632_ (net)
                  0.25    0.00   34.52 ^ dot_0/fp4_dot_0/add6/place23813/A (sky130_fd_sc_hd__buf_4)
     3    0.01    0.06    0.18   34.70 ^ dot_0/fp4_dot_0/add6/place23813/X (sky130_fd_sc_hd__buf_4)
                                         dot_0/fp4_dot_0/add6/net23812 (net)
                  0.06    0.00   34.70 ^ dot_0/fp4_dot_0/add6/_1255_/S (sky130_fd_sc_hd__mux2i_1)
     2    0.01    0.20    0.24   34.93 ^ dot_0/fp4_dot_0/add6/_1255_/Y (sky130_fd_sc_hd__mux2i_1)
                                         dot_0/fp4_dot_0/add6/_0633_ (net)
                  0.20    0.00   34.93 ^ dot_0/fp4_dot_0/add6/_1258_/A_N (sky130_fd_sc_hd__nand2b_1)
     2    0.01    0.08    0.16   35.09 ^ dot_0/fp4_dot_0/add6/_1258_/Y (sky130_fd_sc_hd__nand2b_1)
                                         dot_0/fp4_dot_0/add6/_0636_ (net)
                  0.08    0.00   35.09 ^ dot_0/fp4_dot_0/add6/_1259_/B1 (sky130_fd_sc_hd__a221o_1)
     1    0.01    0.07    0.16   35.25 ^ dot_0/fp4_dot_0/add6/_1259_/X (sky130_fd_sc_hd__a221o_1)
                                         dot_0/fp4_dot_0/add6/_0637_ (net)
                  0.07    0.00   35.25 ^ dot_0/fp4_dot_0/add6/_1272_/A2 (sky130_fd_sc_hd__a31oi_1)
     1    0.00    0.08    0.08   35.34 v dot_0/fp4_dot_0/add6/_1272_/Y (sky130_fd_sc_hd__a31oi_1)
                                         dot_0/fp4_dot_0/add6/_0650_ (net)
                  0.08    0.00   35.34 v dot_0/fp4_dot_0/add6/_1273_/B1 (sky130_fd_sc_hd__a31oi_1)
     1    0.01    0.29    0.27   35.61 ^ dot_0/fp4_dot_0/add6/_1273_/Y (sky130_fd_sc_hd__a31oi_1)
                                         dot_0/fp4_dot_0/add6/_0651_ (net)
                  0.29    0.00   35.61 ^ dot_0/fp4_dot_0/add6/_1275_/A1 (sky130_fd_sc_hd__o21ai_1)
     1    0.01    0.13    0.17   35.77 v dot_0/fp4_dot_0/add6/_1275_/Y (sky130_fd_sc_hd__o21ai_1)
                                         dot_0/fp4_dot_0/add6/_0653_ (net)
                  0.13    0.00   35.77 v dot_0/fp4_dot_0/add6/_1276_/B (sky130_fd_sc_hd__xnor2_1)
     1    0.01    0.09    0.17   35.95 v dot_0/fp4_dot_0/add6/_1276_/Y (sky130_fd_sc_hd__xnor2_1)
                                         dot_0/fp4_dot_0/add6/_0009_ (net)
                  0.09    0.00   35.95 v dot_0/fp4_dot_0/add6/_1355_/B (sky130_fd_sc_hd__fa_1)
     2    0.02    0.16    0.52   36.46 v dot_0/fp4_dot_0/add6/_1355_/COUT (sky130_fd_sc_hd__fa_1)
                                         dot_0/fp4_dot_0/add6/_0003_ (net)
                  0.16    0.00   36.47 v dot_0/fp4_dot_0/add6/_1354_/A (sky130_fd_sc_hd__fa_1)
     2    0.01    0.10    0.49   36.96 v dot_0/fp4_dot_0/add6/_1354_/COUT (sky130_fd_sc_hd__fa_1)
                                         dot_0/fp4_dot_0/add6/_0006_ (net)
                  0.10    0.00   36.96 v dot_0/fp4_dot_0/add6/place23777/A (sky130_fd_sc_hd__buf_4)
     2    0.01    0.04    0.17   37.12 v dot_0/fp4_dot_0/add6/place23777/X (sky130_fd_sc_hd__buf_4)
                                         dot_0/fp4_dot_0/add6/net23776 (net)
                  0.04    0.00   37.12 v dot_0/fp4_dot_0/add6/_0745_/A1 (sky130_fd_sc_hd__a211oi_4)
     2    0.01    0.23    0.24   37.37 ^ dot_0/fp4_dot_0/add6/_0745_/Y (sky130_fd_sc_hd__a211oi_4)
                                         dot_0/fp4_dot_0/add6/_0173_ (net)
                  0.23    0.00   37.37 ^ dot_0/fp4_dot_0/add6/_0796_/A (sky130_fd_sc_hd__nor3_2)
     2    0.02    0.10    0.13   37.50 v dot_0/fp4_dot_0/add6/_0796_/Y (sky130_fd_sc_hd__nor3_2)
                                         dot_0/fp4_dot_0/add6/_0224_ (net)
                  0.10    0.00   37.50 v dot_0/fp4_dot_0/add6/_0801_/B (sky130_fd_sc_hd__or3_4)
     2    0.01    0.07    0.39   37.89 v dot_0/fp4_dot_0/add6/_0801_/X (sky130_fd_sc_hd__or3_4)
                                         dot_0/fp4_dot_0/add6/_0229_ (net)
                  0.07    0.00   37.89 v dot_0/fp4_dot_0/add6/_0802_/B (sky130_fd_sc_hd__and2_1)
     3    0.02    0.11    0.23   38.12 v dot_0/fp4_dot_0/add6/_0802_/X (sky130_fd_sc_hd__and2_1)
                                         dot_0/fp4_dot_0/add6/_0230_ (net)
                  0.11    0.00   38.12 v dot_0/fp4_dot_0/add6/_0804_/B1 (sky130_fd_sc_hd__a31o_1)
     1    0.00    0.03    0.20   38.32 v dot_0/fp4_dot_0/add6/_0804_/X (sky130_fd_sc_hd__a31o_1)
                                         dot_0/fp4_dot_0/add6/_0232_ (net)
                  0.03    0.00   38.32 v dot_0/fp4_dot_0/add6/_0805_/B1 (sky130_fd_sc_hd__a21o_1)
     2    0.02    0.12    0.23   38.55 v dot_0/fp4_dot_0/add6/_0805_/X (sky130_fd_sc_hd__a21o_1)
                                         dot_0/fp4_dot_0/add6/_0233_ (net)
                  0.12    0.00   38.56 v dot_0/fp4_dot_0/add6/_1379_/A (sky130_fd_sc_hd__ha_1)
     2    0.01    0.06    0.25   38.81 v dot_0/fp4_dot_0/add6/_1379_/COUT (sky130_fd_sc_hd__ha_1)
                                         dot_0/fp4_dot_0/add6/_0085_ (net)
                  0.06    0.00   38.81 v dot_0/fp4_dot_0/add6/_0869_/A (sky130_fd_sc_hd__inv_1)
     1    0.01    0.09    0.10   38.90 ^ dot_0/fp4_dot_0/add6/_0869_/Y (sky130_fd_sc_hd__inv_1)
                                         dot_0/fp4_dot_0/add6/_0012_ (net)
                  0.09    0.00   38.90 ^ dot_0/fp4_dot_0/add6/_1356_/A (sky130_fd_sc_hd__fa_1)
     2    0.01    0.09    0.42   39.32 v dot_0/fp4_dot_0/add6/_1356_/SUM (sky130_fd_sc_hd__fa_1)
                                         dot_0/fp4_dot_0/add6/_0016_ (net)
                  0.09    0.00   39.32 v dot_0/fp4_dot_0/add6/_0884_/A (sky130_fd_sc_hd__nor2b_1)
     1    0.01    0.15    0.17   39.49 ^ dot_0/fp4_dot_0/add6/_0884_/Y (sky130_fd_sc_hd__nor2b_1)
                                         dot_0/fp4_dot_0/add6/_0293_ (net)
                  0.15    0.00   39.49 ^ dot_0/fp4_dot_0/add6/_0886_/C1 (sky130_fd_sc_hd__o2111a_1)
     2    0.01    0.09    0.23   39.72 ^ dot_0/fp4_dot_0/add6/_0886_/X (sky130_fd_sc_hd__o2111a_1)
                                         dot_0/fp4_dot_0/add6/_0295_ (net)
                  0.09    0.00   39.72 ^ dot_0/fp4_dot_0/add6/_0892_/A1 (sky130_fd_sc_hd__a31o_1)
     3    0.02    0.18    0.24   39.96 ^ dot_0/fp4_dot_0/add6/_0892_/X (sky130_fd_sc_hd__a31o_1)
                                         dot_0/fp4_dot_0/add6/_0301_ (net)
                  0.18    0.00   39.96 ^ dot_0/fp4_dot_0/add6/_0918_/B1 (sky130_fd_sc_hd__a21o_1)
     5    0.03    0.26    0.26   40.22 ^ dot_0/fp4_dot_0/add6/_0918_/X (sky130_fd_sc_hd__a21o_1)
                                         dot_0/fp4_dot_0/add6/_0326_ (net)
                  0.26    0.00   40.23 ^ dot_0/fp4_dot_0/add6/place23666/A (sky130_fd_sc_hd__buf_4)
     1    0.00    0.03    0.16   40.38 ^ dot_0/fp4_dot_0/add6/place23666/X (sky130_fd_sc_hd__buf_4)
                                         dot_0/fp4_dot_0/add6/net23665 (net)
                  0.03    0.00   40.38 ^ dot_0/fp4_dot_0/add6/_1113_/B1 (sky130_fd_sc_hd__a21oi_1)
     1    0.00    0.05    0.03   40.41 v dot_0/fp4_dot_0/add6/_1113_/Y (sky130_fd_sc_hd__a21oi_1)
                                         dot_0/fp4_dot_0/add6/_0510_ (net)
                  0.05    0.00   40.41 v dot_0/fp4_dot_0/add6/_1114_/A2 (sky130_fd_sc_hd__o311ai_0)
     1    0.01    0.51    0.48   40.90 ^ dot_0/fp4_dot_0/add6/_1114_/Y (sky130_fd_sc_hd__o311ai_0)
                                         dot_0/fp4_dot_0/add6/_0511_ (net)
                  0.51    0.00   40.90 ^ dot_0/fp4_dot_0/add6/_1116_/A3 (sky130_fd_sc_hd__o311ai_1)
     1    0.01    0.12    0.17   41.07 v dot_0/fp4_dot_0/add6/_1116_/Y (sky130_fd_sc_hd__o311ai_1)
                                         dot_0/fp4_dot_0/add6/_0513_ (net)
                  0.12    0.00   41.07 v dot_0/fp4_dot_0/add6/_1121_/B1 (sky130_fd_sc_hd__a211oi_1)
     1    0.02    0.68    0.61   41.68 ^ dot_0/fp4_dot_0/add6/_1121_/Y (sky130_fd_sc_hd__a211oi_1)
                                         dot_0/fp4_dot_0/add6/_0518_ (net)
                  0.68    0.00   41.68 ^ dot_0/fp4_dot_0/add6/place23630/A (sky130_fd_sc_hd__buf_4)
     2    0.01    0.05    0.23   41.91 ^ dot_0/fp4_dot_0/add6/place23630/X (sky130_fd_sc_hd__buf_4)
                                         dot_0/fp4_dot_0/add6/net23629 (net)
                  0.05    0.00   41.91 ^ dot_0/fp4_dot_0/add6/_1149_/B (sky130_fd_sc_hd__nor3_1)
     1    0.01    0.08    0.06   41.96 v dot_0/fp4_dot_0/add6/_1149_/Y (sky130_fd_sc_hd__nor3_1)
                                         dot_0/fp4_dot_0/add6/_0001_ (net)
                  0.08    0.00   41.96 v dot_0/fp4_dot_0/add6/_1387_/B (sky130_fd_sc_hd__ha_1)
     4    0.02    0.12    0.26   42.23 v dot_0/fp4_dot_0/add6/_1387_/COUT (sky130_fd_sc_hd__ha_1)
                                         dot_0/fp4_dot_0/add6/_0103_ (net)
                  0.12    0.00   42.23 v dot_0/fp4_dot_0/add6/_0914_/A (sky130_fd_sc_hd__and4_1)
     2    0.01    0.06    0.20   42.43 v dot_0/fp4_dot_0/add6/_0914_/X (sky130_fd_sc_hd__and4_1)
                                         dot_0/fp4_dot_0/add6/_0322_ (net)
                  0.06    0.00   42.43 v dot_0/fp4_dot_0/add6/_1056_/A (sky130_fd_sc_hd__nor3b_1)
     1    0.01    0.22    0.25   42.68 ^ dot_0/fp4_dot_0/add6/_1056_/Y (sky130_fd_sc_hd__nor3b_1)
                                         dot_0/fp4_dot_0/add6/_0459_ (net)
                  0.22    0.00   42.68 ^ dot_0/fp4_dot_0/add6/_1057_/D (sky130_fd_sc_hd__nand4_2)
     3    0.02    0.19    0.22   42.90 v dot_0/fp4_dot_0/add6/_1057_/Y (sky130_fd_sc_hd__nand4_2)
                                         dot_0/fp4_dot_0/add6/_0460_ (net)
                  0.19    0.00   42.90 v dot_0/fp4_dot_0/add6/_1069_/C (sky130_fd_sc_hd__nand4_4)
     4    0.03    0.14    0.21   43.10 ^ dot_0/fp4_dot_0/add6/_1069_/Y (sky130_fd_sc_hd__nand4_4)
                                         dot_0/fp4_dot_0/add6/_0471_ (net)
                  0.14    0.00   43.10 ^ dot_0/fp4_dot_0/add6/_1085_/B (sky130_fd_sc_hd__nand3_2)
     1    0.09    0.53    0.44   43.54 v dot_0/fp4_dot_0/add6/_1085_/Y (sky130_fd_sc_hd__nand3_2)
                                         dot_0/dot_out[5] (net)
                  0.54    0.03   43.57 v dot_0/fifo_timer_r/place23619/A (sky130_fd_sc_hd__buf_12)
    16    0.08    0.07    0.35   43.92 v dot_0/fifo_timer_r/place23619/X (sky130_fd_sc_hd__buf_12)
                                         dot_0/fifo_timer_r/net23618 (net)
                  0.08    0.02   43.94 v dot_0/fifo_timer_r/mem[11][5]$_DFFE_PP_/D (sky130_fd_sc_hd__edfxtp_1)
                                 43.94   data arrival time

                  0.15   12.50   12.50   clock clk_s5 (rise edge)
                          0.00   12.50   clock network delay (ideal)
                         -0.25   12.25   clock uncertainty
                          0.00   12.25   clock reconvergence pessimism
                                 12.25 ^ dot_0/fifo_timer_r/mem[11][5]$_DFFE_PP_/CLK (sky130_fd_sc_hd__edfxtp_1)
                         -0.23   12.02   library setup time
                                 12.02   data required time
-----------------------------------------------------------------------------
                                 12.02   data required time
                                -43.94   data arrival time
-----------------------------------------------------------------------------
                                -31.92   slack (VIOLATED)


Startpoint: dot_clk_div/clk_div[0]$_SDFF_PP0_/Q
            (clock source 'dot_clk_div_clk_div2')
Endpoint: dot_clk_div/clk_div[1]$_SDFF_PP0_
          (rising edge-triggered flip-flop clocked by clk_s5_gate)
Path Group: clk_s5_gate
Path Type: max

Fanout     Cap    Slew   Delay    Time   Description
-----------------------------------------------------------------------------
                  0.15   12.50   12.50   clock dot_clk_div_clk_div2 (fall edge)
     3    0.01    0.04    0.00   12.50 v dot_clk_div/clk_div[0]$_SDFF_PP0_/Q (sky130_fd_sc_hd__dfxtp_1)
                                         dot_clk_div/clk_div2 (net)
                  0.04    0.00   12.50 v dot_clk_div/_11_/A (sky130_fd_sc_hd__ha_1)
     1    0.00    0.04    0.27   12.77 v dot_clk_div/_11_/SUM (sky130_fd_sc_hd__ha_1)
                                         dot_clk_div/_01_ (net)
                  0.04    0.00   12.77 v dot_clk_div/_06_/B_N (sky130_fd_sc_hd__nor2b_1)
     1    0.00    0.05    0.12   12.89 v dot_clk_div/_06_/Y (sky130_fd_sc_hd__nor2b_1)
                                         dot_clk_div/_02_ (net)
                  0.05    0.00   12.89 v dot_clk_div/clk_div[1]$_SDFF_PP0_/D (sky130_fd_sc_hd__dfxtp_1)
                                 12.89   data arrival time

                  0.15   25.00   25.00   clock clk_s5_gate (rise edge)
                          0.00   25.00   clock network delay (ideal)
                         -0.25   24.75   clock uncertainty
                          0.00   24.75   clock reconvergence pessimism
                                 24.75 ^ dot_clk_div/clk_div[1]$_SDFF_PP0_/CLK (sky130_fd_sc_hd__dfxtp_1)
                         -0.09   24.66   library setup time
                                 24.66   data required time
-----------------------------------------------------------------------------
                                 24.66   data required time
                                -12.89   data arrival time
-----------------------------------------------------------------------------
                                 11.77   slack (MET)


Startpoint: processor_0/pipeline_ex_mem/alu_out_out[23]$_SDFFE_PP0N_
            (rising edge-triggered flip-flop clocked by clk1)
Endpoint: main_memory_0/mem[31][7]$_DFFE_PP_
          (rising edge-triggered flip-flop clocked by clk_s8)
Path Group: clk_s8
Path Type: max

Fanout     Cap    Slew   Delay    Time   Description
-----------------------------------------------------------------------------
                  0.15    0.00    0.00   clock clk1 (rise edge)
                          0.00    0.00   clock network delay (ideal)
                  0.15    0.00    0.00 ^ processor_0/pipeline_ex_mem/alu_out_out[23]$_SDFFE_PP0N_/CLK (sky130_fd_sc_hd__dfxtp_1)
     2    0.01    0.05    0.35    0.35 v processor_0/pipeline_ex_mem/alu_out_out[23]$_SDFFE_PP0N_/Q (sky130_fd_sc_hd__dfxtp_1)
                                         addr_m_axi[23] (net)
                  0.05    0.00    0.35 v _1526_/A (sky130_fd_sc_hd__nor4b_2)
     2    0.01    0.41    0.43    0.78 ^ _1526_/Y (sky130_fd_sc_hd__nor4b_2)
                                         _0106_ (net)
                  0.41    0.00    0.78 ^ _1530_/A (sky130_fd_sc_hd__nand4_2)
     3    0.08    0.57    0.54    1.32 v _1530_/Y (sky130_fd_sc_hd__nand4_2)
                                         _0110_ (net)
                  0.57    0.02    1.34 v place32756/A (sky130_fd_sc_hd__buf_12)
    10    0.08    0.07    0.36    1.70 v place32756/X (sky130_fd_sc_hd__buf_12)
                                         net32755 (net)
                  0.07    0.01    1.71 v place32754/A (sky130_fd_sc_hd__buf_4)
    19    0.10    0.13    0.24    1.95 v place32754/X (sky130_fd_sc_hd__buf_4)
                                         net32753 (net)
                  0.13    0.00    1.95 v _1760_/A1 (sky130_fd_sc_hd__o21ai_0)
     3    0.02    0.72    0.62    2.58 ^ _1760_/Y (sky130_fd_sc_hd__o21ai_0)
                                         _0276_ (net)
                  0.72    0.00    2.58 ^ _1761_/B (sky130_fd_sc_hd__nand2_1)
     2    0.03    0.25    0.34    2.92 v _1761_/Y (sky130_fd_sc_hd__nand2_1)
                                         m1_ar_addr[29] (net)
                  0.25    0.00    2.92 v interconnect_0/_0854_/C (sky130_fd_sc_hd__and4_1)
     1    0.01    0.06    0.31    3.23 v interconnect_0/_0854_/X (sky130_fd_sc_hd__and4_1)
                                         interconnect_0/_0079_ (net)
                  0.06    0.00    3.23 v interconnect_0/_0861_/B (sky130_fd_sc_hd__nand4_1)
     2    0.02    0.23    0.20    3.43 ^ interconnect_0/_0861_/Y (sky130_fd_sc_hd__nand4_1)
                                         interconnect_0/_0086_ (net)
                  0.23    0.00    3.43 ^ interconnect_0/_0870_/A2 (sky130_fd_sc_hd__a211oi_2)
     1    0.01    0.10    0.11    3.54 v interconnect_0/_0870_/Y (sky130_fd_sc_hd__a211oi_2)
                                         interconnect_0/_0095_ (net)
                  0.10    0.00    3.54 v interconnect_0/place30376/A (sky130_fd_sc_hd__buf_4)
    10    0.05    0.07    0.20    3.74 v interconnect_0/place30376/X (sky130_fd_sc_hd__buf_4)
                                         interconnect_0/net30375 (net)
                  0.07    0.00    3.75 v interconnect_0/_0909_/B1 (sky130_fd_sc_hd__o21a_1)
     3    0.03    0.15    0.21    3.96 v interconnect_0/_0909_/X (sky130_fd_sc_hd__o21a_1)
                                         interconnect_0/_0134_ (net)
                  0.15    0.00    3.96 v interconnect_0/_0913_/B (sky130_fd_sc_hd__nor3_1)
     3    0.01    0.34    0.35    4.32 ^ interconnect_0/_0913_/Y (sky130_fd_sc_hd__nor3_1)
                                         interconnect_0/_0138_ (net)
                  0.34    0.00    4.32 ^ interconnect_0/_2502_/A2 (sky130_fd_sc_hd__a22o_1)
     7    0.07    0.70    0.66    4.98 ^ interconnect_0/_2502_/X (sky130_fd_sc_hd__a22o_1)
                                         s8_dw_valid (net)
                  0.70    0.00    4.99 ^ memory_axi_0/_1165_/A2 (sky130_fd_sc_hd__a21oi_1)
     1    0.00    0.11    0.15    5.14 v memory_axi_0/_1165_/Y (sky130_fd_sc_hd__a21oi_1)
                                         memory_axi_0/_0558_ (net)
                  0.11    0.00    5.14 v memory_axi_0/_1166_/B (sky130_fd_sc_hd__nor2_1)
     2    0.01    0.14    0.16    5.30 ^ memory_axi_0/_1166_/Y (sky130_fd_sc_hd__nor2_1)
                                         mem_en (net)
                  0.14    0.00    5.30 ^ _3139_/A (sky130_fd_sc_hd__and2_1)
     1    0.01    0.12    0.20    5.50 ^ _3139_/X (sky130_fd_sc_hd__and2_1)
                                         _0000_ (net)
                  0.12    0.00    5.50 ^ main_memory_0/place29068/A (sky130_fd_sc_hd__buf_4)
     5    0.11    0.31    0.31    5.81 ^ main_memory_0/place29068/X (sky130_fd_sc_hd__buf_4)
                                         main_memory_0/net29067 (net)
                  0.31    0.04    5.85 ^ main_memory_0/_4402_/B (sky130_fd_sc_hd__nand3_1)
     3    0.04    0.37    0.37    6.22 v main_memory_0/_4402_/Y (sky130_fd_sc_hd__nand3_1)
                                         main_memory_0/_2201_ (net)
                  0.37    0.00    6.22 v main_memory_0/place28614/A (sky130_fd_sc_hd__buf_4)
     2    0.01    0.03    0.27    6.49 v main_memory_0/place28614/X (sky130_fd_sc_hd__buf_4)
                                         main_memory_0/net28613 (net)
                  0.03    0.00    6.49 v main_memory_0/place28613/A (sky130_fd_sc_hd__buf_4)
     3    0.02    0.05    0.15    6.64 v main_memory_0/place28613/X (sky130_fd_sc_hd__buf_4)
                                         main_memory_0/net28612 (net)
                  0.05    0.00    6.64 v main_memory_0/_4423_/B (sky130_fd_sc_hd__nor2_1)
     7    0.07    1.18    0.88    7.53 ^ main_memory_0/_4423_/Y (sky130_fd_sc_hd__nor2_1)
                                         main_memory_0/_0056_ (net)
                  1.18    0.00    7.53 ^ main_memory_0/place27910/A (sky130_fd_sc_hd__buf_4)
    15    0.13    0.36    0.49    8.02 ^ main_memory_0/place27910/X (sky130_fd_sc_hd__buf_4)
                                         main_memory_0/net27909 (net)
                  0.36    0.02    8.03 ^ main_memory_0/place27909/A (sky130_fd_sc_hd__buf_4)
    12    0.08    0.22    0.33    8.36 ^ main_memory_0/place27909/X (sky130_fd_sc_hd__buf_4)
                                         main_memory_0/net27908 (net)
                  0.23    0.00    8.36 ^ main_memory_0/mem[31][7]$_DFFE_PP_/DE (sky130_fd_sc_hd__edfxtp_1)
                                  8.36   data arrival time

                  0.15   10.00   10.00   clock clk_s8 (rise edge)
                          0.00   10.00   clock network delay (ideal)
                         -0.25    9.75   clock uncertainty
                          0.00    9.75   clock reconvergence pessimism
                                  9.75 ^ main_memory_0/mem[31][7]$_DFFE_PP_/CLK (sky130_fd_sc_hd__edfxtp_1)
                         -0.28    9.47   library setup time
                                  9.47   data required time
-----------------------------------------------------------------------------
                                  9.47   data required time
                                 -8.36   data arrival time
-----------------------------------------------------------------------------
                                  1.10   slack (MET)



==========================================================================
resizer report_checks -unconstrained
--------------------------------------------------------------------------
Startpoint: processor_0/ex_stage/mul_unit_ex/s1_a[5]$_SDFFE_PP0P_
            (rising edge-triggered flip-flop clocked by clk1)
Endpoint: processor_0/ex_stage/mul_unit_ex/product[60]$_SDFFE_PP0P_
          (rising edge-triggered flip-flop clocked by clk1)
Path Group: clk1
Path Type: max

Fanout     Cap    Slew   Delay    Time   Description
-----------------------------------------------------------------------------
                  0.15    0.00    0.00   clock clk1 (rise edge)
                          0.00    0.00   clock network delay (ideal)
                  0.15    0.00    0.00 ^ processor_0/ex_stage/mul_unit_ex/s1_a[5]$_SDFFE_PP0P_/CLK (sky130_fd_sc_hd__dfxtp_1)
     2    0.02    0.08    0.38    0.38 v processor_0/ex_stage/mul_unit_ex/s1_a[5]$_SDFFE_PP0P_/Q (sky130_fd_sc_hd__dfxtp_1)
                                         processor_0/ex_stage/mul_unit_ex/GEN_PARTIAL[0].a_ext[5] (net)
                  0.08    0.00    0.38 v processor_0/ex_stage/mul_unit_ex/_05575_/B (sky130_fd_sc_hd__or3_1)
     2    0.02    0.15    0.45    0.83 v processor_0/ex_stage/mul_unit_ex/_05575_/X (sky130_fd_sc_hd__or3_1)
                                         processor_0/ex_stage/mul_unit_ex/_00327_ (net)
                  0.15    0.00    0.84 v processor_0/ex_stage/mul_unit_ex/place33266/A (sky130_fd_sc_hd__buf_4)
     2    0.02    0.05    0.20    1.04 v processor_0/ex_stage/mul_unit_ex/place33266/X (sky130_fd_sc_hd__buf_4)
                                         processor_0/ex_stage/mul_unit_ex/net33265 (net)
                  0.05    0.00    1.04 v processor_0/ex_stage/mul_unit_ex/place33265/A (sky130_fd_sc_hd__buf_4)
     4    0.01    0.04    0.14    1.18 v processor_0/ex_stage/mul_unit_ex/place33265/X (sky130_fd_sc_hd__buf_4)
                                         processor_0/ex_stage/mul_unit_ex/net33264 (net)
                  0.04    0.00    1.18 v processor_0/ex_stage/mul_unit_ex/_05841_/B (sky130_fd_sc_hd__or3_1)
     2    0.01    0.11    0.40    1.58 v processor_0/ex_stage/mul_unit_ex/_05841_/X (sky130_fd_sc_hd__or3_1)
                                         processor_0/ex_stage/mul_unit_ex/_00576_ (net)
                  0.11    0.00    1.58 v processor_0/ex_stage/mul_unit_ex/_05843_/C (sky130_fd_sc_hd__or3_1)
     2    0.02    0.15    0.43    2.01 v processor_0/ex_stage/mul_unit_ex/_05843_/X (sky130_fd_sc_hd__or3_1)
                                         processor_0/ex_stage/mul_unit_ex/_00578_ (net)
                  0.15    0.00    2.01 v processor_0/ex_stage/mul_unit_ex/_05845_/C (sky130_fd_sc_hd__nor3_1)
     1    0.00    0.15    0.16    2.18 ^ processor_0/ex_stage/mul_unit_ex/_05845_/Y (sky130_fd_sc_hd__nor3_1)
                                         processor_0/ex_stage/mul_unit_ex/_00580_ (net)
                  0.15    0.00    2.18 ^ processor_0/ex_stage/mul_unit_ex/place30782/A (sky130_fd_sc_hd__buf_4)
     2    0.03    0.09    0.18    2.36 ^ processor_0/ex_stage/mul_unit_ex/place30782/X (sky130_fd_sc_hd__buf_4)
                                         processor_0/ex_stage/mul_unit_ex/net30781 (net)
                  0.09    0.00    2.36 ^ processor_0/ex_stage/mul_unit_ex/_05846_/B (sky130_fd_sc_hd__xnor2_1)
     3    0.04    0.89    0.41    2.76 ^ processor_0/ex_stage/mul_unit_ex/_05846_/Y (sky130_fd_sc_hd__xnor2_1)
                                         processor_0/ex_stage/mul_unit_ex/_00581_ (net)
                  0.89    0.00    2.77 ^ processor_0/ex_stage/mul_unit_ex/place30573/A (sky130_fd_sc_hd__buf_12)
     2    0.05    0.08    0.22    2.98 ^ processor_0/ex_stage/mul_unit_ex/place30573/X (sky130_fd_sc_hd__buf_12)
                                         processor_0/ex_stage/mul_unit_ex/net30572 (net)
                  0.08    0.00    2.99 ^ processor_0/ex_stage/mul_unit_ex/place30572/A (sky130_fd_sc_hd__buf_12)
     6    0.09    0.11    0.16    3.14 ^ processor_0/ex_stage/mul_unit_ex/place30572/X (sky130_fd_sc_hd__buf_12)
                                         processor_0/ex_stage/mul_unit_ex/net30571 (net)
                  0.11    0.01    3.15 ^ processor_0/ex_stage/mul_unit_ex/place30571/A (sky130_fd_sc_hd__buf_4)
     4    0.03    0.10    0.18    3.33 ^ processor_0/ex_stage/mul_unit_ex/place30571/X (sky130_fd_sc_hd__buf_4)
                                         processor_0/ex_stage/mul_unit_ex/net30570 (net)
                  0.10    0.00    3.33 ^ processor_0/ex_stage/mul_unit_ex/_06635_/A1 (sky130_fd_sc_hd__a221oi_1)
     1    0.00    0.09    0.08    3.41 v processor_0/ex_stage/mul_unit_ex/_06635_/Y (sky130_fd_sc_hd__a221oi_1)
                                         processor_0/ex_stage/mul_unit_ex/_01235_ (net)
                  0.09    0.00    3.41 v processor_0/ex_stage/mul_unit_ex/_06636_/B1 (sky130_fd_sc_hd__a31oi_1)
     1    0.02    0.49    0.41    3.82 ^ processor_0/ex_stage/mul_unit_ex/_06636_/Y (sky130_fd_sc_hd__a31oi_1)
                                         processor_0/ex_stage/mul_unit_ex/GEN_PARTIAL[4].pp[25] (net)
                  0.49    0.00    3.82 ^ processor_0/ex_stage/mul_unit_ex/place30219/A (sky130_fd_sc_hd__buf_4)
     1    0.02    0.06    0.22    4.05 ^ processor_0/ex_stage/mul_unit_ex/place30219/X (sky130_fd_sc_hd__buf_4)
                                         processor_0/ex_stage/mul_unit_ex/net30218 (net)
                  0.06    0.00    4.05 ^ processor_0/ex_stage/mul_unit_ex/_10728_/B (sky130_fd_sc_hd__fa_1)
     1    0.01    0.09    0.44    4.49 v processor_0/ex_stage/mul_unit_ex/_10728_/SUM (sky130_fd_sc_hd__fa_1)
                                         processor_0/ex_stage/mul_unit_ex/_05138_ (net)
                  0.09    0.00    4.49 v processor_0/ex_stage/mul_unit_ex/_10652_/CIN (sky130_fd_sc_hd__fa_1)
     1    0.03    0.20    0.53    5.02 v processor_0/ex_stage/mul_unit_ex/_10652_/COUT (sky130_fd_sc_hd__fa_1)
                                         processor_0/ex_stage/mul_unit_ex/_05139_ (net)
                  0.20    0.00    5.02 v processor_0/ex_stage/mul_unit_ex/_10839_/A (sky130_fd_sc_hd__fa_1)
     1    0.02    0.15    0.56    5.59 v processor_0/ex_stage/mul_unit_ex/_10839_/COUT (sky130_fd_sc_hd__fa_1)
                                         processor_0/ex_stage/mul_unit_ex/_04459_ (net)
                  0.15    0.00    5.59 v processor_0/ex_stage/mul_unit_ex/_10426_/A (sky130_fd_sc_hd__fa_1)
     1    0.01    0.11    0.50    6.09 v processor_0/ex_stage/mul_unit_ex/_10426_/COUT (sky130_fd_sc_hd__fa_1)
                                         processor_0/ex_stage/mul_unit_ex/_04462_ (net)
                  0.11    0.00    6.09 v processor_0/ex_stage/mul_unit_ex/_10759_/A (sky130_fd_sc_hd__fa_1)
     1    0.02    0.14    0.52    6.61 v processor_0/ex_stage/mul_unit_ex/_10759_/COUT (sky130_fd_sc_hd__fa_1)
                                         processor_0/ex_stage/mul_unit_ex/_04926_ (net)
                  0.14    0.00    6.61 v processor_0/ex_stage/mul_unit_ex/_10595_/A (sky130_fd_sc_hd__fa_1)
     1    0.02    0.18    0.66    7.27 ^ processor_0/ex_stage/mul_unit_ex/_10595_/SUM (sky130_fd_sc_hd__fa_1)
                                         processor_0/ex_stage/mul_unit_ex/_04930_ (net)
                  0.18    0.00    7.27 ^ processor_0/ex_stage/mul_unit_ex/_11084_/B (sky130_fd_sc_hd__ha_1)
     2    0.01    0.06    0.27    7.54 v processor_0/ex_stage/mul_unit_ex/_11084_/SUM (sky130_fd_sc_hd__ha_1)
                                         processor_0/ex_stage/mul_unit_ex/_00123_ (net)
                  0.06    0.00    7.54 v processor_0/ex_stage/mul_unit_ex/_09675_/A1 (sky130_fd_sc_hd__a21o_1)
     2    0.01    0.06    0.18    7.73 v processor_0/ex_stage/mul_unit_ex/_09675_/X (sky130_fd_sc_hd__a21o_1)
                                         processor_0/ex_stage/mul_unit_ex/_03631_ (net)
                  0.06    0.00    7.73 v processor_0/ex_stage/mul_unit_ex/_09836_/A2 (sky130_fd_sc_hd__a21o_1)
     1    0.01    0.04    0.19    7.92 v processor_0/ex_stage/mul_unit_ex/_09836_/X (sky130_fd_sc_hd__a21o_1)
                                         processor_0/ex_stage/mul_unit_ex/_03789_ (net)
                  0.04    0.00    7.92 v processor_0/ex_stage/mul_unit_ex/_09837_/A2 (sky130_fd_sc_hd__a21o_1)
     2    0.01    0.08    0.22    8.13 v processor_0/ex_stage/mul_unit_ex/_09837_/X (sky130_fd_sc_hd__a21o_1)
                                         processor_0/ex_stage/mul_unit_ex/_03790_ (net)
                  0.08    0.00    8.13 v processor_0/ex_stage/mul_unit_ex/_09838_/B1 (sky130_fd_sc_hd__a221o_1)
     2    0.01    0.09    0.34    8.48 v processor_0/ex_stage/mul_unit_ex/_09838_/X (sky130_fd_sc_hd__a221o_1)
                                         processor_0/ex_stage/mul_unit_ex/_03791_ (net)
                  0.09    0.00    8.48 v processor_0/ex_stage/mul_unit_ex/_09839_/A3 (sky130_fd_sc_hd__a31oi_1)
     2    0.01    0.27    0.28    8.75 ^ processor_0/ex_stage/mul_unit_ex/_09839_/Y (sky130_fd_sc_hd__a31oi_1)
                                         processor_0/ex_stage/mul_unit_ex/_03792_ (net)
                  0.27    0.00    8.75 ^ processor_0/ex_stage/mul_unit_ex/_09840_/B (sky130_fd_sc_hd__nor2_1)
     1    0.00    0.06    0.06    8.82 v processor_0/ex_stage/mul_unit_ex/_09840_/Y (sky130_fd_sc_hd__nor2_1)
                                         processor_0/ex_stage/mul_unit_ex/_03793_ (net)
                  0.06    0.00    8.82 v processor_0/ex_stage/mul_unit_ex/_09841_/C1 (sky130_fd_sc_hd__a311oi_1)
     1    0.01    0.54    0.45    9.27 ^ processor_0/ex_stage/mul_unit_ex/_09841_/Y (sky130_fd_sc_hd__a311oi_1)
                                         processor_0/ex_stage/mul_unit_ex/_03794_ (net)
                  0.54    0.00    9.27 ^ processor_0/ex_stage/mul_unit_ex/_09845_/A1 (sky130_fd_sc_hd__o21bai_1)
     1    0.00    0.10    0.16    9.43 v processor_0/ex_stage/mul_unit_ex/_09845_/Y (sky130_fd_sc_hd__o21bai_1)
                                         processor_0/ex_stage/mul_unit_ex/_03798_ (net)
                  0.10    0.00    9.43 v processor_0/ex_stage/mul_unit_ex/place25663/A (sky130_fd_sc_hd__buf_4)
     2    0.03    0.06    0.19    9.62 v processor_0/ex_stage/mul_unit_ex/place25663/X (sky130_fd_sc_hd__buf_4)
                                         processor_0/ex_stage/mul_unit_ex/net25662 (net)
                  0.06    0.00    9.62 v processor_0/ex_stage/mul_unit_ex/_09857_/A2 (sky130_fd_sc_hd__a31oi_1)
     1    0.00    0.15    0.18    9.80 ^ processor_0/ex_stage/mul_unit_ex/_09857_/Y (sky130_fd_sc_hd__a31oi_1)
                                         processor_0/ex_stage/mul_unit_ex/_03810_ (net)
                  0.15    0.00    9.80 ^ processor_0/ex_stage/mul_unit_ex/place25603/A (sky130_fd_sc_hd__buf_4)
     3    0.03    0.09    0.18    9.98 ^ processor_0/ex_stage/mul_unit_ex/place25603/X (sky130_fd_sc_hd__buf_4)
                                         processor_0/ex_stage/mul_unit_ex/net25602 (net)
                  0.09    0.00    9.99 ^ processor_0/ex_stage/mul_unit_ex/_09866_/A2 (sky130_fd_sc_hd__o21ai_0)
     1    0.00    0.09    0.10   10.08 v processor_0/ex_stage/mul_unit_ex/_09866_/Y (sky130_fd_sc_hd__o21ai_0)
                                         processor_0/ex_stage/mul_unit_ex/_03819_ (net)
                  0.09    0.00   10.08 v processor_0/ex_stage/mul_unit_ex/_09867_/B (sky130_fd_sc_hd__xor2_1)
     1    0.03    0.67    0.56   10.64 ^ processor_0/ex_stage/mul_unit_ex/_09867_/X (sky130_fd_sc_hd__xor2_1)
                                         processor_0/ex_stage/mul_unit_ex/_03820_ (net)
                  0.67    0.00   10.64 ^ processor_0/ex_stage/mul_unit_ex/place25537/A (sky130_fd_sc_hd__buf_12)
     1    0.05    0.08    0.22   10.86 ^ processor_0/ex_stage/mul_unit_ex/place25537/X (sky130_fd_sc_hd__buf_12)
                                         processor_0/ex_stage/mul_unit_ex/net25536 (net)
                  0.08    0.01   10.87 ^ processor_0/ex_stage/mul_unit_ex/_09868_/B2 (sky130_fd_sc_hd__a22o_1)
     1    0.00    0.04    0.12   10.98 ^ processor_0/ex_stage/mul_unit_ex/_09868_/X (sky130_fd_sc_hd__a22o_1)
                                         processor_0/ex_stage/mul_unit_ex/_00165_ (net)
                  0.04    0.00   10.98 ^ processor_0/ex_stage/mul_unit_ex/product[60]$_SDFFE_PP0P_/D (sky130_fd_sc_hd__dfxtp_1)
                                 10.98   data arrival time

                  0.15   10.00   10.00   clock clk1 (rise edge)
                          0.00   10.00   clock network delay (ideal)
                         -0.25    9.75   clock uncertainty
                          0.00    9.75   clock reconvergence pessimism
                                  9.75 ^ processor_0/ex_stage/mul_unit_ex/product[60]$_SDFFE_PP0P_/CLK (sky130_fd_sc_hd__dfxtp_1)
                         -0.04    9.71   library setup time
                                  9.71   data required time
-----------------------------------------------------------------------------
                                  9.71   data required time
                                -10.98   data arrival time
-----------------------------------------------------------------------------
                                 -1.27   slack (VIOLATED)


Startpoint: timer_0/fifo_timer_w/counter_2[2]$_SDFFE_PP0P_
            (rising edge-triggered flip-flop clocked by clk_s1)
Endpoint: timer_0/fifo_timer_r/mem[13][14]$_DFFE_PP_
          (rising edge-triggered flip-flop clocked by clk_s1)
Path Group: clk_s1
Path Type: max

Fanout     Cap    Slew   Delay    Time   Description
-----------------------------------------------------------------------------
                  0.15    0.00    0.00   clock clk_s1 (rise edge)
                          0.00    0.00   clock network delay (ideal)
                  0.15    0.00    0.00 ^ timer_0/fifo_timer_w/counter_2[2]$_SDFFE_PP0P_/CLK (sky130_fd_sc_hd__dfxtp_1)
    10    0.05    0.50    0.66    0.66 ^ timer_0/fifo_timer_w/counter_2[2]$_SDFFE_PP0P_/Q (sky130_fd_sc_hd__dfxtp_1)
                                         timer_0/fifo_timer_w/counter_2[2] (net)
                  0.50    0.00    0.66 ^ timer_0/fifo_timer_w/_888_/B (sky130_fd_sc_hd__ha_1)
     2    0.01    0.08    0.35    1.01 v timer_0/fifo_timer_w/_888_/SUM (sky130_fd_sc_hd__ha_1)
                                         timer_0/fifo_timer_w/counter_2_gray[1] (net)
                  0.08    0.00    1.01 v timer_0/fifo_timer_w/_447_/A (sky130_fd_sc_hd__xor2_1)
     1    0.01    0.08    0.20    1.21 v timer_0/fifo_timer_w/_447_/X (sky130_fd_sc_hd__xor2_1)
                                         timer_0/fifo_timer_w/_262_ (net)
                  0.08    0.00    1.21 v timer_0/fifo_timer_w/_450_/B (sky130_fd_sc_hd__nor4_4)
     6    0.02    0.39    0.42    1.63 ^ timer_0/fifo_timer_w/_450_/Y (sky130_fd_sc_hd__nor4_4)
                                         timer_0/fifo_timer_w/_265_ (net)
                  0.39    0.00    1.63 ^ timer_0/fifo_timer_w/_872_/A (sky130_fd_sc_hd__and2_1)
     2    0.01    0.09    0.22    1.85 ^ timer_0/fifo_timer_w/_872_/X (sky130_fd_sc_hd__and2_1)
                                         timer_0/fifo_empty (net)
                  0.09    0.00    1.85 ^ timer_0/_337_/A (sky130_fd_sc_hd__inv_1)
     6    0.03    0.13    0.14    1.98 v timer_0/_337_/Y (sky130_fd_sc_hd__inv_1)
                                         timer_0/addr_valid (net)
                  0.13    0.00    1.98 v timer_0/fifo_timer_w/_453_/B1_N (sky130_fd_sc_hd__a21bo_1)
    10    0.08    0.63    0.62    2.61 ^ timer_0/fifo_timer_w/_453_/X (sky130_fd_sc_hd__a21bo_1)
                                         timer_0/fifo_timer_w/_268_ (net)
                  0.63    0.00    2.61 ^ timer_0/fifo_timer_w/_491_/A (sky130_fd_sc_hd__nor3_2)
     1    0.00    0.11    0.10    2.72 v timer_0/fifo_timer_w/_491_/Y (sky130_fd_sc_hd__nor3_2)
                                         timer_0/fifo_data_read[37] (net)
                  0.11    0.00    2.72 v timer_0/timer_0/_0548_/A (sky130_fd_sc_hd__nor4b_1)
     2    0.01    0.58    0.57    3.29 ^ timer_0/timer_0/_0548_/Y (sky130_fd_sc_hd__nor4b_1)
                                         timer_0/timer_0/_0099_ (net)
                  0.58    0.00    3.29 ^ timer_0/timer_0/_0550_/B (sky130_fd_sc_hd__nand3b_1)
    17    0.09    0.88    0.83    4.12 v timer_0/timer_0/_0550_/Y (sky130_fd_sc_hd__nand3b_1)
                                         timer_0/timer_0/_0101_ (net)
                  0.88    0.01    4.13 v timer_0/timer_0/place29073/A (sky130_fd_sc_hd__buf_4)
    16    0.05    0.10    0.49    4.61 v timer_0/timer_0/place29073/X (sky130_fd_sc_hd__buf_4)
                                         timer_0/timer_0/net29072 (net)
                  0.10    0.00    4.62 v timer_0/timer_0/_0634_/A (sky130_fd_sc_hd__nor2_1)
    16    0.08    1.29    0.99    5.60 ^ timer_0/timer_0/_0634_/Y (sky130_fd_sc_hd__nor2_1)
                                         timer_0/data_out[14] (net)
                  1.29    0.01    5.62 ^ timer_0/fifo_timer_r/mem[13][14]$_DFFE_PP_/D (sky130_fd_sc_hd__edfxtp_1)
                                  5.62   data arrival time

                  0.15   25.00   25.00   clock clk_s1 (rise edge)
                          0.00   25.00   clock network delay (ideal)
                         -0.25   24.75   clock uncertainty
                          0.00   24.75   clock reconvergence pessimism
                                 24.75 ^ timer_0/fifo_timer_r/mem[13][14]$_DFFE_PP_/CLK (sky130_fd_sc_hd__edfxtp_1)
                         -0.37   24.38   library setup time
                                 24.38   data required time
-----------------------------------------------------------------------------
                                 24.38   data required time
                                 -5.62   data arrival time
-----------------------------------------------------------------------------
                                 18.77   slack (MET)


Startpoint: timer_clk_div/clk_div[0]$_SDFF_PP0_/Q
            (clock source 'timer_clk_div_clk_div2')
Endpoint: timer_clk_div/clk_div[1]$_SDFF_PP0_
          (rising edge-triggered flip-flop clocked by clk_s1_gate)
Path Group: clk_s1_gate
Path Type: max

Fanout     Cap    Slew   Delay    Time   Description
-----------------------------------------------------------------------------
                  0.15   25.00   25.00   clock timer_clk_div_clk_div2 (fall edge)
     3    0.01    0.04    0.00   25.00 v timer_clk_div/clk_div[0]$_SDFF_PP0_/Q (sky130_fd_sc_hd__dfxtp_1)
                                         timer_clk_div/clk_div2 (net)
                  0.04    0.00   25.00 v timer_clk_div/_11_/A (sky130_fd_sc_hd__ha_1)
     1    0.00    0.04    0.27   25.27 v timer_clk_div/_11_/SUM (sky130_fd_sc_hd__ha_1)
                                         timer_clk_div/_01_ (net)
                  0.04    0.00   25.27 v timer_clk_div/_06_/B_N (sky130_fd_sc_hd__nor2b_1)
     1    0.00    0.06    0.12   25.39 v timer_clk_div/_06_/Y (sky130_fd_sc_hd__nor2b_1)
                                         timer_clk_div/_02_ (net)
                  0.06    0.00   25.39 v timer_clk_div/clk_div[1]$_SDFF_PP0_/D (sky130_fd_sc_hd__dfxtp_1)
                                 25.39   data arrival time

                  0.15   50.00   50.00   clock clk_s1_gate (rise edge)
                          0.00   50.00   clock network delay (ideal)
                         -0.25   49.75   clock uncertainty
                          0.00   49.75   clock reconvergence pessimism
                                 49.75 ^ timer_clk_div/clk_div[1]$_SDFF_PP0_/CLK (sky130_fd_sc_hd__dfxtp_1)
                         -0.09   49.66   library setup time
                                 49.66   data required time
-----------------------------------------------------------------------------
                                 49.66   data required time
                                -25.39   data arrival time
-----------------------------------------------------------------------------
                                 24.27   slack (MET)


Startpoint: gpio_0/fifo_timer_w/counter_2[2]$_SDFFE_PP0P_
            (rising edge-triggered flip-flop clocked by clk_s2)
Endpoint: gpio_0/fifo_timer_r/mem[8][0]$_DFFE_PP_
          (rising edge-triggered flip-flop clocked by clk_s2)
Path Group: clk_s2
Path Type: max

Fanout     Cap    Slew   Delay    Time   Description
-----------------------------------------------------------------------------
                  0.15    0.00    0.00   clock clk_s2 (rise edge)
                          0.00    0.00   clock network delay (ideal)
                  0.15    0.00    0.00 ^ gpio_0/fifo_timer_w/counter_2[2]$_SDFFE_PP0P_/CLK (sky130_fd_sc_hd__dfxtp_1)
    17    0.13    1.15    1.10    1.10 ^ gpio_0/fifo_timer_w/counter_2[2]$_SDFFE_PP0P_/Q (sky130_fd_sc_hd__dfxtp_1)
                                         gpio_0/fifo_timer_w/counter_2[2] (net)
                  1.15    0.00    1.11 ^ gpio_0/fifo_timer_w/place31448/A (sky130_fd_sc_hd__buf_4)
    20    0.12    0.34    0.48    1.59 ^ gpio_0/fifo_timer_w/place31448/X (sky130_fd_sc_hd__buf_4)
                                         gpio_0/fifo_timer_w/net31447 (net)
                  0.34    0.00    1.59 ^ gpio_0/fifo_timer_w/_887_/A (sky130_fd_sc_hd__ha_1)
     2    0.01    0.08    0.32    1.91 v gpio_0/fifo_timer_w/_887_/SUM (sky130_fd_sc_hd__ha_1)
                                         gpio_0/fifo_timer_w/counter_2_gray[2] (net)
                  0.08    0.00    1.91 v gpio_0/fifo_timer_w/_448_/A (sky130_fd_sc_hd__xor2_1)
     1    0.01    0.08    0.19    2.11 v gpio_0/fifo_timer_w/_448_/X (sky130_fd_sc_hd__xor2_1)
                                         gpio_0/fifo_timer_w/_263_ (net)
                  0.08    0.00    2.11 v gpio_0/fifo_timer_w/_450_/C (sky130_fd_sc_hd__nor4_4)
     6    0.02    0.37    0.36    2.47 ^ gpio_0/fifo_timer_w/_450_/Y (sky130_fd_sc_hd__nor4_4)
                                         gpio_0/fifo_timer_w/_265_ (net)
                  0.37    0.00    2.47 ^ gpio_0/fifo_timer_w/_872_/A (sky130_fd_sc_hd__and2_1)
     2    0.07    0.70    0.64    3.11 ^ gpio_0/fifo_timer_w/_872_/X (sky130_fd_sc_hd__and2_1)
                                         gpio_0/fifo_empty (net)
                  0.70    0.00    3.11 ^ gpio_0/_335_/A (sky130_fd_sc_hd__inv_1)
     8    0.07    0.38    0.49    3.60 v gpio_0/_335_/Y (sky130_fd_sc_hd__inv_1)
                                         gpio_0/addr_valid (net)
                  0.38    0.00    3.61 v gpio_0/fifo_timer_w/_453_/B1_N (sky130_fd_sc_hd__a21bo_1)
    14    0.10    0.80    0.83    4.44 ^ gpio_0/fifo_timer_w/_453_/X (sky130_fd_sc_hd__a21bo_1)
                                         gpio_0/fifo_timer_w/_268_ (net)
                  0.80    0.01    4.45 ^ gpio_0/fifo_timer_w/place30144/A (sky130_fd_sc_hd__buf_4)
     9    0.09    0.25    0.39    4.84 ^ gpio_0/fifo_timer_w/place30144/X (sky130_fd_sc_hd__buf_4)
                                         gpio_0/fifo_timer_w/net30143 (net)
                  0.25    0.01    4.85 ^ gpio_0/fifo_timer_w/place30143/A (sky130_fd_sc_hd__buf_4)
    20    0.16    0.44    0.45    5.30 ^ gpio_0/fifo_timer_w/place30143/X (sky130_fd_sc_hd__buf_4)
                                         gpio_0/fifo_timer_w/net30142 (net)
                  0.44    0.02    5.32 ^ gpio_0/fifo_timer_w/_535_/A (sky130_fd_sc_hd__nor3_2)
     8    0.05    0.19    0.24    5.56 v gpio_0/fifo_timer_w/_535_/Y (sky130_fd_sc_hd__nor3_2)
                                         gpio_0/fifo_data_read[32] (net)
                  0.19    0.00    5.57 v gpio_0/gpio_0/_2050_/C (sky130_fd_sc_hd__nor4_2)
     3    0.02    0.49    0.49    6.05 ^ gpio_0/gpio_0/_2050_/Y (sky130_fd_sc_hd__nor4_2)
                                         gpio_0/gpio_0/_0714_ (net)
                  0.49    0.00    6.05 ^ gpio_0/gpio_0/_2052_/B (sky130_fd_sc_hd__nand3_1)
    14    0.09    0.90    0.83    6.88 v gpio_0/gpio_0/_2052_/Y (sky130_fd_sc_hd__nand3_1)
                                         gpio_0/gpio_0/_0716_ (net)
                  0.90    0.01    6.89 v gpio_0/gpio_0/place29306/A (sky130_fd_sc_hd__buf_4)
    19    0.10    0.14    0.53    7.42 v gpio_0/gpio_0/place29306/X (sky130_fd_sc_hd__buf_4)
                                         gpio_0/gpio_0/net29305 (net)
                  0.14    0.01    7.43 v gpio_0/gpio_0/_2382_/B1 (sky130_fd_sc_hd__a31oi_1)
    16    0.05    1.18    0.89    8.32 ^ gpio_0/gpio_0/_2382_/Y (sky130_fd_sc_hd__a31oi_1)
                                         gpio_0/data_out[0] (net)
                  1.18    0.00    8.32 ^ gpio_0/fifo_timer_r/mem[8][0]$_DFFE_PP_/D (sky130_fd_sc_hd__edfxtp_1)
                                  8.32   data arrival time

                  0.15   20.00   20.00   clock clk_s2 (rise edge)
                          0.00   20.00   clock network delay (ideal)
                         -0.25   19.75   clock uncertainty
                          0.00   19.75   clock reconvergence pessimism
                                 19.75 ^ gpio_0/fifo_timer_r/mem[8][0]$_DFFE_PP_/CLK (sky130_fd_sc_hd__edfxtp_1)
                         -0.35   19.40   library setup time
                                 19.40   data required time
-----------------------------------------------------------------------------
                                 19.40   data required time
                                 -8.32   data arrival time
-----------------------------------------------------------------------------
                                 11.08   slack (MET)


Startpoint: gpio_clk_div/clk_div[0]$_SDFF_PP0_/Q
            (clock source 'gpio_clk_div_clk_div2')
Endpoint: gpio_clk_div/clk_div[1]$_SDFF_PP0_
          (rising edge-triggered flip-flop clocked by clk_s2_gate)
Path Group: clk_s2_gate
Path Type: max

Fanout     Cap    Slew   Delay    Time   Description
-----------------------------------------------------------------------------
                  0.15   20.00   20.00   clock gpio_clk_div_clk_div2 (fall edge)
     3    0.01    0.04    0.00   20.00 v gpio_clk_div/clk_div[0]$_SDFF_PP0_/Q (sky130_fd_sc_hd__dfxtp_1)
                                         gpio_clk_div/clk_div2 (net)
                  0.04    0.00   20.00 v gpio_clk_div/_11_/A (sky130_fd_sc_hd__ha_1)
     1    0.00    0.04    0.27   20.27 v gpio_clk_div/_11_/SUM (sky130_fd_sc_hd__ha_1)
                                         gpio_clk_div/_01_ (net)
                  0.04    0.00   20.27 v gpio_clk_div/_06_/B_N (sky130_fd_sc_hd__nor2b_1)
     1    0.00    0.06    0.12   20.39 v gpio_clk_div/_06_/Y (sky130_fd_sc_hd__nor2b_1)
                                         gpio_clk_div/_02_ (net)
                  0.06    0.00   20.39 v gpio_clk_div/clk_div[1]$_SDFF_PP0_/D (sky130_fd_sc_hd__dfxtp_1)
                                 20.39   data arrival time

                  0.15   40.00   40.00   clock clk_s2_gate (rise edge)
                          0.00   40.00   clock network delay (ideal)
                         -0.25   39.75   clock uncertainty
                          0.00   39.75   clock reconvergence pessimism
                                 39.75 ^ gpio_clk_div/clk_div[1]$_SDFF_PP0_/CLK (sky130_fd_sc_hd__dfxtp_1)
                         -0.09   39.66   library setup time
                                 39.66   data required time
-----------------------------------------------------------------------------
                                 39.66   data required time
                                -20.39   data arrival time
-----------------------------------------------------------------------------
                                 19.27   slack (MET)


Startpoint: processor_0/pipeline_ex_mem/alu_out_out[23]$_SDFFE_PP0N_
            (rising edge-triggered flip-flop clocked by clk1)
Endpoint: dma_config_0/dma_0/buffer_dma[6]$_SDFFE_PP0P_
          (rising edge-triggered flip-flop clocked by clk_s3)
Path Group: clk_s3
Path Type: max

Fanout     Cap    Slew   Delay    Time   Description
-----------------------------------------------------------------------------
                  0.15    0.00    0.00   clock clk1 (rise edge)
                          0.00    0.00   clock network delay (ideal)
                  0.15    0.00    0.00 ^ processor_0/pipeline_ex_mem/alu_out_out[23]$_SDFFE_PP0N_/CLK (sky130_fd_sc_hd__dfxtp_1)
     2    0.01    0.05    0.35    0.35 v processor_0/pipeline_ex_mem/alu_out_out[23]$_SDFFE_PP0N_/Q (sky130_fd_sc_hd__dfxtp_1)
                                         addr_m_axi[23] (net)
                  0.05    0.00    0.35 v _1526_/A (sky130_fd_sc_hd__nor4b_2)
     2    0.01    0.41    0.43    0.78 ^ _1526_/Y (sky130_fd_sc_hd__nor4b_2)
                                         _0106_ (net)
                  0.41    0.00    0.78 ^ _1542_/A (sky130_fd_sc_hd__and4_1)
     2    0.05    0.43    0.54    1.32 ^ _1542_/X (sky130_fd_sc_hd__and4_1)
                                         _0121_ (net)
                  0.43    0.01    1.33 ^ _1546_/A (sky130_fd_sc_hd__nand2_1)
     9    0.05    0.40    0.43    1.76 v _1546_/Y (sky130_fd_sc_hd__nand2_1)
                                         _0125_ (net)
                  0.40    0.00    1.76 v place31898/A (sky130_fd_sc_hd__buf_4)
    13    0.08    0.11    0.36    2.13 v place31898/X (sky130_fd_sc_hd__buf_4)
                                         net31897 (net)
                  0.11    0.01    2.13 v place31897/A (sky130_fd_sc_hd__buf_12)
    19    0.08    0.06    0.18    2.32 v place31897/X (sky130_fd_sc_hd__buf_12)
                                         net31896 (net)
                  0.06    0.00    2.32 v _1724_/B (sky130_fd_sc_hd__nand2_1)
     1    0.00    0.05    0.07    2.39 ^ _1724_/Y (sky130_fd_sc_hd__nand2_1)
                                         _0250_ (net)
                  0.05    0.00    2.39 ^ _1725_/B (sky130_fd_sc_hd__nand2_1)
     2    0.03    0.24    0.21    2.59 v _1725_/Y (sky130_fd_sc_hd__nand2_1)
                                         m1_aw_addr[8] (net)
                  0.24    0.00    2.60 v interconnect_0/_0821_/C (sky130_fd_sc_hd__nor4_1)
     1    0.02    0.82    0.75    3.34 ^ interconnect_0/_0821_/Y (sky130_fd_sc_hd__nor4_1)
                                         interconnect_0/_0046_ (net)
                  0.82    0.00    3.35 ^ interconnect_0/_0822_/B (sky130_fd_sc_hd__nor2_1)
     6    0.02    0.22    0.25    3.59 v interconnect_0/_0822_/Y (sky130_fd_sc_hd__nor2_1)
                                         interconnect_0/_0047_ (net)
                  0.22    0.00    3.59 v interconnect_0/_0838_/A (sky130_fd_sc_hd__nor3_1)
     3    0.01    0.44    0.46    4.05 ^ interconnect_0/_0838_/Y (sky130_fd_sc_hd__nor3_1)
                                         interconnect_0/_0063_ (net)
                  0.44    0.00    4.05 ^ interconnect_0/_0871_/A2 (sky130_fd_sc_hd__o211a_1)
     5    0.03    0.24    0.35    4.40 ^ interconnect_0/_0871_/X (sky130_fd_sc_hd__o211a_1)
                                         interconnect_0/_0096_ (net)
                  0.24    0.00    4.40 ^ interconnect_0/_0872_/B (sky130_fd_sc_hd__nor2_1)
     6    0.03    0.16    0.20    4.60 v interconnect_0/_0872_/Y (sky130_fd_sc_hd__nor2_1)
                                         interconnect_0/_0097_ (net)
                  0.16    0.00    4.60 v interconnect_0/_0894_/B (sky130_fd_sc_hd__nor4_2)
     2    0.01    0.30    0.36    4.96 ^ interconnect_0/_0894_/Y (sky130_fd_sc_hd__nor4_2)
                                         interconnect_0/_0119_ (net)
                  0.30    0.00    4.96 ^ interconnect_0/_2483_/A2 (sky130_fd_sc_hd__a22o_1)
     1    0.01    0.10    0.23    5.18 ^ interconnect_0/_2483_/X (sky130_fd_sc_hd__a22o_1)
                                         s5_dr_ready (net)
                  0.10    0.00    5.18 ^ dot_0/_415_/D (sky130_fd_sc_hd__and4b_1)
     1    0.01    0.09    0.23    5.41 ^ dot_0/_415_/X (sky130_fd_sc_hd__and4b_1)
                                         dot_0/read_en_axi (net)
                  0.09    0.00    5.41 ^ dot_0/place29335/A (sky130_fd_sc_hd__buf_4)
     2    0.05    0.14    0.20    5.61 ^ dot_0/place29335/X (sky130_fd_sc_hd__buf_4)
                                         dot_0/net29334 (net)
                  0.14    0.01    5.62 ^ dot_0/fifo_timer_r/_386_/B1_N (sky130_fd_sc_hd__a21bo_2)
    17    0.14    0.33    0.49    6.11 v dot_0/fifo_timer_r/_386_/X (sky130_fd_sc_hd__a21bo_2)
                                         dot_0/fifo_timer_r/_096_ (net)
                  0.34    0.03    6.14 v dot_0/fifo_timer_r/_596_/A (sky130_fd_sc_hd__nor3_1)
     1    0.03    0.79    0.75    6.89 ^ dot_0/fifo_timer_r/_596_/Y (sky130_fd_sc_hd__nor3_1)
                                         dot_0/fifo_read_data_axi[6] (net)
                  0.79    0.00    6.89 ^ dot_0/place28658/A (sky130_fd_sc_hd__buf_4)
     1    0.04    0.13    0.31    7.20 ^ dot_0/place28658/X (sky130_fd_sc_hd__buf_4)
                                         dot_0/net28657 (net)
                  0.13    0.01    7.21 ^ dot_0/_195_/A (sky130_fd_sc_hd__and2_1)
     1    0.03    0.30    0.32    7.53 ^ dot_0/_195_/X (sky130_fd_sc_hd__and2_1)
                                         s5_dr_data[6] (net)
                  0.30    0.00    7.53 ^ place28000/A (sky130_fd_sc_hd__buf_12)
     2    0.08    0.10    0.19    7.73 ^ place28000/X (sky130_fd_sc_hd__buf_12)
                                         net27999 (net)
                  0.11    0.02    7.75 ^ interconnect_0/place27999/A (sky130_fd_sc_hd__buf_4)
     2    0.01    0.03    0.12    7.87 ^ interconnect_0/place27999/X (sky130_fd_sc_hd__buf_4)
                                         interconnect_0/net27998 (net)
                  0.03    0.00    7.87 ^ interconnect_0/_1393_/B2 (sky130_fd_sc_hd__a22oi_1)
     1    0.01    0.15    0.08    7.95 v interconnect_0/_1393_/Y (sky130_fd_sc_hd__a22oi_1)
                                         interconnect_0/_0562_ (net)
                  0.15    0.00    7.95 v interconnect_0/_1394_/C (sky130_fd_sc_hd__nand3_1)
     1    0.02    0.19    0.21    8.16 ^ interconnect_0/_1394_/Y (sky130_fd_sc_hd__nand3_1)
                                         m2_dr_data[6] (net)
                  0.19    0.00    8.17 ^ dma_config_0/dma_0/_2062_/A1 (sky130_fd_sc_hd__mux2i_1)
     1    0.00    0.09    0.10    8.27 v dma_config_0/dma_0/_2062_/Y (sky130_fd_sc_hd__mux2i_1)
                                         dma_config_0/dma_0/_0505_ (net)
                  0.09    0.00    8.27 v dma_config_0/dma_0/_2063_/B (sky130_fd_sc_hd__nor2_1)
     1    0.00    0.08    0.09    8.36 ^ dma_config_0/dma_0/_2063_/Y (sky130_fd_sc_hd__nor2_1)
                                         dma_config_0/dma_0/_0071_ (net)
                  0.08    0.00    8.36 ^ dma_config_0/dma_0/buffer_dma[6]$_SDFFE_PP0P_/D (sky130_fd_sc_hd__dfxtp_1)
                                  8.36   data arrival time

                  0.15   10.00   10.00   clock clk_s3 (rise edge)
                          0.00   10.00   clock network delay (ideal)
                         -0.25    9.75   clock uncertainty
                          0.00    9.75   clock reconvergence pessimism
                                  9.75 ^ dma_config_0/dma_0/buffer_dma[6]$_SDFFE_PP0P_/CLK (sky130_fd_sc_hd__dfxtp_1)
                         -0.05    9.70   library setup time
                                  9.70   data required time
-----------------------------------------------------------------------------
                                  9.70   data required time
                                 -8.36   data arrival time
-----------------------------------------------------------------------------
                                  1.34   slack (MET)


Startpoint: uart_0/fifo_uart_w/counter_2[0]$_SDFFE_PP0P_
            (rising edge-triggered flip-flop clocked by clk_s4)
Endpoint: uart_0/fifo_uart_r/mem[12][10]$_DFFE_PP_
          (rising edge-triggered flip-flop clocked by clk_s4)
Path Group: clk_s4
Path Type: max

Fanout     Cap    Slew   Delay    Time   Description
-----------------------------------------------------------------------------
                  0.15    0.00    0.00   clock clk_s4 (rise edge)
                          0.00    0.00   clock network delay (ideal)
                  0.15    0.00    0.00 ^ uart_0/fifo_uart_w/counter_2[0]$_SDFFE_PP0P_/CLK (sky130_fd_sc_hd__dfxtp_1)
    12    0.10    0.91    0.94    0.94 ^ uart_0/fifo_uart_w/counter_2[0]$_SDFFE_PP0P_/Q (sky130_fd_sc_hd__dfxtp_1)
                                         uart_0/fifo_uart_w/counter_2[0] (net)
                  0.91    0.00    0.94 ^ uart_0/fifo_uart_w/_894_/A (sky130_fd_sc_hd__ha_1)
     3    0.02    0.11    0.42    1.37 v uart_0/fifo_uart_w/_894_/SUM (sky130_fd_sc_hd__ha_1)
                                         uart_0/fifo_uart_w/counter_2_gray[0] (net)
                  0.11    0.00    1.37 v uart_0/fifo_uart_w/_449_/A (sky130_fd_sc_hd__xor2_1)
     1    0.01    0.09    0.21    1.57 v uart_0/fifo_uart_w/_449_/X (sky130_fd_sc_hd__xor2_1)
                                         uart_0/fifo_uart_w/_264_ (net)
                  0.09    0.00    1.58 v uart_0/fifo_uart_w/_450_/D (sky130_fd_sc_hd__nor4_4)
     6    0.02    0.41    0.32    1.89 ^ uart_0/fifo_uart_w/_450_/Y (sky130_fd_sc_hd__nor4_4)
                                         uart_0/fifo_uart_w/_265_ (net)
                  0.41    0.00    1.89 ^ uart_0/fifo_uart_w/_872_/A (sky130_fd_sc_hd__and2_1)
     2    0.05    0.48    0.50    2.39 ^ uart_0/fifo_uart_w/_872_/X (sky130_fd_sc_hd__and2_1)
                                         uart_0/fifo_empty (net)
                  0.48    0.00    2.39 ^ uart_0/_335_/A (sky130_fd_sc_hd__inv_1)
    11    0.05    0.27    0.34    2.74 v uart_0/_335_/Y (sky130_fd_sc_hd__inv_1)
                                         uart_0/addr_valid (net)
                  0.27    0.00    2.74 v uart_0/fifo_uart_w/_453_/B1_N (sky130_fd_sc_hd__a21bo_1)
     5    0.05    0.41    0.53    3.26 ^ uart_0/fifo_uart_w/_453_/X (sky130_fd_sc_hd__a21bo_1)
                                         uart_0/fifo_uart_w/_268_ (net)
                  0.41    0.01    3.27 ^ uart_0/fifo_uart_w/_479_/A (sky130_fd_sc_hd__nor3_2)
     1    0.00    0.08    0.09    3.36 v uart_0/fifo_uart_w/_479_/Y (sky130_fd_sc_hd__nor3_2)
                                         uart_0/fifo_data_read[38] (net)
                  0.08    0.00    3.36 v uart_0/uart_0/_0682_/A (sky130_fd_sc_hd__or4_1)
     1    0.03    0.20    0.68    4.04 v uart_0/uart_0/_0682_/X (sky130_fd_sc_hd__or4_1)
                                         uart_0/uart_0/_0192_ (net)
                  0.20    0.00    4.05 v uart_0/uart_0/_0683_/C (sky130_fd_sc_hd__nor3_1)
     1    0.00    0.16    0.19    4.24 ^ uart_0/uart_0/_0683_/Y (sky130_fd_sc_hd__nor3_1)
                                         uart_0/uart_0/_0193_ (net)
                  0.16    0.00    4.24 ^ uart_0/uart_0/place29072/A (sky130_fd_sc_hd__buf_4)
     9    0.05    0.15    0.23    4.47 ^ uart_0/uart_0/place29072/X (sky130_fd_sc_hd__buf_4)
                                         uart_0/uart_0/net29071 (net)
                  0.15    0.01    4.47 ^ uart_0/uart_0/_0686_/C (sky130_fd_sc_hd__and3_1)
    13    0.07    0.66    0.61    5.08 ^ uart_0/uart_0/_0686_/X (sky130_fd_sc_hd__and3_1)
                                         uart_0/uart_0/_0196_ (net)
                  0.66    0.00    5.09 ^ uart_0/uart_0/place28759/A (sky130_fd_sc_hd__buf_4)
    17    0.07    0.21    0.36    5.45 ^ uart_0/uart_0/place28759/X (sky130_fd_sc_hd__buf_4)
                                         uart_0/uart_0/net28758 (net)
                  0.21    0.00    5.45 ^ uart_0/uart_0/_0693_/A2 (sky130_fd_sc_hd__a22oi_1)
     1    0.00    0.10    0.12    5.57 v uart_0/uart_0/_0693_/Y (sky130_fd_sc_hd__a22oi_1)
                                         uart_0/uart_0/_0203_ (net)
                  0.10    0.00    5.57 v uart_0/uart_0/_0694_/B (sky130_fd_sc_hd__nor2_1)
    16    0.08    1.44    1.08    6.65 ^ uart_0/uart_0/_0694_/Y (sky130_fd_sc_hd__nor2_1)
                                         uart_0/data_out[10] (net)
                  1.44    0.02    6.67 ^ uart_0/fifo_uart_r/mem[12][10]$_DFFE_PP_/D (sky130_fd_sc_hd__edfxtp_1)
                                  6.67   data arrival time

                  0.15   40.00   40.00   clock clk_s4 (rise edge)
                          0.00   40.00   clock network delay (ideal)
                         -0.25   39.75   clock uncertainty
                          0.00   39.75   clock reconvergence pessimism
                                 39.75 ^ uart_0/fifo_uart_r/mem[12][10]$_DFFE_PP_/CLK (sky130_fd_sc_hd__edfxtp_1)
                         -0.39   39.36   library setup time
                                 39.36   data required time
-----------------------------------------------------------------------------
                                 39.36   data required time
                                 -6.67   data arrival time
-----------------------------------------------------------------------------
                                 32.70   slack (MET)


Startpoint: uart_clk_div/clk_div[0]$_SDFF_PP0_/Q
            (clock source 'uart_clk_div_clk_div2')
Endpoint: uart_clk_div/clk_div[1]$_SDFF_PP0_
          (rising edge-triggered flip-flop clocked by clk_s4_gate)
Path Group: clk_s4_gate
Path Type: max

Fanout     Cap    Slew   Delay    Time   Description
-----------------------------------------------------------------------------
                  0.15   40.00   40.00   clock uart_clk_div_clk_div2 (fall edge)
     3    0.01    0.04    0.00   40.00 v uart_clk_div/clk_div[0]$_SDFF_PP0_/Q (sky130_fd_sc_hd__dfxtp_1)
                                         uart_clk_div/clk_div2 (net)
                  0.04    0.00   40.00 v uart_clk_div/_11_/A (sky130_fd_sc_hd__ha_1)
     1    0.00    0.04    0.27   40.27 v uart_clk_div/_11_/SUM (sky130_fd_sc_hd__ha_1)
                                         uart_clk_div/_01_ (net)
                  0.04    0.00   40.27 v uart_clk_div/_06_/B_N (sky130_fd_sc_hd__nor2b_1)
     1    0.00    0.04    0.12   40.39 v uart_clk_div/_06_/Y (sky130_fd_sc_hd__nor2b_1)
                                         uart_clk_div/_02_ (net)
                  0.04    0.00   40.39 v uart_clk_div/clk_div[1]$_SDFF_PP0_/D (sky130_fd_sc_hd__dfxtp_1)
                                 40.39   data arrival time

                  0.15   80.00   80.00   clock clk_s4_gate (rise edge)
                          0.00   80.00   clock network delay (ideal)
                         -0.25   79.75   clock uncertainty
                          0.00   79.75   clock reconvergence pessimism
                                 79.75 ^ uart_clk_div/clk_div[1]$_SDFF_PP0_/CLK (sky130_fd_sc_hd__dfxtp_1)
                         -0.08   79.67   library setup time
                                 79.67   data required time
-----------------------------------------------------------------------------
                                 79.67   data required time
                                -40.39   data arrival time
-----------------------------------------------------------------------------
                                 39.28   slack (MET)


Startpoint: dot_0/fifo_timer_r/counter_1[1]$_SDFFE_PP0P_
            (rising edge-triggered flip-flop clocked by clk_s5)
Endpoint: dot_0/fifo_timer_r/mem[11][5]$_DFFE_PP_
          (rising edge-triggered flip-flop clocked by clk_s5)
Path Group: clk_s5
Path Type: max

Fanout     Cap    Slew   Delay    Time   Description
-----------------------------------------------------------------------------
                  0.15    0.00    0.00   clock clk_s5 (rise edge)
                          0.00    0.00   clock network delay (ideal)
                  0.15    0.00    0.00 ^ dot_0/fifo_timer_r/counter_1[1]$_SDFFE_PP0P_/CLK (sky130_fd_sc_hd__dfxtp_1)
     3    0.01    0.05    0.36    0.36 v dot_0/fifo_timer_r/counter_1[1]$_SDFFE_PP0P_/Q (sky130_fd_sc_hd__dfxtp_1)
                                         dot_0/fifo_timer_r/counter_1[1] (net)
                  0.05    0.00    0.36 v dot_0/fifo_timer_r/place31501/A (sky130_fd_sc_hd__buf_4)
     2    0.01    0.03    0.14    0.49 v dot_0/fifo_timer_r/place31501/X (sky130_fd_sc_hd__buf_4)
                                         dot_0/fifo_timer_r/net31500 (net)
                  0.03    0.00    0.49 v dot_0/fifo_timer_r/_748_/A (sky130_fd_sc_hd__ha_1)
     2    0.01    0.07    0.30    0.80 v dot_0/fifo_timer_r/_748_/SUM (sky130_fd_sc_hd__ha_1)
                                         dot_0/fifo_timer_r/counter_1_gray[1] (net)
                  0.07    0.00    0.80 v dot_0/fifo_timer_r/_652_/A (sky130_fd_sc_hd__xor2_1)
     1    0.01    0.16    0.19    0.99 ^ dot_0/fifo_timer_r/_652_/X (sky130_fd_sc_hd__xor2_1)
                                         dot_0/fifo_timer_r/_326_ (net)
                  0.16    0.00    0.99 ^ dot_0/fifo_timer_r/place30854/A (sky130_fd_sc_hd__buf_4)
     1    0.01    0.04    0.15    1.14 ^ dot_0/fifo_timer_r/place30854/X (sky130_fd_sc_hd__buf_4)
                                         dot_0/fifo_timer_r/net30853 (net)
                  0.04    0.00    1.14 ^ dot_0/fifo_timer_r/_654_/C (sky130_fd_sc_hd__nor4_4)
     2    0.01    0.03    0.04    1.18 v dot_0/fifo_timer_r/_654_/Y (sky130_fd_sc_hd__nor4_4)
                                         dot_0/fifo_timer_r/_328_ (net)
                  0.03    0.00    1.18 v dot_0/fifo_timer_r/_730_/A (sky130_fd_sc_hd__and2_2)
     1    0.06    0.15    0.28    1.45 v dot_0/fifo_timer_r/_730_/X (sky130_fd_sc_hd__and2_2)
                                         dot_0/fifo_full (net)
                  0.16    0.01    1.47 v dot_0/place30258/A (sky130_fd_sc_hd__buf_12)
     1    0.11    0.06    0.21    1.67 v dot_0/place30258/X (sky130_fd_sc_hd__buf_12)
                                         dot_0/net30257 (net)
                  0.10    0.04    1.71 v dot_0/_416_/C (sky130_fd_sc_hd__nor3_2)
     1    0.01    0.22    0.19    1.90 ^ dot_0/_416_/Y (sky130_fd_sc_hd__nor3_2)
                                         dot_0/r_en_1 (net)
                  0.22    0.00    1.90 ^ dot_0/place30147/A (sky130_fd_sc_hd__buf_12)
     4    0.05    0.07    0.17    2.07 ^ dot_0/place30147/X (sky130_fd_sc_hd__buf_12)
                                         dot_0/net30146 (net)
                  0.07    0.00    2.07 ^ dot_0/fifo_timer_w1/_386_/B1_N (sky130_fd_sc_hd__a21bo_2)
     5    0.07    0.17    0.35    2.43 v dot_0/fifo_timer_w1/_386_/X (sky130_fd_sc_hd__a21bo_2)
                                         dot_0/fifo_timer_w1/_096_ (net)
                  0.18    0.01    2.44 v dot_0/fifo_timer_w1/place29970/A (sky130_fd_sc_hd__buf_4)
     4    0.02    0.04    0.21    2.64 v dot_0/fifo_timer_w1/place29970/X (sky130_fd_sc_hd__buf_4)
                                         dot_0/fifo_timer_w1/net29969 (net)
                  0.04    0.00    2.64 v dot_0/fifo_timer_w1/_596_/A (sky130_fd_sc_hd__nor3_1)
     1    0.05    1.30    1.02    3.67 ^ dot_0/fifo_timer_w1/_596_/Y (sky130_fd_sc_hd__nor3_1)
                                         dot_0/fifo_data_read_1[6] (net)
                  1.30    0.01    3.68 ^ dot_0/fp4_dot_0/fp4_1/place29735/A (sky130_fd_sc_hd__buf_4)
     2    0.01    0.08    0.29    3.96 ^ dot_0/fp4_dot_0/fp4_1/place29735/X (sky130_fd_sc_hd__buf_4)
                                         dot_0/fp4_dot_0/fp4_1/net29734 (net)
                  0.08    0.00    3.96 ^ dot_0/fp4_dot_0/fp4_1/_57_/A (sky130_fd_sc_hd__inv_1)
     1    0.00    0.03    0.05    4.01 v dot_0/fp4_dot_0/fp4_1/_57_/Y (sky130_fd_sc_hd__inv_1)
                                         dot_0/fp4_dot_0/fp4_1/_05_ (net)
                  0.03    0.00    4.01 v dot_0/fp4_dot_0/fp4_1/_76_/B (sky130_fd_sc_hd__ha_1)
     2    0.01    0.07    0.20    4.21 v dot_0/fp4_dot_0/fp4_1/_76_/COUT (sky130_fd_sc_hd__ha_1)
                                         dot_0/fp4_dot_0/fp4_1/_06_ (net)
                  0.07    0.00    4.21 v dot_0/fp4_dot_0/fp4_1/_48_/B (sky130_fd_sc_hd__nor2_1)
     1    0.00    0.11    0.11    4.32 ^ dot_0/fp4_dot_0/fp4_1/_48_/Y (sky130_fd_sc_hd__nor2_1)
                                         dot_0/fp4_dot_0/fp4_1/expa[0] (net)
                  0.11    0.00    4.32 ^ dot_0/fp4_dot_0/fp4_1/_83_/A (sky130_fd_sc_hd__ha_1)
     1    0.01    0.08    0.18    4.50 ^ dot_0/fp4_dot_0/fp4_1/_83_/COUT (sky130_fd_sc_hd__ha_1)
                                         dot_0/fp4_dot_0/fp4_1/_33_ (net)
                  0.08    0.00    4.50 ^ dot_0/fp4_dot_0/fp4_1/_75_/CIN (sky130_fd_sc_hd__fa_1)
     2    0.01    0.11    0.45    4.95 v dot_0/fp4_dot_0/fp4_1/_75_/SUM (sky130_fd_sc_hd__fa_1)
                                         dot_0/fp4_dot_0/fp4_1/sum1[1] (net)
                  0.11    0.00    4.95 v dot_0/fp4_dot_0/fp4_1/_46_/A (sky130_fd_sc_hd__inv_1)
     1    0.01    0.07    0.10    5.06 ^ dot_0/fp4_dot_0/fp4_1/_46_/Y (sky130_fd_sc_hd__inv_1)
                                         dot_0/fp4_dot_0/fp4_1/_08_ (net)
                  0.07    0.00    5.06 ^ dot_0/fp4_dot_0/fp4_1/_78_/B (sky130_fd_sc_hd__ha_1)
     1    0.01    0.08    0.16    5.22 ^ dot_0/fp4_dot_0/fp4_1/_78_/COUT (sky130_fd_sc_hd__ha_1)
                                         dot_0/fp4_dot_0/fp4_1/_09_ (net)
                  0.08    0.00    5.22 ^ dot_0/fp4_dot_0/fp4_1/_44_/A (sky130_fd_sc_hd__xnor2_1)
     1    0.01    0.16    0.13    5.35 ^ dot_0/fp4_dot_0/fp4_1/_44_/Y (sky130_fd_sc_hd__xnor2_1)
                                         dot_0/fp4_dot_0/fp4_1/_22_ (net)
                  0.16    0.00    5.35 ^ dot_0/fp4_dot_0/fp4_1/_45_/B (sky130_fd_sc_hd__nor2_1)
     1    0.01    0.10    0.09    5.44 v dot_0/fp4_dot_0/fp4_1/_45_/Y (sky130_fd_sc_hd__nor2_1)
                                         dot_0/fp4_dot_0/fp4_1/sum2[2] (net)
                  0.10    0.00    5.44 v dot_0/fp4_dot_0/fp4_1/_79_/A (sky130_fd_sc_hd__ha_1)
     3    0.01    0.09    0.36    5.80 v dot_0/fp4_dot_0/fp4_1/_79_/SUM (sky130_fd_sc_hd__ha_1)
                                         dot_0/fp4_dot_0/fp4_1/_12_ (net)
                  0.09    0.00    5.80 v dot_0/fp4_dot_0/fp4_1/_50_/A1 (sky130_fd_sc_hd__a21oi_1)
     1    0.01    0.17    0.19    5.98 ^ dot_0/fp4_dot_0/fp4_1/_50_/Y (sky130_fd_sc_hd__a21oi_1)
                                         dot_0/fp4_dot_0/fp4_1/_24_ (net)
                  0.17    0.00    5.98 ^ dot_0/fp4_dot_0/fp4_1/_51_/B (sky130_fd_sc_hd__nand2_1)
     1    0.00    0.05    0.08    6.06 v dot_0/fp4_dot_0/fp4_1/_51_/Y (sky130_fd_sc_hd__nand2_1)
                                         dot_0/fp4_dot_0/fp4_1/_25_ (net)
                  0.05    0.00    6.06 v dot_0/fp4_dot_0/fp4_1/_56_/A (sky130_fd_sc_hd__xnor3_1)
     2    0.01    0.10    0.39    6.46 v dot_0/fp4_dot_0/fp4_1/_56_/X (sky130_fd_sc_hd__xnor3_1)
                                         dot_0/fp4_dot_0/y_1[6] (net)
                  0.10    0.00    6.46 v dot_0/fp4_dot_0/add0/_0734_/A (sky130_fd_sc_hd__inv_1)
     2    0.01    0.07    0.09    6.55 ^ dot_0/fp4_dot_0/add0/_0734_/Y (sky130_fd_sc_hd__inv_1)
                                         dot_0/fp4_dot_0/add0/_0139_ (net)
                  0.07    0.00    6.55 ^ dot_0/fp4_dot_0/add0/_0817_/A2 (sky130_fd_sc_hd__a31oi_1)
     3    0.01    0.12    0.13    6.68 v dot_0/fp4_dot_0/add0/_0817_/Y (sky130_fd_sc_hd__a31oi_1)
                                         dot_0/fp4_dot_0/add0/_0056_ (net)
                  0.12    0.00    6.68 v dot_0/fp4_dot_0/add0/_1370_/B (sky130_fd_sc_hd__ha_1)
     2    0.02    0.11    0.28    6.96 v dot_0/fp4_dot_0/add0/_1370_/COUT (sky130_fd_sc_hd__ha_1)
                                         dot_0/fp4_dot_0/add0/_0018_ (net)
                  0.11    0.00    6.96 v dot_0/fp4_dot_0/add0/_1357_/CIN (sky130_fd_sc_hd__fa_1)
     2    0.01    0.09    0.41    7.37 v dot_0/fp4_dot_0/add0/_1357_/COUT (sky130_fd_sc_hd__fa_1)
                                         dot_0/fp4_dot_0/add0/_0019_ (net)
                  0.09    0.00    7.37 v dot_0/fp4_dot_0/add0/_0858_/A (sky130_fd_sc_hd__nor2b_1)
     1    0.00    0.12    0.15    7.52 ^ dot_0/fp4_dot_0/add0/_0858_/Y (sky130_fd_sc_hd__nor2b_1)
                                         dot_0/fp4_dot_0/add0/_0273_ (net)
                  0.12    0.00    7.52 ^ dot_0/fp4_dot_0/add0/_0859_/A2 (sky130_fd_sc_hd__o21ai_0)
     2    0.01    0.10    0.12    7.64 v dot_0/fp4_dot_0/add0/_0859_/Y (sky130_fd_sc_hd__o21ai_0)
                                         dot_0/fp4_dot_0/add0/_0274_ (net)
                  0.10    0.00    7.64 v dot_0/fp4_dot_0/add0/_0861_/A2 (sky130_fd_sc_hd__a211oi_1)
     3    0.01    0.41    0.42    8.06 ^ dot_0/fp4_dot_0/add0/_0861_/Y (sky130_fd_sc_hd__a211oi_1)
                                         dot_0/fp4_dot_0/add0/_0276_ (net)
                  0.41    0.00    8.06 ^ dot_0/fp4_dot_0/add0/_0865_/B (sky130_fd_sc_hd__nand2_1)
     2    0.01    0.11    0.15    8.21 v dot_0/fp4_dot_0/add0/_0865_/Y (sky130_fd_sc_hd__nand2_1)
                                         dot_0/fp4_dot_0/add0/_0088_ (net)
                  0.11    0.00    8.21 v dot_0/fp4_dot_0/add0/_1381_/A (sky130_fd_sc_hd__ha_1)
     2    0.01    0.06    0.24    8.45 v dot_0/fp4_dot_0/add0/_1381_/COUT (sky130_fd_sc_hd__ha_1)
                                         dot_0/fp4_dot_0/add0/_0090_ (net)
                  0.06    0.00    8.45 v dot_0/fp4_dot_0/add0/_1251_/A (sky130_fd_sc_hd__nor3_1)
     2    0.01    0.36    0.34    8.79 ^ dot_0/fp4_dot_0/add0/_1251_/Y (sky130_fd_sc_hd__nor3_1)
                                         dot_0/fp4_dot_0/add0/_0629_ (net)
                  0.36    0.00    8.79 ^ dot_0/fp4_dot_0/add0/_1253_/A3 (sky130_fd_sc_hd__o31ai_1)
     1    0.00    0.09    0.12    8.91 v dot_0/fp4_dot_0/add0/_1253_/Y (sky130_fd_sc_hd__o31ai_1)
                                         dot_0/fp4_dot_0/add0/_0631_ (net)
                  0.09    0.00    8.91 v dot_0/fp4_dot_0/add0/_1254_/B1 (sky130_fd_sc_hd__a2111oi_2)
     1    0.00    0.27    0.34    9.26 ^ dot_0/fp4_dot_0/add0/_1254_/Y (sky130_fd_sc_hd__a2111oi_2)
                                         dot_0/fp4_dot_0/add0/_0632_ (net)
                  0.27    0.00    9.26 ^ dot_0/fp4_dot_0/add0/place25334/A (sky130_fd_sc_hd__buf_4)
     3    0.02    0.07    0.20    9.46 ^ dot_0/fp4_dot_0/add0/place25334/X (sky130_fd_sc_hd__buf_4)
                                         dot_0/fp4_dot_0/add0/net25333 (net)
                  0.07    0.00    9.46 ^ dot_0/fp4_dot_0/add0/_1255_/S (sky130_fd_sc_hd__mux2i_1)
     2    0.01    0.32    0.33    9.79 ^ dot_0/fp4_dot_0/add0/_1255_/Y (sky130_fd_sc_hd__mux2i_1)
                                         dot_0/fp4_dot_0/add0/_0633_ (net)
                  0.32    0.00    9.79 ^ dot_0/fp4_dot_0/add0/_1258_/A_N (sky130_fd_sc_hd__nand2b_1)
     2    0.01    0.08    0.18    9.97 ^ dot_0/fp4_dot_0/add0/_1258_/Y (sky130_fd_sc_hd__nand2b_1)
                                         dot_0/fp4_dot_0/add0/_0636_ (net)
                  0.08    0.00    9.97 ^ dot_0/fp4_dot_0/add0/_1259_/B1 (sky130_fd_sc_hd__a221o_1)
     1    0.01    0.10    0.18   10.15 ^ dot_0/fp4_dot_0/add0/_1259_/X (sky130_fd_sc_hd__a221o_1)
                                         dot_0/fp4_dot_0/add0/_0637_ (net)
                  0.10    0.00   10.15 ^ dot_0/fp4_dot_0/add0/_1272_/A2 (sky130_fd_sc_hd__a31oi_1)
     1    0.00    0.08    0.09   10.24 v dot_0/fp4_dot_0/add0/_1272_/Y (sky130_fd_sc_hd__a31oi_1)
                                         dot_0/fp4_dot_0/add0/_0650_ (net)
                  0.08    0.00   10.24 v dot_0/fp4_dot_0/add0/_1273_/B1 (sky130_fd_sc_hd__a31oi_1)
     1    0.01    0.17    0.18   10.42 ^ dot_0/fp4_dot_0/add0/_1273_/Y (sky130_fd_sc_hd__a31oi_1)
                                         dot_0/fp4_dot_0/add0/_0651_ (net)
                  0.17    0.00   10.42 ^ dot_0/fp4_dot_0/add0/_1275_/A1 (sky130_fd_sc_hd__o21ai_1)
     1    0.00    0.09    0.10   10.52 v dot_0/fp4_dot_0/add0/_1275_/Y (sky130_fd_sc_hd__o21ai_1)
                                         dot_0/fp4_dot_0/add0/_0653_ (net)
                  0.09    0.00   10.52 v dot_0/fp4_dot_0/add0/place25237/A (sky130_fd_sc_hd__buf_4)
     1    0.01    0.04    0.17   10.68 v dot_0/fp4_dot_0/add0/place25237/X (sky130_fd_sc_hd__buf_4)
                                         dot_0/fp4_dot_0/add0/net25236 (net)
                  0.04    0.00   10.68 v dot_0/fp4_dot_0/add0/_1276_/B (sky130_fd_sc_hd__xnor2_1)
     1    0.01    0.09    0.14   10.82 v dot_0/fp4_dot_0/add0/_1276_/Y (sky130_fd_sc_hd__xnor2_1)
                                         dot_0/fp4_dot_0/add0/_0009_ (net)
                  0.09    0.00   10.82 v dot_0/fp4_dot_0/add0/_1355_/B (sky130_fd_sc_hd__fa_1)
     2    0.02    0.14    0.48   11.30 v dot_0/fp4_dot_0/add0/_1355_/COUT (sky130_fd_sc_hd__fa_1)
                                         dot_0/fp4_dot_0/add0/_0003_ (net)
                  0.14    0.00   11.31 v dot_0/fp4_dot_0/add0/_1354_/A (sky130_fd_sc_hd__fa_1)
     3    0.02    0.14    0.53   11.84 v dot_0/fp4_dot_0/add0/_1354_/COUT (sky130_fd_sc_hd__fa_1)
                                         dot_0/fp4_dot_0/add0/_0006_ (net)
                  0.14    0.00   11.84 v dot_0/fp4_dot_0/add0/place25189/A (sky130_fd_sc_hd__buf_4)
     1    0.01    0.03    0.18   12.02 v dot_0/fp4_dot_0/add0/place25189/X (sky130_fd_sc_hd__buf_4)
                                         dot_0/fp4_dot_0/add0/net25188 (net)
                  0.03    0.00   12.02 v dot_0/fp4_dot_0/add0/_0745_/A1 (sky130_fd_sc_hd__a211oi_4)
     2    0.01    0.24    0.25   12.27 ^ dot_0/fp4_dot_0/add0/_0745_/Y (sky130_fd_sc_hd__a211oi_4)
                                         dot_0/fp4_dot_0/add0/_0173_ (net)
                  0.24    0.00   12.27 ^ dot_0/fp4_dot_0/add0/place25176/A (sky130_fd_sc_hd__buf_4)
     2    0.01    0.05    0.17   12.44 ^ dot_0/fp4_dot_0/add0/place25176/X (sky130_fd_sc_hd__buf_4)
                                         dot_0/fp4_dot_0/add0/net25175 (net)
                  0.05    0.00   12.44 ^ dot_0/fp4_dot_0/add0/_0759_/A (sky130_fd_sc_hd__nor2_2)
     4    0.02    0.11    0.07   12.50 v dot_0/fp4_dot_0/add0/_0759_/Y (sky130_fd_sc_hd__nor2_2)
                                         dot_0/fp4_dot_0/add0/_0187_ (net)
                  0.11    0.00   12.51 v dot_0/fp4_dot_0/add0/_0760_/B (sky130_fd_sc_hd__xnor2_1)
     1    0.00    0.06    0.15   12.66 v dot_0/fp4_dot_0/add0/_0760_/Y (sky130_fd_sc_hd__xnor2_1)
                                         dot_0/fp4_dot_0/add0/_0188_ (net)
                  0.06    0.00   12.66 v dot_0/fp4_dot_0/add0/place25118/A (sky130_fd_sc_hd__buf_4)
     2    0.01    0.03    0.14   12.80 v dot_0/fp4_dot_0/add0/place25118/X (sky130_fd_sc_hd__buf_4)
                                         dot_0/fp4_dot_0/add0/net25117 (net)
                  0.03    0.00   12.80 v dot_0/fp4_dot_0/add0/_0768_/A2 (sky130_fd_sc_hd__a21oi_1)
     1    0.01    0.20    0.20   13.00 ^ dot_0/fp4_dot_0/add0/_0768_/Y (sky130_fd_sc_hd__a21oi_1)
                                         dot_0/fp4_dot_0/add0/_0196_ (net)
                  0.20    0.00   13.00 ^ dot_0/fp4_dot_0/add0/_0779_/A2 (sky130_fd_sc_hd__o21a_1)
     2    0.01    0.08    0.16   13.16 ^ dot_0/fp4_dot_0/add0/_0779_/X (sky130_fd_sc_hd__o21a_1)
                                         dot_0/fp4_dot_0/add0/_0207_ (net)
                  0.08    0.00   13.16 ^ dot_0/fp4_dot_0/add0/_0805_/A1 (sky130_fd_sc_hd__a21o_1)
     2    0.02    0.18    0.21   13.38 ^ dot_0/fp4_dot_0/add0/_0805_/X (sky130_fd_sc_hd__a21o_1)
                                         dot_0/fp4_dot_0/add0/_0233_ (net)
                  0.18    0.00   13.38 ^ dot_0/fp4_dot_0/add0/_1379_/A (sky130_fd_sc_hd__ha_1)
     2    0.01    0.10    0.21   13.59 ^ dot_0/fp4_dot_0/add0/_1379_/COUT (sky130_fd_sc_hd__ha_1)
                                         dot_0/fp4_dot_0/add0/_0085_ (net)
                  0.10    0.00   13.59 ^ dot_0/fp4_dot_0/add0/_0869_/A (sky130_fd_sc_hd__inv_1)
     1    0.01    0.05    0.07   13.66 v dot_0/fp4_dot_0/add0/_0869_/Y (sky130_fd_sc_hd__inv_1)
                                         dot_0/fp4_dot_0/add0/_0012_ (net)
                  0.05    0.00   13.66 v dot_0/fp4_dot_0/add0/_1356_/A (sky130_fd_sc_hd__fa_1)
     4    0.01    0.13    0.49   14.15 v dot_0/fp4_dot_0/add0/_1356_/COUT (sky130_fd_sc_hd__fa_1)
                                         dot_0/fp4_dot_0/add0/_0015_ (net)
                  0.13    0.00   14.16 v dot_0/fp4_dot_0/add0/_0890_/B1_N (sky130_fd_sc_hd__o21ba_2)
     1    0.00    0.03    0.26   14.41 ^ dot_0/fp4_dot_0/add0/_0890_/X (sky130_fd_sc_hd__o21ba_2)
                                         dot_0/fp4_dot_0/add0/_0299_ (net)
                  0.03    0.00   14.41 ^ dot_0/fp4_dot_0/add0/_0891_/B1 (sky130_fd_sc_hd__o32a_1)
     2    0.01    0.11    0.18   14.59 ^ dot_0/fp4_dot_0/add0/_0891_/X (sky130_fd_sc_hd__o32a_1)
                                         dot_0/fp4_dot_0/add0/_0300_ (net)
                  0.11    0.00   14.59 ^ dot_0/fp4_dot_0/add0/_0892_/A3 (sky130_fd_sc_hd__a31o_1)
     3    0.02    0.19    0.26   14.85 ^ dot_0/fp4_dot_0/add0/_0892_/X (sky130_fd_sc_hd__a31o_1)
                                         dot_0/fp4_dot_0/add0/_0301_ (net)
                  0.19    0.00   14.85 ^ dot_0/fp4_dot_0/add0/_0893_/B1 (sky130_fd_sc_hd__a21oi_2)
     2    0.01    0.06    0.07   14.92 v dot_0/fp4_dot_0/add0/_0893_/Y (sky130_fd_sc_hd__a21oi_2)
                                         dot_0/fp4_dot_0/add0/_0302_ (net)
                  0.06    0.00   14.92 v dot_0/fp4_dot_0/add0/_0966_/A2 (sky130_fd_sc_hd__a31oi_2)
     6    0.04    0.55    0.49   15.41 ^ dot_0/fp4_dot_0/add0/_0966_/Y (sky130_fd_sc_hd__a31oi_2)
                                         dot_0/fp4_dot_0/add0/_0369_ (net)
                  0.55    0.00   15.41 ^ dot_0/fp4_dot_0/add0/_1119_/B (sky130_fd_sc_hd__nand4_1)
     2    0.02    0.30    0.37   15.78 v dot_0/fp4_dot_0/add0/_1119_/Y (sky130_fd_sc_hd__nand4_1)
                                         dot_0/fp4_dot_0/add0/_0516_ (net)
                  0.30    0.00   15.78 v dot_0/fp4_dot_0/add0/_1142_/B2 (sky130_fd_sc_hd__o221a_1)
     1    0.00    0.05    0.31   16.09 v dot_0/fp4_dot_0/add0/_1142_/X (sky130_fd_sc_hd__o221a_1)
                                         dot_0/fp4_dot_0/add0/_0537_ (net)
                  0.05    0.00   16.09 v dot_0/fp4_dot_0/add0/_1144_/A3 (sky130_fd_sc_hd__a31oi_1)
     2    0.03    0.68    0.54   16.63 ^ dot_0/fp4_dot_0/add0/_1144_/Y (sky130_fd_sc_hd__a31oi_1)
                                         dot_0/fp4_dot_0/add0/_0000_ (net)
                  0.68    0.00   16.63 ^ dot_0/fp4_dot_0/add0/_1334_/B1 (sky130_fd_sc_hd__a21oi_1)
     1    0.00    0.13    0.09   16.72 v dot_0/fp4_dot_0/add0/_1334_/Y (sky130_fd_sc_hd__a21oi_1)
                                         dot_0/fp4_dot_0/add0/_0694_ (net)
                  0.13    0.00   16.72 v dot_0/fp4_dot_0/add0/_1344_/A3 (sky130_fd_sc_hd__a32oi_1)
     1    0.00    0.16    0.23   16.95 ^ dot_0/fp4_dot_0/add0/_1344_/Y (sky130_fd_sc_hd__a32oi_1)
                                         dot_0/fp4_dot_0/add0/_0002_ (net)
                  0.16    0.00   16.95 ^ dot_0/fp4_dot_0/add0/place24624/A (sky130_fd_sc_hd__buf_4)
     1    0.02    0.06    0.16   17.11 ^ dot_0/fp4_dot_0/add0/place24624/X (sky130_fd_sc_hd__buf_4)
                                         dot_0/fp4_dot_0/add0/net24623 (net)
                  0.06    0.00   17.11 ^ dot_0/fp4_dot_0/add0/_1402_/B (sky130_fd_sc_hd__ha_1)
     1    0.00    0.06    0.15   17.26 ^ dot_0/fp4_dot_0/add0/_1402_/COUT (sky130_fd_sc_hd__ha_1)
                                         dot_0/fp4_dot_0/add0/_0711_ (net)
                  0.06    0.00   17.26 ^ dot_0/fp4_dot_0/add0/_1387_/A (sky130_fd_sc_hd__ha_1)
     3    0.01    0.11    0.19   17.46 ^ dot_0/fp4_dot_0/add0/_1387_/COUT (sky130_fd_sc_hd__ha_1)
                                         dot_0/fp4_dot_0/add0/_0103_ (net)
                  0.11    0.00   17.46 ^ dot_0/fp4_dot_0/add0/_1038_/B (sky130_fd_sc_hd__nand2_1)
     2    0.01    0.06    0.09   17.55 v dot_0/fp4_dot_0/add0/_1038_/Y (sky130_fd_sc_hd__nand2_1)
                                         dot_0/fp4_dot_0/add0/_0441_ (net)
                  0.06    0.00   17.55 v dot_0/fp4_dot_0/add0/_1039_/B (sky130_fd_sc_hd__nor2_1)
     2    0.01    0.22    0.19   17.74 ^ dot_0/fp4_dot_0/add0/_1039_/Y (sky130_fd_sc_hd__nor2_1)
                                         dot_0/fp4_dot_0/add0/_0442_ (net)
                  0.22    0.00   17.74 ^ dot_0/fp4_dot_0/add0/_1055_/A3 (sky130_fd_sc_hd__a31o_4)
     2    0.01    0.06    0.20   17.94 ^ dot_0/fp4_dot_0/add0/_1055_/X (sky130_fd_sc_hd__a31o_4)
                                         dot_0/fp4_dot_0/add0/_0458_ (net)
                  0.06    0.00   17.94 ^ dot_0/fp4_dot_0/add0/_1058_/B (sky130_fd_sc_hd__nand3_2)
     2    0.01    0.06    0.08   18.02 v dot_0/fp4_dot_0/add0/_1058_/Y (sky130_fd_sc_hd__nand3_2)
                                         dot_0/fp4_dot_0/add0/_0461_ (net)
                  0.06    0.00   18.02 v dot_0/fp4_dot_0/add0/_1066_/A3 (sky130_fd_sc_hd__a31oi_1)
     2    0.03    0.73    0.58   18.60 ^ dot_0/fp4_dot_0/add0/_1066_/Y (sky130_fd_sc_hd__a31oi_1)
                                         dot_0/fp4_dot_0/add_0[6] (net)
                  0.73    0.00   18.60 ^ dot_0/fp4_dot_0/add4/_0811_/A (sky130_fd_sc_hd__nor2_1)
     2    0.01    0.15    0.16   18.76 v dot_0/fp4_dot_0/add4/_0811_/Y (sky130_fd_sc_hd__nor2_1)
                                         dot_0/fp4_dot_0/add4/_0236_ (net)
                  0.15    0.00   18.76 v dot_0/fp4_dot_0/add4/_0812_/A2 (sky130_fd_sc_hd__a21oi_1)
     1    0.01    0.30    0.32   19.08 ^ dot_0/fp4_dot_0/add4/_0812_/Y (sky130_fd_sc_hd__a21oi_1)
                                         dot_0/fp4_dot_0/add4/_0054_ (net)
                  0.30    0.00   19.08 ^ dot_0/fp4_dot_0/add4/place24522/A (sky130_fd_sc_hd__buf_4)
     2    0.01    0.04    0.18   19.26 ^ dot_0/fp4_dot_0/add4/place24522/X (sky130_fd_sc_hd__buf_4)
                                         dot_0/fp4_dot_0/add4/net24521 (net)
                  0.04    0.00   19.26 ^ dot_0/fp4_dot_0/add4/_0813_/A (sky130_fd_sc_hd__inv_1)
     2    0.01    0.04    0.05   19.31 v dot_0/fp4_dot_0/add4/_0813_/Y (sky130_fd_sc_hd__inv_1)
                                         dot_0/fp4_dot_0/add4/exp_a[0] (net)
                  0.04    0.00   19.31 v dot_0/fp4_dot_0/add4/_1370_/A (sky130_fd_sc_hd__ha_1)
     2    0.02    0.10    0.25   19.56 v dot_0/fp4_dot_0/add4/_1370_/COUT (sky130_fd_sc_hd__ha_1)
                                         dot_0/fp4_dot_0/add4/_0018_ (net)
                  0.10    0.00   19.56 v dot_0/fp4_dot_0/add4/_1357_/CIN (sky130_fd_sc_hd__fa_1)
     2    0.01    0.11    0.43   20.00 v dot_0/fp4_dot_0/add4/_1357_/COUT (sky130_fd_sc_hd__fa_1)
                                         dot_0/fp4_dot_0/add4/_0019_ (net)
                  0.11    0.00   20.00 v dot_0/fp4_dot_0/add4/_0858_/A (sky130_fd_sc_hd__nor2b_1)
     1    0.00    0.10    0.14   20.14 ^ dot_0/fp4_dot_0/add4/_0858_/Y (sky130_fd_sc_hd__nor2b_1)
                                         dot_0/fp4_dot_0/add4/_0273_ (net)
                  0.10    0.00   20.14 ^ dot_0/fp4_dot_0/add4/_0859_/A2 (sky130_fd_sc_hd__o21ai_0)
     2    0.01    0.13    0.14   20.28 v dot_0/fp4_dot_0/add4/_0859_/Y (sky130_fd_sc_hd__o21ai_0)
                                         dot_0/fp4_dot_0/add4/_0274_ (net)
                  0.13    0.00   20.28 v dot_0/fp4_dot_0/add4/_0861_/A2 (sky130_fd_sc_hd__a211oi_1)
     1    0.00    0.20    0.27   20.55 ^ dot_0/fp4_dot_0/add4/_0861_/Y (sky130_fd_sc_hd__a211oi_1)
                                         dot_0/fp4_dot_0/add4/_0276_ (net)
                  0.20    0.00   20.55 ^ dot_0/fp4_dot_0/add4/place24411/A (sky130_fd_sc_hd__buf_4)
     3    0.02    0.06    0.17   20.72 ^ dot_0/fp4_dot_0/add4/place24411/X (sky130_fd_sc_hd__buf_4)
                                         dot_0/fp4_dot_0/add4/net24410 (net)
                  0.06    0.00   20.72 ^ dot_0/fp4_dot_0/add4/_0865_/B (sky130_fd_sc_hd__nand2_1)
     2    0.01    0.06    0.08   20.80 v dot_0/fp4_dot_0/add4/_0865_/Y (sky130_fd_sc_hd__nand2_1)
                                         dot_0/fp4_dot_0/add4/_0088_ (net)
                  0.06    0.00   20.80 v dot_0/fp4_dot_0/add4/_1381_/A (sky130_fd_sc_hd__ha_1)
     2    0.01    0.07    0.24   21.03 v dot_0/fp4_dot_0/add4/_1381_/COUT (sky130_fd_sc_hd__ha_1)
                                         dot_0/fp4_dot_0/add4/_0090_ (net)
                  0.07    0.00   21.03 v dot_0/fp4_dot_0/add4/_1251_/A (sky130_fd_sc_hd__nor3_1)
     2    0.01    0.37    0.36   21.39 ^ dot_0/fp4_dot_0/add4/_1251_/Y (sky130_fd_sc_hd__nor3_1)
                                         dot_0/fp4_dot_0/add4/_0629_ (net)
                  0.37    0.00   21.39 ^ dot_0/fp4_dot_0/add4/_1253_/A3 (sky130_fd_sc_hd__o31ai_1)
     1    0.01    0.09    0.13   21.52 v dot_0/fp4_dot_0/add4/_1253_/Y (sky130_fd_sc_hd__o31ai_1)
                                         dot_0/fp4_dot_0/add4/_0631_ (net)
                  0.09    0.00   21.52 v dot_0/fp4_dot_0/add4/_1254_/B1 (sky130_fd_sc_hd__a2111oi_2)
     1    0.00    0.28    0.36   21.88 ^ dot_0/fp4_dot_0/add4/_1254_/Y (sky130_fd_sc_hd__a2111oi_2)
                                         dot_0/fp4_dot_0/add4/_0632_ (net)
                  0.28    0.00   21.88 ^ dot_0/fp4_dot_0/add4/place24317/A (sky130_fd_sc_hd__buf_4)
     3    0.02    0.07    0.20   22.08 ^ dot_0/fp4_dot_0/add4/place24317/X (sky130_fd_sc_hd__buf_4)
                                         dot_0/fp4_dot_0/add4/net24316 (net)
                  0.07    0.00   22.08 ^ dot_0/fp4_dot_0/add4/_1255_/S (sky130_fd_sc_hd__mux2i_1)
     1    0.00    0.05    0.07   22.15 v dot_0/fp4_dot_0/add4/_1255_/Y (sky130_fd_sc_hd__mux2i_1)
                                         dot_0/fp4_dot_0/add4/_0633_ (net)
                  0.05    0.00   22.15 v dot_0/fp4_dot_0/add4/place24312/A (sky130_fd_sc_hd__buf_4)
     3    0.02    0.04    0.15   22.30 v dot_0/fp4_dot_0/add4/place24312/X (sky130_fd_sc_hd__buf_4)
                                         dot_0/fp4_dot_0/add4/net24311 (net)
                  0.04    0.00   22.30 v dot_0/fp4_dot_0/add4/_1258_/A_N (sky130_fd_sc_hd__nand2b_1)
     2    0.01    0.06    0.15   22.45 v dot_0/fp4_dot_0/add4/_1258_/Y (sky130_fd_sc_hd__nand2b_1)
                                         dot_0/fp4_dot_0/add4/_0636_ (net)
                  0.06    0.00   22.45 v dot_0/fp4_dot_0/add4/_1259_/B1 (sky130_fd_sc_hd__a221o_1)
     1    0.00    0.06    0.30   22.76 v dot_0/fp4_dot_0/add4/_1259_/X (sky130_fd_sc_hd__a221o_1)
                                         dot_0/fp4_dot_0/add4/_0637_ (net)
                  0.06    0.00   22.76 v dot_0/fp4_dot_0/add4/_1272_/A2 (sky130_fd_sc_hd__a31oi_1)
     1    0.01    0.19    0.22   22.98 ^ dot_0/fp4_dot_0/add4/_1272_/Y (sky130_fd_sc_hd__a31oi_1)
                                         dot_0/fp4_dot_0/add4/_0650_ (net)
                  0.19    0.00   22.98 ^ dot_0/fp4_dot_0/add4/_1273_/B1 (sky130_fd_sc_hd__a31oi_1)
     1    0.00    0.07    0.07   23.05 v dot_0/fp4_dot_0/add4/_1273_/Y (sky130_fd_sc_hd__a31oi_1)
                                         dot_0/fp4_dot_0/add4/_0651_ (net)
                  0.07    0.00   23.05 v dot_0/fp4_dot_0/add4/_1275_/A1 (sky130_fd_sc_hd__o21ai_1)
     1    0.01    0.22    0.23   23.27 ^ dot_0/fp4_dot_0/add4/_1275_/Y (sky130_fd_sc_hd__o21ai_1)
                                         dot_0/fp4_dot_0/add4/_0653_ (net)
                  0.22    0.00   23.27 ^ dot_0/fp4_dot_0/add4/place24266/A (sky130_fd_sc_hd__buf_4)
     1    0.01    0.04    0.15   23.43 ^ dot_0/fp4_dot_0/add4/place24266/X (sky130_fd_sc_hd__buf_4)
                                         dot_0/fp4_dot_0/add4/net24265 (net)
                  0.04    0.00   23.43 ^ dot_0/fp4_dot_0/add4/_1276_/B (sky130_fd_sc_hd__xnor2_1)
     1    0.01    0.09    0.07   23.50 v dot_0/fp4_dot_0/add4/_1276_/Y (sky130_fd_sc_hd__xnor2_1)
                                         dot_0/fp4_dot_0/add4/_0009_ (net)
                  0.09    0.00   23.50 v dot_0/fp4_dot_0/add4/_1355_/B (sky130_fd_sc_hd__fa_1)
     2    0.02    0.14    0.49   23.99 v dot_0/fp4_dot_0/add4/_1355_/COUT (sky130_fd_sc_hd__fa_1)
                                         dot_0/fp4_dot_0/add4/_0003_ (net)
                  0.14    0.00   23.99 v dot_0/fp4_dot_0/add4/_1354_/A (sky130_fd_sc_hd__fa_1)
     3    0.02    0.14    0.54   24.52 v dot_0/fp4_dot_0/add4/_1354_/COUT (sky130_fd_sc_hd__fa_1)
                                         dot_0/fp4_dot_0/add4/_0006_ (net)
                  0.14    0.00   24.53 v dot_0/fp4_dot_0/add4/_0785_/A1 (sky130_fd_sc_hd__a21o_1)
     2    0.01    0.07    0.23   24.76 v dot_0/fp4_dot_0/add4/_0785_/X (sky130_fd_sc_hd__a21o_1)
                                         dot_0/fp4_dot_0/add4/_0213_ (net)
                  0.07    0.00   24.76 v dot_0/fp4_dot_0/add4/_0790_/A2 (sky130_fd_sc_hd__a2111oi_2)
     2    0.01    0.40    0.47   25.23 ^ dot_0/fp4_dot_0/add4/_0790_/Y (sky130_fd_sc_hd__a2111oi_2)
                                         dot_0/fp4_dot_0/add4/_0218_ (net)
                  0.40    0.00   25.23 ^ dot_0/fp4_dot_0/add4/_0791_/B1 (sky130_fd_sc_hd__a21oi_1)
     2    0.01    0.12    0.14   25.36 v dot_0/fp4_dot_0/add4/_0791_/Y (sky130_fd_sc_hd__a21oi_1)
                                         dot_0/fp4_dot_0/add4/_0219_ (net)
                  0.12    0.00   25.36 v dot_0/fp4_dot_0/add4/_0792_/A3 (sky130_fd_sc_hd__a31oi_2)
     3    0.02    0.26    0.31   25.67 ^ dot_0/fp4_dot_0/add4/_0792_/Y (sky130_fd_sc_hd__a31oi_2)
                                         dot_0/fp4_dot_0/add4/_0220_ (net)
                  0.26    0.00   25.67 ^ dot_0/fp4_dot_0/add4/_0804_/A2 (sky130_fd_sc_hd__a31o_1)
     1    0.01    0.06    0.20   25.87 ^ dot_0/fp4_dot_0/add4/_0804_/X (sky130_fd_sc_hd__a31o_1)
                                         dot_0/fp4_dot_0/add4/_0232_ (net)
                  0.06    0.00   25.87 ^ dot_0/fp4_dot_0/add4/_0805_/B1 (sky130_fd_sc_hd__a21o_1)
     2    0.02    0.16    0.17   26.05 ^ dot_0/fp4_dot_0/add4/_0805_/X (sky130_fd_sc_hd__a21o_1)
                                         dot_0/fp4_dot_0/add4/_0233_ (net)
                  0.16    0.00   26.05 ^ dot_0/fp4_dot_0/add4/_1379_/A (sky130_fd_sc_hd__ha_1)
     2    0.01    0.11    0.21   26.26 ^ dot_0/fp4_dot_0/add4/_1379_/COUT (sky130_fd_sc_hd__ha_1)
                                         dot_0/fp4_dot_0/add4/_0085_ (net)
                  0.11    0.00   26.26 ^ dot_0/fp4_dot_0/add4/_0869_/A (sky130_fd_sc_hd__inv_1)
     1    0.01    0.05    0.07   26.33 v dot_0/fp4_dot_0/add4/_0869_/Y (sky130_fd_sc_hd__inv_1)
                                         dot_0/fp4_dot_0/add4/_0012_ (net)
                  0.05    0.00   26.33 v dot_0/fp4_dot_0/add4/_1356_/A (sky130_fd_sc_hd__fa_1)
     2    0.01    0.09    0.50   26.83 v dot_0/fp4_dot_0/add4/_1356_/SUM (sky130_fd_sc_hd__fa_1)
                                         dot_0/fp4_dot_0/add4/_0016_ (net)
                  0.09    0.00   26.83 v dot_0/fp4_dot_0/add4/_0884_/A (sky130_fd_sc_hd__nor2b_1)
     1    0.01    0.19    0.20   27.03 ^ dot_0/fp4_dot_0/add4/_0884_/Y (sky130_fd_sc_hd__nor2b_1)
                                         dot_0/fp4_dot_0/add4/_0293_ (net)
                  0.19    0.00   27.03 ^ dot_0/fp4_dot_0/add4/_0886_/C1 (sky130_fd_sc_hd__o2111a_1)
     2    0.01    0.11    0.26   27.29 ^ dot_0/fp4_dot_0/add4/_0886_/X (sky130_fd_sc_hd__o2111a_1)
                                         dot_0/fp4_dot_0/add4/_0295_ (net)
                  0.11    0.00   27.29 ^ dot_0/fp4_dot_0/add4/_0892_/A1 (sky130_fd_sc_hd__a31o_1)
     3    0.02    0.20    0.26   27.55 ^ dot_0/fp4_dot_0/add4/_0892_/X (sky130_fd_sc_hd__a31o_1)
                                         dot_0/fp4_dot_0/add4/_0301_ (net)
                  0.20    0.00   27.55 ^ dot_0/fp4_dot_0/add4/_0893_/B1 (sky130_fd_sc_hd__a21oi_2)
     3    0.01    0.07    0.08   27.64 v dot_0/fp4_dot_0/add4/_0893_/Y (sky130_fd_sc_hd__a21oi_2)
                                         dot_0/fp4_dot_0/add4/_0302_ (net)
                  0.07    0.00   27.64 v dot_0/fp4_dot_0/add4/place24047/A (sky130_fd_sc_hd__buf_4)
     4    0.02    0.04    0.16   27.80 v dot_0/fp4_dot_0/add4/place24047/X (sky130_fd_sc_hd__buf_4)
                                         dot_0/fp4_dot_0/add4/net24046 (net)
                  0.04    0.00   27.80 v dot_0/fp4_dot_0/add4/_1004_/B1 (sky130_fd_sc_hd__o22ai_1)
     1    0.01    0.34    0.29   28.09 ^ dot_0/fp4_dot_0/add4/_1004_/Y (sky130_fd_sc_hd__o22ai_1)
                                         dot_0/fp4_dot_0/add4/_0407_ (net)
                  0.34    0.00   28.09 ^ dot_0/fp4_dot_0/add4/place24020/A (sky130_fd_sc_hd__buf_4)
     2    0.01    0.04    0.18   28.27 ^ dot_0/fp4_dot_0/add4/place24020/X (sky130_fd_sc_hd__buf_4)
                                         dot_0/fp4_dot_0/add4/net24019 (net)
                  0.04    0.00   28.27 ^ dot_0/fp4_dot_0/add4/_1119_/D (sky130_fd_sc_hd__nand4_1)
     2    0.02    0.29    0.26   28.53 v dot_0/fp4_dot_0/add4/_1119_/Y (sky130_fd_sc_hd__nand4_1)
                                         dot_0/fp4_dot_0/add4/_0516_ (net)
                  0.29    0.00   28.53 v dot_0/fp4_dot_0/add4/_1142_/B2 (sky130_fd_sc_hd__o221a_1)
     1    0.01    0.06    0.32   28.85 v dot_0/fp4_dot_0/add4/_1142_/X (sky130_fd_sc_hd__o221a_1)
                                         dot_0/fp4_dot_0/add4/_0537_ (net)
                  0.06    0.00   28.85 v dot_0/fp4_dot_0/add4/_1144_/A3 (sky130_fd_sc_hd__a31oi_1)
     1    0.00    0.13    0.17   29.01 ^ dot_0/fp4_dot_0/add4/_1144_/Y (sky130_fd_sc_hd__a31oi_1)
                                         dot_0/fp4_dot_0/add4/_0000_ (net)
                  0.13    0.00   29.01 ^ dot_0/fp4_dot_0/add4/place23962/A (sky130_fd_sc_hd__buf_4)
     2    0.03    0.08    0.17   29.19 ^ dot_0/fp4_dot_0/add4/place23962/X (sky130_fd_sc_hd__buf_4)
                                         dot_0/fp4_dot_0/add4/net23961 (net)
                  0.08    0.00   29.19 ^ dot_0/fp4_dot_0/add4/_1334_/B1 (sky130_fd_sc_hd__a21oi_1)
     1    0.00    0.06    0.05   29.24 v dot_0/fp4_dot_0/add4/_1334_/Y (sky130_fd_sc_hd__a21oi_1)
                                         dot_0/fp4_dot_0/add4/_0694_ (net)
                  0.06    0.00   29.24 v dot_0/fp4_dot_0/add4/_1344_/A3 (sky130_fd_sc_hd__a32oi_1)
     1    0.01    0.21    0.24   29.47 ^ dot_0/fp4_dot_0/add4/_1344_/Y (sky130_fd_sc_hd__a32oi_1)
                                         dot_0/fp4_dot_0/add4/_0002_ (net)
                  0.21    0.00   29.47 ^ dot_0/fp4_dot_0/add4/place23954/A (sky130_fd_sc_hd__buf_4)
     1    0.01    0.05    0.17   29.64 ^ dot_0/fp4_dot_0/add4/place23954/X (sky130_fd_sc_hd__buf_4)
                                         dot_0/fp4_dot_0/add4/net23953 (net)
                  0.05    0.00   29.64 ^ dot_0/fp4_dot_0/add4/_1402_/B (sky130_fd_sc_hd__ha_1)
     1    0.00    0.06    0.14   29.78 ^ dot_0/fp4_dot_0/add4/_1402_/COUT (sky130_fd_sc_hd__ha_1)
                                         dot_0/fp4_dot_0/add4/_0711_ (net)
                  0.06    0.00   29.78 ^ dot_0/fp4_dot_0/add4/_1387_/A (sky130_fd_sc_hd__ha_1)
     3    0.02    0.17    0.24   30.02 ^ dot_0/fp4_dot_0/add4/_1387_/COUT (sky130_fd_sc_hd__ha_1)
                                         dot_0/fp4_dot_0/add4/_0103_ (net)
                  0.17    0.00   30.02 ^ dot_0/fp4_dot_0/add4/_1038_/B (sky130_fd_sc_hd__nand2_1)
     2    0.01    0.08    0.11   30.13 v dot_0/fp4_dot_0/add4/_1038_/Y (sky130_fd_sc_hd__nand2_1)
                                         dot_0/fp4_dot_0/add4/_0441_ (net)
                  0.08    0.00   30.13 v dot_0/fp4_dot_0/add4/_1039_/B (sky130_fd_sc_hd__nor2_1)
     2    0.01    0.18    0.17   30.31 ^ dot_0/fp4_dot_0/add4/_1039_/Y (sky130_fd_sc_hd__nor2_1)
                                         dot_0/fp4_dot_0/add4/_0442_ (net)
                  0.18    0.00   30.31 ^ dot_0/fp4_dot_0/add4/_1055_/A3 (sky130_fd_sc_hd__a31o_4)
     2    0.01    0.05    0.18   30.49 ^ dot_0/fp4_dot_0/add4/_1055_/X (sky130_fd_sc_hd__a31o_4)
                                         dot_0/fp4_dot_0/add4/_0458_ (net)
                  0.05    0.00   30.49 ^ dot_0/fp4_dot_0/add4/_1058_/B (sky130_fd_sc_hd__nand3_2)
     2    0.01    0.10    0.11   30.60 v dot_0/fp4_dot_0/add4/_1058_/Y (sky130_fd_sc_hd__nand3_2)
                                         dot_0/fp4_dot_0/add4/_0461_ (net)
                  0.10    0.00   30.60 v dot_0/fp4_dot_0/add4/_1066_/A3 (sky130_fd_sc_hd__a31oi_2)
     1    0.06    0.72    0.63   31.23 ^ dot_0/fp4_dot_0/add4/_1066_/Y (sky130_fd_sc_hd__a31oi_2)
                                         dot_0/fp4_dot_0/add_4[6] (net)
                  0.72    0.01   31.24 ^ dot_0/fp4_dot_0/add6/place23943/A (sky130_fd_sc_hd__buf_12)
     2    0.04    0.07    0.21   31.45 ^ dot_0/fp4_dot_0/add6/place23943/X (sky130_fd_sc_hd__buf_12)
                                         dot_0/fp4_dot_0/add6/net23942 (net)
                  0.07    0.01   31.46 ^ dot_0/fp4_dot_0/add6/_0811_/A (sky130_fd_sc_hd__nor2_1)
     2    0.01    0.05    0.06   31.52 v dot_0/fp4_dot_0/add6/_0811_/Y (sky130_fd_sc_hd__nor2_1)
                                         dot_0/fp4_dot_0/add6/_0236_ (net)
                  0.05    0.00   31.52 v dot_0/fp4_dot_0/add6/_0812_/A2 (sky130_fd_sc_hd__a21oi_1)
     2    0.01    0.19    0.20   31.72 ^ dot_0/fp4_dot_0/add6/_0812_/Y (sky130_fd_sc_hd__a21oi_1)
                                         dot_0/fp4_dot_0/add6/_0054_ (net)
                  0.19    0.00   31.72 ^ dot_0/fp4_dot_0/add6/_0813_/A (sky130_fd_sc_hd__inv_1)
     2    0.01    0.06    0.08   31.81 v dot_0/fp4_dot_0/add6/_0813_/Y (sky130_fd_sc_hd__inv_1)
                                         dot_0/fp4_dot_0/add6/exp_a[0] (net)
                  0.06    0.00   31.81 v dot_0/fp4_dot_0/add6/_1370_/A (sky130_fd_sc_hd__ha_1)
     2    0.02    0.11    0.26   32.07 v dot_0/fp4_dot_0/add6/_1370_/COUT (sky130_fd_sc_hd__ha_1)
                                         dot_0/fp4_dot_0/add6/_0018_ (net)
                  0.11    0.00   32.07 v dot_0/fp4_dot_0/add6/_1357_/CIN (sky130_fd_sc_hd__fa_1)
     2    0.01    0.10    0.43   32.50 v dot_0/fp4_dot_0/add6/_1357_/COUT (sky130_fd_sc_hd__fa_1)
                                         dot_0/fp4_dot_0/add6/_0019_ (net)
                  0.10    0.00   32.50 v dot_0/fp4_dot_0/add6/_0858_/A (sky130_fd_sc_hd__nor2b_1)
     1    0.00    0.09    0.13   32.63 ^ dot_0/fp4_dot_0/add6/_0858_/Y (sky130_fd_sc_hd__nor2b_1)
                                         dot_0/fp4_dot_0/add6/_0273_ (net)
                  0.09    0.00   32.63 ^ dot_0/fp4_dot_0/add6/_0859_/A2 (sky130_fd_sc_hd__o21ai_0)
     2    0.01    0.11    0.11   32.75 v dot_0/fp4_dot_0/add6/_0859_/Y (sky130_fd_sc_hd__o21ai_0)
                                         dot_0/fp4_dot_0/add6/_0274_ (net)
                  0.11    0.00   32.75 v dot_0/fp4_dot_0/add6/_0861_/A2 (sky130_fd_sc_hd__a211oi_1)
     3    0.02    0.55    0.53   33.28 ^ dot_0/fp4_dot_0/add6/_0861_/Y (sky130_fd_sc_hd__a211oi_1)
                                         dot_0/fp4_dot_0/add6/_0276_ (net)
                  0.55    0.00   33.28 ^ dot_0/fp4_dot_0/add6/_0865_/B (sky130_fd_sc_hd__nand2_1)
     2    0.01    0.12    0.16   33.44 v dot_0/fp4_dot_0/add6/_0865_/Y (sky130_fd_sc_hd__nand2_1)
                                         dot_0/fp4_dot_0/add6/_0088_ (net)
                  0.12    0.00   33.44 v dot_0/fp4_dot_0/add6/_1381_/A (sky130_fd_sc_hd__ha_1)
     2    0.01    0.06    0.24   33.68 v dot_0/fp4_dot_0/add6/_1381_/COUT (sky130_fd_sc_hd__ha_1)
                                         dot_0/fp4_dot_0/add6/_0090_ (net)
                  0.06    0.00   33.68 v dot_0/fp4_dot_0/add6/_1251_/A (sky130_fd_sc_hd__nor3_1)
     2    0.01    0.36    0.35   34.03 ^ dot_0/fp4_dot_0/add6/_1251_/Y (sky130_fd_sc_hd__nor3_1)
                                         dot_0/fp4_dot_0/add6/_0629_ (net)
                  0.36    0.00   34.03 ^ dot_0/fp4_dot_0/add6/_1253_/A3 (sky130_fd_sc_hd__o31ai_1)
     1    0.01    0.11    0.15   34.18 v dot_0/fp4_dot_0/add6/_1253_/Y (sky130_fd_sc_hd__o31ai_1)
                                         dot_0/fp4_dot_0/add6/_0631_ (net)
                  0.11    0.00   34.18 v dot_0/fp4_dot_0/add6/_1254_/B1 (sky130_fd_sc_hd__a2111oi_2)
     1    0.00    0.25    0.34   34.52 ^ dot_0/fp4_dot_0/add6/_1254_/Y (sky130_fd_sc_hd__a2111oi_2)
                                         dot_0/fp4_dot_0/add6/_0632_ (net)
                  0.25    0.00   34.52 ^ dot_0/fp4_dot_0/add6/place23813/A (sky130_fd_sc_hd__buf_4)
     3    0.01    0.06    0.18   34.70 ^ dot_0/fp4_dot_0/add6/place23813/X (sky130_fd_sc_hd__buf_4)
                                         dot_0/fp4_dot_0/add6/net23812 (net)
                  0.06    0.00   34.70 ^ dot_0/fp4_dot_0/add6/_1255_/S (sky130_fd_sc_hd__mux2i_1)
     2    0.01    0.20    0.24   34.93 ^ dot_0/fp4_dot_0/add6/_1255_/Y (sky130_fd_sc_hd__mux2i_1)
                                         dot_0/fp4_dot_0/add6/_0633_ (net)
                  0.20    0.00   34.93 ^ dot_0/fp4_dot_0/add6/_1258_/A_N (sky130_fd_sc_hd__nand2b_1)
     2    0.01    0.08    0.16   35.09 ^ dot_0/fp4_dot_0/add6/_1258_/Y (sky130_fd_sc_hd__nand2b_1)
                                         dot_0/fp4_dot_0/add6/_0636_ (net)
                  0.08    0.00   35.09 ^ dot_0/fp4_dot_0/add6/_1259_/B1 (sky130_fd_sc_hd__a221o_1)
     1    0.01    0.07    0.16   35.25 ^ dot_0/fp4_dot_0/add6/_1259_/X (sky130_fd_sc_hd__a221o_1)
                                         dot_0/fp4_dot_0/add6/_0637_ (net)
                  0.07    0.00   35.25 ^ dot_0/fp4_dot_0/add6/_1272_/A2 (sky130_fd_sc_hd__a31oi_1)
     1    0.00    0.08    0.08   35.34 v dot_0/fp4_dot_0/add6/_1272_/Y (sky130_fd_sc_hd__a31oi_1)
                                         dot_0/fp4_dot_0/add6/_0650_ (net)
                  0.08    0.00   35.34 v dot_0/fp4_dot_0/add6/_1273_/B1 (sky130_fd_sc_hd__a31oi_1)
     1    0.01    0.29    0.27   35.61 ^ dot_0/fp4_dot_0/add6/_1273_/Y (sky130_fd_sc_hd__a31oi_1)
                                         dot_0/fp4_dot_0/add6/_0651_ (net)
                  0.29    0.00   35.61 ^ dot_0/fp4_dot_0/add6/_1275_/A1 (sky130_fd_sc_hd__o21ai_1)
     1    0.01    0.13    0.17   35.77 v dot_0/fp4_dot_0/add6/_1275_/Y (sky130_fd_sc_hd__o21ai_1)
                                         dot_0/fp4_dot_0/add6/_0653_ (net)
                  0.13    0.00   35.77 v dot_0/fp4_dot_0/add6/_1276_/B (sky130_fd_sc_hd__xnor2_1)
     1    0.01    0.09    0.17   35.95 v dot_0/fp4_dot_0/add6/_1276_/Y (sky130_fd_sc_hd__xnor2_1)
                                         dot_0/fp4_dot_0/add6/_0009_ (net)
                  0.09    0.00   35.95 v dot_0/fp4_dot_0/add6/_1355_/B (sky130_fd_sc_hd__fa_1)
     2    0.02    0.16    0.52   36.46 v dot_0/fp4_dot_0/add6/_1355_/COUT (sky130_fd_sc_hd__fa_1)
                                         dot_0/fp4_dot_0/add6/_0003_ (net)
                  0.16    0.00   36.47 v dot_0/fp4_dot_0/add6/_1354_/A (sky130_fd_sc_hd__fa_1)
     2    0.01    0.10    0.49   36.96 v dot_0/fp4_dot_0/add6/_1354_/COUT (sky130_fd_sc_hd__fa_1)
                                         dot_0/fp4_dot_0/add6/_0006_ (net)
                  0.10    0.00   36.96 v dot_0/fp4_dot_0/add6/place23777/A (sky130_fd_sc_hd__buf_4)
     2    0.01    0.04    0.17   37.12 v dot_0/fp4_dot_0/add6/place23777/X (sky130_fd_sc_hd__buf_4)
                                         dot_0/fp4_dot_0/add6/net23776 (net)
                  0.04    0.00   37.12 v dot_0/fp4_dot_0/add6/_0745_/A1 (sky130_fd_sc_hd__a211oi_4)
     2    0.01    0.23    0.24   37.37 ^ dot_0/fp4_dot_0/add6/_0745_/Y (sky130_fd_sc_hd__a211oi_4)
                                         dot_0/fp4_dot_0/add6/_0173_ (net)
                  0.23    0.00   37.37 ^ dot_0/fp4_dot_0/add6/_0796_/A (sky130_fd_sc_hd__nor3_2)
     2    0.02    0.10    0.13   37.50 v dot_0/fp4_dot_0/add6/_0796_/Y (sky130_fd_sc_hd__nor3_2)
                                         dot_0/fp4_dot_0/add6/_0224_ (net)
                  0.10    0.00   37.50 v dot_0/fp4_dot_0/add6/_0801_/B (sky130_fd_sc_hd__or3_4)
     2    0.01    0.07    0.39   37.89 v dot_0/fp4_dot_0/add6/_0801_/X (sky130_fd_sc_hd__or3_4)
                                         dot_0/fp4_dot_0/add6/_0229_ (net)
                  0.07    0.00   37.89 v dot_0/fp4_dot_0/add6/_0802_/B (sky130_fd_sc_hd__and2_1)
     3    0.02    0.11    0.23   38.12 v dot_0/fp4_dot_0/add6/_0802_/X (sky130_fd_sc_hd__and2_1)
                                         dot_0/fp4_dot_0/add6/_0230_ (net)
                  0.11    0.00   38.12 v dot_0/fp4_dot_0/add6/_0804_/B1 (sky130_fd_sc_hd__a31o_1)
     1    0.00    0.03    0.20   38.32 v dot_0/fp4_dot_0/add6/_0804_/X (sky130_fd_sc_hd__a31o_1)
                                         dot_0/fp4_dot_0/add6/_0232_ (net)
                  0.03    0.00   38.32 v dot_0/fp4_dot_0/add6/_0805_/B1 (sky130_fd_sc_hd__a21o_1)
     2    0.02    0.12    0.23   38.55 v dot_0/fp4_dot_0/add6/_0805_/X (sky130_fd_sc_hd__a21o_1)
                                         dot_0/fp4_dot_0/add6/_0233_ (net)
                  0.12    0.00   38.56 v dot_0/fp4_dot_0/add6/_1379_/A (sky130_fd_sc_hd__ha_1)
     2    0.01    0.06    0.25   38.81 v dot_0/fp4_dot_0/add6/_1379_/COUT (sky130_fd_sc_hd__ha_1)
                                         dot_0/fp4_dot_0/add6/_0085_ (net)
                  0.06    0.00   38.81 v dot_0/fp4_dot_0/add6/_0869_/A (sky130_fd_sc_hd__inv_1)
     1    0.01    0.09    0.10   38.90 ^ dot_0/fp4_dot_0/add6/_0869_/Y (sky130_fd_sc_hd__inv_1)
                                         dot_0/fp4_dot_0/add6/_0012_ (net)
                  0.09    0.00   38.90 ^ dot_0/fp4_dot_0/add6/_1356_/A (sky130_fd_sc_hd__fa_1)
     2    0.01    0.09    0.42   39.32 v dot_0/fp4_dot_0/add6/_1356_/SUM (sky130_fd_sc_hd__fa_1)
                                         dot_0/fp4_dot_0/add6/_0016_ (net)
                  0.09    0.00   39.32 v dot_0/fp4_dot_0/add6/_0884_/A (sky130_fd_sc_hd__nor2b_1)
     1    0.01    0.15    0.17   39.49 ^ dot_0/fp4_dot_0/add6/_0884_/Y (sky130_fd_sc_hd__nor2b_1)
                                         dot_0/fp4_dot_0/add6/_0293_ (net)
                  0.15    0.00   39.49 ^ dot_0/fp4_dot_0/add6/_0886_/C1 (sky130_fd_sc_hd__o2111a_1)
     2    0.01    0.09    0.23   39.72 ^ dot_0/fp4_dot_0/add6/_0886_/X (sky130_fd_sc_hd__o2111a_1)
                                         dot_0/fp4_dot_0/add6/_0295_ (net)
                  0.09    0.00   39.72 ^ dot_0/fp4_dot_0/add6/_0892_/A1 (sky130_fd_sc_hd__a31o_1)
     3    0.02    0.18    0.24   39.96 ^ dot_0/fp4_dot_0/add6/_0892_/X (sky130_fd_sc_hd__a31o_1)
                                         dot_0/fp4_dot_0/add6/_0301_ (net)
                  0.18    0.00   39.96 ^ dot_0/fp4_dot_0/add6/_0918_/B1 (sky130_fd_sc_hd__a21o_1)
     5    0.03    0.26    0.26   40.22 ^ dot_0/fp4_dot_0/add6/_0918_/X (sky130_fd_sc_hd__a21o_1)
                                         dot_0/fp4_dot_0/add6/_0326_ (net)
                  0.26    0.00   40.23 ^ dot_0/fp4_dot_0/add6/place23666/A (sky130_fd_sc_hd__buf_4)
     1    0.00    0.03    0.16   40.38 ^ dot_0/fp4_dot_0/add6/place23666/X (sky130_fd_sc_hd__buf_4)
                                         dot_0/fp4_dot_0/add6/net23665 (net)
                  0.03    0.00   40.38 ^ dot_0/fp4_dot_0/add6/_1113_/B1 (sky130_fd_sc_hd__a21oi_1)
     1    0.00    0.05    0.03   40.41 v dot_0/fp4_dot_0/add6/_1113_/Y (sky130_fd_sc_hd__a21oi_1)
                                         dot_0/fp4_dot_0/add6/_0510_ (net)
                  0.05    0.00   40.41 v dot_0/fp4_dot_0/add6/_1114_/A2 (sky130_fd_sc_hd__o311ai_0)
     1    0.01    0.51    0.48   40.90 ^ dot_0/fp4_dot_0/add6/_1114_/Y (sky130_fd_sc_hd__o311ai_0)
                                         dot_0/fp4_dot_0/add6/_0511_ (net)
                  0.51    0.00   40.90 ^ dot_0/fp4_dot_0/add6/_1116_/A3 (sky130_fd_sc_hd__o311ai_1)
     1    0.01    0.12    0.17   41.07 v dot_0/fp4_dot_0/add6/_1116_/Y (sky130_fd_sc_hd__o311ai_1)
                                         dot_0/fp4_dot_0/add6/_0513_ (net)
                  0.12    0.00   41.07 v dot_0/fp4_dot_0/add6/_1121_/B1 (sky130_fd_sc_hd__a211oi_1)
     1    0.02    0.68    0.61   41.68 ^ dot_0/fp4_dot_0/add6/_1121_/Y (sky130_fd_sc_hd__a211oi_1)
                                         dot_0/fp4_dot_0/add6/_0518_ (net)
                  0.68    0.00   41.68 ^ dot_0/fp4_dot_0/add6/place23630/A (sky130_fd_sc_hd__buf_4)
     2    0.01    0.05    0.23   41.91 ^ dot_0/fp4_dot_0/add6/place23630/X (sky130_fd_sc_hd__buf_4)
                                         dot_0/fp4_dot_0/add6/net23629 (net)
                  0.05    0.00   41.91 ^ dot_0/fp4_dot_0/add6/_1149_/B (sky130_fd_sc_hd__nor3_1)
     1    0.01    0.08    0.06   41.96 v dot_0/fp4_dot_0/add6/_1149_/Y (sky130_fd_sc_hd__nor3_1)
                                         dot_0/fp4_dot_0/add6/_0001_ (net)
                  0.08    0.00   41.96 v dot_0/fp4_dot_0/add6/_1387_/B (sky130_fd_sc_hd__ha_1)
     4    0.02    0.12    0.26   42.23 v dot_0/fp4_dot_0/add6/_1387_/COUT (sky130_fd_sc_hd__ha_1)
                                         dot_0/fp4_dot_0/add6/_0103_ (net)
                  0.12    0.00   42.23 v dot_0/fp4_dot_0/add6/_0914_/A (sky130_fd_sc_hd__and4_1)
     2    0.01    0.06    0.20   42.43 v dot_0/fp4_dot_0/add6/_0914_/X (sky130_fd_sc_hd__and4_1)
                                         dot_0/fp4_dot_0/add6/_0322_ (net)
                  0.06    0.00   42.43 v dot_0/fp4_dot_0/add6/_1056_/A (sky130_fd_sc_hd__nor3b_1)
     1    0.01    0.22    0.25   42.68 ^ dot_0/fp4_dot_0/add6/_1056_/Y (sky130_fd_sc_hd__nor3b_1)
                                         dot_0/fp4_dot_0/add6/_0459_ (net)
                  0.22    0.00   42.68 ^ dot_0/fp4_dot_0/add6/_1057_/D (sky130_fd_sc_hd__nand4_2)
     3    0.02    0.19    0.22   42.90 v dot_0/fp4_dot_0/add6/_1057_/Y (sky130_fd_sc_hd__nand4_2)
                                         dot_0/fp4_dot_0/add6/_0460_ (net)
                  0.19    0.00   42.90 v dot_0/fp4_dot_0/add6/_1069_/C (sky130_fd_sc_hd__nand4_4)
     4    0.03    0.14    0.21   43.10 ^ dot_0/fp4_dot_0/add6/_1069_/Y (sky130_fd_sc_hd__nand4_4)
                                         dot_0/fp4_dot_0/add6/_0471_ (net)
                  0.14    0.00   43.10 ^ dot_0/fp4_dot_0/add6/_1085_/B (sky130_fd_sc_hd__nand3_2)
     1    0.09    0.53    0.44   43.54 v dot_0/fp4_dot_0/add6/_1085_/Y (sky130_fd_sc_hd__nand3_2)
                                         dot_0/dot_out[5] (net)
                  0.54    0.03   43.57 v dot_0/fifo_timer_r/place23619/A (sky130_fd_sc_hd__buf_12)
    16    0.08    0.07    0.35   43.92 v dot_0/fifo_timer_r/place23619/X (sky130_fd_sc_hd__buf_12)
                                         dot_0/fifo_timer_r/net23618 (net)
                  0.08    0.02   43.94 v dot_0/fifo_timer_r/mem[11][5]$_DFFE_PP_/D (sky130_fd_sc_hd__edfxtp_1)
                                 43.94   data arrival time

                  0.15   12.50   12.50   clock clk_s5 (rise edge)
                          0.00   12.50   clock network delay (ideal)
                         -0.25   12.25   clock uncertainty
                          0.00   12.25   clock reconvergence pessimism
                                 12.25 ^ dot_0/fifo_timer_r/mem[11][5]$_DFFE_PP_/CLK (sky130_fd_sc_hd__edfxtp_1)
                         -0.23   12.02   library setup time
                                 12.02   data required time
-----------------------------------------------------------------------------
                                 12.02   data required time
                                -43.94   data arrival time
-----------------------------------------------------------------------------
                                -31.92   slack (VIOLATED)


Startpoint: dot_clk_div/clk_div[0]$_SDFF_PP0_/Q
            (clock source 'dot_clk_div_clk_div2')
Endpoint: dot_clk_div/clk_div[1]$_SDFF_PP0_
          (rising edge-triggered flip-flop clocked by clk_s5_gate)
Path Group: clk_s5_gate
Path Type: max

Fanout     Cap    Slew   Delay    Time   Description
-----------------------------------------------------------------------------
                  0.15   12.50   12.50   clock dot_clk_div_clk_div2 (fall edge)
     3    0.01    0.04    0.00   12.50 v dot_clk_div/clk_div[0]$_SDFF_PP0_/Q (sky130_fd_sc_hd__dfxtp_1)
                                         dot_clk_div/clk_div2 (net)
                  0.04    0.00   12.50 v dot_clk_div/_11_/A (sky130_fd_sc_hd__ha_1)
     1    0.00    0.04    0.27   12.77 v dot_clk_div/_11_/SUM (sky130_fd_sc_hd__ha_1)
                                         dot_clk_div/_01_ (net)
                  0.04    0.00   12.77 v dot_clk_div/_06_/B_N (sky130_fd_sc_hd__nor2b_1)
     1    0.00    0.05    0.12   12.89 v dot_clk_div/_06_/Y (sky130_fd_sc_hd__nor2b_1)
                                         dot_clk_div/_02_ (net)
                  0.05    0.00   12.89 v dot_clk_div/clk_div[1]$_SDFF_PP0_/D (sky130_fd_sc_hd__dfxtp_1)
                                 12.89   data arrival time

                  0.15   25.00   25.00   clock clk_s5_gate (rise edge)
                          0.00   25.00   clock network delay (ideal)
                         -0.25   24.75   clock uncertainty
                          0.00   24.75   clock reconvergence pessimism
                                 24.75 ^ dot_clk_div/clk_div[1]$_SDFF_PP0_/CLK (sky130_fd_sc_hd__dfxtp_1)
                         -0.09   24.66   library setup time
                                 24.66   data required time
-----------------------------------------------------------------------------
                                 24.66   data required time
                                -12.89   data arrival time
-----------------------------------------------------------------------------
                                 11.77   slack (MET)


Startpoint: processor_0/pipeline_ex_mem/alu_out_out[23]$_SDFFE_PP0N_
            (rising edge-triggered flip-flop clocked by clk1)
Endpoint: main_memory_0/mem[31][7]$_DFFE_PP_
          (rising edge-triggered flip-flop clocked by clk_s8)
Path Group: clk_s8
Path Type: max

Fanout     Cap    Slew   Delay    Time   Description
-----------------------------------------------------------------------------
                  0.15    0.00    0.00   clock clk1 (rise edge)
                          0.00    0.00   clock network delay (ideal)
                  0.15    0.00    0.00 ^ processor_0/pipeline_ex_mem/alu_out_out[23]$_SDFFE_PP0N_/CLK (sky130_fd_sc_hd__dfxtp_1)
     2    0.01    0.05    0.35    0.35 v processor_0/pipeline_ex_mem/alu_out_out[23]$_SDFFE_PP0N_/Q (sky130_fd_sc_hd__dfxtp_1)
                                         addr_m_axi[23] (net)
                  0.05    0.00    0.35 v _1526_/A (sky130_fd_sc_hd__nor4b_2)
     2    0.01    0.41    0.43    0.78 ^ _1526_/Y (sky130_fd_sc_hd__nor4b_2)
                                         _0106_ (net)
                  0.41    0.00    0.78 ^ _1530_/A (sky130_fd_sc_hd__nand4_2)
     3    0.08    0.57    0.54    1.32 v _1530_/Y (sky130_fd_sc_hd__nand4_2)
                                         _0110_ (net)
                  0.57    0.02    1.34 v place32756/A (sky130_fd_sc_hd__buf_12)
    10    0.08    0.07    0.36    1.70 v place32756/X (sky130_fd_sc_hd__buf_12)
                                         net32755 (net)
                  0.07    0.01    1.71 v place32754/A (sky130_fd_sc_hd__buf_4)
    19    0.10    0.13    0.24    1.95 v place32754/X (sky130_fd_sc_hd__buf_4)
                                         net32753 (net)
                  0.13    0.00    1.95 v _1760_/A1 (sky130_fd_sc_hd__o21ai_0)
     3    0.02    0.72    0.62    2.58 ^ _1760_/Y (sky130_fd_sc_hd__o21ai_0)
                                         _0276_ (net)
                  0.72    0.00    2.58 ^ _1761_/B (sky130_fd_sc_hd__nand2_1)
     2    0.03    0.25    0.34    2.92 v _1761_/Y (sky130_fd_sc_hd__nand2_1)
                                         m1_ar_addr[29] (net)
                  0.25    0.00    2.92 v interconnect_0/_0854_/C (sky130_fd_sc_hd__and4_1)
     1    0.01    0.06    0.31    3.23 v interconnect_0/_0854_/X (sky130_fd_sc_hd__and4_1)
                                         interconnect_0/_0079_ (net)
                  0.06    0.00    3.23 v interconnect_0/_0861_/B (sky130_fd_sc_hd__nand4_1)
     2    0.02    0.23    0.20    3.43 ^ interconnect_0/_0861_/Y (sky130_fd_sc_hd__nand4_1)
                                         interconnect_0/_0086_ (net)
                  0.23    0.00    3.43 ^ interconnect_0/_0870_/A2 (sky130_fd_sc_hd__a211oi_2)
     1    0.01    0.10    0.11    3.54 v interconnect_0/_0870_/Y (sky130_fd_sc_hd__a211oi_2)
                                         interconnect_0/_0095_ (net)
                  0.10    0.00    3.54 v interconnect_0/place30376/A (sky130_fd_sc_hd__buf_4)
    10    0.05    0.07    0.20    3.74 v interconnect_0/place30376/X (sky130_fd_sc_hd__buf_4)
                                         interconnect_0/net30375 (net)
                  0.07    0.00    3.75 v interconnect_0/_0909_/B1 (sky130_fd_sc_hd__o21a_1)
     3    0.03    0.15    0.21    3.96 v interconnect_0/_0909_/X (sky130_fd_sc_hd__o21a_1)
                                         interconnect_0/_0134_ (net)
                  0.15    0.00    3.96 v interconnect_0/_0913_/B (sky130_fd_sc_hd__nor3_1)
     3    0.01    0.34    0.35    4.32 ^ interconnect_0/_0913_/Y (sky130_fd_sc_hd__nor3_1)
                                         interconnect_0/_0138_ (net)
                  0.34    0.00    4.32 ^ interconnect_0/_2502_/A2 (sky130_fd_sc_hd__a22o_1)
     7    0.07    0.70    0.66    4.98 ^ interconnect_0/_2502_/X (sky130_fd_sc_hd__a22o_1)
                                         s8_dw_valid (net)
                  0.70    0.00    4.99 ^ memory_axi_0/_1165_/A2 (sky130_fd_sc_hd__a21oi_1)
     1    0.00    0.11    0.15    5.14 v memory_axi_0/_1165_/Y (sky130_fd_sc_hd__a21oi_1)
                                         memory_axi_0/_0558_ (net)
                  0.11    0.00    5.14 v memory_axi_0/_1166_/B (sky130_fd_sc_hd__nor2_1)
     2    0.01    0.14    0.16    5.30 ^ memory_axi_0/_1166_/Y (sky130_fd_sc_hd__nor2_1)
                                         mem_en (net)
                  0.14    0.00    5.30 ^ _3139_/A (sky130_fd_sc_hd__and2_1)
     1    0.01    0.12    0.20    5.50 ^ _3139_/X (sky130_fd_sc_hd__and2_1)
                                         _0000_ (net)
                  0.12    0.00    5.50 ^ main_memory_0/place29068/A (sky130_fd_sc_hd__buf_4)
     5    0.11    0.31    0.31    5.81 ^ main_memory_0/place29068/X (sky130_fd_sc_hd__buf_4)
                                         main_memory_0/net29067 (net)
                  0.31    0.04    5.85 ^ main_memory_0/_4402_/B (sky130_fd_sc_hd__nand3_1)
     3    0.04    0.37    0.37    6.22 v main_memory_0/_4402_/Y (sky130_fd_sc_hd__nand3_1)
                                         main_memory_0/_2201_ (net)
                  0.37    0.00    6.22 v main_memory_0/place28614/A (sky130_fd_sc_hd__buf_4)
     2    0.01    0.03    0.27    6.49 v main_memory_0/place28614/X (sky130_fd_sc_hd__buf_4)
                                         main_memory_0/net28613 (net)
                  0.03    0.00    6.49 v main_memory_0/place28613/A (sky130_fd_sc_hd__buf_4)
     3    0.02    0.05    0.15    6.64 v main_memory_0/place28613/X (sky130_fd_sc_hd__buf_4)
                                         main_memory_0/net28612 (net)
                  0.05    0.00    6.64 v main_memory_0/_4423_/B (sky130_fd_sc_hd__nor2_1)
     7    0.07    1.18    0.88    7.53 ^ main_memory_0/_4423_/Y (sky130_fd_sc_hd__nor2_1)
                                         main_memory_0/_0056_ (net)
                  1.18    0.00    7.53 ^ main_memory_0/place27910/A (sky130_fd_sc_hd__buf_4)
    15    0.13    0.36    0.49    8.02 ^ main_memory_0/place27910/X (sky130_fd_sc_hd__buf_4)
                                         main_memory_0/net27909 (net)
                  0.36    0.02    8.03 ^ main_memory_0/place27909/A (sky130_fd_sc_hd__buf_4)
    12    0.08    0.22    0.33    8.36 ^ main_memory_0/place27909/X (sky130_fd_sc_hd__buf_4)
                                         main_memory_0/net27908 (net)
                  0.23    0.00    8.36 ^ main_memory_0/mem[31][7]$_DFFE_PP_/DE (sky130_fd_sc_hd__edfxtp_1)
                                  8.36   data arrival time

                  0.15   10.00   10.00   clock clk_s8 (rise edge)
                          0.00   10.00   clock network delay (ideal)
                         -0.25    9.75   clock uncertainty
                          0.00    9.75   clock reconvergence pessimism
                                  9.75 ^ main_memory_0/mem[31][7]$_DFFE_PP_/CLK (sky130_fd_sc_hd__edfxtp_1)
                         -0.28    9.47   library setup time
                                  9.47   data required time
-----------------------------------------------------------------------------
                                  9.47   data required time
                                 -8.36   data arrival time
-----------------------------------------------------------------------------
                                  1.10   slack (MET)



==========================================================================
resizer report_check_types -max_slew -max_cap -max_fanout -violators
--------------------------------------------------------------------------

==========================================================================
resizer max_slew_check_slack
--------------------------------------------------------------------------
0.05370781570672989

==========================================================================
resizer max_slew_check_limit
--------------------------------------------------------------------------
1.4806289672851562

==========================================================================
resizer max_slew_check_slack_limit
--------------------------------------------------------------------------
0.0363

==========================================================================
resizer max_fanout_check_slack
--------------------------------------------------------------------------
0.0

==========================================================================
resizer max_fanout_check_limit
--------------------------------------------------------------------------
20.0

==========================================================================
resizer max_fanout_check_slack_limit
--------------------------------------------------------------------------
0.0000

==========================================================================
resizer max_capacitance_check_slack
--------------------------------------------------------------------------
0.0005072710919193923

==========================================================================
resizer max_capacitance_check_limit
--------------------------------------------------------------------------
0.03388400003314018

==========================================================================
resizer max_capacitance_check_slack_limit
--------------------------------------------------------------------------
0.0150

==========================================================================
resizer max_slew_violation_count
--------------------------------------------------------------------------
max slew violation count 0

==========================================================================
resizer max_fanout_violation_count
--------------------------------------------------------------------------
max fanout violation count 0

==========================================================================
resizer max_cap_violation_count
--------------------------------------------------------------------------
max cap violation count 0

==========================================================================
resizer setup_violation_count
--------------------------------------------------------------------------
setup violation count 155

==========================================================================
resizer hold_violation_count
--------------------------------------------------------------------------
hold violation count 4

==========================================================================
resizer report_checks -path_delay max reg to reg
--------------------------------------------------------------------------
Startpoint: processor_0/ex_stage/mul_unit_ex/s1_a[5]$_SDFFE_PP0P_
            (rising edge-triggered flip-flop clocked by clk1)
Endpoint: processor_0/ex_stage/mul_unit_ex/product[60]$_SDFFE_PP0P_
          (rising edge-triggered flip-flop clocked by clk1)
Path Group: clk1
Path Type: max

  Delay    Time   Description
---------------------------------------------------------
   0.00    0.00   clock clk1 (rise edge)
   0.00    0.00   clock network delay (ideal)
   0.00    0.00 ^ processor_0/ex_stage/mul_unit_ex/s1_a[5]$_SDFFE_PP0P_/CLK (sky130_fd_sc_hd__dfxtp_1)
   0.38    0.38 v processor_0/ex_stage/mul_unit_ex/s1_a[5]$_SDFFE_PP0P_/Q (sky130_fd_sc_hd__dfxtp_1)
   0.45    0.83 v processor_0/ex_stage/mul_unit_ex/_05575_/X (sky130_fd_sc_hd__or3_1)
   0.20    1.04 v processor_0/ex_stage/mul_unit_ex/place33266/X (sky130_fd_sc_hd__buf_4)
   0.14    1.18 v processor_0/ex_stage/mul_unit_ex/place33265/X (sky130_fd_sc_hd__buf_4)
   0.40    1.58 v processor_0/ex_stage/mul_unit_ex/_05841_/X (sky130_fd_sc_hd__or3_1)
   0.43    2.01 v processor_0/ex_stage/mul_unit_ex/_05843_/X (sky130_fd_sc_hd__or3_1)
   0.17    2.18 ^ processor_0/ex_stage/mul_unit_ex/_05845_/Y (sky130_fd_sc_hd__nor3_1)
   0.18    2.36 ^ processor_0/ex_stage/mul_unit_ex/place30782/X (sky130_fd_sc_hd__buf_4)
   0.41    2.76 ^ processor_0/ex_stage/mul_unit_ex/_05846_/Y (sky130_fd_sc_hd__xnor2_1)
   0.22    2.98 ^ processor_0/ex_stage/mul_unit_ex/place30573/X (sky130_fd_sc_hd__buf_12)
   0.16    3.14 ^ processor_0/ex_stage/mul_unit_ex/place30572/X (sky130_fd_sc_hd__buf_12)
   0.18    3.33 ^ processor_0/ex_stage/mul_unit_ex/place30571/X (sky130_fd_sc_hd__buf_4)
   0.09    3.41 v processor_0/ex_stage/mul_unit_ex/_06635_/Y (sky130_fd_sc_hd__a221oi_1)
   0.41    3.82 ^ processor_0/ex_stage/mul_unit_ex/_06636_/Y (sky130_fd_sc_hd__a31oi_1)
   0.23    4.05 ^ processor_0/ex_stage/mul_unit_ex/place30219/X (sky130_fd_sc_hd__buf_4)
   0.44    4.49 v processor_0/ex_stage/mul_unit_ex/_10728_/SUM (sky130_fd_sc_hd__fa_1)
   0.53    5.02 v processor_0/ex_stage/mul_unit_ex/_10652_/COUT (sky130_fd_sc_hd__fa_1)
   0.56    5.59 v processor_0/ex_stage/mul_unit_ex/_10839_/COUT (sky130_fd_sc_hd__fa_1)
   0.50    6.09 v processor_0/ex_stage/mul_unit_ex/_10426_/COUT (sky130_fd_sc_hd__fa_1)
   0.52    6.61 v processor_0/ex_stage/mul_unit_ex/_10759_/COUT (sky130_fd_sc_hd__fa_1)
   0.66    7.27 ^ processor_0/ex_stage/mul_unit_ex/_10595_/SUM (sky130_fd_sc_hd__fa_1)
   0.27    7.54 v processor_0/ex_stage/mul_unit_ex/_11084_/SUM (sky130_fd_sc_hd__ha_1)
   0.18    7.73 v processor_0/ex_stage/mul_unit_ex/_09675_/X (sky130_fd_sc_hd__a21o_1)
   0.19    7.92 v processor_0/ex_stage/mul_unit_ex/_09836_/X (sky130_fd_sc_hd__a21o_1)
   0.22    8.13 v processor_0/ex_stage/mul_unit_ex/_09837_/X (sky130_fd_sc_hd__a21o_1)
   0.34    8.48 v processor_0/ex_stage/mul_unit_ex/_09838_/X (sky130_fd_sc_hd__a221o_1)
   0.28    8.75 ^ processor_0/ex_stage/mul_unit_ex/_09839_/Y (sky130_fd_sc_hd__a31oi_1)
   0.06    8.82 v processor_0/ex_stage/mul_unit_ex/_09840_/Y (sky130_fd_sc_hd__nor2_1)
   0.45    9.27 ^ processor_0/ex_stage/mul_unit_ex/_09841_/Y (sky130_fd_sc_hd__a311oi_1)
   0.16    9.43 v processor_0/ex_stage/mul_unit_ex/_09845_/Y (sky130_fd_sc_hd__o21bai_1)
   0.19    9.62 v processor_0/ex_stage/mul_unit_ex/place25663/X (sky130_fd_sc_hd__buf_4)
   0.18    9.80 ^ processor_0/ex_stage/mul_unit_ex/_09857_/Y (sky130_fd_sc_hd__a31oi_1)
   0.18    9.98 ^ processor_0/ex_stage/mul_unit_ex/place25603/X (sky130_fd_sc_hd__buf_4)
   0.10   10.08 v processor_0/ex_stage/mul_unit_ex/_09866_/Y (sky130_fd_sc_hd__o21ai_0)
   0.56   10.64 ^ processor_0/ex_stage/mul_unit_ex/_09867_/X (sky130_fd_sc_hd__xor2_1)
   0.22   10.86 ^ processor_0/ex_stage/mul_unit_ex/place25537/X (sky130_fd_sc_hd__buf_12)
   0.13   10.98 ^ processor_0/ex_stage/mul_unit_ex/_09868_/X (sky130_fd_sc_hd__a22o_1)
   0.00   10.98 ^ processor_0/ex_stage/mul_unit_ex/product[60]$_SDFFE_PP0P_/D (sky130_fd_sc_hd__dfxtp_1)
          10.98   data arrival time

  10.00   10.00   clock clk1 (rise edge)
   0.00   10.00   clock network delay (ideal)
  -0.25    9.75   clock uncertainty
   0.00    9.75   clock reconvergence pessimism
           9.75 ^ processor_0/ex_stage/mul_unit_ex/product[60]$_SDFFE_PP0P_/CLK (sky130_fd_sc_hd__dfxtp_1)
  -0.04    9.71   library setup time
           9.71   data required time
---------------------------------------------------------
           9.71   data required time
         -10.98   data arrival time
---------------------------------------------------------
          -1.27   slack (VIOLATED)


Startpoint: timer_0/fifo_timer_w/counter_2[2]$_SDFFE_PP0P_
            (rising edge-triggered flip-flop clocked by clk_s1)
Endpoint: timer_0/fifo_timer_r/mem[13][14]$_DFFE_PP_
          (rising edge-triggered flip-flop clocked by clk_s1)
Path Group: clk_s1
Path Type: max

  Delay    Time   Description
---------------------------------------------------------
   0.00    0.00   clock clk_s1 (rise edge)
   0.00    0.00   clock network delay (ideal)
   0.00    0.00 ^ timer_0/fifo_timer_w/counter_2[2]$_SDFFE_PP0P_/CLK (sky130_fd_sc_hd__dfxtp_1)
   0.66    0.66 ^ timer_0/fifo_timer_w/counter_2[2]$_SDFFE_PP0P_/Q (sky130_fd_sc_hd__dfxtp_1)
   0.35    1.01 v timer_0/fifo_timer_w/_888_/SUM (sky130_fd_sc_hd__ha_1)
   0.20    1.21 v timer_0/fifo_timer_w/_447_/X (sky130_fd_sc_hd__xor2_1)
   0.42    1.63 ^ timer_0/fifo_timer_w/_450_/Y (sky130_fd_sc_hd__nor4_4)
   0.22    1.85 ^ timer_0/fifo_timer_w/_872_/X (sky130_fd_sc_hd__and2_1)
   0.14    1.98 v timer_0/_337_/Y (sky130_fd_sc_hd__inv_1)
   0.62    2.61 ^ timer_0/fifo_timer_w/_453_/X (sky130_fd_sc_hd__a21bo_1)
   0.11    2.72 v timer_0/fifo_timer_w/_491_/Y (sky130_fd_sc_hd__nor3_2)
   0.57    3.29 ^ timer_0/timer_0/_0548_/Y (sky130_fd_sc_hd__nor4b_1)
   0.83    4.12 v timer_0/timer_0/_0550_/Y (sky130_fd_sc_hd__nand3b_1)
   0.49    4.61 v timer_0/timer_0/place29073/X (sky130_fd_sc_hd__buf_4)
   0.99    5.60 ^ timer_0/timer_0/_0634_/Y (sky130_fd_sc_hd__nor2_1)
   0.01    5.62 ^ timer_0/fifo_timer_r/mem[13][14]$_DFFE_PP_/D (sky130_fd_sc_hd__edfxtp_1)
           5.62   data arrival time

  25.00   25.00   clock clk_s1 (rise edge)
   0.00   25.00   clock network delay (ideal)
  -0.25   24.75   clock uncertainty
   0.00   24.75   clock reconvergence pessimism
          24.75 ^ timer_0/fifo_timer_r/mem[13][14]$_DFFE_PP_/CLK (sky130_fd_sc_hd__edfxtp_1)
  -0.37   24.38   library setup time
          24.38   data required time
---------------------------------------------------------
          24.38   data required time
          -5.62   data arrival time
---------------------------------------------------------
          18.77   slack (MET)


Startpoint: timer_clk_div/clk_div[0]$_SDFF_PP0_/Q
            (clock source 'timer_clk_div_clk_div2')
Endpoint: timer_clk_div/clk_div[1]$_SDFF_PP0_
          (rising edge-triggered flip-flop clocked by clk_s1_gate)
Path Group: clk_s1_gate
Path Type: max

  Delay    Time   Description
---------------------------------------------------------
  25.00   25.00   clock timer_clk_div_clk_div2 (fall edge)
   0.00   25.00 v timer_clk_div/clk_div[0]$_SDFF_PP0_/Q (sky130_fd_sc_hd__dfxtp_1)
   0.27   25.27 v timer_clk_div/_11_/SUM (sky130_fd_sc_hd__ha_1)
   0.12   25.39 v timer_clk_div/_06_/Y (sky130_fd_sc_hd__nor2b_1)
   0.00   25.39 v timer_clk_div/clk_div[1]$_SDFF_PP0_/D (sky130_fd_sc_hd__dfxtp_1)
          25.39   data arrival time

  50.00   50.00   clock clk_s1_gate (rise edge)
   0.00   50.00   clock network delay (ideal)
  -0.25   49.75   clock uncertainty
   0.00   49.75   clock reconvergence pessimism
          49.75 ^ timer_clk_div/clk_div[1]$_SDFF_PP0_/CLK (sky130_fd_sc_hd__dfxtp_1)
  -0.09   49.66   library setup time
          49.66   data required time
---------------------------------------------------------
          49.66   data required time
         -25.39   data arrival time
---------------------------------------------------------
          24.27   slack (MET)


Startpoint: gpio_0/fifo_timer_w/counter_2[2]$_SDFFE_PP0P_
            (rising edge-triggered flip-flop clocked by clk_s2)
Endpoint: gpio_0/fifo_timer_r/mem[8][0]$_DFFE_PP_
          (rising edge-triggered flip-flop clocked by clk_s2)
Path Group: clk_s2
Path Type: max

  Delay    Time   Description
---------------------------------------------------------
   0.00    0.00   clock clk_s2 (rise edge)
   0.00    0.00   clock network delay (ideal)
   0.00    0.00 ^ gpio_0/fifo_timer_w/counter_2[2]$_SDFFE_PP0P_/CLK (sky130_fd_sc_hd__dfxtp_1)
   1.10    1.10 ^ gpio_0/fifo_timer_w/counter_2[2]$_SDFFE_PP0P_/Q (sky130_fd_sc_hd__dfxtp_1)
   0.48    1.59 ^ gpio_0/fifo_timer_w/place31448/X (sky130_fd_sc_hd__buf_4)
   0.33    1.91 v gpio_0/fifo_timer_w/_887_/SUM (sky130_fd_sc_hd__ha_1)
   0.19    2.11 v gpio_0/fifo_timer_w/_448_/X (sky130_fd_sc_hd__xor2_1)
   0.36    2.47 ^ gpio_0/fifo_timer_w/_450_/Y (sky130_fd_sc_hd__nor4_4)
   0.64    3.11 ^ gpio_0/fifo_timer_w/_872_/X (sky130_fd_sc_hd__and2_1)
   0.50    3.60 v gpio_0/_335_/Y (sky130_fd_sc_hd__inv_1)
   0.83    4.44 ^ gpio_0/fifo_timer_w/_453_/X (sky130_fd_sc_hd__a21bo_1)
   0.40    4.84 ^ gpio_0/fifo_timer_w/place30144/X (sky130_fd_sc_hd__buf_4)
   0.46    5.30 ^ gpio_0/fifo_timer_w/place30143/X (sky130_fd_sc_hd__buf_4)
   0.26    5.56 v gpio_0/fifo_timer_w/_535_/Y (sky130_fd_sc_hd__nor3_2)
   0.49    6.05 ^ gpio_0/gpio_0/_2050_/Y (sky130_fd_sc_hd__nor4_2)
   0.83    6.88 v gpio_0/gpio_0/_2052_/Y (sky130_fd_sc_hd__nand3_1)
   0.54    7.42 v gpio_0/gpio_0/place29306/X (sky130_fd_sc_hd__buf_4)
   0.90    8.32 ^ gpio_0/gpio_0/_2382_/Y (sky130_fd_sc_hd__a31oi_1)
   0.00    8.32 ^ gpio_0/fifo_timer_r/mem[8][0]$_DFFE_PP_/D (sky130_fd_sc_hd__edfxtp_1)
           8.32   data arrival time

  20.00   20.00   clock clk_s2 (rise edge)
   0.00   20.00   clock network delay (ideal)
  -0.25   19.75   clock uncertainty
   0.00   19.75   clock reconvergence pessimism
          19.75 ^ gpio_0/fifo_timer_r/mem[8][0]$_DFFE_PP_/CLK (sky130_fd_sc_hd__edfxtp_1)
  -0.35   19.40   library setup time
          19.40   data required time
---------------------------------------------------------
          19.40   data required time
          -8.32   data arrival time
---------------------------------------------------------
          11.08   slack (MET)


Startpoint: gpio_clk_div/clk_div[0]$_SDFF_PP0_/Q
            (clock source 'gpio_clk_div_clk_div2')
Endpoint: gpio_clk_div/clk_div[1]$_SDFF_PP0_
          (rising edge-triggered flip-flop clocked by clk_s2_gate)
Path Group: clk_s2_gate
Path Type: max

  Delay    Time   Description
---------------------------------------------------------
  20.00   20.00   clock gpio_clk_div_clk_div2 (fall edge)
   0.00   20.00 v gpio_clk_div/clk_div[0]$_SDFF_PP0_/Q (sky130_fd_sc_hd__dfxtp_1)
   0.27   20.27 v gpio_clk_div/_11_/SUM (sky130_fd_sc_hd__ha_1)
   0.12   20.39 v gpio_clk_div/_06_/Y (sky130_fd_sc_hd__nor2b_1)
   0.00   20.39 v gpio_clk_div/clk_div[1]$_SDFF_PP0_/D (sky130_fd_sc_hd__dfxtp_1)
          20.39   data arrival time

  40.00   40.00   clock clk_s2_gate (rise edge)
   0.00   40.00   clock network delay (ideal)
  -0.25   39.75   clock uncertainty
   0.00   39.75   clock reconvergence pessimism
          39.75 ^ gpio_clk_div/clk_div[1]$_SDFF_PP0_/CLK (sky130_fd_sc_hd__dfxtp_1)
  -0.09   39.66   library setup time
          39.66   data required time
---------------------------------------------------------
          39.66   data required time
         -20.39   data arrival time
---------------------------------------------------------
          19.27   slack (MET)


Startpoint: processor_0/pipeline_ex_mem/alu_out_out[23]$_SDFFE_PP0N_
            (rising edge-triggered flip-flop clocked by clk1)
Endpoint: dma_config_0/dma_0/buffer_dma[6]$_SDFFE_PP0P_
          (rising edge-triggered flip-flop clocked by clk_s3)
Path Group: clk_s3
Path Type: max

  Delay    Time   Description
---------------------------------------------------------
   0.00    0.00   clock clk1 (rise edge)
   0.00    0.00   clock network delay (ideal)
   0.00    0.00 ^ processor_0/pipeline_ex_mem/alu_out_out[23]$_SDFFE_PP0N_/CLK (sky130_fd_sc_hd__dfxtp_1)
   0.35    0.35 v processor_0/pipeline_ex_mem/alu_out_out[23]$_SDFFE_PP0N_/Q (sky130_fd_sc_hd__dfxtp_1)
   0.43    0.78 ^ _1526_/Y (sky130_fd_sc_hd__nor4b_2)
   0.54    1.32 ^ _1542_/X (sky130_fd_sc_hd__and4_1)
   0.44    1.76 v _1546_/Y (sky130_fd_sc_hd__nand2_1)
   0.37    2.13 v place31898/X (sky130_fd_sc_hd__buf_4)
   0.19    2.32 v place31897/X (sky130_fd_sc_hd__buf_12)
   0.07    2.39 ^ _1724_/Y (sky130_fd_sc_hd__nand2_1)
   0.21    2.59 v _1725_/Y (sky130_fd_sc_hd__nand2_1)
   0.75    3.34 ^ interconnect_0/_0821_/Y (sky130_fd_sc_hd__nor4_1)
   0.25    3.59 v interconnect_0/_0822_/Y (sky130_fd_sc_hd__nor2_1)
   0.46    4.05 ^ interconnect_0/_0838_/Y (sky130_fd_sc_hd__nor3_1)
   0.35    4.40 ^ interconnect_0/_0871_/X (sky130_fd_sc_hd__o211a_1)
   0.20    4.60 v interconnect_0/_0872_/Y (sky130_fd_sc_hd__nor2_1)
   0.36    4.96 ^ interconnect_0/_0894_/Y (sky130_fd_sc_hd__nor4_2)
   0.23    5.18 ^ interconnect_0/_2483_/X (sky130_fd_sc_hd__a22o_1)
   0.23    5.41 ^ dot_0/_415_/X (sky130_fd_sc_hd__and4b_1)
   0.20    5.61 ^ dot_0/place29335/X (sky130_fd_sc_hd__buf_4)
   0.50    6.11 v dot_0/fifo_timer_r/_386_/X (sky130_fd_sc_hd__a21bo_2)
   0.78    6.89 ^ dot_0/fifo_timer_r/_596_/Y (sky130_fd_sc_hd__nor3_1)
   0.31    7.20 ^ dot_0/place28658/X (sky130_fd_sc_hd__buf_4)
   0.33    7.53 ^ dot_0/_195_/X (sky130_fd_sc_hd__and2_1)
   0.20    7.73 ^ place28000/X (sky130_fd_sc_hd__buf_12)
   0.15    7.87 ^ interconnect_0/place27999/X (sky130_fd_sc_hd__buf_4)
   0.08    7.95 v interconnect_0/_1393_/Y (sky130_fd_sc_hd__a22oi_1)
   0.21    8.16 ^ interconnect_0/_1394_/Y (sky130_fd_sc_hd__nand3_1)
   0.11    8.27 v dma_config_0/dma_0/_2062_/Y (sky130_fd_sc_hd__mux2i_1)
   0.09    8.36 ^ dma_config_0/dma_0/_2063_/Y (sky130_fd_sc_hd__nor2_1)
   0.00    8.36 ^ dma_config_0/dma_0/buffer_dma[6]$_SDFFE_PP0P_/D (sky130_fd_sc_hd__dfxtp_1)
           8.36   data arrival time

  10.00   10.00   clock clk_s3 (rise edge)
   0.00   10.00   clock network delay (ideal)
  -0.25    9.75   clock uncertainty
   0.00    9.75   clock reconvergence pessimism
           9.75 ^ dma_config_0/dma_0/buffer_dma[6]$_SDFFE_PP0P_/CLK (sky130_fd_sc_hd__dfxtp_1)
  -0.05    9.70   library setup time
           9.70   data required time
---------------------------------------------------------
           9.70   data required time
          -8.36   data arrival time
---------------------------------------------------------
           1.34   slack (MET)


Startpoint: uart_0/fifo_uart_w/counter_2[0]$_SDFFE_PP0P_
            (rising edge-triggered flip-flop clocked by clk_s4)
Endpoint: uart_0/fifo_uart_r/mem[12][10]$_DFFE_PP_
          (rising edge-triggered flip-flop clocked by clk_s4)
Path Group: clk_s4
Path Type: max

  Delay    Time   Description
---------------------------------------------------------
   0.00    0.00   clock clk_s4 (rise edge)
   0.00    0.00   clock network delay (ideal)
   0.00    0.00 ^ uart_0/fifo_uart_w/counter_2[0]$_SDFFE_PP0P_/CLK (sky130_fd_sc_hd__dfxtp_1)
   0.94    0.94 ^ uart_0/fifo_uart_w/counter_2[0]$_SDFFE_PP0P_/Q (sky130_fd_sc_hd__dfxtp_1)
   0.42    1.37 v uart_0/fifo_uart_w/_894_/SUM (sky130_fd_sc_hd__ha_1)
   0.21    1.57 v uart_0/fifo_uart_w/_449_/X (sky130_fd_sc_hd__xor2_1)
   0.32    1.89 ^ uart_0/fifo_uart_w/_450_/Y (sky130_fd_sc_hd__nor4_4)
   0.50    2.39 ^ uart_0/fifo_uart_w/_872_/X (sky130_fd_sc_hd__and2_1)
   0.34    2.74 v uart_0/_335_/Y (sky130_fd_sc_hd__inv_1)
   0.53    3.26 ^ uart_0/fifo_uart_w/_453_/X (sky130_fd_sc_hd__a21bo_1)
   0.10    3.36 v uart_0/fifo_uart_w/_479_/Y (sky130_fd_sc_hd__nor3_2)
   0.68    4.04 v uart_0/uart_0/_0682_/X (sky130_fd_sc_hd__or4_1)
   0.19    4.24 ^ uart_0/uart_0/_0683_/Y (sky130_fd_sc_hd__nor3_1)
   0.23    4.47 ^ uart_0/uart_0/place29072/X (sky130_fd_sc_hd__buf_4)
   0.62    5.08 ^ uart_0/uart_0/_0686_/X (sky130_fd_sc_hd__and3_1)
   0.36    5.45 ^ uart_0/uart_0/place28759/X (sky130_fd_sc_hd__buf_4)
   0.12    5.57 v uart_0/uart_0/_0693_/Y (sky130_fd_sc_hd__a22oi_1)
   1.08    6.65 ^ uart_0/uart_0/_0694_/Y (sky130_fd_sc_hd__nor2_1)
   0.02    6.67 ^ uart_0/fifo_uart_r/mem[12][10]$_DFFE_PP_/D (sky130_fd_sc_hd__edfxtp_1)
           6.67   data arrival time

  40.00   40.00   clock clk_s4 (rise edge)
   0.00   40.00   clock network delay (ideal)
  -0.25   39.75   clock uncertainty
   0.00   39.75   clock reconvergence pessimism
          39.75 ^ uart_0/fifo_uart_r/mem[12][10]$_DFFE_PP_/CLK (sky130_fd_sc_hd__edfxtp_1)
  -0.39   39.36   library setup time
          39.36   data required time
---------------------------------------------------------
          39.36   data required time
          -6.67   data arrival time
---------------------------------------------------------
          32.70   slack (MET)


Startpoint: uart_clk_div/clk_div[0]$_SDFF_PP0_/Q
            (clock source 'uart_clk_div_clk_div2')
Endpoint: uart_clk_div/clk_div[1]$_SDFF_PP0_
          (rising edge-triggered flip-flop clocked by clk_s4_gate)
Path Group: clk_s4_gate
Path Type: max

  Delay    Time   Description
---------------------------------------------------------
  40.00   40.00   clock uart_clk_div_clk_div2 (fall edge)
   0.00   40.00 v uart_clk_div/clk_div[0]$_SDFF_PP0_/Q (sky130_fd_sc_hd__dfxtp_1)
   0.27   40.27 v uart_clk_div/_11_/SUM (sky130_fd_sc_hd__ha_1)
   0.12   40.39 v uart_clk_div/_06_/Y (sky130_fd_sc_hd__nor2b_1)
   0.00   40.39 v uart_clk_div/clk_div[1]$_SDFF_PP0_/D (sky130_fd_sc_hd__dfxtp_1)
          40.39   data arrival time

  80.00   80.00   clock clk_s4_gate (rise edge)
   0.00   80.00   clock network delay (ideal)
  -0.25   79.75   clock uncertainty
   0.00   79.75   clock reconvergence pessimism
          79.75 ^ uart_clk_div/clk_div[1]$_SDFF_PP0_/CLK (sky130_fd_sc_hd__dfxtp_1)
  -0.08   79.67   library setup time
          79.67   data required time
---------------------------------------------------------
          79.67   data required time
         -40.39   data arrival time
---------------------------------------------------------
          39.28   slack (MET)


Startpoint: dot_0/fifo_timer_r/counter_1[1]$_SDFFE_PP0P_
            (rising edge-triggered flip-flop clocked by clk_s5)
Endpoint: dot_0/fifo_timer_r/mem[11][5]$_DFFE_PP_
          (rising edge-triggered flip-flop clocked by clk_s5)
Path Group: clk_s5
Path Type: max

  Delay    Time   Description
---------------------------------------------------------
   0.00    0.00   clock clk_s5 (rise edge)
   0.00    0.00   clock network delay (ideal)
   0.00    0.00 ^ dot_0/fifo_timer_r/counter_1[1]$_SDFFE_PP0P_/CLK (sky130_fd_sc_hd__dfxtp_1)
   0.36    0.36 v dot_0/fifo_timer_r/counter_1[1]$_SDFFE_PP0P_/Q (sky130_fd_sc_hd__dfxtp_1)
   0.14    0.49 v dot_0/fifo_timer_r/place31501/X (sky130_fd_sc_hd__buf_4)
   0.30    0.80 v dot_0/fifo_timer_r/_748_/SUM (sky130_fd_sc_hd__ha_1)
   0.19    0.99 ^ dot_0/fifo_timer_r/_652_/X (sky130_fd_sc_hd__xor2_1)
   0.15    1.14 ^ dot_0/fifo_timer_r/place30854/X (sky130_fd_sc_hd__buf_4)
   0.04    1.18 v dot_0/fifo_timer_r/_654_/Y (sky130_fd_sc_hd__nor4_4)
   0.28    1.45 v dot_0/fifo_timer_r/_730_/X (sky130_fd_sc_hd__and2_2)
   0.22    1.67 v dot_0/place30258/X (sky130_fd_sc_hd__buf_12)
   0.23    1.90 ^ dot_0/_416_/Y (sky130_fd_sc_hd__nor3_2)
   0.17    2.07 ^ dot_0/place30147/X (sky130_fd_sc_hd__buf_12)
   0.36    2.43 v dot_0/fifo_timer_w1/_386_/X (sky130_fd_sc_hd__a21bo_2)
   0.22    2.64 v dot_0/fifo_timer_w1/place29970/X (sky130_fd_sc_hd__buf_4)
   1.02    3.67 ^ dot_0/fifo_timer_w1/_596_/Y (sky130_fd_sc_hd__nor3_1)
   0.29    3.96 ^ dot_0/fp4_dot_0/fp4_1/place29735/X (sky130_fd_sc_hd__buf_4)
   0.05    4.01 v dot_0/fp4_dot_0/fp4_1/_57_/Y (sky130_fd_sc_hd__inv_1)
   0.20    4.21 v dot_0/fp4_dot_0/fp4_1/_76_/COUT (sky130_fd_sc_hd__ha_1)
   0.11    4.32 ^ dot_0/fp4_dot_0/fp4_1/_48_/Y (sky130_fd_sc_hd__nor2_1)
   0.18    4.50 ^ dot_0/fp4_dot_0/fp4_1/_83_/COUT (sky130_fd_sc_hd__ha_1)
   0.45    4.95 v dot_0/fp4_dot_0/fp4_1/_75_/SUM (sky130_fd_sc_hd__fa_1)
   0.10    5.06 ^ dot_0/fp4_dot_0/fp4_1/_46_/Y (sky130_fd_sc_hd__inv_1)
   0.16    5.22 ^ dot_0/fp4_dot_0/fp4_1/_78_/COUT (sky130_fd_sc_hd__ha_1)
   0.13    5.35 ^ dot_0/fp4_dot_0/fp4_1/_44_/Y (sky130_fd_sc_hd__xnor2_1)
   0.09    5.44 v dot_0/fp4_dot_0/fp4_1/_45_/Y (sky130_fd_sc_hd__nor2_1)
   0.36    5.80 v dot_0/fp4_dot_0/fp4_1/_79_/SUM (sky130_fd_sc_hd__ha_1)
   0.19    5.98 ^ dot_0/fp4_dot_0/fp4_1/_50_/Y (sky130_fd_sc_hd__a21oi_1)
   0.08    6.06 v dot_0/fp4_dot_0/fp4_1/_51_/Y (sky130_fd_sc_hd__nand2_1)
   0.39    6.46 v dot_0/fp4_dot_0/fp4_1/_56_/X (sky130_fd_sc_hd__xnor3_1)
   0.10    6.55 ^ dot_0/fp4_dot_0/add0/_0734_/Y (sky130_fd_sc_hd__inv_1)
   0.13    6.68 v dot_0/fp4_dot_0/add0/_0817_/Y (sky130_fd_sc_hd__a31oi_1)
   0.28    6.96 v dot_0/fp4_dot_0/add0/_1370_/COUT (sky130_fd_sc_hd__ha_1)
   0.41    7.37 v dot_0/fp4_dot_0/add0/_1357_/COUT (sky130_fd_sc_hd__fa_1)
   0.15    7.52 ^ dot_0/fp4_dot_0/add0/_0858_/Y (sky130_fd_sc_hd__nor2b_1)
   0.12    7.64 v dot_0/fp4_dot_0/add0/_0859_/Y (sky130_fd_sc_hd__o21ai_0)
   0.42    8.06 ^ dot_0/fp4_dot_0/add0/_0861_/Y (sky130_fd_sc_hd__a211oi_1)
   0.15    8.21 v dot_0/fp4_dot_0/add0/_0865_/Y (sky130_fd_sc_hd__nand2_1)
   0.24    8.45 v dot_0/fp4_dot_0/add0/_1381_/COUT (sky130_fd_sc_hd__ha_1)
   0.34    8.79 ^ dot_0/fp4_dot_0/add0/_1251_/Y (sky130_fd_sc_hd__nor3_1)
   0.12    8.91 v dot_0/fp4_dot_0/add0/_1253_/Y (sky130_fd_sc_hd__o31ai_1)
   0.34    9.26 ^ dot_0/fp4_dot_0/add0/_1254_/Y (sky130_fd_sc_hd__a2111oi_2)
   0.20    9.46 ^ dot_0/fp4_dot_0/add0/place25334/X (sky130_fd_sc_hd__buf_4)
   0.33    9.79 ^ dot_0/fp4_dot_0/add0/_1255_/Y (sky130_fd_sc_hd__mux2i_1)
   0.18    9.97 ^ dot_0/fp4_dot_0/add0/_1258_/Y (sky130_fd_sc_hd__nand2b_1)
   0.18   10.15 ^ dot_0/fp4_dot_0/add0/_1259_/X (sky130_fd_sc_hd__a221o_1)
   0.09   10.24 v dot_0/fp4_dot_0/add0/_1272_/Y (sky130_fd_sc_hd__a31oi_1)
   0.18   10.42 ^ dot_0/fp4_dot_0/add0/_1273_/Y (sky130_fd_sc_hd__a31oi_1)
   0.10   10.52 v dot_0/fp4_dot_0/add0/_1275_/Y (sky130_fd_sc_hd__o21ai_1)
   0.17   10.68 v dot_0/fp4_dot_0/add0/place25237/X (sky130_fd_sc_hd__buf_4)
   0.14   10.82 v dot_0/fp4_dot_0/add0/_1276_/Y (sky130_fd_sc_hd__xnor2_1)
   0.48   11.30 v dot_0/fp4_dot_0/add0/_1355_/COUT (sky130_fd_sc_hd__fa_1)
   0.53   11.84 v dot_0/fp4_dot_0/add0/_1354_/COUT (sky130_fd_sc_hd__fa_1)
   0.18   12.02 v dot_0/fp4_dot_0/add0/place25189/X (sky130_fd_sc_hd__buf_4)
   0.25   12.27 ^ dot_0/fp4_dot_0/add0/_0745_/Y (sky130_fd_sc_hd__a211oi_4)
   0.17   12.44 ^ dot_0/fp4_dot_0/add0/place25176/X (sky130_fd_sc_hd__buf_4)
   0.07   12.50 v dot_0/fp4_dot_0/add0/_0759_/Y (sky130_fd_sc_hd__nor2_2)
   0.15   12.66 v dot_0/fp4_dot_0/add0/_0760_/Y (sky130_fd_sc_hd__xnor2_1)
   0.14   12.80 v dot_0/fp4_dot_0/add0/place25118/X (sky130_fd_sc_hd__buf_4)
   0.20   13.00 ^ dot_0/fp4_dot_0/add0/_0768_/Y (sky130_fd_sc_hd__a21oi_1)
   0.16   13.16 ^ dot_0/fp4_dot_0/add0/_0779_/X (sky130_fd_sc_hd__o21a_1)
   0.21   13.38 ^ dot_0/fp4_dot_0/add0/_0805_/X (sky130_fd_sc_hd__a21o_1)
   0.21   13.59 ^ dot_0/fp4_dot_0/add0/_1379_/COUT (sky130_fd_sc_hd__ha_1)
   0.07   13.66 v dot_0/fp4_dot_0/add0/_0869_/Y (sky130_fd_sc_hd__inv_1)
   0.49   14.15 v dot_0/fp4_dot_0/add0/_1356_/COUT (sky130_fd_sc_hd__fa_1)
   0.26   14.41 ^ dot_0/fp4_dot_0/add0/_0890_/X (sky130_fd_sc_hd__o21ba_2)
   0.18   14.59 ^ dot_0/fp4_dot_0/add0/_0891_/X (sky130_fd_sc_hd__o32a_1)
   0.26   14.85 ^ dot_0/fp4_dot_0/add0/_0892_/X (sky130_fd_sc_hd__a31o_1)
   0.07   14.92 v dot_0/fp4_dot_0/add0/_0893_/Y (sky130_fd_sc_hd__a21oi_2)
   0.49   15.41 ^ dot_0/fp4_dot_0/add0/_0966_/Y (sky130_fd_sc_hd__a31oi_2)
   0.37   15.78 v dot_0/fp4_dot_0/add0/_1119_/Y (sky130_fd_sc_hd__nand4_1)
   0.31   16.09 v dot_0/fp4_dot_0/add0/_1142_/X (sky130_fd_sc_hd__o221a_1)
   0.54   16.63 ^ dot_0/fp4_dot_0/add0/_1144_/Y (sky130_fd_sc_hd__a31oi_1)
   0.09   16.72 v dot_0/fp4_dot_0/add0/_1334_/Y (sky130_fd_sc_hd__a21oi_1)
   0.23   16.95 ^ dot_0/fp4_dot_0/add0/_1344_/Y (sky130_fd_sc_hd__a32oi_1)
   0.16   17.11 ^ dot_0/fp4_dot_0/add0/place24624/X (sky130_fd_sc_hd__buf_4)
   0.15   17.26 ^ dot_0/fp4_dot_0/add0/_1402_/COUT (sky130_fd_sc_hd__ha_1)
   0.19   17.46 ^ dot_0/fp4_dot_0/add0/_1387_/COUT (sky130_fd_sc_hd__ha_1)
   0.09   17.55 v dot_0/fp4_dot_0/add0/_1038_/Y (sky130_fd_sc_hd__nand2_1)
   0.19   17.74 ^ dot_0/fp4_dot_0/add0/_1039_/Y (sky130_fd_sc_hd__nor2_1)
   0.20   17.94 ^ dot_0/fp4_dot_0/add0/_1055_/X (sky130_fd_sc_hd__a31o_4)
   0.08   18.02 v dot_0/fp4_dot_0/add0/_1058_/Y (sky130_fd_sc_hd__nand3_2)
   0.58   18.60 ^ dot_0/fp4_dot_0/add0/_1066_/Y (sky130_fd_sc_hd__a31oi_1)
   0.16   18.76 v dot_0/fp4_dot_0/add4/_0811_/Y (sky130_fd_sc_hd__nor2_1)
   0.32   19.08 ^ dot_0/fp4_dot_0/add4/_0812_/Y (sky130_fd_sc_hd__a21oi_1)
   0.18   19.26 ^ dot_0/fp4_dot_0/add4/place24522/X (sky130_fd_sc_hd__buf_4)
   0.05   19.31 v dot_0/fp4_dot_0/add4/_0813_/Y (sky130_fd_sc_hd__inv_1)
   0.25   19.56 v dot_0/fp4_dot_0/add4/_1370_/COUT (sky130_fd_sc_hd__ha_1)
   0.43   20.00 v dot_0/fp4_dot_0/add4/_1357_/COUT (sky130_fd_sc_hd__fa_1)
   0.14   20.14 ^ dot_0/fp4_dot_0/add4/_0858_/Y (sky130_fd_sc_hd__nor2b_1)
   0.14   20.28 v dot_0/fp4_dot_0/add4/_0859_/Y (sky130_fd_sc_hd__o21ai_0)
   0.27   20.55 ^ dot_0/fp4_dot_0/add4/_0861_/Y (sky130_fd_sc_hd__a211oi_1)
   0.17   20.72 ^ dot_0/fp4_dot_0/add4/place24411/X (sky130_fd_sc_hd__buf_4)
   0.08   20.80 v dot_0/fp4_dot_0/add4/_0865_/Y (sky130_fd_sc_hd__nand2_1)
   0.24   21.03 v dot_0/fp4_dot_0/add4/_1381_/COUT (sky130_fd_sc_hd__ha_1)
   0.36   21.39 ^ dot_0/fp4_dot_0/add4/_1251_/Y (sky130_fd_sc_hd__nor3_1)
   0.13   21.52 v dot_0/fp4_dot_0/add4/_1253_/Y (sky130_fd_sc_hd__o31ai_1)
   0.36   21.88 ^ dot_0/fp4_dot_0/add4/_1254_/Y (sky130_fd_sc_hd__a2111oi_2)
   0.20   22.08 ^ dot_0/fp4_dot_0/add4/place24317/X (sky130_fd_sc_hd__buf_4)
   0.08   22.15 v dot_0/fp4_dot_0/add4/_1255_/Y (sky130_fd_sc_hd__mux2i_1)
   0.15   22.30 v dot_0/fp4_dot_0/add4/place24312/X (sky130_fd_sc_hd__buf_4)
   0.15   22.45 v dot_0/fp4_dot_0/add4/_1258_/Y (sky130_fd_sc_hd__nand2b_1)
   0.30   22.76 v dot_0/fp4_dot_0/add4/_1259_/X (sky130_fd_sc_hd__a221o_1)
   0.22   22.98 ^ dot_0/fp4_dot_0/add4/_1272_/Y (sky130_fd_sc_hd__a31oi_1)
   0.07   23.05 v dot_0/fp4_dot_0/add4/_1273_/Y (sky130_fd_sc_hd__a31oi_1)
   0.23   23.27 ^ dot_0/fp4_dot_0/add4/_1275_/Y (sky130_fd_sc_hd__o21ai_1)
   0.15   23.43 ^ dot_0/fp4_dot_0/add4/place24266/X (sky130_fd_sc_hd__buf_4)
   0.07   23.50 v dot_0/fp4_dot_0/add4/_1276_/Y (sky130_fd_sc_hd__xnor2_1)
   0.49   23.99 v dot_0/fp4_dot_0/add4/_1355_/COUT (sky130_fd_sc_hd__fa_1)
   0.54   24.52 v dot_0/fp4_dot_0/add4/_1354_/COUT (sky130_fd_sc_hd__fa_1)
   0.23   24.76 v dot_0/fp4_dot_0/add4/_0785_/X (sky130_fd_sc_hd__a21o_1)
   0.47   25.23 ^ dot_0/fp4_dot_0/add4/_0790_/Y (sky130_fd_sc_hd__a2111oi_2)
   0.14   25.36 v dot_0/fp4_dot_0/add4/_0791_/Y (sky130_fd_sc_hd__a21oi_1)
   0.31   25.67 ^ dot_0/fp4_dot_0/add4/_0792_/Y (sky130_fd_sc_hd__a31oi_2)
   0.20   25.87 ^ dot_0/fp4_dot_0/add4/_0804_/X (sky130_fd_sc_hd__a31o_1)
   0.17   26.05 ^ dot_0/fp4_dot_0/add4/_0805_/X (sky130_fd_sc_hd__a21o_1)
   0.22   26.26 ^ dot_0/fp4_dot_0/add4/_1379_/COUT (sky130_fd_sc_hd__ha_1)
   0.07   26.33 v dot_0/fp4_dot_0/add4/_0869_/Y (sky130_fd_sc_hd__inv_1)
   0.50   26.83 v dot_0/fp4_dot_0/add4/_1356_/SUM (sky130_fd_sc_hd__fa_1)
   0.20   27.03 ^ dot_0/fp4_dot_0/add4/_0884_/Y (sky130_fd_sc_hd__nor2b_1)
   0.26   27.29 ^ dot_0/fp4_dot_0/add4/_0886_/X (sky130_fd_sc_hd__o2111a_1)
   0.26   27.55 ^ dot_0/fp4_dot_0/add4/_0892_/X (sky130_fd_sc_hd__a31o_1)
   0.09   27.64 v dot_0/fp4_dot_0/add4/_0893_/Y (sky130_fd_sc_hd__a21oi_2)
   0.16   27.80 v dot_0/fp4_dot_0/add4/place24047/X (sky130_fd_sc_hd__buf_4)
   0.29   28.09 ^ dot_0/fp4_dot_0/add4/_1004_/Y (sky130_fd_sc_hd__o22ai_1)
   0.18   28.27 ^ dot_0/fp4_dot_0/add4/place24020/X (sky130_fd_sc_hd__buf_4)
   0.26   28.53 v dot_0/fp4_dot_0/add4/_1119_/Y (sky130_fd_sc_hd__nand4_1)
   0.32   28.85 v dot_0/fp4_dot_0/add4/_1142_/X (sky130_fd_sc_hd__o221a_1)
   0.17   29.01 ^ dot_0/fp4_dot_0/add4/_1144_/Y (sky130_fd_sc_hd__a31oi_1)
   0.17   29.19 ^ dot_0/fp4_dot_0/add4/place23962/X (sky130_fd_sc_hd__buf_4)
   0.05   29.24 v dot_0/fp4_dot_0/add4/_1334_/Y (sky130_fd_sc_hd__a21oi_1)
   0.24   29.47 ^ dot_0/fp4_dot_0/add4/_1344_/Y (sky130_fd_sc_hd__a32oi_1)
   0.17   29.64 ^ dot_0/fp4_dot_0/add4/place23954/X (sky130_fd_sc_hd__buf_4)
   0.14   29.78 ^ dot_0/fp4_dot_0/add4/_1402_/COUT (sky130_fd_sc_hd__ha_1)
   0.24   30.02 ^ dot_0/fp4_dot_0/add4/_1387_/COUT (sky130_fd_sc_hd__ha_1)
   0.11   30.13 v dot_0/fp4_dot_0/add4/_1038_/Y (sky130_fd_sc_hd__nand2_1)
   0.17   30.31 ^ dot_0/fp4_dot_0/add4/_1039_/Y (sky130_fd_sc_hd__nor2_1)
   0.18   30.49 ^ dot_0/fp4_dot_0/add4/_1055_/X (sky130_fd_sc_hd__a31o_4)
   0.11   30.60 v dot_0/fp4_dot_0/add4/_1058_/Y (sky130_fd_sc_hd__nand3_2)
   0.63   31.23 ^ dot_0/fp4_dot_0/add4/_1066_/Y (sky130_fd_sc_hd__a31oi_2)
   0.22   31.45 ^ dot_0/fp4_dot_0/add6/place23943/X (sky130_fd_sc_hd__buf_12)
   0.07   31.52 v dot_0/fp4_dot_0/add6/_0811_/Y (sky130_fd_sc_hd__nor2_1)
   0.20   31.72 ^ dot_0/fp4_dot_0/add6/_0812_/Y (sky130_fd_sc_hd__a21oi_1)
   0.09   31.81 v dot_0/fp4_dot_0/add6/_0813_/Y (sky130_fd_sc_hd__inv_1)
   0.26   32.07 v dot_0/fp4_dot_0/add6/_1370_/COUT (sky130_fd_sc_hd__ha_1)
   0.43   32.50 v dot_0/fp4_dot_0/add6/_1357_/COUT (sky130_fd_sc_hd__fa_1)
   0.13   32.63 ^ dot_0/fp4_dot_0/add6/_0858_/Y (sky130_fd_sc_hd__nor2b_1)
   0.11   32.75 v dot_0/fp4_dot_0/add6/_0859_/Y (sky130_fd_sc_hd__o21ai_0)
   0.53   33.28 ^ dot_0/fp4_dot_0/add6/_0861_/Y (sky130_fd_sc_hd__a211oi_1)
   0.16   33.44 v dot_0/fp4_dot_0/add6/_0865_/Y (sky130_fd_sc_hd__nand2_1)
   0.24   33.68 v dot_0/fp4_dot_0/add6/_1381_/COUT (sky130_fd_sc_hd__ha_1)
   0.35   34.03 ^ dot_0/fp4_dot_0/add6/_1251_/Y (sky130_fd_sc_hd__nor3_1)
   0.15   34.18 v dot_0/fp4_dot_0/add6/_1253_/Y (sky130_fd_sc_hd__o31ai_1)
   0.34   34.52 ^ dot_0/fp4_dot_0/add6/_1254_/Y (sky130_fd_sc_hd__a2111oi_2)
   0.18   34.70 ^ dot_0/fp4_dot_0/add6/place23813/X (sky130_fd_sc_hd__buf_4)
   0.24   34.93 ^ dot_0/fp4_dot_0/add6/_1255_/Y (sky130_fd_sc_hd__mux2i_1)
   0.16   35.09 ^ dot_0/fp4_dot_0/add6/_1258_/Y (sky130_fd_sc_hd__nand2b_1)
   0.16   35.25 ^ dot_0/fp4_dot_0/add6/_1259_/X (sky130_fd_sc_hd__a221o_1)
   0.08   35.34 v dot_0/fp4_dot_0/add6/_1272_/Y (sky130_fd_sc_hd__a31oi_1)
   0.27   35.61 ^ dot_0/fp4_dot_0/add6/_1273_/Y (sky130_fd_sc_hd__a31oi_1)
   0.17   35.77 v dot_0/fp4_dot_0/add6/_1275_/Y (sky130_fd_sc_hd__o21ai_1)
   0.17   35.95 v dot_0/fp4_dot_0/add6/_1276_/Y (sky130_fd_sc_hd__xnor2_1)
   0.52   36.46 v dot_0/fp4_dot_0/add6/_1355_/COUT (sky130_fd_sc_hd__fa_1)
   0.49   36.96 v dot_0/fp4_dot_0/add6/_1354_/COUT (sky130_fd_sc_hd__fa_1)
   0.17   37.12 v dot_0/fp4_dot_0/add6/place23777/X (sky130_fd_sc_hd__buf_4)
   0.24   37.37 ^ dot_0/fp4_dot_0/add6/_0745_/Y (sky130_fd_sc_hd__a211oi_4)
   0.13   37.50 v dot_0/fp4_dot_0/add6/_0796_/Y (sky130_fd_sc_hd__nor3_2)
   0.39   37.89 v dot_0/fp4_dot_0/add6/_0801_/X (sky130_fd_sc_hd__or3_4)
   0.23   38.12 v dot_0/fp4_dot_0/add6/_0802_/X (sky130_fd_sc_hd__and2_1)
   0.20   38.32 v dot_0/fp4_dot_0/add6/_0804_/X (sky130_fd_sc_hd__a31o_1)
   0.23   38.55 v dot_0/fp4_dot_0/add6/_0805_/X (sky130_fd_sc_hd__a21o_1)
   0.25   38.81 v dot_0/fp4_dot_0/add6/_1379_/COUT (sky130_fd_sc_hd__ha_1)
   0.10   38.90 ^ dot_0/fp4_dot_0/add6/_0869_/Y (sky130_fd_sc_hd__inv_1)
   0.42   39.32 v dot_0/fp4_dot_0/add6/_1356_/SUM (sky130_fd_sc_hd__fa_1)
   0.17   39.49 ^ dot_0/fp4_dot_0/add6/_0884_/Y (sky130_fd_sc_hd__nor2b_1)
   0.23   39.72 ^ dot_0/fp4_dot_0/add6/_0886_/X (sky130_fd_sc_hd__o2111a_1)
   0.24   39.96 ^ dot_0/fp4_dot_0/add6/_0892_/X (sky130_fd_sc_hd__a31o_1)
   0.26   40.22 ^ dot_0/fp4_dot_0/add6/_0918_/X (sky130_fd_sc_hd__a21o_1)
   0.16   40.38 ^ dot_0/fp4_dot_0/add6/place23666/X (sky130_fd_sc_hd__buf_4)
   0.03   40.41 v dot_0/fp4_dot_0/add6/_1113_/Y (sky130_fd_sc_hd__a21oi_1)
   0.48   40.90 ^ dot_0/fp4_dot_0/add6/_1114_/Y (sky130_fd_sc_hd__o311ai_0)
   0.17   41.07 v dot_0/fp4_dot_0/add6/_1116_/Y (sky130_fd_sc_hd__o311ai_1)
   0.61   41.68 ^ dot_0/fp4_dot_0/add6/_1121_/Y (sky130_fd_sc_hd__a211oi_1)
   0.23   41.91 ^ dot_0/fp4_dot_0/add6/place23630/X (sky130_fd_sc_hd__buf_4)
   0.06   41.96 v dot_0/fp4_dot_0/add6/_1149_/Y (sky130_fd_sc_hd__nor3_1)
   0.26   42.23 v dot_0/fp4_dot_0/add6/_1387_/COUT (sky130_fd_sc_hd__ha_1)
   0.20   42.43 v dot_0/fp4_dot_0/add6/_0914_/X (sky130_fd_sc_hd__and4_1)
   0.25   42.68 ^ dot_0/fp4_dot_0/add6/_1056_/Y (sky130_fd_sc_hd__nor3b_1)
   0.22   42.90 v dot_0/fp4_dot_0/add6/_1057_/Y (sky130_fd_sc_hd__nand4_2)
   0.21   43.10 ^ dot_0/fp4_dot_0/add6/_1069_/Y (sky130_fd_sc_hd__nand4_4)
   0.44   43.54 v dot_0/fp4_dot_0/add6/_1085_/Y (sky130_fd_sc_hd__nand3_2)
   0.38   43.92 v dot_0/fifo_timer_r/place23619/X (sky130_fd_sc_hd__buf_12)
   0.02   43.94 v dot_0/fifo_timer_r/mem[11][5]$_DFFE_PP_/D (sky130_fd_sc_hd__edfxtp_1)
          43.94   data arrival time

  12.50   12.50   clock clk_s5 (rise edge)
   0.00   12.50   clock network delay (ideal)
  -0.25   12.25   clock uncertainty
   0.00   12.25   clock reconvergence pessimism
          12.25 ^ dot_0/fifo_timer_r/mem[11][5]$_DFFE_PP_/CLK (sky130_fd_sc_hd__edfxtp_1)
  -0.23   12.02   library setup time
          12.02   data required time
---------------------------------------------------------
          12.02   data required time
         -43.94   data arrival time
---------------------------------------------------------
         -31.92   slack (VIOLATED)


Startpoint: dot_clk_div/clk_div[0]$_SDFF_PP0_/Q
            (clock source 'dot_clk_div_clk_div2')
Endpoint: dot_clk_div/clk_div[1]$_SDFF_PP0_
          (rising edge-triggered flip-flop clocked by clk_s5_gate)
Path Group: clk_s5_gate
Path Type: max

  Delay    Time   Description
---------------------------------------------------------
  12.50   12.50   clock dot_clk_div_clk_div2 (fall edge)
   0.00   12.50 v dot_clk_div/clk_div[0]$_SDFF_PP0_/Q (sky130_fd_sc_hd__dfxtp_1)
   0.27   12.77 v dot_clk_div/_11_/SUM (sky130_fd_sc_hd__ha_1)
   0.12   12.89 v dot_clk_div/_06_/Y (sky130_fd_sc_hd__nor2b_1)
   0.00   12.89 v dot_clk_div/clk_div[1]$_SDFF_PP0_/D (sky130_fd_sc_hd__dfxtp_1)
          12.89   data arrival time

  25.00   25.00   clock clk_s5_gate (rise edge)
   0.00   25.00   clock network delay (ideal)
  -0.25   24.75   clock uncertainty
   0.00   24.75   clock reconvergence pessimism
          24.75 ^ dot_clk_div/clk_div[1]$_SDFF_PP0_/CLK (sky130_fd_sc_hd__dfxtp_1)
  -0.09   24.66   library setup time
          24.66   data required time
---------------------------------------------------------
          24.66   data required time
         -12.89   data arrival time
---------------------------------------------------------
          11.77   slack (MET)


Startpoint: processor_0/pipeline_ex_mem/alu_out_out[23]$_SDFFE_PP0N_
            (rising edge-triggered flip-flop clocked by clk1)
Endpoint: main_memory_0/mem[31][7]$_DFFE_PP_
          (rising edge-triggered flip-flop clocked by clk_s8)
Path Group: clk_s8
Path Type: max

  Delay    Time   Description
---------------------------------------------------------
   0.00    0.00   clock clk1 (rise edge)
   0.00    0.00   clock network delay (ideal)
   0.00    0.00 ^ processor_0/pipeline_ex_mem/alu_out_out[23]$_SDFFE_PP0N_/CLK (sky130_fd_sc_hd__dfxtp_1)
   0.35    0.35 v processor_0/pipeline_ex_mem/alu_out_out[23]$_SDFFE_PP0N_/Q (sky130_fd_sc_hd__dfxtp_1)
   0.43    0.78 ^ _1526_/Y (sky130_fd_sc_hd__nor4b_2)
   0.54    1.32 v _1530_/Y (sky130_fd_sc_hd__nand4_2)
   0.38    1.70 v place32756/X (sky130_fd_sc_hd__buf_12)
   0.25    1.95 v place32754/X (sky130_fd_sc_hd__buf_4)
   0.63    2.58 ^ _1760_/Y (sky130_fd_sc_hd__o21ai_0)
   0.34    2.92 v _1761_/Y (sky130_fd_sc_hd__nand2_1)
   0.31    3.23 v interconnect_0/_0854_/X (sky130_fd_sc_hd__and4_1)
   0.20    3.43 ^ interconnect_0/_0861_/Y (sky130_fd_sc_hd__nand4_1)
   0.11    3.54 v interconnect_0/_0870_/Y (sky130_fd_sc_hd__a211oi_2)
   0.20    3.74 v interconnect_0/place30376/X (sky130_fd_sc_hd__buf_4)
   0.22    3.96 v interconnect_0/_0909_/X (sky130_fd_sc_hd__o21a_1)
   0.36    4.32 ^ interconnect_0/_0913_/Y (sky130_fd_sc_hd__nor3_1)
   0.66    4.98 ^ interconnect_0/_2502_/X (sky130_fd_sc_hd__a22o_1)
   0.16    5.14 v memory_axi_0/_1165_/Y (sky130_fd_sc_hd__a21oi_1)
   0.16    5.30 ^ memory_axi_0/_1166_/Y (sky130_fd_sc_hd__nor2_1)
   0.20    5.50 ^ _3139_/X (sky130_fd_sc_hd__and2_1)
   0.31    5.81 ^ main_memory_0/place29068/X (sky130_fd_sc_hd__buf_4)
   0.41    6.22 v main_memory_0/_4402_/Y (sky130_fd_sc_hd__nand3_1)
   0.27    6.49 v main_memory_0/place28614/X (sky130_fd_sc_hd__buf_4)
   0.15    6.64 v main_memory_0/place28613/X (sky130_fd_sc_hd__buf_4)
   0.88    7.53 ^ main_memory_0/_4423_/Y (sky130_fd_sc_hd__nor2_1)
   0.49    8.02 ^ main_memory_0/place27910/X (sky130_fd_sc_hd__buf_4)
   0.34    8.36 ^ main_memory_0/place27909/X (sky130_fd_sc_hd__buf_4)
   0.00    8.36 ^ main_memory_0/mem[31][7]$_DFFE_PP_/DE (sky130_fd_sc_hd__edfxtp_1)
           8.36   data arrival time

  10.00   10.00   clock clk_s8 (rise edge)
   0.00   10.00   clock network delay (ideal)
  -0.25    9.75   clock uncertainty
   0.00    9.75   clock reconvergence pessimism
           9.75 ^ main_memory_0/mem[31][7]$_DFFE_PP_/CLK (sky130_fd_sc_hd__edfxtp_1)
  -0.28    9.47   library setup time
           9.47   data required time
---------------------------------------------------------
           9.47   data required time
          -8.36   data arrival time
---------------------------------------------------------
           1.10   slack (MET)



==========================================================================
resizer report_checks -path_delay min reg to reg
--------------------------------------------------------------------------
Startpoint: clkcfg_done$_SDFF_PP0_
            (rising edge-triggered flip-flop clocked by clk1)
Endpoint: clkcfg_done$_SDFF_PP0_
          (rising edge-triggered flip-flop clocked by clk1)
Path Group: clk1
Path Type: min

  Delay    Time   Description
---------------------------------------------------------
   0.00    0.00   clock clk1 (rise edge)
   0.00    0.00   clock network delay (ideal)
   0.00    0.00 ^ clkcfg_done$_SDFF_PP0_/CLK (sky130_fd_sc_hd__dfxtp_1)
   0.36    0.36 ^ clkcfg_done$_SDFF_PP0_/Q (sky130_fd_sc_hd__dfxtp_1)
   0.05    0.41 v _3159_/Y (sky130_fd_sc_hd__nor3_1)
   0.00    0.41 v clkcfg_done$_SDFF_PP0_/D (sky130_fd_sc_hd__dfxtp_1)
           0.41   data arrival time

   0.00    0.00   clock clk1 (rise edge)
   0.00    0.00   clock network delay (ideal)
   0.10    0.10   clock uncertainty
   0.00    0.10   clock reconvergence pessimism
           0.10 ^ clkcfg_done$_SDFF_PP0_/CLK (sky130_fd_sc_hd__dfxtp_1)
  -0.02    0.08   library hold time
           0.08   data required time
---------------------------------------------------------
           0.08   data required time
          -0.41   data arrival time
---------------------------------------------------------
           0.33   slack (MET)


Startpoint: timer_0/fifo_timer_w/synchronizers_1_clk_2[1]$_SDFF_PP0_
            (rising edge-triggered flip-flop clocked by clk_s1)
Endpoint: timer_0/fifo_timer_w/synchronizers_2_clk_2[1]$_SDFF_PP0_
          (rising edge-triggered flip-flop clocked by clk_s1)
Path Group: clk_s1
Path Type: min

  Delay    Time   Description
---------------------------------------------------------
   0.00    0.00   clock clk_s1 (rise edge)
   0.00    0.00   clock network delay (ideal)
   0.00    0.00 ^ timer_0/fifo_timer_w/synchronizers_1_clk_2[1]$_SDFF_PP0_/CLK (sky130_fd_sc_hd__dfxtp_1)
   0.33    0.33 ^ timer_0/fifo_timer_w/synchronizers_1_clk_2[1]$_SDFF_PP0_/Q (sky130_fd_sc_hd__dfxtp_1)
   0.10    0.43 ^ timer_0/fifo_timer_w/_805_/Y (sky130_fd_sc_hd__nor2b_1)
   0.00    0.43 ^ timer_0/fifo_timer_w/synchronizers_2_clk_2[1]$_SDFF_PP0_/D (sky130_fd_sc_hd__dfxtp_1)
           0.43   data arrival time

   0.00    0.00   clock clk_s1 (rise edge)
   0.00    0.00   clock network delay (ideal)
   0.10    0.10   clock uncertainty
   0.00    0.10   clock reconvergence pessimism
           0.10 ^ timer_0/fifo_timer_w/synchronizers_2_clk_2[1]$_SDFF_PP0_/CLK (sky130_fd_sc_hd__dfxtp_1)
  -0.02    0.08   library hold time
           0.08   data required time
---------------------------------------------------------
           0.08   data required time
          -0.43   data arrival time
---------------------------------------------------------
           0.35   slack (MET)


Startpoint: timer_clk_div/clk_div[0]$_SDFF_PP0_/Q
            (clock source 'timer_clk_div_clk_div2')
Endpoint: timer_clk_div/clk_div[0]$_SDFF_PP0_
          (rising edge-triggered flip-flop clocked by clk_s1_gate)
Path Group: clk_s1_gate
Path Type: min

  Delay    Time   Description
---------------------------------------------------------
   0.00    0.00   clock timer_clk_div_clk_div2 (rise edge)
   0.00    0.00 ^ timer_clk_div/clk_div[0]$_SDFF_PP0_/Q (sky130_fd_sc_hd__dfxtp_1)
   0.04    0.04 v timer_clk_div/_07_/Y (sky130_fd_sc_hd__nor2_1)
   0.00    0.04 v timer_clk_div/clk_div[0]$_SDFF_PP0_/D (sky130_fd_sc_hd__dfxtp_1)
           0.04   data arrival time

   0.00    0.00   clock clk_s1_gate (rise edge)
   0.00    0.00   clock network delay (ideal)
   0.10    0.10   clock uncertainty
   0.00    0.10   clock reconvergence pessimism
           0.10 ^ timer_clk_div/clk_div[0]$_SDFF_PP0_/CLK (sky130_fd_sc_hd__dfxtp_1)
  -0.02    0.08   library hold time
           0.08   data required time
---------------------------------------------------------
           0.08   data required time
          -0.04   data arrival time
---------------------------------------------------------
          -0.04   slack (VIOLATED)


Startpoint: gpio_0/gpio_0/int_clr_reg_gpio[14]$_SDFFE_PP0P_
            (rising edge-triggered flip-flop clocked by clk_s2)
Endpoint: gpio_0/gpio_0/int_status_reg_gpio[14]$_SDFF_PP0_
          (rising edge-triggered flip-flop clocked by clk_s2)
Path Group: clk_s2
Path Type: min

  Delay    Time   Description
---------------------------------------------------------
   0.00    0.00   clock clk_s2 (rise edge)
   0.00    0.00   clock network delay (ideal)
   0.00    0.00 ^ gpio_0/gpio_0/int_clr_reg_gpio[14]$_SDFFE_PP0P_/CLK (sky130_fd_sc_hd__dfxtp_1)
   0.37    0.37 ^ gpio_0/gpio_0/int_clr_reg_gpio[14]$_SDFFE_PP0P_/Q (sky130_fd_sc_hd__dfxtp_1)
   0.05    0.42 v gpio_0/gpio_0/_3113_/Y (sky130_fd_sc_hd__a211oi_1)
   0.00    0.42 v gpio_0/gpio_0/int_status_reg_gpio[14]$_SDFF_PP0_/D (sky130_fd_sc_hd__dfxtp_1)
           0.42   data arrival time

   0.00    0.00   clock clk_s2 (rise edge)
   0.00    0.00   clock network delay (ideal)
   0.10    0.10   clock uncertainty
   0.00    0.10   clock reconvergence pessimism
           0.10 ^ gpio_0/gpio_0/int_status_reg_gpio[14]$_SDFF_PP0_/CLK (sky130_fd_sc_hd__dfxtp_1)
  -0.03    0.07   library hold time
           0.07   data required time
---------------------------------------------------------
           0.07   data required time
          -0.42   data arrival time
---------------------------------------------------------
           0.34   slack (MET)


Startpoint: gpio_clk_div/clk_div[0]$_SDFF_PP0_/Q
            (clock source 'gpio_clk_div_clk_div2')
Endpoint: gpio_clk_div/clk_div[0]$_SDFF_PP0_
          (rising edge-triggered flip-flop clocked by clk_s2_gate)
Path Group: clk_s2_gate
Path Type: min

  Delay    Time   Description
---------------------------------------------------------
   0.00    0.00   clock gpio_clk_div_clk_div2 (rise edge)
   0.00    0.00 ^ gpio_clk_div/clk_div[0]$_SDFF_PP0_/Q (sky130_fd_sc_hd__dfxtp_1)
   0.04    0.04 v gpio_clk_div/_07_/Y (sky130_fd_sc_hd__nor2_1)
   0.00    0.04 v gpio_clk_div/clk_div[0]$_SDFF_PP0_/D (sky130_fd_sc_hd__dfxtp_1)
           0.04   data arrival time

   0.00    0.00   clock clk_s2_gate (rise edge)
   0.00    0.00   clock network delay (ideal)
   0.10    0.10   clock uncertainty
   0.00    0.10   clock reconvergence pessimism
           0.10 ^ gpio_clk_div/clk_div[0]$_SDFF_PP0_/CLK (sky130_fd_sc_hd__dfxtp_1)
  -0.02    0.08   library hold time
           0.08   data required time
---------------------------------------------------------
           0.08   data required time
          -0.04   data arrival time
---------------------------------------------------------
          -0.04   slack (VIOLATED)


Startpoint: dma_config_0/dma_0/control_dma[20]$_SDFFE_PP0P_
            (rising edge-triggered flip-flop clocked by clk_s3)
Endpoint: dma_config_0/dma_0/control_dma[20]$_SDFFE_PP0P_
          (rising edge-triggered flip-flop clocked by clk_s3)
Path Group: clk_s3
Path Type: min

  Delay    Time   Description
---------------------------------------------------------
   0.00    0.00   clock clk_s3 (rise edge)
   0.00    0.00   clock network delay (ideal)
   0.00    0.00 ^ dma_config_0/dma_0/control_dma[20]$_SDFFE_PP0P_/CLK (sky130_fd_sc_hd__dfxtp_1)
   0.34    0.34 v dma_config_0/dma_0/control_dma[20]$_SDFFE_PP0P_/Q (sky130_fd_sc_hd__dfxtp_1)
   0.05    0.39 ^ dma_config_0/dma_0/_2116_/Y (sky130_fd_sc_hd__nand2_1)
   0.05    0.44 v dma_config_0/dma_0/_2118_/Y (sky130_fd_sc_hd__a21oi_1)
   0.00    0.44 v dma_config_0/dma_0/control_dma[20]$_SDFFE_PP0P_/D (sky130_fd_sc_hd__dfxtp_1)
           0.44   data arrival time

   0.00    0.00   clock clk_s3 (rise edge)
   0.00    0.00   clock network delay (ideal)
   0.10    0.10   clock uncertainty
   0.00    0.10   clock reconvergence pessimism
           0.10 ^ dma_config_0/dma_0/control_dma[20]$_SDFFE_PP0P_/CLK (sky130_fd_sc_hd__dfxtp_1)
  -0.02    0.08   library hold time
           0.08   data required time
---------------------------------------------------------
           0.08   data required time
          -0.44   data arrival time
---------------------------------------------------------
           0.36   slack (MET)


Startpoint: uart_0/uart_0/rx_sync[0]$_SDFF_PP1_
            (rising edge-triggered flip-flop clocked by clk_s4)
Endpoint: uart_0/uart_0/rx_sync[1]$_SDFF_PP1_
          (rising edge-triggered flip-flop clocked by clk_s4)
Path Group: clk_s4
Path Type: min

  Delay    Time   Description
---------------------------------------------------------
   0.00    0.00   clock clk_s4 (rise edge)
   0.00    0.00   clock network delay (ideal)
   0.00    0.00 ^ uart_0/uart_0/rx_sync[0]$_SDFF_PP1_/CLK (sky130_fd_sc_hd__dfxtp_1)
   0.33    0.33 ^ uart_0/uart_0/rx_sync[0]$_SDFF_PP1_/Q (sky130_fd_sc_hd__dfxtp_1)
   0.09    0.42 ^ uart_0/uart_0/_1320_/X (sky130_fd_sc_hd__or2_2)
   0.00    0.42 ^ uart_0/uart_0/rx_sync[1]$_SDFF_PP1_/D (sky130_fd_sc_hd__dfxtp_1)
           0.42   data arrival time

   0.00    0.00   clock clk_s4 (rise edge)
   0.00    0.00   clock network delay (ideal)
   0.10    0.10   clock uncertainty
   0.00    0.10   clock reconvergence pessimism
           0.10 ^ uart_0/uart_0/rx_sync[1]$_SDFF_PP1_/CLK (sky130_fd_sc_hd__dfxtp_1)
  -0.01    0.09   library hold time
           0.09   data required time
---------------------------------------------------------
           0.09   data required time
          -0.42   data arrival time
---------------------------------------------------------
           0.33   slack (MET)


Startpoint: uart_clk_div/clk_div[0]$_SDFF_PP0_/Q
            (clock source 'uart_clk_div_clk_div2')
Endpoint: uart_clk_div/clk_div[0]$_SDFF_PP0_
          (rising edge-triggered flip-flop clocked by clk_s4_gate)
Path Group: clk_s4_gate
Path Type: min

  Delay    Time   Description
---------------------------------------------------------
   0.00    0.00   clock uart_clk_div_clk_div2 (rise edge)
   0.00    0.00 ^ uart_clk_div/clk_div[0]$_SDFF_PP0_/Q (sky130_fd_sc_hd__dfxtp_1)
   0.04    0.04 v uart_clk_div/_07_/Y (sky130_fd_sc_hd__nor2_1)
   0.00    0.04 v uart_clk_div/clk_div[0]$_SDFF_PP0_/D (sky130_fd_sc_hd__dfxtp_1)
           0.04   data arrival time

   0.00    0.00   clock clk_s4_gate (rise edge)
   0.00    0.00   clock network delay (ideal)
   0.10    0.10   clock uncertainty
   0.00    0.10   clock reconvergence pessimism
           0.10 ^ uart_clk_div/clk_div[0]$_SDFF_PP0_/CLK (sky130_fd_sc_hd__dfxtp_1)
  -0.02    0.08   library hold time
           0.08   data required time
---------------------------------------------------------
           0.08   data required time
          -0.04   data arrival time
---------------------------------------------------------
          -0.04   slack (VIOLATED)


Startpoint: dot_0/fifo_timer_w2/synchronizers_1_clk_2[1]$_SDFF_PP0_
            (rising edge-triggered flip-flop clocked by clk_s5)
Endpoint: dot_0/fifo_timer_w2/synchronizers_2_clk_2[1]$_SDFF_PP0_
          (rising edge-triggered flip-flop clocked by clk_s5)
Path Group: clk_s5
Path Type: min

  Delay    Time   Description
---------------------------------------------------------
   0.00    0.00   clock clk_s5 (rise edge)
   0.00    0.00   clock network delay (ideal)
   0.00    0.00 ^ dot_0/fifo_timer_w2/synchronizers_1_clk_2[1]$_SDFF_PP0_/CLK (sky130_fd_sc_hd__dfxtp_1)
   0.32    0.32 v dot_0/fifo_timer_w2/synchronizers_1_clk_2[1]$_SDFF_PP0_/Q (sky130_fd_sc_hd__dfxtp_1)
   0.11    0.43 v dot_0/fifo_timer_w2/_675_/Y (sky130_fd_sc_hd__nor2b_1)
   0.00    0.43 v dot_0/fifo_timer_w2/synchronizers_2_clk_2[1]$_SDFF_PP0_/D (sky130_fd_sc_hd__dfxtp_1)
           0.43   data arrival time

   0.00    0.00   clock clk_s5 (rise edge)
   0.00    0.00   clock network delay (ideal)
   0.10    0.10   clock uncertainty
   0.00    0.10   clock reconvergence pessimism
           0.10 ^ dot_0/fifo_timer_w2/synchronizers_2_clk_2[1]$_SDFF_PP0_/CLK (sky130_fd_sc_hd__dfxtp_1)
  -0.02    0.08   library hold time
           0.08   data required time
---------------------------------------------------------
           0.08   data required time
          -0.43   data arrival time
---------------------------------------------------------
           0.36   slack (MET)


Startpoint: dot_clk_div/clk_div[0]$_SDFF_PP0_/Q
            (clock source 'dot_clk_div_clk_div2')
Endpoint: dot_clk_div/clk_div[0]$_SDFF_PP0_
          (rising edge-triggered flip-flop clocked by clk_s5_gate)
Path Group: clk_s5_gate
Path Type: min

  Delay    Time   Description
---------------------------------------------------------
   0.00    0.00   clock dot_clk_div_clk_div2 (rise edge)
   0.00    0.00 ^ dot_clk_div/clk_div[0]$_SDFF_PP0_/Q (sky130_fd_sc_hd__dfxtp_1)
   0.04    0.04 v dot_clk_div/_07_/Y (sky130_fd_sc_hd__nor2_1)
   0.00    0.04 v dot_clk_div/clk_div[0]$_SDFF_PP0_/D (sky130_fd_sc_hd__dfxtp_1)
           0.04   data arrival time

   0.00    0.00   clock clk_s5_gate (rise edge)
   0.00    0.00   clock network delay (ideal)
   0.10    0.10   clock uncertainty
   0.00    0.10   clock reconvergence pessimism
           0.10 ^ dot_clk_div/clk_div[0]$_SDFF_PP0_/CLK (sky130_fd_sc_hd__dfxtp_1)
  -0.02    0.08   library hold time
           0.08   data required time
---------------------------------------------------------
           0.08   data required time
          -0.04   data arrival time
---------------------------------------------------------
          -0.04   slack (VIOLATED)


Startpoint: memory_axi_0/count_len[7]$_SDFF_PP0_
            (rising edge-triggered flip-flop clocked by clk_s8)
Endpoint: memory_axi_0/count_len[7]$_SDFF_PP0_
          (rising edge-triggered flip-flop clocked by clk_s8)
Path Group: clk_s8
Path Type: min

  Delay    Time   Description
---------------------------------------------------------
   0.00    0.00   clock clk_s8 (rise edge)
   0.00    0.00   clock network delay (ideal)
   0.00    0.00 ^ memory_axi_0/count_len[7]$_SDFF_PP0_/CLK (sky130_fd_sc_hd__dfxtp_1)
   0.40    0.40 ^ memory_axi_0/count_len[7]$_SDFF_PP0_/Q (sky130_fd_sc_hd__dfxtp_1)
   0.07    0.48 v memory_axi_0/_1158_/Y (sky130_fd_sc_hd__a21oi_1)
   0.00    0.48 v memory_axi_0/count_len[7]$_SDFF_PP0_/D (sky130_fd_sc_hd__dfxtp_1)
           0.48   data arrival time

   0.00    0.00   clock clk_s8 (rise edge)
   0.00    0.00   clock network delay (ideal)
   0.10    0.10   clock uncertainty
   0.00    0.10   clock reconvergence pessimism
           0.10 ^ memory_axi_0/count_len[7]$_SDFF_PP0_/CLK (sky130_fd_sc_hd__dfxtp_1)
  -0.03    0.07   library hold time
           0.07   data required time
---------------------------------------------------------
           0.07   data required time
          -0.48   data arrival time
---------------------------------------------------------
           0.40   slack (MET)



==========================================================================
resizer critical path target clock latency max path
--------------------------------------------------------------------------
0

==========================================================================
resizer critical path target clock latency min path
--------------------------------------------------------------------------
0

==========================================================================
resizer critical path source clock latency min path
--------------------------------------------------------------------------
0

==========================================================================
resizer critical path delay
--------------------------------------------------------------------------
43.9361

==========================================================================
resizer critical path slack
--------------------------------------------------------------------------
-31.9193

==========================================================================
resizer slack div critical path delay
--------------------------------------------------------------------------
-72.649370

==========================================================================
resizer report_power
--------------------------------------------------------------------------
Group                  Internal  Switching    Leakage      Total
                          Power      Power      Power      Power (Watts)
----------------------------------------------------------------
Sequential             1.45e-01   6.33e-04   2.92e-07   1.45e-01  96.1%
Combinational          9.31e-04   2.54e-03   2.16e-07   3.47e-03   2.3%
Clock                  3.60e-05   2.38e-03   1.97e-10   2.42e-03   1.6%
Macro                  0.00e+00   0.00e+00   0.00e+00   0.00e+00   0.0%
Pad                    0.00e+00   0.00e+00   0.00e+00   0.00e+00   0.0%
----------------------------------------------------------------
Total                  1.46e-01   5.56e-03   5.09e-07   1.51e-01 100.0%
                          96.3%       3.7%       0.0%
