
==========================================================================
global route report_tns
--------------------------------------------------------------------------
tns max -3893.42

==========================================================================
global route report_wns
--------------------------------------------------------------------------
wns max -25.78

==========================================================================
global route report_worst_slack
--------------------------------------------------------------------------
worst slack max -25.78

==========================================================================
global route report_clock_min_period
--------------------------------------------------------------------------
clk1 period_min = 11.09 fmax = 90.20
clk2 period_min = 0.00 fmax = inf
clk3 period_min = 0.00 fmax = inf
clk4 period_min = 0.00 fmax = inf
clk5 period_min = 0.00 fmax = inf
clk_s1 period_min = 6.75 fmax = 148.09
clk_s1_gate period_min = 0.00 fmax = inf
clk_s2 period_min = 9.26 fmax = 108.05
clk_s2_gate period_min = 0.00 fmax = inf
clk_s3 period_min = 8.69 fmax = 115.07
clk_s4 period_min = 7.51 fmax = 133.10
clk_s4_gate period_min = 0.00 fmax = inf
clk_s5 period_min = 38.28 fmax = 26.12
clk_s5_gate period_min = 0.00 fmax = inf
clk_s8 period_min = 6.47 fmax = 154.57
dot_clk_div_clk_div2 period_min = 0.00 fmax = inf
dot_clk_div_clk_div4 period_min = 0.00 fmax = inf
dot_clk_div_clk_div8 period_min = 0.00 fmax = inf
gpio_clk_div_clk_div2 period_min = 0.00 fmax = inf
gpio_clk_div_clk_div4 period_min = 0.00 fmax = inf
gpio_clk_div_clk_div8 period_min = 0.00 fmax = inf
timer_clk_div_clk_div2 period_min = 0.00 fmax = inf
timer_clk_div_clk_div4 period_min = 0.00 fmax = inf
timer_clk_div_clk_div8 period_min = 0.00 fmax = inf
uart_clk_div_clk_div2 period_min = 0.00 fmax = inf
uart_clk_div_clk_div4 period_min = 0.00 fmax = inf
uart_clk_div_clk_div8 period_min = 0.00 fmax = inf

==========================================================================
global route report_clock_skew
--------------------------------------------------------------------------
Clock clk1
   3.41 source latency d_cache_0/data_in_tag_mem_buf[6]$_SDFFE_PP0P_/CLK ^
  -3.14 target latency d_cache_0/tag_mem_0/data_out[72]$_SDFFE_PP0P_/CLK ^
   0.25 clock uncertainty
   0.00 CRPR
--------------
   0.52 setup skew

Clock clk2
No launch/capture paths found.

Clock clk3
No launch/capture paths found.

Clock clk4
No launch/capture paths found.

Clock clk5
No launch/capture paths found.

Clock clk_s1
   4.94 source latency timer_0/fifo_timer_r/synchronizers_2_clk_1[1]$_SDFF_PP0_/CLK ^
  -3.74 target latency timer_0/fifo_timer_r/mem[2][24]$_DFFE_PP_/CLK ^
   0.25 clock uncertainty
  -1.18 CRPR
--------------
   0.28 setup skew

Clock clk_s1_gate
   3.05 source latency timer_clk_div/clk_div[1]$_SDFF_PP0_/CLK ^
  -3.04 target latency timer_clk_div/clk_div[2]$_SDFF_PP0_/CLK ^
   0.25 clock uncertainty
  -0.00 CRPR
--------------
   0.26 setup skew

Clock clk_s2
   4.16 source latency gpio_0/gpio_0/direction_reg[12]$_SDFF_PP0_/CLK ^
  -3.08 target latency gpio_0/gpio_0/synch_reg1[12]$_SDFF_PP0_/CLK ^
   0.25 clock uncertainty
  -1.02 CRPR
--------------
   0.32 setup skew

Clock clk_s2_gate
   2.26 source latency gpio_clk_div/clk_div[1]$_SDFF_PP0_/CLK ^
  -2.26 target latency gpio_clk_div/clk_div[2]$_SDFF_PP0_/CLK ^
   0.25 clock uncertainty
  -0.00 CRPR
--------------
   0.25 setup skew

Clock clk_s3
   5.38 source latency dma_config_0/dma_0/size_dma[15]$_SDFFE_PP0P_/CLK ^
  -2.55 target latency dma_config_0/dma_0/buffer_dma[15]$_SDFFE_PP0P_/CLK ^
   0.25 clock uncertainty
  -2.74 CRPR
--------------
   0.35 setup skew

Clock clk_s4
   4.68 source latency uart_0/fifo_uart_w/synchronizers_2_clk_2[1]$_SDFF_PP0_/CLK ^
  -3.54 target latency uart_0/fifo_uart_r/mem[8][17]$_DFFE_PP_/CLK ^
   0.25 clock uncertainty
  -1.11 CRPR
--------------
   0.28 setup skew

Clock clk_s4_gate
   2.84 source latency uart_clk_div/clk_div[1]$_SDFF_PP0_/CLK ^
  -2.83 target latency uart_clk_div/clk_div[2]$_SDFF_PP0_/CLK ^
   0.25 clock uncertainty
  -0.00 CRPR
--------------
   0.27 setup skew

Clock clk_s5
   4.35 source latency dot_0/fifo_timer_w2/counter_2[1]$_SDFFE_PP0P_/CLK ^
  -3.30 target latency dot_0/fifo_timer_r/mem[1][3]$_DFFE_PP_/CLK ^
   0.25 clock uncertainty
  -0.98 CRPR
--------------
   0.31 setup skew

Clock clk_s5_gate
   2.41 source latency dot_clk_div/clk_div[0]$_SDFF_PP0_/CLK ^
  -2.40 target latency dot_clk_div/clk_div[1]$_SDFF_PP0_/CLK ^
   0.25 clock uncertainty
  -0.00 CRPR
--------------
   0.25 setup skew

Clock clk_s8
   5.95 source latency main_memory_0/mem[16][27]$_DFFE_PP_/CLK ^
  -2.76 target latency main_memory_0/rdata[27]$_DFF_P_/CLK ^
   0.25 clock uncertainty
  -3.02 CRPR
--------------
   0.43 setup skew

Clock dot_clk_div_clk_div2
No launch/capture paths found.

Clock dot_clk_div_clk_div4
No launch/capture paths found.

Clock dot_clk_div_clk_div8
No launch/capture paths found.

Clock gpio_clk_div_clk_div2
No launch/capture paths found.

Clock gpio_clk_div_clk_div4
No launch/capture paths found.

Clock gpio_clk_div_clk_div8
No launch/capture paths found.

Clock timer_clk_div_clk_div2
No launch/capture paths found.

Clock timer_clk_div_clk_div4
No launch/capture paths found.

Clock timer_clk_div_clk_div8
No launch/capture paths found.

Clock uart_clk_div_clk_div2
No launch/capture paths found.

Clock uart_clk_div_clk_div4
No launch/capture paths found.

Clock uart_clk_div_clk_div8
No launch/capture paths found.


==========================================================================
global route report_checks -path_delay min
--------------------------------------------------------------------------
Startpoint: dma_config_0/m2_aw_addr[5]$_SDFFE_PP0P_
            (rising edge-triggered flip-flop clocked by clk_s3)
Endpoint: gpio_0/addr_r_w[5]$_SDFFE_PP0P_
          (rising edge-triggered flip-flop clocked by clk1)
Path Group: clk1
Path Type: min

Fanout     Cap    Slew   Delay    Time   Description
-----------------------------------------------------------------------------
                          0.00    0.00   clock clk_s3 (rise edge)
                          0.00    0.00   clock source latency
     4    0.36    1.61    1.13    1.13 ^ clk1 (in)
                                         clk1 (net)
                  1.62    0.00    1.13 ^ clkbuf_0_clk1/A (sky130_fd_sc_hd__clkbuf_16)
     2    0.04    0.10    0.37    1.50 ^ clkbuf_0_clk1/X (sky130_fd_sc_hd__clkbuf_16)
                                         clknet_0_clk1 (net)
                  0.10    0.00    1.50 ^ clkbuf_1_1__f_clk1/A (sky130_fd_sc_hd__clkbuf_16)
     1    0.01    0.04    0.14    1.64 ^ clkbuf_1_1__f_clk1/X (sky130_fd_sc_hd__clkbuf_16)
                                         clknet_1_1__leaf_clk1 (net)
                  0.04    0.00    1.64 ^ dma_clk_gate/_0_/A (sky130_fd_sc_hd__and2_1)
     1    0.01    0.14    0.18    1.82 ^ dma_clk_gate/_0_/X (sky130_fd_sc_hd__and2_1)
                                         clk_s3 (net)
                  0.14    0.00    1.82 ^ clkbuf_0_clk_s3/A (sky130_fd_sc_hd__clkbuf_16)
     4    0.13    0.14    0.24    2.06 ^ clkbuf_0_clk_s3/X (sky130_fd_sc_hd__clkbuf_16)
                                         clknet_0_clk_s3 (net)
                  0.14    0.00    2.06 ^ clkbuf_2_2__f_clk_s3/A (sky130_fd_sc_hd__clkbuf_16)
    12    0.21    0.22    0.29    2.36 ^ clkbuf_2_2__f_clk_s3/X (sky130_fd_sc_hd__clkbuf_16)
                                         clknet_2_2__leaf_clk_s3 (net)
                  0.22    0.00    2.36 ^ clkbuf_leaf_16_clk_s3/A (sky130_fd_sc_hd__clkbuf_16)
     7    0.04    0.06    0.20    2.56 ^ clkbuf_leaf_16_clk_s3/X (sky130_fd_sc_hd__clkbuf_16)
                                         clknet_leaf_16_clk_s3 (net)
                  0.06    0.00    2.56 ^ dma_config_0/m2_aw_addr[5]$_SDFFE_PP0P_/CLK (sky130_fd_sc_hd__dfxtp_1)
     6    0.05    0.25    0.47    3.03 v dma_config_0/m2_aw_addr[5]$_SDFFE_PP0P_/Q (sky130_fd_sc_hd__dfxtp_1)
                                         m2_aw_addr[5] (net)
                  0.25    0.00    3.04 v interconnect_0/_2118_/A1 (sky130_fd_sc_hd__mux2_2)
     1    0.00    0.05    0.35    3.39 v interconnect_0/_2118_/X (sky130_fd_sc_hd__mux2_2)
                                         s2_aw_addr[5] (net)
                  0.05    0.00    3.39 v gpio_0/_205_/A (sky130_fd_sc_hd__nand2_1)
     1    0.00    0.04    0.06    3.45 ^ gpio_0/_205_/Y (sky130_fd_sc_hd__nand2_1)
                                         gpio_0/_055_ (net)
                  0.04    0.00    3.45 ^ gpio_0/_207_/A1 (sky130_fd_sc_hd__a21oi_1)
     1    0.00    0.05    0.06    3.51 v gpio_0/_207_/Y (sky130_fd_sc_hd__a21oi_1)
                                         gpio_0/_001_ (net)
                  0.05    0.00    3.51 v gpio_0/addr_r_w[5]$_SDFFE_PP0P_/D (sky130_fd_sc_hd__dfxtp_1)
                                  3.51   data arrival time

                          0.00    0.00   clock clk1 (rise edge)
                          0.00    0.00   clock source latency
     4    0.36    1.61    1.14    1.14 ^ clk1 (in)
                                         clk1 (net)
                  1.62    0.00    1.14 ^ clkbuf_regs_0_clk1/A (sky130_fd_sc_hd__clkbuf_16)
     1    0.01    0.07    0.33    1.47 ^ clkbuf_regs_0_clk1/X (sky130_fd_sc_hd__clkbuf_16)
                                         clk1_regs (net)
                  0.07    0.00    1.47 ^ clkbuf_0_clk1_regs/A (sky130_fd_sc_hd__clkbuf_16)
     3    0.17    0.18    0.24    1.71 ^ clkbuf_0_clk1_regs/X (sky130_fd_sc_hd__clkbuf_16)
                                         clknet_0_clk1_regs (net)
                  0.18    0.01    1.72 ^ clkbuf_1_0_0_clk1_regs/A (sky130_fd_sc_hd__clkbuf_16)
     2    0.08    0.10    0.22    1.94 ^ clkbuf_1_0_0_clk1_regs/X (sky130_fd_sc_hd__clkbuf_16)
                                         clknet_1_0_0_clk1_regs (net)
                  0.10    0.00    1.94 ^ clkbuf_2_1_0_clk1_regs/A (sky130_fd_sc_hd__clkbuf_16)
     2    0.11    0.12    0.21    2.15 ^ clkbuf_2_1_0_clk1_regs/X (sky130_fd_sc_hd__clkbuf_16)
                                         clknet_2_1_0_clk1_regs (net)
                  0.12    0.01    2.16 ^ clkbuf_3_2_0_clk1_regs/A (sky130_fd_sc_hd__clkbuf_16)
     2    0.09    0.11    0.21    2.37 ^ clkbuf_3_2_0_clk1_regs/X (sky130_fd_sc_hd__clkbuf_16)
                                         clknet_3_2_0_clk1_regs (net)
                  0.11    0.00    2.37 ^ clkbuf_4_4_0_clk1_regs/A (sky130_fd_sc_hd__clkbuf_16)
    16    0.33    0.34    0.36    2.73 ^ clkbuf_4_4_0_clk1_regs/X (sky130_fd_sc_hd__clkbuf_16)
                                         clknet_4_4_0_clk1_regs (net)
                  0.34    0.01    2.74 ^ clkbuf_8_70_0_clk1_regs/A (sky130_fd_sc_hd__clkbuf_16)
     8    0.19    0.20    0.33    3.07 ^ clkbuf_8_70_0_clk1_regs/X (sky130_fd_sc_hd__clkbuf_16)
                                         clknet_8_70_0_clk1_regs (net)
                  0.20    0.01    3.08 ^ clkbuf_leaf_540_clk1_regs/A (sky130_fd_sc_hd__clkbuf_16)
     9    0.04    0.06    0.19    3.27 ^ clkbuf_leaf_540_clk1_regs/X (sky130_fd_sc_hd__clkbuf_16)
                                         clknet_leaf_540_clk1_regs (net)
                  0.06    0.00    3.28 ^ gpio_0/addr_r_w[5]$_SDFFE_PP0P_/CLK (sky130_fd_sc_hd__dfxtp_1)
                          0.10    3.38   clock uncertainty
                          0.00    3.38   clock reconvergence pessimism
                         -0.05    3.32   library hold time
                                  3.32   data required time
-----------------------------------------------------------------------------
                                  3.32   data required time
                                 -3.51   data arrival time
-----------------------------------------------------------------------------
                                  0.18   slack (MET)


Startpoint: timer_0/fifo_timer_w/synchronizers_1_clk_2[0]$_SDFF_PP0_
            (rising edge-triggered flip-flop clocked by clk_s1)
Endpoint: timer_0/fifo_timer_w/synchronizers_2_clk_2[0]$_SDFF_PP0_
          (rising edge-triggered flip-flop clocked by clk_s1)
Path Group: clk_s1
Path Type: min

Fanout     Cap    Slew   Delay    Time   Description
-----------------------------------------------------------------------------
                          0.00    0.00   clock clk_s1 (rise edge)
                          0.00    0.00   clock source latency
    15    0.20    0.89    0.62    0.62 ^ clk4 (in)
                                         clk4 (net)
                  0.89    0.00    0.62 ^ timer_clk_gate/_0_/A (sky130_fd_sc_hd__and2_1)
     2    0.23    2.12    1.69    2.31 ^ timer_clk_gate/_0_/X (sky130_fd_sc_hd__and2_1)
                                         clk_s1_gate (net)
                  2.12    0.01    2.33 ^ clkbuf_0_clk_s1_gate/A (sky130_fd_sc_hd__clkbuf_16)
     1    0.02    0.09    0.38    2.70 ^ clkbuf_0_clk_s1_gate/X (sky130_fd_sc_hd__clkbuf_16)
                                         clknet_0_clk_s1_gate (net)
                  0.09    0.00    2.70 ^ clkbuf_1_0__f_clk_s1_gate/A (sky130_fd_sc_hd__clkbuf_16)
     1    0.00    0.03    0.13    2.83 ^ clkbuf_1_0__f_clk_s1_gate/X (sky130_fd_sc_hd__clkbuf_16)
                                         clknet_1_0__leaf_clk_s1_gate (net)
                  0.03    0.00    2.83 ^ timer_clk_div/_10_/A0 (sky130_fd_sc_hd__mux4_2)
     1    0.01    0.09    0.26    3.09 ^ timer_clk_div/_10_/X (sky130_fd_sc_hd__mux4_2)
                                         clk_s1 (net)
                  0.09    0.00    3.09 ^ clkbuf_0_clk_s1/A (sky130_fd_sc_hd__clkbuf_16)
     8    0.16    0.17    0.24    3.33 ^ clkbuf_0_clk_s1/X (sky130_fd_sc_hd__clkbuf_16)
                                         clknet_0_clk_s1 (net)
                  0.17    0.00    3.33 ^ clkbuf_3_0__f_clk_s1/A (sky130_fd_sc_hd__clkbuf_16)
     9    0.13    0.14    0.25    3.58 ^ clkbuf_3_0__f_clk_s1/X (sky130_fd_sc_hd__clkbuf_16)
                                         clknet_3_0__leaf_clk_s1 (net)
                  0.14    0.00    3.58 ^ clkbuf_leaf_57_clk_s1/A (sky130_fd_sc_hd__clkbuf_16)
    11    0.05    0.07    0.18    3.76 ^ clkbuf_leaf_57_clk_s1/X (sky130_fd_sc_hd__clkbuf_16)
                                         clknet_leaf_57_clk_s1 (net)
                  0.07    0.00    3.76 ^ timer_0/fifo_timer_w/synchronizers_1_clk_2[0]$_SDFF_PP0_/CLK (sky130_fd_sc_hd__dfxtp_1)
     1    0.00    0.03    0.30    4.07 ^ timer_0/fifo_timer_w/synchronizers_1_clk_2[0]$_SDFF_PP0_/Q (sky130_fd_sc_hd__dfxtp_1)
                                         timer_0/fifo_timer_w/synchronizers_1_clk_2[0] (net)
                  0.03    0.00    4.07 ^ timer_0/fifo_timer_w/_806_/B_N (sky130_fd_sc_hd__nor2b_1)
     1    0.00    0.08    0.11    4.18 ^ timer_0/fifo_timer_w/_806_/Y (sky130_fd_sc_hd__nor2b_1)
                                         timer_0/fifo_timer_w/_023_ (net)
                  0.08    0.00    4.18 ^ timer_0/fifo_timer_w/synchronizers_2_clk_2[0]$_SDFF_PP0_/D (sky130_fd_sc_hd__dfxtp_1)
                                  4.18   data arrival time

                          0.00    0.00   clock clk_s1 (rise edge)
                          0.00    0.00   clock source latency
    15    0.20    0.89    0.62    0.62 ^ clk4 (in)
                                         clk4 (net)
                  0.89    0.00    0.62 ^ timer_clk_gate/_0_/A (sky130_fd_sc_hd__and2_1)
     2    0.23    2.12    1.69    2.31 ^ timer_clk_gate/_0_/X (sky130_fd_sc_hd__and2_1)
                                         clk_s1_gate (net)
                  2.12    0.01    2.33 ^ clkbuf_regs_1_clk_s1_gate/A (sky130_fd_sc_hd__clkbuf_16)
     1    0.01    0.09    0.37    2.70 ^ clkbuf_regs_1_clk_s1_gate/X (sky130_fd_sc_hd__clkbuf_16)
                                         clk_s1_gate_regs (net)
                  0.09    0.00    2.70 ^ clkbuf_0_clk_s1_gate_regs/A (sky130_fd_sc_hd__clkbuf_16)
     2    0.02    0.05    0.14    2.84 ^ clkbuf_0_clk_s1_gate_regs/X (sky130_fd_sc_hd__clkbuf_16)
                                         clknet_0_clk_s1_gate_regs (net)
                  0.05    0.00    2.84 ^ clkbuf_1_0__f_clk_s1_gate_regs/A (sky130_fd_sc_hd__clkbuf_16)
     2    0.11    0.12    0.18    3.02 ^ clkbuf_1_0__f_clk_s1_gate_regs/X (sky130_fd_sc_hd__clkbuf_16)
                                         clknet_1_0__leaf_clk_s1_gate_regs (net)
                  0.13    0.02    3.05 ^ timer_clk_div/clk_div[0]$_SDFF_PP0_/CLK (sky130_fd_sc_hd__dfxtp_1)
     1    0.02    0.15    0.41    3.46 ^ timer_clk_div/clk_div[0]$_SDFF_PP0_/Q (sky130_fd_sc_hd__dfxtp_1)
                                         timer_clk_div/clk_div2 (net)
                  0.15    0.00    3.46 ^ clkbuf_0_timer_clk_div/clk_div2/A (sky130_fd_sc_hd__clkbuf_16)
     2    0.07    0.09    0.20    3.66 ^ clkbuf_0_timer_clk_div/clk_div2/X (sky130_fd_sc_hd__clkbuf_16)
                                         clknet_0_timer_clk_div/clk_div2 (net)
                  0.09    0.00    3.67 ^ clkbuf_1_0__f_timer_clk_div/clk_div2/A (sky130_fd_sc_hd__clkbuf_16)
     3    0.21    0.22    0.27    3.94 ^ clkbuf_1_0__f_timer_clk_div/clk_div2/X (sky130_fd_sc_hd__clkbuf_16)
                                         clknet_1_0__leaf_timer_clk_div/clk_div2 (net)
                  0.22    0.01    3.95 ^ timer_clk_div/_10_/A1 (sky130_fd_sc_hd__mux4_2)
     1    0.01    0.09    0.32    4.26 ^ timer_clk_div/_10_/X (sky130_fd_sc_hd__mux4_2)
                                         clk_s1 (net)
                  0.09    0.00    4.26 ^ clkbuf_0_clk_s1/A (sky130_fd_sc_hd__clkbuf_16)
     8    0.16    0.17    0.24    4.50 ^ clkbuf_0_clk_s1/X (sky130_fd_sc_hd__clkbuf_16)
                                         clknet_0_clk_s1 (net)
                  0.17    0.00    4.51 ^ clkbuf_3_0__f_clk_s1/A (sky130_fd_sc_hd__clkbuf_16)
     9    0.13    0.14    0.25    4.75 ^ clkbuf_3_0__f_clk_s1/X (sky130_fd_sc_hd__clkbuf_16)
                                         clknet_3_0__leaf_clk_s1 (net)
                  0.14    0.00    4.76 ^ clkbuf_leaf_57_clk_s1/A (sky130_fd_sc_hd__clkbuf_16)
    11    0.05    0.07    0.18    4.94 ^ clkbuf_leaf_57_clk_s1/X (sky130_fd_sc_hd__clkbuf_16)
                                         clknet_leaf_57_clk_s1 (net)
                  0.07    0.00    4.94 ^ timer_0/fifo_timer_w/synchronizers_2_clk_2[0]$_SDFF_PP0_/CLK (sky130_fd_sc_hd__dfxtp_1)
                          0.10    5.04   clock uncertainty
                         -1.18    3.86   clock reconvergence pessimism
                         -0.03    3.83   library hold time
                                  3.83   data required time
-----------------------------------------------------------------------------
                                  3.83   data required time
                                 -4.18   data arrival time
-----------------------------------------------------------------------------
                                  0.35   slack (MET)


Startpoint: timer_clk_div/clk_div[2]$_SDFF_PP0_/Q
            (clock source 'timer_clk_div_clk_div8')
Endpoint: timer_clk_div/clk_div[2]$_SDFF_PP0_
          (rising edge-triggered flip-flop clocked by clk_s1_gate)
Path Group: clk_s1_gate
Path Type: min

Fanout     Cap    Slew   Delay    Time   Description
-----------------------------------------------------------------------------
                        100.00  100.00   clock timer_clk_div_clk_div8 (fall edge)
                          0.00  100.00   clock source latency
    15    0.20    0.89    0.62  100.62 ^ clk4 (in)
                                         clk4 (net)
                  0.89    0.00  100.62 ^ timer_clk_gate/_0_/A (sky130_fd_sc_hd__and2_1)
     2    0.23    2.12    1.69  102.31 ^ timer_clk_gate/_0_/X (sky130_fd_sc_hd__and2_1)
                                         clk_s1_gate (net)
                  2.12    0.01  102.33 ^ clkbuf_regs_1_clk_s1_gate/A (sky130_fd_sc_hd__clkbuf_16)
     1    0.01    0.09    0.37  102.70 ^ clkbuf_regs_1_clk_s1_gate/X (sky130_fd_sc_hd__clkbuf_16)
                                         clk_s1_gate_regs (net)
                  0.09    0.00  102.70 ^ clkbuf_0_clk_s1_gate_regs/A (sky130_fd_sc_hd__clkbuf_16)
     2    0.02    0.05    0.14  102.84 ^ clkbuf_0_clk_s1_gate_regs/X (sky130_fd_sc_hd__clkbuf_16)
                                         clknet_0_clk_s1_gate_regs (net)
                  0.05    0.00  102.84 ^ clkbuf_1_1__f_clk_s1_gate_regs/A (sky130_fd_sc_hd__clkbuf_16)
     2    0.09    0.11    0.17  103.01 ^ clkbuf_1_1__f_clk_s1_gate_regs/X (sky130_fd_sc_hd__clkbuf_16)
                                         clknet_1_1__leaf_clk_s1_gate_regs (net)
                  0.12    0.03  103.04 ^ timer_clk_div/clk_div[2]$_SDFF_PP0_/CLK (sky130_fd_sc_hd__dfxtp_1)
     1    0.01    0.07    0.36  103.40 v timer_clk_div/clk_div[2]$_SDFF_PP0_/Q (sky130_fd_sc_hd__dfxtp_1)
                                         timer_clk_div/clk_div8 (net)
                  0.07    0.00  103.40 v clkbuf_0_timer_clk_div/clk_div8/A (sky130_fd_sc_hd__clkbuf_16)
     2    0.08    0.07    0.19  103.59 v clkbuf_0_timer_clk_div/clk_div8/X (sky130_fd_sc_hd__clkbuf_16)
                                         clknet_0_timer_clk_div/clk_div8 (net)
                  0.07    0.00  103.59 v clkbuf_1_1__f_timer_clk_div/clk_div8/A (sky130_fd_sc_hd__clkbuf_16)
     1    0.07    0.07    0.19  103.78 v clkbuf_1_1__f_timer_clk_div/clk_div8/X (sky130_fd_sc_hd__clkbuf_16)
                                         clknet_1_1__leaf_timer_clk_div/clk_div8 (net)
                  0.07    0.00  103.78 v timer_clk_div/_08_/A (sky130_fd_sc_hd__xnor2_1)
     1    0.00    0.06    0.17  103.95 ^ timer_clk_div/_08_/Y (sky130_fd_sc_hd__xnor2_1)
                                         timer_clk_div/_05_ (net)
                  0.06    0.00  103.95 ^ timer_clk_div/_09_/B (sky130_fd_sc_hd__nor2_1)
     1    0.11    0.49    0.38  104.33 v timer_clk_div/_09_/Y (sky130_fd_sc_hd__nor2_1)
                                         timer_clk_div/_04_ (net)
                  0.49    0.02  104.35 v timer_clk_div/clk_div[2]$_SDFF_PP0_/D (sky130_fd_sc_hd__dfxtp_1)
                                104.35   data arrival time

                        100.00  100.00   clock clk_s1_gate (rise edge)
                          0.00  100.00   clock source latency
    15    0.20    0.89    0.62  100.62 ^ clk4 (in)
                                         clk4 (net)
                  0.89    0.00  100.62 ^ timer_clk_gate/_0_/A (sky130_fd_sc_hd__and2_1)
     2    0.23    2.12    1.69  102.31 ^ timer_clk_gate/_0_/X (sky130_fd_sc_hd__and2_1)
                                         clk_s1_gate (net)
                  2.12    0.01  102.33 ^ clkbuf_regs_1_clk_s1_gate/A (sky130_fd_sc_hd__clkbuf_16)
     1    0.01    0.09    0.37  102.70 ^ clkbuf_regs_1_clk_s1_gate/X (sky130_fd_sc_hd__clkbuf_16)
                                         clk_s1_gate_regs (net)
                  0.09    0.00  102.70 ^ clkbuf_0_clk_s1_gate_regs/A (sky130_fd_sc_hd__clkbuf_16)
     2    0.02    0.05    0.14  102.84 ^ clkbuf_0_clk_s1_gate_regs/X (sky130_fd_sc_hd__clkbuf_16)
                                         clknet_0_clk_s1_gate_regs (net)
                  0.05    0.00  102.84 ^ clkbuf_1_1__f_clk_s1_gate_regs/A (sky130_fd_sc_hd__clkbuf_16)
     2    0.09    0.11    0.17  103.01 ^ clkbuf_1_1__f_clk_s1_gate_regs/X (sky130_fd_sc_hd__clkbuf_16)
                                         clknet_1_1__leaf_clk_s1_gate_regs (net)
                  0.12    0.03  103.04 ^ timer_clk_div/clk_div[2]$_SDFF_PP0_/CLK (sky130_fd_sc_hd__dfxtp_1)
                          0.10  103.14   clock uncertainty
                          0.00  103.14   clock reconvergence pessimism
                         -0.22  102.92   library hold time
                                102.92   data required time
-----------------------------------------------------------------------------
                                102.92   data required time
                               -104.35   data arrival time
-----------------------------------------------------------------------------
                                  1.44   slack (MET)


Startpoint: gpio_0/gpio_0/read_reg[9]$_SDFF_PP0_
            (rising edge-triggered flip-flop clocked by clk_s2)
Endpoint: gpio_0/gpio_0/read_reg_gpio[9]$_SDFF_PP0_
          (rising edge-triggered flip-flop clocked by clk_s2)
Path Group: clk_s2
Path Type: min

Fanout     Cap    Slew   Delay    Time   Description
-----------------------------------------------------------------------------
                          0.00    0.00   clock clk_s2 (rise edge)
                          0.00    0.00   clock source latency
    15    0.16    0.73    0.51    0.51 ^ clk2 (in)
                                         clk2 (net)
                  0.73    0.00    0.51 ^ gpio_clk_gate/_0_/A (sky130_fd_sc_hd__and2_1)
     2    0.14    1.33    1.13    1.64 ^ gpio_clk_gate/_0_/X (sky130_fd_sc_hd__and2_1)
                                         clk_s2_gate (net)
                  1.33    0.01    1.65 ^ clkbuf_0_clk_s2_gate/A (sky130_fd_sc_hd__clkbuf_16)
     1    0.01    0.07    0.31    1.96 ^ clkbuf_0_clk_s2_gate/X (sky130_fd_sc_hd__clkbuf_16)
                                         clknet_0_clk_s2_gate (net)
                  0.07    0.00    1.96 ^ clkbuf_1_0__f_clk_s2_gate/A (sky130_fd_sc_hd__clkbuf_16)
     1    0.01    0.03    0.12    2.08 ^ clkbuf_1_0__f_clk_s2_gate/X (sky130_fd_sc_hd__clkbuf_16)
                                         clknet_1_0__leaf_clk_s2_gate (net)
                  0.03    0.00    2.08 ^ gpio_clk_div/_10_/A0 (sky130_fd_sc_hd__mux4_2)
     1    0.01    0.09    0.26    2.34 ^ gpio_clk_div/_10_/X (sky130_fd_sc_hd__mux4_2)
                                         clk_s2 (net)
                  0.09    0.00    2.34 ^ clkbuf_0_clk_s2/A (sky130_fd_sc_hd__clkbuf_16)
     8    0.18    0.19    0.25    2.60 ^ clkbuf_0_clk_s2/X (sky130_fd_sc_hd__clkbuf_16)
                                         clknet_0_clk_s2 (net)
                  0.19    0.00    2.60 ^ clkbuf_3_6__f_clk_s2/A (sky130_fd_sc_hd__clkbuf_16)
    11    0.18    0.19    0.29    2.89 ^ clkbuf_3_6__f_clk_s2/X (sky130_fd_sc_hd__clkbuf_16)
                                         clknet_3_6__leaf_clk_s2 (net)
                  0.19    0.00    2.89 ^ clkbuf_leaf_47_clk_s2/A (sky130_fd_sc_hd__clkbuf_16)
    12    0.05    0.07    0.20    3.09 ^ clkbuf_leaf_47_clk_s2/X (sky130_fd_sc_hd__clkbuf_16)
                                         clknet_leaf_47_clk_s2 (net)
                  0.07    0.00    3.09 ^ gpio_0/gpio_0/read_reg[9]$_SDFF_PP0_/CLK (sky130_fd_sc_hd__dfxtp_1)
     1    0.00    0.03    0.30    3.40 v gpio_0/gpio_0/read_reg[9]$_SDFF_PP0_/Q (sky130_fd_sc_hd__dfxtp_1)
                                         gpio_0/gpio_0/read_reg[9] (net)
                  0.03    0.00    3.40 v gpio_0/gpio_0/_2943_/B_N (sky130_fd_sc_hd__nor2b_1)
     1    0.01    0.04    0.13    3.53 v gpio_0/gpio_0/_2943_/Y (sky130_fd_sc_hd__nor2b_1)
                                         gpio_0/gpio_0/_0347_ (net)
                  0.04    0.00    3.53 v gpio_0/gpio_0/read_reg_gpio[9]$_SDFF_PP0_/D (sky130_fd_sc_hd__dfxtp_1)
                                  3.53   data arrival time

                          0.00    0.00   clock clk_s2 (rise edge)
                          0.00    0.00   clock source latency
    15    0.16    0.73    0.51    0.51 ^ clk2 (in)
                                         clk2 (net)
                  0.73    0.00    0.51 ^ gpio_clk_gate/_0_/A (sky130_fd_sc_hd__and2_1)
     2    0.14    1.33    1.13    1.64 ^ gpio_clk_gate/_0_/X (sky130_fd_sc_hd__and2_1)
                                         clk_s2_gate (net)
                  1.33    0.01    1.65 ^ clkbuf_regs_2_clk_s2_gate/A (sky130_fd_sc_hd__clkbuf_16)
     1    0.01    0.07    0.31    1.95 ^ clkbuf_regs_2_clk_s2_gate/X (sky130_fd_sc_hd__clkbuf_16)
                                         clk_s2_gate_regs (net)
                  0.07    0.00    1.95 ^ clkbuf_0_clk_s2_gate_regs/A (sky130_fd_sc_hd__clkbuf_16)
     2    0.03    0.05    0.14    2.09 ^ clkbuf_0_clk_s2_gate_regs/X (sky130_fd_sc_hd__clkbuf_16)
                                         clknet_0_clk_s2_gate_regs (net)
                  0.05    0.00    2.09 ^ clkbuf_1_1__f_clk_s2_gate_regs/A (sky130_fd_sc_hd__clkbuf_16)
     2    0.06    0.07    0.15    2.24 ^ clkbuf_1_1__f_clk_s2_gate_regs/X (sky130_fd_sc_hd__clkbuf_16)
                                         clknet_1_1__leaf_clk_s2_gate_regs (net)
                  0.08    0.01    2.26 ^ gpio_clk_div/clk_div[0]$_SDFF_PP0_/CLK (sky130_fd_sc_hd__dfxtp_1)
     1    0.01    0.14    0.39    2.64 ^ gpio_clk_div/clk_div[0]$_SDFF_PP0_/Q (sky130_fd_sc_hd__dfxtp_1)
                                         gpio_clk_div/clk_div2 (net)
                  0.14    0.00    2.64 ^ clkbuf_0_gpio_clk_div/clk_div2/A (sky130_fd_sc_hd__clkbuf_16)
     2    0.05    0.07    0.18    2.82 ^ clkbuf_0_gpio_clk_div/clk_div2/X (sky130_fd_sc_hd__clkbuf_16)
                                         clknet_0_gpio_clk_div/clk_div2 (net)
                  0.07    0.00    2.82 ^ clkbuf_1_0__f_gpio_clk_div/clk_div2/A (sky130_fd_sc_hd__clkbuf_16)
     2    0.13    0.15    0.22    3.04 ^ clkbuf_1_0__f_gpio_clk_div/clk_div2/X (sky130_fd_sc_hd__clkbuf_16)
                                         clknet_1_0__leaf_gpio_clk_div/clk_div2 (net)
                  0.15    0.01    3.05 ^ gpio_clk_div/_10_/A1 (sky130_fd_sc_hd__mux4_2)
     1    0.01    0.12    0.30    3.35 ^ gpio_clk_div/_10_/X (sky130_fd_sc_hd__mux4_2)
                                         clk_s2 (net)
                  0.12    0.00    3.35 ^ clkbuf_0_clk_s2/A (sky130_fd_sc_hd__clkbuf_16)
     8    0.18    0.19    0.26    3.61 ^ clkbuf_0_clk_s2/X (sky130_fd_sc_hd__clkbuf_16)
                                         clknet_0_clk_s2 (net)
                  0.19    0.01    3.62 ^ clkbuf_3_3__f_clk_s2/A (sky130_fd_sc_hd__clkbuf_16)
    14    0.23    0.24    0.32    3.94 ^ clkbuf_3_3__f_clk_s2/X (sky130_fd_sc_hd__clkbuf_16)
                                         clknet_3_3__leaf_clk_s2 (net)
                  0.24    0.01    3.95 ^ clkbuf_leaf_62_clk_s2/A (sky130_fd_sc_hd__clkbuf_16)
    13    0.05    0.07    0.21    4.16 ^ clkbuf_leaf_62_clk_s2/X (sky130_fd_sc_hd__clkbuf_16)
                                         clknet_leaf_62_clk_s2 (net)
                  0.07    0.00    4.16 ^ gpio_0/gpio_0/read_reg_gpio[9]$_SDFF_PP0_/CLK (sky130_fd_sc_hd__dfxtp_1)
                          0.10    4.26   clock uncertainty
                         -1.02    3.24   clock reconvergence pessimism
                         -0.05    3.19   library hold time
                                  3.19   data required time
-----------------------------------------------------------------------------
                                  3.19   data required time
                                 -3.53   data arrival time
-----------------------------------------------------------------------------
                                  0.34   slack (MET)


Startpoint: gpio_clk_div/clk_div[0]$_SDFF_PP0_/Q
            (clock source 'gpio_clk_div_clk_div2')
Endpoint: gpio_clk_div/clk_div[0]$_SDFF_PP0_
          (rising edge-triggered flip-flop clocked by clk_s2_gate)
Path Group: clk_s2_gate
Path Type: min

Fanout     Cap    Slew   Delay    Time   Description
-----------------------------------------------------------------------------
                          0.00    0.00   clock gpio_clk_div_clk_div2 (rise edge)
                          0.00    0.00   clock source latency
    15    0.16    0.73    0.51    0.51 ^ clk2 (in)
                                         clk2 (net)
                  0.73    0.00    0.51 ^ gpio_clk_gate/_0_/A (sky130_fd_sc_hd__and2_1)
     2    0.14    1.33    1.13    1.64 ^ gpio_clk_gate/_0_/X (sky130_fd_sc_hd__and2_1)
                                         clk_s2_gate (net)
                  1.33    0.01    1.65 ^ clkbuf_regs_2_clk_s2_gate/A (sky130_fd_sc_hd__clkbuf_16)
     1    0.01    0.07    0.31    1.95 ^ clkbuf_regs_2_clk_s2_gate/X (sky130_fd_sc_hd__clkbuf_16)
                                         clk_s2_gate_regs (net)
                  0.07    0.00    1.95 ^ clkbuf_0_clk_s2_gate_regs/A (sky130_fd_sc_hd__clkbuf_16)
     2    0.03    0.05    0.14    2.09 ^ clkbuf_0_clk_s2_gate_regs/X (sky130_fd_sc_hd__clkbuf_16)
                                         clknet_0_clk_s2_gate_regs (net)
                  0.05    0.00    2.09 ^ clkbuf_1_1__f_clk_s2_gate_regs/A (sky130_fd_sc_hd__clkbuf_16)
     2    0.06    0.07    0.15    2.24 ^ clkbuf_1_1__f_clk_s2_gate_regs/X (sky130_fd_sc_hd__clkbuf_16)
                                         clknet_1_1__leaf_clk_s2_gate_regs (net)
                  0.08    0.01    2.25 ^ gpio_clk_div/clk_div[0]$_SDFF_PP0_/CLK (sky130_fd_sc_hd__dfxtp_1)
     1    0.01    0.14    0.39    2.64 ^ gpio_clk_div/clk_div[0]$_SDFF_PP0_/Q (sky130_fd_sc_hd__dfxtp_1)
                                         gpio_clk_div/clk_div2 (net)
                  0.14    0.00    2.64 ^ clkbuf_0_gpio_clk_div/clk_div2/A (sky130_fd_sc_hd__clkbuf_16)
     2    0.05    0.07    0.18    2.82 ^ clkbuf_0_gpio_clk_div/clk_div2/X (sky130_fd_sc_hd__clkbuf_16)
                                         clknet_0_gpio_clk_div/clk_div2 (net)
                  0.07    0.00    2.82 ^ clkbuf_1_0__f_gpio_clk_div/clk_div2/A (sky130_fd_sc_hd__clkbuf_16)
     2    0.13    0.15    0.22    3.04 ^ clkbuf_1_0__f_gpio_clk_div/clk_div2/X (sky130_fd_sc_hd__clkbuf_16)
                                         clknet_1_0__leaf_gpio_clk_div/clk_div2 (net)
                  0.15    0.01    3.04 ^ gpio_clk_div/_07_/B (sky130_fd_sc_hd__nor2_1)
     1    0.06    0.28    0.26    3.31 v gpio_clk_div/_07_/Y (sky130_fd_sc_hd__nor2_1)
                                         gpio_clk_div/_03_ (net)
                  0.28    0.00    3.31 v gpio_clk_div/clk_div[0]$_SDFF_PP0_/D (sky130_fd_sc_hd__dfxtp_1)
                                  3.31   data arrival time

                          0.00    0.00   clock clk_s2_gate (rise edge)
                          0.00    0.00   clock source latency
    15    0.16    0.73    0.51    0.51 ^ clk2 (in)
                                         clk2 (net)
                  0.73    0.00    0.51 ^ gpio_clk_gate/_0_/A (sky130_fd_sc_hd__and2_1)
     2    0.14    1.33    1.13    1.64 ^ gpio_clk_gate/_0_/X (sky130_fd_sc_hd__and2_1)
                                         clk_s2_gate (net)
                  1.33    0.01    1.65 ^ clkbuf_regs_2_clk_s2_gate/A (sky130_fd_sc_hd__clkbuf_16)
     1    0.01    0.07    0.31    1.95 ^ clkbuf_regs_2_clk_s2_gate/X (sky130_fd_sc_hd__clkbuf_16)
                                         clk_s2_gate_regs (net)
                  0.07    0.00    1.95 ^ clkbuf_0_clk_s2_gate_regs/A (sky130_fd_sc_hd__clkbuf_16)
     2    0.03    0.05    0.14    2.09 ^ clkbuf_0_clk_s2_gate_regs/X (sky130_fd_sc_hd__clkbuf_16)
                                         clknet_0_clk_s2_gate_regs (net)
                  0.05    0.00    2.09 ^ clkbuf_1_1__f_clk_s2_gate_regs/A (sky130_fd_sc_hd__clkbuf_16)
     2    0.06    0.07    0.15    2.24 ^ clkbuf_1_1__f_clk_s2_gate_regs/X (sky130_fd_sc_hd__clkbuf_16)
                                         clknet_1_1__leaf_clk_s2_gate_regs (net)
                  0.08    0.01    2.26 ^ gpio_clk_div/clk_div[0]$_SDFF_PP0_/CLK (sky130_fd_sc_hd__dfxtp_1)
                          0.10    2.36   clock uncertainty
                          0.00    2.35   clock reconvergence pessimism
                         -0.14    2.21   library hold time
                                  2.21   data required time
-----------------------------------------------------------------------------
                                  2.21   data required time
                                 -3.31   data arrival time
-----------------------------------------------------------------------------
                                  1.10   slack (MET)


Startpoint: dma_config_0/addr_w_comp$_SDFFE_PP0P_
            (rising edge-triggered flip-flop clocked by clk1)
Endpoint: dma_config_0/dma_0/burst_length_dma[17]$_SDFFE_PP0P_
          (rising edge-triggered flip-flop clocked by clk_s3)
Path Group: clk_s3
Path Type: min

Fanout     Cap    Slew   Delay    Time   Description
-----------------------------------------------------------------------------
                          0.00    0.00   clock clk1 (rise edge)
                          0.00    0.00   clock source latency
     4    0.36    1.61    1.14    1.14 ^ clk1 (in)
                                         clk1 (net)
                  1.62    0.00    1.14 ^ clkbuf_regs_0_clk1/A (sky130_fd_sc_hd__clkbuf_16)
     1    0.01    0.07    0.33    1.47 ^ clkbuf_regs_0_clk1/X (sky130_fd_sc_hd__clkbuf_16)
                                         clk1_regs (net)
                  0.07    0.00    1.47 ^ clkbuf_0_clk1_regs/A (sky130_fd_sc_hd__clkbuf_16)
     3    0.17    0.18    0.24    1.71 ^ clkbuf_0_clk1_regs/X (sky130_fd_sc_hd__clkbuf_16)
                                         clknet_0_clk1_regs (net)
                  0.18    0.01    1.72 ^ clkbuf_1_0_0_clk1_regs/A (sky130_fd_sc_hd__clkbuf_16)
     2    0.08    0.10    0.22    1.94 ^ clkbuf_1_0_0_clk1_regs/X (sky130_fd_sc_hd__clkbuf_16)
                                         clknet_1_0_0_clk1_regs (net)
                  0.10    0.00    1.94 ^ clkbuf_2_1_0_clk1_regs/A (sky130_fd_sc_hd__clkbuf_16)
     2    0.11    0.12    0.21    2.15 ^ clkbuf_2_1_0_clk1_regs/X (sky130_fd_sc_hd__clkbuf_16)
                                         clknet_2_1_0_clk1_regs (net)
                  0.12    0.01    2.16 ^ clkbuf_3_2_0_clk1_regs/A (sky130_fd_sc_hd__clkbuf_16)
     2    0.09    0.11    0.21    2.37 ^ clkbuf_3_2_0_clk1_regs/X (sky130_fd_sc_hd__clkbuf_16)
                                         clknet_3_2_0_clk1_regs (net)
                  0.11    0.00    2.37 ^ clkbuf_4_4_0_clk1_regs/A (sky130_fd_sc_hd__clkbuf_16)
    16    0.33    0.34    0.36    2.73 ^ clkbuf_4_4_0_clk1_regs/X (sky130_fd_sc_hd__clkbuf_16)
                                         clknet_4_4_0_clk1_regs (net)
                  0.34    0.01    2.74 ^ clkbuf_8_67_0_clk1_regs/A (sky130_fd_sc_hd__clkbuf_16)
     5    0.15    0.17    0.31    3.05 ^ clkbuf_8_67_0_clk1_regs/X (sky130_fd_sc_hd__clkbuf_16)
                                         clknet_8_67_0_clk1_regs (net)
                  0.17    0.01    3.06 ^ clkbuf_leaf_471_clk1_regs/A (sky130_fd_sc_hd__clkbuf_16)
     7    0.04    0.06    0.18    3.24 ^ clkbuf_leaf_471_clk1_regs/X (sky130_fd_sc_hd__clkbuf_16)
                                         clknet_leaf_471_clk1_regs (net)
                  0.06    0.00    3.24 ^ dma_config_0/addr_w_comp$_SDFFE_PP0P_/CLK (sky130_fd_sc_hd__dfxtp_1)
     9    0.04    0.19    0.43    3.67 v dma_config_0/addr_w_comp$_SDFFE_PP0P_/Q (sky130_fd_sc_hd__dfxtp_1)
                                         dma_config_0/addr_w_comp (net)
                  0.19    0.00    3.67 v dma_config_0/_1247_/B (sky130_fd_sc_hd__and2_1)
     1    0.01    0.08    0.26    3.93 v dma_config_0/_1247_/X (sky130_fd_sc_hd__and2_1)
                                         dma_config_0/read_write (net)
                  0.08    0.00    3.93 v dma_config_0/hold35731/A (sky130_fd_sc_hd__dlygate4sd3_1)
     9    0.05    0.25    0.76    4.69 v dma_config_0/hold35731/X (sky130_fd_sc_hd__dlygate4sd3_1)
                                         dma_config_0/net35730 (net)
                  0.25    0.00    4.70 v dma_config_0/dma_0/_1898_/A (sky130_fd_sc_hd__and3_1)
    18    0.09    0.40    0.52    5.22 v dma_config_0/dma_0/_1898_/X (sky130_fd_sc_hd__and3_1)
                                         dma_config_0/dma_0/_0396_ (net)
                  0.40    0.01    5.23 v dma_config_0/dma_0/_1950_/B (sky130_fd_sc_hd__nand2_1)
     1    0.00    0.08    0.18    5.41 ^ dma_config_0/dma_0/_1950_/Y (sky130_fd_sc_hd__nand2_1)
                                         dma_config_0/dma_0/_0435_ (net)
                  0.08    0.00    5.41 ^ dma_config_0/dma_0/_1953_/A1 (sky130_fd_sc_hd__a21oi_1)
     1    0.00    0.03    0.06    5.47 v dma_config_0/dma_0/_1953_/Y (sky130_fd_sc_hd__a21oi_1)
                                         dma_config_0/dma_0/_0029_ (net)
                  0.03    0.00    5.47 v dma_config_0/dma_0/burst_length_dma[17]$_SDFFE_PP0P_/D (sky130_fd_sc_hd__dfxtp_1)
                                  5.47   data arrival time

                          0.00    0.00   clock clk_s3 (rise edge)
                          0.00    0.00   clock source latency
     4    0.36    1.61    1.14    1.14 ^ clk1 (in)
                                         clk1 (net)
                  1.62    0.00    1.14 ^ clkbuf_regs_0_clk1/A (sky130_fd_sc_hd__clkbuf_16)
     1    0.01    0.07    0.33    1.47 ^ clkbuf_regs_0_clk1/X (sky130_fd_sc_hd__clkbuf_16)
                                         clk1_regs (net)
                  0.07    0.00    1.47 ^ clkbuf_0_clk1_regs/A (sky130_fd_sc_hd__clkbuf_16)
     3    0.17    0.18    0.24    1.71 ^ clkbuf_0_clk1_regs/X (sky130_fd_sc_hd__clkbuf_16)
                                         clknet_0_clk1_regs (net)
                  0.18    0.01    1.72 ^ clkbuf_1_1_0_clk1_regs/A (sky130_fd_sc_hd__clkbuf_16)
     2    0.08    0.10    0.22    1.94 ^ clkbuf_1_1_0_clk1_regs/X (sky130_fd_sc_hd__clkbuf_16)
                                         clknet_1_1_0_clk1_regs (net)
                  0.10    0.00    1.94 ^ clkbuf_2_3_0_clk1_regs/A (sky130_fd_sc_hd__clkbuf_16)
     2    0.11    0.13    0.21    2.15 ^ clkbuf_2_3_0_clk1_regs/X (sky130_fd_sc_hd__clkbuf_16)
                                         clknet_2_3_0_clk1_regs (net)
                  0.13    0.01    2.16 ^ clkbuf_3_6_0_clk1_regs/A (sky130_fd_sc_hd__clkbuf_16)
     2    0.11    0.12    0.22    2.37 ^ clkbuf_3_6_0_clk1_regs/X (sky130_fd_sc_hd__clkbuf_16)
                                         clknet_3_6_0_clk1_regs (net)
                  0.12    0.01    2.38 ^ clkbuf_4_12_0_clk1_regs/A (sky130_fd_sc_hd__clkbuf_16)
    16    0.35    0.36    0.38    2.76 ^ clkbuf_4_12_0_clk1_regs/X (sky130_fd_sc_hd__clkbuf_16)
                                         clknet_4_12_0_clk1_regs (net)
                  0.36    0.01    2.77 ^ clkbuf_8_196_0_clk1_regs/A (sky130_fd_sc_hd__clkbuf_16)
    11    0.18    0.20    0.33    3.10 ^ clkbuf_8_196_0_clk1_regs/X (sky130_fd_sc_hd__clkbuf_16)
                                         clknet_8_196_0_clk1_regs (net)
                  0.20    0.00    3.11 ^ clkbuf_leaf_838_clk1_regs/A (sky130_fd_sc_hd__clkbuf_16)
    12    0.05    0.07    0.20    3.31 ^ clkbuf_leaf_838_clk1_regs/X (sky130_fd_sc_hd__clkbuf_16)
                                         clknet_leaf_838_clk1_regs (net)
                  0.07    0.00    3.31 ^ clk_en_reg[3]$_SDFFE_PP1P_/CLK (sky130_fd_sc_hd__dfxtp_1)
     3    0.10    0.93    0.93    4.24 ^ clk_en_reg[3]$_SDFFE_PP1P_/Q (sky130_fd_sc_hd__dfxtp_1)
                                         clk_en_reg[3] (net)
                  0.93    0.01    4.25 ^ dma_clk_gate/_0_/B (sky130_fd_sc_hd__and2_1)
     1    0.01    0.15    0.30    4.55 ^ dma_clk_gate/_0_/X (sky130_fd_sc_hd__and2_1)
                                         clk_s3 (net)
                  0.15    0.00    4.55 ^ clkbuf_0_clk_s3/A (sky130_fd_sc_hd__clkbuf_16)
     4    0.13    0.14    0.24    4.79 ^ clkbuf_0_clk_s3/X (sky130_fd_sc_hd__clkbuf_16)
                                         clknet_0_clk_s3 (net)
                  0.14    0.01    4.80 ^ clkbuf_2_0__f_clk_s3/A (sky130_fd_sc_hd__clkbuf_16)
    19    0.29    0.29    0.34    5.14 ^ clkbuf_2_0__f_clk_s3/X (sky130_fd_sc_hd__clkbuf_16)
                                         clknet_2_0__leaf_clk_s3 (net)
                  0.29    0.01    5.15 ^ clkbuf_leaf_51_clk_s3/A (sky130_fd_sc_hd__clkbuf_16)
    14    0.06    0.08    0.23    5.38 ^ clkbuf_leaf_51_clk_s3/X (sky130_fd_sc_hd__clkbuf_16)
                                         clknet_leaf_51_clk_s3 (net)
                  0.08    0.00    5.38 ^ dma_config_0/dma_0/burst_length_dma[17]$_SDFFE_PP0P_/CLK (sky130_fd_sc_hd__dfxtp_1)
                          0.10    5.48   clock uncertainty
                          0.00    5.48   clock reconvergence pessimism
                         -0.04    5.44   library hold time
                                  5.44   data required time
-----------------------------------------------------------------------------
                                  5.44   data required time
                                 -5.47   data arrival time
-----------------------------------------------------------------------------
                                  0.03   slack (MET)


Startpoint: uart_0/uart_0/rx_sync[0]$_SDFF_PP1_
            (rising edge-triggered flip-flop clocked by clk_s4)
Endpoint: uart_0/uart_0/rx_sync[1]$_SDFF_PP1_
          (rising edge-triggered flip-flop clocked by clk_s4)
Path Group: clk_s4
Path Type: min

Fanout     Cap    Slew   Delay    Time   Description
-----------------------------------------------------------------------------
                          0.00    0.00   clock clk_s4 (rise edge)
                          0.00    0.00   clock source latency
    23    0.22    0.97    0.73    0.73 ^ clk5 (in)
                                         clk5 (net)
                  1.01    0.00    0.73 ^ uart_clk_gate/_0_/A (sky130_fd_sc_hd__and2_1)
     2    0.19    1.75    1.44    2.17 ^ uart_clk_gate/_0_/X (sky130_fd_sc_hd__and2_1)
                                         clk_s4_gate (net)
                  1.75    0.01    2.18 ^ clkbuf_0_clk_s4_gate/A (sky130_fd_sc_hd__clkbuf_16)
     1    0.01    0.08    0.34    2.52 ^ clkbuf_0_clk_s4_gate/X (sky130_fd_sc_hd__clkbuf_16)
                                         clknet_0_clk_s4_gate (net)
                  0.08    0.00    2.52 ^ clkbuf_1_0__f_clk_s4_gate/A (sky130_fd_sc_hd__clkbuf_16)
     1    0.00    0.03    0.12    2.64 ^ clkbuf_1_0__f_clk_s4_gate/X (sky130_fd_sc_hd__clkbuf_16)
                                         clknet_1_0__leaf_clk_s4_gate (net)
                  0.03    0.00    2.64 ^ uart_clk_div/_10_/A0 (sky130_fd_sc_hd__mux4_2)
     1    0.01    0.08    0.25    2.89 ^ uart_clk_div/_10_/X (sky130_fd_sc_hd__mux4_2)
                                         clk_s4 (net)
                  0.08    0.00    2.89 ^ clkbuf_0_clk_s4/A (sky130_fd_sc_hd__clkbuf_16)
     8    0.15    0.16    0.23    3.12 ^ clkbuf_0_clk_s4/X (sky130_fd_sc_hd__clkbuf_16)
                                         clknet_0_clk_s4 (net)
                  0.16    0.00    3.12 ^ clkbuf_3_4__f_clk_s4/A (sky130_fd_sc_hd__clkbuf_16)
     8    0.12    0.13    0.24    3.36 ^ clkbuf_3_4__f_clk_s4/X (sky130_fd_sc_hd__clkbuf_16)
                                         clknet_3_4__leaf_clk_s4 (net)
                  0.13    0.00    3.36 ^ clkbuf_leaf_12_clk_s4/A (sky130_fd_sc_hd__clkbuf_16)
    12    0.04    0.06    0.17    3.54 ^ clkbuf_leaf_12_clk_s4/X (sky130_fd_sc_hd__clkbuf_16)
                                         clknet_leaf_12_clk_s4 (net)
                  0.06    0.00    3.54 ^ uart_0/uart_0/rx_sync[0]$_SDFF_PP1_/CLK (sky130_fd_sc_hd__dfxtp_1)
     1    0.00    0.06    0.32    3.86 ^ uart_0/uart_0/rx_sync[0]$_SDFF_PP1_/Q (sky130_fd_sc_hd__dfxtp_1)
                                         uart_0/uart_0/rx_sync[0] (net)
                  0.06    0.00    3.86 ^ uart_0/uart_0/_1320_/B (sky130_fd_sc_hd__or2_2)
     1    0.00    0.03    0.10    3.96 ^ uart_0/uart_0/_1320_/X (sky130_fd_sc_hd__or2_2)
                                         uart_0/uart_0/_0138_ (net)
                  0.03    0.00    3.96 ^ uart_0/uart_0/rx_sync[1]$_SDFF_PP1_/D (sky130_fd_sc_hd__dfxtp_1)
                                  3.96   data arrival time

                          0.00    0.00   clock clk_s4 (rise edge)
                          0.00    0.00   clock source latency
    23    0.22    0.97    0.73    0.73 ^ clk5 (in)
                                         clk5 (net)
                  1.01    0.00    0.73 ^ uart_clk_gate/_0_/A (sky130_fd_sc_hd__and2_1)
     2    0.19    1.75    1.44    2.17 ^ uart_clk_gate/_0_/X (sky130_fd_sc_hd__and2_1)
                                         clk_s4_gate (net)
                  1.75    0.01    2.18 ^ clkbuf_regs_4_clk_s4_gate/A (sky130_fd_sc_hd__clkbuf_16)
     1    0.01    0.08    0.34    2.52 ^ clkbuf_regs_4_clk_s4_gate/X (sky130_fd_sc_hd__clkbuf_16)
                                         clk_s4_gate_regs (net)
                  0.08    0.00    2.52 ^ clkbuf_0_clk_s4_gate_regs/A (sky130_fd_sc_hd__clkbuf_16)
     2    0.02    0.05    0.14    2.66 ^ clkbuf_0_clk_s4_gate_regs/X (sky130_fd_sc_hd__clkbuf_16)
                                         clknet_0_clk_s4_gate_regs (net)
                  0.05    0.00    2.66 ^ clkbuf_1_0__f_clk_s4_gate_regs/A (sky130_fd_sc_hd__clkbuf_16)
     2    0.07    0.09    0.16    2.82 ^ clkbuf_1_0__f_clk_s4_gate_regs/X (sky130_fd_sc_hd__clkbuf_16)
                                         clknet_1_0__leaf_clk_s4_gate_regs (net)
                  0.09    0.00    2.83 ^ uart_clk_div/clk_div[0]$_SDFF_PP0_/CLK (sky130_fd_sc_hd__dfxtp_1)
     1    0.01    0.14    0.39    3.21 ^ uart_clk_div/clk_div[0]$_SDFF_PP0_/Q (sky130_fd_sc_hd__dfxtp_1)
                                         uart_clk_div/clk_div2 (net)
                  0.14    0.00    3.21 ^ clkbuf_0_uart_clk_div/clk_div2/A (sky130_fd_sc_hd__clkbuf_16)
     2    0.09    0.10    0.21    3.42 ^ clkbuf_0_uart_clk_div/clk_div2/X (sky130_fd_sc_hd__clkbuf_16)
                                         clknet_0_uart_clk_div/clk_div2 (net)
                  0.11    0.00    3.42 ^ clkbuf_1_0__f_uart_clk_div/clk_div2/A (sky130_fd_sc_hd__clkbuf_16)
     3    0.18    0.19    0.25    3.67 ^ clkbuf_1_0__f_uart_clk_div/clk_div2/X (sky130_fd_sc_hd__clkbuf_16)
                                         clknet_1_0__leaf_uart_clk_div/clk_div2 (net)
                  0.20    0.02    3.69 ^ uart_clk_div/_10_/A1 (sky130_fd_sc_hd__mux4_2)
     1    0.01    0.10    0.30    3.99 ^ uart_clk_div/_10_/X (sky130_fd_sc_hd__mux4_2)
                                         clk_s4 (net)
                  0.10    0.00    3.99 ^ clkbuf_0_clk_s4/A (sky130_fd_sc_hd__clkbuf_16)
     8    0.15    0.16    0.24    4.23 ^ clkbuf_0_clk_s4/X (sky130_fd_sc_hd__clkbuf_16)
                                         clknet_0_clk_s4 (net)
                  0.16    0.00    4.24 ^ clkbuf_3_4__f_clk_s4/A (sky130_fd_sc_hd__clkbuf_16)
     8    0.12    0.13    0.24    4.47 ^ clkbuf_3_4__f_clk_s4/X (sky130_fd_sc_hd__clkbuf_16)
                                         clknet_3_4__leaf_clk_s4 (net)
                  0.13    0.00    4.48 ^ clkbuf_leaf_12_clk_s4/A (sky130_fd_sc_hd__clkbuf_16)
    12    0.04    0.06    0.17    4.65 ^ clkbuf_leaf_12_clk_s4/X (sky130_fd_sc_hd__clkbuf_16)
                                         clknet_leaf_12_clk_s4 (net)
                  0.06    0.00    4.65 ^ uart_0/uart_0/rx_sync[1]$_SDFF_PP1_/CLK (sky130_fd_sc_hd__dfxtp_1)
                          0.10    4.75   clock uncertainty
                         -1.11    3.64   clock reconvergence pessimism
                         -0.03    3.61   library hold time
                                  3.61   data required time
-----------------------------------------------------------------------------
                                  3.61   data required time
                                 -3.96   data arrival time
-----------------------------------------------------------------------------
                                  0.34   slack (MET)


Startpoint: uart_clk_div/clk_div[0]$_SDFF_PP0_/Q
            (clock source 'uart_clk_div_clk_div2')
Endpoint: uart_clk_div/clk_div[0]$_SDFF_PP0_
          (rising edge-triggered flip-flop clocked by clk_s4_gate)
Path Group: clk_s4_gate
Path Type: min

Fanout     Cap    Slew   Delay    Time   Description
-----------------------------------------------------------------------------
                          0.00    0.00   clock uart_clk_div_clk_div2 (rise edge)
                          0.00    0.00   clock source latency
    23    0.22    0.97    0.73    0.73 ^ clk5 (in)
                                         clk5 (net)
                  1.01    0.00    0.73 ^ uart_clk_gate/_0_/A (sky130_fd_sc_hd__and2_1)
     2    0.19    1.75    1.44    2.17 ^ uart_clk_gate/_0_/X (sky130_fd_sc_hd__and2_1)
                                         clk_s4_gate (net)
                  1.75    0.01    2.18 ^ clkbuf_regs_4_clk_s4_gate/A (sky130_fd_sc_hd__clkbuf_16)
     1    0.01    0.08    0.34    2.52 ^ clkbuf_regs_4_clk_s4_gate/X (sky130_fd_sc_hd__clkbuf_16)
                                         clk_s4_gate_regs (net)
                  0.08    0.00    2.52 ^ clkbuf_0_clk_s4_gate_regs/A (sky130_fd_sc_hd__clkbuf_16)
     2    0.02    0.05    0.14    2.66 ^ clkbuf_0_clk_s4_gate_regs/X (sky130_fd_sc_hd__clkbuf_16)
                                         clknet_0_clk_s4_gate_regs (net)
                  0.05    0.00    2.66 ^ clkbuf_1_0__f_clk_s4_gate_regs/A (sky130_fd_sc_hd__clkbuf_16)
     2    0.07    0.09    0.16    2.82 ^ clkbuf_1_0__f_clk_s4_gate_regs/X (sky130_fd_sc_hd__clkbuf_16)
                                         clknet_1_0__leaf_clk_s4_gate_regs (net)
                  0.09    0.00    2.83 ^ uart_clk_div/clk_div[0]$_SDFF_PP0_/CLK (sky130_fd_sc_hd__dfxtp_1)
     1    0.01    0.14    0.39    3.21 ^ uart_clk_div/clk_div[0]$_SDFF_PP0_/Q (sky130_fd_sc_hd__dfxtp_1)
                                         uart_clk_div/clk_div2 (net)
                  0.14    0.00    3.21 ^ clkbuf_0_uart_clk_div/clk_div2/A (sky130_fd_sc_hd__clkbuf_16)
     2    0.09    0.10    0.21    3.42 ^ clkbuf_0_uart_clk_div/clk_div2/X (sky130_fd_sc_hd__clkbuf_16)
                                         clknet_0_uart_clk_div/clk_div2 (net)
                  0.11    0.00    3.42 ^ clkbuf_1_1__f_uart_clk_div/clk_div2/A (sky130_fd_sc_hd__clkbuf_16)
     3    0.05    0.07    0.17    3.60 ^ clkbuf_1_1__f_uart_clk_div/clk_div2/X (sky130_fd_sc_hd__clkbuf_16)
                                         clknet_1_1__leaf_uart_clk_div/clk_div2 (net)
                  0.07    0.00    3.60 ^ uart_clk_div/_07_/B (sky130_fd_sc_hd__nor2_1)
     1    0.09    0.40    0.33    3.92 v uart_clk_div/_07_/Y (sky130_fd_sc_hd__nor2_1)
                                         uart_clk_div/_03_ (net)
                  0.40    0.01    3.93 v uart_clk_div/clk_div[0]$_SDFF_PP0_/D (sky130_fd_sc_hd__dfxtp_1)
                                  3.93   data arrival time

                          0.00    0.00   clock clk_s4_gate (rise edge)
                          0.00    0.00   clock source latency
    23    0.22    0.97    0.73    0.73 ^ clk5 (in)
                                         clk5 (net)
                  1.01    0.00    0.73 ^ uart_clk_gate/_0_/A (sky130_fd_sc_hd__and2_1)
     2    0.19    1.75    1.44    2.17 ^ uart_clk_gate/_0_/X (sky130_fd_sc_hd__and2_1)
                                         clk_s4_gate (net)
                  1.75    0.01    2.18 ^ clkbuf_regs_4_clk_s4_gate/A (sky130_fd_sc_hd__clkbuf_16)
     1    0.01    0.08    0.34    2.52 ^ clkbuf_regs_4_clk_s4_gate/X (sky130_fd_sc_hd__clkbuf_16)
                                         clk_s4_gate_regs (net)
                  0.08    0.00    2.52 ^ clkbuf_0_clk_s4_gate_regs/A (sky130_fd_sc_hd__clkbuf_16)
     2    0.02    0.05    0.14    2.66 ^ clkbuf_0_clk_s4_gate_regs/X (sky130_fd_sc_hd__clkbuf_16)
                                         clknet_0_clk_s4_gate_regs (net)
                  0.05    0.00    2.66 ^ clkbuf_1_0__f_clk_s4_gate_regs/A (sky130_fd_sc_hd__clkbuf_16)
     2    0.07    0.09    0.16    2.82 ^ clkbuf_1_0__f_clk_s4_gate_regs/X (sky130_fd_sc_hd__clkbuf_16)
                                         clknet_1_0__leaf_clk_s4_gate_regs (net)
                  0.09    0.00    2.83 ^ uart_clk_div/clk_div[0]$_SDFF_PP0_/CLK (sky130_fd_sc_hd__dfxtp_1)
                          0.10    2.93   clock uncertainty
                          0.00    2.93   clock reconvergence pessimism
                         -0.19    2.73   library hold time
                                  2.73   data required time
-----------------------------------------------------------------------------
                                  2.73   data required time
                                 -3.93   data arrival time
-----------------------------------------------------------------------------
                                  1.20   slack (MET)


Startpoint: dot_0/fifo_timer_w2/synchronizers_1_clk_2[1]$_SDFF_PP0_
            (rising edge-triggered flip-flop clocked by clk_s5)
Endpoint: dot_0/fifo_timer_w2/synchronizers_2_clk_2[1]$_SDFF_PP0_
          (rising edge-triggered flip-flop clocked by clk_s5)
Path Group: clk_s5
Path Type: min

Fanout     Cap    Slew   Delay    Time   Description
-----------------------------------------------------------------------------
                          0.00    0.00   clock clk_s5 (rise edge)
                          0.00    0.00   clock source latency
    49    0.24    1.05    0.74    0.74 ^ clk3 (in)
                                         clk3 (net)
                  1.05    0.00    0.74 ^ dot_clk_gate/_0_/A (sky130_fd_sc_hd__and2_1)
     2    0.13    1.21    1.06    1.80 ^ dot_clk_gate/_0_/X (sky130_fd_sc_hd__and2_1)
                                         clk_s5_gate (net)
                  1.21    0.01    1.81 ^ clkbuf_0_clk_s5_gate/A (sky130_fd_sc_hd__clkbuf_16)
     1    0.01    0.07    0.30    2.11 ^ clkbuf_0_clk_s5_gate/X (sky130_fd_sc_hd__clkbuf_16)
                                         clknet_0_clk_s5_gate (net)
                  0.07    0.00    2.11 ^ clkbuf_1_0__f_clk_s5_gate/A (sky130_fd_sc_hd__clkbuf_16)
     1    0.00    0.03    0.12    2.23 ^ clkbuf_1_0__f_clk_s5_gate/X (sky130_fd_sc_hd__clkbuf_16)
                                         clknet_1_0__leaf_clk_s5_gate (net)
                  0.03    0.00    2.23 ^ dot_clk_div/_10_/A0 (sky130_fd_sc_hd__mux4_2)
     1    0.01    0.09    0.25    2.49 ^ dot_clk_div/_10_/X (sky130_fd_sc_hd__mux4_2)
                                         clk_s5 (net)
                  0.09    0.00    2.49 ^ clkbuf_0_clk_s5/A (sky130_fd_sc_hd__clkbuf_16)
     4    0.16    0.17    0.24    2.73 ^ clkbuf_0_clk_s5/X (sky130_fd_sc_hd__clkbuf_16)
                                         clknet_0_clk_s5 (net)
                  0.18    0.01    2.73 ^ clkbuf_2_2_0_clk_s5/A (sky130_fd_sc_hd__clkbuf_16)
     2    0.06    0.08    0.20    2.93 ^ clkbuf_2_2_0_clk_s5/X (sky130_fd_sc_hd__clkbuf_16)
                                         clknet_2_2_0_clk_s5 (net)
                  0.08    0.00    2.94 ^ clkbuf_3_5__f_clk_s5/A (sky130_fd_sc_hd__clkbuf_16)
     5    0.15    0.16    0.23    3.17 ^ clkbuf_3_5__f_clk_s5/X (sky130_fd_sc_hd__clkbuf_16)
                                         clknet_3_5__leaf_clk_s5 (net)
                  0.17    0.01    3.18 ^ clkbuf_leaf_55_clk_s5/A (sky130_fd_sc_hd__clkbuf_16)
     6    0.03    0.05    0.18    3.35 ^ clkbuf_leaf_55_clk_s5/X (sky130_fd_sc_hd__clkbuf_16)
                                         clknet_leaf_55_clk_s5 (net)
                  0.05    0.00    3.36 ^ dot_0/fifo_timer_w2/synchronizers_1_clk_2[1]$_SDFF_PP0_/CLK (sky130_fd_sc_hd__dfxtp_1)
     1    0.00    0.04    0.30    3.65 ^ dot_0/fifo_timer_w2/synchronizers_1_clk_2[1]$_SDFF_PP0_/Q (sky130_fd_sc_hd__dfxtp_1)
                                         dot_0/fifo_timer_w2/synchronizers_1_clk_2[1] (net)
                  0.04    0.00    3.65 ^ dot_0/fifo_timer_w2/_675_/B_N (sky130_fd_sc_hd__nor2b_1)
     1    0.00    0.08    0.11    3.77 ^ dot_0/fifo_timer_w2/_675_/Y (sky130_fd_sc_hd__nor2b_1)
                                         dot_0/fifo_timer_w2/_026_ (net)
                  0.08    0.00    3.77 ^ dot_0/fifo_timer_w2/synchronizers_2_clk_2[1]$_SDFF_PP0_/D (sky130_fd_sc_hd__dfxtp_1)
                                  3.77   data arrival time

                          0.00    0.00   clock clk_s5 (rise edge)
                          0.00    0.00   clock source latency
    49    0.24    1.05    0.74    0.74 ^ clk3 (in)
                                         clk3 (net)
                  1.05    0.00    0.74 ^ dot_clk_gate/_0_/A (sky130_fd_sc_hd__and2_1)
     2    0.13    1.21    1.06    1.80 ^ dot_clk_gate/_0_/X (sky130_fd_sc_hd__and2_1)
                                         clk_s5_gate (net)
                  1.21    0.00    1.81 ^ clkbuf_regs_3_clk_s5_gate/A (sky130_fd_sc_hd__clkbuf_16)
     1    0.01    0.06    0.30    2.11 ^ clkbuf_regs_3_clk_s5_gate/X (sky130_fd_sc_hd__clkbuf_16)
                                         clk_s5_gate_regs (net)
                  0.06    0.00    2.11 ^ clkbuf_0_clk_s5_gate_regs/A (sky130_fd_sc_hd__clkbuf_16)
     2    0.03    0.05    0.14    2.24 ^ clkbuf_0_clk_s5_gate_regs/X (sky130_fd_sc_hd__clkbuf_16)
                                         clknet_0_clk_s5_gate_regs (net)
                  0.05    0.00    2.25 ^ clkbuf_1_1__f_clk_s5_gate_regs/A (sky130_fd_sc_hd__clkbuf_16)
     2    0.06    0.08    0.15    2.40 ^ clkbuf_1_1__f_clk_s5_gate_regs/X (sky130_fd_sc_hd__clkbuf_16)
                                         clknet_1_1__leaf_clk_s5_gate_regs (net)
                  0.08    0.01    2.41 ^ dot_clk_div/clk_div[0]$_SDFF_PP0_/CLK (sky130_fd_sc_hd__dfxtp_1)
     1    0.01    0.11    0.37    2.78 ^ dot_clk_div/clk_div[0]$_SDFF_PP0_/Q (sky130_fd_sc_hd__dfxtp_1)
                                         dot_clk_div/clk_div2 (net)
                  0.11    0.00    2.78 ^ clkbuf_0_dot_clk_div/clk_div2/A (sky130_fd_sc_hd__clkbuf_16)
     2    0.07    0.09    0.19    2.97 ^ clkbuf_0_dot_clk_div/clk_div2/X (sky130_fd_sc_hd__clkbuf_16)
                                         clknet_0_dot_clk_div/clk_div2 (net)
                  0.09    0.00    2.97 ^ clkbuf_1_0__f_dot_clk_div/clk_div2/A (sky130_fd_sc_hd__clkbuf_16)
     2    0.11    0.12    0.20    3.17 ^ clkbuf_1_0__f_dot_clk_div/clk_div2/X (sky130_fd_sc_hd__clkbuf_16)
                                         clknet_1_0__leaf_dot_clk_div/clk_div2 (net)
                  0.12    0.00    3.17 ^ dot_clk_div/_10_/A1 (sky130_fd_sc_hd__mux4_2)
     1    0.01    0.10    0.29    3.46 ^ dot_clk_div/_10_/X (sky130_fd_sc_hd__mux4_2)
                                         clk_s5 (net)
                  0.10    0.00    3.46 ^ clkbuf_0_clk_s5/A (sky130_fd_sc_hd__clkbuf_16)
     4    0.16    0.17    0.25    3.71 ^ clkbuf_0_clk_s5/X (sky130_fd_sc_hd__clkbuf_16)
                                         clknet_0_clk_s5 (net)
                  0.18    0.01    3.71 ^ clkbuf_2_2_0_clk_s5/A (sky130_fd_sc_hd__clkbuf_16)
     2    0.06    0.08    0.20    3.92 ^ clkbuf_2_2_0_clk_s5/X (sky130_fd_sc_hd__clkbuf_16)
                                         clknet_2_2_0_clk_s5 (net)
                  0.08    0.00    3.92 ^ clkbuf_3_5__f_clk_s5/A (sky130_fd_sc_hd__clkbuf_16)
     5    0.15    0.16    0.23    4.15 ^ clkbuf_3_5__f_clk_s5/X (sky130_fd_sc_hd__clkbuf_16)
                                         clknet_3_5__leaf_clk_s5 (net)
                  0.17    0.01    4.16 ^ clkbuf_leaf_54_clk_s5/A (sky130_fd_sc_hd__clkbuf_16)
    10    0.04    0.06    0.18    4.34 ^ clkbuf_leaf_54_clk_s5/X (sky130_fd_sc_hd__clkbuf_16)
                                         clknet_leaf_54_clk_s5 (net)
                  0.06    0.00    4.34 ^ dot_0/fifo_timer_w2/synchronizers_2_clk_2[1]$_SDFF_PP0_/CLK (sky130_fd_sc_hd__dfxtp_1)
                          0.10    4.44   clock uncertainty
                         -0.98    3.46   clock reconvergence pessimism
                         -0.04    3.43   library hold time
                                  3.43   data required time
-----------------------------------------------------------------------------
                                  3.43   data required time
                                 -3.77   data arrival time
-----------------------------------------------------------------------------
                                  0.34   slack (MET)


Startpoint: dot_clk_div/clk_div[0]$_SDFF_PP0_/Q
            (clock source 'dot_clk_div_clk_div2')
Endpoint: dot_clk_div/clk_div[0]$_SDFF_PP0_
          (rising edge-triggered flip-flop clocked by clk_s5_gate)
Path Group: clk_s5_gate
Path Type: min

Fanout     Cap    Slew   Delay    Time   Description
-----------------------------------------------------------------------------
                          0.00    0.00   clock dot_clk_div_clk_div2 (rise edge)
                          0.00    0.00   clock source latency
    49    0.24    1.05    0.74    0.74 ^ clk3 (in)
                                         clk3 (net)
                  1.05    0.00    0.74 ^ dot_clk_gate/_0_/A (sky130_fd_sc_hd__and2_1)
     2    0.13    1.21    1.06    1.80 ^ dot_clk_gate/_0_/X (sky130_fd_sc_hd__and2_1)
                                         clk_s5_gate (net)
                  1.21    0.00    1.81 ^ clkbuf_regs_3_clk_s5_gate/A (sky130_fd_sc_hd__clkbuf_16)
     1    0.01    0.06    0.30    2.11 ^ clkbuf_regs_3_clk_s5_gate/X (sky130_fd_sc_hd__clkbuf_16)
                                         clk_s5_gate_regs (net)
                  0.06    0.00    2.11 ^ clkbuf_0_clk_s5_gate_regs/A (sky130_fd_sc_hd__clkbuf_16)
     2    0.03    0.05    0.14    2.24 ^ clkbuf_0_clk_s5_gate_regs/X (sky130_fd_sc_hd__clkbuf_16)
                                         clknet_0_clk_s5_gate_regs (net)
                  0.05    0.00    2.25 ^ clkbuf_1_1__f_clk_s5_gate_regs/A (sky130_fd_sc_hd__clkbuf_16)
     2    0.06    0.08    0.15    2.40 ^ clkbuf_1_1__f_clk_s5_gate_regs/X (sky130_fd_sc_hd__clkbuf_16)
                                         clknet_1_1__leaf_clk_s5_gate_regs (net)
                  0.08    0.01    2.41 ^ dot_clk_div/clk_div[0]$_SDFF_PP0_/CLK (sky130_fd_sc_hd__dfxtp_1)
     1    0.01    0.11    0.37    2.78 ^ dot_clk_div/clk_div[0]$_SDFF_PP0_/Q (sky130_fd_sc_hd__dfxtp_1)
                                         dot_clk_div/clk_div2 (net)
                  0.11    0.00    2.78 ^ clkbuf_0_dot_clk_div/clk_div2/A (sky130_fd_sc_hd__clkbuf_16)
     2    0.07    0.09    0.19    2.97 ^ clkbuf_0_dot_clk_div/clk_div2/X (sky130_fd_sc_hd__clkbuf_16)
                                         clknet_0_dot_clk_div/clk_div2 (net)
                  0.09    0.00    2.97 ^ clkbuf_1_0__f_dot_clk_div/clk_div2/A (sky130_fd_sc_hd__clkbuf_16)
     2    0.11    0.12    0.20    3.17 ^ clkbuf_1_0__f_dot_clk_div/clk_div2/X (sky130_fd_sc_hd__clkbuf_16)
                                         clknet_1_0__leaf_dot_clk_div/clk_div2 (net)
                  0.13    0.02    3.19 ^ dot_clk_div/_07_/B (sky130_fd_sc_hd__nor2_1)
     3    0.06    0.26    0.25    3.44 v dot_clk_div/_07_/Y (sky130_fd_sc_hd__nor2_1)
                                         dot_clk_div/_03_ (net)
                  0.26    0.00    3.44 v dot_clk_div/clk_div[0]$_SDFF_PP0_/D (sky130_fd_sc_hd__dfxtp_1)
                                  3.44   data arrival time

                          0.00    0.00   clock clk_s5_gate (rise edge)
                          0.00    0.00   clock source latency
    49    0.24    1.05    0.74    0.74 ^ clk3 (in)
                                         clk3 (net)
                  1.05    0.00    0.74 ^ dot_clk_gate/_0_/A (sky130_fd_sc_hd__and2_1)
     2    0.13    1.21    1.06    1.80 ^ dot_clk_gate/_0_/X (sky130_fd_sc_hd__and2_1)
                                         clk_s5_gate (net)
                  1.21    0.00    1.81 ^ clkbuf_regs_3_clk_s5_gate/A (sky130_fd_sc_hd__clkbuf_16)
     1    0.01    0.06    0.30    2.11 ^ clkbuf_regs_3_clk_s5_gate/X (sky130_fd_sc_hd__clkbuf_16)
                                         clk_s5_gate_regs (net)
                  0.06    0.00    2.11 ^ clkbuf_0_clk_s5_gate_regs/A (sky130_fd_sc_hd__clkbuf_16)
     2    0.03    0.05    0.14    2.24 ^ clkbuf_0_clk_s5_gate_regs/X (sky130_fd_sc_hd__clkbuf_16)
                                         clknet_0_clk_s5_gate_regs (net)
                  0.05    0.00    2.25 ^ clkbuf_1_1__f_clk_s5_gate_regs/A (sky130_fd_sc_hd__clkbuf_16)
     2    0.06    0.08    0.15    2.40 ^ clkbuf_1_1__f_clk_s5_gate_regs/X (sky130_fd_sc_hd__clkbuf_16)
                                         clknet_1_1__leaf_clk_s5_gate_regs (net)
                  0.08    0.01    2.41 ^ dot_clk_div/clk_div[0]$_SDFF_PP0_/CLK (sky130_fd_sc_hd__dfxtp_1)
                          0.10    2.51   clock uncertainty
                          0.00    2.51   clock reconvergence pessimism
                         -0.14    2.37   library hold time
                                  2.37   data required time
-----------------------------------------------------------------------------
                                  2.37   data required time
                                 -3.44   data arrival time
-----------------------------------------------------------------------------
                                  1.07   slack (MET)


Startpoint: mmio_master_0/m1_dw_data[8]$_SDFFE_PP0P_
            (rising edge-triggered flip-flop clocked by clk1)
Endpoint: main_memory_0/mem[52][8]$_DFFE_PP_
          (rising edge-triggered flip-flop clocked by clk_s8)
Path Group: clk_s8
Path Type: min

Fanout     Cap    Slew   Delay    Time   Description
-----------------------------------------------------------------------------
                          0.00    0.00   clock clk1 (rise edge)
                          0.00    0.00   clock source latency
     4    0.36    1.61    1.14    1.14 ^ clk1 (in)
                                         clk1 (net)
                  1.62    0.00    1.14 ^ clkbuf_regs_0_clk1/A (sky130_fd_sc_hd__clkbuf_16)
     1    0.01    0.07    0.33    1.47 ^ clkbuf_regs_0_clk1/X (sky130_fd_sc_hd__clkbuf_16)
                                         clk1_regs (net)
                  0.07    0.00    1.47 ^ clkbuf_0_clk1_regs/A (sky130_fd_sc_hd__clkbuf_16)
     3    0.17    0.18    0.24    1.71 ^ clkbuf_0_clk1_regs/X (sky130_fd_sc_hd__clkbuf_16)
                                         clknet_0_clk1_regs (net)
                  0.18    0.01    1.72 ^ clkbuf_1_1_0_clk1_regs/A (sky130_fd_sc_hd__clkbuf_16)
     2    0.08    0.10    0.22    1.94 ^ clkbuf_1_1_0_clk1_regs/X (sky130_fd_sc_hd__clkbuf_16)
                                         clknet_1_1_0_clk1_regs (net)
                  0.10    0.00    1.94 ^ clkbuf_2_3_0_clk1_regs/A (sky130_fd_sc_hd__clkbuf_16)
     2    0.11    0.13    0.21    2.15 ^ clkbuf_2_3_0_clk1_regs/X (sky130_fd_sc_hd__clkbuf_16)
                                         clknet_2_3_0_clk1_regs (net)
                  0.13    0.01    2.16 ^ clkbuf_3_6_0_clk1_regs/A (sky130_fd_sc_hd__clkbuf_16)
     2    0.11    0.12    0.22    2.37 ^ clkbuf_3_6_0_clk1_regs/X (sky130_fd_sc_hd__clkbuf_16)
                                         clknet_3_6_0_clk1_regs (net)
                  0.12    0.01    2.38 ^ clkbuf_4_13_0_clk1_regs/A (sky130_fd_sc_hd__clkbuf_16)
    16    0.35    0.36    0.38    2.76 ^ clkbuf_4_13_0_clk1_regs/X (sky130_fd_sc_hd__clkbuf_16)
                                         clknet_4_13_0_clk1_regs (net)
                  0.36    0.01    2.77 ^ clkbuf_8_208_0_clk1_regs/A (sky130_fd_sc_hd__clkbuf_16)
    15    0.25    0.26    0.38    3.15 ^ clkbuf_8_208_0_clk1_regs/X (sky130_fd_sc_hd__clkbuf_16)
                                         clknet_8_208_0_clk1_regs (net)
                  0.26    0.01    3.15 ^ clkbuf_leaf_815_clk1_regs/A (sky130_fd_sc_hd__clkbuf_16)
     9    0.04    0.06    0.21    3.37 ^ clkbuf_leaf_815_clk1_regs/X (sky130_fd_sc_hd__clkbuf_16)
                                         clknet_leaf_815_clk1_regs (net)
                  0.06    0.00    3.37 ^ mmio_master_0/m1_dw_data[8]$_SDFFE_PP0P_/CLK (sky130_fd_sc_hd__dfxtp_1)
     3    0.02    0.09    0.35    3.72 v mmio_master_0/m1_dw_data[8]$_SDFFE_PP0P_/Q (sky130_fd_sc_hd__dfxtp_1)
                                         p1_dw_data[8] (net)
                  0.09    0.00    3.72 v _1625_/A (sky130_fd_sc_hd__nand2_1)
     1    0.00    0.06    0.08    3.80 ^ _1625_/Y (sky130_fd_sc_hd__nand2_1)
                                         _0182_ (net)
                  0.06    0.00    3.80 ^ _1627_/A (sky130_fd_sc_hd__nand2_1)
     1    0.02    0.13    0.13    3.93 v _1627_/Y (sky130_fd_sc_hd__nand2_1)
                                         m1_dw_data[8] (net)
                  0.13    0.00    3.93 v interconnect_0/place31203/A (sky130_fd_sc_hd__buf_4)
     6    0.18    0.22    0.33    4.26 v interconnect_0/place31203/X (sky130_fd_sc_hd__buf_4)
                                         interconnect_0/net31202 (net)
                  0.22    0.02    4.27 v interconnect_0/_1458_/A0 (sky130_fd_sc_hd__mux2_2)
     1    0.00    0.05    0.33    4.60 v interconnect_0/_1458_/X (sky130_fd_sc_hd__mux2_2)
                                         s8_dw_data[8] (net)
                  0.05    0.00    4.60 v memory_axi_0/hold35593/A (sky130_fd_sc_hd__dlygate4sd3_1)
     1    0.00    0.06    0.55    5.16 v memory_axi_0/hold35593/X (sky130_fd_sc_hd__dlygate4sd3_1)
                                         memory_axi_0/net35592 (net)
                  0.06    0.00    5.16 v memory_axi_0/_0586_/A (sky130_fd_sc_hd__and2_1)
     2    0.03    0.13    0.23    5.38 v memory_axi_0/_0586_/X (sky130_fd_sc_hd__and2_1)
                                         mem_data_in[8] (net)
                  0.13    0.00    5.38 v main_memory_0/place29197/A (sky130_fd_sc_hd__buf_4)
    13    0.18    0.22    0.32    5.70 v main_memory_0/place29197/X (sky130_fd_sc_hd__buf_4)
                                         main_memory_0/net29196 (net)
                  0.24    0.05    5.75 v main_memory_0/mem[52][8]$_DFFE_PP_/D (sky130_fd_sc_hd__edfxtp_1)
                                  5.75   data arrival time

                          0.00    0.00   clock clk_s8 (rise edge)
                          0.00    0.00   clock source latency
     4    0.36    1.61    1.14    1.14 ^ clk1 (in)
                                         clk1 (net)
                  1.62    0.00    1.14 ^ clkbuf_regs_0_clk1/A (sky130_fd_sc_hd__clkbuf_16)
     1    0.01    0.07    0.33    1.47 ^ clkbuf_regs_0_clk1/X (sky130_fd_sc_hd__clkbuf_16)
                                         clk1_regs (net)
                  0.07    0.00    1.47 ^ clkbuf_0_clk1_regs/A (sky130_fd_sc_hd__clkbuf_16)
     3    0.17    0.18    0.24    1.71 ^ clkbuf_0_clk1_regs/X (sky130_fd_sc_hd__clkbuf_16)
                                         clknet_0_clk1_regs (net)
                  0.18    0.01    1.72 ^ clkbuf_1_1_0_clk1_regs/A (sky130_fd_sc_hd__clkbuf_16)
     2    0.08    0.10    0.22    1.94 ^ clkbuf_1_1_0_clk1_regs/X (sky130_fd_sc_hd__clkbuf_16)
                                         clknet_1_1_0_clk1_regs (net)
                  0.10    0.00    1.94 ^ clkbuf_2_3_0_clk1_regs/A (sky130_fd_sc_hd__clkbuf_16)
     2    0.11    0.13    0.21    2.15 ^ clkbuf_2_3_0_clk1_regs/X (sky130_fd_sc_hd__clkbuf_16)
                                         clknet_2_3_0_clk1_regs (net)
                  0.13    0.01    2.16 ^ clkbuf_3_6_0_clk1_regs/A (sky130_fd_sc_hd__clkbuf_16)
     2    0.11    0.12    0.22    2.37 ^ clkbuf_3_6_0_clk1_regs/X (sky130_fd_sc_hd__clkbuf_16)
                                         clknet_3_6_0_clk1_regs (net)
                  0.12    0.01    2.38 ^ clkbuf_4_12_0_clk1_regs/A (sky130_fd_sc_hd__clkbuf_16)
    16    0.35    0.36    0.38    2.76 ^ clkbuf_4_12_0_clk1_regs/X (sky130_fd_sc_hd__clkbuf_16)
                                         clknet_4_12_0_clk1_regs (net)
                  0.36    0.01    2.77 ^ clkbuf_8_196_0_clk1_regs/A (sky130_fd_sc_hd__clkbuf_16)
    11    0.18    0.20    0.33    3.10 ^ clkbuf_8_196_0_clk1_regs/X (sky130_fd_sc_hd__clkbuf_16)
                                         clknet_8_196_0_clk1_regs (net)
                  0.20    0.00    3.11 ^ clkbuf_leaf_842_clk1_regs/A (sky130_fd_sc_hd__clkbuf_16)
     8    0.04    0.06    0.19    3.30 ^ clkbuf_leaf_842_clk1_regs/X (sky130_fd_sc_hd__clkbuf_16)
                                         clknet_leaf_842_clk1_regs (net)
                  0.06    0.00    3.30 ^ clk_en_reg[4]$_SDFFE_PP1P_/CLK (sky130_fd_sc_hd__dfxtp_1)
     3    0.14    1.31    1.20    4.50 ^ clk_en_reg[4]$_SDFFE_PP1P_/Q (sky130_fd_sc_hd__dfxtp_1)
                                         clk_en_reg[4] (net)
                  1.31    0.01    4.51 ^ memory_clk_gate/_0_/B (sky130_fd_sc_hd__and2_1)
     1    0.01    0.14    0.31    4.82 ^ memory_clk_gate/_0_/X (sky130_fd_sc_hd__and2_1)
                                         clk_s8 (net)
                  0.14    0.00    4.82 ^ clkbuf_0_clk_s8/A (sky130_fd_sc_hd__clkbuf_16)
     4    0.18    0.19    0.27    5.09 ^ clkbuf_0_clk_s8/X (sky130_fd_sc_hd__clkbuf_16)
                                         clknet_0_clk_s8 (net)
                  0.19    0.01    5.10 ^ clkbuf_2_0_0_clk_s8/A (sky130_fd_sc_hd__clkbuf_16)
     4    0.10    0.12    0.24    5.34 ^ clkbuf_2_0_0_clk_s8/X (sky130_fd_sc_hd__clkbuf_16)
                                         clknet_2_0_0_clk_s8 (net)
                  0.12    0.00    5.34 ^ clkbuf_4_3__f_clk_s8/A (sky130_fd_sc_hd__clkbuf_16)
    16    0.24    0.25    0.31    5.65 ^ clkbuf_4_3__f_clk_s8/X (sky130_fd_sc_hd__clkbuf_16)
                                         clknet_4_3__leaf_clk_s8 (net)
                  0.25    0.01    5.65 ^ clkbuf_leaf_61_clk_s8/A (sky130_fd_sc_hd__clkbuf_16)
    14    0.05    0.07    0.22    5.87 ^ clkbuf_leaf_61_clk_s8/X (sky130_fd_sc_hd__clkbuf_16)
                                         clknet_leaf_61_clk_s8 (net)
                  0.07    0.00    5.87 ^ main_memory_0/mem[52][8]$_DFFE_PP_/CLK (sky130_fd_sc_hd__edfxtp_1)
                          0.10    5.97   clock uncertainty
                          0.00    5.97   clock reconvergence pessimism
                         -0.24    5.73   library hold time
                                  5.73   data required time
-----------------------------------------------------------------------------
                                  5.73   data required time
                                 -5.75   data arrival time
-----------------------------------------------------------------------------
                                  0.02   slack (MET)



==========================================================================
global route report_checks -path_delay max
--------------------------------------------------------------------------
Startpoint: processor_0/ex_stage/mul_unit_ex/s1_a[0]$_SDFFE_PP0P_
            (rising edge-triggered flip-flop clocked by clk1)
Endpoint: processor_0/ex_stage/mul_unit_ex/product[59]$_SDFFE_PP0P_
          (rising edge-triggered flip-flop clocked by clk1)
Path Group: clk1
Path Type: max

Fanout     Cap    Slew   Delay    Time   Description
-----------------------------------------------------------------------------
                          0.00    0.00   clock clk1 (rise edge)
                          0.00    0.00   clock source latency
     4    0.36    1.61    1.14    1.14 ^ clk1 (in)
                                         clk1 (net)
                  1.62    0.00    1.14 ^ clkbuf_regs_0_clk1/A (sky130_fd_sc_hd__clkbuf_16)
     1    0.01    0.07    0.33    1.47 ^ clkbuf_regs_0_clk1/X (sky130_fd_sc_hd__clkbuf_16)
                                         clk1_regs (net)
                  0.07    0.00    1.47 ^ clkbuf_0_clk1_regs/A (sky130_fd_sc_hd__clkbuf_16)
     3    0.17    0.18    0.24    1.71 ^ clkbuf_0_clk1_regs/X (sky130_fd_sc_hd__clkbuf_16)
                                         clknet_0_clk1_regs (net)
                  0.18    0.01    1.72 ^ clkbuf_1_0_0_clk1_regs/A (sky130_fd_sc_hd__clkbuf_16)
     2    0.08    0.10    0.22    1.94 ^ clkbuf_1_0_0_clk1_regs/X (sky130_fd_sc_hd__clkbuf_16)
                                         clknet_1_0_0_clk1_regs (net)
                  0.10    0.00    1.94 ^ clkbuf_2_0_0_clk1_regs/A (sky130_fd_sc_hd__clkbuf_16)
     2    0.11    0.12    0.21    2.15 ^ clkbuf_2_0_0_clk1_regs/X (sky130_fd_sc_hd__clkbuf_16)
                                         clknet_2_0_0_clk1_regs (net)
                  0.12    0.01    2.16 ^ clkbuf_3_1_0_clk1_regs/A (sky130_fd_sc_hd__clkbuf_16)
     2    0.09    0.10    0.20    2.36 ^ clkbuf_3_1_0_clk1_regs/X (sky130_fd_sc_hd__clkbuf_16)
                                         clknet_3_1_0_clk1_regs (net)
                  0.10    0.00    2.37 ^ clkbuf_4_3_0_clk1_regs/A (sky130_fd_sc_hd__clkbuf_16)
    16    0.35    0.35    0.37    2.73 ^ clkbuf_4_3_0_clk1_regs/X (sky130_fd_sc_hd__clkbuf_16)
                                         clknet_4_3_0_clk1_regs (net)
                  0.35    0.01    2.75 ^ clkbuf_8_61_0_clk1_regs/A (sky130_fd_sc_hd__clkbuf_16)
    10    0.16    0.17    0.32    3.06 ^ clkbuf_8_61_0_clk1_regs/X (sky130_fd_sc_hd__clkbuf_16)
                                         clknet_8_61_0_clk1_regs (net)
                  0.18    0.01    3.07 ^ clkbuf_leaf_2396_clk1_regs/A (sky130_fd_sc_hd__clkbuf_16)
     9    0.04    0.06    0.19    3.26 ^ clkbuf_leaf_2396_clk1_regs/X (sky130_fd_sc_hd__clkbuf_16)
                                         clknet_leaf_2396_clk1_regs (net)
                  0.06    0.00    3.26 ^ processor_0/ex_stage/mul_unit_ex/s1_a[0]$_SDFFE_PP0P_/CLK (sky130_fd_sc_hd__dfxtp_1)
     4    0.02    0.09    0.36    3.62 v processor_0/ex_stage/mul_unit_ex/s1_a[0]$_SDFFE_PP0P_/Q (sky130_fd_sc_hd__dfxtp_1)
                                         processor_0/ex_stage/mul_unit_ex/GEN_PARTIAL[0].a_ext[0] (net)
                  0.09    0.00    3.62 v processor_0/ex_stage/mul_unit_ex/_05577_/A (sky130_fd_sc_hd__nor4_1)
     1    0.01    0.37    0.40    4.02 ^ processor_0/ex_stage/mul_unit_ex/_05577_/Y (sky130_fd_sc_hd__nor4_1)
                                         processor_0/ex_stage/mul_unit_ex/_00329_ (net)
                  0.37    0.00    4.02 ^ processor_0/ex_stage/mul_unit_ex/place33264/A (sky130_fd_sc_hd__buf_4)
     3    0.04    0.12    0.25    4.27 ^ processor_0/ex_stage/mul_unit_ex/place33264/X (sky130_fd_sc_hd__buf_4)
                                         processor_0/ex_stage/mul_unit_ex/net33263 (net)
                  0.12    0.00    4.27 ^ processor_0/ex_stage/mul_unit_ex/_05578_/D_N (sky130_fd_sc_hd__nor4b_2)
     1    0.01    0.26    0.26    4.53 ^ processor_0/ex_stage/mul_unit_ex/_05578_/Y (sky130_fd_sc_hd__nor4b_2)
                                         processor_0/ex_stage/mul_unit_ex/_00330_ (net)
                  0.26    0.00    4.53 ^ processor_0/ex_stage/mul_unit_ex/place32245/A (sky130_fd_sc_hd__buf_4)
     2    0.02    0.08    0.20    4.74 ^ processor_0/ex_stage/mul_unit_ex/place32245/X (sky130_fd_sc_hd__buf_4)
                                         processor_0/ex_stage/mul_unit_ex/net32244 (net)
                  0.08    0.00    4.74 ^ processor_0/ex_stage/mul_unit_ex/_05650_/B (sky130_fd_sc_hd__nand2_1)
     2    0.01    0.05    0.07    4.81 v processor_0/ex_stage/mul_unit_ex/_05650_/Y (sky130_fd_sc_hd__nand2_1)
                                         processor_0/ex_stage/mul_unit_ex/_00398_ (net)
                  0.05    0.00    4.81 v processor_0/ex_stage/mul_unit_ex/_05651_/C (sky130_fd_sc_hd__or3_1)
     2    0.02    0.15    0.40    5.21 v processor_0/ex_stage/mul_unit_ex/_05651_/X (sky130_fd_sc_hd__or3_1)
                                         processor_0/ex_stage/mul_unit_ex/_00399_ (net)
                  0.15    0.00    5.21 v processor_0/ex_stage/mul_unit_ex/_05653_/C (sky130_fd_sc_hd__or3_4)
     2    0.01    0.07    0.37    5.59 v processor_0/ex_stage/mul_unit_ex/_05653_/X (sky130_fd_sc_hd__or3_4)
                                         processor_0/ex_stage/mul_unit_ex/_00401_ (net)
                  0.07    0.00    5.59 v processor_0/ex_stage/mul_unit_ex/_05654_/C (sky130_fd_sc_hd__or3_4)
     4    0.03    0.11    0.40    5.98 v processor_0/ex_stage/mul_unit_ex/_05654_/X (sky130_fd_sc_hd__or3_4)
                                         processor_0/ex_stage/mul_unit_ex/_00402_ (net)
                  0.11    0.00    5.98 v processor_0/ex_stage/mul_unit_ex/place30814/A (sky130_fd_sc_hd__buf_12)
     6    0.04    0.04    0.16    6.15 v processor_0/ex_stage/mul_unit_ex/place30814/X (sky130_fd_sc_hd__buf_12)
                                         processor_0/ex_stage/mul_unit_ex/net30813 (net)
                  0.04    0.00    6.15 v processor_0/ex_stage/mul_unit_ex/place30813/A (sky130_fd_sc_hd__buf_12)
    11    0.06    0.04    0.14    6.30 v processor_0/ex_stage/mul_unit_ex/place30813/X (sky130_fd_sc_hd__buf_12)
                                         processor_0/ex_stage/mul_unit_ex/net30812 (net)
                  0.05    0.00    6.30 v processor_0/ex_stage/mul_unit_ex/_07104_/B (sky130_fd_sc_hd__nand2_1)
     1    0.01    0.09    0.10    6.40 ^ processor_0/ex_stage/mul_unit_ex/_07104_/Y (sky130_fd_sc_hd__nand2_1)
                                         processor_0/ex_stage/mul_unit_ex/_01589_ (net)
                  0.09    0.00    6.40 ^ processor_0/ex_stage/mul_unit_ex/_07105_/B (sky130_fd_sc_hd__xnor2_1)
     2    0.01    0.23    0.16    6.56 ^ processor_0/ex_stage/mul_unit_ex/_07105_/Y (sky130_fd_sc_hd__xnor2_1)
                                         processor_0/ex_stage/mul_unit_ex/_01590_ (net)
                  0.23    0.00    6.56 ^ processor_0/ex_stage/mul_unit_ex/_07107_/B1 (sky130_fd_sc_hd__a22oi_1)
     1    0.00    0.09    0.11    6.67 v processor_0/ex_stage/mul_unit_ex/_07107_/Y (sky130_fd_sc_hd__a22oi_1)
                                         processor_0/ex_stage/mul_unit_ex/_01592_ (net)
                  0.09    0.00    6.67 v processor_0/ex_stage/mul_unit_ex/_07115_/A2 (sky130_fd_sc_hd__o211ai_1)
     1    0.01    0.35    0.33    7.00 ^ processor_0/ex_stage/mul_unit_ex/_07115_/Y (sky130_fd_sc_hd__o211ai_1)
                                         processor_0/ex_stage/mul_unit_ex/GEN_PARTIAL[6].pp[41] (net)
                  0.35    0.00    7.00 ^ processor_0/ex_stage/mul_unit_ex/_10560_/A (sky130_fd_sc_hd__fa_1)
     1    0.02    0.16    0.55    7.55 v processor_0/ex_stage/mul_unit_ex/_10560_/SUM (sky130_fd_sc_hd__fa_1)
                                         processor_0/ex_stage/mul_unit_ex/_04854_ (net)
                  0.16    0.00    7.56 v processor_0/ex_stage/mul_unit_ex/_10943_/CIN (sky130_fd_sc_hd__fa_1)
     1    0.01    0.10    0.50    8.05 v processor_0/ex_stage/mul_unit_ex/_10943_/SUM (sky130_fd_sc_hd__fa_1)
                                         processor_0/ex_stage/mul_unit_ex/_05369_ (net)
                  0.10    0.00    8.05 v processor_0/ex_stage/mul_unit_ex/_10824_/CIN (sky130_fd_sc_hd__fa_1)
     1    0.01    0.12    0.45    8.50 v processor_0/ex_stage/mul_unit_ex/_10824_/COUT (sky130_fd_sc_hd__fa_1)
                                         processor_0/ex_stage/mul_unit_ex/_04226_ (net)
                  0.12    0.00    8.50 v processor_0/ex_stage/mul_unit_ex/place28906/A (sky130_fd_sc_hd__buf_4)
     1    0.05    0.08    0.22    8.73 v processor_0/ex_stage/mul_unit_ex/place28906/X (sky130_fd_sc_hd__buf_4)
                                         processor_0/ex_stage/mul_unit_ex/net28905 (net)
                  0.08    0.00    8.73 v processor_0/ex_stage/mul_unit_ex/_10348_/A (sky130_fd_sc_hd__fa_1)
     1    0.02    0.24    0.68    9.41 ^ processor_0/ex_stage/mul_unit_ex/_10348_/SUM (sky130_fd_sc_hd__fa_1)
                                         processor_0/ex_stage/mul_unit_ex/_04230_ (net)
                  0.24    0.00    9.42 ^ processor_0/ex_stage/mul_unit_ex/_10674_/B (sky130_fd_sc_hd__fa_1)
     1    0.01    0.13    0.52    9.94 v processor_0/ex_stage/mul_unit_ex/_10674_/SUM (sky130_fd_sc_hd__fa_1)
                                         processor_0/ex_stage/mul_unit_ex/_04295_ (net)
                  0.13    0.00    9.94 v processor_0/ex_stage/mul_unit_ex/_10364_/B (sky130_fd_sc_hd__fa_1)
     1    0.01    0.09    0.50   10.44 v processor_0/ex_stage/mul_unit_ex/_10364_/SUM (sky130_fd_sc_hd__fa_1)
                                         processor_0/ex_stage/mul_unit_ex/_04298_ (net)
                  0.09    0.00   10.44 v processor_0/ex_stage/mul_unit_ex/_11075_/B (sky130_fd_sc_hd__ha_1)
     3    0.02    0.12    0.36   10.80 v processor_0/ex_stage/mul_unit_ex/_11075_/SUM (sky130_fd_sc_hd__ha_1)
                                         processor_0/ex_stage/mul_unit_ex/_00112_ (net)
                  0.12    0.00   10.80 v processor_0/ex_stage/mul_unit_ex/_09649_/A (sky130_fd_sc_hd__nand3_1)
     2    0.02    0.23    0.21   11.02 ^ processor_0/ex_stage/mul_unit_ex/_09649_/Y (sky130_fd_sc_hd__nand3_1)
                                         processor_0/ex_stage/mul_unit_ex/_03605_ (net)
                  0.23    0.00   11.02 ^ processor_0/ex_stage/mul_unit_ex/_09766_/A (sky130_fd_sc_hd__nor3_1)
     1    0.01    0.07    0.11   11.12 v processor_0/ex_stage/mul_unit_ex/_09766_/Y (sky130_fd_sc_hd__nor3_1)
                                         processor_0/ex_stage/mul_unit_ex/_03721_ (net)
                  0.07    0.00   11.12 v processor_0/ex_stage/mul_unit_ex/place25859/A (sky130_fd_sc_hd__buf_4)
     2    0.01    0.03    0.15   11.27 v processor_0/ex_stage/mul_unit_ex/place25859/X (sky130_fd_sc_hd__buf_4)
                                         processor_0/ex_stage/mul_unit_ex/net25858 (net)
                  0.03    0.00   11.27 v processor_0/ex_stage/mul_unit_ex/place25858/A (sky130_fd_sc_hd__buf_4)
     2    0.01    0.04    0.14   11.41 v processor_0/ex_stage/mul_unit_ex/place25858/X (sky130_fd_sc_hd__buf_4)
                                         processor_0/ex_stage/mul_unit_ex/net25857 (net)
                  0.04    0.00   11.41 v processor_0/ex_stage/mul_unit_ex/_09776_/B1 (sky130_fd_sc_hd__o21ai_1)
     1    0.01    0.20    0.12   11.53 ^ processor_0/ex_stage/mul_unit_ex/_09776_/Y (sky130_fd_sc_hd__o21ai_1)
                                         processor_0/ex_stage/mul_unit_ex/_03731_ (net)
                  0.20    0.00   11.53 ^ processor_0/ex_stage/mul_unit_ex/_09783_/B (sky130_fd_sc_hd__nand3_1)
     2    0.01    0.16    0.18   11.71 v processor_0/ex_stage/mul_unit_ex/_09783_/Y (sky130_fd_sc_hd__nand3_1)
                                         processor_0/ex_stage/mul_unit_ex/_03738_ (net)
                  0.16    0.00   11.71 v processor_0/ex_stage/mul_unit_ex/_09791_/A3 (sky130_fd_sc_hd__a32oi_1)
     1    0.01    0.21    0.28   11.99 ^ processor_0/ex_stage/mul_unit_ex/_09791_/Y (sky130_fd_sc_hd__a32oi_1)
                                         processor_0/ex_stage/mul_unit_ex/_03746_ (net)
                  0.21    0.00   11.99 ^ processor_0/ex_stage/mul_unit_ex/place25780/A (sky130_fd_sc_hd__buf_4)
     2    0.05    0.15    0.24   12.22 ^ processor_0/ex_stage/mul_unit_ex/place25780/X (sky130_fd_sc_hd__buf_4)
                                         processor_0/ex_stage/mul_unit_ex/net25779 (net)
                  0.15    0.00   12.23 ^ processor_0/ex_stage/mul_unit_ex/_09792_/B (sky130_fd_sc_hd__nand2_1)
     2    0.03    0.20    0.20   12.42 v processor_0/ex_stage/mul_unit_ex/_09792_/Y (sky130_fd_sc_hd__nand2_1)
                                         processor_0/ex_stage/mul_unit_ex/_03747_ (net)
                  0.20    0.00   12.43 v processor_0/ex_stage/mul_unit_ex/_09805_/A2 (sky130_fd_sc_hd__a211o_4)
     2    0.03    0.08    0.43   12.86 v processor_0/ex_stage/mul_unit_ex/_09805_/X (sky130_fd_sc_hd__a211o_4)
                                         processor_0/ex_stage/mul_unit_ex/_03760_ (net)
                  0.08    0.00   12.86 v processor_0/ex_stage/mul_unit_ex/_09869_/A2 (sky130_fd_sc_hd__a21o_1)
     2    0.01    0.08    0.23   13.10 v processor_0/ex_stage/mul_unit_ex/_09869_/X (sky130_fd_sc_hd__a21o_1)
                                         processor_0/ex_stage/mul_unit_ex/_03821_ (net)
                  0.08    0.00   13.10 v processor_0/ex_stage/mul_unit_ex/_09870_/A3 (sky130_fd_sc_hd__a31oi_1)
     1    0.01    0.26    0.27   13.37 ^ processor_0/ex_stage/mul_unit_ex/_09870_/Y (sky130_fd_sc_hd__a31oi_1)
                                         processor_0/ex_stage/mul_unit_ex/_03822_ (net)
                  0.26    0.00   13.37 ^ processor_0/ex_stage/mul_unit_ex/_09871_/B (sky130_fd_sc_hd__xnor2_2)
     1    0.04    0.18    0.21   13.58 v processor_0/ex_stage/mul_unit_ex/_09871_/Y (sky130_fd_sc_hd__xnor2_2)
                                         processor_0/ex_stage/mul_unit_ex/_03823_ (net)
                  0.18    0.00   13.58 v processor_0/ex_stage/mul_unit_ex/place25567/A (sky130_fd_sc_hd__buf_12)
     1    0.05    0.04    0.21   13.79 v processor_0/ex_stage/mul_unit_ex/place25567/X (sky130_fd_sc_hd__buf_12)
                                         processor_0/ex_stage/mul_unit_ex/net25566 (net)
                  0.04    0.00   13.79 v processor_0/ex_stage/mul_unit_ex/_09872_/B2 (sky130_fd_sc_hd__a22o_1)
     1    0.00    0.04    0.20   13.99 v processor_0/ex_stage/mul_unit_ex/_09872_/X (sky130_fd_sc_hd__a22o_1)
                                         processor_0/ex_stage/mul_unit_ex/_00166_ (net)
                  0.04    0.00   13.99 v processor_0/ex_stage/mul_unit_ex/product[59]$_SDFFE_PP0P_/D (sky130_fd_sc_hd__dfxtp_1)
                                 13.99   data arrival time

                         10.00   10.00   clock clk1 (rise edge)
                          0.00   10.00   clock source latency
     4    0.36    1.61    1.14   11.14 ^ clk1 (in)
                                         clk1 (net)
                  1.62    0.00   11.14 ^ clkbuf_regs_0_clk1/A (sky130_fd_sc_hd__clkbuf_16)
     1    0.01    0.07    0.33   11.47 ^ clkbuf_regs_0_clk1/X (sky130_fd_sc_hd__clkbuf_16)
                                         clk1_regs (net)
                  0.07    0.00   11.47 ^ clkbuf_0_clk1_regs/A (sky130_fd_sc_hd__clkbuf_16)
     3    0.17    0.18    0.24   11.71 ^ clkbuf_0_clk1_regs/X (sky130_fd_sc_hd__clkbuf_16)
                                         clknet_0_clk1_regs (net)
                  0.18    0.01   11.72 ^ clkbuf_1_0_0_clk1_regs/A (sky130_fd_sc_hd__clkbuf_16)
     2    0.08    0.10    0.22   11.94 ^ clkbuf_1_0_0_clk1_regs/X (sky130_fd_sc_hd__clkbuf_16)
                                         clknet_1_0_0_clk1_regs (net)
                  0.10    0.00   11.94 ^ clkbuf_2_0_0_clk1_regs/A (sky130_fd_sc_hd__clkbuf_16)
     2    0.11    0.12    0.21   12.15 ^ clkbuf_2_0_0_clk1_regs/X (sky130_fd_sc_hd__clkbuf_16)
                                         clknet_2_0_0_clk1_regs (net)
                  0.12    0.01   12.16 ^ clkbuf_3_1_0_clk1_regs/A (sky130_fd_sc_hd__clkbuf_16)
     2    0.09    0.10    0.20   12.36 ^ clkbuf_3_1_0_clk1_regs/X (sky130_fd_sc_hd__clkbuf_16)
                                         clknet_3_1_0_clk1_regs (net)
                  0.10    0.00   12.37 ^ clkbuf_4_3_0_clk1_regs/A (sky130_fd_sc_hd__clkbuf_16)
    16    0.35    0.35    0.37   12.73 ^ clkbuf_4_3_0_clk1_regs/X (sky130_fd_sc_hd__clkbuf_16)
                                         clknet_4_3_0_clk1_regs (net)
                  0.35    0.01   12.75 ^ clkbuf_8_61_0_clk1_regs/A (sky130_fd_sc_hd__clkbuf_16)
    10    0.16    0.17    0.32   13.06 ^ clkbuf_8_61_0_clk1_regs/X (sky130_fd_sc_hd__clkbuf_16)
                                         clknet_8_61_0_clk1_regs (net)
                  0.18    0.01   13.07 ^ clkbuf_leaf_2379_clk1_regs/A (sky130_fd_sc_hd__clkbuf_16)
    11    0.04    0.06    0.19   13.26 ^ clkbuf_leaf_2379_clk1_regs/X (sky130_fd_sc_hd__clkbuf_16)
                                         clknet_leaf_2379_clk1_regs (net)
                  0.06    0.00   13.26 ^ processor_0/ex_stage/mul_unit_ex/product[59]$_SDFFE_PP0P_/CLK (sky130_fd_sc_hd__dfxtp_1)
                         -0.25   13.01   clock uncertainty
                          0.00   13.01   clock reconvergence pessimism
                         -0.11   12.90   library setup time
                                 12.90   data required time
-----------------------------------------------------------------------------
                                 12.90   data required time
                                -13.99   data arrival time
-----------------------------------------------------------------------------
                                 -1.09   slack (VIOLATED)


Startpoint: timer_0/fifo_timer_w/counter_2[1]$_SDFFE_PP0P_
            (rising edge-triggered flip-flop clocked by clk_s1)
Endpoint: timer_0/fifo_timer_r/mem[10][19]$_DFFE_PP_
          (rising edge-triggered flip-flop clocked by clk_s1)
Path Group: clk_s1
Path Type: max

Fanout     Cap    Slew   Delay    Time   Description
-----------------------------------------------------------------------------
                          0.00    0.00   clock clk_s1 (rise edge)
                          0.00    0.00   clock source latency
    15    0.20    0.89    0.62    0.62 ^ clk4 (in)
                                         clk4 (net)
                  0.89    0.00    0.62 ^ timer_clk_gate/_0_/A (sky130_fd_sc_hd__and2_1)
     2    0.23    2.12    1.69    2.31 ^ timer_clk_gate/_0_/X (sky130_fd_sc_hd__and2_1)
                                         clk_s1_gate (net)
                  2.12    0.01    2.33 ^ clkbuf_regs_1_clk_s1_gate/A (sky130_fd_sc_hd__clkbuf_16)
     1    0.01    0.09    0.37    2.70 ^ clkbuf_regs_1_clk_s1_gate/X (sky130_fd_sc_hd__clkbuf_16)
                                         clk_s1_gate_regs (net)
                  0.09    0.00    2.70 ^ clkbuf_0_clk_s1_gate_regs/A (sky130_fd_sc_hd__clkbuf_16)
     2    0.02    0.05    0.14    2.84 ^ clkbuf_0_clk_s1_gate_regs/X (sky130_fd_sc_hd__clkbuf_16)
                                         clknet_0_clk_s1_gate_regs (net)
                  0.05    0.00    2.84 ^ clkbuf_1_0__f_clk_s1_gate_regs/A (sky130_fd_sc_hd__clkbuf_16)
     2    0.11    0.12    0.18    3.02 ^ clkbuf_1_0__f_clk_s1_gate_regs/X (sky130_fd_sc_hd__clkbuf_16)
                                         clknet_1_0__leaf_clk_s1_gate_regs (net)
                  0.13    0.02    3.05 ^ timer_clk_div/clk_div[0]$_SDFF_PP0_/CLK (sky130_fd_sc_hd__dfxtp_1)
     1    0.02    0.15    0.41    3.46 ^ timer_clk_div/clk_div[0]$_SDFF_PP0_/Q (sky130_fd_sc_hd__dfxtp_1)
                                         timer_clk_div/clk_div2 (net)
                  0.15    0.00    3.46 ^ clkbuf_0_timer_clk_div/clk_div2/A (sky130_fd_sc_hd__clkbuf_16)
     2    0.07    0.09    0.20    3.66 ^ clkbuf_0_timer_clk_div/clk_div2/X (sky130_fd_sc_hd__clkbuf_16)
                                         clknet_0_timer_clk_div/clk_div2 (net)
                  0.09    0.00    3.67 ^ clkbuf_1_0__f_timer_clk_div/clk_div2/A (sky130_fd_sc_hd__clkbuf_16)
     3    0.21    0.22    0.27    3.94 ^ clkbuf_1_0__f_timer_clk_div/clk_div2/X (sky130_fd_sc_hd__clkbuf_16)
                                         clknet_1_0__leaf_timer_clk_div/clk_div2 (net)
                  0.22    0.01    3.95 ^ timer_clk_div/_10_/A1 (sky130_fd_sc_hd__mux4_2)
     1    0.01    0.09    0.32    4.26 ^ timer_clk_div/_10_/X (sky130_fd_sc_hd__mux4_2)
                                         clk_s1 (net)
                  0.09    0.00    4.26 ^ clkbuf_0_clk_s1/A (sky130_fd_sc_hd__clkbuf_16)
     8    0.16    0.17    0.24    4.50 ^ clkbuf_0_clk_s1/X (sky130_fd_sc_hd__clkbuf_16)
                                         clknet_0_clk_s1 (net)
                  0.17    0.00    4.51 ^ clkbuf_3_1__f_clk_s1/A (sky130_fd_sc_hd__clkbuf_16)
     9    0.12    0.14    0.24    4.75 ^ clkbuf_3_1__f_clk_s1/X (sky130_fd_sc_hd__clkbuf_16)
                                         clknet_3_1__leaf_clk_s1 (net)
                  0.14    0.00    4.76 ^ clkbuf_leaf_0_clk_s1/A (sky130_fd_sc_hd__clkbuf_16)
    11    0.04    0.06    0.18    4.93 ^ clkbuf_leaf_0_clk_s1/X (sky130_fd_sc_hd__clkbuf_16)
                                         clknet_leaf_0_clk_s1 (net)
                  0.06    0.00    4.93 ^ timer_0/fifo_timer_w/counter_2[1]$_SDFFE_PP0P_/CLK (sky130_fd_sc_hd__dfxtp_1)
     1    0.01    0.06    0.32    5.26 ^ timer_0/fifo_timer_w/counter_2[1]$_SDFFE_PP0P_/Q (sky130_fd_sc_hd__dfxtp_1)
                                         timer_0/fifo_timer_w/counter_2[1] (net)
                  0.06    0.00    5.26 ^ timer_0/fifo_timer_w/place31260/A (sky130_fd_sc_hd__buf_4)
    17    0.15    0.41    0.37    5.63 ^ timer_0/fifo_timer_w/place31260/X (sky130_fd_sc_hd__buf_4)
                                         timer_0/fifo_timer_w/net31259 (net)
                  0.41    0.01    5.64 ^ timer_0/fifo_timer_w/place31259/A (sky130_fd_sc_hd__buf_4)
    20    0.19    0.52    0.53    6.17 ^ timer_0/fifo_timer_w/place31259/X (sky130_fd_sc_hd__buf_4)
                                         timer_0/fifo_timer_w/net31258 (net)
                  0.53    0.03    6.19 ^ timer_0/fifo_timer_w/place31257/A (sky130_fd_sc_hd__buf_4)
    20    0.19    0.50    0.53    6.73 ^ timer_0/fifo_timer_w/place31257/X (sky130_fd_sc_hd__buf_4)
                                         timer_0/fifo_timer_w/net31256 (net)
                  0.50    0.03    6.75 ^ timer_0/fifo_timer_w/_436_/B (sky130_fd_sc_hd__nand2b_1)
    10    0.06    0.43    0.46    7.22 v timer_0/fifo_timer_w/_436_/Y (sky130_fd_sc_hd__nand2b_1)
                                         timer_0/fifo_timer_w/_251_ (net)
                  0.43    0.00    7.22 v timer_0/fifo_timer_w/_523_/A1 (sky130_fd_sc_hd__o22ai_1)
     1    0.02    0.41    0.50    7.72 ^ timer_0/fifo_timer_w/_523_/Y (sky130_fd_sc_hd__o22ai_1)
                                         timer_0/fifo_timer_w/_332_ (net)
                  0.41    0.00    7.72 ^ timer_0/fifo_timer_w/_527_/B (sky130_fd_sc_hd__nor3_2)
     1    0.01    0.13    0.11    7.83 v timer_0/fifo_timer_w/_527_/Y (sky130_fd_sc_hd__nor3_2)
                                         timer_0/fifo_data_read[33] (net)
                  0.13    0.00    7.83 v timer_0/timer_0/_0548_/C (sky130_fd_sc_hd__nor4b_1)
     2    0.02    0.76    0.66    8.50 ^ timer_0/timer_0/_0548_/Y (sky130_fd_sc_hd__nor4b_1)
                                         timer_0/timer_0/_0099_ (net)
                  0.76    0.00    8.50 ^ timer_0/timer_0/_0550_/B (sky130_fd_sc_hd__nand3b_1)
    17    0.10    0.93    0.91    9.41 v timer_0/timer_0/_0550_/Y (sky130_fd_sc_hd__nand3b_1)
                                         timer_0/timer_0/_0101_ (net)
                  0.93    0.01    9.42 v timer_0/timer_0/place29073/A (sky130_fd_sc_hd__buf_4)
    16    0.06    0.11    0.51    9.93 v timer_0/timer_0/place29073/X (sky130_fd_sc_hd__buf_4)
                                         timer_0/timer_0/net29072 (net)
                  0.11    0.00    9.93 v timer_0/timer_0/_0611_/A (sky130_fd_sc_hd__nor2_1)
    16    0.08    1.43    1.09   11.02 ^ timer_0/timer_0/_0611_/Y (sky130_fd_sc_hd__nor2_1)
                                         timer_0/data_out[19] (net)
                  1.43    0.02   11.04 ^ timer_0/fifo_timer_r/mem[10][19]$_DFFE_PP_/D (sky130_fd_sc_hd__edfxtp_1)
                                 11.04   data arrival time

                         25.00   25.00   clock clk_s1 (rise edge)
                          0.00   25.00   clock source latency
    15    0.20    0.89    0.62   25.62 ^ clk4 (in)
                                         clk4 (net)
                  0.89    0.00   25.62 ^ timer_clk_gate/_0_/A (sky130_fd_sc_hd__and2_1)
     2    0.23    2.12    1.69   27.31 ^ timer_clk_gate/_0_/X (sky130_fd_sc_hd__and2_1)
                                         clk_s1_gate (net)
                  2.12    0.01   27.33 ^ clkbuf_0_clk_s1_gate/A (sky130_fd_sc_hd__clkbuf_16)
     1    0.02    0.09    0.38   27.70 ^ clkbuf_0_clk_s1_gate/X (sky130_fd_sc_hd__clkbuf_16)
                                         clknet_0_clk_s1_gate (net)
                  0.09    0.00   27.70 ^ clkbuf_1_0__f_clk_s1_gate/A (sky130_fd_sc_hd__clkbuf_16)
     1    0.00    0.03    0.13   27.83 ^ clkbuf_1_0__f_clk_s1_gate/X (sky130_fd_sc_hd__clkbuf_16)
                                         clknet_1_0__leaf_clk_s1_gate (net)
                  0.03    0.00   27.83 ^ timer_clk_div/_10_/A0 (sky130_fd_sc_hd__mux4_2)
     1    0.01    0.09    0.26   28.09 ^ timer_clk_div/_10_/X (sky130_fd_sc_hd__mux4_2)
                                         clk_s1 (net)
                  0.09    0.00   28.09 ^ clkbuf_0_clk_s1/A (sky130_fd_sc_hd__clkbuf_16)
     8    0.16    0.17    0.24   28.33 ^ clkbuf_0_clk_s1/X (sky130_fd_sc_hd__clkbuf_16)
                                         clknet_0_clk_s1 (net)
                  0.17    0.00   28.33 ^ clkbuf_3_2__f_clk_s1/A (sky130_fd_sc_hd__clkbuf_16)
     9    0.12    0.13    0.24   28.57 ^ clkbuf_3_2__f_clk_s1/X (sky130_fd_sc_hd__clkbuf_16)
                                         clknet_3_2__leaf_clk_s1 (net)
                  0.14    0.00   28.58 ^ clkbuf_leaf_44_clk_s1/A (sky130_fd_sc_hd__clkbuf_16)
    12    0.05    0.07    0.18   28.75 ^ clkbuf_leaf_44_clk_s1/X (sky130_fd_sc_hd__clkbuf_16)
                                         clknet_leaf_44_clk_s1 (net)
                  0.07    0.00   28.76 ^ timer_0/fifo_timer_r/mem[10][19]$_DFFE_PP_/CLK (sky130_fd_sc_hd__edfxtp_1)
                         -0.25   28.51   clock uncertainty
                          1.18   29.68   clock reconvergence pessimism
                         -0.40   29.28   library setup time
                                 29.28   data required time
-----------------------------------------------------------------------------
                                 29.28   data required time
                                -11.04   data arrival time
-----------------------------------------------------------------------------
                                 18.25   slack (MET)


Startpoint: timer_clk_div/clk_div[0]$_SDFF_PP0_/Q
            (clock source 'timer_clk_div_clk_div2')
Endpoint: timer_clk_div/clk_div[1]$_SDFF_PP0_
          (rising edge-triggered flip-flop clocked by clk_s1_gate)
Path Group: clk_s1_gate
Path Type: max

Fanout     Cap    Slew   Delay    Time   Description
-----------------------------------------------------------------------------
                         25.00   25.00   clock timer_clk_div_clk_div2 (fall edge)
                          0.00   25.00   clock source latency
    15    0.20    0.89    0.62   25.62 ^ clk4 (in)
                                         clk4 (net)
                  0.89    0.00   25.62 ^ timer_clk_gate/_0_/A (sky130_fd_sc_hd__and2_1)
     2    0.23    2.12    1.69   27.31 ^ timer_clk_gate/_0_/X (sky130_fd_sc_hd__and2_1)
                                         clk_s1_gate (net)
                  2.12    0.01   27.33 ^ clkbuf_regs_1_clk_s1_gate/A (sky130_fd_sc_hd__clkbuf_16)
     1    0.01    0.09    0.37   27.70 ^ clkbuf_regs_1_clk_s1_gate/X (sky130_fd_sc_hd__clkbuf_16)
                                         clk_s1_gate_regs (net)
                  0.09    0.00   27.70 ^ clkbuf_0_clk_s1_gate_regs/A (sky130_fd_sc_hd__clkbuf_16)
     2    0.02    0.05    0.14   27.84 ^ clkbuf_0_clk_s1_gate_regs/X (sky130_fd_sc_hd__clkbuf_16)
                                         clknet_0_clk_s1_gate_regs (net)
                  0.05    0.00   27.84 ^ clkbuf_1_0__f_clk_s1_gate_regs/A (sky130_fd_sc_hd__clkbuf_16)
     2    0.11    0.12    0.18   28.02 ^ clkbuf_1_0__f_clk_s1_gate_regs/X (sky130_fd_sc_hd__clkbuf_16)
                                         clknet_1_0__leaf_clk_s1_gate_regs (net)
                  0.13    0.02   28.05 ^ timer_clk_div/clk_div[0]$_SDFF_PP0_/CLK (sky130_fd_sc_hd__dfxtp_1)
     1    0.01    0.08    0.37   28.41 v timer_clk_div/clk_div[0]$_SDFF_PP0_/Q (sky130_fd_sc_hd__dfxtp_1)
                                         timer_clk_div/clk_div2 (net)
                  0.08    0.00   28.41 v clkbuf_0_timer_clk_div/clk_div2/A (sky130_fd_sc_hd__clkbuf_16)
     2    0.07    0.06    0.19   28.60 v clkbuf_0_timer_clk_div/clk_div2/X (sky130_fd_sc_hd__clkbuf_16)
                                         clknet_0_timer_clk_div/clk_div2 (net)
                  0.06    0.00   28.60 v clkbuf_1_1__f_timer_clk_div/clk_div2/A (sky130_fd_sc_hd__clkbuf_16)
     2    0.08    0.07    0.19   28.79 v clkbuf_1_1__f_timer_clk_div/clk_div2/X (sky130_fd_sc_hd__clkbuf_16)
                                         clknet_1_1__leaf_timer_clk_div/clk_div2 (net)
                  0.07    0.00   28.80 v timer_clk_div/_11_/A (sky130_fd_sc_hd__ha_1)
     1    0.00    0.05    0.29   29.09 ^ timer_clk_div/_11_/SUM (sky130_fd_sc_hd__ha_1)
                                         timer_clk_div/_01_ (net)
                  0.05    0.00   29.09 ^ timer_clk_div/_06_/B_N (sky130_fd_sc_hd__nor2b_1)
    10    0.12    2.22    1.66   30.75 ^ timer_clk_div/_06_/Y (sky130_fd_sc_hd__nor2b_1)
                                         timer_clk_div/_02_ (net)
                  2.22    0.01   30.76 ^ timer_clk_div/clk_div[1]$_SDFF_PP0_/D (sky130_fd_sc_hd__dfxtp_1)
                                 30.76   data arrival time

                         50.00   50.00   clock clk_s1_gate (rise edge)
                          0.00   50.00   clock source latency
    15    0.20    0.89    0.62   50.62 ^ clk4 (in)
                                         clk4 (net)
                  0.89    0.00   50.62 ^ timer_clk_gate/_0_/A (sky130_fd_sc_hd__and2_1)
     2    0.23    2.12    1.69   52.31 ^ timer_clk_gate/_0_/X (sky130_fd_sc_hd__and2_1)
                                         clk_s1_gate (net)
                  2.12    0.01   52.33 ^ clkbuf_regs_1_clk_s1_gate/A (sky130_fd_sc_hd__clkbuf_16)
     1    0.01    0.09    0.37   52.70 ^ clkbuf_regs_1_clk_s1_gate/X (sky130_fd_sc_hd__clkbuf_16)
                                         clk_s1_gate_regs (net)
                  0.09    0.00   52.70 ^ clkbuf_0_clk_s1_gate_regs/A (sky130_fd_sc_hd__clkbuf_16)
     2    0.02    0.05    0.14   52.84 ^ clkbuf_0_clk_s1_gate_regs/X (sky130_fd_sc_hd__clkbuf_16)
                                         clknet_0_clk_s1_gate_regs (net)
                  0.05    0.00   52.84 ^ clkbuf_1_0__f_clk_s1_gate_regs/A (sky130_fd_sc_hd__clkbuf_16)
     2    0.11    0.12    0.18   53.02 ^ clkbuf_1_0__f_clk_s1_gate_regs/X (sky130_fd_sc_hd__clkbuf_16)
                                         clknet_1_0__leaf_clk_s1_gate_regs (net)
                  0.13    0.02   53.04 ^ timer_clk_div/clk_div[1]$_SDFF_PP0_/CLK (sky130_fd_sc_hd__dfxtp_1)
                         -0.25   52.79   clock uncertainty
                          0.00   52.80   clock reconvergence pessimism
                         -0.27   52.52   library setup time
                                 52.52   data required time
-----------------------------------------------------------------------------
                                 52.52   data required time
                                -30.76   data arrival time
-----------------------------------------------------------------------------
                                 21.76   slack (MET)


Startpoint: gpio_0/fifo_timer_w/counter_2[2]$_SDFFE_PP0P_
            (rising edge-triggered flip-flop clocked by clk_s2)
Endpoint: gpio_0/fifo_timer_r/mem[1][0]$_DFFE_PP_
          (rising edge-triggered flip-flop clocked by clk_s2)
Path Group: clk_s2
Path Type: max

Fanout     Cap    Slew   Delay    Time   Description
-----------------------------------------------------------------------------
                          0.00    0.00   clock clk_s2 (rise edge)
                          0.00    0.00   clock source latency
    15    0.16    0.73    0.51    0.51 ^ clk2 (in)
                                         clk2 (net)
                  0.73    0.00    0.51 ^ gpio_clk_gate/_0_/A (sky130_fd_sc_hd__and2_1)
     2    0.14    1.33    1.13    1.64 ^ gpio_clk_gate/_0_/X (sky130_fd_sc_hd__and2_1)
                                         clk_s2_gate (net)
                  1.33    0.01    1.65 ^ clkbuf_regs_2_clk_s2_gate/A (sky130_fd_sc_hd__clkbuf_16)
     1    0.01    0.07    0.31    1.95 ^ clkbuf_regs_2_clk_s2_gate/X (sky130_fd_sc_hd__clkbuf_16)
                                         clk_s2_gate_regs (net)
                  0.07    0.00    1.95 ^ clkbuf_0_clk_s2_gate_regs/A (sky130_fd_sc_hd__clkbuf_16)
     2    0.03    0.05    0.14    2.09 ^ clkbuf_0_clk_s2_gate_regs/X (sky130_fd_sc_hd__clkbuf_16)
                                         clknet_0_clk_s2_gate_regs (net)
                  0.05    0.00    2.09 ^ clkbuf_1_1__f_clk_s2_gate_regs/A (sky130_fd_sc_hd__clkbuf_16)
     2    0.06    0.07    0.15    2.24 ^ clkbuf_1_1__f_clk_s2_gate_regs/X (sky130_fd_sc_hd__clkbuf_16)
                                         clknet_1_1__leaf_clk_s2_gate_regs (net)
                  0.08    0.01    2.26 ^ gpio_clk_div/clk_div[0]$_SDFF_PP0_/CLK (sky130_fd_sc_hd__dfxtp_1)
     1    0.01    0.14    0.39    2.64 ^ gpio_clk_div/clk_div[0]$_SDFF_PP0_/Q (sky130_fd_sc_hd__dfxtp_1)
                                         gpio_clk_div/clk_div2 (net)
                  0.14    0.00    2.64 ^ clkbuf_0_gpio_clk_div/clk_div2/A (sky130_fd_sc_hd__clkbuf_16)
     2    0.05    0.07    0.18    2.82 ^ clkbuf_0_gpio_clk_div/clk_div2/X (sky130_fd_sc_hd__clkbuf_16)
                                         clknet_0_gpio_clk_div/clk_div2 (net)
                  0.07    0.00    2.82 ^ clkbuf_1_0__f_gpio_clk_div/clk_div2/A (sky130_fd_sc_hd__clkbuf_16)
     2    0.13    0.15    0.22    3.04 ^ clkbuf_1_0__f_gpio_clk_div/clk_div2/X (sky130_fd_sc_hd__clkbuf_16)
                                         clknet_1_0__leaf_gpio_clk_div/clk_div2 (net)
                  0.15    0.01    3.05 ^ gpio_clk_div/_10_/A1 (sky130_fd_sc_hd__mux4_2)
     1    0.01    0.12    0.30    3.35 ^ gpio_clk_div/_10_/X (sky130_fd_sc_hd__mux4_2)
                                         clk_s2 (net)
                  0.12    0.00    3.35 ^ clkbuf_0_clk_s2/A (sky130_fd_sc_hd__clkbuf_16)
     8    0.18    0.19    0.26    3.61 ^ clkbuf_0_clk_s2/X (sky130_fd_sc_hd__clkbuf_16)
                                         clknet_0_clk_s2 (net)
                  0.19    0.01    3.62 ^ clkbuf_3_5__f_clk_s2/A (sky130_fd_sc_hd__clkbuf_16)
     9    0.17    0.18    0.28    3.90 ^ clkbuf_3_5__f_clk_s2/X (sky130_fd_sc_hd__clkbuf_16)
                                         clknet_3_5__leaf_clk_s2 (net)
                  0.18    0.00    3.90 ^ clkbuf_leaf_30_clk_s2/A (sky130_fd_sc_hd__clkbuf_16)
     9    0.05    0.07    0.20    4.10 ^ clkbuf_leaf_30_clk_s2/X (sky130_fd_sc_hd__clkbuf_16)
                                         clknet_leaf_30_clk_s2 (net)
                  0.07    0.00    4.10 ^ gpio_0/fifo_timer_w/counter_2[2]$_SDFFE_PP0P_/CLK (sky130_fd_sc_hd__dfxtp_1)
    17    0.13    1.20    1.10    5.20 ^ gpio_0/fifo_timer_w/counter_2[2]$_SDFFE_PP0P_/Q (sky130_fd_sc_hd__dfxtp_1)
                                         gpio_0/fifo_timer_w/counter_2[2] (net)
                  1.20    0.00    5.21 ^ gpio_0/fifo_timer_w/place31448/A (sky130_fd_sc_hd__buf_4)
    20    0.13    0.36    0.50    5.70 ^ gpio_0/fifo_timer_w/place31448/X (sky130_fd_sc_hd__buf_4)
                                         gpio_0/fifo_timer_w/net31447 (net)
                  0.36    0.00    5.70 ^ gpio_0/fifo_timer_w/_887_/A (sky130_fd_sc_hd__ha_1)
     2    0.01    0.09    0.34    6.04 v gpio_0/fifo_timer_w/_887_/SUM (sky130_fd_sc_hd__ha_1)
                                         gpio_0/fifo_timer_w/counter_2_gray[2] (net)
                  0.09    0.00    6.04 v gpio_0/fifo_timer_w/_448_/A (sky130_fd_sc_hd__xor2_1)
     1    0.01    0.09    0.21    6.25 v gpio_0/fifo_timer_w/_448_/X (sky130_fd_sc_hd__xor2_1)
                                         gpio_0/fifo_timer_w/_263_ (net)
                  0.09    0.00    6.25 v gpio_0/fifo_timer_w/_450_/C (sky130_fd_sc_hd__nor4_4)
     6    0.02    0.41    0.40    6.65 ^ gpio_0/fifo_timer_w/_450_/Y (sky130_fd_sc_hd__nor4_4)
                                         gpio_0/fifo_timer_w/_265_ (net)
                  0.41    0.00    6.65 ^ gpio_0/fifo_timer_w/_872_/A (sky130_fd_sc_hd__and2_1)
     2    0.07    0.64    0.61    7.25 ^ gpio_0/fifo_timer_w/_872_/X (sky130_fd_sc_hd__and2_1)
                                         gpio_0/fifo_empty (net)
                  0.64    0.00    7.26 ^ gpio_0/_335_/A (sky130_fd_sc_hd__inv_1)
     8    0.07    0.36    0.48    7.74 v gpio_0/_335_/Y (sky130_fd_sc_hd__inv_1)
                                         gpio_0/addr_valid (net)
                  0.36    0.00    7.74 v gpio_0/fifo_timer_w/_453_/B1_N (sky130_fd_sc_hd__a21bo_1)
    14    0.11    0.87    0.88    8.62 ^ gpio_0/fifo_timer_w/_453_/X (sky130_fd_sc_hd__a21bo_1)
                                         gpio_0/fifo_timer_w/_268_ (net)
                  0.87    0.01    8.63 ^ gpio_0/fifo_timer_w/place30144/A (sky130_fd_sc_hd__buf_4)
     9    0.10    0.27    0.41    9.04 ^ gpio_0/fifo_timer_w/place30144/X (sky130_fd_sc_hd__buf_4)
                                         gpio_0/fifo_timer_w/net30143 (net)
                  0.27    0.01    9.05 ^ gpio_0/fifo_timer_w/place30143/A (sky130_fd_sc_hd__buf_4)
    20    0.17    0.45    0.46    9.51 ^ gpio_0/fifo_timer_w/place30143/X (sky130_fd_sc_hd__buf_4)
                                         gpio_0/fifo_timer_w/net30142 (net)
                  0.45    0.02    9.53 ^ gpio_0/fifo_timer_w/_535_/A (sky130_fd_sc_hd__nor3_2)
     8    0.06    0.21    0.26    9.79 v gpio_0/fifo_timer_w/_535_/Y (sky130_fd_sc_hd__nor3_2)
                                         gpio_0/fifo_data_read[32] (net)
                  0.21    0.01    9.80 v gpio_0/gpio_0/_2050_/C (sky130_fd_sc_hd__nor4_2)
     3    0.02    0.50    0.50   10.30 ^ gpio_0/gpio_0/_2050_/Y (sky130_fd_sc_hd__nor4_2)
                                         gpio_0/gpio_0/_0714_ (net)
                  0.50    0.00   10.30 ^ gpio_0/gpio_0/_2052_/B (sky130_fd_sc_hd__nand3_1)
    14    0.10    0.95    0.86   11.16 v gpio_0/gpio_0/_2052_/Y (sky130_fd_sc_hd__nand3_1)
                                         gpio_0/gpio_0/_0716_ (net)
                  0.95    0.02   11.18 v gpio_0/gpio_0/place29306/A (sky130_fd_sc_hd__buf_4)
    19    0.11    0.16    0.56   11.73 v gpio_0/gpio_0/place29306/X (sky130_fd_sc_hd__buf_4)
                                         gpio_0/gpio_0/net29305 (net)
                  0.16    0.01   11.74 v gpio_0/gpio_0/_2382_/B1 (sky130_fd_sc_hd__a31oi_1)
    16    0.06    1.37    1.02   12.77 ^ gpio_0/gpio_0/_2382_/Y (sky130_fd_sc_hd__a31oi_1)
                                         gpio_0/data_out[0] (net)
                  1.37    0.01   12.77 ^ gpio_0/fifo_timer_r/mem[1][0]$_DFFE_PP_/D (sky130_fd_sc_hd__edfxtp_1)
                                 12.77   data arrival time

                         20.00   20.00   clock clk_s2 (rise edge)
                          0.00   20.00   clock source latency
    15    0.16    0.73    0.51   20.51 ^ clk2 (in)
                                         clk2 (net)
                  0.73    0.00   20.51 ^ gpio_clk_gate/_0_/A (sky130_fd_sc_hd__and2_1)
     2    0.14    1.33    1.13   21.64 ^ gpio_clk_gate/_0_/X (sky130_fd_sc_hd__and2_1)
                                         clk_s2_gate (net)
                  1.33    0.01   21.65 ^ clkbuf_0_clk_s2_gate/A (sky130_fd_sc_hd__clkbuf_16)
     1    0.01    0.07    0.31   21.96 ^ clkbuf_0_clk_s2_gate/X (sky130_fd_sc_hd__clkbuf_16)
                                         clknet_0_clk_s2_gate (net)
                  0.07    0.00   21.96 ^ clkbuf_1_0__f_clk_s2_gate/A (sky130_fd_sc_hd__clkbuf_16)
     1    0.01    0.03    0.12   22.08 ^ clkbuf_1_0__f_clk_s2_gate/X (sky130_fd_sc_hd__clkbuf_16)
                                         clknet_1_0__leaf_clk_s2_gate (net)
                  0.03    0.00   22.08 ^ gpio_clk_div/_10_/A0 (sky130_fd_sc_hd__mux4_2)
     1    0.01    0.09    0.26   22.34 ^ gpio_clk_div/_10_/X (sky130_fd_sc_hd__mux4_2)
                                         clk_s2 (net)
                  0.09    0.00   22.34 ^ clkbuf_0_clk_s2/A (sky130_fd_sc_hd__clkbuf_16)
     8    0.18    0.19    0.25   22.60 ^ clkbuf_0_clk_s2/X (sky130_fd_sc_hd__clkbuf_16)
                                         clknet_0_clk_s2 (net)
                  0.19    0.01   22.60 ^ clkbuf_3_1__f_clk_s2/A (sky130_fd_sc_hd__clkbuf_16)
    17    0.23    0.24    0.32   22.93 ^ clkbuf_3_1__f_clk_s2/X (sky130_fd_sc_hd__clkbuf_16)
                                         clknet_3_1__leaf_clk_s2 (net)
                  0.24    0.01   22.93 ^ clkbuf_leaf_84_clk_s2/A (sky130_fd_sc_hd__clkbuf_16)
    11    0.04    0.06    0.21   23.14 ^ clkbuf_leaf_84_clk_s2/X (sky130_fd_sc_hd__clkbuf_16)
                                         clknet_leaf_84_clk_s2 (net)
                  0.06    0.00   23.14 ^ gpio_0/fifo_timer_r/mem[1][0]$_DFFE_PP_/CLK (sky130_fd_sc_hd__edfxtp_1)
                         -0.25   22.89   clock uncertainty
                          1.02   23.91   clock reconvergence pessimism
                         -0.39   23.52   library setup time
                                 23.52   data required time
-----------------------------------------------------------------------------
                                 23.52   data required time
                                -12.77   data arrival time
-----------------------------------------------------------------------------
                                 10.74   slack (MET)


Startpoint: gpio_clk_div/clk_div[0]$_SDFF_PP0_/Q
            (clock source 'gpio_clk_div_clk_div2')
Endpoint: gpio_clk_div/clk_div[1]$_SDFF_PP0_
          (rising edge-triggered flip-flop clocked by clk_s2_gate)
Path Group: clk_s2_gate
Path Type: max

Fanout     Cap    Slew   Delay    Time   Description
-----------------------------------------------------------------------------
                         20.00   20.00   clock gpio_clk_div_clk_div2 (fall edge)
                          0.00   20.00   clock source latency
    15    0.16    0.73    0.51   20.51 ^ clk2 (in)
                                         clk2 (net)
                  0.73    0.00   20.51 ^ gpio_clk_gate/_0_/A (sky130_fd_sc_hd__and2_1)
     2    0.14    1.33    1.13   21.64 ^ gpio_clk_gate/_0_/X (sky130_fd_sc_hd__and2_1)
                                         clk_s2_gate (net)
                  1.33    0.01   21.65 ^ clkbuf_regs_2_clk_s2_gate/A (sky130_fd_sc_hd__clkbuf_16)
     1    0.01    0.07    0.31   21.95 ^ clkbuf_regs_2_clk_s2_gate/X (sky130_fd_sc_hd__clkbuf_16)
                                         clk_s2_gate_regs (net)
                  0.07    0.00   21.95 ^ clkbuf_0_clk_s2_gate_regs/A (sky130_fd_sc_hd__clkbuf_16)
     2    0.03    0.05    0.14   22.09 ^ clkbuf_0_clk_s2_gate_regs/X (sky130_fd_sc_hd__clkbuf_16)
                                         clknet_0_clk_s2_gate_regs (net)
                  0.05    0.00   22.09 ^ clkbuf_1_1__f_clk_s2_gate_regs/A (sky130_fd_sc_hd__clkbuf_16)
     2    0.06    0.07    0.15   22.24 ^ clkbuf_1_1__f_clk_s2_gate_regs/X (sky130_fd_sc_hd__clkbuf_16)
                                         clknet_1_1__leaf_clk_s2_gate_regs (net)
                  0.08    0.01   22.26 ^ gpio_clk_div/clk_div[0]$_SDFF_PP0_/CLK (sky130_fd_sc_hd__dfxtp_1)
     1    0.01    0.07    0.34   22.60 v gpio_clk_div/clk_div[0]$_SDFF_PP0_/Q (sky130_fd_sc_hd__dfxtp_1)
                                         gpio_clk_div/clk_div2 (net)
                  0.07    0.00   22.60 v clkbuf_0_gpio_clk_div/clk_div2/A (sky130_fd_sc_hd__clkbuf_16)
     2    0.05    0.05    0.17   22.77 v clkbuf_0_gpio_clk_div/clk_div2/X (sky130_fd_sc_hd__clkbuf_16)
                                         clknet_0_gpio_clk_div/clk_div2 (net)
                  0.05    0.00   22.77 v clkbuf_1_1__f_gpio_clk_div/clk_div2/A (sky130_fd_sc_hd__clkbuf_16)
     2    0.06    0.05    0.17   22.94 v clkbuf_1_1__f_gpio_clk_div/clk_div2/X (sky130_fd_sc_hd__clkbuf_16)
                                         clknet_1_1__leaf_gpio_clk_div/clk_div2 (net)
                  0.06    0.00   22.95 v gpio_clk_div/_11_/A (sky130_fd_sc_hd__ha_1)
     1    0.00    0.05    0.28   23.23 ^ gpio_clk_div/_11_/SUM (sky130_fd_sc_hd__ha_1)
                                         gpio_clk_div/_01_ (net)
                  0.05    0.00   23.23 ^ gpio_clk_div/_06_/B_N (sky130_fd_sc_hd__nor2b_1)
     1    0.06    1.17    0.91   24.14 ^ gpio_clk_div/_06_/Y (sky130_fd_sc_hd__nor2b_1)
                                         gpio_clk_div/_02_ (net)
                  1.17    0.00   24.14 ^ gpio_clk_div/clk_div[1]$_SDFF_PP0_/D (sky130_fd_sc_hd__dfxtp_1)
                                 24.14   data arrival time

                         40.00   40.00   clock clk_s2_gate (rise edge)
                          0.00   40.00   clock source latency
    15    0.16    0.73    0.51   40.51 ^ clk2 (in)
                                         clk2 (net)
                  0.73    0.00   40.51 ^ gpio_clk_gate/_0_/A (sky130_fd_sc_hd__and2_1)
     2    0.14    1.33    1.13   41.64 ^ gpio_clk_gate/_0_/X (sky130_fd_sc_hd__and2_1)
                                         clk_s2_gate (net)
                  1.33    0.01   41.65 ^ clkbuf_regs_2_clk_s2_gate/A (sky130_fd_sc_hd__clkbuf_16)
     1    0.01    0.07    0.31   41.95 ^ clkbuf_regs_2_clk_s2_gate/X (sky130_fd_sc_hd__clkbuf_16)
                                         clk_s2_gate_regs (net)
                  0.07    0.00   41.95 ^ clkbuf_0_clk_s2_gate_regs/A (sky130_fd_sc_hd__clkbuf_16)
     2    0.03    0.05    0.14   42.09 ^ clkbuf_0_clk_s2_gate_regs/X (sky130_fd_sc_hd__clkbuf_16)
                                         clknet_0_clk_s2_gate_regs (net)
                  0.05    0.00   42.09 ^ clkbuf_1_0__f_clk_s2_gate_regs/A (sky130_fd_sc_hd__clkbuf_16)
     2    0.07    0.09    0.16   42.25 ^ clkbuf_1_0__f_clk_s2_gate_regs/X (sky130_fd_sc_hd__clkbuf_16)
                                         clknet_1_0__leaf_clk_s2_gate_regs (net)
                  0.09    0.01   42.26 ^ gpio_clk_div/clk_div[1]$_SDFF_PP0_/CLK (sky130_fd_sc_hd__dfxtp_1)
                         -0.25   42.01   clock uncertainty
                          0.00   42.01   clock reconvergence pessimism
                         -0.20   41.81   library setup time
                                 41.81   data required time
-----------------------------------------------------------------------------
                                 41.81   data required time
                                -24.14   data arrival time
-----------------------------------------------------------------------------
                                 17.67   slack (MET)


Startpoint: processor_0/pipeline_ex_mem/alu_out_out[26]$_SDFFE_PP0N_
            (rising edge-triggered flip-flop clocked by clk1)
Endpoint: dma_config_0/dma_0/buffer_dma[29]$_SDFFE_PP0P_
          (rising edge-triggered flip-flop clocked by clk_s3)
Path Group: clk_s3
Path Type: max

Fanout     Cap    Slew   Delay    Time   Description
-----------------------------------------------------------------------------
                          0.00    0.00   clock clk1 (rise edge)
                          0.00    0.00   clock source latency
     4    0.36    1.61    1.14    1.14 ^ clk1 (in)
                                         clk1 (net)
                  1.62    0.00    1.14 ^ clkbuf_regs_0_clk1/A (sky130_fd_sc_hd__clkbuf_16)
     1    0.01    0.07    0.33    1.47 ^ clkbuf_regs_0_clk1/X (sky130_fd_sc_hd__clkbuf_16)
                                         clk1_regs (net)
                  0.07    0.00    1.47 ^ clkbuf_0_clk1_regs/A (sky130_fd_sc_hd__clkbuf_16)
     3    0.17    0.18    0.24    1.71 ^ clkbuf_0_clk1_regs/X (sky130_fd_sc_hd__clkbuf_16)
                                         clknet_0_clk1_regs (net)
                  0.18    0.01    1.72 ^ clkbuf_1_1_0_clk1_regs/A (sky130_fd_sc_hd__clkbuf_16)
     2    0.08    0.10    0.22    1.94 ^ clkbuf_1_1_0_clk1_regs/X (sky130_fd_sc_hd__clkbuf_16)
                                         clknet_1_1_0_clk1_regs (net)
                  0.10    0.00    1.94 ^ clkbuf_2_3_0_clk1_regs/A (sky130_fd_sc_hd__clkbuf_16)
     2    0.11    0.13    0.21    2.15 ^ clkbuf_2_3_0_clk1_regs/X (sky130_fd_sc_hd__clkbuf_16)
                                         clknet_2_3_0_clk1_regs (net)
                  0.13    0.01    2.16 ^ clkbuf_3_6_0_clk1_regs/A (sky130_fd_sc_hd__clkbuf_16)
     2    0.11    0.12    0.22    2.37 ^ clkbuf_3_6_0_clk1_regs/X (sky130_fd_sc_hd__clkbuf_16)
                                         clknet_3_6_0_clk1_regs (net)
                  0.12    0.01    2.38 ^ clkbuf_4_12_0_clk1_regs/A (sky130_fd_sc_hd__clkbuf_16)
    16    0.35    0.36    0.38    2.76 ^ clkbuf_4_12_0_clk1_regs/X (sky130_fd_sc_hd__clkbuf_16)
                                         clknet_4_12_0_clk1_regs (net)
                  0.36    0.01    2.77 ^ clkbuf_8_192_0_clk1_regs/A (sky130_fd_sc_hd__clkbuf_16)
    12    0.21    0.23    0.35    3.12 ^ clkbuf_8_192_0_clk1_regs/X (sky130_fd_sc_hd__clkbuf_16)
                                         clknet_8_192_0_clk1_regs (net)
                  0.23    0.01    3.13 ^ clkbuf_leaf_856_clk1_regs/A (sky130_fd_sc_hd__clkbuf_16)
    11    0.04    0.06    0.20    3.33 ^ clkbuf_leaf_856_clk1_regs/X (sky130_fd_sc_hd__clkbuf_16)
                                         clknet_leaf_856_clk1_regs (net)
                  0.06    0.00    3.34 ^ processor_0/pipeline_ex_mem/alu_out_out[26]$_SDFFE_PP0N_/CLK (sky130_fd_sc_hd__dfxtp_1)
     2    0.01    0.06    0.33    3.67 v processor_0/pipeline_ex_mem/alu_out_out[26]$_SDFFE_PP0N_/Q (sky130_fd_sc_hd__dfxtp_1)
                                         addr_m_axi[26] (net)
                  0.06    0.00    3.67 v _1529_/A (sky130_fd_sc_hd__nor4_2)
     2    0.01    0.35    0.39    4.06 ^ _1529_/Y (sky130_fd_sc_hd__nor4_2)
                                         _0109_ (net)
                  0.35    0.00    4.06 ^ _1530_/D (sky130_fd_sc_hd__nand4_2)
     3    0.07    0.54    0.48    4.54 v _1530_/Y (sky130_fd_sc_hd__nand4_2)
                                         _0110_ (net)
                  0.54    0.02    4.56 v place32756/A (sky130_fd_sc_hd__buf_12)
    10    0.08    0.06    0.35    4.91 v place32756/X (sky130_fd_sc_hd__buf_12)
                                         net32755 (net)
                  0.07    0.01    4.92 v place32755/A (sky130_fd_sc_hd__buf_4)
     9    0.05    0.08    0.19    5.11 v place32755/X (sky130_fd_sc_hd__buf_4)
                                         net32754 (net)
                  0.08    0.01    5.11 v _1811_/A1 (sky130_fd_sc_hd__o21ai_0)
     3    0.03    0.85    0.69    5.81 ^ _1811_/Y (sky130_fd_sc_hd__o21ai_0)
                                         _0311_ (net)
                  0.85    0.00    5.81 ^ _1812_/B (sky130_fd_sc_hd__nand2_1)
     2    0.02    0.27    0.35    6.16 v _1812_/Y (sky130_fd_sc_hd__nand2_1)
                                         m1_ar_addr[13] (net)
                  0.27    0.00    6.17 v interconnect_0/_0831_/A1 (sky130_fd_sc_hd__o41ai_2)
     1    0.00    0.26    0.42    6.59 ^ interconnect_0/_0831_/Y (sky130_fd_sc_hd__o41ai_2)
                                         interconnect_0/_0056_ (net)
                  0.26    0.00    6.59 ^ interconnect_0/_0832_/B1 (sky130_fd_sc_hd__o21ai_1)
     4    0.02    0.21    0.24    6.83 v interconnect_0/_0832_/Y (sky130_fd_sc_hd__o21ai_1)
                                         interconnect_0/_0057_ (net)
                  0.21    0.00    6.83 v interconnect_0/_0891_/B (sky130_fd_sc_hd__or3_4)
     3    0.02    0.09    0.47    7.30 v interconnect_0/_0891_/X (sky130_fd_sc_hd__or3_4)
                                         interconnect_0/_0116_ (net)
                  0.09    0.00    7.30 v interconnect_0/_0915_/C (sky130_fd_sc_hd__or3_4)
     2    0.02    0.09    0.38    7.68 v interconnect_0/_0915_/X (sky130_fd_sc_hd__or3_4)
                                         interconnect_0/_0140_ (net)
                  0.09    0.00    7.68 v interconnect_0/_0921_/A (sky130_fd_sc_hd__and3_1)
     2    0.02    0.11    0.23    7.92 v interconnect_0/_0921_/X (sky130_fd_sc_hd__and3_1)
                                         interconnect_0/_0146_ (net)
                  0.11    0.00    7.92 v interconnect_0/_2451_/A2 (sky130_fd_sc_hd__a22o_1)
     1    0.01    0.06    0.26    8.18 v interconnect_0/_2451_/X (sky130_fd_sc_hd__a22o_1)
                                         s1_dr_ready (net)
                  0.06    0.00    8.18 v timer_0/place29669/A (sky130_fd_sc_hd__buf_4)
     1    0.08    0.10    0.21    8.39 v timer_0/place29669/X (sky130_fd_sc_hd__buf_4)
                                         timer_0/net29668 (net)
                  0.11    0.02    8.41 v timer_0/_334_/B (sky130_fd_sc_hd__and3b_1)
     2    0.02    0.09    0.24    8.65 v timer_0/_334_/X (sky130_fd_sc_hd__and3b_1)
                                         timer_0/read_en_axi (net)
                  0.09    0.00    8.65 v timer_0/fifo_timer_r/_386_/B1_N (sky130_fd_sc_hd__a21bo_2)
    12    0.12    0.65    0.64    9.29 ^ timer_0/fifo_timer_r/_386_/X (sky130_fd_sc_hd__a21bo_2)
                                         timer_0/fifo_timer_r/_096_ (net)
                  0.65    0.01    9.30 ^ timer_0/fifo_timer_r/place28805/A (sky130_fd_sc_hd__buf_4)
    12    0.12    0.34    0.44    9.74 ^ timer_0/fifo_timer_r/place28805/X (sky130_fd_sc_hd__buf_4)
                                         timer_0/fifo_timer_r/net28804 (net)
                  0.34    0.02    9.75 ^ timer_0/fifo_timer_r/_411_/A (sky130_fd_sc_hd__nor3_4)
     1    0.01    0.08    0.10    9.85 v timer_0/fifo_timer_r/_411_/Y (sky130_fd_sc_hd__nor3_4)
                                         s1_dr_data[29] (net)
                  0.08    0.00    9.85 v place28187/A (sky130_fd_sc_hd__buf_12)
     3    0.12    0.06    0.16   10.02 v place28187/X (sky130_fd_sc_hd__buf_12)
                                         net28186 (net)
                  0.13    0.05   10.07 v interconnect_0/_1259_/C2 (sky130_fd_sc_hd__a222oi_1)
     1    0.00    0.26    0.26   10.33 ^ interconnect_0/_1259_/Y (sky130_fd_sc_hd__a222oi_1)
                                         interconnect_0/_0451_ (net)
                  0.26    0.00   10.33 ^ interconnect_0/hold35945/A (sky130_fd_sc_hd__dlygate4sd3_1)
     1    0.00    0.07    0.60   10.93 ^ interconnect_0/hold35945/X (sky130_fd_sc_hd__dlygate4sd3_1)
                                         interconnect_0/net35944 (net)
                  0.07    0.00   10.93 ^ interconnect_0/_1263_/B (sky130_fd_sc_hd__nand3_1)
     1    0.00    0.06    0.07   11.00 v interconnect_0/_1263_/Y (sky130_fd_sc_hd__nand3_1)
                                         m2_dr_data[29] (net)
                  0.06    0.00   11.00 v dma_config_0/dma_0/hold35946/A (sky130_fd_sc_hd__dlygate4sd3_1)
     1    0.00    0.06    0.57   11.57 v dma_config_0/dma_0/hold35946/X (sky130_fd_sc_hd__dlygate4sd3_1)
                                         dma_config_0/dma_0/net35945 (net)
                  0.06    0.00   11.57 v dma_config_0/dma_0/_2012_/A1 (sky130_fd_sc_hd__mux2i_1)
     1    0.00    0.13    0.15   11.71 ^ dma_config_0/dma_0/_2012_/Y (sky130_fd_sc_hd__mux2i_1)
                                         dma_config_0/dma_0/_0478_ (net)
                  0.13    0.00   11.71 ^ dma_config_0/dma_0/hold35947/A (sky130_fd_sc_hd__dlygate4sd3_1)
     1    0.00    0.07    0.58   12.29 ^ dma_config_0/dma_0/hold35947/X (sky130_fd_sc_hd__dlygate4sd3_1)
                                         dma_config_0/dma_0/net35946 (net)
                  0.07    0.00   12.29 ^ dma_config_0/dma_0/_2013_/B (sky130_fd_sc_hd__nor2_1)
     1    0.00    0.06    0.04   12.34 v dma_config_0/dma_0/_2013_/Y (sky130_fd_sc_hd__nor2_1)
                                         dma_config_0/dma_0/_0048_ (net)
                  0.06    0.00   12.34 v dma_config_0/dma_0/buffer_dma[29]$_SDFFE_PP0P_/D (sky130_fd_sc_hd__dfxtp_1)
                                 12.34   data arrival time

                         10.00   10.00   clock clk_s3 (rise edge)
                          0.00   10.00   clock source latency
     4    0.36    1.61    1.13   11.13 ^ clk1 (in)
                                         clk1 (net)
                  1.62    0.00   11.13 ^ clkbuf_0_clk1/A (sky130_fd_sc_hd__clkbuf_16)
     2    0.04    0.10    0.37   11.50 ^ clkbuf_0_clk1/X (sky130_fd_sc_hd__clkbuf_16)
                                         clknet_0_clk1 (net)
                  0.10    0.00   11.50 ^ clkbuf_1_1__f_clk1/A (sky130_fd_sc_hd__clkbuf_16)
     1    0.01    0.04    0.14   11.64 ^ clkbuf_1_1__f_clk1/X (sky130_fd_sc_hd__clkbuf_16)
                                         clknet_1_1__leaf_clk1 (net)
                  0.04    0.00   11.64 ^ dma_clk_gate/_0_/A (sky130_fd_sc_hd__and2_1)
     1    0.01    0.14    0.18   11.82 ^ dma_clk_gate/_0_/X (sky130_fd_sc_hd__and2_1)
                                         clk_s3 (net)
                  0.14    0.00   11.82 ^ clkbuf_0_clk_s3/A (sky130_fd_sc_hd__clkbuf_16)
     4    0.13    0.14    0.24   12.06 ^ clkbuf_0_clk_s3/X (sky130_fd_sc_hd__clkbuf_16)
                                         clknet_0_clk_s3 (net)
                  0.14    0.00   12.06 ^ clkbuf_2_1__f_clk_s3/A (sky130_fd_sc_hd__clkbuf_16)
    16    0.27    0.28    0.33   12.39 ^ clkbuf_2_1__f_clk_s3/X (sky130_fd_sc_hd__clkbuf_16)
                                         clknet_2_1__leaf_clk_s3 (net)
                  0.28    0.01   12.40 ^ clkbuf_leaf_31_clk_s3/A (sky130_fd_sc_hd__clkbuf_16)
     5    0.03    0.06    0.21   12.61 ^ clkbuf_leaf_31_clk_s3/X (sky130_fd_sc_hd__clkbuf_16)
                                         clknet_leaf_31_clk_s3 (net)
                  0.06    0.00   12.62 ^ dma_config_0/dma_0/buffer_dma[29]$_SDFFE_PP0P_/CLK (sky130_fd_sc_hd__dfxtp_1)
                         -0.25   12.37   clock uncertainty
                          0.00   12.37   clock reconvergence pessimism
                         -0.12   12.25   library setup time
                                 12.25   data required time
-----------------------------------------------------------------------------
                                 12.25   data required time
                                -12.34   data arrival time
-----------------------------------------------------------------------------
                                 -0.09   slack (VIOLATED)


Startpoint: uart_0/fifo_uart_w/counter_2[0]$_SDFFE_PP0P_
            (rising edge-triggered flip-flop clocked by clk_s4)
Endpoint: uart_0/fifo_uart_r/mem[11][18]$_DFFE_PP_
          (rising edge-triggered flip-flop clocked by clk_s4)
Path Group: clk_s4
Path Type: max

Fanout     Cap    Slew   Delay    Time   Description
-----------------------------------------------------------------------------
                          0.00    0.00   clock clk_s4 (rise edge)
                          0.00    0.00   clock source latency
    23    0.22    0.97    0.73    0.73 ^ clk5 (in)
                                         clk5 (net)
                  1.01    0.00    0.73 ^ uart_clk_gate/_0_/A (sky130_fd_sc_hd__and2_1)
     2    0.19    1.75    1.44    2.17 ^ uart_clk_gate/_0_/X (sky130_fd_sc_hd__and2_1)
                                         clk_s4_gate (net)
                  1.75    0.01    2.18 ^ clkbuf_regs_4_clk_s4_gate/A (sky130_fd_sc_hd__clkbuf_16)
     1    0.01    0.08    0.34    2.52 ^ clkbuf_regs_4_clk_s4_gate/X (sky130_fd_sc_hd__clkbuf_16)
                                         clk_s4_gate_regs (net)
                  0.08    0.00    2.52 ^ clkbuf_0_clk_s4_gate_regs/A (sky130_fd_sc_hd__clkbuf_16)
     2    0.02    0.05    0.14    2.66 ^ clkbuf_0_clk_s4_gate_regs/X (sky130_fd_sc_hd__clkbuf_16)
                                         clknet_0_clk_s4_gate_regs (net)
                  0.05    0.00    2.66 ^ clkbuf_1_0__f_clk_s4_gate_regs/A (sky130_fd_sc_hd__clkbuf_16)
     2    0.07    0.09    0.16    2.82 ^ clkbuf_1_0__f_clk_s4_gate_regs/X (sky130_fd_sc_hd__clkbuf_16)
                                         clknet_1_0__leaf_clk_s4_gate_regs (net)
                  0.09    0.00    2.83 ^ uart_clk_div/clk_div[0]$_SDFF_PP0_/CLK (sky130_fd_sc_hd__dfxtp_1)
     1    0.01    0.14    0.39    3.21 ^ uart_clk_div/clk_div[0]$_SDFF_PP0_/Q (sky130_fd_sc_hd__dfxtp_1)
                                         uart_clk_div/clk_div2 (net)
                  0.14    0.00    3.21 ^ clkbuf_0_uart_clk_div/clk_div2/A (sky130_fd_sc_hd__clkbuf_16)
     2    0.09    0.10    0.21    3.42 ^ clkbuf_0_uart_clk_div/clk_div2/X (sky130_fd_sc_hd__clkbuf_16)
                                         clknet_0_uart_clk_div/clk_div2 (net)
                  0.11    0.00    3.42 ^ clkbuf_1_0__f_uart_clk_div/clk_div2/A (sky130_fd_sc_hd__clkbuf_16)
     3    0.18    0.19    0.25    3.67 ^ clkbuf_1_0__f_uart_clk_div/clk_div2/X (sky130_fd_sc_hd__clkbuf_16)
                                         clknet_1_0__leaf_uart_clk_div/clk_div2 (net)
                  0.20    0.02    3.69 ^ uart_clk_div/_10_/A1 (sky130_fd_sc_hd__mux4_2)
     1    0.01    0.10    0.30    3.99 ^ uart_clk_div/_10_/X (sky130_fd_sc_hd__mux4_2)
                                         clk_s4 (net)
                  0.10    0.00    3.99 ^ clkbuf_0_clk_s4/A (sky130_fd_sc_hd__clkbuf_16)
     8    0.15    0.16    0.24    4.23 ^ clkbuf_0_clk_s4/X (sky130_fd_sc_hd__clkbuf_16)
                                         clknet_0_clk_s4 (net)
                  0.16    0.00    4.24 ^ clkbuf_3_0__f_clk_s4/A (sky130_fd_sc_hd__clkbuf_16)
     8    0.13    0.14    0.25    4.48 ^ clkbuf_3_0__f_clk_s4/X (sky130_fd_sc_hd__clkbuf_16)
                                         clknet_3_0__leaf_clk_s4 (net)
                  0.14    0.00    4.49 ^ clkbuf_leaf_0_clk_s4/A (sky130_fd_sc_hd__clkbuf_16)
     8    0.04    0.06    0.18    4.66 ^ clkbuf_leaf_0_clk_s4/X (sky130_fd_sc_hd__clkbuf_16)
                                         clknet_leaf_0_clk_s4 (net)
                  0.06    0.00    4.67 ^ uart_0/fifo_uart_w/counter_2[0]$_SDFFE_PP0P_/CLK (sky130_fd_sc_hd__dfxtp_1)
    12    0.11    1.03    0.99    5.65 ^ uart_0/fifo_uart_w/counter_2[0]$_SDFFE_PP0P_/Q (sky130_fd_sc_hd__dfxtp_1)
                                         uart_0/fifo_uart_w/counter_2[0] (net)
                  1.03    0.00    5.66 ^ uart_0/fifo_uart_w/_894_/A (sky130_fd_sc_hd__ha_1)
     3    0.02    0.12    0.43    6.09 v uart_0/fifo_uart_w/_894_/SUM (sky130_fd_sc_hd__ha_1)
                                         uart_0/fifo_uart_w/counter_2_gray[0] (net)
                  0.12    0.00    6.09 v uart_0/fifo_uart_w/_449_/A (sky130_fd_sc_hd__xor2_1)
     1    0.01    0.10    0.22    6.31 v uart_0/fifo_uart_w/_449_/X (sky130_fd_sc_hd__xor2_1)
                                         uart_0/fifo_uart_w/_264_ (net)
                  0.10    0.00    6.31 v uart_0/fifo_uart_w/_450_/D (sky130_fd_sc_hd__nor4_4)
     6    0.02    0.41    0.32    6.63 ^ uart_0/fifo_uart_w/_450_/Y (sky130_fd_sc_hd__nor4_4)
                                         uart_0/fifo_uart_w/_265_ (net)
                  0.41    0.00    6.63 ^ uart_0/fifo_uart_w/_872_/A (sky130_fd_sc_hd__and2_1)
     2    0.05    0.45    0.47    7.10 ^ uart_0/fifo_uart_w/_872_/X (sky130_fd_sc_hd__and2_1)
                                         uart_0/fifo_empty (net)
                  0.45    0.00    7.11 ^ uart_0/_335_/A (sky130_fd_sc_hd__inv_1)
    11    0.06    0.30    0.36    7.46 v uart_0/_335_/Y (sky130_fd_sc_hd__inv_1)
                                         uart_0/addr_valid (net)
                  0.30    0.00    7.46 v uart_0/fifo_uart_w/_453_/B1_N (sky130_fd_sc_hd__a21bo_1)
     5    0.05    0.40    0.53    7.99 ^ uart_0/fifo_uart_w/_453_/X (sky130_fd_sc_hd__a21bo_1)
                                         uart_0/fifo_uart_w/_268_ (net)
                  0.40    0.01    8.00 ^ uart_0/fifo_uart_w/_479_/A (sky130_fd_sc_hd__nor3_2)
     1    0.00    0.08    0.09    8.09 v uart_0/fifo_uart_w/_479_/Y (sky130_fd_sc_hd__nor3_2)
                                         uart_0/fifo_data_read[38] (net)
                  0.08    0.00    8.09 v uart_0/uart_0/_0682_/A (sky130_fd_sc_hd__or4_1)
     1    0.02    0.20    0.67    8.76 v uart_0/uart_0/_0682_/X (sky130_fd_sc_hd__or4_1)
                                         uart_0/uart_0/_0192_ (net)
                  0.20    0.00    8.76 v uart_0/uart_0/_0683_/C (sky130_fd_sc_hd__nor3_1)
     1    0.00    0.19    0.21    8.98 ^ uart_0/uart_0/_0683_/Y (sky130_fd_sc_hd__nor3_1)
                                         uart_0/uart_0/_0193_ (net)
                  0.19    0.00    8.98 ^ uart_0/uart_0/place29072/A (sky130_fd_sc_hd__buf_4)
     9    0.06    0.17    0.25    9.22 ^ uart_0/uart_0/place29072/X (sky130_fd_sc_hd__buf_4)
                                         uart_0/uart_0/net29071 (net)
                  0.17    0.01    9.23 ^ uart_0/uart_0/_0686_/C (sky130_fd_sc_hd__and3_1)
    13    0.07    0.70    0.64    9.87 ^ uart_0/uart_0/_0686_/X (sky130_fd_sc_hd__and3_1)
                                         uart_0/uart_0/_0196_ (net)
                  0.70    0.00    9.87 ^ uart_0/uart_0/place28759/A (sky130_fd_sc_hd__buf_4)
    17    0.08    0.23    0.37   10.24 ^ uart_0/uart_0/place28759/X (sky130_fd_sc_hd__buf_4)
                                         uart_0/uart_0/net28758 (net)
                  0.23    0.01   10.25 ^ uart_0/uart_0/_0749_/A2 (sky130_fd_sc_hd__a22oi_1)
     1    0.01    0.11    0.15   10.40 v uart_0/uart_0/_0749_/Y (sky130_fd_sc_hd__a22oi_1)
                                         uart_0/uart_0/_0243_ (net)
                  0.11    0.00   10.40 v uart_0/uart_0/_0750_/B (sky130_fd_sc_hd__nor2_1)
    16    0.09    1.46    1.10   11.50 ^ uart_0/uart_0/_0750_/Y (sky130_fd_sc_hd__nor2_1)
                                         uart_0/data_out[18] (net)
                  1.46    0.01   11.51 ^ uart_0/fifo_uart_r/mem[11][18]$_DFFE_PP_/D (sky130_fd_sc_hd__edfxtp_1)
                                 11.51   data arrival time

                         40.00   40.00   clock clk_s4 (rise edge)
                          0.00   40.00   clock source latency
    23    0.22    0.97    0.73   40.73 ^ clk5 (in)
                                         clk5 (net)
                  1.01    0.00   40.73 ^ uart_clk_gate/_0_/A (sky130_fd_sc_hd__and2_1)
     2    0.19    1.75    1.44   42.17 ^ uart_clk_gate/_0_/X (sky130_fd_sc_hd__and2_1)
                                         clk_s4_gate (net)
                  1.75    0.01   42.18 ^ clkbuf_0_clk_s4_gate/A (sky130_fd_sc_hd__clkbuf_16)
     1    0.01    0.08    0.34   42.52 ^ clkbuf_0_clk_s4_gate/X (sky130_fd_sc_hd__clkbuf_16)
                                         clknet_0_clk_s4_gate (net)
                  0.08    0.00   42.52 ^ clkbuf_1_0__f_clk_s4_gate/A (sky130_fd_sc_hd__clkbuf_16)
     1    0.00    0.03    0.12   42.64 ^ clkbuf_1_0__f_clk_s4_gate/X (sky130_fd_sc_hd__clkbuf_16)
                                         clknet_1_0__leaf_clk_s4_gate (net)
                  0.03    0.00   42.64 ^ uart_clk_div/_10_/A0 (sky130_fd_sc_hd__mux4_2)
     1    0.01    0.08    0.25   42.89 ^ uart_clk_div/_10_/X (sky130_fd_sc_hd__mux4_2)
                                         clk_s4 (net)
                  0.08    0.00   42.89 ^ clkbuf_0_clk_s4/A (sky130_fd_sc_hd__clkbuf_16)
     8    0.15    0.16    0.23   43.12 ^ clkbuf_0_clk_s4/X (sky130_fd_sc_hd__clkbuf_16)
                                         clknet_0_clk_s4 (net)
                  0.16    0.00   43.12 ^ clkbuf_3_4__f_clk_s4/A (sky130_fd_sc_hd__clkbuf_16)
     8    0.12    0.13    0.24   43.36 ^ clkbuf_3_4__f_clk_s4/X (sky130_fd_sc_hd__clkbuf_16)
                                         clknet_3_4__leaf_clk_s4 (net)
                  0.13    0.00   43.36 ^ clkbuf_leaf_14_clk_s4/A (sky130_fd_sc_hd__clkbuf_16)
    12    0.04    0.06    0.17   43.54 ^ clkbuf_leaf_14_clk_s4/X (sky130_fd_sc_hd__clkbuf_16)
                                         clknet_leaf_14_clk_s4 (net)
                  0.06    0.00   43.54 ^ uart_0/fifo_uart_r/mem[11][18]$_DFFE_PP_/CLK (sky130_fd_sc_hd__edfxtp_1)
                         -0.25   43.29   clock uncertainty
                          1.11   44.40   clock reconvergence pessimism
                         -0.40   44.00   library setup time
                                 44.00   data required time
-----------------------------------------------------------------------------
                                 44.00   data required time
                                -11.51   data arrival time
-----------------------------------------------------------------------------
                                 32.49   slack (MET)


Startpoint: uart_clk_div/clk_div[0]$_SDFF_PP0_/Q
            (clock source 'uart_clk_div_clk_div2')
Endpoint: uart_clk_div/clk_div[1]$_SDFF_PP0_
          (rising edge-triggered flip-flop clocked by clk_s4_gate)
Path Group: clk_s4_gate
Path Type: max

Fanout     Cap    Slew   Delay    Time   Description
-----------------------------------------------------------------------------
                         40.00   40.00   clock uart_clk_div_clk_div2 (fall edge)
                          0.00   40.00   clock source latency
    23    0.22    0.97    0.73   40.73 ^ clk5 (in)
                                         clk5 (net)
                  1.01    0.00   40.73 ^ uart_clk_gate/_0_/A (sky130_fd_sc_hd__and2_1)
     2    0.19    1.75    1.44   42.17 ^ uart_clk_gate/_0_/X (sky130_fd_sc_hd__and2_1)
                                         clk_s4_gate (net)
                  1.75    0.01   42.18 ^ clkbuf_regs_4_clk_s4_gate/A (sky130_fd_sc_hd__clkbuf_16)
     1    0.01    0.08    0.34   42.52 ^ clkbuf_regs_4_clk_s4_gate/X (sky130_fd_sc_hd__clkbuf_16)
                                         clk_s4_gate_regs (net)
                  0.08    0.00   42.52 ^ clkbuf_0_clk_s4_gate_regs/A (sky130_fd_sc_hd__clkbuf_16)
     2    0.02    0.05    0.14   42.66 ^ clkbuf_0_clk_s4_gate_regs/X (sky130_fd_sc_hd__clkbuf_16)
                                         clknet_0_clk_s4_gate_regs (net)
                  0.05    0.00   42.66 ^ clkbuf_1_0__f_clk_s4_gate_regs/A (sky130_fd_sc_hd__clkbuf_16)
     2    0.07    0.09    0.16   42.82 ^ clkbuf_1_0__f_clk_s4_gate_regs/X (sky130_fd_sc_hd__clkbuf_16)
                                         clknet_1_0__leaf_clk_s4_gate_regs (net)
                  0.09    0.00   42.83 ^ uart_clk_div/clk_div[0]$_SDFF_PP0_/CLK (sky130_fd_sc_hd__dfxtp_1)
     1    0.01    0.07    0.34   43.17 v uart_clk_div/clk_div[0]$_SDFF_PP0_/Q (sky130_fd_sc_hd__dfxtp_1)
                                         uart_clk_div/clk_div2 (net)
                  0.07    0.00   43.17 v clkbuf_0_uart_clk_div/clk_div2/A (sky130_fd_sc_hd__clkbuf_16)
     2    0.09    0.07    0.19   43.37 v clkbuf_0_uart_clk_div/clk_div2/X (sky130_fd_sc_hd__clkbuf_16)
                                         clknet_0_uart_clk_div/clk_div2 (net)
                  0.07    0.00   43.37 v clkbuf_1_0__f_uart_clk_div/clk_div2/A (sky130_fd_sc_hd__clkbuf_16)
     3    0.18    0.13    0.23   43.59 v clkbuf_1_0__f_uart_clk_div/clk_div2/X (sky130_fd_sc_hd__clkbuf_16)
                                         clknet_1_0__leaf_uart_clk_div/clk_div2 (net)
                  0.14    0.03   43.62 v uart_clk_div/_11_/A (sky130_fd_sc_hd__ha_1)
     1    0.00    0.05    0.32   43.94 ^ uart_clk_div/_11_/SUM (sky130_fd_sc_hd__ha_1)
                                         uart_clk_div/_01_ (net)
                  0.05    0.00   43.94 ^ uart_clk_div/_06_/B_N (sky130_fd_sc_hd__nor2b_1)
    12    0.10    1.87    1.41   45.36 ^ uart_clk_div/_06_/Y (sky130_fd_sc_hd__nor2b_1)
                                         uart_clk_div/_02_ (net)
                  1.87    0.01   45.36 ^ uart_clk_div/clk_div[1]$_SDFF_PP0_/D (sky130_fd_sc_hd__dfxtp_1)
                                 45.36   data arrival time

                         80.00   80.00   clock clk_s4_gate (rise edge)
                          0.00   80.00   clock source latency
    23    0.22    0.97    0.73   80.73 ^ clk5 (in)
                                         clk5 (net)
                  1.01    0.00   80.73 ^ uart_clk_gate/_0_/A (sky130_fd_sc_hd__and2_1)
     2    0.19    1.75    1.44   82.17 ^ uart_clk_gate/_0_/X (sky130_fd_sc_hd__and2_1)
                                         clk_s4_gate (net)
                  1.75    0.01   82.18 ^ clkbuf_regs_4_clk_s4_gate/A (sky130_fd_sc_hd__clkbuf_16)
     1    0.01    0.08    0.34   82.52 ^ clkbuf_regs_4_clk_s4_gate/X (sky130_fd_sc_hd__clkbuf_16)
                                         clk_s4_gate_regs (net)
                  0.08    0.00   82.52 ^ clkbuf_0_clk_s4_gate_regs/A (sky130_fd_sc_hd__clkbuf_16)
     2    0.02    0.05    0.14   82.66 ^ clkbuf_0_clk_s4_gate_regs/X (sky130_fd_sc_hd__clkbuf_16)
                                         clknet_0_clk_s4_gate_regs (net)
                  0.05    0.00   82.66 ^ clkbuf_1_1__f_clk_s4_gate_regs/A (sky130_fd_sc_hd__clkbuf_16)
     2    0.08    0.10    0.17   82.83 ^ clkbuf_1_1__f_clk_s4_gate_regs/X (sky130_fd_sc_hd__clkbuf_16)
                                         clknet_1_1__leaf_clk_s4_gate_regs (net)
                  0.10    0.02   82.84 ^ uart_clk_div/clk_div[1]$_SDFF_PP0_/CLK (sky130_fd_sc_hd__dfxtp_1)
                         -0.25   82.59   clock uncertainty
                          0.00   82.59   clock reconvergence pessimism
                         -0.25   82.34   library setup time
                                 82.34   data required time
-----------------------------------------------------------------------------
                                 82.34   data required time
                                -45.36   data arrival time
-----------------------------------------------------------------------------
                                 36.98   slack (MET)


Startpoint: dot_0/fifo_timer_r/counter_1[2]$_SDFFE_PP0P_
            (rising edge-triggered flip-flop clocked by clk_s5)
Endpoint: dot_0/fifo_timer_r/mem[4][4]$_DFFE_PP_
          (rising edge-triggered flip-flop clocked by clk_s5)
Path Group: clk_s5
Path Type: max

Fanout     Cap    Slew   Delay    Time   Description
-----------------------------------------------------------------------------
                          0.00    0.00   clock clk_s5 (rise edge)
                          0.00    0.00   clock source latency
    49    0.24    1.05    0.74    0.74 ^ clk3 (in)
                                         clk3 (net)
                  1.05    0.00    0.74 ^ dot_clk_gate/_0_/A (sky130_fd_sc_hd__and2_1)
     2    0.13    1.21    1.06    1.80 ^ dot_clk_gate/_0_/X (sky130_fd_sc_hd__and2_1)
                                         clk_s5_gate (net)
                  1.21    0.00    1.81 ^ clkbuf_regs_3_clk_s5_gate/A (sky130_fd_sc_hd__clkbuf_16)
     1    0.01    0.06    0.30    2.11 ^ clkbuf_regs_3_clk_s5_gate/X (sky130_fd_sc_hd__clkbuf_16)
                                         clk_s5_gate_regs (net)
                  0.06    0.00    2.11 ^ clkbuf_0_clk_s5_gate_regs/A (sky130_fd_sc_hd__clkbuf_16)
     2    0.03    0.05    0.14    2.24 ^ clkbuf_0_clk_s5_gate_regs/X (sky130_fd_sc_hd__clkbuf_16)
                                         clknet_0_clk_s5_gate_regs (net)
                  0.05    0.00    2.25 ^ clkbuf_1_1__f_clk_s5_gate_regs/A (sky130_fd_sc_hd__clkbuf_16)
     2    0.06    0.08    0.15    2.40 ^ clkbuf_1_1__f_clk_s5_gate_regs/X (sky130_fd_sc_hd__clkbuf_16)
                                         clknet_1_1__leaf_clk_s5_gate_regs (net)
                  0.08    0.01    2.41 ^ dot_clk_div/clk_div[0]$_SDFF_PP0_/CLK (sky130_fd_sc_hd__dfxtp_1)
     1    0.01    0.11    0.37    2.78 ^ dot_clk_div/clk_div[0]$_SDFF_PP0_/Q (sky130_fd_sc_hd__dfxtp_1)
                                         dot_clk_div/clk_div2 (net)
                  0.11    0.00    2.78 ^ clkbuf_0_dot_clk_div/clk_div2/A (sky130_fd_sc_hd__clkbuf_16)
     2    0.07    0.09    0.19    2.97 ^ clkbuf_0_dot_clk_div/clk_div2/X (sky130_fd_sc_hd__clkbuf_16)
                                         clknet_0_dot_clk_div/clk_div2 (net)
                  0.09    0.00    2.97 ^ clkbuf_1_0__f_dot_clk_div/clk_div2/A (sky130_fd_sc_hd__clkbuf_16)
     2    0.11    0.12    0.20    3.17 ^ clkbuf_1_0__f_dot_clk_div/clk_div2/X (sky130_fd_sc_hd__clkbuf_16)
                                         clknet_1_0__leaf_dot_clk_div/clk_div2 (net)
                  0.12    0.00    3.17 ^ dot_clk_div/_10_/A1 (sky130_fd_sc_hd__mux4_2)
     1    0.01    0.10    0.29    3.46 ^ dot_clk_div/_10_/X (sky130_fd_sc_hd__mux4_2)
                                         clk_s5 (net)
                  0.10    0.00    3.46 ^ clkbuf_0_clk_s5/A (sky130_fd_sc_hd__clkbuf_16)
     4    0.16    0.17    0.25    3.71 ^ clkbuf_0_clk_s5/X (sky130_fd_sc_hd__clkbuf_16)
                                         clknet_0_clk_s5 (net)
                  0.18    0.01    3.72 ^ clkbuf_2_3_0_clk_s5/A (sky130_fd_sc_hd__clkbuf_16)
     2    0.06    0.08    0.20    3.92 ^ clkbuf_2_3_0_clk_s5/X (sky130_fd_sc_hd__clkbuf_16)
                                         clknet_2_3_0_clk_s5 (net)
                  0.08    0.00    3.92 ^ clkbuf_3_6__f_clk_s5/A (sky130_fd_sc_hd__clkbuf_16)
     7    0.09    0.11    0.19    4.11 ^ clkbuf_3_6__f_clk_s5/X (sky130_fd_sc_hd__clkbuf_16)
                                         clknet_3_6__leaf_clk_s5 (net)
                  0.11    0.00    4.11 ^ clkbuf_leaf_36_clk_s5/A (sky130_fd_sc_hd__clkbuf_16)
     9    0.04    0.06    0.17    4.28 ^ clkbuf_leaf_36_clk_s5/X (sky130_fd_sc_hd__clkbuf_16)
                                         clknet_leaf_36_clk_s5 (net)
                  0.06    0.00    4.28 ^ dot_0/fifo_timer_r/counter_1[2]$_SDFFE_PP0P_/CLK (sky130_fd_sc_hd__dfxtp_2)
     3    0.01    0.07    0.35    4.63 ^ dot_0/fifo_timer_r/counter_1[2]$_SDFFE_PP0P_/Q (sky130_fd_sc_hd__dfxtp_2)
                                         dot_0/fifo_timer_r/counter_1[2] (net)
                  0.07    0.00    4.63 ^ dot_0/fifo_timer_r/_659_/A (sky130_fd_sc_hd__inv_2)
     2    0.01    0.04    0.06    4.69 v dot_0/fifo_timer_r/_659_/Y (sky130_fd_sc_hd__inv_2)
                                         dot_0/fifo_timer_r/_002_ (net)
                  0.04    0.00    4.69 v dot_0/fifo_timer_r/_744_/A (sky130_fd_sc_hd__ha_4)
     2    0.01    0.04    0.24    4.93 v dot_0/fifo_timer_r/_744_/SUM (sky130_fd_sc_hd__ha_4)
                                         dot_0/fifo_timer_r/counter_1_gray[2] (net)
                  0.04    0.00    4.93 v dot_0/fifo_timer_r/_653_/B (sky130_fd_sc_hd__xor2_1)
     1    0.00    0.05    0.14    5.07 v dot_0/fifo_timer_r/_653_/X (sky130_fd_sc_hd__xor2_1)
                                         dot_0/fifo_timer_r/_327_ (net)
                  0.05    0.00    5.07 v dot_0/fifo_timer_r/place30626/A (sky130_fd_sc_hd__buf_4)
     1    0.01    0.03    0.14    5.21 v dot_0/fifo_timer_r/place30626/X (sky130_fd_sc_hd__buf_4)
                                         dot_0/fifo_timer_r/net30625 (net)
                  0.03    0.00    5.21 v dot_0/fifo_timer_r/_654_/B (sky130_fd_sc_hd__nor4_4)
     2    0.01    0.25    0.29    5.50 ^ dot_0/fifo_timer_r/_654_/Y (sky130_fd_sc_hd__nor4_4)
                                         dot_0/fifo_timer_r/_328_ (net)
                  0.25    0.00    5.50 ^ dot_0/fifo_timer_r/_730_/B (sky130_fd_sc_hd__and2_4)
     1    0.17    0.48    0.50    6.00 ^ dot_0/fifo_timer_r/_730_/X (sky130_fd_sc_hd__and2_4)
                                         dot_0/fifo_full (net)
                  0.49    0.04    6.03 ^ dot_0/_416_/A (sky130_fd_sc_hd__nor3_4)
     1    0.01    0.10    0.10    6.13 v dot_0/_416_/Y (sky130_fd_sc_hd__nor3_4)
                                         dot_0/r_en_1 (net)
                  0.10    0.00    6.13 v dot_0/place30147/A (sky130_fd_sc_hd__buf_12)
     4    0.05    0.04    0.16    6.30 v dot_0/place30147/X (sky130_fd_sc_hd__buf_12)
                                         dot_0/net30146 (net)
                  0.04    0.01    6.31 v dot_0/fifo_timer_w2/_386_/B1_N (sky130_fd_sc_hd__a21bo_4)
     4    0.06    0.20    0.29    6.60 ^ dot_0/fifo_timer_w2/_386_/X (sky130_fd_sc_hd__a21bo_4)
                                         dot_0/fifo_timer_w2/_096_ (net)
                  0.20    0.00    6.60 ^ dot_0/fifo_timer_w2/rebuffer36362/A (sky130_fd_sc_hd__buf_6)
     2    0.02    0.05    0.15    6.74 ^ dot_0/fifo_timer_w2/rebuffer36362/X (sky130_fd_sc_hd__buf_6)
                                         dot_0/fifo_timer_w2/net36361 (net)
                  0.05    0.00    6.75 ^ dot_0/fifo_timer_w2/place29963/A (sky130_fd_sc_hd__buf_12)
    10    0.08    0.10    0.15    6.89 ^ dot_0/fifo_timer_w2/place29963/X (sky130_fd_sc_hd__buf_12)
                                         dot_0/fifo_timer_w2/net29962 (net)
                  0.10    0.00    6.90 ^ dot_0/fifo_timer_w2/_448_/A (sky130_fd_sc_hd__nor3_2)
     1    0.01    0.08    0.08    6.97 v dot_0/fifo_timer_w2/_448_/Y (sky130_fd_sc_hd__nor3_2)
                                         dot_0/fifo_data_read_2[25] (net)
                  0.08    0.00    6.97 v dot_0/fp4_dot_0/fp4_6/place29718/A (sky130_fd_sc_hd__buf_4)
     2    0.01    0.03    0.16    7.13 v dot_0/fp4_dot_0/fp4_6/place29718/X (sky130_fd_sc_hd__buf_4)
                                         dot_0/fp4_dot_0/fp4_6/net29717 (net)
                  0.03    0.00    7.13 v dot_0/fp4_dot_0/fp4_6/_42_/A (sky130_fd_sc_hd__inv_1)
     1    0.01    0.05    0.06    7.19 ^ dot_0/fp4_dot_0/fp4_6/_42_/Y (sky130_fd_sc_hd__inv_1)
                                         dot_0/fp4_dot_0/fp4_6/_13_ (net)
                  0.05    0.00    7.19 ^ dot_0/fp4_dot_0/fp4_6/_80_/A (sky130_fd_sc_hd__ha_1)
     2    0.01    0.09    0.17    7.36 ^ dot_0/fp4_dot_0/fp4_6/_80_/COUT (sky130_fd_sc_hd__ha_1)
                                         dot_0/fp4_dot_0/fp4_6/_15_ (net)
                  0.09    0.00    7.36 ^ dot_0/fp4_dot_0/fp4_6/_43_/B (sky130_fd_sc_hd__nor2_1)
     1    0.00    0.04    0.05    7.41 v dot_0/fp4_dot_0/fp4_6/_43_/Y (sky130_fd_sc_hd__nor2_1)
                                         dot_0/fp4_dot_0/fp4_6/expb[0] (net)
                  0.04    0.00    7.41 v dot_0/fp4_dot_0/fp4_6/_83_/B (sky130_fd_sc_hd__ha_1)
     1    0.01    0.06    0.19    7.60 v dot_0/fp4_dot_0/fp4_6/_83_/COUT (sky130_fd_sc_hd__ha_1)
                                         dot_0/fp4_dot_0/fp4_6/_33_ (net)
                  0.06    0.00    7.60 v dot_0/fp4_dot_0/fp4_6/_75_/CIN (sky130_fd_sc_hd__fa_1)
     2    0.01    0.09    0.51    8.11 ^ dot_0/fp4_dot_0/fp4_6/_75_/SUM (sky130_fd_sc_hd__fa_1)
                                         dot_0/fp4_dot_0/fp4_6/sum1[1] (net)
                  0.09    0.00    8.11 ^ dot_0/fp4_dot_0/fp4_6/_46_/A (sky130_fd_sc_hd__inv_1)
     1    0.00    0.03    0.05    8.17 v dot_0/fp4_dot_0/fp4_6/_46_/Y (sky130_fd_sc_hd__inv_1)
                                         dot_0/fp4_dot_0/fp4_6/_08_ (net)
                  0.03    0.00    8.17 v dot_0/fp4_dot_0/fp4_6/_78_/B (sky130_fd_sc_hd__ha_1)
     1    0.01    0.07    0.20    8.37 v dot_0/fp4_dot_0/fp4_6/_78_/COUT (sky130_fd_sc_hd__ha_1)
                                         dot_0/fp4_dot_0/fp4_6/_09_ (net)
                  0.07    0.00    8.37 v dot_0/fp4_dot_0/fp4_6/_44_/B (sky130_fd_sc_hd__xnor2_1)
     1    0.01    0.17    0.17    8.54 ^ dot_0/fp4_dot_0/fp4_6/_44_/Y (sky130_fd_sc_hd__xnor2_1)
                                         dot_0/fp4_dot_0/fp4_6/_22_ (net)
                  0.17    0.00    8.54 ^ dot_0/fp4_dot_0/fp4_6/_45_/B (sky130_fd_sc_hd__nor2_1)
     1    0.01    0.12    0.08    8.62 v dot_0/fp4_dot_0/fp4_6/_45_/Y (sky130_fd_sc_hd__nor2_1)
                                         dot_0/fp4_dot_0/fp4_6/sum2[2] (net)
                  0.12    0.00    8.62 v dot_0/fp4_dot_0/fp4_6/_79_/B (sky130_fd_sc_hd__ha_1)
     3    0.02    0.13    0.38    9.01 v dot_0/fp4_dot_0/fp4_6/_79_/SUM (sky130_fd_sc_hd__ha_1)
                                         dot_0/fp4_dot_0/fp4_6/_12_ (net)
                  0.13    0.00    9.01 v dot_0/fp4_dot_0/fp4_6/_50_/A1 (sky130_fd_sc_hd__a21oi_2)
     1    0.00    0.10    0.16    9.16 ^ dot_0/fp4_dot_0/fp4_6/_50_/Y (sky130_fd_sc_hd__a21oi_2)
                                         dot_0/fp4_dot_0/fp4_6/_24_ (net)
                  0.10    0.00    9.16 ^ dot_0/fp4_dot_0/fp4_6/_51_/B (sky130_fd_sc_hd__nand2_1)
     1    0.01    0.06    0.08    9.25 v dot_0/fp4_dot_0/fp4_6/_51_/Y (sky130_fd_sc_hd__nand2_1)
                                         dot_0/fp4_dot_0/fp4_6/_25_ (net)
                  0.06    0.00    9.25 v dot_0/fp4_dot_0/fp4_6/_56_/C (sky130_fd_sc_hd__xnor3_2)
     2    0.02    0.13    0.28    9.53 ^ dot_0/fp4_dot_0/fp4_6/_56_/X (sky130_fd_sc_hd__xnor3_2)
                                         dot_0/fp4_dot_0/y_6[6] (net)
                  0.13    0.00    9.53 ^ dot_0/fp4_dot_0/add3/_0811_/B (sky130_fd_sc_hd__nor2_4)
     2    0.01    0.06    0.05    9.58 v dot_0/fp4_dot_0/add3/_0811_/Y (sky130_fd_sc_hd__nor2_4)
                                         dot_0/fp4_dot_0/add3/_0236_ (net)
                  0.06    0.00    9.58 v dot_0/fp4_dot_0/add3/_0812_/A1 (sky130_fd_sc_hd__a21oi_2)
     2    0.01    0.15    0.17    9.75 ^ dot_0/fp4_dot_0/add3/_0812_/Y (sky130_fd_sc_hd__a21oi_2)
                                         dot_0/fp4_dot_0/add3/_0054_ (net)
                  0.15    0.00    9.75 ^ dot_0/fp4_dot_0/add3/_0813_/A (sky130_fd_sc_hd__inv_1)
     2    0.01    0.07    0.10    9.85 v dot_0/fp4_dot_0/add3/_0813_/Y (sky130_fd_sc_hd__inv_1)
                                         dot_0/fp4_dot_0/add3/exp_a[0] (net)
                  0.07    0.00    9.85 v dot_0/fp4_dot_0/add3/_1370_/A (sky130_fd_sc_hd__ha_2)
     2    0.01    0.06    0.22   10.06 v dot_0/fp4_dot_0/add3/_1370_/COUT (sky130_fd_sc_hd__ha_2)
                                         dot_0/fp4_dot_0/add3/_0018_ (net)
                  0.06    0.00   10.06 v dot_0/fp4_dot_0/add3/_1357_/CIN (sky130_fd_sc_hd__fa_2)
     2    0.01    0.08    0.36   10.42 v dot_0/fp4_dot_0/add3/_1357_/COUT (sky130_fd_sc_hd__fa_2)
                                         dot_0/fp4_dot_0/add3/_0019_ (net)
                  0.08    0.00   10.42 v dot_0/fp4_dot_0/add3/_0858_/A (sky130_fd_sc_hd__nor2b_1)
     1    0.00    0.12    0.14   10.57 ^ dot_0/fp4_dot_0/add3/_0858_/Y (sky130_fd_sc_hd__nor2b_1)
                                         dot_0/fp4_dot_0/add3/_0273_ (net)
                  0.12    0.00   10.57 ^ dot_0/fp4_dot_0/add3/_0859_/A2 (sky130_fd_sc_hd__o21ai_1)
     2    0.01    0.09    0.11   10.67 v dot_0/fp4_dot_0/add3/_0859_/Y (sky130_fd_sc_hd__o21ai_1)
                                         dot_0/fp4_dot_0/add3/_0274_ (net)
                  0.09    0.00   10.68 v dot_0/fp4_dot_0/add3/_0861_/A2 (sky130_fd_sc_hd__a211oi_2)
     1    0.01    0.19    0.25   10.93 ^ dot_0/fp4_dot_0/add3/_0861_/Y (sky130_fd_sc_hd__a211oi_2)
                                         dot_0/fp4_dot_0/add3/_0276_ (net)
                  0.19    0.00   10.93 ^ dot_0/fp4_dot_0/add3/place25474/A (sky130_fd_sc_hd__buf_4)
     3    0.02    0.07    0.18   11.11 ^ dot_0/fp4_dot_0/add3/place25474/X (sky130_fd_sc_hd__buf_4)
                                         dot_0/fp4_dot_0/add3/net25473 (net)
                  0.07    0.00   11.11 ^ dot_0/fp4_dot_0/add3/_0865_/B (sky130_fd_sc_hd__nand2_1)
     2    0.01    0.11    0.12   11.22 v dot_0/fp4_dot_0/add3/_0865_/Y (sky130_fd_sc_hd__nand2_1)
                                         dot_0/fp4_dot_0/add3/_0088_ (net)
                  0.11    0.00   11.22 v dot_0/fp4_dot_0/add3/_1381_/A (sky130_fd_sc_hd__ha_4)
     2    0.02    0.04    0.20   11.42 v dot_0/fp4_dot_0/add3/_1381_/COUT (sky130_fd_sc_hd__ha_4)
                                         dot_0/fp4_dot_0/add3/_0090_ (net)
                  0.04    0.00   11.43 v dot_0/fp4_dot_0/add3/_1251_/A (sky130_fd_sc_hd__nor3_4)
     2    0.01    0.19    0.22   11.65 ^ dot_0/fp4_dot_0/add3/_1251_/Y (sky130_fd_sc_hd__nor3_4)
                                         dot_0/fp4_dot_0/add3/_0629_ (net)
                  0.19    0.00   11.65 ^ dot_0/fp4_dot_0/add3/_1253_/A2 (sky130_fd_sc_hd__o31ai_2)
     1    0.01    0.10    0.10   11.75 v dot_0/fp4_dot_0/add3/_1253_/Y (sky130_fd_sc_hd__o31ai_2)
                                         dot_0/fp4_dot_0/add3/_0631_ (net)
                  0.10    0.00   11.75 v dot_0/fp4_dot_0/add3/_1254_/D1 (sky130_fd_sc_hd__a2111oi_2)
     1    0.01    0.31    0.26   12.01 ^ dot_0/fp4_dot_0/add3/_1254_/Y (sky130_fd_sc_hd__a2111oi_2)
                                         dot_0/fp4_dot_0/add3/_0632_ (net)
                  0.31    0.00   12.01 ^ dot_0/fp4_dot_0/add3/place25328/A (sky130_fd_sc_hd__buf_4)
     3    0.02    0.08    0.21   12.22 ^ dot_0/fp4_dot_0/add3/place25328/X (sky130_fd_sc_hd__buf_4)
                                         dot_0/fp4_dot_0/add3/net25327 (net)
                  0.08    0.00   12.22 ^ dot_0/fp4_dot_0/add3/_1256_/A1 (sky130_fd_sc_hd__a21o_1)
     3    0.01    0.12    0.17   12.39 ^ dot_0/fp4_dot_0/add3/_1256_/X (sky130_fd_sc_hd__a21o_1)
                                         dot_0/fp4_dot_0/add3/_0634_ (net)
                  0.12    0.00   12.39 ^ dot_0/fp4_dot_0/add3/_1257_/A2 (sky130_fd_sc_hd__o21ai_1)
     1    0.01    0.06    0.09   12.48 v dot_0/fp4_dot_0/add3/_1257_/Y (sky130_fd_sc_hd__o21ai_1)
                                         dot_0/fp4_dot_0/add3/_0635_ (net)
                  0.06    0.00   12.48 v dot_0/fp4_dot_0/add3/_1259_/A2 (sky130_fd_sc_hd__a221o_1)
     1    0.00    0.06    0.36   12.83 v dot_0/fp4_dot_0/add3/_1259_/X (sky130_fd_sc_hd__a221o_1)
                                         dot_0/fp4_dot_0/add3/_0637_ (net)
                  0.06    0.00   12.83 v dot_0/fp4_dot_0/add3/_1272_/A1 (sky130_fd_sc_hd__a31oi_1)
     1    0.01    0.20    0.19   13.02 ^ dot_0/fp4_dot_0/add3/_1272_/Y (sky130_fd_sc_hd__a31oi_1)
                                         dot_0/fp4_dot_0/add3/_0650_ (net)
                  0.20    0.00   13.02 ^ dot_0/fp4_dot_0/add3/_1273_/B1 (sky130_fd_sc_hd__a31oi_1)
     1    0.01    0.09    0.09   13.12 v dot_0/fp4_dot_0/add3/_1273_/Y (sky130_fd_sc_hd__a31oi_1)
                                         dot_0/fp4_dot_0/add3/_0651_ (net)
                  0.09    0.00   13.12 v dot_0/fp4_dot_0/add3/_1275_/A1 (sky130_fd_sc_hd__o21ai_2)
     1    0.01    0.19    0.22   13.34 ^ dot_0/fp4_dot_0/add3/_1275_/Y (sky130_fd_sc_hd__o21ai_2)
                                         dot_0/fp4_dot_0/add3/_0653_ (net)
                  0.19    0.00   13.34 ^ dot_0/fp4_dot_0/add3/_1276_/B (sky130_fd_sc_hd__xnor2_2)
     1    0.01    0.10    0.10   13.44 v dot_0/fp4_dot_0/add3/_1276_/Y (sky130_fd_sc_hd__xnor2_2)
                                         dot_0/fp4_dot_0/add3/_0009_ (net)
                  0.10    0.00   13.44 v dot_0/fp4_dot_0/add3/_1355_/A (sky130_fd_sc_hd__fa_2)
     2    0.02    0.11    0.47   13.91 v dot_0/fp4_dot_0/add3/_1355_/COUT (sky130_fd_sc_hd__fa_2)
                                         dot_0/fp4_dot_0/add3/_0003_ (net)
                  0.11    0.00   13.91 v dot_0/fp4_dot_0/add3/_1354_/CIN (sky130_fd_sc_hd__fa_2)
     2    0.01    0.08    0.39   14.30 v dot_0/fp4_dot_0/add3/_1354_/COUT (sky130_fd_sc_hd__fa_2)
                                         dot_0/fp4_dot_0/add3/_0006_ (net)
                  0.08    0.00   14.30 v dot_0/fp4_dot_0/add3/place25179/A (sky130_fd_sc_hd__buf_4)
     2    0.01    0.04    0.16   14.46 v dot_0/fp4_dot_0/add3/place25179/X (sky130_fd_sc_hd__buf_4)
                                         dot_0/fp4_dot_0/add3/net25178 (net)
                  0.04    0.00   14.46 v dot_0/fp4_dot_0/add3/_0745_/A2 (sky130_fd_sc_hd__a211oi_4)
     2    0.02    0.29    0.32   14.78 ^ dot_0/fp4_dot_0/add3/_0745_/Y (sky130_fd_sc_hd__a211oi_4)
                                         dot_0/fp4_dot_0/add3/_0173_ (net)
                  0.29    0.00   14.78 ^ dot_0/fp4_dot_0/add3/place25161/A (sky130_fd_sc_hd__buf_6)
     2    0.01    0.04    0.16   14.94 ^ dot_0/fp4_dot_0/add3/place25161/X (sky130_fd_sc_hd__buf_6)
                                         dot_0/fp4_dot_0/add3/net25160 (net)
                  0.04    0.00   14.94 ^ dot_0/fp4_dot_0/add3/_0749_/A2 (sky130_fd_sc_hd__o31ai_2)
     2    0.02    0.12    0.10   15.04 v dot_0/fp4_dot_0/add3/_0749_/Y (sky130_fd_sc_hd__o31ai_2)
                                         dot_0/fp4_dot_0/add3/_0177_ (net)
                  0.12    0.00   15.04 v dot_0/fp4_dot_0/add3/_0750_/B (sky130_fd_sc_hd__xnor2_2)
     5    0.03    0.43    0.38   15.42 ^ dot_0/fp4_dot_0/add3/_0750_/Y (sky130_fd_sc_hd__xnor2_2)
                                         dot_0/fp4_dot_0/add3/_0178_ (net)
                  0.43    0.00   15.42 ^ dot_0/fp4_dot_0/add3/_0781_/C (sky130_fd_sc_hd__nor3_4)
     3    0.02    0.10    0.09   15.52 v dot_0/fp4_dot_0/add3/_0781_/Y (sky130_fd_sc_hd__nor3_4)
                                         dot_0/fp4_dot_0/add3/_0209_ (net)
                  0.10    0.00   15.52 v dot_0/fp4_dot_0/add3/_0804_/A1 (sky130_fd_sc_hd__a31o_1)
     1    0.00    0.04    0.19   15.71 v dot_0/fp4_dot_0/add3/_0804_/X (sky130_fd_sc_hd__a31o_1)
                                         dot_0/fp4_dot_0/add3/_0232_ (net)
                  0.04    0.00   15.71 v dot_0/fp4_dot_0/add3/_0805_/B1 (sky130_fd_sc_hd__a21o_1)
     2    0.01    0.08    0.19   15.90 v dot_0/fp4_dot_0/add3/_0805_/X (sky130_fd_sc_hd__a21o_1)
                                         dot_0/fp4_dot_0/add3/_0233_ (net)
                  0.08    0.00   15.90 v dot_0/fp4_dot_0/add3/_1379_/A (sky130_fd_sc_hd__ha_2)
     2    0.01    0.05    0.21   16.11 v dot_0/fp4_dot_0/add3/_1379_/COUT (sky130_fd_sc_hd__ha_2)
                                         dot_0/fp4_dot_0/add3/_0085_ (net)
                  0.05    0.00   16.11 v dot_0/fp4_dot_0/add3/_0869_/A (sky130_fd_sc_hd__inv_1)
     1    0.01    0.08    0.09   16.20 ^ dot_0/fp4_dot_0/add3/_0869_/Y (sky130_fd_sc_hd__inv_1)
                                         dot_0/fp4_dot_0/add3/_0012_ (net)
                  0.08    0.00   16.20 ^ dot_0/fp4_dot_0/add3/_1356_/CIN (sky130_fd_sc_hd__fa_2)
     2    0.02    0.11    0.48   16.68 v dot_0/fp4_dot_0/add3/_1356_/SUM (sky130_fd_sc_hd__fa_2)
                                         dot_0/fp4_dot_0/add3/_0016_ (net)
                  0.11    0.00   16.68 v dot_0/fp4_dot_0/add3/_0884_/A (sky130_fd_sc_hd__nor2b_2)
     1    0.01    0.10    0.15   16.82 ^ dot_0/fp4_dot_0/add3/_0884_/Y (sky130_fd_sc_hd__nor2b_2)
                                         dot_0/fp4_dot_0/add3/_0293_ (net)
                  0.10    0.00   16.82 ^ dot_0/fp4_dot_0/add3/_0886_/D1 (sky130_fd_sc_hd__o2111a_1)
     2    0.01    0.10    0.21   17.04 ^ dot_0/fp4_dot_0/add3/_0886_/X (sky130_fd_sc_hd__o2111a_1)
                                         dot_0/fp4_dot_0/add3/_0295_ (net)
                  0.10    0.00   17.04 ^ dot_0/fp4_dot_0/add3/_0892_/A1 (sky130_fd_sc_hd__a31o_1)
     3    0.02    0.19    0.25   17.29 ^ dot_0/fp4_dot_0/add3/_0892_/X (sky130_fd_sc_hd__a31o_1)
                                         dot_0/fp4_dot_0/add3/_0301_ (net)
                  0.19    0.00   17.29 ^ dot_0/fp4_dot_0/add3/_0893_/B1 (sky130_fd_sc_hd__a21oi_2)
     1    0.01    0.07    0.08   17.37 v dot_0/fp4_dot_0/add3/_0893_/Y (sky130_fd_sc_hd__a21oi_2)
                                         dot_0/fp4_dot_0/add3/_0302_ (net)
                  0.07    0.00   17.37 v dot_0/fp4_dot_0/add3/place24771/A (sky130_fd_sc_hd__buf_12)
     5    0.03    0.03    0.14   17.51 v dot_0/fp4_dot_0/add3/place24771/X (sky130_fd_sc_hd__buf_12)
                                         dot_0/fp4_dot_0/add3/net24770 (net)
                  0.03    0.00   17.51 v dot_0/fp4_dot_0/add3/_0966_/A2 (sky130_fd_sc_hd__a31oi_2)
     1    0.01    0.16    0.18   17.69 ^ dot_0/fp4_dot_0/add3/_0966_/Y (sky130_fd_sc_hd__a31oi_2)
                                         dot_0/fp4_dot_0/add3/_0369_ (net)
                  0.16    0.00   17.69 ^ dot_0/fp4_dot_0/add3/place24714/A (sky130_fd_sc_hd__buf_6)
     5    0.04    0.10    0.17   17.86 ^ dot_0/fp4_dot_0/add3/place24714/X (sky130_fd_sc_hd__buf_6)
                                         dot_0/fp4_dot_0/add3/net24713 (net)
                  0.10    0.00   17.87 ^ dot_0/fp4_dot_0/add3/_0967_/S (sky130_fd_sc_hd__mux2i_2)
     2    0.01    0.19    0.25   18.12 ^ dot_0/fp4_dot_0/add3/_0967_/Y (sky130_fd_sc_hd__mux2i_2)
                                         dot_0/fp4_dot_0/add3/_0370_ (net)
                  0.19    0.00   18.12 ^ dot_0/fp4_dot_0/add3/_1138_/A2 (sky130_fd_sc_hd__a211o_1)
     1    0.02    0.18    0.25   18.37 ^ dot_0/fp4_dot_0/add3/_1138_/X (sky130_fd_sc_hd__a211o_1)
                                         dot_0/fp4_dot_0/add3/_0533_ (net)
                  0.18    0.00   18.37 ^ dot_0/fp4_dot_0/add3/_1144_/A3 (sky130_fd_sc_hd__a31oi_4)
     2    0.01    0.11    0.11   18.48 v dot_0/fp4_dot_0/add3/_1144_/Y (sky130_fd_sc_hd__a31oi_4)
                                         dot_0/fp4_dot_0/add3/_0000_ (net)
                  0.11    0.00   18.48 v dot_0/fp4_dot_0/add3/_1334_/B1 (sky130_fd_sc_hd__a21oi_2)
     1    0.01    0.12    0.14   18.63 ^ dot_0/fp4_dot_0/add3/_1334_/Y (sky130_fd_sc_hd__a21oi_2)
                                         dot_0/fp4_dot_0/add3/_0694_ (net)
                  0.12    0.00   18.63 ^ dot_0/fp4_dot_0/add3/_1344_/A3 (sky130_fd_sc_hd__a32oi_2)
     1    0.01    0.11    0.14   18.77 v dot_0/fp4_dot_0/add3/_1344_/Y (sky130_fd_sc_hd__a32oi_2)
                                         dot_0/fp4_dot_0/add3/_0002_ (net)
                  0.11    0.00   18.77 v dot_0/fp4_dot_0/add3/place24618/A (sky130_fd_sc_hd__buf_4)
     1    0.01    0.03    0.16   18.93 v dot_0/fp4_dot_0/add3/place24618/X (sky130_fd_sc_hd__buf_4)
                                         dot_0/fp4_dot_0/add3/net24617 (net)
                  0.03    0.00   18.93 v dot_0/fp4_dot_0/add3/_1402_/B (sky130_fd_sc_hd__ha_1)
     1    0.01    0.05    0.18   19.11 v dot_0/fp4_dot_0/add3/_1402_/COUT (sky130_fd_sc_hd__ha_1)
                                         dot_0/fp4_dot_0/add3/_0711_ (net)
                  0.05    0.00   19.11 v dot_0/fp4_dot_0/add3/_1387_/A (sky130_fd_sc_hd__ha_2)
     3    0.01    0.06    0.21   19.32 v dot_0/fp4_dot_0/add3/_1387_/COUT (sky130_fd_sc_hd__ha_2)
                                         dot_0/fp4_dot_0/add3/_0103_ (net)
                  0.06    0.00   19.32 v dot_0/fp4_dot_0/add3/_0914_/A (sky130_fd_sc_hd__and4_1)
     2    0.01    0.07    0.19   19.50 v dot_0/fp4_dot_0/add3/_0914_/X (sky130_fd_sc_hd__and4_1)
                                         dot_0/fp4_dot_0/add3/_0322_ (net)
                  0.07    0.00   19.50 v dot_0/fp4_dot_0/add3/_1056_/B (sky130_fd_sc_hd__nor3b_2)
     1    0.01    0.18    0.21   19.71 ^ dot_0/fp4_dot_0/add3/_1056_/Y (sky130_fd_sc_hd__nor3b_2)
                                         dot_0/fp4_dot_0/add3/_0459_ (net)
                  0.18    0.00   19.71 ^ dot_0/fp4_dot_0/add3/_1057_/B (sky130_fd_sc_hd__nand4_2)
     3    0.02    0.21    0.23   19.94 v dot_0/fp4_dot_0/add3/_1057_/Y (sky130_fd_sc_hd__nand4_2)
                                         dot_0/fp4_dot_0/add3/_0460_ (net)
                  0.21    0.00   19.94 v dot_0/fp4_dot_0/add3/_1058_/A (sky130_fd_sc_hd__nand3_4)
     2    0.02    0.10    0.15   20.10 ^ dot_0/fp4_dot_0/add3/_1058_/Y (sky130_fd_sc_hd__nand3_4)
                                         dot_0/fp4_dot_0/add3/_0461_ (net)
                  0.10    0.00   20.10 ^ dot_0/fp4_dot_0/add3/_1066_/A3 (sky130_fd_sc_hd__a31oi_4)
     1    0.01    0.13    0.12   20.21 v dot_0/fp4_dot_0/add3/_1066_/Y (sky130_fd_sc_hd__a31oi_4)
                                         dot_0/fp4_dot_0/add_3[6] (net)
                  0.13    0.00   20.21 v dot_0/fp4_dot_0/add5/place24566/A (sky130_fd_sc_hd__buf_12)
     2    0.04    0.04    0.17   20.38 v dot_0/fp4_dot_0/add5/place24566/X (sky130_fd_sc_hd__buf_12)
                                         dot_0/fp4_dot_0/add5/net24565 (net)
                  0.04    0.01   20.39 v dot_0/fp4_dot_0/add5/_0734_/A (sky130_fd_sc_hd__inv_2)
     2    0.02    0.08    0.08   20.47 ^ dot_0/fp4_dot_0/add5/_0734_/Y (sky130_fd_sc_hd__inv_2)
                                         dot_0/fp4_dot_0/add5/_0139_ (net)
                  0.08    0.00   20.47 ^ dot_0/fp4_dot_0/add5/_0817_/A2 (sky130_fd_sc_hd__a31oi_4)
     2    0.02    0.09    0.11   20.59 v dot_0/fp4_dot_0/add5/_0817_/Y (sky130_fd_sc_hd__a31oi_4)
                                         dot_0/fp4_dot_0/add5/_0056_ (net)
                  0.09    0.00   20.59 v dot_0/fp4_dot_0/add5/place24494/A (sky130_fd_sc_hd__buf_4)
     2    0.01    0.03    0.16   20.75 v dot_0/fp4_dot_0/add5/place24494/X (sky130_fd_sc_hd__buf_4)
                                         dot_0/fp4_dot_0/add5/net24493 (net)
                  0.03    0.00   20.75 v dot_0/fp4_dot_0/add5/_1370_/B (sky130_fd_sc_hd__ha_2)
     2    0.02    0.07    0.20   20.95 v dot_0/fp4_dot_0/add5/_1370_/COUT (sky130_fd_sc_hd__ha_2)
                                         dot_0/fp4_dot_0/add5/_0018_ (net)
                  0.07    0.00   20.95 v dot_0/fp4_dot_0/add5/_1357_/B (sky130_fd_sc_hd__fa_2)
     2    0.01    0.09    0.39   21.34 v dot_0/fp4_dot_0/add5/_1357_/COUT (sky130_fd_sc_hd__fa_2)
                                         dot_0/fp4_dot_0/add5/_0019_ (net)
                  0.09    0.00   21.34 v dot_0/fp4_dot_0/add5/_0858_/A (sky130_fd_sc_hd__nor2b_2)
     1    0.01    0.10    0.14   21.48 ^ dot_0/fp4_dot_0/add5/_0858_/Y (sky130_fd_sc_hd__nor2b_2)
                                         dot_0/fp4_dot_0/add5/_0273_ (net)
                  0.10    0.00   21.48 ^ dot_0/fp4_dot_0/add5/_0859_/A2 (sky130_fd_sc_hd__o21ai_2)
     2    0.01    0.08    0.09   21.57 v dot_0/fp4_dot_0/add5/_0859_/Y (sky130_fd_sc_hd__o21ai_2)
                                         dot_0/fp4_dot_0/add5/_0274_ (net)
                  0.08    0.00   21.57 v dot_0/fp4_dot_0/add5/_0861_/A2 (sky130_fd_sc_hd__a211oi_4)
     4    0.03    0.36    0.39   21.97 ^ dot_0/fp4_dot_0/add5/_0861_/Y (sky130_fd_sc_hd__a211oi_4)
                                         dot_0/fp4_dot_0/add5/_0276_ (net)
                  0.36    0.00   21.97 ^ dot_0/fp4_dot_0/add5/_0862_/B (sky130_fd_sc_hd__nand2b_1)
     2    0.01    0.14    0.19   22.15 v dot_0/fp4_dot_0/add5/_0862_/Y (sky130_fd_sc_hd__nand2b_1)
                                         dot_0/fp4_dot_0/add5/_0089_ (net)
                  0.14    0.00   22.15 v dot_0/fp4_dot_0/add5/_1381_/B (sky130_fd_sc_hd__ha_4)
     2    0.02    0.05    0.22   22.37 v dot_0/fp4_dot_0/add5/_1381_/COUT (sky130_fd_sc_hd__ha_4)
                                         dot_0/fp4_dot_0/add5/_0090_ (net)
                  0.05    0.00   22.37 v dot_0/fp4_dot_0/add5/_1251_/A (sky130_fd_sc_hd__nor3_4)
     2    0.01    0.19    0.22   22.59 ^ dot_0/fp4_dot_0/add5/_1251_/Y (sky130_fd_sc_hd__nor3_4)
                                         dot_0/fp4_dot_0/add5/_0629_ (net)
                  0.19    0.00   22.59 ^ dot_0/fp4_dot_0/add5/_1253_/A3 (sky130_fd_sc_hd__o31ai_2)
     1    0.01    0.08    0.09   22.69 v dot_0/fp4_dot_0/add5/_1253_/Y (sky130_fd_sc_hd__o31ai_2)
                                         dot_0/fp4_dot_0/add5/_0631_ (net)
                  0.08    0.00   22.69 v dot_0/fp4_dot_0/add5/_1254_/D1 (sky130_fd_sc_hd__a2111oi_2)
     1    0.01    0.35    0.28   22.97 ^ dot_0/fp4_dot_0/add5/_1254_/Y (sky130_fd_sc_hd__a2111oi_2)
                                         dot_0/fp4_dot_0/add5/_0632_ (net)
                  0.35    0.00   22.97 ^ dot_0/fp4_dot_0/add5/place24315/A (sky130_fd_sc_hd__buf_4)
     3    0.02    0.06    0.21   23.17 ^ dot_0/fp4_dot_0/add5/place24315/X (sky130_fd_sc_hd__buf_4)
                                         dot_0/fp4_dot_0/add5/net24314 (net)
                  0.06    0.00   23.17 ^ dot_0/fp4_dot_0/add5/_1256_/A2 (sky130_fd_sc_hd__a21o_1)
     3    0.01    0.10    0.16   23.33 ^ dot_0/fp4_dot_0/add5/_1256_/X (sky130_fd_sc_hd__a21o_1)
                                         dot_0/fp4_dot_0/add5/_0634_ (net)
                  0.10    0.00   23.33 ^ dot_0/fp4_dot_0/add5/_1257_/A2 (sky130_fd_sc_hd__o21ai_1)
     1    0.00    0.05    0.07   23.40 v dot_0/fp4_dot_0/add5/_1257_/Y (sky130_fd_sc_hd__o21ai_1)
                                         dot_0/fp4_dot_0/add5/_0635_ (net)
                  0.05    0.00   23.40 v dot_0/fp4_dot_0/add5/_1259_/A2 (sky130_fd_sc_hd__a221o_1)
     1    0.01    0.08    0.38   23.77 v dot_0/fp4_dot_0/add5/_1259_/X (sky130_fd_sc_hd__a221o_1)
                                         dot_0/fp4_dot_0/add5/_0637_ (net)
                  0.08    0.00   23.77 v dot_0/fp4_dot_0/add5/_1272_/A1 (sky130_fd_sc_hd__a31oi_1)
     1    0.00    0.15    0.15   23.93 ^ dot_0/fp4_dot_0/add5/_1272_/Y (sky130_fd_sc_hd__a31oi_1)
                                         dot_0/fp4_dot_0/add5/_0650_ (net)
                  0.15    0.00   23.93 ^ dot_0/fp4_dot_0/add5/_1273_/B1 (sky130_fd_sc_hd__a31oi_1)
     1    0.01    0.08    0.07   24.00 v dot_0/fp4_dot_0/add5/_1273_/Y (sky130_fd_sc_hd__a31oi_1)
                                         dot_0/fp4_dot_0/add5/_0651_ (net)
                  0.08    0.00   24.00 v dot_0/fp4_dot_0/add5/_1275_/A2 (sky130_fd_sc_hd__o21ai_1)
     1    0.01    0.19    0.19   24.19 ^ dot_0/fp4_dot_0/add5/_1275_/Y (sky130_fd_sc_hd__o21ai_1)
                                         dot_0/fp4_dot_0/add5/_0653_ (net)
                  0.19    0.00   24.19 ^ dot_0/fp4_dot_0/add5/_1276_/A (sky130_fd_sc_hd__xnor2_1)
     1    0.01    0.11    0.14   24.33 v dot_0/fp4_dot_0/add5/_1276_/Y (sky130_fd_sc_hd__xnor2_1)
                                         dot_0/fp4_dot_0/add5/_0009_ (net)
                  0.11    0.00   24.33 v dot_0/fp4_dot_0/add5/_1355_/A (sky130_fd_sc_hd__fa_2)
     2    0.01    0.09    0.44   24.77 v dot_0/fp4_dot_0/add5/_1355_/COUT (sky130_fd_sc_hd__fa_2)
                                         dot_0/fp4_dot_0/add5/_0003_ (net)
                  0.09    0.00   24.77 v dot_0/fp4_dot_0/add5/_1354_/CIN (sky130_fd_sc_hd__fa_2)
     3    0.02    0.10    0.40   25.17 v dot_0/fp4_dot_0/add5/_1354_/COUT (sky130_fd_sc_hd__fa_2)
                                         dot_0/fp4_dot_0/add5/_0006_ (net)
                  0.10    0.00   25.18 v dot_0/fp4_dot_0/add5/_0745_/A1 (sky130_fd_sc_hd__a211oi_4)
     3    0.03    0.36    0.37   25.55 ^ dot_0/fp4_dot_0/add5/_0745_/Y (sky130_fd_sc_hd__a211oi_4)
                                         dot_0/fp4_dot_0/add5/_0173_ (net)
                  0.36    0.00   25.55 ^ dot_0/fp4_dot_0/add5/place24238/A (sky130_fd_sc_hd__buf_4)
     1    0.01    0.04    0.18   25.73 ^ dot_0/fp4_dot_0/add5/place24238/X (sky130_fd_sc_hd__buf_4)
                                         dot_0/fp4_dot_0/add5/net24237 (net)
                  0.04    0.00   25.73 ^ dot_0/fp4_dot_0/add5/_0759_/A (sky130_fd_sc_hd__nor2_2)
     4    0.03    0.14    0.07   25.80 v dot_0/fp4_dot_0/add5/_0759_/Y (sky130_fd_sc_hd__nor2_2)
                                         dot_0/fp4_dot_0/add5/_0187_ (net)
                  0.14    0.00   25.81 v dot_0/fp4_dot_0/add5/_0791_/A2 (sky130_fd_sc_hd__a21oi_2)
     2    0.02    0.23    0.28   26.08 ^ dot_0/fp4_dot_0/add5/_0791_/Y (sky130_fd_sc_hd__a21oi_2)
                                         dot_0/fp4_dot_0/add5/_0219_ (net)
                  0.23    0.00   26.08 ^ dot_0/fp4_dot_0/add5/_0792_/A2 (sky130_fd_sc_hd__a31oi_4)
     3    0.02    0.12    0.15   26.23 v dot_0/fp4_dot_0/add5/_0792_/Y (sky130_fd_sc_hd__a31oi_4)
                                         dot_0/fp4_dot_0/add5/_0220_ (net)
                  0.12    0.00   26.23 v dot_0/fp4_dot_0/add5/_0804_/A2 (sky130_fd_sc_hd__a31o_1)
     1    0.00    0.04    0.23   26.46 v dot_0/fp4_dot_0/add5/_0804_/X (sky130_fd_sc_hd__a31o_1)
                                         dot_0/fp4_dot_0/add5/_0232_ (net)
                  0.04    0.00   26.46 v dot_0/fp4_dot_0/add5/_0805_/B1 (sky130_fd_sc_hd__a21o_1)
     2    0.02    0.11    0.22   26.68 v dot_0/fp4_dot_0/add5/_0805_/X (sky130_fd_sc_hd__a21o_1)
                                         dot_0/fp4_dot_0/add5/_0233_ (net)
                  0.11    0.00   26.68 v dot_0/fp4_dot_0/add5/_1379_/A (sky130_fd_sc_hd__ha_2)
     2    0.01    0.05    0.23   26.91 v dot_0/fp4_dot_0/add5/_1379_/COUT (sky130_fd_sc_hd__ha_2)
                                         dot_0/fp4_dot_0/add5/_0085_ (net)
                  0.05    0.00   26.91 v dot_0/fp4_dot_0/add5/_0869_/A (sky130_fd_sc_hd__inv_1)
     1    0.01    0.09    0.09   27.00 ^ dot_0/fp4_dot_0/add5/_0869_/Y (sky130_fd_sc_hd__inv_1)
                                         dot_0/fp4_dot_0/add5/_0012_ (net)
                  0.09    0.00   27.00 ^ dot_0/fp4_dot_0/add5/_1356_/A (sky130_fd_sc_hd__fa_2)
     2    0.01    0.09    0.45   27.45 v dot_0/fp4_dot_0/add5/_1356_/SUM (sky130_fd_sc_hd__fa_2)
                                         dot_0/fp4_dot_0/add5/_0016_ (net)
                  0.09    0.00   27.45 v dot_0/fp4_dot_0/add5/_0884_/A (sky130_fd_sc_hd__nor2b_2)
     1    0.01    0.11    0.15   27.60 ^ dot_0/fp4_dot_0/add5/_0884_/Y (sky130_fd_sc_hd__nor2b_2)
                                         dot_0/fp4_dot_0/add5/_0293_ (net)
                  0.11    0.00   27.60 ^ dot_0/fp4_dot_0/add5/_0886_/D1 (sky130_fd_sc_hd__o2111a_1)
     2    0.01    0.14    0.25   27.85 ^ dot_0/fp4_dot_0/add5/_0886_/X (sky130_fd_sc_hd__o2111a_1)
                                         dot_0/fp4_dot_0/add5/_0295_ (net)
                  0.14    0.00   27.85 ^ dot_0/fp4_dot_0/add5/_0892_/A3 (sky130_fd_sc_hd__a31o_4)
     3    0.03    0.10    0.22   28.06 ^ dot_0/fp4_dot_0/add5/_0892_/X (sky130_fd_sc_hd__a31o_4)
                                         dot_0/fp4_dot_0/add5/_0301_ (net)
                  0.10    0.00   28.06 ^ dot_0/fp4_dot_0/add5/_0893_/B1 (sky130_fd_sc_hd__a21oi_2)
     2    0.01    0.05    0.06   28.12 v dot_0/fp4_dot_0/add5/_0893_/Y (sky130_fd_sc_hd__a21oi_2)
                                         dot_0/fp4_dot_0/add5/_0302_ (net)
                  0.05    0.00   28.12 v dot_0/fp4_dot_0/add5/place24039/A (sky130_fd_sc_hd__buf_4)
     4    0.02    0.04    0.16   28.28 v dot_0/fp4_dot_0/add5/place24039/X (sky130_fd_sc_hd__buf_4)
                                         dot_0/fp4_dot_0/add5/net24038 (net)
                  0.04    0.00   28.28 v dot_0/fp4_dot_0/add5/place24038/A (sky130_fd_sc_hd__buf_4)
     2    0.01    0.04    0.14   28.42 v dot_0/fp4_dot_0/add5/place24038/X (sky130_fd_sc_hd__buf_4)
                                         dot_0/fp4_dot_0/add5/net24037 (net)
                  0.04    0.00   28.42 v dot_0/fp4_dot_0/add5/_1004_/B1 (sky130_fd_sc_hd__o22ai_4)
     2    0.01    0.18    0.15   28.57 ^ dot_0/fp4_dot_0/add5/_1004_/Y (sky130_fd_sc_hd__o22ai_4)
                                         dot_0/fp4_dot_0/add5/_0407_ (net)
                  0.18    0.00   28.58 ^ dot_0/fp4_dot_0/add5/_1119_/C (sky130_fd_sc_hd__nand4_1)
     2    0.02    0.25    0.26   28.83 v dot_0/fp4_dot_0/add5/_1119_/Y (sky130_fd_sc_hd__nand4_1)
                                         dot_0/fp4_dot_0/add5/_0516_ (net)
                  0.25    0.00   28.83 v dot_0/fp4_dot_0/add5/_1142_/B1 (sky130_fd_sc_hd__o221a_1)
     1    0.01    0.10    0.36   29.19 v dot_0/fp4_dot_0/add5/_1142_/X (sky130_fd_sc_hd__o221a_1)
                                         dot_0/fp4_dot_0/add5/_0537_ (net)
                  0.10    0.00   29.19 v dot_0/fp4_dot_0/add5/_1144_/A3 (sky130_fd_sc_hd__a31oi_4)
     2    0.01    0.16    0.22   29.42 ^ dot_0/fp4_dot_0/add5/_1144_/Y (sky130_fd_sc_hd__a31oi_4)
                                         dot_0/fp4_dot_0/add5/_0000_ (net)
                  0.16    0.00   29.42 ^ dot_0/fp4_dot_0/add5/_1334_/B1 (sky130_fd_sc_hd__a21oi_2)
     1    0.01    0.05    0.05   29.47 v dot_0/fp4_dot_0/add5/_1334_/Y (sky130_fd_sc_hd__a21oi_2)
                                         dot_0/fp4_dot_0/add5/_0694_ (net)
                  0.05    0.00   29.47 v dot_0/fp4_dot_0/add5/_1344_/A2 (sky130_fd_sc_hd__a32oi_2)
     1    0.02    0.28    0.29   29.76 ^ dot_0/fp4_dot_0/add5/_1344_/Y (sky130_fd_sc_hd__a32oi_2)
                                         dot_0/fp4_dot_0/add5/_0002_ (net)
                  0.28    0.00   29.76 ^ dot_0/fp4_dot_0/add5/_1402_/A (sky130_fd_sc_hd__ha_2)
     1    0.01    0.09    0.26   30.03 ^ dot_0/fp4_dot_0/add5/_1402_/COUT (sky130_fd_sc_hd__ha_2)
                                         dot_0/fp4_dot_0/add5/_0711_ (net)
                  0.09    0.00   30.03 ^ dot_0/fp4_dot_0/add5/_1387_/A (sky130_fd_sc_hd__ha_4)
     4    0.02    0.09    0.17   30.20 ^ dot_0/fp4_dot_0/add5/_1387_/COUT (sky130_fd_sc_hd__ha_4)
                                         dot_0/fp4_dot_0/add5/_0103_ (net)
                  0.09    0.00   30.21 ^ dot_0/fp4_dot_0/add5/_1038_/B (sky130_fd_sc_hd__nand2_1)
     2    0.01    0.07    0.09   30.30 v dot_0/fp4_dot_0/add5/_1038_/Y (sky130_fd_sc_hd__nand2_1)
                                         dot_0/fp4_dot_0/add5/_0441_ (net)
                  0.07    0.00   30.30 v dot_0/fp4_dot_0/add5/_1039_/A (sky130_fd_sc_hd__nor2_2)
     2    0.01    0.14    0.17   30.47 ^ dot_0/fp4_dot_0/add5/_1039_/Y (sky130_fd_sc_hd__nor2_2)
                                         dot_0/fp4_dot_0/add5/_0442_ (net)
                  0.14    0.00   30.47 ^ dot_0/fp4_dot_0/add5/place23948/A (sky130_fd_sc_hd__buf_4)
     1    0.01    0.04    0.14   30.60 ^ dot_0/fp4_dot_0/add5/place23948/X (sky130_fd_sc_hd__buf_4)
                                         dot_0/fp4_dot_0/add5/net23947 (net)
                  0.04    0.00   30.60 ^ dot_0/fp4_dot_0/add5/_1055_/A3 (sky130_fd_sc_hd__a31o_4)
     3    0.02    0.08    0.18   30.78 ^ dot_0/fp4_dot_0/add5/_1055_/X (sky130_fd_sc_hd__a31o_4)
                                         dot_0/fp4_dot_0/add5/_0458_ (net)
                  0.08    0.00   30.78 ^ dot_0/fp4_dot_0/add5/_1058_/B (sky130_fd_sc_hd__nand3_2)
     2    0.02    0.13    0.13   30.92 v dot_0/fp4_dot_0/add5/_1058_/Y (sky130_fd_sc_hd__nand3_2)
                                         dot_0/fp4_dot_0/add5/_0461_ (net)
                  0.13    0.00   30.92 v dot_0/fp4_dot_0/add5/_1091_/A2 (sky130_fd_sc_hd__a31oi_4)
     1    0.02    0.21    0.25   31.17 ^ dot_0/fp4_dot_0/add5/_1091_/Y (sky130_fd_sc_hd__a31oi_4)
                                         dot_0/fp4_dot_0/add_5[4] (net)
                  0.21    0.00   31.17 ^ dot_0/fp4_dot_0/add6/place23925/A (sky130_fd_sc_hd__buf_4)
     2    0.01    0.04    0.16   31.33 ^ dot_0/fp4_dot_0/add6/place23925/X (sky130_fd_sc_hd__buf_4)
                                         dot_0/fp4_dot_0/add6/net23924 (net)
                  0.04    0.00   31.33 ^ dot_0/fp4_dot_0/add6/_0816_/A (sky130_fd_sc_hd__inv_1)
     2    0.02    0.07    0.08   31.41 v dot_0/fp4_dot_0/add6/_0816_/Y (sky130_fd_sc_hd__inv_1)
                                         dot_0/fp4_dot_0/add6/_0038_ (net)
                  0.07    0.00   31.41 v dot_0/fp4_dot_0/add6/_0817_/A2 (sky130_fd_sc_hd__a31oi_4)
     3    0.02    0.23    0.24   31.65 ^ dot_0/fp4_dot_0/add6/_0817_/Y (sky130_fd_sc_hd__a31oi_4)
                                         dot_0/fp4_dot_0/add6/_0056_ (net)
                  0.23    0.00   31.65 ^ dot_0/fp4_dot_0/add6/_0922_/A (sky130_fd_sc_hd__inv_2)
     3    0.02    0.08    0.10   31.75 v dot_0/fp4_dot_0/add6/_0922_/Y (sky130_fd_sc_hd__inv_2)
                                         dot_0/fp4_dot_0/add6/exp_b[0] (net)
                  0.08    0.00   31.75 v dot_0/fp4_dot_0/add6/_1367_/B (sky130_fd_sc_hd__ha_2)
     2    0.01    0.05    0.20   31.96 v dot_0/fp4_dot_0/add6/_1367_/COUT (sky130_fd_sc_hd__ha_2)
                                         dot_0/fp4_dot_0/add6/_0022_ (net)
                  0.05    0.00   31.96 v dot_0/fp4_dot_0/add6/_1358_/CIN (sky130_fd_sc_hd__fa_2)
     2    0.01    0.07    0.35   32.30 v dot_0/fp4_dot_0/add6/_1358_/COUT (sky130_fd_sc_hd__fa_2)
                                         dot_0/fp4_dot_0/add6/_0023_ (net)
                  0.07    0.00   32.30 v dot_0/fp4_dot_0/add6/_0724_/A_N (sky130_fd_sc_hd__nand2b_4)
     2    0.01    0.06    0.17   32.47 v dot_0/fp4_dot_0/add6/_0724_/Y (sky130_fd_sc_hd__nand2b_4)
                                         dot_0/fp4_dot_0/add6/_0157_ (net)
                  0.06    0.00   32.47 v dot_0/fp4_dot_0/add6/_0728_/A2 (sky130_fd_sc_hd__a211oi_4)
     2    0.02    0.31    0.34   32.82 ^ dot_0/fp4_dot_0/add6/_0728_/Y (sky130_fd_sc_hd__a211oi_4)
                                         dot_0/fp4_dot_0/add6/_0161_ (net)
                  0.31    0.00   32.82 ^ dot_0/fp4_dot_0/add6/_0861_/C1 (sky130_fd_sc_hd__a211oi_4)
     3    0.02    0.09    0.09   32.91 v dot_0/fp4_dot_0/add6/_0861_/Y (sky130_fd_sc_hd__a211oi_4)
                                         dot_0/fp4_dot_0/add6/_0276_ (net)
                  0.09    0.00   32.91 v dot_0/fp4_dot_0/add6/_0862_/B (sky130_fd_sc_hd__nand2b_1)
     2    0.01    0.10    0.12   33.03 ^ dot_0/fp4_dot_0/add6/_0862_/Y (sky130_fd_sc_hd__nand2b_1)
                                         dot_0/fp4_dot_0/add6/_0089_ (net)
                  0.10    0.00   33.03 ^ dot_0/fp4_dot_0/add6/_1381_/A (sky130_fd_sc_hd__ha_2)
     2    0.01    0.09    0.22   33.25 ^ dot_0/fp4_dot_0/add6/_1381_/COUT (sky130_fd_sc_hd__ha_2)
                                         dot_0/fp4_dot_0/add6/_0090_ (net)
                  0.09    0.00   33.25 ^ dot_0/fp4_dot_0/add6/_1251_/A (sky130_fd_sc_hd__nor3_4)
     2    0.01    0.08    0.05   33.30 v dot_0/fp4_dot_0/add6/_1251_/Y (sky130_fd_sc_hd__nor3_4)
                                         dot_0/fp4_dot_0/add6/_0629_ (net)
                  0.08    0.00   33.30 v dot_0/fp4_dot_0/add6/_1253_/A2 (sky130_fd_sc_hd__o31ai_2)
     1    0.01    0.26    0.29   33.59 ^ dot_0/fp4_dot_0/add6/_1253_/Y (sky130_fd_sc_hd__o31ai_2)
                                         dot_0/fp4_dot_0/add6/_0631_ (net)
                  0.26    0.00   33.59 ^ dot_0/fp4_dot_0/add6/_1254_/D1 (sky130_fd_sc_hd__a2111oi_2)
     1    0.00    0.07    0.07   33.66 v dot_0/fp4_dot_0/add6/_1254_/Y (sky130_fd_sc_hd__a2111oi_2)
                                         dot_0/fp4_dot_0/add6/_0632_ (net)
                  0.07    0.00   33.66 v dot_0/fp4_dot_0/add6/place23813/A (sky130_fd_sc_hd__buf_4)
     3    0.02    0.04    0.16   33.82 v dot_0/fp4_dot_0/add6/place23813/X (sky130_fd_sc_hd__buf_4)
                                         dot_0/fp4_dot_0/add6/net23812 (net)
                  0.04    0.00   33.82 v dot_0/fp4_dot_0/add6/_1255_/S (sky130_fd_sc_hd__mux2i_4)
     2    0.01    0.05    0.18   34.01 v dot_0/fp4_dot_0/add6/_1255_/Y (sky130_fd_sc_hd__mux2i_4)
                                         dot_0/fp4_dot_0/add6/_0633_ (net)
                  0.05    0.00   34.01 v dot_0/fp4_dot_0/add6/place23810/A (sky130_fd_sc_hd__buf_4)
     2    0.01    0.03    0.14   34.14 v dot_0/fp4_dot_0/add6/place23810/X (sky130_fd_sc_hd__buf_4)
                                         dot_0/fp4_dot_0/add6/net23809 (net)
                  0.03    0.00   34.14 v dot_0/fp4_dot_0/add6/_1259_/A2 (sky130_fd_sc_hd__a221o_1)
     1    0.01    0.07    0.35   34.50 v dot_0/fp4_dot_0/add6/_1259_/X (sky130_fd_sc_hd__a221o_1)
                                         dot_0/fp4_dot_0/add6/_0637_ (net)
                  0.07    0.00   34.50 v dot_0/fp4_dot_0/add6/_1272_/A1 (sky130_fd_sc_hd__a31oi_1)
     1    0.00    0.14    0.14   34.64 ^ dot_0/fp4_dot_0/add6/_1272_/Y (sky130_fd_sc_hd__a31oi_1)
                                         dot_0/fp4_dot_0/add6/_0650_ (net)
                  0.14    0.00   34.64 ^ dot_0/fp4_dot_0/add6/_1273_/B1 (sky130_fd_sc_hd__a31oi_1)
     1    0.01    0.12    0.09   34.73 v dot_0/fp4_dot_0/add6/_1273_/Y (sky130_fd_sc_hd__a31oi_1)
                                         dot_0/fp4_dot_0/add6/_0651_ (net)
                  0.12    0.00   34.73 v dot_0/fp4_dot_0/add6/_1275_/A1 (sky130_fd_sc_hd__o21ai_2)
     1    0.02    0.21    0.24   34.98 ^ dot_0/fp4_dot_0/add6/_1275_/Y (sky130_fd_sc_hd__o21ai_2)
                                         dot_0/fp4_dot_0/add6/_0653_ (net)
                  0.21    0.00   34.98 ^ dot_0/fp4_dot_0/add6/_1276_/A (sky130_fd_sc_hd__xnor2_2)
     1    0.01    0.09    0.12   35.10 v dot_0/fp4_dot_0/add6/_1276_/Y (sky130_fd_sc_hd__xnor2_2)
                                         dot_0/fp4_dot_0/add6/_0009_ (net)
                  0.09    0.00   35.10 v dot_0/fp4_dot_0/add6/_1355_/A (sky130_fd_sc_hd__fa_2)
     2    0.02    0.10    0.45   35.55 v dot_0/fp4_dot_0/add6/_1355_/COUT (sky130_fd_sc_hd__fa_2)
                                         dot_0/fp4_dot_0/add6/_0003_ (net)
                  0.10    0.00   35.55 v dot_0/fp4_dot_0/add6/_1354_/CIN (sky130_fd_sc_hd__fa_2)
     2    0.01    0.08    0.37   35.92 v dot_0/fp4_dot_0/add6/_1354_/COUT (sky130_fd_sc_hd__fa_2)
                                         dot_0/fp4_dot_0/add6/_0006_ (net)
                  0.08    0.00   35.92 v dot_0/fp4_dot_0/add6/place23777/A (sky130_fd_sc_hd__buf_4)
     2    0.02    0.04    0.16   36.08 v dot_0/fp4_dot_0/add6/place23777/X (sky130_fd_sc_hd__buf_4)
                                         dot_0/fp4_dot_0/add6/net23776 (net)
                  0.04    0.00   36.08 v dot_0/fp4_dot_0/add6/_0745_/A2 (sky130_fd_sc_hd__a211oi_4)
     2    0.01    0.19    0.24   36.33 ^ dot_0/fp4_dot_0/add6/_0745_/Y (sky130_fd_sc_hd__a211oi_4)
                                         dot_0/fp4_dot_0/add6/_0173_ (net)
                  0.19    0.00   36.33 ^ dot_0/fp4_dot_0/add6/place23774/A (sky130_fd_sc_hd__buf_4)
     2    0.01    0.04    0.16   36.49 ^ dot_0/fp4_dot_0/add6/place23774/X (sky130_fd_sc_hd__buf_4)
                                         dot_0/fp4_dot_0/add6/net23773 (net)
                  0.04    0.00   36.49 ^ dot_0/fp4_dot_0/add6/_0749_/A2 (sky130_fd_sc_hd__o31ai_2)
     2    0.02    0.09    0.09   36.58 v dot_0/fp4_dot_0/add6/_0749_/Y (sky130_fd_sc_hd__o31ai_2)
                                         dot_0/fp4_dot_0/add6/_0177_ (net)
                  0.09    0.00   36.58 v dot_0/fp4_dot_0/add6/_0750_/A (sky130_fd_sc_hd__xnor2_2)
     4    0.02    0.14    0.21   36.79 v dot_0/fp4_dot_0/add6/_0750_/Y (sky130_fd_sc_hd__xnor2_2)
                                         dot_0/fp4_dot_0/add6/_0178_ (net)
                  0.14    0.00   36.79 v dot_0/fp4_dot_0/add6/_0781_/B (sky130_fd_sc_hd__nor3_4)
     3    0.02    0.25    0.29   37.07 ^ dot_0/fp4_dot_0/add6/_0781_/Y (sky130_fd_sc_hd__nor3_4)
                                         dot_0/fp4_dot_0/add6/_0209_ (net)
                  0.25    0.00   37.07 ^ dot_0/fp4_dot_0/add6/_0804_/A1 (sky130_fd_sc_hd__a31o_1)
     1    0.00    0.06    0.18   37.26 ^ dot_0/fp4_dot_0/add6/_0804_/X (sky130_fd_sc_hd__a31o_1)
                                         dot_0/fp4_dot_0/add6/_0232_ (net)
                  0.06    0.00   37.26 ^ dot_0/fp4_dot_0/add6/_0805_/B1 (sky130_fd_sc_hd__a21o_1)
     2    0.02    0.22    0.21   37.47 ^ dot_0/fp4_dot_0/add6/_0805_/X (sky130_fd_sc_hd__a21o_1)
                                         dot_0/fp4_dot_0/add6/_0233_ (net)
                  0.22    0.00   37.47 ^ dot_0/fp4_dot_0/add6/_1379_/A (sky130_fd_sc_hd__ha_2)
     2    0.01    0.07    0.22   37.69 ^ dot_0/fp4_dot_0/add6/_1379_/COUT (sky130_fd_sc_hd__ha_2)
                                         dot_0/fp4_dot_0/add6/_0085_ (net)
                  0.07    0.00   37.69 ^ dot_0/fp4_dot_0/add6/_0869_/A (sky130_fd_sc_hd__inv_1)
     1    0.01    0.04    0.06   37.75 v dot_0/fp4_dot_0/add6/_0869_/Y (sky130_fd_sc_hd__inv_1)
                                         dot_0/fp4_dot_0/add6/_0012_ (net)
                  0.04    0.00   37.75 v dot_0/fp4_dot_0/add6/_1356_/CIN (sky130_fd_sc_hd__fa_2)
     2    0.01    0.09    0.55   38.30 ^ dot_0/fp4_dot_0/add6/_1356_/SUM (sky130_fd_sc_hd__fa_2)
                                         dot_0/fp4_dot_0/add6/_0016_ (net)
                  0.09    0.00   38.30 ^ dot_0/fp4_dot_0/add6/_0884_/A (sky130_fd_sc_hd__nor2b_2)
     1    0.01    0.04    0.06   38.36 v dot_0/fp4_dot_0/add6/_0884_/Y (sky130_fd_sc_hd__nor2b_2)
                                         dot_0/fp4_dot_0/add6/_0293_ (net)
                  0.04    0.00   38.36 v dot_0/fp4_dot_0/add6/_0886_/D1 (sky130_fd_sc_hd__o2111a_1)
     2    0.01    0.08    0.15   38.51 v dot_0/fp4_dot_0/add6/_0886_/X (sky130_fd_sc_hd__o2111a_1)
                                         dot_0/fp4_dot_0/add6/_0295_ (net)
                  0.08    0.00   38.51 v dot_0/fp4_dot_0/add6/_0892_/A3 (sky130_fd_sc_hd__a31o_4)
     3    0.03    0.06    0.28   38.80 v dot_0/fp4_dot_0/add6/_0892_/X (sky130_fd_sc_hd__a31o_4)
                                         dot_0/fp4_dot_0/add6/_0301_ (net)
                  0.06    0.00   38.80 v dot_0/fp4_dot_0/add6/_0893_/B1 (sky130_fd_sc_hd__a21oi_4)
     5    0.03    0.23    0.21   39.01 ^ dot_0/fp4_dot_0/add6/_0893_/Y (sky130_fd_sc_hd__a21oi_4)
                                         dot_0/fp4_dot_0/add6/_0302_ (net)
                  0.23    0.00   39.01 ^ dot_0/fp4_dot_0/add6/_0966_/A2 (sky130_fd_sc_hd__a31oi_2)
     1    0.01    0.08    0.13   39.14 v dot_0/fp4_dot_0/add6/_0966_/Y (sky130_fd_sc_hd__a31oi_2)
                                         dot_0/fp4_dot_0/add6/_0369_ (net)
                  0.08    0.00   39.14 v dot_0/fp4_dot_0/add6/place23656/A (sky130_fd_sc_hd__buf_6)
     4    0.04    0.05    0.16   39.30 v dot_0/fp4_dot_0/add6/place23656/X (sky130_fd_sc_hd__buf_6)
                                         dot_0/fp4_dot_0/add6/net23655 (net)
                  0.05    0.00   39.30 v dot_0/fp4_dot_0/add6/place23655/A (sky130_fd_sc_hd__buf_12)
     3    0.02    0.03    0.13   39.43 v dot_0/fp4_dot_0/add6/place23655/X (sky130_fd_sc_hd__buf_12)
                                         dot_0/fp4_dot_0/add6/net23654 (net)
                  0.03    0.00   39.43 v dot_0/fp4_dot_0/add6/_1136_/B (sky130_fd_sc_hd__nor2_1)
     1    0.01    0.12    0.11   39.53 ^ dot_0/fp4_dot_0/add6/_1136_/Y (sky130_fd_sc_hd__nor2_1)
                                         dot_0/fp4_dot_0/add6/_0531_ (net)
                  0.12    0.00   39.53 ^ dot_0/fp4_dot_0/add6/_1137_/B1 (sky130_fd_sc_hd__a211oi_2)
     1    0.01    0.06    0.06   39.60 v dot_0/fp4_dot_0/add6/_1137_/Y (sky130_fd_sc_hd__a211oi_2)
                                         dot_0/fp4_dot_0/add6/_0532_ (net)
                  0.06    0.00   39.60 v dot_0/fp4_dot_0/add6/_1138_/B1 (sky130_fd_sc_hd__a211o_1)
     1    0.01    0.10    0.33   39.92 v dot_0/fp4_dot_0/add6/_1138_/X (sky130_fd_sc_hd__a211o_1)
                                         dot_0/fp4_dot_0/add6/_0533_ (net)
                  0.10    0.00   39.92 v dot_0/fp4_dot_0/add6/_1144_/A3 (sky130_fd_sc_hd__a31oi_4)
     2    0.01    0.18    0.24   40.16 ^ dot_0/fp4_dot_0/add6/_1144_/Y (sky130_fd_sc_hd__a31oi_4)
                                         dot_0/fp4_dot_0/add6/_0000_ (net)
                  0.18    0.00   40.16 ^ dot_0/fp4_dot_0/add6/_1334_/B1 (sky130_fd_sc_hd__a21oi_2)
     1    0.01    0.06    0.06   40.22 v dot_0/fp4_dot_0/add6/_1334_/Y (sky130_fd_sc_hd__a21oi_2)
                                         dot_0/fp4_dot_0/add6/_0694_ (net)
                  0.06    0.00   40.22 v dot_0/fp4_dot_0/add6/_1344_/A3 (sky130_fd_sc_hd__a32oi_2)
     1    0.01    0.25    0.28   40.51 ^ dot_0/fp4_dot_0/add6/_1344_/Y (sky130_fd_sc_hd__a32oi_2)
                                         dot_0/fp4_dot_0/add6/_0002_ (net)
                  0.25    0.00   40.51 ^ dot_0/fp4_dot_0/add6/_1402_/A (sky130_fd_sc_hd__ha_2)
     1    0.01    0.08    0.25   40.76 ^ dot_0/fp4_dot_0/add6/_1402_/COUT (sky130_fd_sc_hd__ha_2)
                                         dot_0/fp4_dot_0/add6/_0711_ (net)
                  0.08    0.00   40.76 ^ dot_0/fp4_dot_0/add6/_1387_/A (sky130_fd_sc_hd__ha_4)
     4    0.02    0.08    0.17   40.93 ^ dot_0/fp4_dot_0/add6/_1387_/COUT (sky130_fd_sc_hd__ha_4)
                                         dot_0/fp4_dot_0/add6/_0103_ (net)
                  0.08    0.00   40.93 ^ dot_0/fp4_dot_0/add6/_1038_/B (sky130_fd_sc_hd__nand2_2)
     2    0.01    0.07    0.09   41.02 v dot_0/fp4_dot_0/add6/_1038_/Y (sky130_fd_sc_hd__nand2_2)
                                         dot_0/fp4_dot_0/add6/_0441_ (net)
                  0.07    0.00   41.02 v dot_0/fp4_dot_0/add6/_1039_/A (sky130_fd_sc_hd__nor2_4)
     2    0.02    0.16    0.18   41.20 ^ dot_0/fp4_dot_0/add6/_1039_/Y (sky130_fd_sc_hd__nor2_4)
                                         dot_0/fp4_dot_0/add6/_0442_ (net)
                  0.16    0.00   41.20 ^ dot_0/fp4_dot_0/add6/_1055_/A2 (sky130_fd_sc_hd__a31o_4)
     3    0.03    0.11    0.23   41.42 ^ dot_0/fp4_dot_0/add6/_1055_/X (sky130_fd_sc_hd__a31o_4)
                                         dot_0/fp4_dot_0/add6/_0458_ (net)
                  0.11    0.00   41.43 ^ dot_0/fp4_dot_0/add6/_1058_/A (sky130_fd_sc_hd__nand3_4)
     2    0.02    0.09    0.11   41.53 v dot_0/fp4_dot_0/add6/_1058_/Y (sky130_fd_sc_hd__nand3_4)
                                         dot_0/fp4_dot_0/add6/_0461_ (net)
                  0.09    0.00   41.53 v dot_0/fp4_dot_0/add6/_1091_/A1 (sky130_fd_sc_hd__a31oi_4)
     2    0.02    0.20    0.20   41.73 ^ dot_0/fp4_dot_0/add6/_1091_/Y (sky130_fd_sc_hd__a31oi_4)
                                         dot_0/dot_out[4] (net)
                  0.20    0.00   41.73 ^ rebuffer36360/A (sky130_fd_sc_hd__buf_12)
     1    0.15    0.17    0.23   41.96 ^ rebuffer36360/X (sky130_fd_sc_hd__buf_12)
                                         net36359 (net)
                  0.18    0.03   41.99 ^ clone36359/A (sky130_fd_sc_hd__clkbuf_16)
     8    0.05    0.07    0.19   42.19 ^ clone36359/X (sky130_fd_sc_hd__clkbuf_16)
                                         net36358 (net)
                  0.07    0.00   42.19 ^ dot_0/fifo_timer_r/mem[4][4]$_DFFE_PP_/D (sky130_fd_sc_hd__edfxtp_1)
                                 42.19   data arrival time

                         12.50   12.50   clock clk_s5 (rise edge)
                          0.00   12.50   clock source latency
    49    0.24    1.05    0.74   13.24 ^ clk3 (in)
                                         clk3 (net)
                  1.05    0.00   13.24 ^ dot_clk_gate/_0_/A (sky130_fd_sc_hd__and2_1)
     2    0.13    1.21    1.06   14.30 ^ dot_clk_gate/_0_/X (sky130_fd_sc_hd__and2_1)
                                         clk_s5_gate (net)
                  1.21    0.01   14.31 ^ clkbuf_0_clk_s5_gate/A (sky130_fd_sc_hd__clkbuf_16)
     1    0.01    0.07    0.30   14.61 ^ clkbuf_0_clk_s5_gate/X (sky130_fd_sc_hd__clkbuf_16)
                                         clknet_0_clk_s5_gate (net)
                  0.07    0.00   14.61 ^ clkbuf_1_0__f_clk_s5_gate/A (sky130_fd_sc_hd__clkbuf_16)
     1    0.00    0.03    0.12   14.73 ^ clkbuf_1_0__f_clk_s5_gate/X (sky130_fd_sc_hd__clkbuf_16)
                                         clknet_1_0__leaf_clk_s5_gate (net)
                  0.03    0.00   14.73 ^ dot_clk_div/_10_/A0 (sky130_fd_sc_hd__mux4_2)
     1    0.01    0.09    0.25   14.99 ^ dot_clk_div/_10_/X (sky130_fd_sc_hd__mux4_2)
                                         clk_s5 (net)
                  0.09    0.00   14.99 ^ clkbuf_0_clk_s5/A (sky130_fd_sc_hd__clkbuf_16)
     4    0.16    0.17    0.24   15.23 ^ clkbuf_0_clk_s5/X (sky130_fd_sc_hd__clkbuf_16)
                                         clknet_0_clk_s5 (net)
                  0.18    0.01   15.23 ^ clkbuf_2_3_0_clk_s5/A (sky130_fd_sc_hd__clkbuf_16)
     2    0.06    0.08    0.20   15.44 ^ clkbuf_2_3_0_clk_s5/X (sky130_fd_sc_hd__clkbuf_16)
                                         clknet_2_3_0_clk_s5 (net)
                  0.08    0.00   15.44 ^ clkbuf_3_7__f_clk_s5/A (sky130_fd_sc_hd__clkbuf_16)
     7    0.10    0.12    0.20   15.64 ^ clkbuf_3_7__f_clk_s5/X (sky130_fd_sc_hd__clkbuf_16)
                                         clknet_3_7__leaf_clk_s5 (net)
                  0.12    0.00   15.64 ^ clkbuf_leaf_49_clk_s5/A (sky130_fd_sc_hd__clkbuf_16)
    12    0.04    0.06    0.17   15.81 ^ clkbuf_leaf_49_clk_s5/X (sky130_fd_sc_hd__clkbuf_16)
                                         clknet_leaf_49_clk_s5 (net)
                  0.06    0.00   15.81 ^ dot_0/fifo_timer_r/mem[4][4]$_DFFE_PP_/CLK (sky130_fd_sc_hd__edfxtp_1)
                         -0.25   15.56   clock uncertainty
                          0.98   16.54   clock reconvergence pessimism
                         -0.13   16.41   library setup time
                                 16.41   data required time
-----------------------------------------------------------------------------
                                 16.41   data required time
                                -42.19   data arrival time
-----------------------------------------------------------------------------
                                -25.78   slack (VIOLATED)


Startpoint: dot_clk_div/clk_div[0]$_SDFF_PP0_/Q
            (clock source 'dot_clk_div_clk_div2')
Endpoint: dot_clk_div/clk_div[1]$_SDFF_PP0_
          (rising edge-triggered flip-flop clocked by clk_s5_gate)
Path Group: clk_s5_gate
Path Type: max

Fanout     Cap    Slew   Delay    Time   Description
-----------------------------------------------------------------------------
                         12.50   12.50   clock dot_clk_div_clk_div2 (fall edge)
                          0.00   12.50   clock source latency
    49    0.24    1.05    0.74   13.24 ^ clk3 (in)
                                         clk3 (net)
                  1.05    0.00   13.24 ^ dot_clk_gate/_0_/A (sky130_fd_sc_hd__and2_1)
     2    0.13    1.21    1.06   14.30 ^ dot_clk_gate/_0_/X (sky130_fd_sc_hd__and2_1)
                                         clk_s5_gate (net)
                  1.21    0.00   14.31 ^ clkbuf_regs_3_clk_s5_gate/A (sky130_fd_sc_hd__clkbuf_16)
     1    0.01    0.06    0.30   14.61 ^ clkbuf_regs_3_clk_s5_gate/X (sky130_fd_sc_hd__clkbuf_16)
                                         clk_s5_gate_regs (net)
                  0.06    0.00   14.61 ^ clkbuf_0_clk_s5_gate_regs/A (sky130_fd_sc_hd__clkbuf_16)
     2    0.03    0.05    0.14   14.74 ^ clkbuf_0_clk_s5_gate_regs/X (sky130_fd_sc_hd__clkbuf_16)
                                         clknet_0_clk_s5_gate_regs (net)
                  0.05    0.00   14.75 ^ clkbuf_1_1__f_clk_s5_gate_regs/A (sky130_fd_sc_hd__clkbuf_16)
     2    0.06    0.08    0.15   14.90 ^ clkbuf_1_1__f_clk_s5_gate_regs/X (sky130_fd_sc_hd__clkbuf_16)
                                         clknet_1_1__leaf_clk_s5_gate_regs (net)
                  0.08    0.01   14.91 ^ dot_clk_div/clk_div[0]$_SDFF_PP0_/CLK (sky130_fd_sc_hd__dfxtp_1)
     1    0.01    0.06    0.33   15.24 v dot_clk_div/clk_div[0]$_SDFF_PP0_/Q (sky130_fd_sc_hd__dfxtp_1)
                                         dot_clk_div/clk_div2 (net)
                  0.06    0.00   15.24 v clkbuf_0_dot_clk_div/clk_div2/A (sky130_fd_sc_hd__clkbuf_16)
     2    0.07    0.06    0.18   15.42 v clkbuf_0_dot_clk_div/clk_div2/X (sky130_fd_sc_hd__clkbuf_16)
                                         clknet_0_dot_clk_div/clk_div2 (net)
                  0.06    0.00   15.43 v clkbuf_1_1__f_dot_clk_div/clk_div2/A (sky130_fd_sc_hd__clkbuf_16)
     4    0.04    0.05    0.17   15.60 v clkbuf_1_1__f_dot_clk_div/clk_div2/X (sky130_fd_sc_hd__clkbuf_16)
                                         clknet_1_1__leaf_dot_clk_div/clk_div2 (net)
                  0.05    0.00   15.60 v dot_clk_div/_11_/A (sky130_fd_sc_hd__ha_1)
     1    0.00    0.05    0.28   15.88 ^ dot_clk_div/_11_/SUM (sky130_fd_sc_hd__ha_1)
                                         dot_clk_div/_01_ (net)
                  0.05    0.00   15.88 ^ dot_clk_div/_06_/B_N (sky130_fd_sc_hd__nor2b_1)
     3    0.06    1.11    0.86   16.74 ^ dot_clk_div/_06_/Y (sky130_fd_sc_hd__nor2b_1)
                                         dot_clk_div/_02_ (net)
                  1.11    0.00   16.75 ^ dot_clk_div/clk_div[1]$_SDFF_PP0_/D (sky130_fd_sc_hd__dfxtp_1)
                                 16.75   data arrival time

                         25.00   25.00   clock clk_s5_gate (rise edge)
                          0.00   25.00   clock source latency
    49    0.24    1.05    0.74   25.74 ^ clk3 (in)
                                         clk3 (net)
                  1.05    0.00   25.74 ^ dot_clk_gate/_0_/A (sky130_fd_sc_hd__and2_1)
     2    0.13    1.21    1.06   26.80 ^ dot_clk_gate/_0_/X (sky130_fd_sc_hd__and2_1)
                                         clk_s5_gate (net)
                  1.21    0.00   26.81 ^ clkbuf_regs_3_clk_s5_gate/A (sky130_fd_sc_hd__clkbuf_16)
     1    0.01    0.06    0.30   27.11 ^ clkbuf_regs_3_clk_s5_gate/X (sky130_fd_sc_hd__clkbuf_16)
                                         clk_s5_gate_regs (net)
                  0.06    0.00   27.11 ^ clkbuf_0_clk_s5_gate_regs/A (sky130_fd_sc_hd__clkbuf_16)
     2    0.03    0.05    0.14   27.24 ^ clkbuf_0_clk_s5_gate_regs/X (sky130_fd_sc_hd__clkbuf_16)
                                         clknet_0_clk_s5_gate_regs (net)
                  0.05    0.00   27.25 ^ clkbuf_1_0__f_clk_s5_gate_regs/A (sky130_fd_sc_hd__clkbuf_16)
     2    0.05    0.07    0.15   27.39 ^ clkbuf_1_0__f_clk_s5_gate_regs/X (sky130_fd_sc_hd__clkbuf_16)
                                         clknet_1_0__leaf_clk_s5_gate_regs (net)
                  0.07    0.01   27.40 ^ dot_clk_div/clk_div[1]$_SDFF_PP0_/CLK (sky130_fd_sc_hd__dfxtp_1)
                         -0.25   27.15   clock uncertainty
                          0.00   27.15   clock reconvergence pessimism
                         -0.20   26.95   library setup time
                                 26.95   data required time
-----------------------------------------------------------------------------
                                 26.95   data required time
                                -16.75   data arrival time
-----------------------------------------------------------------------------
                                 10.21   slack (MET)


Startpoint: dma_config_0/m2_ar_addr[13]$_SDFFE_PP0P_
            (rising edge-triggered flip-flop clocked by clk_s3)
Endpoint: memory_axi_0/addr_reg[16]$_SDFFE_PP0P_
          (rising edge-triggered flip-flop clocked by clk_s8)
Path Group: clk_s8
Path Type: max

Fanout     Cap    Slew   Delay    Time   Description
-----------------------------------------------------------------------------
                          0.00    0.00   clock clk_s3 (rise edge)
                          0.00    0.00   clock source latency
     4    0.36    1.61    1.14    1.14 ^ clk1 (in)
                                         clk1 (net)
                  1.62    0.00    1.14 ^ clkbuf_regs_0_clk1/A (sky130_fd_sc_hd__clkbuf_16)
     1    0.01    0.07    0.33    1.47 ^ clkbuf_regs_0_clk1/X (sky130_fd_sc_hd__clkbuf_16)
                                         clk1_regs (net)
                  0.07    0.00    1.47 ^ clkbuf_0_clk1_regs/A (sky130_fd_sc_hd__clkbuf_16)
     3    0.17    0.18    0.24    1.71 ^ clkbuf_0_clk1_regs/X (sky130_fd_sc_hd__clkbuf_16)
                                         clknet_0_clk1_regs (net)
                  0.18    0.01    1.72 ^ clkbuf_1_1_0_clk1_regs/A (sky130_fd_sc_hd__clkbuf_16)
     2    0.08    0.10    0.22    1.94 ^ clkbuf_1_1_0_clk1_regs/X (sky130_fd_sc_hd__clkbuf_16)
                                         clknet_1_1_0_clk1_regs (net)
                  0.10    0.00    1.94 ^ clkbuf_2_3_0_clk1_regs/A (sky130_fd_sc_hd__clkbuf_16)
     2    0.11    0.13    0.21    2.15 ^ clkbuf_2_3_0_clk1_regs/X (sky130_fd_sc_hd__clkbuf_16)
                                         clknet_2_3_0_clk1_regs (net)
                  0.13    0.01    2.16 ^ clkbuf_3_6_0_clk1_regs/A (sky130_fd_sc_hd__clkbuf_16)
     2    0.11    0.12    0.22    2.37 ^ clkbuf_3_6_0_clk1_regs/X (sky130_fd_sc_hd__clkbuf_16)
                                         clknet_3_6_0_clk1_regs (net)
                  0.12    0.01    2.38 ^ clkbuf_4_12_0_clk1_regs/A (sky130_fd_sc_hd__clkbuf_16)
    16    0.35    0.36    0.38    2.76 ^ clkbuf_4_12_0_clk1_regs/X (sky130_fd_sc_hd__clkbuf_16)
                                         clknet_4_12_0_clk1_regs (net)
                  0.36    0.01    2.77 ^ clkbuf_8_196_0_clk1_regs/A (sky130_fd_sc_hd__clkbuf_16)
    11    0.18    0.20    0.33    3.10 ^ clkbuf_8_196_0_clk1_regs/X (sky130_fd_sc_hd__clkbuf_16)
                                         clknet_8_196_0_clk1_regs (net)
                  0.20    0.00    3.11 ^ clkbuf_leaf_838_clk1_regs/A (sky130_fd_sc_hd__clkbuf_16)
    12    0.05    0.07    0.20    3.31 ^ clkbuf_leaf_838_clk1_regs/X (sky130_fd_sc_hd__clkbuf_16)
                                         clknet_leaf_838_clk1_regs (net)
                  0.07    0.00    3.31 ^ clk_en_reg[3]$_SDFFE_PP1P_/CLK (sky130_fd_sc_hd__dfxtp_1)
     3    0.10    0.93    0.93    4.24 ^ clk_en_reg[3]$_SDFFE_PP1P_/Q (sky130_fd_sc_hd__dfxtp_1)
                                         clk_en_reg[3] (net)
                  0.93    0.01    4.25 ^ dma_clk_gate/_0_/B (sky130_fd_sc_hd__and2_1)
     1    0.01    0.15    0.30    4.55 ^ dma_clk_gate/_0_/X (sky130_fd_sc_hd__and2_1)
                                         clk_s3 (net)
                  0.15    0.00    4.55 ^ clkbuf_0_clk_s3/A (sky130_fd_sc_hd__clkbuf_16)
     4    0.13    0.14    0.24    4.79 ^ clkbuf_0_clk_s3/X (sky130_fd_sc_hd__clkbuf_16)
                                         clknet_0_clk_s3 (net)
                  0.14    0.00    4.80 ^ clkbuf_2_2__f_clk_s3/A (sky130_fd_sc_hd__clkbuf_16)
    12    0.21    0.22    0.29    5.09 ^ clkbuf_2_2__f_clk_s3/X (sky130_fd_sc_hd__clkbuf_16)
                                         clknet_2_2__leaf_clk_s3 (net)
                  0.22    0.00    5.10 ^ clkbuf_leaf_17_clk_s3/A (sky130_fd_sc_hd__clkbuf_16)
     9    0.04    0.06    0.20    5.29 ^ clkbuf_leaf_17_clk_s3/X (sky130_fd_sc_hd__clkbuf_16)
                                         clknet_leaf_17_clk_s3 (net)
                  0.06    0.00    5.29 ^ dma_config_0/m2_ar_addr[13]$_SDFFE_PP0P_/CLK (sky130_fd_sc_hd__dfxtp_1)
     3    0.03    0.16    0.41    5.70 v dma_config_0/m2_ar_addr[13]$_SDFFE_PP0P_/Q (sky130_fd_sc_hd__dfxtp_1)
                                         m2_ar_addr[13] (net)
                  0.16    0.00    5.71 v interconnect_0/hold35473/A (sky130_fd_sc_hd__dlygate4sd3_1)
     3    0.03    0.18    0.74    6.45 v interconnect_0/hold35473/X (sky130_fd_sc_hd__dlygate4sd3_1)
                                         interconnect_0/net35472 (net)
                  0.18    0.00    6.45 v interconnect_0/_1155_/A3 (sky130_fd_sc_hd__o41ai_1)
     1    0.01    0.61    0.62    7.07 ^ interconnect_0/_1155_/Y (sky130_fd_sc_hd__o41ai_1)
                                         interconnect_0/_0348_ (net)
                  0.61    0.00    7.07 ^ interconnect_0/_1156_/B1 (sky130_fd_sc_hd__o21ai_1)
     1    0.01    0.18    0.23    7.30 v interconnect_0/_1156_/Y (sky130_fd_sc_hd__o21ai_1)
                                         interconnect_0/_0349_ (net)
                  0.18    0.00    7.30 v interconnect_0/_1157_/C1 (sky130_fd_sc_hd__a211oi_4)
    10    0.06    0.65    0.57    7.87 ^ interconnect_0/_1157_/Y (sky130_fd_sc_hd__a211oi_4)
                                         interconnect_0/_0350_ (net)
                  0.65    0.01    7.87 ^ interconnect_0/_1176_/A2 (sky130_fd_sc_hd__a31oi_1)
     1    0.00    0.14    0.20    8.07 v interconnect_0/_1176_/Y (sky130_fd_sc_hd__a31oi_1)
                                         interconnect_0/_0369_ (net)
                  0.14    0.00    8.07 v interconnect_0/place30842/A (sky130_fd_sc_hd__buf_4)
    11    0.06    0.08    0.24    8.31 v interconnect_0/place30842/X (sky130_fd_sc_hd__buf_4)
                                         interconnect_0/net30841 (net)
                  0.08    0.00    8.31 v interconnect_0/_1226_/A (sky130_fd_sc_hd__and3_1)
     1    0.00    0.04    0.16    8.47 v interconnect_0/_1226_/X (sky130_fd_sc_hd__and3_1)
                                         interconnect_0/_0419_ (net)
                  0.04    0.00    8.47 v interconnect_0/hold35507/A (sky130_fd_sc_hd__dlygate4sd3_1)
     2    0.01    0.08    0.59    9.06 v interconnect_0/hold35507/X (sky130_fd_sc_hd__dlygate4sd3_1)
                                         interconnect_0/net35506 (net)
                  0.08    0.00    9.07 v interconnect_0/_1227_/B_N (sky130_fd_sc_hd__nor2b_1)
     1    0.01    0.06    0.17    9.23 v interconnect_0/_1227_/Y (sky130_fd_sc_hd__nor2b_1)
                                         interconnect_0/_0420_ (net)
                  0.06    0.00    9.23 v interconnect_0/hold35508/A (sky130_fd_sc_hd__dlygate4sd3_1)
     4    0.04    0.20    0.71    9.94 v interconnect_0/hold35508/X (sky130_fd_sc_hd__dlygate4sd3_1)
                                         interconnect_0/net35507 (net)
                  0.20    0.00    9.94 v interconnect_0/place30366/A (sky130_fd_sc_hd__buf_4)
    20    0.16    0.20    0.33   10.27 v interconnect_0/place30366/X (sky130_fd_sc_hd__buf_4)
                                         interconnect_0/net30365 (net)
                  0.20    0.00   10.27 v interconnect_0/_2498_/B1 (sky130_fd_sc_hd__a22o_1)
     1    0.00    0.05    0.24   10.51 v interconnect_0/_2498_/X (sky130_fd_sc_hd__a22o_1)
                                         s8_ar_valid (net)
                  0.05    0.00   10.51 v memory_axi_0/hold35488/A (sky130_fd_sc_hd__dlygate4sd3_1)
     5    0.02    0.11    0.62   11.13 v memory_axi_0/hold35488/X (sky130_fd_sc_hd__dlygate4sd3_1)
                                         memory_axi_0/net35487 (net)
                  0.11    0.00   11.13 v memory_axi_0/_0644_/A_N (sky130_fd_sc_hd__and3b_2)
    12    0.08    0.42    0.53   11.66 ^ memory_axi_0/_0644_/X (sky130_fd_sc_hd__and3b_2)
                                         memory_axi_0/_0104_ (net)
                  0.42    0.01   11.67 ^ memory_axi_0/place29158/A (sky130_fd_sc_hd__buf_4)
    20    0.11    0.32    0.39   12.06 ^ memory_axi_0/place29158/X (sky130_fd_sc_hd__buf_4)
                                         memory_axi_0/net29157 (net)
                  0.32    0.01   12.07 ^ memory_axi_0/place29157/A (sky130_fd_sc_hd__buf_4)
    13    0.08    0.21    0.31   12.38 ^ memory_axi_0/place29157/X (sky130_fd_sc_hd__buf_4)
                                         memory_axi_0/net29156 (net)
                  0.21    0.00   12.38 ^ memory_axi_0/_0935_/B1 (sky130_fd_sc_hd__a22oi_1)
     1    0.00    0.09    0.11   12.49 v memory_axi_0/_0935_/Y (sky130_fd_sc_hd__a22oi_1)
                                         memory_axi_0/_0371_ (net)
                  0.09    0.00   12.49 v memory_axi_0/hold35486/A (sky130_fd_sc_hd__dlygate4sd3_1)
     1    0.01    0.07    0.59   13.08 v memory_axi_0/hold35486/X (sky130_fd_sc_hd__dlygate4sd3_1)
                                         memory_axi_0/net35485 (net)
                  0.07    0.00   13.08 v memory_axi_0/_0936_/B (sky130_fd_sc_hd__nand2_1)
     2    0.01    0.11    0.12   13.20 ^ memory_axi_0/_0936_/Y (sky130_fd_sc_hd__nand2_1)
                                         memory_axi_0/_0372_ (net)
                  0.11    0.00   13.20 ^ memory_axi_0/_0937_/A2 (sky130_fd_sc_hd__a211oi_1)
     1    0.00    0.20    0.09   13.30 v memory_axi_0/_0937_/Y (sky130_fd_sc_hd__a211oi_1)
                                         memory_axi_0/_0373_ (net)
                  0.20    0.00   13.30 v memory_axi_0/_0940_/B (sky130_fd_sc_hd__nor3_1)
     1    0.00    0.18    0.24   13.54 ^ memory_axi_0/_0940_/Y (sky130_fd_sc_hd__nor3_1)
                                         memory_axi_0/_0052_ (net)
                  0.18    0.00   13.54 ^ memory_axi_0/addr_reg[16]$_SDFFE_PP0P_/D (sky130_fd_sc_hd__dfxtp_1)
                                 13.54   data arrival time

                         10.00   10.00   clock clk_s8 (rise edge)
                          0.00   10.00   clock source latency
     4    0.36    1.61    1.13   11.13 ^ clk1 (in)
                                         clk1 (net)
                  1.62    0.00   11.13 ^ clkbuf_0_clk1/A (sky130_fd_sc_hd__clkbuf_16)
     2    0.04    0.10    0.37   11.50 ^ clkbuf_0_clk1/X (sky130_fd_sc_hd__clkbuf_16)
                                         clknet_0_clk1 (net)
                  0.10    0.00   11.50 ^ clkbuf_1_0__f_clk1/A (sky130_fd_sc_hd__clkbuf_16)
     1    0.02    0.04    0.14   11.64 ^ clkbuf_1_0__f_clk1/X (sky130_fd_sc_hd__clkbuf_16)
                                         clknet_1_0__leaf_clk1 (net)
                  0.04    0.00   11.64 ^ memory_clk_gate/_0_/A (sky130_fd_sc_hd__and2_1)
     1    0.01    0.12    0.17   11.81 ^ memory_clk_gate/_0_/X (sky130_fd_sc_hd__and2_1)
                                         clk_s8 (net)
                  0.12    0.00   11.81 ^ clkbuf_0_clk_s8/A (sky130_fd_sc_hd__clkbuf_16)
     4    0.18    0.19    0.26   12.07 ^ clkbuf_0_clk_s8/X (sky130_fd_sc_hd__clkbuf_16)
                                         clknet_0_clk_s8 (net)
                  0.19    0.01   12.08 ^ clkbuf_2_3_0_clk_s8/A (sky130_fd_sc_hd__clkbuf_16)
     4    0.12    0.13    0.25   12.33 ^ clkbuf_2_3_0_clk_s8/X (sky130_fd_sc_hd__clkbuf_16)
                                         clknet_2_3_0_clk_s8 (net)
                  0.13    0.00   12.33 ^ clkbuf_4_15__f_clk_s8/A (sky130_fd_sc_hd__clkbuf_16)
     8    0.19    0.20    0.28   12.61 ^ clkbuf_4_15__f_clk_s8/X (sky130_fd_sc_hd__clkbuf_16)
                                         clknet_4_15__leaf_clk_s8 (net)
                  0.20    0.01   12.62 ^ clkbuf_leaf_144_clk_s8/A (sky130_fd_sc_hd__clkbuf_16)
     8    0.04    0.07    0.20   12.82 ^ clkbuf_leaf_144_clk_s8/X (sky130_fd_sc_hd__clkbuf_16)
                                         clknet_leaf_144_clk_s8 (net)
                  0.07    0.00   12.82 ^ memory_axi_0/addr_reg[16]$_SDFFE_PP0P_/CLK (sky130_fd_sc_hd__dfxtp_1)
                         -0.25   12.57   clock uncertainty
                          0.00   12.57   clock reconvergence pessimism
                         -0.08   12.49   library setup time
                                 12.49   data required time
-----------------------------------------------------------------------------
                                 12.49   data required time
                                -13.54   data arrival time
-----------------------------------------------------------------------------
                                 -1.05   slack (VIOLATED)



==========================================================================
global route report_checks -unconstrained
--------------------------------------------------------------------------
Startpoint: processor_0/ex_stage/mul_unit_ex/s1_a[0]$_SDFFE_PP0P_
            (rising edge-triggered flip-flop clocked by clk1)
Endpoint: processor_0/ex_stage/mul_unit_ex/product[59]$_SDFFE_PP0P_
          (rising edge-triggered flip-flop clocked by clk1)
Path Group: clk1
Path Type: max

Fanout     Cap    Slew   Delay    Time   Description
-----------------------------------------------------------------------------
                          0.00    0.00   clock clk1 (rise edge)
                          0.00    0.00   clock source latency
     4    0.36    1.61    1.14    1.14 ^ clk1 (in)
                                         clk1 (net)
                  1.62    0.00    1.14 ^ clkbuf_regs_0_clk1/A (sky130_fd_sc_hd__clkbuf_16)
     1    0.01    0.07    0.33    1.47 ^ clkbuf_regs_0_clk1/X (sky130_fd_sc_hd__clkbuf_16)
                                         clk1_regs (net)
                  0.07    0.00    1.47 ^ clkbuf_0_clk1_regs/A (sky130_fd_sc_hd__clkbuf_16)
     3    0.17    0.18    0.24    1.71 ^ clkbuf_0_clk1_regs/X (sky130_fd_sc_hd__clkbuf_16)
                                         clknet_0_clk1_regs (net)
                  0.18    0.01    1.72 ^ clkbuf_1_0_0_clk1_regs/A (sky130_fd_sc_hd__clkbuf_16)
     2    0.08    0.10    0.22    1.94 ^ clkbuf_1_0_0_clk1_regs/X (sky130_fd_sc_hd__clkbuf_16)
                                         clknet_1_0_0_clk1_regs (net)
                  0.10    0.00    1.94 ^ clkbuf_2_0_0_clk1_regs/A (sky130_fd_sc_hd__clkbuf_16)
     2    0.11    0.12    0.21    2.15 ^ clkbuf_2_0_0_clk1_regs/X (sky130_fd_sc_hd__clkbuf_16)
                                         clknet_2_0_0_clk1_regs (net)
                  0.12    0.01    2.16 ^ clkbuf_3_1_0_clk1_regs/A (sky130_fd_sc_hd__clkbuf_16)
     2    0.09    0.10    0.20    2.36 ^ clkbuf_3_1_0_clk1_regs/X (sky130_fd_sc_hd__clkbuf_16)
                                         clknet_3_1_0_clk1_regs (net)
                  0.10    0.00    2.37 ^ clkbuf_4_3_0_clk1_regs/A (sky130_fd_sc_hd__clkbuf_16)
    16    0.35    0.35    0.37    2.73 ^ clkbuf_4_3_0_clk1_regs/X (sky130_fd_sc_hd__clkbuf_16)
                                         clknet_4_3_0_clk1_regs (net)
                  0.35    0.01    2.75 ^ clkbuf_8_61_0_clk1_regs/A (sky130_fd_sc_hd__clkbuf_16)
    10    0.16    0.17    0.32    3.06 ^ clkbuf_8_61_0_clk1_regs/X (sky130_fd_sc_hd__clkbuf_16)
                                         clknet_8_61_0_clk1_regs (net)
                  0.18    0.01    3.07 ^ clkbuf_leaf_2396_clk1_regs/A (sky130_fd_sc_hd__clkbuf_16)
     9    0.04    0.06    0.19    3.26 ^ clkbuf_leaf_2396_clk1_regs/X (sky130_fd_sc_hd__clkbuf_16)
                                         clknet_leaf_2396_clk1_regs (net)
                  0.06    0.00    3.26 ^ processor_0/ex_stage/mul_unit_ex/s1_a[0]$_SDFFE_PP0P_/CLK (sky130_fd_sc_hd__dfxtp_1)
     4    0.02    0.09    0.36    3.62 v processor_0/ex_stage/mul_unit_ex/s1_a[0]$_SDFFE_PP0P_/Q (sky130_fd_sc_hd__dfxtp_1)
                                         processor_0/ex_stage/mul_unit_ex/GEN_PARTIAL[0].a_ext[0] (net)
                  0.09    0.00    3.62 v processor_0/ex_stage/mul_unit_ex/_05577_/A (sky130_fd_sc_hd__nor4_1)
     1    0.01    0.37    0.40    4.02 ^ processor_0/ex_stage/mul_unit_ex/_05577_/Y (sky130_fd_sc_hd__nor4_1)
                                         processor_0/ex_stage/mul_unit_ex/_00329_ (net)
                  0.37    0.00    4.02 ^ processor_0/ex_stage/mul_unit_ex/place33264/A (sky130_fd_sc_hd__buf_4)
     3    0.04    0.12    0.25    4.27 ^ processor_0/ex_stage/mul_unit_ex/place33264/X (sky130_fd_sc_hd__buf_4)
                                         processor_0/ex_stage/mul_unit_ex/net33263 (net)
                  0.12    0.00    4.27 ^ processor_0/ex_stage/mul_unit_ex/_05578_/D_N (sky130_fd_sc_hd__nor4b_2)
     1    0.01    0.26    0.26    4.53 ^ processor_0/ex_stage/mul_unit_ex/_05578_/Y (sky130_fd_sc_hd__nor4b_2)
                                         processor_0/ex_stage/mul_unit_ex/_00330_ (net)
                  0.26    0.00    4.53 ^ processor_0/ex_stage/mul_unit_ex/place32245/A (sky130_fd_sc_hd__buf_4)
     2    0.02    0.08    0.20    4.74 ^ processor_0/ex_stage/mul_unit_ex/place32245/X (sky130_fd_sc_hd__buf_4)
                                         processor_0/ex_stage/mul_unit_ex/net32244 (net)
                  0.08    0.00    4.74 ^ processor_0/ex_stage/mul_unit_ex/_05650_/B (sky130_fd_sc_hd__nand2_1)
     2    0.01    0.05    0.07    4.81 v processor_0/ex_stage/mul_unit_ex/_05650_/Y (sky130_fd_sc_hd__nand2_1)
                                         processor_0/ex_stage/mul_unit_ex/_00398_ (net)
                  0.05    0.00    4.81 v processor_0/ex_stage/mul_unit_ex/_05651_/C (sky130_fd_sc_hd__or3_1)
     2    0.02    0.15    0.40    5.21 v processor_0/ex_stage/mul_unit_ex/_05651_/X (sky130_fd_sc_hd__or3_1)
                                         processor_0/ex_stage/mul_unit_ex/_00399_ (net)
                  0.15    0.00    5.21 v processor_0/ex_stage/mul_unit_ex/_05653_/C (sky130_fd_sc_hd__or3_4)
     2    0.01    0.07    0.37    5.59 v processor_0/ex_stage/mul_unit_ex/_05653_/X (sky130_fd_sc_hd__or3_4)
                                         processor_0/ex_stage/mul_unit_ex/_00401_ (net)
                  0.07    0.00    5.59 v processor_0/ex_stage/mul_unit_ex/_05654_/C (sky130_fd_sc_hd__or3_4)
     4    0.03    0.11    0.40    5.98 v processor_0/ex_stage/mul_unit_ex/_05654_/X (sky130_fd_sc_hd__or3_4)
                                         processor_0/ex_stage/mul_unit_ex/_00402_ (net)
                  0.11    0.00    5.98 v processor_0/ex_stage/mul_unit_ex/place30814/A (sky130_fd_sc_hd__buf_12)
     6    0.04    0.04    0.16    6.15 v processor_0/ex_stage/mul_unit_ex/place30814/X (sky130_fd_sc_hd__buf_12)
                                         processor_0/ex_stage/mul_unit_ex/net30813 (net)
                  0.04    0.00    6.15 v processor_0/ex_stage/mul_unit_ex/place30813/A (sky130_fd_sc_hd__buf_12)
    11    0.06    0.04    0.14    6.30 v processor_0/ex_stage/mul_unit_ex/place30813/X (sky130_fd_sc_hd__buf_12)
                                         processor_0/ex_stage/mul_unit_ex/net30812 (net)
                  0.05    0.00    6.30 v processor_0/ex_stage/mul_unit_ex/_07104_/B (sky130_fd_sc_hd__nand2_1)
     1    0.01    0.09    0.10    6.40 ^ processor_0/ex_stage/mul_unit_ex/_07104_/Y (sky130_fd_sc_hd__nand2_1)
                                         processor_0/ex_stage/mul_unit_ex/_01589_ (net)
                  0.09    0.00    6.40 ^ processor_0/ex_stage/mul_unit_ex/_07105_/B (sky130_fd_sc_hd__xnor2_1)
     2    0.01    0.23    0.16    6.56 ^ processor_0/ex_stage/mul_unit_ex/_07105_/Y (sky130_fd_sc_hd__xnor2_1)
                                         processor_0/ex_stage/mul_unit_ex/_01590_ (net)
                  0.23    0.00    6.56 ^ processor_0/ex_stage/mul_unit_ex/_07107_/B1 (sky130_fd_sc_hd__a22oi_1)
     1    0.00    0.09    0.11    6.67 v processor_0/ex_stage/mul_unit_ex/_07107_/Y (sky130_fd_sc_hd__a22oi_1)
                                         processor_0/ex_stage/mul_unit_ex/_01592_ (net)
                  0.09    0.00    6.67 v processor_0/ex_stage/mul_unit_ex/_07115_/A2 (sky130_fd_sc_hd__o211ai_1)
     1    0.01    0.35    0.33    7.00 ^ processor_0/ex_stage/mul_unit_ex/_07115_/Y (sky130_fd_sc_hd__o211ai_1)
                                         processor_0/ex_stage/mul_unit_ex/GEN_PARTIAL[6].pp[41] (net)
                  0.35    0.00    7.00 ^ processor_0/ex_stage/mul_unit_ex/_10560_/A (sky130_fd_sc_hd__fa_1)
     1    0.02    0.16    0.55    7.55 v processor_0/ex_stage/mul_unit_ex/_10560_/SUM (sky130_fd_sc_hd__fa_1)
                                         processor_0/ex_stage/mul_unit_ex/_04854_ (net)
                  0.16    0.00    7.56 v processor_0/ex_stage/mul_unit_ex/_10943_/CIN (sky130_fd_sc_hd__fa_1)
     1    0.01    0.10    0.50    8.05 v processor_0/ex_stage/mul_unit_ex/_10943_/SUM (sky130_fd_sc_hd__fa_1)
                                         processor_0/ex_stage/mul_unit_ex/_05369_ (net)
                  0.10    0.00    8.05 v processor_0/ex_stage/mul_unit_ex/_10824_/CIN (sky130_fd_sc_hd__fa_1)
     1    0.01    0.12    0.45    8.50 v processor_0/ex_stage/mul_unit_ex/_10824_/COUT (sky130_fd_sc_hd__fa_1)
                                         processor_0/ex_stage/mul_unit_ex/_04226_ (net)
                  0.12    0.00    8.50 v processor_0/ex_stage/mul_unit_ex/place28906/A (sky130_fd_sc_hd__buf_4)
     1    0.05    0.08    0.22    8.73 v processor_0/ex_stage/mul_unit_ex/place28906/X (sky130_fd_sc_hd__buf_4)
                                         processor_0/ex_stage/mul_unit_ex/net28905 (net)
                  0.08    0.00    8.73 v processor_0/ex_stage/mul_unit_ex/_10348_/A (sky130_fd_sc_hd__fa_1)
     1    0.02    0.24    0.68    9.41 ^ processor_0/ex_stage/mul_unit_ex/_10348_/SUM (sky130_fd_sc_hd__fa_1)
                                         processor_0/ex_stage/mul_unit_ex/_04230_ (net)
                  0.24    0.00    9.42 ^ processor_0/ex_stage/mul_unit_ex/_10674_/B (sky130_fd_sc_hd__fa_1)
     1    0.01    0.13    0.52    9.94 v processor_0/ex_stage/mul_unit_ex/_10674_/SUM (sky130_fd_sc_hd__fa_1)
                                         processor_0/ex_stage/mul_unit_ex/_04295_ (net)
                  0.13    0.00    9.94 v processor_0/ex_stage/mul_unit_ex/_10364_/B (sky130_fd_sc_hd__fa_1)
     1    0.01    0.09    0.50   10.44 v processor_0/ex_stage/mul_unit_ex/_10364_/SUM (sky130_fd_sc_hd__fa_1)
                                         processor_0/ex_stage/mul_unit_ex/_04298_ (net)
                  0.09    0.00   10.44 v processor_0/ex_stage/mul_unit_ex/_11075_/B (sky130_fd_sc_hd__ha_1)
     3    0.02    0.12    0.36   10.80 v processor_0/ex_stage/mul_unit_ex/_11075_/SUM (sky130_fd_sc_hd__ha_1)
                                         processor_0/ex_stage/mul_unit_ex/_00112_ (net)
                  0.12    0.00   10.80 v processor_0/ex_stage/mul_unit_ex/_09649_/A (sky130_fd_sc_hd__nand3_1)
     2    0.02    0.23    0.21   11.02 ^ processor_0/ex_stage/mul_unit_ex/_09649_/Y (sky130_fd_sc_hd__nand3_1)
                                         processor_0/ex_stage/mul_unit_ex/_03605_ (net)
                  0.23    0.00   11.02 ^ processor_0/ex_stage/mul_unit_ex/_09766_/A (sky130_fd_sc_hd__nor3_1)
     1    0.01    0.07    0.11   11.12 v processor_0/ex_stage/mul_unit_ex/_09766_/Y (sky130_fd_sc_hd__nor3_1)
                                         processor_0/ex_stage/mul_unit_ex/_03721_ (net)
                  0.07    0.00   11.12 v processor_0/ex_stage/mul_unit_ex/place25859/A (sky130_fd_sc_hd__buf_4)
     2    0.01    0.03    0.15   11.27 v processor_0/ex_stage/mul_unit_ex/place25859/X (sky130_fd_sc_hd__buf_4)
                                         processor_0/ex_stage/mul_unit_ex/net25858 (net)
                  0.03    0.00   11.27 v processor_0/ex_stage/mul_unit_ex/place25858/A (sky130_fd_sc_hd__buf_4)
     2    0.01    0.04    0.14   11.41 v processor_0/ex_stage/mul_unit_ex/place25858/X (sky130_fd_sc_hd__buf_4)
                                         processor_0/ex_stage/mul_unit_ex/net25857 (net)
                  0.04    0.00   11.41 v processor_0/ex_stage/mul_unit_ex/_09776_/B1 (sky130_fd_sc_hd__o21ai_1)
     1    0.01    0.20    0.12   11.53 ^ processor_0/ex_stage/mul_unit_ex/_09776_/Y (sky130_fd_sc_hd__o21ai_1)
                                         processor_0/ex_stage/mul_unit_ex/_03731_ (net)
                  0.20    0.00   11.53 ^ processor_0/ex_stage/mul_unit_ex/_09783_/B (sky130_fd_sc_hd__nand3_1)
     2    0.01    0.16    0.18   11.71 v processor_0/ex_stage/mul_unit_ex/_09783_/Y (sky130_fd_sc_hd__nand3_1)
                                         processor_0/ex_stage/mul_unit_ex/_03738_ (net)
                  0.16    0.00   11.71 v processor_0/ex_stage/mul_unit_ex/_09791_/A3 (sky130_fd_sc_hd__a32oi_1)
     1    0.01    0.21    0.28   11.99 ^ processor_0/ex_stage/mul_unit_ex/_09791_/Y (sky130_fd_sc_hd__a32oi_1)
                                         processor_0/ex_stage/mul_unit_ex/_03746_ (net)
                  0.21    0.00   11.99 ^ processor_0/ex_stage/mul_unit_ex/place25780/A (sky130_fd_sc_hd__buf_4)
     2    0.05    0.15    0.24   12.22 ^ processor_0/ex_stage/mul_unit_ex/place25780/X (sky130_fd_sc_hd__buf_4)
                                         processor_0/ex_stage/mul_unit_ex/net25779 (net)
                  0.15    0.00   12.23 ^ processor_0/ex_stage/mul_unit_ex/_09792_/B (sky130_fd_sc_hd__nand2_1)
     2    0.03    0.20    0.20   12.42 v processor_0/ex_stage/mul_unit_ex/_09792_/Y (sky130_fd_sc_hd__nand2_1)
                                         processor_0/ex_stage/mul_unit_ex/_03747_ (net)
                  0.20    0.00   12.43 v processor_0/ex_stage/mul_unit_ex/_09805_/A2 (sky130_fd_sc_hd__a211o_4)
     2    0.03    0.08    0.43   12.86 v processor_0/ex_stage/mul_unit_ex/_09805_/X (sky130_fd_sc_hd__a211o_4)
                                         processor_0/ex_stage/mul_unit_ex/_03760_ (net)
                  0.08    0.00   12.86 v processor_0/ex_stage/mul_unit_ex/_09869_/A2 (sky130_fd_sc_hd__a21o_1)
     2    0.01    0.08    0.23   13.10 v processor_0/ex_stage/mul_unit_ex/_09869_/X (sky130_fd_sc_hd__a21o_1)
                                         processor_0/ex_stage/mul_unit_ex/_03821_ (net)
                  0.08    0.00   13.10 v processor_0/ex_stage/mul_unit_ex/_09870_/A3 (sky130_fd_sc_hd__a31oi_1)
     1    0.01    0.26    0.27   13.37 ^ processor_0/ex_stage/mul_unit_ex/_09870_/Y (sky130_fd_sc_hd__a31oi_1)
                                         processor_0/ex_stage/mul_unit_ex/_03822_ (net)
                  0.26    0.00   13.37 ^ processor_0/ex_stage/mul_unit_ex/_09871_/B (sky130_fd_sc_hd__xnor2_2)
     1    0.04    0.18    0.21   13.58 v processor_0/ex_stage/mul_unit_ex/_09871_/Y (sky130_fd_sc_hd__xnor2_2)
                                         processor_0/ex_stage/mul_unit_ex/_03823_ (net)
                  0.18    0.00   13.58 v processor_0/ex_stage/mul_unit_ex/place25567/A (sky130_fd_sc_hd__buf_12)
     1    0.05    0.04    0.21   13.79 v processor_0/ex_stage/mul_unit_ex/place25567/X (sky130_fd_sc_hd__buf_12)
                                         processor_0/ex_stage/mul_unit_ex/net25566 (net)
                  0.04    0.00   13.79 v processor_0/ex_stage/mul_unit_ex/_09872_/B2 (sky130_fd_sc_hd__a22o_1)
     1    0.00    0.04    0.20   13.99 v processor_0/ex_stage/mul_unit_ex/_09872_/X (sky130_fd_sc_hd__a22o_1)
                                         processor_0/ex_stage/mul_unit_ex/_00166_ (net)
                  0.04    0.00   13.99 v processor_0/ex_stage/mul_unit_ex/product[59]$_SDFFE_PP0P_/D (sky130_fd_sc_hd__dfxtp_1)
                                 13.99   data arrival time

                         10.00   10.00   clock clk1 (rise edge)
                          0.00   10.00   clock source latency
     4    0.36    1.61    1.14   11.14 ^ clk1 (in)
                                         clk1 (net)
                  1.62    0.00   11.14 ^ clkbuf_regs_0_clk1/A (sky130_fd_sc_hd__clkbuf_16)
     1    0.01    0.07    0.33   11.47 ^ clkbuf_regs_0_clk1/X (sky130_fd_sc_hd__clkbuf_16)
                                         clk1_regs (net)
                  0.07    0.00   11.47 ^ clkbuf_0_clk1_regs/A (sky130_fd_sc_hd__clkbuf_16)
     3    0.17    0.18    0.24   11.71 ^ clkbuf_0_clk1_regs/X (sky130_fd_sc_hd__clkbuf_16)
                                         clknet_0_clk1_regs (net)
                  0.18    0.01   11.72 ^ clkbuf_1_0_0_clk1_regs/A (sky130_fd_sc_hd__clkbuf_16)
     2    0.08    0.10    0.22   11.94 ^ clkbuf_1_0_0_clk1_regs/X (sky130_fd_sc_hd__clkbuf_16)
                                         clknet_1_0_0_clk1_regs (net)
                  0.10    0.00   11.94 ^ clkbuf_2_0_0_clk1_regs/A (sky130_fd_sc_hd__clkbuf_16)
     2    0.11    0.12    0.21   12.15 ^ clkbuf_2_0_0_clk1_regs/X (sky130_fd_sc_hd__clkbuf_16)
                                         clknet_2_0_0_clk1_regs (net)
                  0.12    0.01   12.16 ^ clkbuf_3_1_0_clk1_regs/A (sky130_fd_sc_hd__clkbuf_16)
     2    0.09    0.10    0.20   12.36 ^ clkbuf_3_1_0_clk1_regs/X (sky130_fd_sc_hd__clkbuf_16)
                                         clknet_3_1_0_clk1_regs (net)
                  0.10    0.00   12.37 ^ clkbuf_4_3_0_clk1_regs/A (sky130_fd_sc_hd__clkbuf_16)
    16    0.35    0.35    0.37   12.73 ^ clkbuf_4_3_0_clk1_regs/X (sky130_fd_sc_hd__clkbuf_16)
                                         clknet_4_3_0_clk1_regs (net)
                  0.35    0.01   12.75 ^ clkbuf_8_61_0_clk1_regs/A (sky130_fd_sc_hd__clkbuf_16)
    10    0.16    0.17    0.32   13.06 ^ clkbuf_8_61_0_clk1_regs/X (sky130_fd_sc_hd__clkbuf_16)
                                         clknet_8_61_0_clk1_regs (net)
                  0.18    0.01   13.07 ^ clkbuf_leaf_2379_clk1_regs/A (sky130_fd_sc_hd__clkbuf_16)
    11    0.04    0.06    0.19   13.26 ^ clkbuf_leaf_2379_clk1_regs/X (sky130_fd_sc_hd__clkbuf_16)
                                         clknet_leaf_2379_clk1_regs (net)
                  0.06    0.00   13.26 ^ processor_0/ex_stage/mul_unit_ex/product[59]$_SDFFE_PP0P_/CLK (sky130_fd_sc_hd__dfxtp_1)
                         -0.25   13.01   clock uncertainty
                          0.00   13.01   clock reconvergence pessimism
                         -0.11   12.90   library setup time
                                 12.90   data required time
-----------------------------------------------------------------------------
                                 12.90   data required time
                                -13.99   data arrival time
-----------------------------------------------------------------------------
                                 -1.09   slack (VIOLATED)


Startpoint: timer_0/fifo_timer_w/counter_2[1]$_SDFFE_PP0P_
            (rising edge-triggered flip-flop clocked by clk_s1)
Endpoint: timer_0/fifo_timer_r/mem[10][19]$_DFFE_PP_
          (rising edge-triggered flip-flop clocked by clk_s1)
Path Group: clk_s1
Path Type: max

Fanout     Cap    Slew   Delay    Time   Description
-----------------------------------------------------------------------------
                          0.00    0.00   clock clk_s1 (rise edge)
                          0.00    0.00   clock source latency
    15    0.20    0.89    0.62    0.62 ^ clk4 (in)
                                         clk4 (net)
                  0.89    0.00    0.62 ^ timer_clk_gate/_0_/A (sky130_fd_sc_hd__and2_1)
     2    0.23    2.12    1.69    2.31 ^ timer_clk_gate/_0_/X (sky130_fd_sc_hd__and2_1)
                                         clk_s1_gate (net)
                  2.12    0.01    2.33 ^ clkbuf_regs_1_clk_s1_gate/A (sky130_fd_sc_hd__clkbuf_16)
     1    0.01    0.09    0.37    2.70 ^ clkbuf_regs_1_clk_s1_gate/X (sky130_fd_sc_hd__clkbuf_16)
                                         clk_s1_gate_regs (net)
                  0.09    0.00    2.70 ^ clkbuf_0_clk_s1_gate_regs/A (sky130_fd_sc_hd__clkbuf_16)
     2    0.02    0.05    0.14    2.84 ^ clkbuf_0_clk_s1_gate_regs/X (sky130_fd_sc_hd__clkbuf_16)
                                         clknet_0_clk_s1_gate_regs (net)
                  0.05    0.00    2.84 ^ clkbuf_1_0__f_clk_s1_gate_regs/A (sky130_fd_sc_hd__clkbuf_16)
     2    0.11    0.12    0.18    3.02 ^ clkbuf_1_0__f_clk_s1_gate_regs/X (sky130_fd_sc_hd__clkbuf_16)
                                         clknet_1_0__leaf_clk_s1_gate_regs (net)
                  0.13    0.02    3.05 ^ timer_clk_div/clk_div[0]$_SDFF_PP0_/CLK (sky130_fd_sc_hd__dfxtp_1)
     1    0.02    0.15    0.41    3.46 ^ timer_clk_div/clk_div[0]$_SDFF_PP0_/Q (sky130_fd_sc_hd__dfxtp_1)
                                         timer_clk_div/clk_div2 (net)
                  0.15    0.00    3.46 ^ clkbuf_0_timer_clk_div/clk_div2/A (sky130_fd_sc_hd__clkbuf_16)
     2    0.07    0.09    0.20    3.66 ^ clkbuf_0_timer_clk_div/clk_div2/X (sky130_fd_sc_hd__clkbuf_16)
                                         clknet_0_timer_clk_div/clk_div2 (net)
                  0.09    0.00    3.67 ^ clkbuf_1_0__f_timer_clk_div/clk_div2/A (sky130_fd_sc_hd__clkbuf_16)
     3    0.21    0.22    0.27    3.94 ^ clkbuf_1_0__f_timer_clk_div/clk_div2/X (sky130_fd_sc_hd__clkbuf_16)
                                         clknet_1_0__leaf_timer_clk_div/clk_div2 (net)
                  0.22    0.01    3.95 ^ timer_clk_div/_10_/A1 (sky130_fd_sc_hd__mux4_2)
     1    0.01    0.09    0.32    4.26 ^ timer_clk_div/_10_/X (sky130_fd_sc_hd__mux4_2)
                                         clk_s1 (net)
                  0.09    0.00    4.26 ^ clkbuf_0_clk_s1/A (sky130_fd_sc_hd__clkbuf_16)
     8    0.16    0.17    0.24    4.50 ^ clkbuf_0_clk_s1/X (sky130_fd_sc_hd__clkbuf_16)
                                         clknet_0_clk_s1 (net)
                  0.17    0.00    4.51 ^ clkbuf_3_1__f_clk_s1/A (sky130_fd_sc_hd__clkbuf_16)
     9    0.12    0.14    0.24    4.75 ^ clkbuf_3_1__f_clk_s1/X (sky130_fd_sc_hd__clkbuf_16)
                                         clknet_3_1__leaf_clk_s1 (net)
                  0.14    0.00    4.76 ^ clkbuf_leaf_0_clk_s1/A (sky130_fd_sc_hd__clkbuf_16)
    11    0.04    0.06    0.18    4.93 ^ clkbuf_leaf_0_clk_s1/X (sky130_fd_sc_hd__clkbuf_16)
                                         clknet_leaf_0_clk_s1 (net)
                  0.06    0.00    4.93 ^ timer_0/fifo_timer_w/counter_2[1]$_SDFFE_PP0P_/CLK (sky130_fd_sc_hd__dfxtp_1)
     1    0.01    0.06    0.32    5.26 ^ timer_0/fifo_timer_w/counter_2[1]$_SDFFE_PP0P_/Q (sky130_fd_sc_hd__dfxtp_1)
                                         timer_0/fifo_timer_w/counter_2[1] (net)
                  0.06    0.00    5.26 ^ timer_0/fifo_timer_w/place31260/A (sky130_fd_sc_hd__buf_4)
    17    0.15    0.41    0.37    5.63 ^ timer_0/fifo_timer_w/place31260/X (sky130_fd_sc_hd__buf_4)
                                         timer_0/fifo_timer_w/net31259 (net)
                  0.41    0.01    5.64 ^ timer_0/fifo_timer_w/place31259/A (sky130_fd_sc_hd__buf_4)
    20    0.19    0.52    0.53    6.17 ^ timer_0/fifo_timer_w/place31259/X (sky130_fd_sc_hd__buf_4)
                                         timer_0/fifo_timer_w/net31258 (net)
                  0.53    0.03    6.19 ^ timer_0/fifo_timer_w/place31257/A (sky130_fd_sc_hd__buf_4)
    20    0.19    0.50    0.53    6.73 ^ timer_0/fifo_timer_w/place31257/X (sky130_fd_sc_hd__buf_4)
                                         timer_0/fifo_timer_w/net31256 (net)
                  0.50    0.03    6.75 ^ timer_0/fifo_timer_w/_436_/B (sky130_fd_sc_hd__nand2b_1)
    10    0.06    0.43    0.46    7.22 v timer_0/fifo_timer_w/_436_/Y (sky130_fd_sc_hd__nand2b_1)
                                         timer_0/fifo_timer_w/_251_ (net)
                  0.43    0.00    7.22 v timer_0/fifo_timer_w/_523_/A1 (sky130_fd_sc_hd__o22ai_1)
     1    0.02    0.41    0.50    7.72 ^ timer_0/fifo_timer_w/_523_/Y (sky130_fd_sc_hd__o22ai_1)
                                         timer_0/fifo_timer_w/_332_ (net)
                  0.41    0.00    7.72 ^ timer_0/fifo_timer_w/_527_/B (sky130_fd_sc_hd__nor3_2)
     1    0.01    0.13    0.11    7.83 v timer_0/fifo_timer_w/_527_/Y (sky130_fd_sc_hd__nor3_2)
                                         timer_0/fifo_data_read[33] (net)
                  0.13    0.00    7.83 v timer_0/timer_0/_0548_/C (sky130_fd_sc_hd__nor4b_1)
     2    0.02    0.76    0.66    8.50 ^ timer_0/timer_0/_0548_/Y (sky130_fd_sc_hd__nor4b_1)
                                         timer_0/timer_0/_0099_ (net)
                  0.76    0.00    8.50 ^ timer_0/timer_0/_0550_/B (sky130_fd_sc_hd__nand3b_1)
    17    0.10    0.93    0.91    9.41 v timer_0/timer_0/_0550_/Y (sky130_fd_sc_hd__nand3b_1)
                                         timer_0/timer_0/_0101_ (net)
                  0.93    0.01    9.42 v timer_0/timer_0/place29073/A (sky130_fd_sc_hd__buf_4)
    16    0.06    0.11    0.51    9.93 v timer_0/timer_0/place29073/X (sky130_fd_sc_hd__buf_4)
                                         timer_0/timer_0/net29072 (net)
                  0.11    0.00    9.93 v timer_0/timer_0/_0611_/A (sky130_fd_sc_hd__nor2_1)
    16    0.08    1.43    1.09   11.02 ^ timer_0/timer_0/_0611_/Y (sky130_fd_sc_hd__nor2_1)
                                         timer_0/data_out[19] (net)
                  1.43    0.02   11.04 ^ timer_0/fifo_timer_r/mem[10][19]$_DFFE_PP_/D (sky130_fd_sc_hd__edfxtp_1)
                                 11.04   data arrival time

                         25.00   25.00   clock clk_s1 (rise edge)
                          0.00   25.00   clock source latency
    15    0.20    0.89    0.62   25.62 ^ clk4 (in)
                                         clk4 (net)
                  0.89    0.00   25.62 ^ timer_clk_gate/_0_/A (sky130_fd_sc_hd__and2_1)
     2    0.23    2.12    1.69   27.31 ^ timer_clk_gate/_0_/X (sky130_fd_sc_hd__and2_1)
                                         clk_s1_gate (net)
                  2.12    0.01   27.33 ^ clkbuf_0_clk_s1_gate/A (sky130_fd_sc_hd__clkbuf_16)
     1    0.02    0.09    0.38   27.70 ^ clkbuf_0_clk_s1_gate/X (sky130_fd_sc_hd__clkbuf_16)
                                         clknet_0_clk_s1_gate (net)
                  0.09    0.00   27.70 ^ clkbuf_1_0__f_clk_s1_gate/A (sky130_fd_sc_hd__clkbuf_16)
     1    0.00    0.03    0.13   27.83 ^ clkbuf_1_0__f_clk_s1_gate/X (sky130_fd_sc_hd__clkbuf_16)
                                         clknet_1_0__leaf_clk_s1_gate (net)
                  0.03    0.00   27.83 ^ timer_clk_div/_10_/A0 (sky130_fd_sc_hd__mux4_2)
     1    0.01    0.09    0.26   28.09 ^ timer_clk_div/_10_/X (sky130_fd_sc_hd__mux4_2)
                                         clk_s1 (net)
                  0.09    0.00   28.09 ^ clkbuf_0_clk_s1/A (sky130_fd_sc_hd__clkbuf_16)
     8    0.16    0.17    0.24   28.33 ^ clkbuf_0_clk_s1/X (sky130_fd_sc_hd__clkbuf_16)
                                         clknet_0_clk_s1 (net)
                  0.17    0.00   28.33 ^ clkbuf_3_2__f_clk_s1/A (sky130_fd_sc_hd__clkbuf_16)
     9    0.12    0.13    0.24   28.57 ^ clkbuf_3_2__f_clk_s1/X (sky130_fd_sc_hd__clkbuf_16)
                                         clknet_3_2__leaf_clk_s1 (net)
                  0.14    0.00   28.58 ^ clkbuf_leaf_44_clk_s1/A (sky130_fd_sc_hd__clkbuf_16)
    12    0.05    0.07    0.18   28.75 ^ clkbuf_leaf_44_clk_s1/X (sky130_fd_sc_hd__clkbuf_16)
                                         clknet_leaf_44_clk_s1 (net)
                  0.07    0.00   28.76 ^ timer_0/fifo_timer_r/mem[10][19]$_DFFE_PP_/CLK (sky130_fd_sc_hd__edfxtp_1)
                         -0.25   28.51   clock uncertainty
                          1.18   29.68   clock reconvergence pessimism
                         -0.40   29.28   library setup time
                                 29.28   data required time
-----------------------------------------------------------------------------
                                 29.28   data required time
                                -11.04   data arrival time
-----------------------------------------------------------------------------
                                 18.25   slack (MET)


Startpoint: timer_clk_div/clk_div[0]$_SDFF_PP0_/Q
            (clock source 'timer_clk_div_clk_div2')
Endpoint: timer_clk_div/clk_div[1]$_SDFF_PP0_
          (rising edge-triggered flip-flop clocked by clk_s1_gate)
Path Group: clk_s1_gate
Path Type: max

Fanout     Cap    Slew   Delay    Time   Description
-----------------------------------------------------------------------------
                         25.00   25.00   clock timer_clk_div_clk_div2 (fall edge)
                          0.00   25.00   clock source latency
    15    0.20    0.89    0.62   25.62 ^ clk4 (in)
                                         clk4 (net)
                  0.89    0.00   25.62 ^ timer_clk_gate/_0_/A (sky130_fd_sc_hd__and2_1)
     2    0.23    2.12    1.69   27.31 ^ timer_clk_gate/_0_/X (sky130_fd_sc_hd__and2_1)
                                         clk_s1_gate (net)
                  2.12    0.01   27.33 ^ clkbuf_regs_1_clk_s1_gate/A (sky130_fd_sc_hd__clkbuf_16)
     1    0.01    0.09    0.37   27.70 ^ clkbuf_regs_1_clk_s1_gate/X (sky130_fd_sc_hd__clkbuf_16)
                                         clk_s1_gate_regs (net)
                  0.09    0.00   27.70 ^ clkbuf_0_clk_s1_gate_regs/A (sky130_fd_sc_hd__clkbuf_16)
     2    0.02    0.05    0.14   27.84 ^ clkbuf_0_clk_s1_gate_regs/X (sky130_fd_sc_hd__clkbuf_16)
                                         clknet_0_clk_s1_gate_regs (net)
                  0.05    0.00   27.84 ^ clkbuf_1_0__f_clk_s1_gate_regs/A (sky130_fd_sc_hd__clkbuf_16)
     2    0.11    0.12    0.18   28.02 ^ clkbuf_1_0__f_clk_s1_gate_regs/X (sky130_fd_sc_hd__clkbuf_16)
                                         clknet_1_0__leaf_clk_s1_gate_regs (net)
                  0.13    0.02   28.05 ^ timer_clk_div/clk_div[0]$_SDFF_PP0_/CLK (sky130_fd_sc_hd__dfxtp_1)
     1    0.01    0.08    0.37   28.41 v timer_clk_div/clk_div[0]$_SDFF_PP0_/Q (sky130_fd_sc_hd__dfxtp_1)
                                         timer_clk_div/clk_div2 (net)
                  0.08    0.00   28.41 v clkbuf_0_timer_clk_div/clk_div2/A (sky130_fd_sc_hd__clkbuf_16)
     2    0.07    0.06    0.19   28.60 v clkbuf_0_timer_clk_div/clk_div2/X (sky130_fd_sc_hd__clkbuf_16)
                                         clknet_0_timer_clk_div/clk_div2 (net)
                  0.06    0.00   28.60 v clkbuf_1_1__f_timer_clk_div/clk_div2/A (sky130_fd_sc_hd__clkbuf_16)
     2    0.08    0.07    0.19   28.79 v clkbuf_1_1__f_timer_clk_div/clk_div2/X (sky130_fd_sc_hd__clkbuf_16)
                                         clknet_1_1__leaf_timer_clk_div/clk_div2 (net)
                  0.07    0.00   28.80 v timer_clk_div/_11_/A (sky130_fd_sc_hd__ha_1)
     1    0.00    0.05    0.29   29.09 ^ timer_clk_div/_11_/SUM (sky130_fd_sc_hd__ha_1)
                                         timer_clk_div/_01_ (net)
                  0.05    0.00   29.09 ^ timer_clk_div/_06_/B_N (sky130_fd_sc_hd__nor2b_1)
    10    0.12    2.22    1.66   30.75 ^ timer_clk_div/_06_/Y (sky130_fd_sc_hd__nor2b_1)
                                         timer_clk_div/_02_ (net)
                  2.22    0.01   30.76 ^ timer_clk_div/clk_div[1]$_SDFF_PP0_/D (sky130_fd_sc_hd__dfxtp_1)
                                 30.76   data arrival time

                         50.00   50.00   clock clk_s1_gate (rise edge)
                          0.00   50.00   clock source latency
    15    0.20    0.89    0.62   50.62 ^ clk4 (in)
                                         clk4 (net)
                  0.89    0.00   50.62 ^ timer_clk_gate/_0_/A (sky130_fd_sc_hd__and2_1)
     2    0.23    2.12    1.69   52.31 ^ timer_clk_gate/_0_/X (sky130_fd_sc_hd__and2_1)
                                         clk_s1_gate (net)
                  2.12    0.01   52.33 ^ clkbuf_regs_1_clk_s1_gate/A (sky130_fd_sc_hd__clkbuf_16)
     1    0.01    0.09    0.37   52.70 ^ clkbuf_regs_1_clk_s1_gate/X (sky130_fd_sc_hd__clkbuf_16)
                                         clk_s1_gate_regs (net)
                  0.09    0.00   52.70 ^ clkbuf_0_clk_s1_gate_regs/A (sky130_fd_sc_hd__clkbuf_16)
     2    0.02    0.05    0.14   52.84 ^ clkbuf_0_clk_s1_gate_regs/X (sky130_fd_sc_hd__clkbuf_16)
                                         clknet_0_clk_s1_gate_regs (net)
                  0.05    0.00   52.84 ^ clkbuf_1_0__f_clk_s1_gate_regs/A (sky130_fd_sc_hd__clkbuf_16)
     2    0.11    0.12    0.18   53.02 ^ clkbuf_1_0__f_clk_s1_gate_regs/X (sky130_fd_sc_hd__clkbuf_16)
                                         clknet_1_0__leaf_clk_s1_gate_regs (net)
                  0.13    0.02   53.04 ^ timer_clk_div/clk_div[1]$_SDFF_PP0_/CLK (sky130_fd_sc_hd__dfxtp_1)
                         -0.25   52.79   clock uncertainty
                          0.00   52.80   clock reconvergence pessimism
                         -0.27   52.52   library setup time
                                 52.52   data required time
-----------------------------------------------------------------------------
                                 52.52   data required time
                                -30.76   data arrival time
-----------------------------------------------------------------------------
                                 21.76   slack (MET)


Startpoint: gpio_0/fifo_timer_w/counter_2[2]$_SDFFE_PP0P_
            (rising edge-triggered flip-flop clocked by clk_s2)
Endpoint: gpio_0/fifo_timer_r/mem[1][0]$_DFFE_PP_
          (rising edge-triggered flip-flop clocked by clk_s2)
Path Group: clk_s2
Path Type: max

Fanout     Cap    Slew   Delay    Time   Description
-----------------------------------------------------------------------------
                          0.00    0.00   clock clk_s2 (rise edge)
                          0.00    0.00   clock source latency
    15    0.16    0.73    0.51    0.51 ^ clk2 (in)
                                         clk2 (net)
                  0.73    0.00    0.51 ^ gpio_clk_gate/_0_/A (sky130_fd_sc_hd__and2_1)
     2    0.14    1.33    1.13    1.64 ^ gpio_clk_gate/_0_/X (sky130_fd_sc_hd__and2_1)
                                         clk_s2_gate (net)
                  1.33    0.01    1.65 ^ clkbuf_regs_2_clk_s2_gate/A (sky130_fd_sc_hd__clkbuf_16)
     1    0.01    0.07    0.31    1.95 ^ clkbuf_regs_2_clk_s2_gate/X (sky130_fd_sc_hd__clkbuf_16)
                                         clk_s2_gate_regs (net)
                  0.07    0.00    1.95 ^ clkbuf_0_clk_s2_gate_regs/A (sky130_fd_sc_hd__clkbuf_16)
     2    0.03    0.05    0.14    2.09 ^ clkbuf_0_clk_s2_gate_regs/X (sky130_fd_sc_hd__clkbuf_16)
                                         clknet_0_clk_s2_gate_regs (net)
                  0.05    0.00    2.09 ^ clkbuf_1_1__f_clk_s2_gate_regs/A (sky130_fd_sc_hd__clkbuf_16)
     2    0.06    0.07    0.15    2.24 ^ clkbuf_1_1__f_clk_s2_gate_regs/X (sky130_fd_sc_hd__clkbuf_16)
                                         clknet_1_1__leaf_clk_s2_gate_regs (net)
                  0.08    0.01    2.26 ^ gpio_clk_div/clk_div[0]$_SDFF_PP0_/CLK (sky130_fd_sc_hd__dfxtp_1)
     1    0.01    0.14    0.39    2.64 ^ gpio_clk_div/clk_div[0]$_SDFF_PP0_/Q (sky130_fd_sc_hd__dfxtp_1)
                                         gpio_clk_div/clk_div2 (net)
                  0.14    0.00    2.64 ^ clkbuf_0_gpio_clk_div/clk_div2/A (sky130_fd_sc_hd__clkbuf_16)
     2    0.05    0.07    0.18    2.82 ^ clkbuf_0_gpio_clk_div/clk_div2/X (sky130_fd_sc_hd__clkbuf_16)
                                         clknet_0_gpio_clk_div/clk_div2 (net)
                  0.07    0.00    2.82 ^ clkbuf_1_0__f_gpio_clk_div/clk_div2/A (sky130_fd_sc_hd__clkbuf_16)
     2    0.13    0.15    0.22    3.04 ^ clkbuf_1_0__f_gpio_clk_div/clk_div2/X (sky130_fd_sc_hd__clkbuf_16)
                                         clknet_1_0__leaf_gpio_clk_div/clk_div2 (net)
                  0.15    0.01    3.05 ^ gpio_clk_div/_10_/A1 (sky130_fd_sc_hd__mux4_2)
     1    0.01    0.12    0.30    3.35 ^ gpio_clk_div/_10_/X (sky130_fd_sc_hd__mux4_2)
                                         clk_s2 (net)
                  0.12    0.00    3.35 ^ clkbuf_0_clk_s2/A (sky130_fd_sc_hd__clkbuf_16)
     8    0.18    0.19    0.26    3.61 ^ clkbuf_0_clk_s2/X (sky130_fd_sc_hd__clkbuf_16)
                                         clknet_0_clk_s2 (net)
                  0.19    0.01    3.62 ^ clkbuf_3_5__f_clk_s2/A (sky130_fd_sc_hd__clkbuf_16)
     9    0.17    0.18    0.28    3.90 ^ clkbuf_3_5__f_clk_s2/X (sky130_fd_sc_hd__clkbuf_16)
                                         clknet_3_5__leaf_clk_s2 (net)
                  0.18    0.00    3.90 ^ clkbuf_leaf_30_clk_s2/A (sky130_fd_sc_hd__clkbuf_16)
     9    0.05    0.07    0.20    4.10 ^ clkbuf_leaf_30_clk_s2/X (sky130_fd_sc_hd__clkbuf_16)
                                         clknet_leaf_30_clk_s2 (net)
                  0.07    0.00    4.10 ^ gpio_0/fifo_timer_w/counter_2[2]$_SDFFE_PP0P_/CLK (sky130_fd_sc_hd__dfxtp_1)
    17    0.13    1.20    1.10    5.20 ^ gpio_0/fifo_timer_w/counter_2[2]$_SDFFE_PP0P_/Q (sky130_fd_sc_hd__dfxtp_1)
                                         gpio_0/fifo_timer_w/counter_2[2] (net)
                  1.20    0.00    5.21 ^ gpio_0/fifo_timer_w/place31448/A (sky130_fd_sc_hd__buf_4)
    20    0.13    0.36    0.50    5.70 ^ gpio_0/fifo_timer_w/place31448/X (sky130_fd_sc_hd__buf_4)
                                         gpio_0/fifo_timer_w/net31447 (net)
                  0.36    0.00    5.70 ^ gpio_0/fifo_timer_w/_887_/A (sky130_fd_sc_hd__ha_1)
     2    0.01    0.09    0.34    6.04 v gpio_0/fifo_timer_w/_887_/SUM (sky130_fd_sc_hd__ha_1)
                                         gpio_0/fifo_timer_w/counter_2_gray[2] (net)
                  0.09    0.00    6.04 v gpio_0/fifo_timer_w/_448_/A (sky130_fd_sc_hd__xor2_1)
     1    0.01    0.09    0.21    6.25 v gpio_0/fifo_timer_w/_448_/X (sky130_fd_sc_hd__xor2_1)
                                         gpio_0/fifo_timer_w/_263_ (net)
                  0.09    0.00    6.25 v gpio_0/fifo_timer_w/_450_/C (sky130_fd_sc_hd__nor4_4)
     6    0.02    0.41    0.40    6.65 ^ gpio_0/fifo_timer_w/_450_/Y (sky130_fd_sc_hd__nor4_4)
                                         gpio_0/fifo_timer_w/_265_ (net)
                  0.41    0.00    6.65 ^ gpio_0/fifo_timer_w/_872_/A (sky130_fd_sc_hd__and2_1)
     2    0.07    0.64    0.61    7.25 ^ gpio_0/fifo_timer_w/_872_/X (sky130_fd_sc_hd__and2_1)
                                         gpio_0/fifo_empty (net)
                  0.64    0.00    7.26 ^ gpio_0/_335_/A (sky130_fd_sc_hd__inv_1)
     8    0.07    0.36    0.48    7.74 v gpio_0/_335_/Y (sky130_fd_sc_hd__inv_1)
                                         gpio_0/addr_valid (net)
                  0.36    0.00    7.74 v gpio_0/fifo_timer_w/_453_/B1_N (sky130_fd_sc_hd__a21bo_1)
    14    0.11    0.87    0.88    8.62 ^ gpio_0/fifo_timer_w/_453_/X (sky130_fd_sc_hd__a21bo_1)
                                         gpio_0/fifo_timer_w/_268_ (net)
                  0.87    0.01    8.63 ^ gpio_0/fifo_timer_w/place30144/A (sky130_fd_sc_hd__buf_4)
     9    0.10    0.27    0.41    9.04 ^ gpio_0/fifo_timer_w/place30144/X (sky130_fd_sc_hd__buf_4)
                                         gpio_0/fifo_timer_w/net30143 (net)
                  0.27    0.01    9.05 ^ gpio_0/fifo_timer_w/place30143/A (sky130_fd_sc_hd__buf_4)
    20    0.17    0.45    0.46    9.51 ^ gpio_0/fifo_timer_w/place30143/X (sky130_fd_sc_hd__buf_4)
                                         gpio_0/fifo_timer_w/net30142 (net)
                  0.45    0.02    9.53 ^ gpio_0/fifo_timer_w/_535_/A (sky130_fd_sc_hd__nor3_2)
     8    0.06    0.21    0.26    9.79 v gpio_0/fifo_timer_w/_535_/Y (sky130_fd_sc_hd__nor3_2)
                                         gpio_0/fifo_data_read[32] (net)
                  0.21    0.01    9.80 v gpio_0/gpio_0/_2050_/C (sky130_fd_sc_hd__nor4_2)
     3    0.02    0.50    0.50   10.30 ^ gpio_0/gpio_0/_2050_/Y (sky130_fd_sc_hd__nor4_2)
                                         gpio_0/gpio_0/_0714_ (net)
                  0.50    0.00   10.30 ^ gpio_0/gpio_0/_2052_/B (sky130_fd_sc_hd__nand3_1)
    14    0.10    0.95    0.86   11.16 v gpio_0/gpio_0/_2052_/Y (sky130_fd_sc_hd__nand3_1)
                                         gpio_0/gpio_0/_0716_ (net)
                  0.95    0.02   11.18 v gpio_0/gpio_0/place29306/A (sky130_fd_sc_hd__buf_4)
    19    0.11    0.16    0.56   11.73 v gpio_0/gpio_0/place29306/X (sky130_fd_sc_hd__buf_4)
                                         gpio_0/gpio_0/net29305 (net)
                  0.16    0.01   11.74 v gpio_0/gpio_0/_2382_/B1 (sky130_fd_sc_hd__a31oi_1)
    16    0.06    1.37    1.02   12.77 ^ gpio_0/gpio_0/_2382_/Y (sky130_fd_sc_hd__a31oi_1)
                                         gpio_0/data_out[0] (net)
                  1.37    0.01   12.77 ^ gpio_0/fifo_timer_r/mem[1][0]$_DFFE_PP_/D (sky130_fd_sc_hd__edfxtp_1)
                                 12.77   data arrival time

                         20.00   20.00   clock clk_s2 (rise edge)
                          0.00   20.00   clock source latency
    15    0.16    0.73    0.51   20.51 ^ clk2 (in)
                                         clk2 (net)
                  0.73    0.00   20.51 ^ gpio_clk_gate/_0_/A (sky130_fd_sc_hd__and2_1)
     2    0.14    1.33    1.13   21.64 ^ gpio_clk_gate/_0_/X (sky130_fd_sc_hd__and2_1)
                                         clk_s2_gate (net)
                  1.33    0.01   21.65 ^ clkbuf_0_clk_s2_gate/A (sky130_fd_sc_hd__clkbuf_16)
     1    0.01    0.07    0.31   21.96 ^ clkbuf_0_clk_s2_gate/X (sky130_fd_sc_hd__clkbuf_16)
                                         clknet_0_clk_s2_gate (net)
                  0.07    0.00   21.96 ^ clkbuf_1_0__f_clk_s2_gate/A (sky130_fd_sc_hd__clkbuf_16)
     1    0.01    0.03    0.12   22.08 ^ clkbuf_1_0__f_clk_s2_gate/X (sky130_fd_sc_hd__clkbuf_16)
                                         clknet_1_0__leaf_clk_s2_gate (net)
                  0.03    0.00   22.08 ^ gpio_clk_div/_10_/A0 (sky130_fd_sc_hd__mux4_2)
     1    0.01    0.09    0.26   22.34 ^ gpio_clk_div/_10_/X (sky130_fd_sc_hd__mux4_2)
                                         clk_s2 (net)
                  0.09    0.00   22.34 ^ clkbuf_0_clk_s2/A (sky130_fd_sc_hd__clkbuf_16)
     8    0.18    0.19    0.25   22.60 ^ clkbuf_0_clk_s2/X (sky130_fd_sc_hd__clkbuf_16)
                                         clknet_0_clk_s2 (net)
                  0.19    0.01   22.60 ^ clkbuf_3_1__f_clk_s2/A (sky130_fd_sc_hd__clkbuf_16)
    17    0.23    0.24    0.32   22.93 ^ clkbuf_3_1__f_clk_s2/X (sky130_fd_sc_hd__clkbuf_16)
                                         clknet_3_1__leaf_clk_s2 (net)
                  0.24    0.01   22.93 ^ clkbuf_leaf_84_clk_s2/A (sky130_fd_sc_hd__clkbuf_16)
    11    0.04    0.06    0.21   23.14 ^ clkbuf_leaf_84_clk_s2/X (sky130_fd_sc_hd__clkbuf_16)
                                         clknet_leaf_84_clk_s2 (net)
                  0.06    0.00   23.14 ^ gpio_0/fifo_timer_r/mem[1][0]$_DFFE_PP_/CLK (sky130_fd_sc_hd__edfxtp_1)
                         -0.25   22.89   clock uncertainty
                          1.02   23.91   clock reconvergence pessimism
                         -0.39   23.52   library setup time
                                 23.52   data required time
-----------------------------------------------------------------------------
                                 23.52   data required time
                                -12.77   data arrival time
-----------------------------------------------------------------------------
                                 10.74   slack (MET)


Startpoint: gpio_clk_div/clk_div[0]$_SDFF_PP0_/Q
            (clock source 'gpio_clk_div_clk_div2')
Endpoint: gpio_clk_div/clk_div[1]$_SDFF_PP0_
          (rising edge-triggered flip-flop clocked by clk_s2_gate)
Path Group: clk_s2_gate
Path Type: max

Fanout     Cap    Slew   Delay    Time   Description
-----------------------------------------------------------------------------
                         20.00   20.00   clock gpio_clk_div_clk_div2 (fall edge)
                          0.00   20.00   clock source latency
    15    0.16    0.73    0.51   20.51 ^ clk2 (in)
                                         clk2 (net)
                  0.73    0.00   20.51 ^ gpio_clk_gate/_0_/A (sky130_fd_sc_hd__and2_1)
     2    0.14    1.33    1.13   21.64 ^ gpio_clk_gate/_0_/X (sky130_fd_sc_hd__and2_1)
                                         clk_s2_gate (net)
                  1.33    0.01   21.65 ^ clkbuf_regs_2_clk_s2_gate/A (sky130_fd_sc_hd__clkbuf_16)
     1    0.01    0.07    0.31   21.95 ^ clkbuf_regs_2_clk_s2_gate/X (sky130_fd_sc_hd__clkbuf_16)
                                         clk_s2_gate_regs (net)
                  0.07    0.00   21.95 ^ clkbuf_0_clk_s2_gate_regs/A (sky130_fd_sc_hd__clkbuf_16)
     2    0.03    0.05    0.14   22.09 ^ clkbuf_0_clk_s2_gate_regs/X (sky130_fd_sc_hd__clkbuf_16)
                                         clknet_0_clk_s2_gate_regs (net)
                  0.05    0.00   22.09 ^ clkbuf_1_1__f_clk_s2_gate_regs/A (sky130_fd_sc_hd__clkbuf_16)
     2    0.06    0.07    0.15   22.24 ^ clkbuf_1_1__f_clk_s2_gate_regs/X (sky130_fd_sc_hd__clkbuf_16)
                                         clknet_1_1__leaf_clk_s2_gate_regs (net)
                  0.08    0.01   22.26 ^ gpio_clk_div/clk_div[0]$_SDFF_PP0_/CLK (sky130_fd_sc_hd__dfxtp_1)
     1    0.01    0.07    0.34   22.60 v gpio_clk_div/clk_div[0]$_SDFF_PP0_/Q (sky130_fd_sc_hd__dfxtp_1)
                                         gpio_clk_div/clk_div2 (net)
                  0.07    0.00   22.60 v clkbuf_0_gpio_clk_div/clk_div2/A (sky130_fd_sc_hd__clkbuf_16)
     2    0.05    0.05    0.17   22.77 v clkbuf_0_gpio_clk_div/clk_div2/X (sky130_fd_sc_hd__clkbuf_16)
                                         clknet_0_gpio_clk_div/clk_div2 (net)
                  0.05    0.00   22.77 v clkbuf_1_1__f_gpio_clk_div/clk_div2/A (sky130_fd_sc_hd__clkbuf_16)
     2    0.06    0.05    0.17   22.94 v clkbuf_1_1__f_gpio_clk_div/clk_div2/X (sky130_fd_sc_hd__clkbuf_16)
                                         clknet_1_1__leaf_gpio_clk_div/clk_div2 (net)
                  0.06    0.00   22.95 v gpio_clk_div/_11_/A (sky130_fd_sc_hd__ha_1)
     1    0.00    0.05    0.28   23.23 ^ gpio_clk_div/_11_/SUM (sky130_fd_sc_hd__ha_1)
                                         gpio_clk_div/_01_ (net)
                  0.05    0.00   23.23 ^ gpio_clk_div/_06_/B_N (sky130_fd_sc_hd__nor2b_1)
     1    0.06    1.17    0.91   24.14 ^ gpio_clk_div/_06_/Y (sky130_fd_sc_hd__nor2b_1)
                                         gpio_clk_div/_02_ (net)
                  1.17    0.00   24.14 ^ gpio_clk_div/clk_div[1]$_SDFF_PP0_/D (sky130_fd_sc_hd__dfxtp_1)
                                 24.14   data arrival time

                         40.00   40.00   clock clk_s2_gate (rise edge)
                          0.00   40.00   clock source latency
    15    0.16    0.73    0.51   40.51 ^ clk2 (in)
                                         clk2 (net)
                  0.73    0.00   40.51 ^ gpio_clk_gate/_0_/A (sky130_fd_sc_hd__and2_1)
     2    0.14    1.33    1.13   41.64 ^ gpio_clk_gate/_0_/X (sky130_fd_sc_hd__and2_1)
                                         clk_s2_gate (net)
                  1.33    0.01   41.65 ^ clkbuf_regs_2_clk_s2_gate/A (sky130_fd_sc_hd__clkbuf_16)
     1    0.01    0.07    0.31   41.95 ^ clkbuf_regs_2_clk_s2_gate/X (sky130_fd_sc_hd__clkbuf_16)
                                         clk_s2_gate_regs (net)
                  0.07    0.00   41.95 ^ clkbuf_0_clk_s2_gate_regs/A (sky130_fd_sc_hd__clkbuf_16)
     2    0.03    0.05    0.14   42.09 ^ clkbuf_0_clk_s2_gate_regs/X (sky130_fd_sc_hd__clkbuf_16)
                                         clknet_0_clk_s2_gate_regs (net)
                  0.05    0.00   42.09 ^ clkbuf_1_0__f_clk_s2_gate_regs/A (sky130_fd_sc_hd__clkbuf_16)
     2    0.07    0.09    0.16   42.25 ^ clkbuf_1_0__f_clk_s2_gate_regs/X (sky130_fd_sc_hd__clkbuf_16)
                                         clknet_1_0__leaf_clk_s2_gate_regs (net)
                  0.09    0.01   42.26 ^ gpio_clk_div/clk_div[1]$_SDFF_PP0_/CLK (sky130_fd_sc_hd__dfxtp_1)
                         -0.25   42.01   clock uncertainty
                          0.00   42.01   clock reconvergence pessimism
                         -0.20   41.81   library setup time
                                 41.81   data required time
-----------------------------------------------------------------------------
                                 41.81   data required time
                                -24.14   data arrival time
-----------------------------------------------------------------------------
                                 17.67   slack (MET)


Startpoint: processor_0/pipeline_ex_mem/alu_out_out[26]$_SDFFE_PP0N_
            (rising edge-triggered flip-flop clocked by clk1)
Endpoint: dma_config_0/dma_0/buffer_dma[29]$_SDFFE_PP0P_
          (rising edge-triggered flip-flop clocked by clk_s3)
Path Group: clk_s3
Path Type: max

Fanout     Cap    Slew   Delay    Time   Description
-----------------------------------------------------------------------------
                          0.00    0.00   clock clk1 (rise edge)
                          0.00    0.00   clock source latency
     4    0.36    1.61    1.14    1.14 ^ clk1 (in)
                                         clk1 (net)
                  1.62    0.00    1.14 ^ clkbuf_regs_0_clk1/A (sky130_fd_sc_hd__clkbuf_16)
     1    0.01    0.07    0.33    1.47 ^ clkbuf_regs_0_clk1/X (sky130_fd_sc_hd__clkbuf_16)
                                         clk1_regs (net)
                  0.07    0.00    1.47 ^ clkbuf_0_clk1_regs/A (sky130_fd_sc_hd__clkbuf_16)
     3    0.17    0.18    0.24    1.71 ^ clkbuf_0_clk1_regs/X (sky130_fd_sc_hd__clkbuf_16)
                                         clknet_0_clk1_regs (net)
                  0.18    0.01    1.72 ^ clkbuf_1_1_0_clk1_regs/A (sky130_fd_sc_hd__clkbuf_16)
     2    0.08    0.10    0.22    1.94 ^ clkbuf_1_1_0_clk1_regs/X (sky130_fd_sc_hd__clkbuf_16)
                                         clknet_1_1_0_clk1_regs (net)
                  0.10    0.00    1.94 ^ clkbuf_2_3_0_clk1_regs/A (sky130_fd_sc_hd__clkbuf_16)
     2    0.11    0.13    0.21    2.15 ^ clkbuf_2_3_0_clk1_regs/X (sky130_fd_sc_hd__clkbuf_16)
                                         clknet_2_3_0_clk1_regs (net)
                  0.13    0.01    2.16 ^ clkbuf_3_6_0_clk1_regs/A (sky130_fd_sc_hd__clkbuf_16)
     2    0.11    0.12    0.22    2.37 ^ clkbuf_3_6_0_clk1_regs/X (sky130_fd_sc_hd__clkbuf_16)
                                         clknet_3_6_0_clk1_regs (net)
                  0.12    0.01    2.38 ^ clkbuf_4_12_0_clk1_regs/A (sky130_fd_sc_hd__clkbuf_16)
    16    0.35    0.36    0.38    2.76 ^ clkbuf_4_12_0_clk1_regs/X (sky130_fd_sc_hd__clkbuf_16)
                                         clknet_4_12_0_clk1_regs (net)
                  0.36    0.01    2.77 ^ clkbuf_8_192_0_clk1_regs/A (sky130_fd_sc_hd__clkbuf_16)
    12    0.21    0.23    0.35    3.12 ^ clkbuf_8_192_0_clk1_regs/X (sky130_fd_sc_hd__clkbuf_16)
                                         clknet_8_192_0_clk1_regs (net)
                  0.23    0.01    3.13 ^ clkbuf_leaf_856_clk1_regs/A (sky130_fd_sc_hd__clkbuf_16)
    11    0.04    0.06    0.20    3.33 ^ clkbuf_leaf_856_clk1_regs/X (sky130_fd_sc_hd__clkbuf_16)
                                         clknet_leaf_856_clk1_regs (net)
                  0.06    0.00    3.34 ^ processor_0/pipeline_ex_mem/alu_out_out[26]$_SDFFE_PP0N_/CLK (sky130_fd_sc_hd__dfxtp_1)
     2    0.01    0.06    0.33    3.67 v processor_0/pipeline_ex_mem/alu_out_out[26]$_SDFFE_PP0N_/Q (sky130_fd_sc_hd__dfxtp_1)
                                         addr_m_axi[26] (net)
                  0.06    0.00    3.67 v _1529_/A (sky130_fd_sc_hd__nor4_2)
     2    0.01    0.35    0.39    4.06 ^ _1529_/Y (sky130_fd_sc_hd__nor4_2)
                                         _0109_ (net)
                  0.35    0.00    4.06 ^ _1530_/D (sky130_fd_sc_hd__nand4_2)
     3    0.07    0.54    0.48    4.54 v _1530_/Y (sky130_fd_sc_hd__nand4_2)
                                         _0110_ (net)
                  0.54    0.02    4.56 v place32756/A (sky130_fd_sc_hd__buf_12)
    10    0.08    0.06    0.35    4.91 v place32756/X (sky130_fd_sc_hd__buf_12)
                                         net32755 (net)
                  0.07    0.01    4.92 v place32755/A (sky130_fd_sc_hd__buf_4)
     9    0.05    0.08    0.19    5.11 v place32755/X (sky130_fd_sc_hd__buf_4)
                                         net32754 (net)
                  0.08    0.01    5.11 v _1811_/A1 (sky130_fd_sc_hd__o21ai_0)
     3    0.03    0.85    0.69    5.81 ^ _1811_/Y (sky130_fd_sc_hd__o21ai_0)
                                         _0311_ (net)
                  0.85    0.00    5.81 ^ _1812_/B (sky130_fd_sc_hd__nand2_1)
     2    0.02    0.27    0.35    6.16 v _1812_/Y (sky130_fd_sc_hd__nand2_1)
                                         m1_ar_addr[13] (net)
                  0.27    0.00    6.17 v interconnect_0/_0831_/A1 (sky130_fd_sc_hd__o41ai_2)
     1    0.00    0.26    0.42    6.59 ^ interconnect_0/_0831_/Y (sky130_fd_sc_hd__o41ai_2)
                                         interconnect_0/_0056_ (net)
                  0.26    0.00    6.59 ^ interconnect_0/_0832_/B1 (sky130_fd_sc_hd__o21ai_1)
     4    0.02    0.21    0.24    6.83 v interconnect_0/_0832_/Y (sky130_fd_sc_hd__o21ai_1)
                                         interconnect_0/_0057_ (net)
                  0.21    0.00    6.83 v interconnect_0/_0891_/B (sky130_fd_sc_hd__or3_4)
     3    0.02    0.09    0.47    7.30 v interconnect_0/_0891_/X (sky130_fd_sc_hd__or3_4)
                                         interconnect_0/_0116_ (net)
                  0.09    0.00    7.30 v interconnect_0/_0915_/C (sky130_fd_sc_hd__or3_4)
     2    0.02    0.09    0.38    7.68 v interconnect_0/_0915_/X (sky130_fd_sc_hd__or3_4)
                                         interconnect_0/_0140_ (net)
                  0.09    0.00    7.68 v interconnect_0/_0921_/A (sky130_fd_sc_hd__and3_1)
     2    0.02    0.11    0.23    7.92 v interconnect_0/_0921_/X (sky130_fd_sc_hd__and3_1)
                                         interconnect_0/_0146_ (net)
                  0.11    0.00    7.92 v interconnect_0/_2451_/A2 (sky130_fd_sc_hd__a22o_1)
     1    0.01    0.06    0.26    8.18 v interconnect_0/_2451_/X (sky130_fd_sc_hd__a22o_1)
                                         s1_dr_ready (net)
                  0.06    0.00    8.18 v timer_0/place29669/A (sky130_fd_sc_hd__buf_4)
     1    0.08    0.10    0.21    8.39 v timer_0/place29669/X (sky130_fd_sc_hd__buf_4)
                                         timer_0/net29668 (net)
                  0.11    0.02    8.41 v timer_0/_334_/B (sky130_fd_sc_hd__and3b_1)
     2    0.02    0.09    0.24    8.65 v timer_0/_334_/X (sky130_fd_sc_hd__and3b_1)
                                         timer_0/read_en_axi (net)
                  0.09    0.00    8.65 v timer_0/fifo_timer_r/_386_/B1_N (sky130_fd_sc_hd__a21bo_2)
    12    0.12    0.65    0.64    9.29 ^ timer_0/fifo_timer_r/_386_/X (sky130_fd_sc_hd__a21bo_2)
                                         timer_0/fifo_timer_r/_096_ (net)
                  0.65    0.01    9.30 ^ timer_0/fifo_timer_r/place28805/A (sky130_fd_sc_hd__buf_4)
    12    0.12    0.34    0.44    9.74 ^ timer_0/fifo_timer_r/place28805/X (sky130_fd_sc_hd__buf_4)
                                         timer_0/fifo_timer_r/net28804 (net)
                  0.34    0.02    9.75 ^ timer_0/fifo_timer_r/_411_/A (sky130_fd_sc_hd__nor3_4)
     1    0.01    0.08    0.10    9.85 v timer_0/fifo_timer_r/_411_/Y (sky130_fd_sc_hd__nor3_4)
                                         s1_dr_data[29] (net)
                  0.08    0.00    9.85 v place28187/A (sky130_fd_sc_hd__buf_12)
     3    0.12    0.06    0.16   10.02 v place28187/X (sky130_fd_sc_hd__buf_12)
                                         net28186 (net)
                  0.13    0.05   10.07 v interconnect_0/_1259_/C2 (sky130_fd_sc_hd__a222oi_1)
     1    0.00    0.26    0.26   10.33 ^ interconnect_0/_1259_/Y (sky130_fd_sc_hd__a222oi_1)
                                         interconnect_0/_0451_ (net)
                  0.26    0.00   10.33 ^ interconnect_0/hold35945/A (sky130_fd_sc_hd__dlygate4sd3_1)
     1    0.00    0.07    0.60   10.93 ^ interconnect_0/hold35945/X (sky130_fd_sc_hd__dlygate4sd3_1)
                                         interconnect_0/net35944 (net)
                  0.07    0.00   10.93 ^ interconnect_0/_1263_/B (sky130_fd_sc_hd__nand3_1)
     1    0.00    0.06    0.07   11.00 v interconnect_0/_1263_/Y (sky130_fd_sc_hd__nand3_1)
                                         m2_dr_data[29] (net)
                  0.06    0.00   11.00 v dma_config_0/dma_0/hold35946/A (sky130_fd_sc_hd__dlygate4sd3_1)
     1    0.00    0.06    0.57   11.57 v dma_config_0/dma_0/hold35946/X (sky130_fd_sc_hd__dlygate4sd3_1)
                                         dma_config_0/dma_0/net35945 (net)
                  0.06    0.00   11.57 v dma_config_0/dma_0/_2012_/A1 (sky130_fd_sc_hd__mux2i_1)
     1    0.00    0.13    0.15   11.71 ^ dma_config_0/dma_0/_2012_/Y (sky130_fd_sc_hd__mux2i_1)
                                         dma_config_0/dma_0/_0478_ (net)
                  0.13    0.00   11.71 ^ dma_config_0/dma_0/hold35947/A (sky130_fd_sc_hd__dlygate4sd3_1)
     1    0.00    0.07    0.58   12.29 ^ dma_config_0/dma_0/hold35947/X (sky130_fd_sc_hd__dlygate4sd3_1)
                                         dma_config_0/dma_0/net35946 (net)
                  0.07    0.00   12.29 ^ dma_config_0/dma_0/_2013_/B (sky130_fd_sc_hd__nor2_1)
     1    0.00    0.06    0.04   12.34 v dma_config_0/dma_0/_2013_/Y (sky130_fd_sc_hd__nor2_1)
                                         dma_config_0/dma_0/_0048_ (net)
                  0.06    0.00   12.34 v dma_config_0/dma_0/buffer_dma[29]$_SDFFE_PP0P_/D (sky130_fd_sc_hd__dfxtp_1)
                                 12.34   data arrival time

                         10.00   10.00   clock clk_s3 (rise edge)
                          0.00   10.00   clock source latency
     4    0.36    1.61    1.13   11.13 ^ clk1 (in)
                                         clk1 (net)
                  1.62    0.00   11.13 ^ clkbuf_0_clk1/A (sky130_fd_sc_hd__clkbuf_16)
     2    0.04    0.10    0.37   11.50 ^ clkbuf_0_clk1/X (sky130_fd_sc_hd__clkbuf_16)
                                         clknet_0_clk1 (net)
                  0.10    0.00   11.50 ^ clkbuf_1_1__f_clk1/A (sky130_fd_sc_hd__clkbuf_16)
     1    0.01    0.04    0.14   11.64 ^ clkbuf_1_1__f_clk1/X (sky130_fd_sc_hd__clkbuf_16)
                                         clknet_1_1__leaf_clk1 (net)
                  0.04    0.00   11.64 ^ dma_clk_gate/_0_/A (sky130_fd_sc_hd__and2_1)
     1    0.01    0.14    0.18   11.82 ^ dma_clk_gate/_0_/X (sky130_fd_sc_hd__and2_1)
                                         clk_s3 (net)
                  0.14    0.00   11.82 ^ clkbuf_0_clk_s3/A (sky130_fd_sc_hd__clkbuf_16)
     4    0.13    0.14    0.24   12.06 ^ clkbuf_0_clk_s3/X (sky130_fd_sc_hd__clkbuf_16)
                                         clknet_0_clk_s3 (net)
                  0.14    0.00   12.06 ^ clkbuf_2_1__f_clk_s3/A (sky130_fd_sc_hd__clkbuf_16)
    16    0.27    0.28    0.33   12.39 ^ clkbuf_2_1__f_clk_s3/X (sky130_fd_sc_hd__clkbuf_16)
                                         clknet_2_1__leaf_clk_s3 (net)
                  0.28    0.01   12.40 ^ clkbuf_leaf_31_clk_s3/A (sky130_fd_sc_hd__clkbuf_16)
     5    0.03    0.06    0.21   12.61 ^ clkbuf_leaf_31_clk_s3/X (sky130_fd_sc_hd__clkbuf_16)
                                         clknet_leaf_31_clk_s3 (net)
                  0.06    0.00   12.62 ^ dma_config_0/dma_0/buffer_dma[29]$_SDFFE_PP0P_/CLK (sky130_fd_sc_hd__dfxtp_1)
                         -0.25   12.37   clock uncertainty
                          0.00   12.37   clock reconvergence pessimism
                         -0.12   12.25   library setup time
                                 12.25   data required time
-----------------------------------------------------------------------------
                                 12.25   data required time
                                -12.34   data arrival time
-----------------------------------------------------------------------------
                                 -0.09   slack (VIOLATED)


Startpoint: uart_0/fifo_uart_w/counter_2[0]$_SDFFE_PP0P_
            (rising edge-triggered flip-flop clocked by clk_s4)
Endpoint: uart_0/fifo_uart_r/mem[11][18]$_DFFE_PP_
          (rising edge-triggered flip-flop clocked by clk_s4)
Path Group: clk_s4
Path Type: max

Fanout     Cap    Slew   Delay    Time   Description
-----------------------------------------------------------------------------
                          0.00    0.00   clock clk_s4 (rise edge)
                          0.00    0.00   clock source latency
    23    0.22    0.97    0.73    0.73 ^ clk5 (in)
                                         clk5 (net)
                  1.01    0.00    0.73 ^ uart_clk_gate/_0_/A (sky130_fd_sc_hd__and2_1)
     2    0.19    1.75    1.44    2.17 ^ uart_clk_gate/_0_/X (sky130_fd_sc_hd__and2_1)
                                         clk_s4_gate (net)
                  1.75    0.01    2.18 ^ clkbuf_regs_4_clk_s4_gate/A (sky130_fd_sc_hd__clkbuf_16)
     1    0.01    0.08    0.34    2.52 ^ clkbuf_regs_4_clk_s4_gate/X (sky130_fd_sc_hd__clkbuf_16)
                                         clk_s4_gate_regs (net)
                  0.08    0.00    2.52 ^ clkbuf_0_clk_s4_gate_regs/A (sky130_fd_sc_hd__clkbuf_16)
     2    0.02    0.05    0.14    2.66 ^ clkbuf_0_clk_s4_gate_regs/X (sky130_fd_sc_hd__clkbuf_16)
                                         clknet_0_clk_s4_gate_regs (net)
                  0.05    0.00    2.66 ^ clkbuf_1_0__f_clk_s4_gate_regs/A (sky130_fd_sc_hd__clkbuf_16)
     2    0.07    0.09    0.16    2.82 ^ clkbuf_1_0__f_clk_s4_gate_regs/X (sky130_fd_sc_hd__clkbuf_16)
                                         clknet_1_0__leaf_clk_s4_gate_regs (net)
                  0.09    0.00    2.83 ^ uart_clk_div/clk_div[0]$_SDFF_PP0_/CLK (sky130_fd_sc_hd__dfxtp_1)
     1    0.01    0.14    0.39    3.21 ^ uart_clk_div/clk_div[0]$_SDFF_PP0_/Q (sky130_fd_sc_hd__dfxtp_1)
                                         uart_clk_div/clk_div2 (net)
                  0.14    0.00    3.21 ^ clkbuf_0_uart_clk_div/clk_div2/A (sky130_fd_sc_hd__clkbuf_16)
     2    0.09    0.10    0.21    3.42 ^ clkbuf_0_uart_clk_div/clk_div2/X (sky130_fd_sc_hd__clkbuf_16)
                                         clknet_0_uart_clk_div/clk_div2 (net)
                  0.11    0.00    3.42 ^ clkbuf_1_0__f_uart_clk_div/clk_div2/A (sky130_fd_sc_hd__clkbuf_16)
     3    0.18    0.19    0.25    3.67 ^ clkbuf_1_0__f_uart_clk_div/clk_div2/X (sky130_fd_sc_hd__clkbuf_16)
                                         clknet_1_0__leaf_uart_clk_div/clk_div2 (net)
                  0.20    0.02    3.69 ^ uart_clk_div/_10_/A1 (sky130_fd_sc_hd__mux4_2)
     1    0.01    0.10    0.30    3.99 ^ uart_clk_div/_10_/X (sky130_fd_sc_hd__mux4_2)
                                         clk_s4 (net)
                  0.10    0.00    3.99 ^ clkbuf_0_clk_s4/A (sky130_fd_sc_hd__clkbuf_16)
     8    0.15    0.16    0.24    4.23 ^ clkbuf_0_clk_s4/X (sky130_fd_sc_hd__clkbuf_16)
                                         clknet_0_clk_s4 (net)
                  0.16    0.00    4.24 ^ clkbuf_3_0__f_clk_s4/A (sky130_fd_sc_hd__clkbuf_16)
     8    0.13    0.14    0.25    4.48 ^ clkbuf_3_0__f_clk_s4/X (sky130_fd_sc_hd__clkbuf_16)
                                         clknet_3_0__leaf_clk_s4 (net)
                  0.14    0.00    4.49 ^ clkbuf_leaf_0_clk_s4/A (sky130_fd_sc_hd__clkbuf_16)
     8    0.04    0.06    0.18    4.66 ^ clkbuf_leaf_0_clk_s4/X (sky130_fd_sc_hd__clkbuf_16)
                                         clknet_leaf_0_clk_s4 (net)
                  0.06    0.00    4.67 ^ uart_0/fifo_uart_w/counter_2[0]$_SDFFE_PP0P_/CLK (sky130_fd_sc_hd__dfxtp_1)
    12    0.11    1.03    0.99    5.65 ^ uart_0/fifo_uart_w/counter_2[0]$_SDFFE_PP0P_/Q (sky130_fd_sc_hd__dfxtp_1)
                                         uart_0/fifo_uart_w/counter_2[0] (net)
                  1.03    0.00    5.66 ^ uart_0/fifo_uart_w/_894_/A (sky130_fd_sc_hd__ha_1)
     3    0.02    0.12    0.43    6.09 v uart_0/fifo_uart_w/_894_/SUM (sky130_fd_sc_hd__ha_1)
                                         uart_0/fifo_uart_w/counter_2_gray[0] (net)
                  0.12    0.00    6.09 v uart_0/fifo_uart_w/_449_/A (sky130_fd_sc_hd__xor2_1)
     1    0.01    0.10    0.22    6.31 v uart_0/fifo_uart_w/_449_/X (sky130_fd_sc_hd__xor2_1)
                                         uart_0/fifo_uart_w/_264_ (net)
                  0.10    0.00    6.31 v uart_0/fifo_uart_w/_450_/D (sky130_fd_sc_hd__nor4_4)
     6    0.02    0.41    0.32    6.63 ^ uart_0/fifo_uart_w/_450_/Y (sky130_fd_sc_hd__nor4_4)
                                         uart_0/fifo_uart_w/_265_ (net)
                  0.41    0.00    6.63 ^ uart_0/fifo_uart_w/_872_/A (sky130_fd_sc_hd__and2_1)
     2    0.05    0.45    0.47    7.10 ^ uart_0/fifo_uart_w/_872_/X (sky130_fd_sc_hd__and2_1)
                                         uart_0/fifo_empty (net)
                  0.45    0.00    7.11 ^ uart_0/_335_/A (sky130_fd_sc_hd__inv_1)
    11    0.06    0.30    0.36    7.46 v uart_0/_335_/Y (sky130_fd_sc_hd__inv_1)
                                         uart_0/addr_valid (net)
                  0.30    0.00    7.46 v uart_0/fifo_uart_w/_453_/B1_N (sky130_fd_sc_hd__a21bo_1)
     5    0.05    0.40    0.53    7.99 ^ uart_0/fifo_uart_w/_453_/X (sky130_fd_sc_hd__a21bo_1)
                                         uart_0/fifo_uart_w/_268_ (net)
                  0.40    0.01    8.00 ^ uart_0/fifo_uart_w/_479_/A (sky130_fd_sc_hd__nor3_2)
     1    0.00    0.08    0.09    8.09 v uart_0/fifo_uart_w/_479_/Y (sky130_fd_sc_hd__nor3_2)
                                         uart_0/fifo_data_read[38] (net)
                  0.08    0.00    8.09 v uart_0/uart_0/_0682_/A (sky130_fd_sc_hd__or4_1)
     1    0.02    0.20    0.67    8.76 v uart_0/uart_0/_0682_/X (sky130_fd_sc_hd__or4_1)
                                         uart_0/uart_0/_0192_ (net)
                  0.20    0.00    8.76 v uart_0/uart_0/_0683_/C (sky130_fd_sc_hd__nor3_1)
     1    0.00    0.19    0.21    8.98 ^ uart_0/uart_0/_0683_/Y (sky130_fd_sc_hd__nor3_1)
                                         uart_0/uart_0/_0193_ (net)
                  0.19    0.00    8.98 ^ uart_0/uart_0/place29072/A (sky130_fd_sc_hd__buf_4)
     9    0.06    0.17    0.25    9.22 ^ uart_0/uart_0/place29072/X (sky130_fd_sc_hd__buf_4)
                                         uart_0/uart_0/net29071 (net)
                  0.17    0.01    9.23 ^ uart_0/uart_0/_0686_/C (sky130_fd_sc_hd__and3_1)
    13    0.07    0.70    0.64    9.87 ^ uart_0/uart_0/_0686_/X (sky130_fd_sc_hd__and3_1)
                                         uart_0/uart_0/_0196_ (net)
                  0.70    0.00    9.87 ^ uart_0/uart_0/place28759/A (sky130_fd_sc_hd__buf_4)
    17    0.08    0.23    0.37   10.24 ^ uart_0/uart_0/place28759/X (sky130_fd_sc_hd__buf_4)
                                         uart_0/uart_0/net28758 (net)
                  0.23    0.01   10.25 ^ uart_0/uart_0/_0749_/A2 (sky130_fd_sc_hd__a22oi_1)
     1    0.01    0.11    0.15   10.40 v uart_0/uart_0/_0749_/Y (sky130_fd_sc_hd__a22oi_1)
                                         uart_0/uart_0/_0243_ (net)
                  0.11    0.00   10.40 v uart_0/uart_0/_0750_/B (sky130_fd_sc_hd__nor2_1)
    16    0.09    1.46    1.10   11.50 ^ uart_0/uart_0/_0750_/Y (sky130_fd_sc_hd__nor2_1)
                                         uart_0/data_out[18] (net)
                  1.46    0.01   11.51 ^ uart_0/fifo_uart_r/mem[11][18]$_DFFE_PP_/D (sky130_fd_sc_hd__edfxtp_1)
                                 11.51   data arrival time

                         40.00   40.00   clock clk_s4 (rise edge)
                          0.00   40.00   clock source latency
    23    0.22    0.97    0.73   40.73 ^ clk5 (in)
                                         clk5 (net)
                  1.01    0.00   40.73 ^ uart_clk_gate/_0_/A (sky130_fd_sc_hd__and2_1)
     2    0.19    1.75    1.44   42.17 ^ uart_clk_gate/_0_/X (sky130_fd_sc_hd__and2_1)
                                         clk_s4_gate (net)
                  1.75    0.01   42.18 ^ clkbuf_0_clk_s4_gate/A (sky130_fd_sc_hd__clkbuf_16)
     1    0.01    0.08    0.34   42.52 ^ clkbuf_0_clk_s4_gate/X (sky130_fd_sc_hd__clkbuf_16)
                                         clknet_0_clk_s4_gate (net)
                  0.08    0.00   42.52 ^ clkbuf_1_0__f_clk_s4_gate/A (sky130_fd_sc_hd__clkbuf_16)
     1    0.00    0.03    0.12   42.64 ^ clkbuf_1_0__f_clk_s4_gate/X (sky130_fd_sc_hd__clkbuf_16)
                                         clknet_1_0__leaf_clk_s4_gate (net)
                  0.03    0.00   42.64 ^ uart_clk_div/_10_/A0 (sky130_fd_sc_hd__mux4_2)
     1    0.01    0.08    0.25   42.89 ^ uart_clk_div/_10_/X (sky130_fd_sc_hd__mux4_2)
                                         clk_s4 (net)
                  0.08    0.00   42.89 ^ clkbuf_0_clk_s4/A (sky130_fd_sc_hd__clkbuf_16)
     8    0.15    0.16    0.23   43.12 ^ clkbuf_0_clk_s4/X (sky130_fd_sc_hd__clkbuf_16)
                                         clknet_0_clk_s4 (net)
                  0.16    0.00   43.12 ^ clkbuf_3_4__f_clk_s4/A (sky130_fd_sc_hd__clkbuf_16)
     8    0.12    0.13    0.24   43.36 ^ clkbuf_3_4__f_clk_s4/X (sky130_fd_sc_hd__clkbuf_16)
                                         clknet_3_4__leaf_clk_s4 (net)
                  0.13    0.00   43.36 ^ clkbuf_leaf_14_clk_s4/A (sky130_fd_sc_hd__clkbuf_16)
    12    0.04    0.06    0.17   43.54 ^ clkbuf_leaf_14_clk_s4/X (sky130_fd_sc_hd__clkbuf_16)
                                         clknet_leaf_14_clk_s4 (net)
                  0.06    0.00   43.54 ^ uart_0/fifo_uart_r/mem[11][18]$_DFFE_PP_/CLK (sky130_fd_sc_hd__edfxtp_1)
                         -0.25   43.29   clock uncertainty
                          1.11   44.40   clock reconvergence pessimism
                         -0.40   44.00   library setup time
                                 44.00   data required time
-----------------------------------------------------------------------------
                                 44.00   data required time
                                -11.51   data arrival time
-----------------------------------------------------------------------------
                                 32.49   slack (MET)


Startpoint: uart_clk_div/clk_div[0]$_SDFF_PP0_/Q
            (clock source 'uart_clk_div_clk_div2')
Endpoint: uart_clk_div/clk_div[1]$_SDFF_PP0_
          (rising edge-triggered flip-flop clocked by clk_s4_gate)
Path Group: clk_s4_gate
Path Type: max

Fanout     Cap    Slew   Delay    Time   Description
-----------------------------------------------------------------------------
                         40.00   40.00   clock uart_clk_div_clk_div2 (fall edge)
                          0.00   40.00   clock source latency
    23    0.22    0.97    0.73   40.73 ^ clk5 (in)
                                         clk5 (net)
                  1.01    0.00   40.73 ^ uart_clk_gate/_0_/A (sky130_fd_sc_hd__and2_1)
     2    0.19    1.75    1.44   42.17 ^ uart_clk_gate/_0_/X (sky130_fd_sc_hd__and2_1)
                                         clk_s4_gate (net)
                  1.75    0.01   42.18 ^ clkbuf_regs_4_clk_s4_gate/A (sky130_fd_sc_hd__clkbuf_16)
     1    0.01    0.08    0.34   42.52 ^ clkbuf_regs_4_clk_s4_gate/X (sky130_fd_sc_hd__clkbuf_16)
                                         clk_s4_gate_regs (net)
                  0.08    0.00   42.52 ^ clkbuf_0_clk_s4_gate_regs/A (sky130_fd_sc_hd__clkbuf_16)
     2    0.02    0.05    0.14   42.66 ^ clkbuf_0_clk_s4_gate_regs/X (sky130_fd_sc_hd__clkbuf_16)
                                         clknet_0_clk_s4_gate_regs (net)
                  0.05    0.00   42.66 ^ clkbuf_1_0__f_clk_s4_gate_regs/A (sky130_fd_sc_hd__clkbuf_16)
     2    0.07    0.09    0.16   42.82 ^ clkbuf_1_0__f_clk_s4_gate_regs/X (sky130_fd_sc_hd__clkbuf_16)
                                         clknet_1_0__leaf_clk_s4_gate_regs (net)
                  0.09    0.00   42.83 ^ uart_clk_div/clk_div[0]$_SDFF_PP0_/CLK (sky130_fd_sc_hd__dfxtp_1)
     1    0.01    0.07    0.34   43.17 v uart_clk_div/clk_div[0]$_SDFF_PP0_/Q (sky130_fd_sc_hd__dfxtp_1)
                                         uart_clk_div/clk_div2 (net)
                  0.07    0.00   43.17 v clkbuf_0_uart_clk_div/clk_div2/A (sky130_fd_sc_hd__clkbuf_16)
     2    0.09    0.07    0.19   43.37 v clkbuf_0_uart_clk_div/clk_div2/X (sky130_fd_sc_hd__clkbuf_16)
                                         clknet_0_uart_clk_div/clk_div2 (net)
                  0.07    0.00   43.37 v clkbuf_1_0__f_uart_clk_div/clk_div2/A (sky130_fd_sc_hd__clkbuf_16)
     3    0.18    0.13    0.23   43.59 v clkbuf_1_0__f_uart_clk_div/clk_div2/X (sky130_fd_sc_hd__clkbuf_16)
                                         clknet_1_0__leaf_uart_clk_div/clk_div2 (net)
                  0.14    0.03   43.62 v uart_clk_div/_11_/A (sky130_fd_sc_hd__ha_1)
     1    0.00    0.05    0.32   43.94 ^ uart_clk_div/_11_/SUM (sky130_fd_sc_hd__ha_1)
                                         uart_clk_div/_01_ (net)
                  0.05    0.00   43.94 ^ uart_clk_div/_06_/B_N (sky130_fd_sc_hd__nor2b_1)
    12    0.10    1.87    1.41   45.36 ^ uart_clk_div/_06_/Y (sky130_fd_sc_hd__nor2b_1)
                                         uart_clk_div/_02_ (net)
                  1.87    0.01   45.36 ^ uart_clk_div/clk_div[1]$_SDFF_PP0_/D (sky130_fd_sc_hd__dfxtp_1)
                                 45.36   data arrival time

                         80.00   80.00   clock clk_s4_gate (rise edge)
                          0.00   80.00   clock source latency
    23    0.22    0.97    0.73   80.73 ^ clk5 (in)
                                         clk5 (net)
                  1.01    0.00   80.73 ^ uart_clk_gate/_0_/A (sky130_fd_sc_hd__and2_1)
     2    0.19    1.75    1.44   82.17 ^ uart_clk_gate/_0_/X (sky130_fd_sc_hd__and2_1)
                                         clk_s4_gate (net)
                  1.75    0.01   82.18 ^ clkbuf_regs_4_clk_s4_gate/A (sky130_fd_sc_hd__clkbuf_16)
     1    0.01    0.08    0.34   82.52 ^ clkbuf_regs_4_clk_s4_gate/X (sky130_fd_sc_hd__clkbuf_16)
                                         clk_s4_gate_regs (net)
                  0.08    0.00   82.52 ^ clkbuf_0_clk_s4_gate_regs/A (sky130_fd_sc_hd__clkbuf_16)
     2    0.02    0.05    0.14   82.66 ^ clkbuf_0_clk_s4_gate_regs/X (sky130_fd_sc_hd__clkbuf_16)
                                         clknet_0_clk_s4_gate_regs (net)
                  0.05    0.00   82.66 ^ clkbuf_1_1__f_clk_s4_gate_regs/A (sky130_fd_sc_hd__clkbuf_16)
     2    0.08    0.10    0.17   82.83 ^ clkbuf_1_1__f_clk_s4_gate_regs/X (sky130_fd_sc_hd__clkbuf_16)
                                         clknet_1_1__leaf_clk_s4_gate_regs (net)
                  0.10    0.02   82.84 ^ uart_clk_div/clk_div[1]$_SDFF_PP0_/CLK (sky130_fd_sc_hd__dfxtp_1)
                         -0.25   82.59   clock uncertainty
                          0.00   82.59   clock reconvergence pessimism
                         -0.25   82.34   library setup time
                                 82.34   data required time
-----------------------------------------------------------------------------
                                 82.34   data required time
                                -45.36   data arrival time
-----------------------------------------------------------------------------
                                 36.98   slack (MET)


Startpoint: dot_0/fifo_timer_r/counter_1[2]$_SDFFE_PP0P_
            (rising edge-triggered flip-flop clocked by clk_s5)
Endpoint: dot_0/fifo_timer_r/mem[4][4]$_DFFE_PP_
          (rising edge-triggered flip-flop clocked by clk_s5)
Path Group: clk_s5
Path Type: max

Fanout     Cap    Slew   Delay    Time   Description
-----------------------------------------------------------------------------
                          0.00    0.00   clock clk_s5 (rise edge)
                          0.00    0.00   clock source latency
    49    0.24    1.05    0.74    0.74 ^ clk3 (in)
                                         clk3 (net)
                  1.05    0.00    0.74 ^ dot_clk_gate/_0_/A (sky130_fd_sc_hd__and2_1)
     2    0.13    1.21    1.06    1.80 ^ dot_clk_gate/_0_/X (sky130_fd_sc_hd__and2_1)
                                         clk_s5_gate (net)
                  1.21    0.00    1.81 ^ clkbuf_regs_3_clk_s5_gate/A (sky130_fd_sc_hd__clkbuf_16)
     1    0.01    0.06    0.30    2.11 ^ clkbuf_regs_3_clk_s5_gate/X (sky130_fd_sc_hd__clkbuf_16)
                                         clk_s5_gate_regs (net)
                  0.06    0.00    2.11 ^ clkbuf_0_clk_s5_gate_regs/A (sky130_fd_sc_hd__clkbuf_16)
     2    0.03    0.05    0.14    2.24 ^ clkbuf_0_clk_s5_gate_regs/X (sky130_fd_sc_hd__clkbuf_16)
                                         clknet_0_clk_s5_gate_regs (net)
                  0.05    0.00    2.25 ^ clkbuf_1_1__f_clk_s5_gate_regs/A (sky130_fd_sc_hd__clkbuf_16)
     2    0.06    0.08    0.15    2.40 ^ clkbuf_1_1__f_clk_s5_gate_regs/X (sky130_fd_sc_hd__clkbuf_16)
                                         clknet_1_1__leaf_clk_s5_gate_regs (net)
                  0.08    0.01    2.41 ^ dot_clk_div/clk_div[0]$_SDFF_PP0_/CLK (sky130_fd_sc_hd__dfxtp_1)
     1    0.01    0.11    0.37    2.78 ^ dot_clk_div/clk_div[0]$_SDFF_PP0_/Q (sky130_fd_sc_hd__dfxtp_1)
                                         dot_clk_div/clk_div2 (net)
                  0.11    0.00    2.78 ^ clkbuf_0_dot_clk_div/clk_div2/A (sky130_fd_sc_hd__clkbuf_16)
     2    0.07    0.09    0.19    2.97 ^ clkbuf_0_dot_clk_div/clk_div2/X (sky130_fd_sc_hd__clkbuf_16)
                                         clknet_0_dot_clk_div/clk_div2 (net)
                  0.09    0.00    2.97 ^ clkbuf_1_0__f_dot_clk_div/clk_div2/A (sky130_fd_sc_hd__clkbuf_16)
     2    0.11    0.12    0.20    3.17 ^ clkbuf_1_0__f_dot_clk_div/clk_div2/X (sky130_fd_sc_hd__clkbuf_16)
                                         clknet_1_0__leaf_dot_clk_div/clk_div2 (net)
                  0.12    0.00    3.17 ^ dot_clk_div/_10_/A1 (sky130_fd_sc_hd__mux4_2)
     1    0.01    0.10    0.29    3.46 ^ dot_clk_div/_10_/X (sky130_fd_sc_hd__mux4_2)
                                         clk_s5 (net)
                  0.10    0.00    3.46 ^ clkbuf_0_clk_s5/A (sky130_fd_sc_hd__clkbuf_16)
     4    0.16    0.17    0.25    3.71 ^ clkbuf_0_clk_s5/X (sky130_fd_sc_hd__clkbuf_16)
                                         clknet_0_clk_s5 (net)
                  0.18    0.01    3.72 ^ clkbuf_2_3_0_clk_s5/A (sky130_fd_sc_hd__clkbuf_16)
     2    0.06    0.08    0.20    3.92 ^ clkbuf_2_3_0_clk_s5/X (sky130_fd_sc_hd__clkbuf_16)
                                         clknet_2_3_0_clk_s5 (net)
                  0.08    0.00    3.92 ^ clkbuf_3_6__f_clk_s5/A (sky130_fd_sc_hd__clkbuf_16)
     7    0.09    0.11    0.19    4.11 ^ clkbuf_3_6__f_clk_s5/X (sky130_fd_sc_hd__clkbuf_16)
                                         clknet_3_6__leaf_clk_s5 (net)
                  0.11    0.00    4.11 ^ clkbuf_leaf_36_clk_s5/A (sky130_fd_sc_hd__clkbuf_16)
     9    0.04    0.06    0.17    4.28 ^ clkbuf_leaf_36_clk_s5/X (sky130_fd_sc_hd__clkbuf_16)
                                         clknet_leaf_36_clk_s5 (net)
                  0.06    0.00    4.28 ^ dot_0/fifo_timer_r/counter_1[2]$_SDFFE_PP0P_/CLK (sky130_fd_sc_hd__dfxtp_2)
     3    0.01    0.07    0.35    4.63 ^ dot_0/fifo_timer_r/counter_1[2]$_SDFFE_PP0P_/Q (sky130_fd_sc_hd__dfxtp_2)
                                         dot_0/fifo_timer_r/counter_1[2] (net)
                  0.07    0.00    4.63 ^ dot_0/fifo_timer_r/_659_/A (sky130_fd_sc_hd__inv_2)
     2    0.01    0.04    0.06    4.69 v dot_0/fifo_timer_r/_659_/Y (sky130_fd_sc_hd__inv_2)
                                         dot_0/fifo_timer_r/_002_ (net)
                  0.04    0.00    4.69 v dot_0/fifo_timer_r/_744_/A (sky130_fd_sc_hd__ha_4)
     2    0.01    0.04    0.24    4.93 v dot_0/fifo_timer_r/_744_/SUM (sky130_fd_sc_hd__ha_4)
                                         dot_0/fifo_timer_r/counter_1_gray[2] (net)
                  0.04    0.00    4.93 v dot_0/fifo_timer_r/_653_/B (sky130_fd_sc_hd__xor2_1)
     1    0.00    0.05    0.14    5.07 v dot_0/fifo_timer_r/_653_/X (sky130_fd_sc_hd__xor2_1)
                                         dot_0/fifo_timer_r/_327_ (net)
                  0.05    0.00    5.07 v dot_0/fifo_timer_r/place30626/A (sky130_fd_sc_hd__buf_4)
     1    0.01    0.03    0.14    5.21 v dot_0/fifo_timer_r/place30626/X (sky130_fd_sc_hd__buf_4)
                                         dot_0/fifo_timer_r/net30625 (net)
                  0.03    0.00    5.21 v dot_0/fifo_timer_r/_654_/B (sky130_fd_sc_hd__nor4_4)
     2    0.01    0.25    0.29    5.50 ^ dot_0/fifo_timer_r/_654_/Y (sky130_fd_sc_hd__nor4_4)
                                         dot_0/fifo_timer_r/_328_ (net)
                  0.25    0.00    5.50 ^ dot_0/fifo_timer_r/_730_/B (sky130_fd_sc_hd__and2_4)
     1    0.17    0.48    0.50    6.00 ^ dot_0/fifo_timer_r/_730_/X (sky130_fd_sc_hd__and2_4)
                                         dot_0/fifo_full (net)
                  0.49    0.04    6.03 ^ dot_0/_416_/A (sky130_fd_sc_hd__nor3_4)
     1    0.01    0.10    0.10    6.13 v dot_0/_416_/Y (sky130_fd_sc_hd__nor3_4)
                                         dot_0/r_en_1 (net)
                  0.10    0.00    6.13 v dot_0/place30147/A (sky130_fd_sc_hd__buf_12)
     4    0.05    0.04    0.16    6.30 v dot_0/place30147/X (sky130_fd_sc_hd__buf_12)
                                         dot_0/net30146 (net)
                  0.04    0.01    6.31 v dot_0/fifo_timer_w2/_386_/B1_N (sky130_fd_sc_hd__a21bo_4)
     4    0.06    0.20    0.29    6.60 ^ dot_0/fifo_timer_w2/_386_/X (sky130_fd_sc_hd__a21bo_4)
                                         dot_0/fifo_timer_w2/_096_ (net)
                  0.20    0.00    6.60 ^ dot_0/fifo_timer_w2/rebuffer36362/A (sky130_fd_sc_hd__buf_6)
     2    0.02    0.05    0.15    6.74 ^ dot_0/fifo_timer_w2/rebuffer36362/X (sky130_fd_sc_hd__buf_6)
                                         dot_0/fifo_timer_w2/net36361 (net)
                  0.05    0.00    6.75 ^ dot_0/fifo_timer_w2/place29963/A (sky130_fd_sc_hd__buf_12)
    10    0.08    0.10    0.15    6.89 ^ dot_0/fifo_timer_w2/place29963/X (sky130_fd_sc_hd__buf_12)
                                         dot_0/fifo_timer_w2/net29962 (net)
                  0.10    0.00    6.90 ^ dot_0/fifo_timer_w2/_448_/A (sky130_fd_sc_hd__nor3_2)
     1    0.01    0.08    0.08    6.97 v dot_0/fifo_timer_w2/_448_/Y (sky130_fd_sc_hd__nor3_2)
                                         dot_0/fifo_data_read_2[25] (net)
                  0.08    0.00    6.97 v dot_0/fp4_dot_0/fp4_6/place29718/A (sky130_fd_sc_hd__buf_4)
     2    0.01    0.03    0.16    7.13 v dot_0/fp4_dot_0/fp4_6/place29718/X (sky130_fd_sc_hd__buf_4)
                                         dot_0/fp4_dot_0/fp4_6/net29717 (net)
                  0.03    0.00    7.13 v dot_0/fp4_dot_0/fp4_6/_42_/A (sky130_fd_sc_hd__inv_1)
     1    0.01    0.05    0.06    7.19 ^ dot_0/fp4_dot_0/fp4_6/_42_/Y (sky130_fd_sc_hd__inv_1)
                                         dot_0/fp4_dot_0/fp4_6/_13_ (net)
                  0.05    0.00    7.19 ^ dot_0/fp4_dot_0/fp4_6/_80_/A (sky130_fd_sc_hd__ha_1)
     2    0.01    0.09    0.17    7.36 ^ dot_0/fp4_dot_0/fp4_6/_80_/COUT (sky130_fd_sc_hd__ha_1)
                                         dot_0/fp4_dot_0/fp4_6/_15_ (net)
                  0.09    0.00    7.36 ^ dot_0/fp4_dot_0/fp4_6/_43_/B (sky130_fd_sc_hd__nor2_1)
     1    0.00    0.04    0.05    7.41 v dot_0/fp4_dot_0/fp4_6/_43_/Y (sky130_fd_sc_hd__nor2_1)
                                         dot_0/fp4_dot_0/fp4_6/expb[0] (net)
                  0.04    0.00    7.41 v dot_0/fp4_dot_0/fp4_6/_83_/B (sky130_fd_sc_hd__ha_1)
     1    0.01    0.06    0.19    7.60 v dot_0/fp4_dot_0/fp4_6/_83_/COUT (sky130_fd_sc_hd__ha_1)
                                         dot_0/fp4_dot_0/fp4_6/_33_ (net)
                  0.06    0.00    7.60 v dot_0/fp4_dot_0/fp4_6/_75_/CIN (sky130_fd_sc_hd__fa_1)
     2    0.01    0.09    0.51    8.11 ^ dot_0/fp4_dot_0/fp4_6/_75_/SUM (sky130_fd_sc_hd__fa_1)
                                         dot_0/fp4_dot_0/fp4_6/sum1[1] (net)
                  0.09    0.00    8.11 ^ dot_0/fp4_dot_0/fp4_6/_46_/A (sky130_fd_sc_hd__inv_1)
     1    0.00    0.03    0.05    8.17 v dot_0/fp4_dot_0/fp4_6/_46_/Y (sky130_fd_sc_hd__inv_1)
                                         dot_0/fp4_dot_0/fp4_6/_08_ (net)
                  0.03    0.00    8.17 v dot_0/fp4_dot_0/fp4_6/_78_/B (sky130_fd_sc_hd__ha_1)
     1    0.01    0.07    0.20    8.37 v dot_0/fp4_dot_0/fp4_6/_78_/COUT (sky130_fd_sc_hd__ha_1)
                                         dot_0/fp4_dot_0/fp4_6/_09_ (net)
                  0.07    0.00    8.37 v dot_0/fp4_dot_0/fp4_6/_44_/B (sky130_fd_sc_hd__xnor2_1)
     1    0.01    0.17    0.17    8.54 ^ dot_0/fp4_dot_0/fp4_6/_44_/Y (sky130_fd_sc_hd__xnor2_1)
                                         dot_0/fp4_dot_0/fp4_6/_22_ (net)
                  0.17    0.00    8.54 ^ dot_0/fp4_dot_0/fp4_6/_45_/B (sky130_fd_sc_hd__nor2_1)
     1    0.01    0.12    0.08    8.62 v dot_0/fp4_dot_0/fp4_6/_45_/Y (sky130_fd_sc_hd__nor2_1)
                                         dot_0/fp4_dot_0/fp4_6/sum2[2] (net)
                  0.12    0.00    8.62 v dot_0/fp4_dot_0/fp4_6/_79_/B (sky130_fd_sc_hd__ha_1)
     3    0.02    0.13    0.38    9.01 v dot_0/fp4_dot_0/fp4_6/_79_/SUM (sky130_fd_sc_hd__ha_1)
                                         dot_0/fp4_dot_0/fp4_6/_12_ (net)
                  0.13    0.00    9.01 v dot_0/fp4_dot_0/fp4_6/_50_/A1 (sky130_fd_sc_hd__a21oi_2)
     1    0.00    0.10    0.16    9.16 ^ dot_0/fp4_dot_0/fp4_6/_50_/Y (sky130_fd_sc_hd__a21oi_2)
                                         dot_0/fp4_dot_0/fp4_6/_24_ (net)
                  0.10    0.00    9.16 ^ dot_0/fp4_dot_0/fp4_6/_51_/B (sky130_fd_sc_hd__nand2_1)
     1    0.01    0.06    0.08    9.25 v dot_0/fp4_dot_0/fp4_6/_51_/Y (sky130_fd_sc_hd__nand2_1)
                                         dot_0/fp4_dot_0/fp4_6/_25_ (net)
                  0.06    0.00    9.25 v dot_0/fp4_dot_0/fp4_6/_56_/C (sky130_fd_sc_hd__xnor3_2)
     2    0.02    0.13    0.28    9.53 ^ dot_0/fp4_dot_0/fp4_6/_56_/X (sky130_fd_sc_hd__xnor3_2)
                                         dot_0/fp4_dot_0/y_6[6] (net)
                  0.13    0.00    9.53 ^ dot_0/fp4_dot_0/add3/_0811_/B (sky130_fd_sc_hd__nor2_4)
     2    0.01    0.06    0.05    9.58 v dot_0/fp4_dot_0/add3/_0811_/Y (sky130_fd_sc_hd__nor2_4)
                                         dot_0/fp4_dot_0/add3/_0236_ (net)
                  0.06    0.00    9.58 v dot_0/fp4_dot_0/add3/_0812_/A1 (sky130_fd_sc_hd__a21oi_2)
     2    0.01    0.15    0.17    9.75 ^ dot_0/fp4_dot_0/add3/_0812_/Y (sky130_fd_sc_hd__a21oi_2)
                                         dot_0/fp4_dot_0/add3/_0054_ (net)
                  0.15    0.00    9.75 ^ dot_0/fp4_dot_0/add3/_0813_/A (sky130_fd_sc_hd__inv_1)
     2    0.01    0.07    0.10    9.85 v dot_0/fp4_dot_0/add3/_0813_/Y (sky130_fd_sc_hd__inv_1)
                                         dot_0/fp4_dot_0/add3/exp_a[0] (net)
                  0.07    0.00    9.85 v dot_0/fp4_dot_0/add3/_1370_/A (sky130_fd_sc_hd__ha_2)
     2    0.01    0.06    0.22   10.06 v dot_0/fp4_dot_0/add3/_1370_/COUT (sky130_fd_sc_hd__ha_2)
                                         dot_0/fp4_dot_0/add3/_0018_ (net)
                  0.06    0.00   10.06 v dot_0/fp4_dot_0/add3/_1357_/CIN (sky130_fd_sc_hd__fa_2)
     2    0.01    0.08    0.36   10.42 v dot_0/fp4_dot_0/add3/_1357_/COUT (sky130_fd_sc_hd__fa_2)
                                         dot_0/fp4_dot_0/add3/_0019_ (net)
                  0.08    0.00   10.42 v dot_0/fp4_dot_0/add3/_0858_/A (sky130_fd_sc_hd__nor2b_1)
     1    0.00    0.12    0.14   10.57 ^ dot_0/fp4_dot_0/add3/_0858_/Y (sky130_fd_sc_hd__nor2b_1)
                                         dot_0/fp4_dot_0/add3/_0273_ (net)
                  0.12    0.00   10.57 ^ dot_0/fp4_dot_0/add3/_0859_/A2 (sky130_fd_sc_hd__o21ai_1)
     2    0.01    0.09    0.11   10.67 v dot_0/fp4_dot_0/add3/_0859_/Y (sky130_fd_sc_hd__o21ai_1)
                                         dot_0/fp4_dot_0/add3/_0274_ (net)
                  0.09    0.00   10.68 v dot_0/fp4_dot_0/add3/_0861_/A2 (sky130_fd_sc_hd__a211oi_2)
     1    0.01    0.19    0.25   10.93 ^ dot_0/fp4_dot_0/add3/_0861_/Y (sky130_fd_sc_hd__a211oi_2)
                                         dot_0/fp4_dot_0/add3/_0276_ (net)
                  0.19    0.00   10.93 ^ dot_0/fp4_dot_0/add3/place25474/A (sky130_fd_sc_hd__buf_4)
     3    0.02    0.07    0.18   11.11 ^ dot_0/fp4_dot_0/add3/place25474/X (sky130_fd_sc_hd__buf_4)
                                         dot_0/fp4_dot_0/add3/net25473 (net)
                  0.07    0.00   11.11 ^ dot_0/fp4_dot_0/add3/_0865_/B (sky130_fd_sc_hd__nand2_1)
     2    0.01    0.11    0.12   11.22 v dot_0/fp4_dot_0/add3/_0865_/Y (sky130_fd_sc_hd__nand2_1)
                                         dot_0/fp4_dot_0/add3/_0088_ (net)
                  0.11    0.00   11.22 v dot_0/fp4_dot_0/add3/_1381_/A (sky130_fd_sc_hd__ha_4)
     2    0.02    0.04    0.20   11.42 v dot_0/fp4_dot_0/add3/_1381_/COUT (sky130_fd_sc_hd__ha_4)
                                         dot_0/fp4_dot_0/add3/_0090_ (net)
                  0.04    0.00   11.43 v dot_0/fp4_dot_0/add3/_1251_/A (sky130_fd_sc_hd__nor3_4)
     2    0.01    0.19    0.22   11.65 ^ dot_0/fp4_dot_0/add3/_1251_/Y (sky130_fd_sc_hd__nor3_4)
                                         dot_0/fp4_dot_0/add3/_0629_ (net)
                  0.19    0.00   11.65 ^ dot_0/fp4_dot_0/add3/_1253_/A2 (sky130_fd_sc_hd__o31ai_2)
     1    0.01    0.10    0.10   11.75 v dot_0/fp4_dot_0/add3/_1253_/Y (sky130_fd_sc_hd__o31ai_2)
                                         dot_0/fp4_dot_0/add3/_0631_ (net)
                  0.10    0.00   11.75 v dot_0/fp4_dot_0/add3/_1254_/D1 (sky130_fd_sc_hd__a2111oi_2)
     1    0.01    0.31    0.26   12.01 ^ dot_0/fp4_dot_0/add3/_1254_/Y (sky130_fd_sc_hd__a2111oi_2)
                                         dot_0/fp4_dot_0/add3/_0632_ (net)
                  0.31    0.00   12.01 ^ dot_0/fp4_dot_0/add3/place25328/A (sky130_fd_sc_hd__buf_4)
     3    0.02    0.08    0.21   12.22 ^ dot_0/fp4_dot_0/add3/place25328/X (sky130_fd_sc_hd__buf_4)
                                         dot_0/fp4_dot_0/add3/net25327 (net)
                  0.08    0.00   12.22 ^ dot_0/fp4_dot_0/add3/_1256_/A1 (sky130_fd_sc_hd__a21o_1)
     3    0.01    0.12    0.17   12.39 ^ dot_0/fp4_dot_0/add3/_1256_/X (sky130_fd_sc_hd__a21o_1)
                                         dot_0/fp4_dot_0/add3/_0634_ (net)
                  0.12    0.00   12.39 ^ dot_0/fp4_dot_0/add3/_1257_/A2 (sky130_fd_sc_hd__o21ai_1)
     1    0.01    0.06    0.09   12.48 v dot_0/fp4_dot_0/add3/_1257_/Y (sky130_fd_sc_hd__o21ai_1)
                                         dot_0/fp4_dot_0/add3/_0635_ (net)
                  0.06    0.00   12.48 v dot_0/fp4_dot_0/add3/_1259_/A2 (sky130_fd_sc_hd__a221o_1)
     1    0.00    0.06    0.36   12.83 v dot_0/fp4_dot_0/add3/_1259_/X (sky130_fd_sc_hd__a221o_1)
                                         dot_0/fp4_dot_0/add3/_0637_ (net)
                  0.06    0.00   12.83 v dot_0/fp4_dot_0/add3/_1272_/A1 (sky130_fd_sc_hd__a31oi_1)
     1    0.01    0.20    0.19   13.02 ^ dot_0/fp4_dot_0/add3/_1272_/Y (sky130_fd_sc_hd__a31oi_1)
                                         dot_0/fp4_dot_0/add3/_0650_ (net)
                  0.20    0.00   13.02 ^ dot_0/fp4_dot_0/add3/_1273_/B1 (sky130_fd_sc_hd__a31oi_1)
     1    0.01    0.09    0.09   13.12 v dot_0/fp4_dot_0/add3/_1273_/Y (sky130_fd_sc_hd__a31oi_1)
                                         dot_0/fp4_dot_0/add3/_0651_ (net)
                  0.09    0.00   13.12 v dot_0/fp4_dot_0/add3/_1275_/A1 (sky130_fd_sc_hd__o21ai_2)
     1    0.01    0.19    0.22   13.34 ^ dot_0/fp4_dot_0/add3/_1275_/Y (sky130_fd_sc_hd__o21ai_2)
                                         dot_0/fp4_dot_0/add3/_0653_ (net)
                  0.19    0.00   13.34 ^ dot_0/fp4_dot_0/add3/_1276_/B (sky130_fd_sc_hd__xnor2_2)
     1    0.01    0.10    0.10   13.44 v dot_0/fp4_dot_0/add3/_1276_/Y (sky130_fd_sc_hd__xnor2_2)
                                         dot_0/fp4_dot_0/add3/_0009_ (net)
                  0.10    0.00   13.44 v dot_0/fp4_dot_0/add3/_1355_/A (sky130_fd_sc_hd__fa_2)
     2    0.02    0.11    0.47   13.91 v dot_0/fp4_dot_0/add3/_1355_/COUT (sky130_fd_sc_hd__fa_2)
                                         dot_0/fp4_dot_0/add3/_0003_ (net)
                  0.11    0.00   13.91 v dot_0/fp4_dot_0/add3/_1354_/CIN (sky130_fd_sc_hd__fa_2)
     2    0.01    0.08    0.39   14.30 v dot_0/fp4_dot_0/add3/_1354_/COUT (sky130_fd_sc_hd__fa_2)
                                         dot_0/fp4_dot_0/add3/_0006_ (net)
                  0.08    0.00   14.30 v dot_0/fp4_dot_0/add3/place25179/A (sky130_fd_sc_hd__buf_4)
     2    0.01    0.04    0.16   14.46 v dot_0/fp4_dot_0/add3/place25179/X (sky130_fd_sc_hd__buf_4)
                                         dot_0/fp4_dot_0/add3/net25178 (net)
                  0.04    0.00   14.46 v dot_0/fp4_dot_0/add3/_0745_/A2 (sky130_fd_sc_hd__a211oi_4)
     2    0.02    0.29    0.32   14.78 ^ dot_0/fp4_dot_0/add3/_0745_/Y (sky130_fd_sc_hd__a211oi_4)
                                         dot_0/fp4_dot_0/add3/_0173_ (net)
                  0.29    0.00   14.78 ^ dot_0/fp4_dot_0/add3/place25161/A (sky130_fd_sc_hd__buf_6)
     2    0.01    0.04    0.16   14.94 ^ dot_0/fp4_dot_0/add3/place25161/X (sky130_fd_sc_hd__buf_6)
                                         dot_0/fp4_dot_0/add3/net25160 (net)
                  0.04    0.00   14.94 ^ dot_0/fp4_dot_0/add3/_0749_/A2 (sky130_fd_sc_hd__o31ai_2)
     2    0.02    0.12    0.10   15.04 v dot_0/fp4_dot_0/add3/_0749_/Y (sky130_fd_sc_hd__o31ai_2)
                                         dot_0/fp4_dot_0/add3/_0177_ (net)
                  0.12    0.00   15.04 v dot_0/fp4_dot_0/add3/_0750_/B (sky130_fd_sc_hd__xnor2_2)
     5    0.03    0.43    0.38   15.42 ^ dot_0/fp4_dot_0/add3/_0750_/Y (sky130_fd_sc_hd__xnor2_2)
                                         dot_0/fp4_dot_0/add3/_0178_ (net)
                  0.43    0.00   15.42 ^ dot_0/fp4_dot_0/add3/_0781_/C (sky130_fd_sc_hd__nor3_4)
     3    0.02    0.10    0.09   15.52 v dot_0/fp4_dot_0/add3/_0781_/Y (sky130_fd_sc_hd__nor3_4)
                                         dot_0/fp4_dot_0/add3/_0209_ (net)
                  0.10    0.00   15.52 v dot_0/fp4_dot_0/add3/_0804_/A1 (sky130_fd_sc_hd__a31o_1)
     1    0.00    0.04    0.19   15.71 v dot_0/fp4_dot_0/add3/_0804_/X (sky130_fd_sc_hd__a31o_1)
                                         dot_0/fp4_dot_0/add3/_0232_ (net)
                  0.04    0.00   15.71 v dot_0/fp4_dot_0/add3/_0805_/B1 (sky130_fd_sc_hd__a21o_1)
     2    0.01    0.08    0.19   15.90 v dot_0/fp4_dot_0/add3/_0805_/X (sky130_fd_sc_hd__a21o_1)
                                         dot_0/fp4_dot_0/add3/_0233_ (net)
                  0.08    0.00   15.90 v dot_0/fp4_dot_0/add3/_1379_/A (sky130_fd_sc_hd__ha_2)
     2    0.01    0.05    0.21   16.11 v dot_0/fp4_dot_0/add3/_1379_/COUT (sky130_fd_sc_hd__ha_2)
                                         dot_0/fp4_dot_0/add3/_0085_ (net)
                  0.05    0.00   16.11 v dot_0/fp4_dot_0/add3/_0869_/A (sky130_fd_sc_hd__inv_1)
     1    0.01    0.08    0.09   16.20 ^ dot_0/fp4_dot_0/add3/_0869_/Y (sky130_fd_sc_hd__inv_1)
                                         dot_0/fp4_dot_0/add3/_0012_ (net)
                  0.08    0.00   16.20 ^ dot_0/fp4_dot_0/add3/_1356_/CIN (sky130_fd_sc_hd__fa_2)
     2    0.02    0.11    0.48   16.68 v dot_0/fp4_dot_0/add3/_1356_/SUM (sky130_fd_sc_hd__fa_2)
                                         dot_0/fp4_dot_0/add3/_0016_ (net)
                  0.11    0.00   16.68 v dot_0/fp4_dot_0/add3/_0884_/A (sky130_fd_sc_hd__nor2b_2)
     1    0.01    0.10    0.15   16.82 ^ dot_0/fp4_dot_0/add3/_0884_/Y (sky130_fd_sc_hd__nor2b_2)
                                         dot_0/fp4_dot_0/add3/_0293_ (net)
                  0.10    0.00   16.82 ^ dot_0/fp4_dot_0/add3/_0886_/D1 (sky130_fd_sc_hd__o2111a_1)
     2    0.01    0.10    0.21   17.04 ^ dot_0/fp4_dot_0/add3/_0886_/X (sky130_fd_sc_hd__o2111a_1)
                                         dot_0/fp4_dot_0/add3/_0295_ (net)
                  0.10    0.00   17.04 ^ dot_0/fp4_dot_0/add3/_0892_/A1 (sky130_fd_sc_hd__a31o_1)
     3    0.02    0.19    0.25   17.29 ^ dot_0/fp4_dot_0/add3/_0892_/X (sky130_fd_sc_hd__a31o_1)
                                         dot_0/fp4_dot_0/add3/_0301_ (net)
                  0.19    0.00   17.29 ^ dot_0/fp4_dot_0/add3/_0893_/B1 (sky130_fd_sc_hd__a21oi_2)
     1    0.01    0.07    0.08   17.37 v dot_0/fp4_dot_0/add3/_0893_/Y (sky130_fd_sc_hd__a21oi_2)
                                         dot_0/fp4_dot_0/add3/_0302_ (net)
                  0.07    0.00   17.37 v dot_0/fp4_dot_0/add3/place24771/A (sky130_fd_sc_hd__buf_12)
     5    0.03    0.03    0.14   17.51 v dot_0/fp4_dot_0/add3/place24771/X (sky130_fd_sc_hd__buf_12)
                                         dot_0/fp4_dot_0/add3/net24770 (net)
                  0.03    0.00   17.51 v dot_0/fp4_dot_0/add3/_0966_/A2 (sky130_fd_sc_hd__a31oi_2)
     1    0.01    0.16    0.18   17.69 ^ dot_0/fp4_dot_0/add3/_0966_/Y (sky130_fd_sc_hd__a31oi_2)
                                         dot_0/fp4_dot_0/add3/_0369_ (net)
                  0.16    0.00   17.69 ^ dot_0/fp4_dot_0/add3/place24714/A (sky130_fd_sc_hd__buf_6)
     5    0.04    0.10    0.17   17.86 ^ dot_0/fp4_dot_0/add3/place24714/X (sky130_fd_sc_hd__buf_6)
                                         dot_0/fp4_dot_0/add3/net24713 (net)
                  0.10    0.00   17.87 ^ dot_0/fp4_dot_0/add3/_0967_/S (sky130_fd_sc_hd__mux2i_2)
     2    0.01    0.19    0.25   18.12 ^ dot_0/fp4_dot_0/add3/_0967_/Y (sky130_fd_sc_hd__mux2i_2)
                                         dot_0/fp4_dot_0/add3/_0370_ (net)
                  0.19    0.00   18.12 ^ dot_0/fp4_dot_0/add3/_1138_/A2 (sky130_fd_sc_hd__a211o_1)
     1    0.02    0.18    0.25   18.37 ^ dot_0/fp4_dot_0/add3/_1138_/X (sky130_fd_sc_hd__a211o_1)
                                         dot_0/fp4_dot_0/add3/_0533_ (net)
                  0.18    0.00   18.37 ^ dot_0/fp4_dot_0/add3/_1144_/A3 (sky130_fd_sc_hd__a31oi_4)
     2    0.01    0.11    0.11   18.48 v dot_0/fp4_dot_0/add3/_1144_/Y (sky130_fd_sc_hd__a31oi_4)
                                         dot_0/fp4_dot_0/add3/_0000_ (net)
                  0.11    0.00   18.48 v dot_0/fp4_dot_0/add3/_1334_/B1 (sky130_fd_sc_hd__a21oi_2)
     1    0.01    0.12    0.14   18.63 ^ dot_0/fp4_dot_0/add3/_1334_/Y (sky130_fd_sc_hd__a21oi_2)
                                         dot_0/fp4_dot_0/add3/_0694_ (net)
                  0.12    0.00   18.63 ^ dot_0/fp4_dot_0/add3/_1344_/A3 (sky130_fd_sc_hd__a32oi_2)
     1    0.01    0.11    0.14   18.77 v dot_0/fp4_dot_0/add3/_1344_/Y (sky130_fd_sc_hd__a32oi_2)
                                         dot_0/fp4_dot_0/add3/_0002_ (net)
                  0.11    0.00   18.77 v dot_0/fp4_dot_0/add3/place24618/A (sky130_fd_sc_hd__buf_4)
     1    0.01    0.03    0.16   18.93 v dot_0/fp4_dot_0/add3/place24618/X (sky130_fd_sc_hd__buf_4)
                                         dot_0/fp4_dot_0/add3/net24617 (net)
                  0.03    0.00   18.93 v dot_0/fp4_dot_0/add3/_1402_/B (sky130_fd_sc_hd__ha_1)
     1    0.01    0.05    0.18   19.11 v dot_0/fp4_dot_0/add3/_1402_/COUT (sky130_fd_sc_hd__ha_1)
                                         dot_0/fp4_dot_0/add3/_0711_ (net)
                  0.05    0.00   19.11 v dot_0/fp4_dot_0/add3/_1387_/A (sky130_fd_sc_hd__ha_2)
     3    0.01    0.06    0.21   19.32 v dot_0/fp4_dot_0/add3/_1387_/COUT (sky130_fd_sc_hd__ha_2)
                                         dot_0/fp4_dot_0/add3/_0103_ (net)
                  0.06    0.00   19.32 v dot_0/fp4_dot_0/add3/_0914_/A (sky130_fd_sc_hd__and4_1)
     2    0.01    0.07    0.19   19.50 v dot_0/fp4_dot_0/add3/_0914_/X (sky130_fd_sc_hd__and4_1)
                                         dot_0/fp4_dot_0/add3/_0322_ (net)
                  0.07    0.00   19.50 v dot_0/fp4_dot_0/add3/_1056_/B (sky130_fd_sc_hd__nor3b_2)
     1    0.01    0.18    0.21   19.71 ^ dot_0/fp4_dot_0/add3/_1056_/Y (sky130_fd_sc_hd__nor3b_2)
                                         dot_0/fp4_dot_0/add3/_0459_ (net)
                  0.18    0.00   19.71 ^ dot_0/fp4_dot_0/add3/_1057_/B (sky130_fd_sc_hd__nand4_2)
     3    0.02    0.21    0.23   19.94 v dot_0/fp4_dot_0/add3/_1057_/Y (sky130_fd_sc_hd__nand4_2)
                                         dot_0/fp4_dot_0/add3/_0460_ (net)
                  0.21    0.00   19.94 v dot_0/fp4_dot_0/add3/_1058_/A (sky130_fd_sc_hd__nand3_4)
     2    0.02    0.10    0.15   20.10 ^ dot_0/fp4_dot_0/add3/_1058_/Y (sky130_fd_sc_hd__nand3_4)
                                         dot_0/fp4_dot_0/add3/_0461_ (net)
                  0.10    0.00   20.10 ^ dot_0/fp4_dot_0/add3/_1066_/A3 (sky130_fd_sc_hd__a31oi_4)
     1    0.01    0.13    0.12   20.21 v dot_0/fp4_dot_0/add3/_1066_/Y (sky130_fd_sc_hd__a31oi_4)
                                         dot_0/fp4_dot_0/add_3[6] (net)
                  0.13    0.00   20.21 v dot_0/fp4_dot_0/add5/place24566/A (sky130_fd_sc_hd__buf_12)
     2    0.04    0.04    0.17   20.38 v dot_0/fp4_dot_0/add5/place24566/X (sky130_fd_sc_hd__buf_12)
                                         dot_0/fp4_dot_0/add5/net24565 (net)
                  0.04    0.01   20.39 v dot_0/fp4_dot_0/add5/_0734_/A (sky130_fd_sc_hd__inv_2)
     2    0.02    0.08    0.08   20.47 ^ dot_0/fp4_dot_0/add5/_0734_/Y (sky130_fd_sc_hd__inv_2)
                                         dot_0/fp4_dot_0/add5/_0139_ (net)
                  0.08    0.00   20.47 ^ dot_0/fp4_dot_0/add5/_0817_/A2 (sky130_fd_sc_hd__a31oi_4)
     2    0.02    0.09    0.11   20.59 v dot_0/fp4_dot_0/add5/_0817_/Y (sky130_fd_sc_hd__a31oi_4)
                                         dot_0/fp4_dot_0/add5/_0056_ (net)
                  0.09    0.00   20.59 v dot_0/fp4_dot_0/add5/place24494/A (sky130_fd_sc_hd__buf_4)
     2    0.01    0.03    0.16   20.75 v dot_0/fp4_dot_0/add5/place24494/X (sky130_fd_sc_hd__buf_4)
                                         dot_0/fp4_dot_0/add5/net24493 (net)
                  0.03    0.00   20.75 v dot_0/fp4_dot_0/add5/_1370_/B (sky130_fd_sc_hd__ha_2)
     2    0.02    0.07    0.20   20.95 v dot_0/fp4_dot_0/add5/_1370_/COUT (sky130_fd_sc_hd__ha_2)
                                         dot_0/fp4_dot_0/add5/_0018_ (net)
                  0.07    0.00   20.95 v dot_0/fp4_dot_0/add5/_1357_/B (sky130_fd_sc_hd__fa_2)
     2    0.01    0.09    0.39   21.34 v dot_0/fp4_dot_0/add5/_1357_/COUT (sky130_fd_sc_hd__fa_2)
                                         dot_0/fp4_dot_0/add5/_0019_ (net)
                  0.09    0.00   21.34 v dot_0/fp4_dot_0/add5/_0858_/A (sky130_fd_sc_hd__nor2b_2)
     1    0.01    0.10    0.14   21.48 ^ dot_0/fp4_dot_0/add5/_0858_/Y (sky130_fd_sc_hd__nor2b_2)
                                         dot_0/fp4_dot_0/add5/_0273_ (net)
                  0.10    0.00   21.48 ^ dot_0/fp4_dot_0/add5/_0859_/A2 (sky130_fd_sc_hd__o21ai_2)
     2    0.01    0.08    0.09   21.57 v dot_0/fp4_dot_0/add5/_0859_/Y (sky130_fd_sc_hd__o21ai_2)
                                         dot_0/fp4_dot_0/add5/_0274_ (net)
                  0.08    0.00   21.57 v dot_0/fp4_dot_0/add5/_0861_/A2 (sky130_fd_sc_hd__a211oi_4)
     4    0.03    0.36    0.39   21.97 ^ dot_0/fp4_dot_0/add5/_0861_/Y (sky130_fd_sc_hd__a211oi_4)
                                         dot_0/fp4_dot_0/add5/_0276_ (net)
                  0.36    0.00   21.97 ^ dot_0/fp4_dot_0/add5/_0862_/B (sky130_fd_sc_hd__nand2b_1)
     2    0.01    0.14    0.19   22.15 v dot_0/fp4_dot_0/add5/_0862_/Y (sky130_fd_sc_hd__nand2b_1)
                                         dot_0/fp4_dot_0/add5/_0089_ (net)
                  0.14    0.00   22.15 v dot_0/fp4_dot_0/add5/_1381_/B (sky130_fd_sc_hd__ha_4)
     2    0.02    0.05    0.22   22.37 v dot_0/fp4_dot_0/add5/_1381_/COUT (sky130_fd_sc_hd__ha_4)
                                         dot_0/fp4_dot_0/add5/_0090_ (net)
                  0.05    0.00   22.37 v dot_0/fp4_dot_0/add5/_1251_/A (sky130_fd_sc_hd__nor3_4)
     2    0.01    0.19    0.22   22.59 ^ dot_0/fp4_dot_0/add5/_1251_/Y (sky130_fd_sc_hd__nor3_4)
                                         dot_0/fp4_dot_0/add5/_0629_ (net)
                  0.19    0.00   22.59 ^ dot_0/fp4_dot_0/add5/_1253_/A3 (sky130_fd_sc_hd__o31ai_2)
     1    0.01    0.08    0.09   22.69 v dot_0/fp4_dot_0/add5/_1253_/Y (sky130_fd_sc_hd__o31ai_2)
                                         dot_0/fp4_dot_0/add5/_0631_ (net)
                  0.08    0.00   22.69 v dot_0/fp4_dot_0/add5/_1254_/D1 (sky130_fd_sc_hd__a2111oi_2)
     1    0.01    0.35    0.28   22.97 ^ dot_0/fp4_dot_0/add5/_1254_/Y (sky130_fd_sc_hd__a2111oi_2)
                                         dot_0/fp4_dot_0/add5/_0632_ (net)
                  0.35    0.00   22.97 ^ dot_0/fp4_dot_0/add5/place24315/A (sky130_fd_sc_hd__buf_4)
     3    0.02    0.06    0.21   23.17 ^ dot_0/fp4_dot_0/add5/place24315/X (sky130_fd_sc_hd__buf_4)
                                         dot_0/fp4_dot_0/add5/net24314 (net)
                  0.06    0.00   23.17 ^ dot_0/fp4_dot_0/add5/_1256_/A2 (sky130_fd_sc_hd__a21o_1)
     3    0.01    0.10    0.16   23.33 ^ dot_0/fp4_dot_0/add5/_1256_/X (sky130_fd_sc_hd__a21o_1)
                                         dot_0/fp4_dot_0/add5/_0634_ (net)
                  0.10    0.00   23.33 ^ dot_0/fp4_dot_0/add5/_1257_/A2 (sky130_fd_sc_hd__o21ai_1)
     1    0.00    0.05    0.07   23.40 v dot_0/fp4_dot_0/add5/_1257_/Y (sky130_fd_sc_hd__o21ai_1)
                                         dot_0/fp4_dot_0/add5/_0635_ (net)
                  0.05    0.00   23.40 v dot_0/fp4_dot_0/add5/_1259_/A2 (sky130_fd_sc_hd__a221o_1)
     1    0.01    0.08    0.38   23.77 v dot_0/fp4_dot_0/add5/_1259_/X (sky130_fd_sc_hd__a221o_1)
                                         dot_0/fp4_dot_0/add5/_0637_ (net)
                  0.08    0.00   23.77 v dot_0/fp4_dot_0/add5/_1272_/A1 (sky130_fd_sc_hd__a31oi_1)
     1    0.00    0.15    0.15   23.93 ^ dot_0/fp4_dot_0/add5/_1272_/Y (sky130_fd_sc_hd__a31oi_1)
                                         dot_0/fp4_dot_0/add5/_0650_ (net)
                  0.15    0.00   23.93 ^ dot_0/fp4_dot_0/add5/_1273_/B1 (sky130_fd_sc_hd__a31oi_1)
     1    0.01    0.08    0.07   24.00 v dot_0/fp4_dot_0/add5/_1273_/Y (sky130_fd_sc_hd__a31oi_1)
                                         dot_0/fp4_dot_0/add5/_0651_ (net)
                  0.08    0.00   24.00 v dot_0/fp4_dot_0/add5/_1275_/A2 (sky130_fd_sc_hd__o21ai_1)
     1    0.01    0.19    0.19   24.19 ^ dot_0/fp4_dot_0/add5/_1275_/Y (sky130_fd_sc_hd__o21ai_1)
                                         dot_0/fp4_dot_0/add5/_0653_ (net)
                  0.19    0.00   24.19 ^ dot_0/fp4_dot_0/add5/_1276_/A (sky130_fd_sc_hd__xnor2_1)
     1    0.01    0.11    0.14   24.33 v dot_0/fp4_dot_0/add5/_1276_/Y (sky130_fd_sc_hd__xnor2_1)
                                         dot_0/fp4_dot_0/add5/_0009_ (net)
                  0.11    0.00   24.33 v dot_0/fp4_dot_0/add5/_1355_/A (sky130_fd_sc_hd__fa_2)
     2    0.01    0.09    0.44   24.77 v dot_0/fp4_dot_0/add5/_1355_/COUT (sky130_fd_sc_hd__fa_2)
                                         dot_0/fp4_dot_0/add5/_0003_ (net)
                  0.09    0.00   24.77 v dot_0/fp4_dot_0/add5/_1354_/CIN (sky130_fd_sc_hd__fa_2)
     3    0.02    0.10    0.40   25.17 v dot_0/fp4_dot_0/add5/_1354_/COUT (sky130_fd_sc_hd__fa_2)
                                         dot_0/fp4_dot_0/add5/_0006_ (net)
                  0.10    0.00   25.18 v dot_0/fp4_dot_0/add5/_0745_/A1 (sky130_fd_sc_hd__a211oi_4)
     3    0.03    0.36    0.37   25.55 ^ dot_0/fp4_dot_0/add5/_0745_/Y (sky130_fd_sc_hd__a211oi_4)
                                         dot_0/fp4_dot_0/add5/_0173_ (net)
                  0.36    0.00   25.55 ^ dot_0/fp4_dot_0/add5/place24238/A (sky130_fd_sc_hd__buf_4)
     1    0.01    0.04    0.18   25.73 ^ dot_0/fp4_dot_0/add5/place24238/X (sky130_fd_sc_hd__buf_4)
                                         dot_0/fp4_dot_0/add5/net24237 (net)
                  0.04    0.00   25.73 ^ dot_0/fp4_dot_0/add5/_0759_/A (sky130_fd_sc_hd__nor2_2)
     4    0.03    0.14    0.07   25.80 v dot_0/fp4_dot_0/add5/_0759_/Y (sky130_fd_sc_hd__nor2_2)
                                         dot_0/fp4_dot_0/add5/_0187_ (net)
                  0.14    0.00   25.81 v dot_0/fp4_dot_0/add5/_0791_/A2 (sky130_fd_sc_hd__a21oi_2)
     2    0.02    0.23    0.28   26.08 ^ dot_0/fp4_dot_0/add5/_0791_/Y (sky130_fd_sc_hd__a21oi_2)
                                         dot_0/fp4_dot_0/add5/_0219_ (net)
                  0.23    0.00   26.08 ^ dot_0/fp4_dot_0/add5/_0792_/A2 (sky130_fd_sc_hd__a31oi_4)
     3    0.02    0.12    0.15   26.23 v dot_0/fp4_dot_0/add5/_0792_/Y (sky130_fd_sc_hd__a31oi_4)
                                         dot_0/fp4_dot_0/add5/_0220_ (net)
                  0.12    0.00   26.23 v dot_0/fp4_dot_0/add5/_0804_/A2 (sky130_fd_sc_hd__a31o_1)
     1    0.00    0.04    0.23   26.46 v dot_0/fp4_dot_0/add5/_0804_/X (sky130_fd_sc_hd__a31o_1)
                                         dot_0/fp4_dot_0/add5/_0232_ (net)
                  0.04    0.00   26.46 v dot_0/fp4_dot_0/add5/_0805_/B1 (sky130_fd_sc_hd__a21o_1)
     2    0.02    0.11    0.22   26.68 v dot_0/fp4_dot_0/add5/_0805_/X (sky130_fd_sc_hd__a21o_1)
                                         dot_0/fp4_dot_0/add5/_0233_ (net)
                  0.11    0.00   26.68 v dot_0/fp4_dot_0/add5/_1379_/A (sky130_fd_sc_hd__ha_2)
     2    0.01    0.05    0.23   26.91 v dot_0/fp4_dot_0/add5/_1379_/COUT (sky130_fd_sc_hd__ha_2)
                                         dot_0/fp4_dot_0/add5/_0085_ (net)
                  0.05    0.00   26.91 v dot_0/fp4_dot_0/add5/_0869_/A (sky130_fd_sc_hd__inv_1)
     1    0.01    0.09    0.09   27.00 ^ dot_0/fp4_dot_0/add5/_0869_/Y (sky130_fd_sc_hd__inv_1)
                                         dot_0/fp4_dot_0/add5/_0012_ (net)
                  0.09    0.00   27.00 ^ dot_0/fp4_dot_0/add5/_1356_/A (sky130_fd_sc_hd__fa_2)
     2    0.01    0.09    0.45   27.45 v dot_0/fp4_dot_0/add5/_1356_/SUM (sky130_fd_sc_hd__fa_2)
                                         dot_0/fp4_dot_0/add5/_0016_ (net)
                  0.09    0.00   27.45 v dot_0/fp4_dot_0/add5/_0884_/A (sky130_fd_sc_hd__nor2b_2)
     1    0.01    0.11    0.15   27.60 ^ dot_0/fp4_dot_0/add5/_0884_/Y (sky130_fd_sc_hd__nor2b_2)
                                         dot_0/fp4_dot_0/add5/_0293_ (net)
                  0.11    0.00   27.60 ^ dot_0/fp4_dot_0/add5/_0886_/D1 (sky130_fd_sc_hd__o2111a_1)
     2    0.01    0.14    0.25   27.85 ^ dot_0/fp4_dot_0/add5/_0886_/X (sky130_fd_sc_hd__o2111a_1)
                                         dot_0/fp4_dot_0/add5/_0295_ (net)
                  0.14    0.00   27.85 ^ dot_0/fp4_dot_0/add5/_0892_/A3 (sky130_fd_sc_hd__a31o_4)
     3    0.03    0.10    0.22   28.06 ^ dot_0/fp4_dot_0/add5/_0892_/X (sky130_fd_sc_hd__a31o_4)
                                         dot_0/fp4_dot_0/add5/_0301_ (net)
                  0.10    0.00   28.06 ^ dot_0/fp4_dot_0/add5/_0893_/B1 (sky130_fd_sc_hd__a21oi_2)
     2    0.01    0.05    0.06   28.12 v dot_0/fp4_dot_0/add5/_0893_/Y (sky130_fd_sc_hd__a21oi_2)
                                         dot_0/fp4_dot_0/add5/_0302_ (net)
                  0.05    0.00   28.12 v dot_0/fp4_dot_0/add5/place24039/A (sky130_fd_sc_hd__buf_4)
     4    0.02    0.04    0.16   28.28 v dot_0/fp4_dot_0/add5/place24039/X (sky130_fd_sc_hd__buf_4)
                                         dot_0/fp4_dot_0/add5/net24038 (net)
                  0.04    0.00   28.28 v dot_0/fp4_dot_0/add5/place24038/A (sky130_fd_sc_hd__buf_4)
     2    0.01    0.04    0.14   28.42 v dot_0/fp4_dot_0/add5/place24038/X (sky130_fd_sc_hd__buf_4)
                                         dot_0/fp4_dot_0/add5/net24037 (net)
                  0.04    0.00   28.42 v dot_0/fp4_dot_0/add5/_1004_/B1 (sky130_fd_sc_hd__o22ai_4)
     2    0.01    0.18    0.15   28.57 ^ dot_0/fp4_dot_0/add5/_1004_/Y (sky130_fd_sc_hd__o22ai_4)
                                         dot_0/fp4_dot_0/add5/_0407_ (net)
                  0.18    0.00   28.58 ^ dot_0/fp4_dot_0/add5/_1119_/C (sky130_fd_sc_hd__nand4_1)
     2    0.02    0.25    0.26   28.83 v dot_0/fp4_dot_0/add5/_1119_/Y (sky130_fd_sc_hd__nand4_1)
                                         dot_0/fp4_dot_0/add5/_0516_ (net)
                  0.25    0.00   28.83 v dot_0/fp4_dot_0/add5/_1142_/B1 (sky130_fd_sc_hd__o221a_1)
     1    0.01    0.10    0.36   29.19 v dot_0/fp4_dot_0/add5/_1142_/X (sky130_fd_sc_hd__o221a_1)
                                         dot_0/fp4_dot_0/add5/_0537_ (net)
                  0.10    0.00   29.19 v dot_0/fp4_dot_0/add5/_1144_/A3 (sky130_fd_sc_hd__a31oi_4)
     2    0.01    0.16    0.22   29.42 ^ dot_0/fp4_dot_0/add5/_1144_/Y (sky130_fd_sc_hd__a31oi_4)
                                         dot_0/fp4_dot_0/add5/_0000_ (net)
                  0.16    0.00   29.42 ^ dot_0/fp4_dot_0/add5/_1334_/B1 (sky130_fd_sc_hd__a21oi_2)
     1    0.01    0.05    0.05   29.47 v dot_0/fp4_dot_0/add5/_1334_/Y (sky130_fd_sc_hd__a21oi_2)
                                         dot_0/fp4_dot_0/add5/_0694_ (net)
                  0.05    0.00   29.47 v dot_0/fp4_dot_0/add5/_1344_/A2 (sky130_fd_sc_hd__a32oi_2)
     1    0.02    0.28    0.29   29.76 ^ dot_0/fp4_dot_0/add5/_1344_/Y (sky130_fd_sc_hd__a32oi_2)
                                         dot_0/fp4_dot_0/add5/_0002_ (net)
                  0.28    0.00   29.76 ^ dot_0/fp4_dot_0/add5/_1402_/A (sky130_fd_sc_hd__ha_2)
     1    0.01    0.09    0.26   30.03 ^ dot_0/fp4_dot_0/add5/_1402_/COUT (sky130_fd_sc_hd__ha_2)
                                         dot_0/fp4_dot_0/add5/_0711_ (net)
                  0.09    0.00   30.03 ^ dot_0/fp4_dot_0/add5/_1387_/A (sky130_fd_sc_hd__ha_4)
     4    0.02    0.09    0.17   30.20 ^ dot_0/fp4_dot_0/add5/_1387_/COUT (sky130_fd_sc_hd__ha_4)
                                         dot_0/fp4_dot_0/add5/_0103_ (net)
                  0.09    0.00   30.21 ^ dot_0/fp4_dot_0/add5/_1038_/B (sky130_fd_sc_hd__nand2_1)
     2    0.01    0.07    0.09   30.30 v dot_0/fp4_dot_0/add5/_1038_/Y (sky130_fd_sc_hd__nand2_1)
                                         dot_0/fp4_dot_0/add5/_0441_ (net)
                  0.07    0.00   30.30 v dot_0/fp4_dot_0/add5/_1039_/A (sky130_fd_sc_hd__nor2_2)
     2    0.01    0.14    0.17   30.47 ^ dot_0/fp4_dot_0/add5/_1039_/Y (sky130_fd_sc_hd__nor2_2)
                                         dot_0/fp4_dot_0/add5/_0442_ (net)
                  0.14    0.00   30.47 ^ dot_0/fp4_dot_0/add5/place23948/A (sky130_fd_sc_hd__buf_4)
     1    0.01    0.04    0.14   30.60 ^ dot_0/fp4_dot_0/add5/place23948/X (sky130_fd_sc_hd__buf_4)
                                         dot_0/fp4_dot_0/add5/net23947 (net)
                  0.04    0.00   30.60 ^ dot_0/fp4_dot_0/add5/_1055_/A3 (sky130_fd_sc_hd__a31o_4)
     3    0.02    0.08    0.18   30.78 ^ dot_0/fp4_dot_0/add5/_1055_/X (sky130_fd_sc_hd__a31o_4)
                                         dot_0/fp4_dot_0/add5/_0458_ (net)
                  0.08    0.00   30.78 ^ dot_0/fp4_dot_0/add5/_1058_/B (sky130_fd_sc_hd__nand3_2)
     2    0.02    0.13    0.13   30.92 v dot_0/fp4_dot_0/add5/_1058_/Y (sky130_fd_sc_hd__nand3_2)
                                         dot_0/fp4_dot_0/add5/_0461_ (net)
                  0.13    0.00   30.92 v dot_0/fp4_dot_0/add5/_1091_/A2 (sky130_fd_sc_hd__a31oi_4)
     1    0.02    0.21    0.25   31.17 ^ dot_0/fp4_dot_0/add5/_1091_/Y (sky130_fd_sc_hd__a31oi_4)
                                         dot_0/fp4_dot_0/add_5[4] (net)
                  0.21    0.00   31.17 ^ dot_0/fp4_dot_0/add6/place23925/A (sky130_fd_sc_hd__buf_4)
     2    0.01    0.04    0.16   31.33 ^ dot_0/fp4_dot_0/add6/place23925/X (sky130_fd_sc_hd__buf_4)
                                         dot_0/fp4_dot_0/add6/net23924 (net)
                  0.04    0.00   31.33 ^ dot_0/fp4_dot_0/add6/_0816_/A (sky130_fd_sc_hd__inv_1)
     2    0.02    0.07    0.08   31.41 v dot_0/fp4_dot_0/add6/_0816_/Y (sky130_fd_sc_hd__inv_1)
                                         dot_0/fp4_dot_0/add6/_0038_ (net)
                  0.07    0.00   31.41 v dot_0/fp4_dot_0/add6/_0817_/A2 (sky130_fd_sc_hd__a31oi_4)
     3    0.02    0.23    0.24   31.65 ^ dot_0/fp4_dot_0/add6/_0817_/Y (sky130_fd_sc_hd__a31oi_4)
                                         dot_0/fp4_dot_0/add6/_0056_ (net)
                  0.23    0.00   31.65 ^ dot_0/fp4_dot_0/add6/_0922_/A (sky130_fd_sc_hd__inv_2)
     3    0.02    0.08    0.10   31.75 v dot_0/fp4_dot_0/add6/_0922_/Y (sky130_fd_sc_hd__inv_2)
                                         dot_0/fp4_dot_0/add6/exp_b[0] (net)
                  0.08    0.00   31.75 v dot_0/fp4_dot_0/add6/_1367_/B (sky130_fd_sc_hd__ha_2)
     2    0.01    0.05    0.20   31.96 v dot_0/fp4_dot_0/add6/_1367_/COUT (sky130_fd_sc_hd__ha_2)
                                         dot_0/fp4_dot_0/add6/_0022_ (net)
                  0.05    0.00   31.96 v dot_0/fp4_dot_0/add6/_1358_/CIN (sky130_fd_sc_hd__fa_2)
     2    0.01    0.07    0.35   32.30 v dot_0/fp4_dot_0/add6/_1358_/COUT (sky130_fd_sc_hd__fa_2)
                                         dot_0/fp4_dot_0/add6/_0023_ (net)
                  0.07    0.00   32.30 v dot_0/fp4_dot_0/add6/_0724_/A_N (sky130_fd_sc_hd__nand2b_4)
     2    0.01    0.06    0.17   32.47 v dot_0/fp4_dot_0/add6/_0724_/Y (sky130_fd_sc_hd__nand2b_4)
                                         dot_0/fp4_dot_0/add6/_0157_ (net)
                  0.06    0.00   32.47 v dot_0/fp4_dot_0/add6/_0728_/A2 (sky130_fd_sc_hd__a211oi_4)
     2    0.02    0.31    0.34   32.82 ^ dot_0/fp4_dot_0/add6/_0728_/Y (sky130_fd_sc_hd__a211oi_4)
                                         dot_0/fp4_dot_0/add6/_0161_ (net)
                  0.31    0.00   32.82 ^ dot_0/fp4_dot_0/add6/_0861_/C1 (sky130_fd_sc_hd__a211oi_4)
     3    0.02    0.09    0.09   32.91 v dot_0/fp4_dot_0/add6/_0861_/Y (sky130_fd_sc_hd__a211oi_4)
                                         dot_0/fp4_dot_0/add6/_0276_ (net)
                  0.09    0.00   32.91 v dot_0/fp4_dot_0/add6/_0862_/B (sky130_fd_sc_hd__nand2b_1)
     2    0.01    0.10    0.12   33.03 ^ dot_0/fp4_dot_0/add6/_0862_/Y (sky130_fd_sc_hd__nand2b_1)
                                         dot_0/fp4_dot_0/add6/_0089_ (net)
                  0.10    0.00   33.03 ^ dot_0/fp4_dot_0/add6/_1381_/A (sky130_fd_sc_hd__ha_2)
     2    0.01    0.09    0.22   33.25 ^ dot_0/fp4_dot_0/add6/_1381_/COUT (sky130_fd_sc_hd__ha_2)
                                         dot_0/fp4_dot_0/add6/_0090_ (net)
                  0.09    0.00   33.25 ^ dot_0/fp4_dot_0/add6/_1251_/A (sky130_fd_sc_hd__nor3_4)
     2    0.01    0.08    0.05   33.30 v dot_0/fp4_dot_0/add6/_1251_/Y (sky130_fd_sc_hd__nor3_4)
                                         dot_0/fp4_dot_0/add6/_0629_ (net)
                  0.08    0.00   33.30 v dot_0/fp4_dot_0/add6/_1253_/A2 (sky130_fd_sc_hd__o31ai_2)
     1    0.01    0.26    0.29   33.59 ^ dot_0/fp4_dot_0/add6/_1253_/Y (sky130_fd_sc_hd__o31ai_2)
                                         dot_0/fp4_dot_0/add6/_0631_ (net)
                  0.26    0.00   33.59 ^ dot_0/fp4_dot_0/add6/_1254_/D1 (sky130_fd_sc_hd__a2111oi_2)
     1    0.00    0.07    0.07   33.66 v dot_0/fp4_dot_0/add6/_1254_/Y (sky130_fd_sc_hd__a2111oi_2)
                                         dot_0/fp4_dot_0/add6/_0632_ (net)
                  0.07    0.00   33.66 v dot_0/fp4_dot_0/add6/place23813/A (sky130_fd_sc_hd__buf_4)
     3    0.02    0.04    0.16   33.82 v dot_0/fp4_dot_0/add6/place23813/X (sky130_fd_sc_hd__buf_4)
                                         dot_0/fp4_dot_0/add6/net23812 (net)
                  0.04    0.00   33.82 v dot_0/fp4_dot_0/add6/_1255_/S (sky130_fd_sc_hd__mux2i_4)
     2    0.01    0.05    0.18   34.01 v dot_0/fp4_dot_0/add6/_1255_/Y (sky130_fd_sc_hd__mux2i_4)
                                         dot_0/fp4_dot_0/add6/_0633_ (net)
                  0.05    0.00   34.01 v dot_0/fp4_dot_0/add6/place23810/A (sky130_fd_sc_hd__buf_4)
     2    0.01    0.03    0.14   34.14 v dot_0/fp4_dot_0/add6/place23810/X (sky130_fd_sc_hd__buf_4)
                                         dot_0/fp4_dot_0/add6/net23809 (net)
                  0.03    0.00   34.14 v dot_0/fp4_dot_0/add6/_1259_/A2 (sky130_fd_sc_hd__a221o_1)
     1    0.01    0.07    0.35   34.50 v dot_0/fp4_dot_0/add6/_1259_/X (sky130_fd_sc_hd__a221o_1)
                                         dot_0/fp4_dot_0/add6/_0637_ (net)
                  0.07    0.00   34.50 v dot_0/fp4_dot_0/add6/_1272_/A1 (sky130_fd_sc_hd__a31oi_1)
     1    0.00    0.14    0.14   34.64 ^ dot_0/fp4_dot_0/add6/_1272_/Y (sky130_fd_sc_hd__a31oi_1)
                                         dot_0/fp4_dot_0/add6/_0650_ (net)
                  0.14    0.00   34.64 ^ dot_0/fp4_dot_0/add6/_1273_/B1 (sky130_fd_sc_hd__a31oi_1)
     1    0.01    0.12    0.09   34.73 v dot_0/fp4_dot_0/add6/_1273_/Y (sky130_fd_sc_hd__a31oi_1)
                                         dot_0/fp4_dot_0/add6/_0651_ (net)
                  0.12    0.00   34.73 v dot_0/fp4_dot_0/add6/_1275_/A1 (sky130_fd_sc_hd__o21ai_2)
     1    0.02    0.21    0.24   34.98 ^ dot_0/fp4_dot_0/add6/_1275_/Y (sky130_fd_sc_hd__o21ai_2)
                                         dot_0/fp4_dot_0/add6/_0653_ (net)
                  0.21    0.00   34.98 ^ dot_0/fp4_dot_0/add6/_1276_/A (sky130_fd_sc_hd__xnor2_2)
     1    0.01    0.09    0.12   35.10 v dot_0/fp4_dot_0/add6/_1276_/Y (sky130_fd_sc_hd__xnor2_2)
                                         dot_0/fp4_dot_0/add6/_0009_ (net)
                  0.09    0.00   35.10 v dot_0/fp4_dot_0/add6/_1355_/A (sky130_fd_sc_hd__fa_2)
     2    0.02    0.10    0.45   35.55 v dot_0/fp4_dot_0/add6/_1355_/COUT (sky130_fd_sc_hd__fa_2)
                                         dot_0/fp4_dot_0/add6/_0003_ (net)
                  0.10    0.00   35.55 v dot_0/fp4_dot_0/add6/_1354_/CIN (sky130_fd_sc_hd__fa_2)
     2    0.01    0.08    0.37   35.92 v dot_0/fp4_dot_0/add6/_1354_/COUT (sky130_fd_sc_hd__fa_2)
                                         dot_0/fp4_dot_0/add6/_0006_ (net)
                  0.08    0.00   35.92 v dot_0/fp4_dot_0/add6/place23777/A (sky130_fd_sc_hd__buf_4)
     2    0.02    0.04    0.16   36.08 v dot_0/fp4_dot_0/add6/place23777/X (sky130_fd_sc_hd__buf_4)
                                         dot_0/fp4_dot_0/add6/net23776 (net)
                  0.04    0.00   36.08 v dot_0/fp4_dot_0/add6/_0745_/A2 (sky130_fd_sc_hd__a211oi_4)
     2    0.01    0.19    0.24   36.33 ^ dot_0/fp4_dot_0/add6/_0745_/Y (sky130_fd_sc_hd__a211oi_4)
                                         dot_0/fp4_dot_0/add6/_0173_ (net)
                  0.19    0.00   36.33 ^ dot_0/fp4_dot_0/add6/place23774/A (sky130_fd_sc_hd__buf_4)
     2    0.01    0.04    0.16   36.49 ^ dot_0/fp4_dot_0/add6/place23774/X (sky130_fd_sc_hd__buf_4)
                                         dot_0/fp4_dot_0/add6/net23773 (net)
                  0.04    0.00   36.49 ^ dot_0/fp4_dot_0/add6/_0749_/A2 (sky130_fd_sc_hd__o31ai_2)
     2    0.02    0.09    0.09   36.58 v dot_0/fp4_dot_0/add6/_0749_/Y (sky130_fd_sc_hd__o31ai_2)
                                         dot_0/fp4_dot_0/add6/_0177_ (net)
                  0.09    0.00   36.58 v dot_0/fp4_dot_0/add6/_0750_/A (sky130_fd_sc_hd__xnor2_2)
     4    0.02    0.14    0.21   36.79 v dot_0/fp4_dot_0/add6/_0750_/Y (sky130_fd_sc_hd__xnor2_2)
                                         dot_0/fp4_dot_0/add6/_0178_ (net)
                  0.14    0.00   36.79 v dot_0/fp4_dot_0/add6/_0781_/B (sky130_fd_sc_hd__nor3_4)
     3    0.02    0.25    0.29   37.07 ^ dot_0/fp4_dot_0/add6/_0781_/Y (sky130_fd_sc_hd__nor3_4)
                                         dot_0/fp4_dot_0/add6/_0209_ (net)
                  0.25    0.00   37.07 ^ dot_0/fp4_dot_0/add6/_0804_/A1 (sky130_fd_sc_hd__a31o_1)
     1    0.00    0.06    0.18   37.26 ^ dot_0/fp4_dot_0/add6/_0804_/X (sky130_fd_sc_hd__a31o_1)
                                         dot_0/fp4_dot_0/add6/_0232_ (net)
                  0.06    0.00   37.26 ^ dot_0/fp4_dot_0/add6/_0805_/B1 (sky130_fd_sc_hd__a21o_1)
     2    0.02    0.22    0.21   37.47 ^ dot_0/fp4_dot_0/add6/_0805_/X (sky130_fd_sc_hd__a21o_1)
                                         dot_0/fp4_dot_0/add6/_0233_ (net)
                  0.22    0.00   37.47 ^ dot_0/fp4_dot_0/add6/_1379_/A (sky130_fd_sc_hd__ha_2)
     2    0.01    0.07    0.22   37.69 ^ dot_0/fp4_dot_0/add6/_1379_/COUT (sky130_fd_sc_hd__ha_2)
                                         dot_0/fp4_dot_0/add6/_0085_ (net)
                  0.07    0.00   37.69 ^ dot_0/fp4_dot_0/add6/_0869_/A (sky130_fd_sc_hd__inv_1)
     1    0.01    0.04    0.06   37.75 v dot_0/fp4_dot_0/add6/_0869_/Y (sky130_fd_sc_hd__inv_1)
                                         dot_0/fp4_dot_0/add6/_0012_ (net)
                  0.04    0.00   37.75 v dot_0/fp4_dot_0/add6/_1356_/CIN (sky130_fd_sc_hd__fa_2)
     2    0.01    0.09    0.55   38.30 ^ dot_0/fp4_dot_0/add6/_1356_/SUM (sky130_fd_sc_hd__fa_2)
                                         dot_0/fp4_dot_0/add6/_0016_ (net)
                  0.09    0.00   38.30 ^ dot_0/fp4_dot_0/add6/_0884_/A (sky130_fd_sc_hd__nor2b_2)
     1    0.01    0.04    0.06   38.36 v dot_0/fp4_dot_0/add6/_0884_/Y (sky130_fd_sc_hd__nor2b_2)
                                         dot_0/fp4_dot_0/add6/_0293_ (net)
                  0.04    0.00   38.36 v dot_0/fp4_dot_0/add6/_0886_/D1 (sky130_fd_sc_hd__o2111a_1)
     2    0.01    0.08    0.15   38.51 v dot_0/fp4_dot_0/add6/_0886_/X (sky130_fd_sc_hd__o2111a_1)
                                         dot_0/fp4_dot_0/add6/_0295_ (net)
                  0.08    0.00   38.51 v dot_0/fp4_dot_0/add6/_0892_/A3 (sky130_fd_sc_hd__a31o_4)
     3    0.03    0.06    0.28   38.80 v dot_0/fp4_dot_0/add6/_0892_/X (sky130_fd_sc_hd__a31o_4)
                                         dot_0/fp4_dot_0/add6/_0301_ (net)
                  0.06    0.00   38.80 v dot_0/fp4_dot_0/add6/_0893_/B1 (sky130_fd_sc_hd__a21oi_4)
     5    0.03    0.23    0.21   39.01 ^ dot_0/fp4_dot_0/add6/_0893_/Y (sky130_fd_sc_hd__a21oi_4)
                                         dot_0/fp4_dot_0/add6/_0302_ (net)
                  0.23    0.00   39.01 ^ dot_0/fp4_dot_0/add6/_0966_/A2 (sky130_fd_sc_hd__a31oi_2)
     1    0.01    0.08    0.13   39.14 v dot_0/fp4_dot_0/add6/_0966_/Y (sky130_fd_sc_hd__a31oi_2)
                                         dot_0/fp4_dot_0/add6/_0369_ (net)
                  0.08    0.00   39.14 v dot_0/fp4_dot_0/add6/place23656/A (sky130_fd_sc_hd__buf_6)
     4    0.04    0.05    0.16   39.30 v dot_0/fp4_dot_0/add6/place23656/X (sky130_fd_sc_hd__buf_6)
                                         dot_0/fp4_dot_0/add6/net23655 (net)
                  0.05    0.00   39.30 v dot_0/fp4_dot_0/add6/place23655/A (sky130_fd_sc_hd__buf_12)
     3    0.02    0.03    0.13   39.43 v dot_0/fp4_dot_0/add6/place23655/X (sky130_fd_sc_hd__buf_12)
                                         dot_0/fp4_dot_0/add6/net23654 (net)
                  0.03    0.00   39.43 v dot_0/fp4_dot_0/add6/_1136_/B (sky130_fd_sc_hd__nor2_1)
     1    0.01    0.12    0.11   39.53 ^ dot_0/fp4_dot_0/add6/_1136_/Y (sky130_fd_sc_hd__nor2_1)
                                         dot_0/fp4_dot_0/add6/_0531_ (net)
                  0.12    0.00   39.53 ^ dot_0/fp4_dot_0/add6/_1137_/B1 (sky130_fd_sc_hd__a211oi_2)
     1    0.01    0.06    0.06   39.60 v dot_0/fp4_dot_0/add6/_1137_/Y (sky130_fd_sc_hd__a211oi_2)
                                         dot_0/fp4_dot_0/add6/_0532_ (net)
                  0.06    0.00   39.60 v dot_0/fp4_dot_0/add6/_1138_/B1 (sky130_fd_sc_hd__a211o_1)
     1    0.01    0.10    0.33   39.92 v dot_0/fp4_dot_0/add6/_1138_/X (sky130_fd_sc_hd__a211o_1)
                                         dot_0/fp4_dot_0/add6/_0533_ (net)
                  0.10    0.00   39.92 v dot_0/fp4_dot_0/add6/_1144_/A3 (sky130_fd_sc_hd__a31oi_4)
     2    0.01    0.18    0.24   40.16 ^ dot_0/fp4_dot_0/add6/_1144_/Y (sky130_fd_sc_hd__a31oi_4)
                                         dot_0/fp4_dot_0/add6/_0000_ (net)
                  0.18    0.00   40.16 ^ dot_0/fp4_dot_0/add6/_1334_/B1 (sky130_fd_sc_hd__a21oi_2)
     1    0.01    0.06    0.06   40.22 v dot_0/fp4_dot_0/add6/_1334_/Y (sky130_fd_sc_hd__a21oi_2)
                                         dot_0/fp4_dot_0/add6/_0694_ (net)
                  0.06    0.00   40.22 v dot_0/fp4_dot_0/add6/_1344_/A3 (sky130_fd_sc_hd__a32oi_2)
     1    0.01    0.25    0.28   40.51 ^ dot_0/fp4_dot_0/add6/_1344_/Y (sky130_fd_sc_hd__a32oi_2)
                                         dot_0/fp4_dot_0/add6/_0002_ (net)
                  0.25    0.00   40.51 ^ dot_0/fp4_dot_0/add6/_1402_/A (sky130_fd_sc_hd__ha_2)
     1    0.01    0.08    0.25   40.76 ^ dot_0/fp4_dot_0/add6/_1402_/COUT (sky130_fd_sc_hd__ha_2)
                                         dot_0/fp4_dot_0/add6/_0711_ (net)
                  0.08    0.00   40.76 ^ dot_0/fp4_dot_0/add6/_1387_/A (sky130_fd_sc_hd__ha_4)
     4    0.02    0.08    0.17   40.93 ^ dot_0/fp4_dot_0/add6/_1387_/COUT (sky130_fd_sc_hd__ha_4)
                                         dot_0/fp4_dot_0/add6/_0103_ (net)
                  0.08    0.00   40.93 ^ dot_0/fp4_dot_0/add6/_1038_/B (sky130_fd_sc_hd__nand2_2)
     2    0.01    0.07    0.09   41.02 v dot_0/fp4_dot_0/add6/_1038_/Y (sky130_fd_sc_hd__nand2_2)
                                         dot_0/fp4_dot_0/add6/_0441_ (net)
                  0.07    0.00   41.02 v dot_0/fp4_dot_0/add6/_1039_/A (sky130_fd_sc_hd__nor2_4)
     2    0.02    0.16    0.18   41.20 ^ dot_0/fp4_dot_0/add6/_1039_/Y (sky130_fd_sc_hd__nor2_4)
                                         dot_0/fp4_dot_0/add6/_0442_ (net)
                  0.16    0.00   41.20 ^ dot_0/fp4_dot_0/add6/_1055_/A2 (sky130_fd_sc_hd__a31o_4)
     3    0.03    0.11    0.23   41.42 ^ dot_0/fp4_dot_0/add6/_1055_/X (sky130_fd_sc_hd__a31o_4)
                                         dot_0/fp4_dot_0/add6/_0458_ (net)
                  0.11    0.00   41.43 ^ dot_0/fp4_dot_0/add6/_1058_/A (sky130_fd_sc_hd__nand3_4)
     2    0.02    0.09    0.11   41.53 v dot_0/fp4_dot_0/add6/_1058_/Y (sky130_fd_sc_hd__nand3_4)
                                         dot_0/fp4_dot_0/add6/_0461_ (net)
                  0.09    0.00   41.53 v dot_0/fp4_dot_0/add6/_1091_/A1 (sky130_fd_sc_hd__a31oi_4)
     2    0.02    0.20    0.20   41.73 ^ dot_0/fp4_dot_0/add6/_1091_/Y (sky130_fd_sc_hd__a31oi_4)
                                         dot_0/dot_out[4] (net)
                  0.20    0.00   41.73 ^ rebuffer36360/A (sky130_fd_sc_hd__buf_12)
     1    0.15    0.17    0.23   41.96 ^ rebuffer36360/X (sky130_fd_sc_hd__buf_12)
                                         net36359 (net)
                  0.18    0.03   41.99 ^ clone36359/A (sky130_fd_sc_hd__clkbuf_16)
     8    0.05    0.07    0.19   42.19 ^ clone36359/X (sky130_fd_sc_hd__clkbuf_16)
                                         net36358 (net)
                  0.07    0.00   42.19 ^ dot_0/fifo_timer_r/mem[4][4]$_DFFE_PP_/D (sky130_fd_sc_hd__edfxtp_1)
                                 42.19   data arrival time

                         12.50   12.50   clock clk_s5 (rise edge)
                          0.00   12.50   clock source latency
    49    0.24    1.05    0.74   13.24 ^ clk3 (in)
                                         clk3 (net)
                  1.05    0.00   13.24 ^ dot_clk_gate/_0_/A (sky130_fd_sc_hd__and2_1)
     2    0.13    1.21    1.06   14.30 ^ dot_clk_gate/_0_/X (sky130_fd_sc_hd__and2_1)
                                         clk_s5_gate (net)
                  1.21    0.01   14.31 ^ clkbuf_0_clk_s5_gate/A (sky130_fd_sc_hd__clkbuf_16)
     1    0.01    0.07    0.30   14.61 ^ clkbuf_0_clk_s5_gate/X (sky130_fd_sc_hd__clkbuf_16)
                                         clknet_0_clk_s5_gate (net)
                  0.07    0.00   14.61 ^ clkbuf_1_0__f_clk_s5_gate/A (sky130_fd_sc_hd__clkbuf_16)
     1    0.00    0.03    0.12   14.73 ^ clkbuf_1_0__f_clk_s5_gate/X (sky130_fd_sc_hd__clkbuf_16)
                                         clknet_1_0__leaf_clk_s5_gate (net)
                  0.03    0.00   14.73 ^ dot_clk_div/_10_/A0 (sky130_fd_sc_hd__mux4_2)
     1    0.01    0.09    0.25   14.99 ^ dot_clk_div/_10_/X (sky130_fd_sc_hd__mux4_2)
                                         clk_s5 (net)
                  0.09    0.00   14.99 ^ clkbuf_0_clk_s5/A (sky130_fd_sc_hd__clkbuf_16)
     4    0.16    0.17    0.24   15.23 ^ clkbuf_0_clk_s5/X (sky130_fd_sc_hd__clkbuf_16)
                                         clknet_0_clk_s5 (net)
                  0.18    0.01   15.23 ^ clkbuf_2_3_0_clk_s5/A (sky130_fd_sc_hd__clkbuf_16)
     2    0.06    0.08    0.20   15.44 ^ clkbuf_2_3_0_clk_s5/X (sky130_fd_sc_hd__clkbuf_16)
                                         clknet_2_3_0_clk_s5 (net)
                  0.08    0.00   15.44 ^ clkbuf_3_7__f_clk_s5/A (sky130_fd_sc_hd__clkbuf_16)
     7    0.10    0.12    0.20   15.64 ^ clkbuf_3_7__f_clk_s5/X (sky130_fd_sc_hd__clkbuf_16)
                                         clknet_3_7__leaf_clk_s5 (net)
                  0.12    0.00   15.64 ^ clkbuf_leaf_49_clk_s5/A (sky130_fd_sc_hd__clkbuf_16)
    12    0.04    0.06    0.17   15.81 ^ clkbuf_leaf_49_clk_s5/X (sky130_fd_sc_hd__clkbuf_16)
                                         clknet_leaf_49_clk_s5 (net)
                  0.06    0.00   15.81 ^ dot_0/fifo_timer_r/mem[4][4]$_DFFE_PP_/CLK (sky130_fd_sc_hd__edfxtp_1)
                         -0.25   15.56   clock uncertainty
                          0.98   16.54   clock reconvergence pessimism
                         -0.13   16.41   library setup time
                                 16.41   data required time
-----------------------------------------------------------------------------
                                 16.41   data required time
                                -42.19   data arrival time
-----------------------------------------------------------------------------
                                -25.78   slack (VIOLATED)


Startpoint: dot_clk_div/clk_div[0]$_SDFF_PP0_/Q
            (clock source 'dot_clk_div_clk_div2')
Endpoint: dot_clk_div/clk_div[1]$_SDFF_PP0_
          (rising edge-triggered flip-flop clocked by clk_s5_gate)
Path Group: clk_s5_gate
Path Type: max

Fanout     Cap    Slew   Delay    Time   Description
-----------------------------------------------------------------------------
                         12.50   12.50   clock dot_clk_div_clk_div2 (fall edge)
                          0.00   12.50   clock source latency
    49    0.24    1.05    0.74   13.24 ^ clk3 (in)
                                         clk3 (net)
                  1.05    0.00   13.24 ^ dot_clk_gate/_0_/A (sky130_fd_sc_hd__and2_1)
     2    0.13    1.21    1.06   14.30 ^ dot_clk_gate/_0_/X (sky130_fd_sc_hd__and2_1)
                                         clk_s5_gate (net)
                  1.21    0.00   14.31 ^ clkbuf_regs_3_clk_s5_gate/A (sky130_fd_sc_hd__clkbuf_16)
     1    0.01    0.06    0.30   14.61 ^ clkbuf_regs_3_clk_s5_gate/X (sky130_fd_sc_hd__clkbuf_16)
                                         clk_s5_gate_regs (net)
                  0.06    0.00   14.61 ^ clkbuf_0_clk_s5_gate_regs/A (sky130_fd_sc_hd__clkbuf_16)
     2    0.03    0.05    0.14   14.74 ^ clkbuf_0_clk_s5_gate_regs/X (sky130_fd_sc_hd__clkbuf_16)
                                         clknet_0_clk_s5_gate_regs (net)
                  0.05    0.00   14.75 ^ clkbuf_1_1__f_clk_s5_gate_regs/A (sky130_fd_sc_hd__clkbuf_16)
     2    0.06    0.08    0.15   14.90 ^ clkbuf_1_1__f_clk_s5_gate_regs/X (sky130_fd_sc_hd__clkbuf_16)
                                         clknet_1_1__leaf_clk_s5_gate_regs (net)
                  0.08    0.01   14.91 ^ dot_clk_div/clk_div[0]$_SDFF_PP0_/CLK (sky130_fd_sc_hd__dfxtp_1)
     1    0.01    0.06    0.33   15.24 v dot_clk_div/clk_div[0]$_SDFF_PP0_/Q (sky130_fd_sc_hd__dfxtp_1)
                                         dot_clk_div/clk_div2 (net)
                  0.06    0.00   15.24 v clkbuf_0_dot_clk_div/clk_div2/A (sky130_fd_sc_hd__clkbuf_16)
     2    0.07    0.06    0.18   15.42 v clkbuf_0_dot_clk_div/clk_div2/X (sky130_fd_sc_hd__clkbuf_16)
                                         clknet_0_dot_clk_div/clk_div2 (net)
                  0.06    0.00   15.43 v clkbuf_1_1__f_dot_clk_div/clk_div2/A (sky130_fd_sc_hd__clkbuf_16)
     4    0.04    0.05    0.17   15.60 v clkbuf_1_1__f_dot_clk_div/clk_div2/X (sky130_fd_sc_hd__clkbuf_16)
                                         clknet_1_1__leaf_dot_clk_div/clk_div2 (net)
                  0.05    0.00   15.60 v dot_clk_div/_11_/A (sky130_fd_sc_hd__ha_1)
     1    0.00    0.05    0.28   15.88 ^ dot_clk_div/_11_/SUM (sky130_fd_sc_hd__ha_1)
                                         dot_clk_div/_01_ (net)
                  0.05    0.00   15.88 ^ dot_clk_div/_06_/B_N (sky130_fd_sc_hd__nor2b_1)
     3    0.06    1.11    0.86   16.74 ^ dot_clk_div/_06_/Y (sky130_fd_sc_hd__nor2b_1)
                                         dot_clk_div/_02_ (net)
                  1.11    0.00   16.75 ^ dot_clk_div/clk_div[1]$_SDFF_PP0_/D (sky130_fd_sc_hd__dfxtp_1)
                                 16.75   data arrival time

                         25.00   25.00   clock clk_s5_gate (rise edge)
                          0.00   25.00   clock source latency
    49    0.24    1.05    0.74   25.74 ^ clk3 (in)
                                         clk3 (net)
                  1.05    0.00   25.74 ^ dot_clk_gate/_0_/A (sky130_fd_sc_hd__and2_1)
     2    0.13    1.21    1.06   26.80 ^ dot_clk_gate/_0_/X (sky130_fd_sc_hd__and2_1)
                                         clk_s5_gate (net)
                  1.21    0.00   26.81 ^ clkbuf_regs_3_clk_s5_gate/A (sky130_fd_sc_hd__clkbuf_16)
     1    0.01    0.06    0.30   27.11 ^ clkbuf_regs_3_clk_s5_gate/X (sky130_fd_sc_hd__clkbuf_16)
                                         clk_s5_gate_regs (net)
                  0.06    0.00   27.11 ^ clkbuf_0_clk_s5_gate_regs/A (sky130_fd_sc_hd__clkbuf_16)
     2    0.03    0.05    0.14   27.24 ^ clkbuf_0_clk_s5_gate_regs/X (sky130_fd_sc_hd__clkbuf_16)
                                         clknet_0_clk_s5_gate_regs (net)
                  0.05    0.00   27.25 ^ clkbuf_1_0__f_clk_s5_gate_regs/A (sky130_fd_sc_hd__clkbuf_16)
     2    0.05    0.07    0.15   27.39 ^ clkbuf_1_0__f_clk_s5_gate_regs/X (sky130_fd_sc_hd__clkbuf_16)
                                         clknet_1_0__leaf_clk_s5_gate_regs (net)
                  0.07    0.01   27.40 ^ dot_clk_div/clk_div[1]$_SDFF_PP0_/CLK (sky130_fd_sc_hd__dfxtp_1)
                         -0.25   27.15   clock uncertainty
                          0.00   27.15   clock reconvergence pessimism
                         -0.20   26.95   library setup time
                                 26.95   data required time
-----------------------------------------------------------------------------
                                 26.95   data required time
                                -16.75   data arrival time
-----------------------------------------------------------------------------
                                 10.21   slack (MET)


Startpoint: dma_config_0/m2_ar_addr[13]$_SDFFE_PP0P_
            (rising edge-triggered flip-flop clocked by clk_s3)
Endpoint: memory_axi_0/addr_reg[16]$_SDFFE_PP0P_
          (rising edge-triggered flip-flop clocked by clk_s8)
Path Group: clk_s8
Path Type: max

Fanout     Cap    Slew   Delay    Time   Description
-----------------------------------------------------------------------------
                          0.00    0.00   clock clk_s3 (rise edge)
                          0.00    0.00   clock source latency
     4    0.36    1.61    1.14    1.14 ^ clk1 (in)
                                         clk1 (net)
                  1.62    0.00    1.14 ^ clkbuf_regs_0_clk1/A (sky130_fd_sc_hd__clkbuf_16)
     1    0.01    0.07    0.33    1.47 ^ clkbuf_regs_0_clk1/X (sky130_fd_sc_hd__clkbuf_16)
                                         clk1_regs (net)
                  0.07    0.00    1.47 ^ clkbuf_0_clk1_regs/A (sky130_fd_sc_hd__clkbuf_16)
     3    0.17    0.18    0.24    1.71 ^ clkbuf_0_clk1_regs/X (sky130_fd_sc_hd__clkbuf_16)
                                         clknet_0_clk1_regs (net)
                  0.18    0.01    1.72 ^ clkbuf_1_1_0_clk1_regs/A (sky130_fd_sc_hd__clkbuf_16)
     2    0.08    0.10    0.22    1.94 ^ clkbuf_1_1_0_clk1_regs/X (sky130_fd_sc_hd__clkbuf_16)
                                         clknet_1_1_0_clk1_regs (net)
                  0.10    0.00    1.94 ^ clkbuf_2_3_0_clk1_regs/A (sky130_fd_sc_hd__clkbuf_16)
     2    0.11    0.13    0.21    2.15 ^ clkbuf_2_3_0_clk1_regs/X (sky130_fd_sc_hd__clkbuf_16)
                                         clknet_2_3_0_clk1_regs (net)
                  0.13    0.01    2.16 ^ clkbuf_3_6_0_clk1_regs/A (sky130_fd_sc_hd__clkbuf_16)
     2    0.11    0.12    0.22    2.37 ^ clkbuf_3_6_0_clk1_regs/X (sky130_fd_sc_hd__clkbuf_16)
                                         clknet_3_6_0_clk1_regs (net)
                  0.12    0.01    2.38 ^ clkbuf_4_12_0_clk1_regs/A (sky130_fd_sc_hd__clkbuf_16)
    16    0.35    0.36    0.38    2.76 ^ clkbuf_4_12_0_clk1_regs/X (sky130_fd_sc_hd__clkbuf_16)
                                         clknet_4_12_0_clk1_regs (net)
                  0.36    0.01    2.77 ^ clkbuf_8_196_0_clk1_regs/A (sky130_fd_sc_hd__clkbuf_16)
    11    0.18    0.20    0.33    3.10 ^ clkbuf_8_196_0_clk1_regs/X (sky130_fd_sc_hd__clkbuf_16)
                                         clknet_8_196_0_clk1_regs (net)
                  0.20    0.00    3.11 ^ clkbuf_leaf_838_clk1_regs/A (sky130_fd_sc_hd__clkbuf_16)
    12    0.05    0.07    0.20    3.31 ^ clkbuf_leaf_838_clk1_regs/X (sky130_fd_sc_hd__clkbuf_16)
                                         clknet_leaf_838_clk1_regs (net)
                  0.07    0.00    3.31 ^ clk_en_reg[3]$_SDFFE_PP1P_/CLK (sky130_fd_sc_hd__dfxtp_1)
     3    0.10    0.93    0.93    4.24 ^ clk_en_reg[3]$_SDFFE_PP1P_/Q (sky130_fd_sc_hd__dfxtp_1)
                                         clk_en_reg[3] (net)
                  0.93    0.01    4.25 ^ dma_clk_gate/_0_/B (sky130_fd_sc_hd__and2_1)
     1    0.01    0.15    0.30    4.55 ^ dma_clk_gate/_0_/X (sky130_fd_sc_hd__and2_1)
                                         clk_s3 (net)
                  0.15    0.00    4.55 ^ clkbuf_0_clk_s3/A (sky130_fd_sc_hd__clkbuf_16)
     4    0.13    0.14    0.24    4.79 ^ clkbuf_0_clk_s3/X (sky130_fd_sc_hd__clkbuf_16)
                                         clknet_0_clk_s3 (net)
                  0.14    0.00    4.80 ^ clkbuf_2_2__f_clk_s3/A (sky130_fd_sc_hd__clkbuf_16)
    12    0.21    0.22    0.29    5.09 ^ clkbuf_2_2__f_clk_s3/X (sky130_fd_sc_hd__clkbuf_16)
                                         clknet_2_2__leaf_clk_s3 (net)
                  0.22    0.00    5.10 ^ clkbuf_leaf_17_clk_s3/A (sky130_fd_sc_hd__clkbuf_16)
     9    0.04    0.06    0.20    5.29 ^ clkbuf_leaf_17_clk_s3/X (sky130_fd_sc_hd__clkbuf_16)
                                         clknet_leaf_17_clk_s3 (net)
                  0.06    0.00    5.29 ^ dma_config_0/m2_ar_addr[13]$_SDFFE_PP0P_/CLK (sky130_fd_sc_hd__dfxtp_1)
     3    0.03    0.16    0.41    5.70 v dma_config_0/m2_ar_addr[13]$_SDFFE_PP0P_/Q (sky130_fd_sc_hd__dfxtp_1)
                                         m2_ar_addr[13] (net)
                  0.16    0.00    5.71 v interconnect_0/hold35473/A (sky130_fd_sc_hd__dlygate4sd3_1)
     3    0.03    0.18    0.74    6.45 v interconnect_0/hold35473/X (sky130_fd_sc_hd__dlygate4sd3_1)
                                         interconnect_0/net35472 (net)
                  0.18    0.00    6.45 v interconnect_0/_1155_/A3 (sky130_fd_sc_hd__o41ai_1)
     1    0.01    0.61    0.62    7.07 ^ interconnect_0/_1155_/Y (sky130_fd_sc_hd__o41ai_1)
                                         interconnect_0/_0348_ (net)
                  0.61    0.00    7.07 ^ interconnect_0/_1156_/B1 (sky130_fd_sc_hd__o21ai_1)
     1    0.01    0.18    0.23    7.30 v interconnect_0/_1156_/Y (sky130_fd_sc_hd__o21ai_1)
                                         interconnect_0/_0349_ (net)
                  0.18    0.00    7.30 v interconnect_0/_1157_/C1 (sky130_fd_sc_hd__a211oi_4)
    10    0.06    0.65    0.57    7.87 ^ interconnect_0/_1157_/Y (sky130_fd_sc_hd__a211oi_4)
                                         interconnect_0/_0350_ (net)
                  0.65    0.01    7.87 ^ interconnect_0/_1176_/A2 (sky130_fd_sc_hd__a31oi_1)
     1    0.00    0.14    0.20    8.07 v interconnect_0/_1176_/Y (sky130_fd_sc_hd__a31oi_1)
                                         interconnect_0/_0369_ (net)
                  0.14    0.00    8.07 v interconnect_0/place30842/A (sky130_fd_sc_hd__buf_4)
    11    0.06    0.08    0.24    8.31 v interconnect_0/place30842/X (sky130_fd_sc_hd__buf_4)
                                         interconnect_0/net30841 (net)
                  0.08    0.00    8.31 v interconnect_0/_1226_/A (sky130_fd_sc_hd__and3_1)
     1    0.00    0.04    0.16    8.47 v interconnect_0/_1226_/X (sky130_fd_sc_hd__and3_1)
                                         interconnect_0/_0419_ (net)
                  0.04    0.00    8.47 v interconnect_0/hold35507/A (sky130_fd_sc_hd__dlygate4sd3_1)
     2    0.01    0.08    0.59    9.06 v interconnect_0/hold35507/X (sky130_fd_sc_hd__dlygate4sd3_1)
                                         interconnect_0/net35506 (net)
                  0.08    0.00    9.07 v interconnect_0/_1227_/B_N (sky130_fd_sc_hd__nor2b_1)
     1    0.01    0.06    0.17    9.23 v interconnect_0/_1227_/Y (sky130_fd_sc_hd__nor2b_1)
                                         interconnect_0/_0420_ (net)
                  0.06    0.00    9.23 v interconnect_0/hold35508/A (sky130_fd_sc_hd__dlygate4sd3_1)
     4    0.04    0.20    0.71    9.94 v interconnect_0/hold35508/X (sky130_fd_sc_hd__dlygate4sd3_1)
                                         interconnect_0/net35507 (net)
                  0.20    0.00    9.94 v interconnect_0/place30366/A (sky130_fd_sc_hd__buf_4)
    20    0.16    0.20    0.33   10.27 v interconnect_0/place30366/X (sky130_fd_sc_hd__buf_4)
                                         interconnect_0/net30365 (net)
                  0.20    0.00   10.27 v interconnect_0/_2498_/B1 (sky130_fd_sc_hd__a22o_1)
     1    0.00    0.05    0.24   10.51 v interconnect_0/_2498_/X (sky130_fd_sc_hd__a22o_1)
                                         s8_ar_valid (net)
                  0.05    0.00   10.51 v memory_axi_0/hold35488/A (sky130_fd_sc_hd__dlygate4sd3_1)
     5    0.02    0.11    0.62   11.13 v memory_axi_0/hold35488/X (sky130_fd_sc_hd__dlygate4sd3_1)
                                         memory_axi_0/net35487 (net)
                  0.11    0.00   11.13 v memory_axi_0/_0644_/A_N (sky130_fd_sc_hd__and3b_2)
    12    0.08    0.42    0.53   11.66 ^ memory_axi_0/_0644_/X (sky130_fd_sc_hd__and3b_2)
                                         memory_axi_0/_0104_ (net)
                  0.42    0.01   11.67 ^ memory_axi_0/place29158/A (sky130_fd_sc_hd__buf_4)
    20    0.11    0.32    0.39   12.06 ^ memory_axi_0/place29158/X (sky130_fd_sc_hd__buf_4)
                                         memory_axi_0/net29157 (net)
                  0.32    0.01   12.07 ^ memory_axi_0/place29157/A (sky130_fd_sc_hd__buf_4)
    13    0.08    0.21    0.31   12.38 ^ memory_axi_0/place29157/X (sky130_fd_sc_hd__buf_4)
                                         memory_axi_0/net29156 (net)
                  0.21    0.00   12.38 ^ memory_axi_0/_0935_/B1 (sky130_fd_sc_hd__a22oi_1)
     1    0.00    0.09    0.11   12.49 v memory_axi_0/_0935_/Y (sky130_fd_sc_hd__a22oi_1)
                                         memory_axi_0/_0371_ (net)
                  0.09    0.00   12.49 v memory_axi_0/hold35486/A (sky130_fd_sc_hd__dlygate4sd3_1)
     1    0.01    0.07    0.59   13.08 v memory_axi_0/hold35486/X (sky130_fd_sc_hd__dlygate4sd3_1)
                                         memory_axi_0/net35485 (net)
                  0.07    0.00   13.08 v memory_axi_0/_0936_/B (sky130_fd_sc_hd__nand2_1)
     2    0.01    0.11    0.12   13.20 ^ memory_axi_0/_0936_/Y (sky130_fd_sc_hd__nand2_1)
                                         memory_axi_0/_0372_ (net)
                  0.11    0.00   13.20 ^ memory_axi_0/_0937_/A2 (sky130_fd_sc_hd__a211oi_1)
     1    0.00    0.20    0.09   13.30 v memory_axi_0/_0937_/Y (sky130_fd_sc_hd__a211oi_1)
                                         memory_axi_0/_0373_ (net)
                  0.20    0.00   13.30 v memory_axi_0/_0940_/B (sky130_fd_sc_hd__nor3_1)
     1    0.00    0.18    0.24   13.54 ^ memory_axi_0/_0940_/Y (sky130_fd_sc_hd__nor3_1)
                                         memory_axi_0/_0052_ (net)
                  0.18    0.00   13.54 ^ memory_axi_0/addr_reg[16]$_SDFFE_PP0P_/D (sky130_fd_sc_hd__dfxtp_1)
                                 13.54   data arrival time

                         10.00   10.00   clock clk_s8 (rise edge)
                          0.00   10.00   clock source latency
     4    0.36    1.61    1.13   11.13 ^ clk1 (in)
                                         clk1 (net)
                  1.62    0.00   11.13 ^ clkbuf_0_clk1/A (sky130_fd_sc_hd__clkbuf_16)
     2    0.04    0.10    0.37   11.50 ^ clkbuf_0_clk1/X (sky130_fd_sc_hd__clkbuf_16)
                                         clknet_0_clk1 (net)
                  0.10    0.00   11.50 ^ clkbuf_1_0__f_clk1/A (sky130_fd_sc_hd__clkbuf_16)
     1    0.02    0.04    0.14   11.64 ^ clkbuf_1_0__f_clk1/X (sky130_fd_sc_hd__clkbuf_16)
                                         clknet_1_0__leaf_clk1 (net)
                  0.04    0.00   11.64 ^ memory_clk_gate/_0_/A (sky130_fd_sc_hd__and2_1)
     1    0.01    0.12    0.17   11.81 ^ memory_clk_gate/_0_/X (sky130_fd_sc_hd__and2_1)
                                         clk_s8 (net)
                  0.12    0.00   11.81 ^ clkbuf_0_clk_s8/A (sky130_fd_sc_hd__clkbuf_16)
     4    0.18    0.19    0.26   12.07 ^ clkbuf_0_clk_s8/X (sky130_fd_sc_hd__clkbuf_16)
                                         clknet_0_clk_s8 (net)
                  0.19    0.01   12.08 ^ clkbuf_2_3_0_clk_s8/A (sky130_fd_sc_hd__clkbuf_16)
     4    0.12    0.13    0.25   12.33 ^ clkbuf_2_3_0_clk_s8/X (sky130_fd_sc_hd__clkbuf_16)
                                         clknet_2_3_0_clk_s8 (net)
                  0.13    0.00   12.33 ^ clkbuf_4_15__f_clk_s8/A (sky130_fd_sc_hd__clkbuf_16)
     8    0.19    0.20    0.28   12.61 ^ clkbuf_4_15__f_clk_s8/X (sky130_fd_sc_hd__clkbuf_16)
                                         clknet_4_15__leaf_clk_s8 (net)
                  0.20    0.01   12.62 ^ clkbuf_leaf_144_clk_s8/A (sky130_fd_sc_hd__clkbuf_16)
     8    0.04    0.07    0.20   12.82 ^ clkbuf_leaf_144_clk_s8/X (sky130_fd_sc_hd__clkbuf_16)
                                         clknet_leaf_144_clk_s8 (net)
                  0.07    0.00   12.82 ^ memory_axi_0/addr_reg[16]$_SDFFE_PP0P_/CLK (sky130_fd_sc_hd__dfxtp_1)
                         -0.25   12.57   clock uncertainty
                          0.00   12.57   clock reconvergence pessimism
                         -0.08   12.49   library setup time
                                 12.49   data required time
-----------------------------------------------------------------------------
                                 12.49   data required time
                                -13.54   data arrival time
-----------------------------------------------------------------------------
                                 -1.05   slack (VIOLATED)



==========================================================================
global route report_check_types -max_slew -max_cap -max_fanout -violators
--------------------------------------------------------------------------
max slew

Pin                                    Limit    Slew   Slack
------------------------------------------------------------
timer_clk_div/_06_/Y                    1.50    2.22   -0.72 (VIOLATED)
ANTENNA_416/DIODE                       1.50    2.22   -0.72 (VIOLATED)
ANTENNA_417/DIODE                       1.50    2.22   -0.72 (VIOLATED)
ANTENNA_418/DIODE                       1.50    2.22   -0.72 (VIOLATED)
ANTENNA_419/DIODE                       1.50    2.22   -0.72 (VIOLATED)
ANTENNA_420/DIODE                       1.50    2.22   -0.72 (VIOLATED)
ANTENNA_421/DIODE                       1.50    2.22   -0.72 (VIOLATED)
ANTENNA_422/DIODE                       1.50    2.22   -0.72 (VIOLATED)
ANTENNA_423/DIODE                       1.50    2.22   -0.72 (VIOLATED)
ANTENNA_424/DIODE                       1.50    2.22   -0.72 (VIOLATED)
timer_clk_div/clk_div[1]$_SDFF_PP0_/D    1.50    2.22   -0.72 (VIOLATED)
clkbuf_regs_1_clk_s1_gate/A             1.50    2.12   -0.62 (VIOLATED)
clkbuf_0_clk_s1_gate/A                  1.50    2.12   -0.62 (VIOLATED)
timer_clk_gate/_0_/X                    1.50    2.12   -0.62 (VIOLATED)
timer_clk_div/_07_/Y                    1.49    2.03   -0.54 (VIOLATED)
ANTENNA_425/DIODE                       1.50    2.03   -0.53 (VIOLATED)
ANTENNA_427/DIODE                       1.50    2.03   -0.53 (VIOLATED)
ANTENNA_429/DIODE                       1.50    2.03   -0.53 (VIOLATED)
ANTENNA_431/DIODE                       1.50    2.03   -0.53 (VIOLATED)
timer_clk_div/clk_div[0]$_SDFF_PP0_/D    1.50    2.03   -0.53 (VIOLATED)
ANTENNA_426/DIODE                       1.50    2.03   -0.53 (VIOLATED)
ANTENNA_428/DIODE                       1.50    2.03   -0.53 (VIOLATED)
ANTENNA_430/DIODE                       1.50    2.03   -0.53 (VIOLATED)
ANTENNA_432/DIODE                       1.50    2.03   -0.53 (VIOLATED)
ANTENNA_433/DIODE                       1.50    2.03   -0.53 (VIOLATED)
ANTENNA_434/DIODE                       1.50    2.03   -0.53 (VIOLATED)
ANTENNA_435/DIODE                       1.50    2.03   -0.53 (VIOLATED)
timer_clk_div/_09_/Y                    1.49    1.91   -0.41 (VIOLATED)
timer_clk_div/clk_div[2]$_SDFF_PP0_/D    1.50    1.91   -0.41 (VIOLATED)
uart_clk_div/_06_/Y                     1.50    1.87   -0.38 (VIOLATED)
ANTENNA_654/DIODE                       1.50    1.87   -0.37 (VIOLATED)
ANTENNA_655/DIODE                       1.50    1.87   -0.37 (VIOLATED)
uart_clk_div/clk_div[1]$_SDFF_PP0_/D    1.50    1.87   -0.37 (VIOLATED)
ANTENNA_656/DIODE                       1.50    1.87   -0.37 (VIOLATED)
ANTENNA_657/DIODE                       1.50    1.87   -0.37 (VIOLATED)
ANTENNA_658/DIODE                       1.50    1.87   -0.37 (VIOLATED)
ANTENNA_659/DIODE                       1.50    1.87   -0.37 (VIOLATED)
ANTENNA_660/DIODE                       1.50    1.87   -0.37 (VIOLATED)
ANTENNA_661/DIODE                       1.50    1.87   -0.37 (VIOLATED)
ANTENNA_663/DIODE                       1.50    1.87   -0.37 (VIOLATED)
ANTENNA_662/DIODE                       1.50    1.87   -0.37 (VIOLATED)
ANTENNA_664/DIODE                       1.50    1.87   -0.37 (VIOLATED)
clkbuf_0_clk_s4_gate/A                  1.50    1.75   -0.25 (VIOLATED)
clkbuf_regs_4_clk_s4_gate/A             1.50    1.75   -0.25 (VIOLATED)
uart_clk_gate/_0_/X                     1.50    1.75   -0.25 (VIOLATED)
clkbuf_regs_0_clk1/A                    1.50    1.62   -0.12 (VIOLATED)
ANTENNA_3/DIODE                         1.50    1.62   -0.12 (VIOLATED)
clkbuf_0_clk1/A                         1.50    1.62   -0.12 (VIOLATED)
ANTENNA_2/DIODE                         1.50    1.62   -0.12 (VIOLATED)
clk1                                    1.50    1.61   -0.12 (VIOLATED)
uart_clk_div/_07_/Y                     1.49    1.55   -0.06 (VIOLATED)
uart_clk_div/clk_div[0]$_SDFF_PP0_/D    1.50    1.55   -0.05 (VIOLATED)

max fanout

Pin                                   Limit Fanout  Slack
---------------------------------------------------------
clk3                                     20     49    -29 (VIOLATED)
clkbuf_4_0__f_clk_s8/X                   20     24     -4 (VIOLATED)
clk5                                     20     23     -3 (VIOLATED)
clkbuf_8_87_0_clk1_regs/X                20     23     -3 (VIOLATED)
d_cache_0/place29816/X                   20     23     -3 (VIOLATED)
d_cache_axi_0/place27221/X               20     23     -3 (VIOLATED)
clkbuf_8_213_0_clk1_regs/X               20     22     -2 (VIOLATED)
d_cache_0/i_mem_0/place32659/X           20     21        (VIOLATED)
d_cache_0/i_mem_0/place32692/X           20     21        (VIOLATED)
d_cache_0/i_mem_2/place32599/X           20     21        (VIOLATED)
d_cache_0/place29987/X                   20     21        (VIOLATED)
d_read_buffer_0/place28692/X             20     21        (VIOLATED)
dma_config_0/dma_0/place32423/X          20     21        (VIOLATED)

max capacitance

Pin                                    Limit     Cap   Slack
------------------------------------------------------------
timer_clk_gate/_0_/X                    0.16    0.23   -0.07 (VIOLATED)

timer_clk_div/_06_/Y                    0.08    0.12   -0.04 (VIOLATED)

timer_clk_div/_07_/Y                    0.09    0.12   -0.03 (VIOLATED)

clk1                                    0.33    0.36   -0.03 (VIOLATED)

uart_clk_gate/_0_/X                     0.16    0.19   -0.03 (VIOLATED)

timer_clk_div/_09_/Y                    0.09    0.11   -0.03 (VIOLATED)

uart_clk_div/_06_/Y                     0.08    0.10   -0.02 (VIOLATED)

uart_clk_div/_07_/Y                     0.09    0.09   -0.00 (VIOLATED)


==========================================================================
global route max_slew_check_slack
--------------------------------------------------------------------------
-0.7242591381072998

==========================================================================
global route max_slew_check_limit
--------------------------------------------------------------------------
1.49691903591156

==========================================================================
global route max_slew_check_slack_limit
--------------------------------------------------------------------------
-0.4838

==========================================================================
global route max_fanout_check_slack
--------------------------------------------------------------------------
-29.0

==========================================================================
global route max_fanout_check_limit
--------------------------------------------------------------------------
20.0

==========================================================================
global route max_fanout_check_slack_limit
--------------------------------------------------------------------------
-1.4500

==========================================================================
global route max_capacitance_check_slack
--------------------------------------------------------------------------
-0.06730369478464127

==========================================================================
global route max_capacitance_check_limit
--------------------------------------------------------------------------
0.15839600563049316

==========================================================================
global route max_capacitance_check_slack_limit
--------------------------------------------------------------------------
-0.4249

==========================================================================
global route max_slew_violation_count
--------------------------------------------------------------------------
max slew violation count 52

==========================================================================
global route max_fanout_violation_count
--------------------------------------------------------------------------
max fanout violation count 13

==========================================================================
global route max_cap_violation_count
--------------------------------------------------------------------------
max cap violation count 8

==========================================================================
global route setup_violation_count
--------------------------------------------------------------------------
setup violation count 2075

==========================================================================
global route hold_violation_count
--------------------------------------------------------------------------
hold violation count 0

==========================================================================
global route report_checks -path_delay max reg to reg
--------------------------------------------------------------------------
Startpoint: processor_0/ex_stage/mul_unit_ex/s1_a[0]$_SDFFE_PP0P_
            (rising edge-triggered flip-flop clocked by clk1)
Endpoint: processor_0/ex_stage/mul_unit_ex/product[59]$_SDFFE_PP0P_
          (rising edge-triggered flip-flop clocked by clk1)
Path Group: clk1
Path Type: max

  Delay    Time   Description
---------------------------------------------------------
   0.00    0.00   clock clk1 (rise edge)
   0.00    0.00   clock source latency
   1.14    1.14 ^ clk1 (in)
   0.33    1.47 ^ clkbuf_regs_0_clk1/X (sky130_fd_sc_hd__clkbuf_16)
   0.24    1.71 ^ clkbuf_0_clk1_regs/X (sky130_fd_sc_hd__clkbuf_16)
   0.22    1.94 ^ clkbuf_1_0_0_clk1_regs/X (sky130_fd_sc_hd__clkbuf_16)
   0.22    2.15 ^ clkbuf_2_0_0_clk1_regs/X (sky130_fd_sc_hd__clkbuf_16)
   0.21    2.36 ^ clkbuf_3_1_0_clk1_regs/X (sky130_fd_sc_hd__clkbuf_16)
   0.37    2.73 ^ clkbuf_4_3_0_clk1_regs/X (sky130_fd_sc_hd__clkbuf_16)
   0.33    3.06 ^ clkbuf_8_61_0_clk1_regs/X (sky130_fd_sc_hd__clkbuf_16)
   0.20    3.26 ^ clkbuf_leaf_2396_clk1_regs/X (sky130_fd_sc_hd__clkbuf_16)
   0.00    3.26 ^ processor_0/ex_stage/mul_unit_ex/s1_a[0]$_SDFFE_PP0P_/CLK (sky130_fd_sc_hd__dfxtp_1)
   0.36    3.62 v processor_0/ex_stage/mul_unit_ex/s1_a[0]$_SDFFE_PP0P_/Q (sky130_fd_sc_hd__dfxtp_1)
   0.41    4.02 ^ processor_0/ex_stage/mul_unit_ex/_05577_/Y (sky130_fd_sc_hd__nor4_1)
   0.25    4.27 ^ processor_0/ex_stage/mul_unit_ex/place33264/X (sky130_fd_sc_hd__buf_4)
   0.26    4.53 ^ processor_0/ex_stage/mul_unit_ex/_05578_/Y (sky130_fd_sc_hd__nor4b_2)
   0.20    4.74 ^ processor_0/ex_stage/mul_unit_ex/place32245/X (sky130_fd_sc_hd__buf_4)
   0.07    4.81 v processor_0/ex_stage/mul_unit_ex/_05650_/Y (sky130_fd_sc_hd__nand2_1)
   0.40    5.21 v processor_0/ex_stage/mul_unit_ex/_05651_/X (sky130_fd_sc_hd__or3_1)
   0.37    5.59 v processor_0/ex_stage/mul_unit_ex/_05653_/X (sky130_fd_sc_hd__or3_4)
   0.40    5.98 v processor_0/ex_stage/mul_unit_ex/_05654_/X (sky130_fd_sc_hd__or3_4)
   0.17    6.15 v processor_0/ex_stage/mul_unit_ex/place30814/X (sky130_fd_sc_hd__buf_12)
   0.15    6.30 v processor_0/ex_stage/mul_unit_ex/place30813/X (sky130_fd_sc_hd__buf_12)
   0.10    6.40 ^ processor_0/ex_stage/mul_unit_ex/_07104_/Y (sky130_fd_sc_hd__nand2_1)
   0.16    6.56 ^ processor_0/ex_stage/mul_unit_ex/_07105_/Y (sky130_fd_sc_hd__xnor2_1)
   0.11    6.67 v processor_0/ex_stage/mul_unit_ex/_07107_/Y (sky130_fd_sc_hd__a22oi_1)
   0.33    7.00 ^ processor_0/ex_stage/mul_unit_ex/_07115_/Y (sky130_fd_sc_hd__o211ai_1)
   0.55    7.55 v processor_0/ex_stage/mul_unit_ex/_10560_/SUM (sky130_fd_sc_hd__fa_1)
   0.50    8.05 v processor_0/ex_stage/mul_unit_ex/_10943_/SUM (sky130_fd_sc_hd__fa_1)
   0.45    8.50 v processor_0/ex_stage/mul_unit_ex/_10824_/COUT (sky130_fd_sc_hd__fa_1)
   0.23    8.73 v processor_0/ex_stage/mul_unit_ex/place28906/X (sky130_fd_sc_hd__buf_4)
   0.69    9.41 ^ processor_0/ex_stage/mul_unit_ex/_10348_/SUM (sky130_fd_sc_hd__fa_1)
   0.53    9.94 v processor_0/ex_stage/mul_unit_ex/_10674_/SUM (sky130_fd_sc_hd__fa_1)
   0.50   10.44 v processor_0/ex_stage/mul_unit_ex/_10364_/SUM (sky130_fd_sc_hd__fa_1)
   0.36   10.80 v processor_0/ex_stage/mul_unit_ex/_11075_/SUM (sky130_fd_sc_hd__ha_1)
   0.21   11.02 ^ processor_0/ex_stage/mul_unit_ex/_09649_/Y (sky130_fd_sc_hd__nand3_1)
   0.11   11.12 v processor_0/ex_stage/mul_unit_ex/_09766_/Y (sky130_fd_sc_hd__nor3_1)
   0.15   11.27 v processor_0/ex_stage/mul_unit_ex/place25859/X (sky130_fd_sc_hd__buf_4)
   0.14   11.41 v processor_0/ex_stage/mul_unit_ex/place25858/X (sky130_fd_sc_hd__buf_4)
   0.12   11.53 ^ processor_0/ex_stage/mul_unit_ex/_09776_/Y (sky130_fd_sc_hd__o21ai_1)
   0.18   11.71 v processor_0/ex_stage/mul_unit_ex/_09783_/Y (sky130_fd_sc_hd__nand3_1)
   0.28   11.99 ^ processor_0/ex_stage/mul_unit_ex/_09791_/Y (sky130_fd_sc_hd__a32oi_1)
   0.24   12.22 ^ processor_0/ex_stage/mul_unit_ex/place25780/X (sky130_fd_sc_hd__buf_4)
   0.20   12.42 v processor_0/ex_stage/mul_unit_ex/_09792_/Y (sky130_fd_sc_hd__nand2_1)
   0.43   12.86 v processor_0/ex_stage/mul_unit_ex/_09805_/X (sky130_fd_sc_hd__a211o_4)
   0.24   13.10 v processor_0/ex_stage/mul_unit_ex/_09869_/X (sky130_fd_sc_hd__a21o_1)
   0.27   13.37 ^ processor_0/ex_stage/mul_unit_ex/_09870_/Y (sky130_fd_sc_hd__a31oi_1)
   0.21   13.58 v processor_0/ex_stage/mul_unit_ex/_09871_/Y (sky130_fd_sc_hd__xnor2_2)
   0.21   13.79 v processor_0/ex_stage/mul_unit_ex/place25567/X (sky130_fd_sc_hd__buf_12)
   0.20   13.99 v processor_0/ex_stage/mul_unit_ex/_09872_/X (sky130_fd_sc_hd__a22o_1)
   0.00   13.99 v processor_0/ex_stage/mul_unit_ex/product[59]$_SDFFE_PP0P_/D (sky130_fd_sc_hd__dfxtp_1)
          13.99   data arrival time

  10.00   10.00   clock clk1 (rise edge)
   0.00   10.00   clock source latency
   1.14   11.14 ^ clk1 (in)
   0.33   11.47 ^ clkbuf_regs_0_clk1/X (sky130_fd_sc_hd__clkbuf_16)
   0.24   11.71 ^ clkbuf_0_clk1_regs/X (sky130_fd_sc_hd__clkbuf_16)
   0.22   11.94 ^ clkbuf_1_0_0_clk1_regs/X (sky130_fd_sc_hd__clkbuf_16)
   0.22   12.15 ^ clkbuf_2_0_0_clk1_regs/X (sky130_fd_sc_hd__clkbuf_16)
   0.21   12.36 ^ clkbuf_3_1_0_clk1_regs/X (sky130_fd_sc_hd__clkbuf_16)
   0.37   12.73 ^ clkbuf_4_3_0_clk1_regs/X (sky130_fd_sc_hd__clkbuf_16)
   0.33   13.06 ^ clkbuf_8_61_0_clk1_regs/X (sky130_fd_sc_hd__clkbuf_16)
   0.19   13.26 ^ clkbuf_leaf_2379_clk1_regs/X (sky130_fd_sc_hd__clkbuf_16)
   0.00   13.26 ^ processor_0/ex_stage/mul_unit_ex/product[59]$_SDFFE_PP0P_/CLK (sky130_fd_sc_hd__dfxtp_1)
  -0.25   13.01   clock uncertainty
   0.00   13.01   clock reconvergence pessimism
  -0.11   12.90   library setup time
          12.90   data required time
---------------------------------------------------------
          12.90   data required time
         -13.99   data arrival time
---------------------------------------------------------
          -1.09   slack (VIOLATED)


Startpoint: timer_0/fifo_timer_w/counter_2[1]$_SDFFE_PP0P_
            (rising edge-triggered flip-flop clocked by clk_s1)
Endpoint: timer_0/fifo_timer_r/mem[10][19]$_DFFE_PP_
          (rising edge-triggered flip-flop clocked by clk_s1)
Path Group: clk_s1
Path Type: max

  Delay    Time   Description
---------------------------------------------------------
   0.00    0.00   clock clk_s1 (rise edge)
   0.00    0.00   clock source latency
   0.62    0.62 ^ clk4 (in)
   1.69    2.31 ^ timer_clk_gate/_0_/X (sky130_fd_sc_hd__and2_1)
   0.38    2.70 ^ clkbuf_regs_1_clk_s1_gate/X (sky130_fd_sc_hd__clkbuf_16)
   0.14    2.84 ^ clkbuf_0_clk_s1_gate_regs/X (sky130_fd_sc_hd__clkbuf_16)
   0.18    3.02 ^ clkbuf_1_0__f_clk_s1_gate_regs/X (sky130_fd_sc_hd__clkbuf_16)
   0.02    3.05 ^ timer_clk_div/clk_div[0]$_SDFF_PP0_/CLK (sky130_fd_sc_hd__dfxtp_1)
   0.41    3.46 ^ timer_clk_div/clk_div[0]$_SDFF_PP0_/Q (sky130_fd_sc_hd__dfxtp_1)
   0.20    3.66 ^ clkbuf_0_timer_clk_div/clk_div2/X (sky130_fd_sc_hd__clkbuf_16)
   0.28    3.94 ^ clkbuf_1_0__f_timer_clk_div/clk_div2/X (sky130_fd_sc_hd__clkbuf_16)
   0.32    4.26 ^ timer_clk_div/_10_/X (sky130_fd_sc_hd__mux4_2)
   0.24    4.50 ^ clkbuf_0_clk_s1/X (sky130_fd_sc_hd__clkbuf_16)
   0.25    4.75 ^ clkbuf_3_1__f_clk_s1/X (sky130_fd_sc_hd__clkbuf_16)
   0.18    4.93 ^ clkbuf_leaf_0_clk_s1/X (sky130_fd_sc_hd__clkbuf_16)
   0.00    4.93 ^ timer_0/fifo_timer_w/counter_2[1]$_SDFFE_PP0P_/CLK (sky130_fd_sc_hd__dfxtp_1)
   0.32    5.26 ^ timer_0/fifo_timer_w/counter_2[1]$_SDFFE_PP0P_/Q (sky130_fd_sc_hd__dfxtp_1)
   0.37    5.63 ^ timer_0/fifo_timer_w/place31260/X (sky130_fd_sc_hd__buf_4)
   0.54    6.17 ^ timer_0/fifo_timer_w/place31259/X (sky130_fd_sc_hd__buf_4)
   0.56    6.73 ^ timer_0/fifo_timer_w/place31257/X (sky130_fd_sc_hd__buf_4)
   0.49    7.22 v timer_0/fifo_timer_w/_436_/Y (sky130_fd_sc_hd__nand2b_1)
   0.51    7.72 ^ timer_0/fifo_timer_w/_523_/Y (sky130_fd_sc_hd__o22ai_1)
   0.11    7.83 v timer_0/fifo_timer_w/_527_/Y (sky130_fd_sc_hd__nor3_2)
   0.67    8.50 ^ timer_0/timer_0/_0548_/Y (sky130_fd_sc_hd__nor4b_1)
   0.91    9.41 v timer_0/timer_0/_0550_/Y (sky130_fd_sc_hd__nand3b_1)
   0.52    9.93 v timer_0/timer_0/place29073/X (sky130_fd_sc_hd__buf_4)
   1.10   11.02 ^ timer_0/timer_0/_0611_/Y (sky130_fd_sc_hd__nor2_1)
   0.02   11.04 ^ timer_0/fifo_timer_r/mem[10][19]$_DFFE_PP_/D (sky130_fd_sc_hd__edfxtp_1)
          11.04   data arrival time

  25.00   25.00   clock clk_s1 (rise edge)
   0.00   25.00   clock source latency
   0.62   25.62 ^ clk4 (in)
   1.69   27.31 ^ timer_clk_gate/_0_/X (sky130_fd_sc_hd__and2_1)
   0.39   27.70 ^ clkbuf_0_clk_s1_gate/X (sky130_fd_sc_hd__clkbuf_16)
   0.13   27.83 ^ clkbuf_1_0__f_clk_s1_gate/X (sky130_fd_sc_hd__clkbuf_16)
   0.26   28.09 ^ timer_clk_div/_10_/X (sky130_fd_sc_hd__mux4_2)
   0.24   28.33 ^ clkbuf_0_clk_s1/X (sky130_fd_sc_hd__clkbuf_16)
   0.25   28.57 ^ clkbuf_3_2__f_clk_s1/X (sky130_fd_sc_hd__clkbuf_16)
   0.18   28.75 ^ clkbuf_leaf_44_clk_s1/X (sky130_fd_sc_hd__clkbuf_16)
   0.00   28.76 ^ timer_0/fifo_timer_r/mem[10][19]$_DFFE_PP_/CLK (sky130_fd_sc_hd__edfxtp_1)
  -0.25   28.51   clock uncertainty
   1.18   29.68   clock reconvergence pessimism
  -0.40   29.28   library setup time
          29.28   data required time
---------------------------------------------------------
          29.28   data required time
         -11.04   data arrival time
---------------------------------------------------------
          18.25   slack (MET)


Startpoint: timer_clk_div/clk_div[0]$_SDFF_PP0_/Q
            (clock source 'timer_clk_div_clk_div2')
Endpoint: timer_clk_div/clk_div[1]$_SDFF_PP0_
          (rising edge-triggered flip-flop clocked by clk_s1_gate)
Path Group: clk_s1_gate
Path Type: max

  Delay    Time   Description
---------------------------------------------------------
  25.00   25.00   clock timer_clk_div_clk_div2 (fall edge)
   0.00   25.00   clock source latency
   0.62   25.62 ^ clk4 (in)
   1.69   27.31 ^ timer_clk_gate/_0_/X (sky130_fd_sc_hd__and2_1)
   0.38   27.70 ^ clkbuf_regs_1_clk_s1_gate/X (sky130_fd_sc_hd__clkbuf_16)
   0.14   27.84 ^ clkbuf_0_clk_s1_gate_regs/X (sky130_fd_sc_hd__clkbuf_16)
   0.18   28.02 ^ clkbuf_1_0__f_clk_s1_gate_regs/X (sky130_fd_sc_hd__clkbuf_16)
   0.02   28.05 ^ timer_clk_div/clk_div[0]$_SDFF_PP0_/CLK (sky130_fd_sc_hd__dfxtp_1)
   0.37   28.41 v timer_clk_div/clk_div[0]$_SDFF_PP0_/Q (sky130_fd_sc_hd__dfxtp_1)
   0.19   28.60 v clkbuf_0_timer_clk_div/clk_div2/X (sky130_fd_sc_hd__clkbuf_16)
   0.19   28.79 v clkbuf_1_1__f_timer_clk_div/clk_div2/X (sky130_fd_sc_hd__clkbuf_16)
   0.29   29.09 ^ timer_clk_div/_11_/SUM (sky130_fd_sc_hd__ha_1)
   1.66   30.75 ^ timer_clk_div/_06_/Y (sky130_fd_sc_hd__nor2b_1)
   0.01   30.76 ^ timer_clk_div/clk_div[1]$_SDFF_PP0_/D (sky130_fd_sc_hd__dfxtp_1)
          30.76   data arrival time

  50.00   50.00   clock clk_s1_gate (rise edge)
   0.00   50.00   clock source latency
   0.62   50.62 ^ clk4 (in)
   1.69   52.31 ^ timer_clk_gate/_0_/X (sky130_fd_sc_hd__and2_1)
   0.38   52.70 ^ clkbuf_regs_1_clk_s1_gate/X (sky130_fd_sc_hd__clkbuf_16)
   0.14   52.84 ^ clkbuf_0_clk_s1_gate_regs/X (sky130_fd_sc_hd__clkbuf_16)
   0.18   53.02 ^ clkbuf_1_0__f_clk_s1_gate_regs/X (sky130_fd_sc_hd__clkbuf_16)
   0.02   53.04 ^ timer_clk_div/clk_div[1]$_SDFF_PP0_/CLK (sky130_fd_sc_hd__dfxtp_1)
  -0.25   52.79   clock uncertainty
   0.00   52.80   clock reconvergence pessimism
  -0.27   52.52   library setup time
          52.52   data required time
---------------------------------------------------------
          52.52   data required time
         -30.76   data arrival time
---------------------------------------------------------
          21.76   slack (MET)


Startpoint: gpio_0/fifo_timer_w/counter_2[2]$_SDFFE_PP0P_
            (rising edge-triggered flip-flop clocked by clk_s2)
Endpoint: gpio_0/fifo_timer_r/mem[1][0]$_DFFE_PP_
          (rising edge-triggered flip-flop clocked by clk_s2)
Path Group: clk_s2
Path Type: max

  Delay    Time   Description
---------------------------------------------------------
   0.00    0.00   clock clk_s2 (rise edge)
   0.00    0.00   clock source latency
   0.51    0.51 ^ clk2 (in)
   1.13    1.64 ^ gpio_clk_gate/_0_/X (sky130_fd_sc_hd__and2_1)
   0.31    1.95 ^ clkbuf_regs_2_clk_s2_gate/X (sky130_fd_sc_hd__clkbuf_16)
   0.14    2.09 ^ clkbuf_0_clk_s2_gate_regs/X (sky130_fd_sc_hd__clkbuf_16)
   0.15    2.24 ^ clkbuf_1_1__f_clk_s2_gate_regs/X (sky130_fd_sc_hd__clkbuf_16)
   0.01    2.26 ^ gpio_clk_div/clk_div[0]$_SDFF_PP0_/CLK (sky130_fd_sc_hd__dfxtp_1)
   0.39    2.64 ^ gpio_clk_div/clk_div[0]$_SDFF_PP0_/Q (sky130_fd_sc_hd__dfxtp_1)
   0.18    2.82 ^ clkbuf_0_gpio_clk_div/clk_div2/X (sky130_fd_sc_hd__clkbuf_16)
   0.22    3.04 ^ clkbuf_1_0__f_gpio_clk_div/clk_div2/X (sky130_fd_sc_hd__clkbuf_16)
   0.31    3.35 ^ gpio_clk_div/_10_/X (sky130_fd_sc_hd__mux4_2)
   0.26    3.61 ^ clkbuf_0_clk_s2/X (sky130_fd_sc_hd__clkbuf_16)
   0.29    3.90 ^ clkbuf_3_5__f_clk_s2/X (sky130_fd_sc_hd__clkbuf_16)
   0.20    4.10 ^ clkbuf_leaf_30_clk_s2/X (sky130_fd_sc_hd__clkbuf_16)
   0.00    4.10 ^ gpio_0/fifo_timer_w/counter_2[2]$_SDFFE_PP0P_/CLK (sky130_fd_sc_hd__dfxtp_1)
   1.10    5.20 ^ gpio_0/fifo_timer_w/counter_2[2]$_SDFFE_PP0P_/Q (sky130_fd_sc_hd__dfxtp_1)
   0.50    5.70 ^ gpio_0/fifo_timer_w/place31448/X (sky130_fd_sc_hd__buf_4)
   0.34    6.04 v gpio_0/fifo_timer_w/_887_/SUM (sky130_fd_sc_hd__ha_1)
   0.21    6.25 v gpio_0/fifo_timer_w/_448_/X (sky130_fd_sc_hd__xor2_1)
   0.40    6.65 ^ gpio_0/fifo_timer_w/_450_/Y (sky130_fd_sc_hd__nor4_4)
   0.61    7.25 ^ gpio_0/fifo_timer_w/_872_/X (sky130_fd_sc_hd__and2_1)
   0.49    7.74 v gpio_0/_335_/Y (sky130_fd_sc_hd__inv_1)
   0.88    8.62 ^ gpio_0/fifo_timer_w/_453_/X (sky130_fd_sc_hd__a21bo_1)
   0.42    9.04 ^ gpio_0/fifo_timer_w/place30144/X (sky130_fd_sc_hd__buf_4)
   0.47    9.51 ^ gpio_0/fifo_timer_w/place30143/X (sky130_fd_sc_hd__buf_4)
   0.28    9.79 v gpio_0/fifo_timer_w/_535_/Y (sky130_fd_sc_hd__nor3_2)
   0.50   10.30 ^ gpio_0/gpio_0/_2050_/Y (sky130_fd_sc_hd__nor4_2)
   0.86   11.16 v gpio_0/gpio_0/_2052_/Y (sky130_fd_sc_hd__nand3_1)
   0.57   11.73 v gpio_0/gpio_0/place29306/X (sky130_fd_sc_hd__buf_4)
   1.03   12.77 ^ gpio_0/gpio_0/_2382_/Y (sky130_fd_sc_hd__a31oi_1)
   0.01   12.77 ^ gpio_0/fifo_timer_r/mem[1][0]$_DFFE_PP_/D (sky130_fd_sc_hd__edfxtp_1)
          12.77   data arrival time

  20.00   20.00   clock clk_s2 (rise edge)
   0.00   20.00   clock source latency
   0.51   20.51 ^ clk2 (in)
   1.13   21.64 ^ gpio_clk_gate/_0_/X (sky130_fd_sc_hd__and2_1)
   0.32   21.96 ^ clkbuf_0_clk_s2_gate/X (sky130_fd_sc_hd__clkbuf_16)
   0.12   22.08 ^ clkbuf_1_0__f_clk_s2_gate/X (sky130_fd_sc_hd__clkbuf_16)
   0.26   22.34 ^ gpio_clk_div/_10_/X (sky130_fd_sc_hd__mux4_2)
   0.25   22.60 ^ clkbuf_0_clk_s2/X (sky130_fd_sc_hd__clkbuf_16)
   0.33   22.93 ^ clkbuf_3_1__f_clk_s2/X (sky130_fd_sc_hd__clkbuf_16)
   0.21   23.14 ^ clkbuf_leaf_84_clk_s2/X (sky130_fd_sc_hd__clkbuf_16)
   0.00   23.14 ^ gpio_0/fifo_timer_r/mem[1][0]$_DFFE_PP_/CLK (sky130_fd_sc_hd__edfxtp_1)
  -0.25   22.89   clock uncertainty
   1.02   23.91   clock reconvergence pessimism
  -0.39   23.52   library setup time
          23.52   data required time
---------------------------------------------------------
          23.52   data required time
         -12.77   data arrival time
---------------------------------------------------------
          10.74   slack (MET)


Startpoint: gpio_clk_div/clk_div[0]$_SDFF_PP0_/Q
            (clock source 'gpio_clk_div_clk_div2')
Endpoint: gpio_clk_div/clk_div[1]$_SDFF_PP0_
          (rising edge-triggered flip-flop clocked by clk_s2_gate)
Path Group: clk_s2_gate
Path Type: max

  Delay    Time   Description
---------------------------------------------------------
  20.00   20.00   clock gpio_clk_div_clk_div2 (fall edge)
   0.00   20.00   clock source latency
   0.51   20.51 ^ clk2 (in)
   1.13   21.64 ^ gpio_clk_gate/_0_/X (sky130_fd_sc_hd__and2_1)
   0.31   21.95 ^ clkbuf_regs_2_clk_s2_gate/X (sky130_fd_sc_hd__clkbuf_16)
   0.14   22.09 ^ clkbuf_0_clk_s2_gate_regs/X (sky130_fd_sc_hd__clkbuf_16)
   0.15   22.24 ^ clkbuf_1_1__f_clk_s2_gate_regs/X (sky130_fd_sc_hd__clkbuf_16)
   0.01   22.26 ^ gpio_clk_div/clk_div[0]$_SDFF_PP0_/CLK (sky130_fd_sc_hd__dfxtp_1)
   0.34   22.60 v gpio_clk_div/clk_div[0]$_SDFF_PP0_/Q (sky130_fd_sc_hd__dfxtp_1)
   0.18   22.77 v clkbuf_0_gpio_clk_div/clk_div2/X (sky130_fd_sc_hd__clkbuf_16)
   0.17   22.94 v clkbuf_1_1__f_gpio_clk_div/clk_div2/X (sky130_fd_sc_hd__clkbuf_16)
   0.28   23.23 ^ gpio_clk_div/_11_/SUM (sky130_fd_sc_hd__ha_1)
   0.91   24.14 ^ gpio_clk_div/_06_/Y (sky130_fd_sc_hd__nor2b_1)
   0.00   24.14 ^ gpio_clk_div/clk_div[1]$_SDFF_PP0_/D (sky130_fd_sc_hd__dfxtp_1)
          24.14   data arrival time

  40.00   40.00   clock clk_s2_gate (rise edge)
   0.00   40.00   clock source latency
   0.51   40.51 ^ clk2 (in)
   1.13   41.64 ^ gpio_clk_gate/_0_/X (sky130_fd_sc_hd__and2_1)
   0.31   41.95 ^ clkbuf_regs_2_clk_s2_gate/X (sky130_fd_sc_hd__clkbuf_16)
   0.14   42.09 ^ clkbuf_0_clk_s2_gate_regs/X (sky130_fd_sc_hd__clkbuf_16)
   0.16   42.25 ^ clkbuf_1_0__f_clk_s2_gate_regs/X (sky130_fd_sc_hd__clkbuf_16)
   0.01   42.26 ^ gpio_clk_div/clk_div[1]$_SDFF_PP0_/CLK (sky130_fd_sc_hd__dfxtp_1)
  -0.25   42.01   clock uncertainty
   0.00   42.01   clock reconvergence pessimism
  -0.20   41.81   library setup time
          41.81   data required time
---------------------------------------------------------
          41.81   data required time
         -24.14   data arrival time
---------------------------------------------------------
          17.67   slack (MET)


Startpoint: processor_0/pipeline_ex_mem/alu_out_out[26]$_SDFFE_PP0N_
            (rising edge-triggered flip-flop clocked by clk1)
Endpoint: dma_config_0/dma_0/buffer_dma[29]$_SDFFE_PP0P_
          (rising edge-triggered flip-flop clocked by clk_s3)
Path Group: clk_s3
Path Type: max

  Delay    Time   Description
---------------------------------------------------------
   0.00    0.00   clock clk1 (rise edge)
   0.00    0.00   clock source latency
   1.14    1.14 ^ clk1 (in)
   0.33    1.47 ^ clkbuf_regs_0_clk1/X (sky130_fd_sc_hd__clkbuf_16)
   0.24    1.71 ^ clkbuf_0_clk1_regs/X (sky130_fd_sc_hd__clkbuf_16)
   0.22    1.94 ^ clkbuf_1_1_0_clk1_regs/X (sky130_fd_sc_hd__clkbuf_16)
   0.21    2.15 ^ clkbuf_2_3_0_clk1_regs/X (sky130_fd_sc_hd__clkbuf_16)
   0.22    2.37 ^ clkbuf_3_6_0_clk1_regs/X (sky130_fd_sc_hd__clkbuf_16)
   0.38    2.76 ^ clkbuf_4_12_0_clk1_regs/X (sky130_fd_sc_hd__clkbuf_16)
   0.36    3.12 ^ clkbuf_8_192_0_clk1_regs/X (sky130_fd_sc_hd__clkbuf_16)
   0.21    3.33 ^ clkbuf_leaf_856_clk1_regs/X (sky130_fd_sc_hd__clkbuf_16)
   0.00    3.34 ^ processor_0/pipeline_ex_mem/alu_out_out[26]$_SDFFE_PP0N_/CLK (sky130_fd_sc_hd__dfxtp_1)
   0.33    3.67 v processor_0/pipeline_ex_mem/alu_out_out[26]$_SDFFE_PP0N_/Q (sky130_fd_sc_hd__dfxtp_1)
   0.39    4.06 ^ _1529_/Y (sky130_fd_sc_hd__nor4_2)
   0.48    4.54 v _1530_/Y (sky130_fd_sc_hd__nand4_2)
   0.37    4.91 v place32756/X (sky130_fd_sc_hd__buf_12)
   0.20    5.11 v place32755/X (sky130_fd_sc_hd__buf_4)
   0.70    5.81 ^ _1811_/Y (sky130_fd_sc_hd__o21ai_0)
   0.36    6.16 v _1812_/Y (sky130_fd_sc_hd__nand2_1)
   0.43    6.59 ^ interconnect_0/_0831_/Y (sky130_fd_sc_hd__o41ai_2)
   0.24    6.83 v interconnect_0/_0832_/Y (sky130_fd_sc_hd__o21ai_1)
   0.47    7.30 v interconnect_0/_0891_/X (sky130_fd_sc_hd__or3_4)
   0.39    7.68 v interconnect_0/_0915_/X (sky130_fd_sc_hd__or3_4)
   0.23    7.92 v interconnect_0/_0921_/X (sky130_fd_sc_hd__and3_1)
   0.26    8.18 v interconnect_0/_2451_/X (sky130_fd_sc_hd__a22o_1)
   0.21    8.39 v timer_0/place29669/X (sky130_fd_sc_hd__buf_4)
   0.26    8.65 v timer_0/_334_/X (sky130_fd_sc_hd__and3b_1)
   0.64    9.29 ^ timer_0/fifo_timer_r/_386_/X (sky130_fd_sc_hd__a21bo_2)
   0.45    9.74 ^ timer_0/fifo_timer_r/place28805/X (sky130_fd_sc_hd__buf_4)
   0.11    9.85 v timer_0/fifo_timer_r/_411_/Y (sky130_fd_sc_hd__nor3_4)
   0.17   10.02 v place28187/X (sky130_fd_sc_hd__buf_12)
   0.31   10.33 ^ interconnect_0/_1259_/Y (sky130_fd_sc_hd__a222oi_1)
   0.60   10.93 ^ interconnect_0/hold35945/X (sky130_fd_sc_hd__dlygate4sd3_1)
   0.07   11.00 v interconnect_0/_1263_/Y (sky130_fd_sc_hd__nand3_1)
   0.57   11.57 v dma_config_0/dma_0/hold35946/X (sky130_fd_sc_hd__dlygate4sd3_1)
   0.15   11.71 ^ dma_config_0/dma_0/_2012_/Y (sky130_fd_sc_hd__mux2i_1)
   0.58   12.29 ^ dma_config_0/dma_0/hold35947/X (sky130_fd_sc_hd__dlygate4sd3_1)
   0.04   12.34 v dma_config_0/dma_0/_2013_/Y (sky130_fd_sc_hd__nor2_1)
   0.00   12.34 v dma_config_0/dma_0/buffer_dma[29]$_SDFFE_PP0P_/D (sky130_fd_sc_hd__dfxtp_1)
          12.34   data arrival time

  10.00   10.00   clock clk_s3 (rise edge)
   0.00   10.00   clock source latency
   1.13   11.13 ^ clk1 (in)
   0.37   11.50 ^ clkbuf_0_clk1/X (sky130_fd_sc_hd__clkbuf_16)
   0.14   11.64 ^ clkbuf_1_1__f_clk1/X (sky130_fd_sc_hd__clkbuf_16)
   0.18   11.82 ^ dma_clk_gate/_0_/X (sky130_fd_sc_hd__and2_1)
   0.24   12.06 ^ clkbuf_0_clk_s3/X (sky130_fd_sc_hd__clkbuf_16)
   0.34   12.39 ^ clkbuf_2_1__f_clk_s3/X (sky130_fd_sc_hd__clkbuf_16)
   0.22   12.61 ^ clkbuf_leaf_31_clk_s3/X (sky130_fd_sc_hd__clkbuf_16)
   0.00   12.62 ^ dma_config_0/dma_0/buffer_dma[29]$_SDFFE_PP0P_/CLK (sky130_fd_sc_hd__dfxtp_1)
  -0.25   12.37   clock uncertainty
   0.00   12.37   clock reconvergence pessimism
  -0.12   12.25   library setup time
          12.25   data required time
---------------------------------------------------------
          12.25   data required time
         -12.34   data arrival time
---------------------------------------------------------
          -0.09   slack (VIOLATED)


Startpoint: uart_0/fifo_uart_w/counter_2[0]$_SDFFE_PP0P_
            (rising edge-triggered flip-flop clocked by clk_s4)
Endpoint: uart_0/fifo_uart_r/mem[11][18]$_DFFE_PP_
          (rising edge-triggered flip-flop clocked by clk_s4)
Path Group: clk_s4
Path Type: max

  Delay    Time   Description
---------------------------------------------------------
   0.00    0.00   clock clk_s4 (rise edge)
   0.00    0.00   clock source latency
   0.73    0.73 ^ clk5 (in)
   1.44    2.17 ^ uart_clk_gate/_0_/X (sky130_fd_sc_hd__and2_1)
   0.35    2.52 ^ clkbuf_regs_4_clk_s4_gate/X (sky130_fd_sc_hd__clkbuf_16)
   0.14    2.66 ^ clkbuf_0_clk_s4_gate_regs/X (sky130_fd_sc_hd__clkbuf_16)
   0.16    2.82 ^ clkbuf_1_0__f_clk_s4_gate_regs/X (sky130_fd_sc_hd__clkbuf_16)
   0.00    2.83 ^ uart_clk_div/clk_div[0]$_SDFF_PP0_/CLK (sky130_fd_sc_hd__dfxtp_1)
   0.39    3.21 ^ uart_clk_div/clk_div[0]$_SDFF_PP0_/Q (sky130_fd_sc_hd__dfxtp_1)
   0.21    3.42 ^ clkbuf_0_uart_clk_div/clk_div2/X (sky130_fd_sc_hd__clkbuf_16)
   0.25    3.67 ^ clkbuf_1_0__f_uart_clk_div/clk_div2/X (sky130_fd_sc_hd__clkbuf_16)
   0.32    3.99 ^ uart_clk_div/_10_/X (sky130_fd_sc_hd__mux4_2)
   0.24    4.23 ^ clkbuf_0_clk_s4/X (sky130_fd_sc_hd__clkbuf_16)
   0.25    4.48 ^ clkbuf_3_0__f_clk_s4/X (sky130_fd_sc_hd__clkbuf_16)
   0.18    4.66 ^ clkbuf_leaf_0_clk_s4/X (sky130_fd_sc_hd__clkbuf_16)
   0.00    4.67 ^ uart_0/fifo_uart_w/counter_2[0]$_SDFFE_PP0P_/CLK (sky130_fd_sc_hd__dfxtp_1)
   0.99    5.65 ^ uart_0/fifo_uart_w/counter_2[0]$_SDFFE_PP0P_/Q (sky130_fd_sc_hd__dfxtp_1)
   0.44    6.09 v uart_0/fifo_uart_w/_894_/SUM (sky130_fd_sc_hd__ha_1)
   0.22    6.31 v uart_0/fifo_uart_w/_449_/X (sky130_fd_sc_hd__xor2_1)
   0.32    6.63 ^ uart_0/fifo_uart_w/_450_/Y (sky130_fd_sc_hd__nor4_4)
   0.48    7.10 ^ uart_0/fifo_uart_w/_872_/X (sky130_fd_sc_hd__and2_1)
   0.36    7.46 v uart_0/_335_/Y (sky130_fd_sc_hd__inv_1)
   0.53    7.99 ^ uart_0/fifo_uart_w/_453_/X (sky130_fd_sc_hd__a21bo_1)
   0.10    8.09 v uart_0/fifo_uart_w/_479_/Y (sky130_fd_sc_hd__nor3_2)
   0.67    8.76 v uart_0/uart_0/_0682_/X (sky130_fd_sc_hd__or4_1)
   0.21    8.98 ^ uart_0/uart_0/_0683_/Y (sky130_fd_sc_hd__nor3_1)
   0.25    9.22 ^ uart_0/uart_0/place29072/X (sky130_fd_sc_hd__buf_4)
   0.65    9.87 ^ uart_0/uart_0/_0686_/X (sky130_fd_sc_hd__and3_1)
   0.38   10.24 ^ uart_0/uart_0/place28759/X (sky130_fd_sc_hd__buf_4)
   0.15   10.40 v uart_0/uart_0/_0749_/Y (sky130_fd_sc_hd__a22oi_1)
   1.10   11.50 ^ uart_0/uart_0/_0750_/Y (sky130_fd_sc_hd__nor2_1)
   0.01   11.51 ^ uart_0/fifo_uart_r/mem[11][18]$_DFFE_PP_/D (sky130_fd_sc_hd__edfxtp_1)
          11.51   data arrival time

  40.00   40.00   clock clk_s4 (rise edge)
   0.00   40.00   clock source latency
   0.73   40.73 ^ clk5 (in)
   1.44   42.17 ^ uart_clk_gate/_0_/X (sky130_fd_sc_hd__and2_1)
   0.35   42.52 ^ clkbuf_0_clk_s4_gate/X (sky130_fd_sc_hd__clkbuf_16)
   0.12   42.64 ^ clkbuf_1_0__f_clk_s4_gate/X (sky130_fd_sc_hd__clkbuf_16)
   0.25   42.89 ^ uart_clk_div/_10_/X (sky130_fd_sc_hd__mux4_2)
   0.23   43.12 ^ clkbuf_0_clk_s4/X (sky130_fd_sc_hd__clkbuf_16)
   0.24   43.36 ^ clkbuf_3_4__f_clk_s4/X (sky130_fd_sc_hd__clkbuf_16)
   0.18   43.54 ^ clkbuf_leaf_14_clk_s4/X (sky130_fd_sc_hd__clkbuf_16)
   0.00   43.54 ^ uart_0/fifo_uart_r/mem[11][18]$_DFFE_PP_/CLK (sky130_fd_sc_hd__edfxtp_1)
  -0.25   43.29   clock uncertainty
   1.11   44.40   clock reconvergence pessimism
  -0.40   44.00   library setup time
          44.00   data required time
---------------------------------------------------------
          44.00   data required time
         -11.51   data arrival time
---------------------------------------------------------
          32.49   slack (MET)


Startpoint: uart_clk_div/clk_div[0]$_SDFF_PP0_/Q
            (clock source 'uart_clk_div_clk_div2')
Endpoint: uart_clk_div/clk_div[1]$_SDFF_PP0_
          (rising edge-triggered flip-flop clocked by clk_s4_gate)
Path Group: clk_s4_gate
Path Type: max

  Delay    Time   Description
---------------------------------------------------------
  40.00   40.00   clock uart_clk_div_clk_div2 (fall edge)
   0.00   40.00   clock source latency
   0.73   40.73 ^ clk5 (in)
   1.44   42.17 ^ uart_clk_gate/_0_/X (sky130_fd_sc_hd__and2_1)
   0.35   42.52 ^ clkbuf_regs_4_clk_s4_gate/X (sky130_fd_sc_hd__clkbuf_16)
   0.14   42.66 ^ clkbuf_0_clk_s4_gate_regs/X (sky130_fd_sc_hd__clkbuf_16)
   0.16   42.82 ^ clkbuf_1_0__f_clk_s4_gate_regs/X (sky130_fd_sc_hd__clkbuf_16)
   0.00   42.83 ^ uart_clk_div/clk_div[0]$_SDFF_PP0_/CLK (sky130_fd_sc_hd__dfxtp_1)
   0.34   43.17 v uart_clk_div/clk_div[0]$_SDFF_PP0_/Q (sky130_fd_sc_hd__dfxtp_1)
   0.20   43.37 v clkbuf_0_uart_clk_div/clk_div2/X (sky130_fd_sc_hd__clkbuf_16)
   0.23   43.59 v clkbuf_1_0__f_uart_clk_div/clk_div2/X (sky130_fd_sc_hd__clkbuf_16)
   0.35   43.94 ^ uart_clk_div/_11_/SUM (sky130_fd_sc_hd__ha_1)
   1.42   45.36 ^ uart_clk_div/_06_/Y (sky130_fd_sc_hd__nor2b_1)
   0.01   45.36 ^ uart_clk_div/clk_div[1]$_SDFF_PP0_/D (sky130_fd_sc_hd__dfxtp_1)
          45.36   data arrival time

  80.00   80.00   clock clk_s4_gate (rise edge)
   0.00   80.00   clock source latency
   0.73   80.73 ^ clk5 (in)
   1.44   82.17 ^ uart_clk_gate/_0_/X (sky130_fd_sc_hd__and2_1)
   0.35   82.52 ^ clkbuf_regs_4_clk_s4_gate/X (sky130_fd_sc_hd__clkbuf_16)
   0.14   82.66 ^ clkbuf_0_clk_s4_gate_regs/X (sky130_fd_sc_hd__clkbuf_16)
   0.17   82.83 ^ clkbuf_1_1__f_clk_s4_gate_regs/X (sky130_fd_sc_hd__clkbuf_16)
   0.02   82.84 ^ uart_clk_div/clk_div[1]$_SDFF_PP0_/CLK (sky130_fd_sc_hd__dfxtp_1)
  -0.25   82.59   clock uncertainty
   0.00   82.59   clock reconvergence pessimism
  -0.25   82.34   library setup time
          82.34   data required time
---------------------------------------------------------
          82.34   data required time
         -45.36   data arrival time
---------------------------------------------------------
          36.98   slack (MET)


Startpoint: dot_0/fifo_timer_r/counter_1[2]$_SDFFE_PP0P_
            (rising edge-triggered flip-flop clocked by clk_s5)
Endpoint: dot_0/fifo_timer_r/mem[4][4]$_DFFE_PP_
          (rising edge-triggered flip-flop clocked by clk_s5)
Path Group: clk_s5
Path Type: max

  Delay    Time   Description
---------------------------------------------------------
   0.00    0.00   clock clk_s5 (rise edge)
   0.00    0.00   clock source latency
   0.74    0.74 ^ clk3 (in)
   1.06    1.80 ^ dot_clk_gate/_0_/X (sky130_fd_sc_hd__and2_1)
   0.30    2.11 ^ clkbuf_regs_3_clk_s5_gate/X (sky130_fd_sc_hd__clkbuf_16)
   0.14    2.24 ^ clkbuf_0_clk_s5_gate_regs/X (sky130_fd_sc_hd__clkbuf_16)
   0.15    2.40 ^ clkbuf_1_1__f_clk_s5_gate_regs/X (sky130_fd_sc_hd__clkbuf_16)
   0.01    2.41 ^ dot_clk_div/clk_div[0]$_SDFF_PP0_/CLK (sky130_fd_sc_hd__dfxtp_1)
   0.37    2.78 ^ dot_clk_div/clk_div[0]$_SDFF_PP0_/Q (sky130_fd_sc_hd__dfxtp_1)
   0.19    2.97 ^ clkbuf_0_dot_clk_div/clk_div2/X (sky130_fd_sc_hd__clkbuf_16)
   0.20    3.17 ^ clkbuf_1_0__f_dot_clk_div/clk_div2/X (sky130_fd_sc_hd__clkbuf_16)
   0.29    3.46 ^ dot_clk_div/_10_/X (sky130_fd_sc_hd__mux4_2)
   0.25    3.71 ^ clkbuf_0_clk_s5/X (sky130_fd_sc_hd__clkbuf_16)
   0.21    3.92 ^ clkbuf_2_3_0_clk_s5/X (sky130_fd_sc_hd__clkbuf_16)
   0.19    4.11 ^ clkbuf_3_6__f_clk_s5/X (sky130_fd_sc_hd__clkbuf_16)
   0.17    4.28 ^ clkbuf_leaf_36_clk_s5/X (sky130_fd_sc_hd__clkbuf_16)
   0.00    4.28 ^ dot_0/fifo_timer_r/counter_1[2]$_SDFFE_PP0P_/CLK (sky130_fd_sc_hd__dfxtp_2)
   0.35    4.63 ^ dot_0/fifo_timer_r/counter_1[2]$_SDFFE_PP0P_/Q (sky130_fd_sc_hd__dfxtp_2)
   0.06    4.69 v dot_0/fifo_timer_r/_659_/Y (sky130_fd_sc_hd__inv_2)
   0.24    4.93 v dot_0/fifo_timer_r/_744_/SUM (sky130_fd_sc_hd__ha_4)
   0.14    5.07 v dot_0/fifo_timer_r/_653_/X (sky130_fd_sc_hd__xor2_1)
   0.14    5.21 v dot_0/fifo_timer_r/place30626/X (sky130_fd_sc_hd__buf_4)
   0.29    5.50 ^ dot_0/fifo_timer_r/_654_/Y (sky130_fd_sc_hd__nor4_4)
   0.50    6.00 ^ dot_0/fifo_timer_r/_730_/X (sky130_fd_sc_hd__and2_4)
   0.14    6.13 v dot_0/_416_/Y (sky130_fd_sc_hd__nor3_4)
   0.16    6.30 v dot_0/place30147/X (sky130_fd_sc_hd__buf_12)
   0.30    6.60 ^ dot_0/fifo_timer_w2/_386_/X (sky130_fd_sc_hd__a21bo_4)
   0.15    6.74 ^ dot_0/fifo_timer_w2/rebuffer36362/X (sky130_fd_sc_hd__buf_6)
   0.15    6.89 ^ dot_0/fifo_timer_w2/place29963/X (sky130_fd_sc_hd__buf_12)
   0.08    6.97 v dot_0/fifo_timer_w2/_448_/Y (sky130_fd_sc_hd__nor3_2)
   0.16    7.13 v dot_0/fp4_dot_0/fp4_6/place29718/X (sky130_fd_sc_hd__buf_4)
   0.06    7.19 ^ dot_0/fp4_dot_0/fp4_6/_42_/Y (sky130_fd_sc_hd__inv_1)
   0.17    7.36 ^ dot_0/fp4_dot_0/fp4_6/_80_/COUT (sky130_fd_sc_hd__ha_1)
   0.05    7.41 v dot_0/fp4_dot_0/fp4_6/_43_/Y (sky130_fd_sc_hd__nor2_1)
   0.19    7.60 v dot_0/fp4_dot_0/fp4_6/_83_/COUT (sky130_fd_sc_hd__ha_1)
   0.51    8.11 ^ dot_0/fp4_dot_0/fp4_6/_75_/SUM (sky130_fd_sc_hd__fa_1)
   0.05    8.17 v dot_0/fp4_dot_0/fp4_6/_46_/Y (sky130_fd_sc_hd__inv_1)
   0.20    8.37 v dot_0/fp4_dot_0/fp4_6/_78_/COUT (sky130_fd_sc_hd__ha_1)
   0.18    8.54 ^ dot_0/fp4_dot_0/fp4_6/_44_/Y (sky130_fd_sc_hd__xnor2_1)
   0.08    8.62 v dot_0/fp4_dot_0/fp4_6/_45_/Y (sky130_fd_sc_hd__nor2_1)
   0.38    9.01 v dot_0/fp4_dot_0/fp4_6/_79_/SUM (sky130_fd_sc_hd__ha_1)
   0.16    9.16 ^ dot_0/fp4_dot_0/fp4_6/_50_/Y (sky130_fd_sc_hd__a21oi_2)
   0.08    9.25 v dot_0/fp4_dot_0/fp4_6/_51_/Y (sky130_fd_sc_hd__nand2_1)
   0.28    9.53 ^ dot_0/fp4_dot_0/fp4_6/_56_/X (sky130_fd_sc_hd__xnor3_2)
   0.05    9.58 v dot_0/fp4_dot_0/add3/_0811_/Y (sky130_fd_sc_hd__nor2_4)
   0.17    9.75 ^ dot_0/fp4_dot_0/add3/_0812_/Y (sky130_fd_sc_hd__a21oi_2)
   0.10    9.85 v dot_0/fp4_dot_0/add3/_0813_/Y (sky130_fd_sc_hd__inv_1)
   0.22   10.06 v dot_0/fp4_dot_0/add3/_1370_/COUT (sky130_fd_sc_hd__ha_2)
   0.36   10.42 v dot_0/fp4_dot_0/add3/_1357_/COUT (sky130_fd_sc_hd__fa_2)
   0.14   10.57 ^ dot_0/fp4_dot_0/add3/_0858_/Y (sky130_fd_sc_hd__nor2b_1)
   0.11   10.67 v dot_0/fp4_dot_0/add3/_0859_/Y (sky130_fd_sc_hd__o21ai_1)
   0.25   10.93 ^ dot_0/fp4_dot_0/add3/_0861_/Y (sky130_fd_sc_hd__a211oi_2)
   0.18   11.11 ^ dot_0/fp4_dot_0/add3/place25474/X (sky130_fd_sc_hd__buf_4)
   0.12   11.22 v dot_0/fp4_dot_0/add3/_0865_/Y (sky130_fd_sc_hd__nand2_1)
   0.20   11.42 v dot_0/fp4_dot_0/add3/_1381_/COUT (sky130_fd_sc_hd__ha_4)
   0.22   11.65 ^ dot_0/fp4_dot_0/add3/_1251_/Y (sky130_fd_sc_hd__nor3_4)
   0.10   11.75 v dot_0/fp4_dot_0/add3/_1253_/Y (sky130_fd_sc_hd__o31ai_2)
   0.26   12.01 ^ dot_0/fp4_dot_0/add3/_1254_/Y (sky130_fd_sc_hd__a2111oi_2)
   0.21   12.22 ^ dot_0/fp4_dot_0/add3/place25328/X (sky130_fd_sc_hd__buf_4)
   0.17   12.39 ^ dot_0/fp4_dot_0/add3/_1256_/X (sky130_fd_sc_hd__a21o_1)
   0.09   12.48 v dot_0/fp4_dot_0/add3/_1257_/Y (sky130_fd_sc_hd__o21ai_1)
   0.36   12.83 v dot_0/fp4_dot_0/add3/_1259_/X (sky130_fd_sc_hd__a221o_1)
   0.19   13.02 ^ dot_0/fp4_dot_0/add3/_1272_/Y (sky130_fd_sc_hd__a31oi_1)
   0.09   13.12 v dot_0/fp4_dot_0/add3/_1273_/Y (sky130_fd_sc_hd__a31oi_1)
   0.22   13.34 ^ dot_0/fp4_dot_0/add3/_1275_/Y (sky130_fd_sc_hd__o21ai_2)
   0.10   13.44 v dot_0/fp4_dot_0/add3/_1276_/Y (sky130_fd_sc_hd__xnor2_2)
   0.47   13.91 v dot_0/fp4_dot_0/add3/_1355_/COUT (sky130_fd_sc_hd__fa_2)
   0.39   14.30 v dot_0/fp4_dot_0/add3/_1354_/COUT (sky130_fd_sc_hd__fa_2)
   0.16   14.46 v dot_0/fp4_dot_0/add3/place25179/X (sky130_fd_sc_hd__buf_4)
   0.32   14.78 ^ dot_0/fp4_dot_0/add3/_0745_/Y (sky130_fd_sc_hd__a211oi_4)
   0.16   14.94 ^ dot_0/fp4_dot_0/add3/place25161/X (sky130_fd_sc_hd__buf_6)
   0.10   15.04 v dot_0/fp4_dot_0/add3/_0749_/Y (sky130_fd_sc_hd__o31ai_2)
   0.38   15.42 ^ dot_0/fp4_dot_0/add3/_0750_/Y (sky130_fd_sc_hd__xnor2_2)
   0.09   15.52 v dot_0/fp4_dot_0/add3/_0781_/Y (sky130_fd_sc_hd__nor3_4)
   0.19   15.71 v dot_0/fp4_dot_0/add3/_0804_/X (sky130_fd_sc_hd__a31o_1)
   0.19   15.90 v dot_0/fp4_dot_0/add3/_0805_/X (sky130_fd_sc_hd__a21o_1)
   0.21   16.11 v dot_0/fp4_dot_0/add3/_1379_/COUT (sky130_fd_sc_hd__ha_2)
   0.09   16.20 ^ dot_0/fp4_dot_0/add3/_0869_/Y (sky130_fd_sc_hd__inv_1)
   0.48   16.68 v dot_0/fp4_dot_0/add3/_1356_/SUM (sky130_fd_sc_hd__fa_2)
   0.15   16.82 ^ dot_0/fp4_dot_0/add3/_0884_/Y (sky130_fd_sc_hd__nor2b_2)
   0.21   17.04 ^ dot_0/fp4_dot_0/add3/_0886_/X (sky130_fd_sc_hd__o2111a_1)
   0.25   17.29 ^ dot_0/fp4_dot_0/add3/_0892_/X (sky130_fd_sc_hd__a31o_1)
   0.08   17.37 v dot_0/fp4_dot_0/add3/_0893_/Y (sky130_fd_sc_hd__a21oi_2)
   0.14   17.51 v dot_0/fp4_dot_0/add3/place24771/X (sky130_fd_sc_hd__buf_12)
   0.18   17.69 ^ dot_0/fp4_dot_0/add3/_0966_/Y (sky130_fd_sc_hd__a31oi_2)
   0.17   17.86 ^ dot_0/fp4_dot_0/add3/place24714/X (sky130_fd_sc_hd__buf_6)
   0.25   18.12 ^ dot_0/fp4_dot_0/add3/_0967_/Y (sky130_fd_sc_hd__mux2i_2)
   0.25   18.37 ^ dot_0/fp4_dot_0/add3/_1138_/X (sky130_fd_sc_hd__a211o_1)
   0.11   18.48 v dot_0/fp4_dot_0/add3/_1144_/Y (sky130_fd_sc_hd__a31oi_4)
   0.14   18.63 ^ dot_0/fp4_dot_0/add3/_1334_/Y (sky130_fd_sc_hd__a21oi_2)
   0.14   18.77 v dot_0/fp4_dot_0/add3/_1344_/Y (sky130_fd_sc_hd__a32oi_2)
   0.16   18.93 v dot_0/fp4_dot_0/add3/place24618/X (sky130_fd_sc_hd__buf_4)
   0.18   19.11 v dot_0/fp4_dot_0/add3/_1402_/COUT (sky130_fd_sc_hd__ha_1)
   0.21   19.32 v dot_0/fp4_dot_0/add3/_1387_/COUT (sky130_fd_sc_hd__ha_2)
   0.19   19.50 v dot_0/fp4_dot_0/add3/_0914_/X (sky130_fd_sc_hd__and4_1)
   0.21   19.71 ^ dot_0/fp4_dot_0/add3/_1056_/Y (sky130_fd_sc_hd__nor3b_2)
   0.23   19.94 v dot_0/fp4_dot_0/add3/_1057_/Y (sky130_fd_sc_hd__nand4_2)
   0.16   20.10 ^ dot_0/fp4_dot_0/add3/_1058_/Y (sky130_fd_sc_hd__nand3_4)
   0.12   20.21 v dot_0/fp4_dot_0/add3/_1066_/Y (sky130_fd_sc_hd__a31oi_4)
   0.17   20.38 v dot_0/fp4_dot_0/add5/place24566/X (sky130_fd_sc_hd__buf_12)
   0.09   20.47 ^ dot_0/fp4_dot_0/add5/_0734_/Y (sky130_fd_sc_hd__inv_2)
   0.11   20.59 v dot_0/fp4_dot_0/add5/_0817_/Y (sky130_fd_sc_hd__a31oi_4)
   0.16   20.75 v dot_0/fp4_dot_0/add5/place24494/X (sky130_fd_sc_hd__buf_4)
   0.20   20.95 v dot_0/fp4_dot_0/add5/_1370_/COUT (sky130_fd_sc_hd__ha_2)
   0.39   21.34 v dot_0/fp4_dot_0/add5/_1357_/COUT (sky130_fd_sc_hd__fa_2)
   0.14   21.48 ^ dot_0/fp4_dot_0/add5/_0858_/Y (sky130_fd_sc_hd__nor2b_2)
   0.09   21.57 v dot_0/fp4_dot_0/add5/_0859_/Y (sky130_fd_sc_hd__o21ai_2)
   0.40   21.97 ^ dot_0/fp4_dot_0/add5/_0861_/Y (sky130_fd_sc_hd__a211oi_4)
   0.19   22.15 v dot_0/fp4_dot_0/add5/_0862_/Y (sky130_fd_sc_hd__nand2b_1)
   0.22   22.37 v dot_0/fp4_dot_0/add5/_1381_/COUT (sky130_fd_sc_hd__ha_4)
   0.22   22.59 ^ dot_0/fp4_dot_0/add5/_1251_/Y (sky130_fd_sc_hd__nor3_4)
   0.09   22.69 v dot_0/fp4_dot_0/add5/_1253_/Y (sky130_fd_sc_hd__o31ai_2)
   0.28   22.97 ^ dot_0/fp4_dot_0/add5/_1254_/Y (sky130_fd_sc_hd__a2111oi_2)
   0.21   23.17 ^ dot_0/fp4_dot_0/add5/place24315/X (sky130_fd_sc_hd__buf_4)
   0.16   23.33 ^ dot_0/fp4_dot_0/add5/_1256_/X (sky130_fd_sc_hd__a21o_1)
   0.07   23.40 v dot_0/fp4_dot_0/add5/_1257_/Y (sky130_fd_sc_hd__o21ai_1)
   0.38   23.77 v dot_0/fp4_dot_0/add5/_1259_/X (sky130_fd_sc_hd__a221o_1)
   0.15   23.93 ^ dot_0/fp4_dot_0/add5/_1272_/Y (sky130_fd_sc_hd__a31oi_1)
   0.07   24.00 v dot_0/fp4_dot_0/add5/_1273_/Y (sky130_fd_sc_hd__a31oi_1)
   0.19   24.19 ^ dot_0/fp4_dot_0/add5/_1275_/Y (sky130_fd_sc_hd__o21ai_1)
   0.14   24.33 v dot_0/fp4_dot_0/add5/_1276_/Y (sky130_fd_sc_hd__xnor2_1)
   0.44   24.77 v dot_0/fp4_dot_0/add5/_1355_/COUT (sky130_fd_sc_hd__fa_2)
   0.40   25.17 v dot_0/fp4_dot_0/add5/_1354_/COUT (sky130_fd_sc_hd__fa_2)
   0.38   25.55 ^ dot_0/fp4_dot_0/add5/_0745_/Y (sky130_fd_sc_hd__a211oi_4)
   0.18   25.73 ^ dot_0/fp4_dot_0/add5/place24238/X (sky130_fd_sc_hd__buf_4)
   0.07   25.80 v dot_0/fp4_dot_0/add5/_0759_/Y (sky130_fd_sc_hd__nor2_2)
   0.28   26.08 ^ dot_0/fp4_dot_0/add5/_0791_/Y (sky130_fd_sc_hd__a21oi_2)
   0.15   26.23 v dot_0/fp4_dot_0/add5/_0792_/Y (sky130_fd_sc_hd__a31oi_4)
   0.23   26.46 v dot_0/fp4_dot_0/add5/_0804_/X (sky130_fd_sc_hd__a31o_1)
   0.22   26.68 v dot_0/fp4_dot_0/add5/_0805_/X (sky130_fd_sc_hd__a21o_1)
   0.23   26.91 v dot_0/fp4_dot_0/add5/_1379_/COUT (sky130_fd_sc_hd__ha_2)
   0.09   27.00 ^ dot_0/fp4_dot_0/add5/_0869_/Y (sky130_fd_sc_hd__inv_1)
   0.45   27.45 v dot_0/fp4_dot_0/add5/_1356_/SUM (sky130_fd_sc_hd__fa_2)
   0.15   27.60 ^ dot_0/fp4_dot_0/add5/_0884_/Y (sky130_fd_sc_hd__nor2b_2)
   0.25   27.85 ^ dot_0/fp4_dot_0/add5/_0886_/X (sky130_fd_sc_hd__o2111a_1)
   0.22   28.06 ^ dot_0/fp4_dot_0/add5/_0892_/X (sky130_fd_sc_hd__a31o_4)
   0.06   28.12 v dot_0/fp4_dot_0/add5/_0893_/Y (sky130_fd_sc_hd__a21oi_2)
   0.16   28.28 v dot_0/fp4_dot_0/add5/place24039/X (sky130_fd_sc_hd__buf_4)
   0.14   28.42 v dot_0/fp4_dot_0/add5/place24038/X (sky130_fd_sc_hd__buf_4)
   0.15   28.57 ^ dot_0/fp4_dot_0/add5/_1004_/Y (sky130_fd_sc_hd__o22ai_4)
   0.26   28.83 v dot_0/fp4_dot_0/add5/_1119_/Y (sky130_fd_sc_hd__nand4_1)
   0.36   29.19 v dot_0/fp4_dot_0/add5/_1142_/X (sky130_fd_sc_hd__o221a_1)
   0.22   29.42 ^ dot_0/fp4_dot_0/add5/_1144_/Y (sky130_fd_sc_hd__a31oi_4)
   0.05   29.47 v dot_0/fp4_dot_0/add5/_1334_/Y (sky130_fd_sc_hd__a21oi_2)
   0.29   29.76 ^ dot_0/fp4_dot_0/add5/_1344_/Y (sky130_fd_sc_hd__a32oi_2)
   0.27   30.03 ^ dot_0/fp4_dot_0/add5/_1402_/COUT (sky130_fd_sc_hd__ha_2)
   0.18   30.20 ^ dot_0/fp4_dot_0/add5/_1387_/COUT (sky130_fd_sc_hd__ha_4)
   0.10   30.30 v dot_0/fp4_dot_0/add5/_1038_/Y (sky130_fd_sc_hd__nand2_1)
   0.17   30.47 ^ dot_0/fp4_dot_0/add5/_1039_/Y (sky130_fd_sc_hd__nor2_2)
   0.14   30.60 ^ dot_0/fp4_dot_0/add5/place23948/X (sky130_fd_sc_hd__buf_4)
   0.18   30.78 ^ dot_0/fp4_dot_0/add5/_1055_/X (sky130_fd_sc_hd__a31o_4)
   0.14   30.92 v dot_0/fp4_dot_0/add5/_1058_/Y (sky130_fd_sc_hd__nand3_2)
   0.26   31.17 ^ dot_0/fp4_dot_0/add5/_1091_/Y (sky130_fd_sc_hd__a31oi_4)
   0.16   31.33 ^ dot_0/fp4_dot_0/add6/place23925/X (sky130_fd_sc_hd__buf_4)
   0.08   31.41 v dot_0/fp4_dot_0/add6/_0816_/Y (sky130_fd_sc_hd__inv_1)
   0.24   31.65 ^ dot_0/fp4_dot_0/add6/_0817_/Y (sky130_fd_sc_hd__a31oi_4)
   0.10   31.75 v dot_0/fp4_dot_0/add6/_0922_/Y (sky130_fd_sc_hd__inv_2)
   0.20   31.96 v dot_0/fp4_dot_0/add6/_1367_/COUT (sky130_fd_sc_hd__ha_2)
   0.35   32.30 v dot_0/fp4_dot_0/add6/_1358_/COUT (sky130_fd_sc_hd__fa_2)
   0.17   32.47 v dot_0/fp4_dot_0/add6/_0724_/Y (sky130_fd_sc_hd__nand2b_4)
   0.35   32.82 ^ dot_0/fp4_dot_0/add6/_0728_/Y (sky130_fd_sc_hd__a211oi_4)
   0.09   32.91 v dot_0/fp4_dot_0/add6/_0861_/Y (sky130_fd_sc_hd__a211oi_4)
   0.12   33.03 ^ dot_0/fp4_dot_0/add6/_0862_/Y (sky130_fd_sc_hd__nand2b_1)
   0.22   33.25 ^ dot_0/fp4_dot_0/add6/_1381_/COUT (sky130_fd_sc_hd__ha_2)
   0.06   33.30 v dot_0/fp4_dot_0/add6/_1251_/Y (sky130_fd_sc_hd__nor3_4)
   0.29   33.59 ^ dot_0/fp4_dot_0/add6/_1253_/Y (sky130_fd_sc_hd__o31ai_2)
   0.07   33.66 v dot_0/fp4_dot_0/add6/_1254_/Y (sky130_fd_sc_hd__a2111oi_2)
   0.16   33.82 v dot_0/fp4_dot_0/add6/place23813/X (sky130_fd_sc_hd__buf_4)
   0.18   34.01 v dot_0/fp4_dot_0/add6/_1255_/Y (sky130_fd_sc_hd__mux2i_4)
   0.14   34.14 v dot_0/fp4_dot_0/add6/place23810/X (sky130_fd_sc_hd__buf_4)
   0.35   34.50 v dot_0/fp4_dot_0/add6/_1259_/X (sky130_fd_sc_hd__a221o_1)
   0.14   34.64 ^ dot_0/fp4_dot_0/add6/_1272_/Y (sky130_fd_sc_hd__a31oi_1)
   0.09   34.73 v dot_0/fp4_dot_0/add6/_1273_/Y (sky130_fd_sc_hd__a31oi_1)
   0.24   34.98 ^ dot_0/fp4_dot_0/add6/_1275_/Y (sky130_fd_sc_hd__o21ai_2)
   0.12   35.10 v dot_0/fp4_dot_0/add6/_1276_/Y (sky130_fd_sc_hd__xnor2_2)
   0.45   35.55 v dot_0/fp4_dot_0/add6/_1355_/COUT (sky130_fd_sc_hd__fa_2)
   0.37   35.92 v dot_0/fp4_dot_0/add6/_1354_/COUT (sky130_fd_sc_hd__fa_2)
   0.16   36.08 v dot_0/fp4_dot_0/add6/place23777/X (sky130_fd_sc_hd__buf_4)
   0.24   36.33 ^ dot_0/fp4_dot_0/add6/_0745_/Y (sky130_fd_sc_hd__a211oi_4)
   0.16   36.49 ^ dot_0/fp4_dot_0/add6/place23774/X (sky130_fd_sc_hd__buf_4)
   0.09   36.58 v dot_0/fp4_dot_0/add6/_0749_/Y (sky130_fd_sc_hd__o31ai_2)
   0.21   36.79 v dot_0/fp4_dot_0/add6/_0750_/Y (sky130_fd_sc_hd__xnor2_2)
   0.29   37.07 ^ dot_0/fp4_dot_0/add6/_0781_/Y (sky130_fd_sc_hd__nor3_4)
   0.19   37.26 ^ dot_0/fp4_dot_0/add6/_0804_/X (sky130_fd_sc_hd__a31o_1)
   0.21   37.47 ^ dot_0/fp4_dot_0/add6/_0805_/X (sky130_fd_sc_hd__a21o_1)
   0.22   37.69 ^ dot_0/fp4_dot_0/add6/_1379_/COUT (sky130_fd_sc_hd__ha_2)
   0.06   37.75 v dot_0/fp4_dot_0/add6/_0869_/Y (sky130_fd_sc_hd__inv_1)
   0.55   38.30 ^ dot_0/fp4_dot_0/add6/_1356_/SUM (sky130_fd_sc_hd__fa_2)
   0.06   38.36 v dot_0/fp4_dot_0/add6/_0884_/Y (sky130_fd_sc_hd__nor2b_2)
   0.15   38.51 v dot_0/fp4_dot_0/add6/_0886_/X (sky130_fd_sc_hd__o2111a_1)
   0.29   38.80 v dot_0/fp4_dot_0/add6/_0892_/X (sky130_fd_sc_hd__a31o_4)
   0.22   39.01 ^ dot_0/fp4_dot_0/add6/_0893_/Y (sky130_fd_sc_hd__a21oi_4)
   0.13   39.14 v dot_0/fp4_dot_0/add6/_0966_/Y (sky130_fd_sc_hd__a31oi_2)
   0.16   39.30 v dot_0/fp4_dot_0/add6/place23656/X (sky130_fd_sc_hd__buf_6)
   0.13   39.43 v dot_0/fp4_dot_0/add6/place23655/X (sky130_fd_sc_hd__buf_12)
   0.11   39.53 ^ dot_0/fp4_dot_0/add6/_1136_/Y (sky130_fd_sc_hd__nor2_1)
   0.06   39.60 v dot_0/fp4_dot_0/add6/_1137_/Y (sky130_fd_sc_hd__a211oi_2)
   0.33   39.92 v dot_0/fp4_dot_0/add6/_1138_/X (sky130_fd_sc_hd__a211o_1)
   0.24   40.16 ^ dot_0/fp4_dot_0/add6/_1144_/Y (sky130_fd_sc_hd__a31oi_4)
   0.06   40.22 v dot_0/fp4_dot_0/add6/_1334_/Y (sky130_fd_sc_hd__a21oi_2)
   0.28   40.51 ^ dot_0/fp4_dot_0/add6/_1344_/Y (sky130_fd_sc_hd__a32oi_2)
   0.25   40.76 ^ dot_0/fp4_dot_0/add6/_1402_/COUT (sky130_fd_sc_hd__ha_2)
   0.17   40.93 ^ dot_0/fp4_dot_0/add6/_1387_/COUT (sky130_fd_sc_hd__ha_4)
   0.09   41.02 v dot_0/fp4_dot_0/add6/_1038_/Y (sky130_fd_sc_hd__nand2_2)
   0.18   41.20 ^ dot_0/fp4_dot_0/add6/_1039_/Y (sky130_fd_sc_hd__nor2_4)
   0.23   41.42 ^ dot_0/fp4_dot_0/add6/_1055_/X (sky130_fd_sc_hd__a31o_4)
   0.11   41.53 v dot_0/fp4_dot_0/add6/_1058_/Y (sky130_fd_sc_hd__nand3_4)
   0.20   41.73 ^ dot_0/fp4_dot_0/add6/_1091_/Y (sky130_fd_sc_hd__a31oi_4)
   0.23   41.96 ^ rebuffer36360/X (sky130_fd_sc_hd__buf_12)
   0.22   42.19 ^ clone36359/X (sky130_fd_sc_hd__clkbuf_16)
   0.00   42.19 ^ dot_0/fifo_timer_r/mem[4][4]$_DFFE_PP_/D (sky130_fd_sc_hd__edfxtp_1)
          42.19   data arrival time

  12.50   12.50   clock clk_s5 (rise edge)
   0.00   12.50   clock source latency
   0.74   13.24 ^ clk3 (in)
   1.06   14.30 ^ dot_clk_gate/_0_/X (sky130_fd_sc_hd__and2_1)
   0.31   14.61 ^ clkbuf_0_clk_s5_gate/X (sky130_fd_sc_hd__clkbuf_16)
   0.12   14.73 ^ clkbuf_1_0__f_clk_s5_gate/X (sky130_fd_sc_hd__clkbuf_16)
   0.25   14.99 ^ dot_clk_div/_10_/X (sky130_fd_sc_hd__mux4_2)
   0.24   15.23 ^ clkbuf_0_clk_s5/X (sky130_fd_sc_hd__clkbuf_16)
   0.21   15.44 ^ clkbuf_2_3_0_clk_s5/X (sky130_fd_sc_hd__clkbuf_16)
   0.20   15.64 ^ clkbuf_3_7__f_clk_s5/X (sky130_fd_sc_hd__clkbuf_16)
   0.17   15.81 ^ clkbuf_leaf_49_clk_s5/X (sky130_fd_sc_hd__clkbuf_16)
   0.00   15.81 ^ dot_0/fifo_timer_r/mem[4][4]$_DFFE_PP_/CLK (sky130_fd_sc_hd__edfxtp_1)
  -0.25   15.56   clock uncertainty
   0.98   16.54   clock reconvergence pessimism
  -0.13   16.41   library setup time
          16.41   data required time
---------------------------------------------------------
          16.41   data required time
         -42.19   data arrival time
---------------------------------------------------------
         -25.78   slack (VIOLATED)


Startpoint: dot_clk_div/clk_div[0]$_SDFF_PP0_/Q
            (clock source 'dot_clk_div_clk_div2')
Endpoint: dot_clk_div/clk_div[1]$_SDFF_PP0_
          (rising edge-triggered flip-flop clocked by clk_s5_gate)
Path Group: clk_s5_gate
Path Type: max

  Delay    Time   Description
---------------------------------------------------------
  12.50   12.50   clock dot_clk_div_clk_div2 (fall edge)
   0.00   12.50   clock source latency
   0.74   13.24 ^ clk3 (in)
   1.06   14.30 ^ dot_clk_gate/_0_/X (sky130_fd_sc_hd__and2_1)
   0.30   14.61 ^ clkbuf_regs_3_clk_s5_gate/X (sky130_fd_sc_hd__clkbuf_16)
   0.14   14.74 ^ clkbuf_0_clk_s5_gate_regs/X (sky130_fd_sc_hd__clkbuf_16)
   0.15   14.90 ^ clkbuf_1_1__f_clk_s5_gate_regs/X (sky130_fd_sc_hd__clkbuf_16)
   0.01   14.91 ^ dot_clk_div/clk_div[0]$_SDFF_PP0_/CLK (sky130_fd_sc_hd__dfxtp_1)
   0.33   15.24 v dot_clk_div/clk_div[0]$_SDFF_PP0_/Q (sky130_fd_sc_hd__dfxtp_1)
   0.18   15.42 v clkbuf_0_dot_clk_div/clk_div2/X (sky130_fd_sc_hd__clkbuf_16)
   0.17   15.60 v clkbuf_1_1__f_dot_clk_div/clk_div2/X (sky130_fd_sc_hd__clkbuf_16)
   0.28   15.88 ^ dot_clk_div/_11_/SUM (sky130_fd_sc_hd__ha_1)
   0.86   16.74 ^ dot_clk_div/_06_/Y (sky130_fd_sc_hd__nor2b_1)
   0.00   16.75 ^ dot_clk_div/clk_div[1]$_SDFF_PP0_/D (sky130_fd_sc_hd__dfxtp_1)
          16.75   data arrival time

  25.00   25.00   clock clk_s5_gate (rise edge)
   0.00   25.00   clock source latency
   0.74   25.74 ^ clk3 (in)
   1.06   26.80 ^ dot_clk_gate/_0_/X (sky130_fd_sc_hd__and2_1)
   0.30   27.11 ^ clkbuf_regs_3_clk_s5_gate/X (sky130_fd_sc_hd__clkbuf_16)
   0.14   27.24 ^ clkbuf_0_clk_s5_gate_regs/X (sky130_fd_sc_hd__clkbuf_16)
   0.15   27.39 ^ clkbuf_1_0__f_clk_s5_gate_regs/X (sky130_fd_sc_hd__clkbuf_16)
   0.01   27.40 ^ dot_clk_div/clk_div[1]$_SDFF_PP0_/CLK (sky130_fd_sc_hd__dfxtp_1)
  -0.25   27.15   clock uncertainty
   0.00   27.15   clock reconvergence pessimism
  -0.20   26.95   library setup time
          26.95   data required time
---------------------------------------------------------
          26.95   data required time
         -16.75   data arrival time
---------------------------------------------------------
          10.21   slack (MET)


Startpoint: dma_config_0/m2_ar_addr[13]$_SDFFE_PP0P_
            (rising edge-triggered flip-flop clocked by clk_s3)
Endpoint: memory_axi_0/addr_reg[16]$_SDFFE_PP0P_
          (rising edge-triggered flip-flop clocked by clk_s8)
Path Group: clk_s8
Path Type: max

  Delay    Time   Description
---------------------------------------------------------
   0.00    0.00   clock clk_s3 (rise edge)
   0.00    0.00   clock source latency
   1.14    1.14 ^ clk1 (in)
   0.33    1.47 ^ clkbuf_regs_0_clk1/X (sky130_fd_sc_hd__clkbuf_16)
   0.24    1.71 ^ clkbuf_0_clk1_regs/X (sky130_fd_sc_hd__clkbuf_16)
   0.22    1.94 ^ clkbuf_1_1_0_clk1_regs/X (sky130_fd_sc_hd__clkbuf_16)
   0.21    2.15 ^ clkbuf_2_3_0_clk1_regs/X (sky130_fd_sc_hd__clkbuf_16)
   0.22    2.37 ^ clkbuf_3_6_0_clk1_regs/X (sky130_fd_sc_hd__clkbuf_16)
   0.38    2.76 ^ clkbuf_4_12_0_clk1_regs/X (sky130_fd_sc_hd__clkbuf_16)
   0.35    3.10 ^ clkbuf_8_196_0_clk1_regs/X (sky130_fd_sc_hd__clkbuf_16)
   0.20    3.31 ^ clkbuf_leaf_838_clk1_regs/X (sky130_fd_sc_hd__clkbuf_16)
   0.00    3.31 ^ clk_en_reg[3]$_SDFFE_PP1P_/CLK (sky130_fd_sc_hd__dfxtp_1)
   0.93    4.24 ^ clk_en_reg[3]$_SDFFE_PP1P_/Q (sky130_fd_sc_hd__dfxtp_1)
   0.31    4.55 ^ dma_clk_gate/_0_/X (sky130_fd_sc_hd__and2_1)
   0.24    4.79 ^ clkbuf_0_clk_s3/X (sky130_fd_sc_hd__clkbuf_16)
   0.30    5.09 ^ clkbuf_2_2__f_clk_s3/X (sky130_fd_sc_hd__clkbuf_16)
   0.20    5.29 ^ clkbuf_leaf_17_clk_s3/X (sky130_fd_sc_hd__clkbuf_16)
   0.00    5.29 ^ dma_config_0/m2_ar_addr[13]$_SDFFE_PP0P_/CLK (sky130_fd_sc_hd__dfxtp_1)
   0.41    5.70 v dma_config_0/m2_ar_addr[13]$_SDFFE_PP0P_/Q (sky130_fd_sc_hd__dfxtp_1)
   0.75    6.45 v interconnect_0/hold35473/X (sky130_fd_sc_hd__dlygate4sd3_1)
   0.62    7.07 ^ interconnect_0/_1155_/Y (sky130_fd_sc_hd__o41ai_1)
   0.23    7.30 v interconnect_0/_1156_/Y (sky130_fd_sc_hd__o21ai_1)
   0.57    7.87 ^ interconnect_0/_1157_/Y (sky130_fd_sc_hd__a211oi_4)
   0.20    8.07 v interconnect_0/_1176_/Y (sky130_fd_sc_hd__a31oi_1)
   0.24    8.31 v interconnect_0/place30842/X (sky130_fd_sc_hd__buf_4)
   0.16    8.47 v interconnect_0/_1226_/X (sky130_fd_sc_hd__and3_1)
   0.59    9.06 v interconnect_0/hold35507/X (sky130_fd_sc_hd__dlygate4sd3_1)
   0.17    9.23 v interconnect_0/_1227_/Y (sky130_fd_sc_hd__nor2b_1)
   0.71    9.94 v interconnect_0/hold35508/X (sky130_fd_sc_hd__dlygate4sd3_1)
   0.33   10.27 v interconnect_0/place30366/X (sky130_fd_sc_hd__buf_4)
   0.24   10.51 v interconnect_0/_2498_/X (sky130_fd_sc_hd__a22o_1)
   0.62   11.13 v memory_axi_0/hold35488/X (sky130_fd_sc_hd__dlygate4sd3_1)
   0.53   11.66 ^ memory_axi_0/_0644_/X (sky130_fd_sc_hd__and3b_2)
   0.40   12.06 ^ memory_axi_0/place29158/X (sky130_fd_sc_hd__buf_4)
   0.32   12.38 ^ memory_axi_0/place29157/X (sky130_fd_sc_hd__buf_4)
   0.11   12.49 v memory_axi_0/_0935_/Y (sky130_fd_sc_hd__a22oi_1)
   0.59   13.08 v memory_axi_0/hold35486/X (sky130_fd_sc_hd__dlygate4sd3_1)
   0.12   13.20 ^ memory_axi_0/_0936_/Y (sky130_fd_sc_hd__nand2_1)
   0.09   13.30 v memory_axi_0/_0937_/Y (sky130_fd_sc_hd__a211oi_1)
   0.24   13.54 ^ memory_axi_0/_0940_/Y (sky130_fd_sc_hd__nor3_1)
   0.00   13.54 ^ memory_axi_0/addr_reg[16]$_SDFFE_PP0P_/D (sky130_fd_sc_hd__dfxtp_1)
          13.54   data arrival time

  10.00   10.00   clock clk_s8 (rise edge)
   0.00   10.00   clock source latency
   1.13   11.13 ^ clk1 (in)
   0.37   11.50 ^ clkbuf_0_clk1/X (sky130_fd_sc_hd__clkbuf_16)
   0.14   11.64 ^ clkbuf_1_0__f_clk1/X (sky130_fd_sc_hd__clkbuf_16)
   0.17   11.81 ^ memory_clk_gate/_0_/X (sky130_fd_sc_hd__and2_1)
   0.27   12.07 ^ clkbuf_0_clk_s8/X (sky130_fd_sc_hd__clkbuf_16)
   0.26   12.33 ^ clkbuf_2_3_0_clk_s8/X (sky130_fd_sc_hd__clkbuf_16)
   0.28   12.61 ^ clkbuf_4_15__f_clk_s8/X (sky130_fd_sc_hd__clkbuf_16)
   0.21   12.82 ^ clkbuf_leaf_144_clk_s8/X (sky130_fd_sc_hd__clkbuf_16)
   0.00   12.82 ^ memory_axi_0/addr_reg[16]$_SDFFE_PP0P_/CLK (sky130_fd_sc_hd__dfxtp_1)
  -0.25   12.57   clock uncertainty
   0.00   12.57   clock reconvergence pessimism
  -0.08   12.49   library setup time
          12.49   data required time
---------------------------------------------------------
          12.49   data required time
         -13.54   data arrival time
---------------------------------------------------------
          -1.05   slack (VIOLATED)



==========================================================================
global route report_checks -path_delay min reg to reg
--------------------------------------------------------------------------
Startpoint: dma_config_0/m2_aw_addr[5]$_SDFFE_PP0P_
            (rising edge-triggered flip-flop clocked by clk_s3)
Endpoint: gpio_0/addr_r_w[5]$_SDFFE_PP0P_
          (rising edge-triggered flip-flop clocked by clk1)
Path Group: clk1
Path Type: min

  Delay    Time   Description
---------------------------------------------------------
   0.00    0.00   clock clk_s3 (rise edge)
   0.00    0.00   clock source latency
   1.13    1.13 ^ clk1 (in)
   0.37    1.50 ^ clkbuf_0_clk1/X (sky130_fd_sc_hd__clkbuf_16)
   0.14    1.64 ^ clkbuf_1_1__f_clk1/X (sky130_fd_sc_hd__clkbuf_16)
   0.18    1.82 ^ dma_clk_gate/_0_/X (sky130_fd_sc_hd__and2_1)
   0.24    2.06 ^ clkbuf_0_clk_s3/X (sky130_fd_sc_hd__clkbuf_16)
   0.30    2.36 ^ clkbuf_2_2__f_clk_s3/X (sky130_fd_sc_hd__clkbuf_16)
   0.20    2.56 ^ clkbuf_leaf_16_clk_s3/X (sky130_fd_sc_hd__clkbuf_16)
   0.00    2.56 ^ dma_config_0/m2_aw_addr[5]$_SDFFE_PP0P_/CLK (sky130_fd_sc_hd__dfxtp_1)
   0.47    3.03 v dma_config_0/m2_aw_addr[5]$_SDFFE_PP0P_/Q (sky130_fd_sc_hd__dfxtp_1)
   0.35    3.39 v interconnect_0/_2118_/X (sky130_fd_sc_hd__mux2_2)
   0.06    3.45 ^ gpio_0/_205_/Y (sky130_fd_sc_hd__nand2_1)
   0.06    3.51 v gpio_0/_207_/Y (sky130_fd_sc_hd__a21oi_1)
   0.00    3.51 v gpio_0/addr_r_w[5]$_SDFFE_PP0P_/D (sky130_fd_sc_hd__dfxtp_1)
           3.51   data arrival time

   0.00    0.00   clock clk1 (rise edge)
   0.00    0.00   clock source latency
   1.14    1.14 ^ clk1 (in)
   0.33    1.47 ^ clkbuf_regs_0_clk1/X (sky130_fd_sc_hd__clkbuf_16)
   0.24    1.71 ^ clkbuf_0_clk1_regs/X (sky130_fd_sc_hd__clkbuf_16)
   0.22    1.94 ^ clkbuf_1_0_0_clk1_regs/X (sky130_fd_sc_hd__clkbuf_16)
   0.21    2.15 ^ clkbuf_2_1_0_clk1_regs/X (sky130_fd_sc_hd__clkbuf_16)
   0.21    2.37 ^ clkbuf_3_2_0_clk1_regs/X (sky130_fd_sc_hd__clkbuf_16)
   0.36    2.73 ^ clkbuf_4_4_0_clk1_regs/X (sky130_fd_sc_hd__clkbuf_16)
   0.34    3.07 ^ clkbuf_8_70_0_clk1_regs/X (sky130_fd_sc_hd__clkbuf_16)
   0.20    3.27 ^ clkbuf_leaf_540_clk1_regs/X (sky130_fd_sc_hd__clkbuf_16)
   0.00    3.28 ^ gpio_0/addr_r_w[5]$_SDFFE_PP0P_/CLK (sky130_fd_sc_hd__dfxtp_1)
   0.10    3.38   clock uncertainty
   0.00    3.38   clock reconvergence pessimism
  -0.05    3.32   library hold time
           3.32   data required time
---------------------------------------------------------
           3.32   data required time
          -3.51   data arrival time
---------------------------------------------------------
           0.18   slack (MET)


Startpoint: timer_0/fifo_timer_w/synchronizers_1_clk_2[0]$_SDFF_PP0_
            (rising edge-triggered flip-flop clocked by clk_s1)
Endpoint: timer_0/fifo_timer_w/synchronizers_2_clk_2[0]$_SDFF_PP0_
          (rising edge-triggered flip-flop clocked by clk_s1)
Path Group: clk_s1
Path Type: min

  Delay    Time   Description
---------------------------------------------------------
   0.00    0.00   clock clk_s1 (rise edge)
   0.00    0.00   clock source latency
   0.62    0.62 ^ clk4 (in)
   1.69    2.31 ^ timer_clk_gate/_0_/X (sky130_fd_sc_hd__and2_1)
   0.39    2.70 ^ clkbuf_0_clk_s1_gate/X (sky130_fd_sc_hd__clkbuf_16)
   0.13    2.83 ^ clkbuf_1_0__f_clk_s1_gate/X (sky130_fd_sc_hd__clkbuf_16)
   0.26    3.09 ^ timer_clk_div/_10_/X (sky130_fd_sc_hd__mux4_2)
   0.24    3.33 ^ clkbuf_0_clk_s1/X (sky130_fd_sc_hd__clkbuf_16)
   0.25    3.58 ^ clkbuf_3_0__f_clk_s1/X (sky130_fd_sc_hd__clkbuf_16)
   0.19    3.76 ^ clkbuf_leaf_57_clk_s1/X (sky130_fd_sc_hd__clkbuf_16)
   0.00    3.76 ^ timer_0/fifo_timer_w/synchronizers_1_clk_2[0]$_SDFF_PP0_/CLK (sky130_fd_sc_hd__dfxtp_1)
   0.30    4.07 ^ timer_0/fifo_timer_w/synchronizers_1_clk_2[0]$_SDFF_PP0_/Q (sky130_fd_sc_hd__dfxtp_1)
   0.11    4.18 ^ timer_0/fifo_timer_w/_806_/Y (sky130_fd_sc_hd__nor2b_1)
   0.00    4.18 ^ timer_0/fifo_timer_w/synchronizers_2_clk_2[0]$_SDFF_PP0_/D (sky130_fd_sc_hd__dfxtp_1)
           4.18   data arrival time

   0.00    0.00   clock clk_s1 (rise edge)
   0.00    0.00   clock source latency
   0.62    0.62 ^ clk4 (in)
   1.69    2.31 ^ timer_clk_gate/_0_/X (sky130_fd_sc_hd__and2_1)
   0.38    2.70 ^ clkbuf_regs_1_clk_s1_gate/X (sky130_fd_sc_hd__clkbuf_16)
   0.14    2.84 ^ clkbuf_0_clk_s1_gate_regs/X (sky130_fd_sc_hd__clkbuf_16)
   0.18    3.02 ^ clkbuf_1_0__f_clk_s1_gate_regs/X (sky130_fd_sc_hd__clkbuf_16)
   0.02    3.05 ^ timer_clk_div/clk_div[0]$_SDFF_PP0_/CLK (sky130_fd_sc_hd__dfxtp_1)
   0.41    3.46 ^ timer_clk_div/clk_div[0]$_SDFF_PP0_/Q (sky130_fd_sc_hd__dfxtp_1)
   0.20    3.66 ^ clkbuf_0_timer_clk_div/clk_div2/X (sky130_fd_sc_hd__clkbuf_16)
   0.28    3.94 ^ clkbuf_1_0__f_timer_clk_div/clk_div2/X (sky130_fd_sc_hd__clkbuf_16)
   0.32    4.26 ^ timer_clk_div/_10_/X (sky130_fd_sc_hd__mux4_2)
   0.24    4.50 ^ clkbuf_0_clk_s1/X (sky130_fd_sc_hd__clkbuf_16)
   0.25    4.75 ^ clkbuf_3_0__f_clk_s1/X (sky130_fd_sc_hd__clkbuf_16)
   0.19    4.94 ^ clkbuf_leaf_57_clk_s1/X (sky130_fd_sc_hd__clkbuf_16)
   0.00    4.94 ^ timer_0/fifo_timer_w/synchronizers_2_clk_2[0]$_SDFF_PP0_/CLK (sky130_fd_sc_hd__dfxtp_1)
   0.10    5.04   clock uncertainty
  -1.18    3.86   clock reconvergence pessimism
  -0.03    3.83   library hold time
           3.83   data required time
---------------------------------------------------------
           3.83   data required time
          -4.18   data arrival time
---------------------------------------------------------
           0.35   slack (MET)


Startpoint: timer_clk_div/clk_div[2]$_SDFF_PP0_/Q
            (clock source 'timer_clk_div_clk_div8')
Endpoint: timer_clk_div/clk_div[2]$_SDFF_PP0_
          (rising edge-triggered flip-flop clocked by clk_s1_gate)
Path Group: clk_s1_gate
Path Type: min

  Delay    Time   Description
---------------------------------------------------------
 100.00  100.00   clock timer_clk_div_clk_div8 (fall edge)
   0.00  100.00   clock source latency
   0.62  100.62 ^ clk4 (in)
   1.69  102.31 ^ timer_clk_gate/_0_/X (sky130_fd_sc_hd__and2_1)
   0.38  102.70 ^ clkbuf_regs_1_clk_s1_gate/X (sky130_fd_sc_hd__clkbuf_16)
   0.14  102.84 ^ clkbuf_0_clk_s1_gate_regs/X (sky130_fd_sc_hd__clkbuf_16)
   0.17  103.01 ^ clkbuf_1_1__f_clk_s1_gate_regs/X (sky130_fd_sc_hd__clkbuf_16)
   0.03  103.04 ^ timer_clk_div/clk_div[2]$_SDFF_PP0_/CLK (sky130_fd_sc_hd__dfxtp_1)
   0.36  103.40 v timer_clk_div/clk_div[2]$_SDFF_PP0_/Q (sky130_fd_sc_hd__dfxtp_1)
   0.19  103.59 v clkbuf_0_timer_clk_div/clk_div8/X (sky130_fd_sc_hd__clkbuf_16)
   0.19  103.78 v clkbuf_1_1__f_timer_clk_div/clk_div8/X (sky130_fd_sc_hd__clkbuf_16)
   0.17  103.95 ^ timer_clk_div/_08_/Y (sky130_fd_sc_hd__xnor2_1)
   0.38  104.33 v timer_clk_div/_09_/Y (sky130_fd_sc_hd__nor2_1)
   0.02  104.35 v timer_clk_div/clk_div[2]$_SDFF_PP0_/D (sky130_fd_sc_hd__dfxtp_1)
         104.35   data arrival time

 100.00  100.00   clock clk_s1_gate (rise edge)
   0.00  100.00   clock source latency
   0.62  100.62 ^ clk4 (in)
   1.69  102.31 ^ timer_clk_gate/_0_/X (sky130_fd_sc_hd__and2_1)
   0.38  102.70 ^ clkbuf_regs_1_clk_s1_gate/X (sky130_fd_sc_hd__clkbuf_16)
   0.14  102.84 ^ clkbuf_0_clk_s1_gate_regs/X (sky130_fd_sc_hd__clkbuf_16)
   0.17  103.01 ^ clkbuf_1_1__f_clk_s1_gate_regs/X (sky130_fd_sc_hd__clkbuf_16)
   0.03  103.04 ^ timer_clk_div/clk_div[2]$_SDFF_PP0_/CLK (sky130_fd_sc_hd__dfxtp_1)
   0.10  103.14   clock uncertainty
   0.00  103.14   clock reconvergence pessimism
  -0.22  102.92   library hold time
         102.92   data required time
---------------------------------------------------------
         102.92   data required time
        -104.35   data arrival time
---------------------------------------------------------
           1.44   slack (MET)


Startpoint: gpio_0/gpio_0/read_reg[9]$_SDFF_PP0_
            (rising edge-triggered flip-flop clocked by clk_s2)
Endpoint: gpio_0/gpio_0/read_reg_gpio[9]$_SDFF_PP0_
          (rising edge-triggered flip-flop clocked by clk_s2)
Path Group: clk_s2
Path Type: min

  Delay    Time   Description
---------------------------------------------------------
   0.00    0.00   clock clk_s2 (rise edge)
   0.00    0.00   clock source latency
   0.51    0.51 ^ clk2 (in)
   1.13    1.64 ^ gpio_clk_gate/_0_/X (sky130_fd_sc_hd__and2_1)
   0.32    1.96 ^ clkbuf_0_clk_s2_gate/X (sky130_fd_sc_hd__clkbuf_16)
   0.12    2.08 ^ clkbuf_1_0__f_clk_s2_gate/X (sky130_fd_sc_hd__clkbuf_16)
   0.26    2.34 ^ gpio_clk_div/_10_/X (sky130_fd_sc_hd__mux4_2)
   0.25    2.60 ^ clkbuf_0_clk_s2/X (sky130_fd_sc_hd__clkbuf_16)
   0.29    2.89 ^ clkbuf_3_6__f_clk_s2/X (sky130_fd_sc_hd__clkbuf_16)
   0.20    3.09 ^ clkbuf_leaf_47_clk_s2/X (sky130_fd_sc_hd__clkbuf_16)
   0.00    3.09 ^ gpio_0/gpio_0/read_reg[9]$_SDFF_PP0_/CLK (sky130_fd_sc_hd__dfxtp_1)
   0.30    3.40 v gpio_0/gpio_0/read_reg[9]$_SDFF_PP0_/Q (sky130_fd_sc_hd__dfxtp_1)
   0.13    3.53 v gpio_0/gpio_0/_2943_/Y (sky130_fd_sc_hd__nor2b_1)
   0.00    3.53 v gpio_0/gpio_0/read_reg_gpio[9]$_SDFF_PP0_/D (sky130_fd_sc_hd__dfxtp_1)
           3.53   data arrival time

   0.00    0.00   clock clk_s2 (rise edge)
   0.00    0.00   clock source latency
   0.51    0.51 ^ clk2 (in)
   1.13    1.64 ^ gpio_clk_gate/_0_/X (sky130_fd_sc_hd__and2_1)
   0.31    1.95 ^ clkbuf_regs_2_clk_s2_gate/X (sky130_fd_sc_hd__clkbuf_16)
   0.14    2.09 ^ clkbuf_0_clk_s2_gate_regs/X (sky130_fd_sc_hd__clkbuf_16)
   0.15    2.24 ^ clkbuf_1_1__f_clk_s2_gate_regs/X (sky130_fd_sc_hd__clkbuf_16)
   0.01    2.26 ^ gpio_clk_div/clk_div[0]$_SDFF_PP0_/CLK (sky130_fd_sc_hd__dfxtp_1)
   0.39    2.64 ^ gpio_clk_div/clk_div[0]$_SDFF_PP0_/Q (sky130_fd_sc_hd__dfxtp_1)
   0.18    2.82 ^ clkbuf_0_gpio_clk_div/clk_div2/X (sky130_fd_sc_hd__clkbuf_16)
   0.22    3.04 ^ clkbuf_1_0__f_gpio_clk_div/clk_div2/X (sky130_fd_sc_hd__clkbuf_16)
   0.31    3.35 ^ gpio_clk_div/_10_/X (sky130_fd_sc_hd__mux4_2)
   0.26    3.61 ^ clkbuf_0_clk_s2/X (sky130_fd_sc_hd__clkbuf_16)
   0.33    3.94 ^ clkbuf_3_3__f_clk_s2/X (sky130_fd_sc_hd__clkbuf_16)
   0.21    4.16 ^ clkbuf_leaf_62_clk_s2/X (sky130_fd_sc_hd__clkbuf_16)
   0.00    4.16 ^ gpio_0/gpio_0/read_reg_gpio[9]$_SDFF_PP0_/CLK (sky130_fd_sc_hd__dfxtp_1)
   0.10    4.26   clock uncertainty
  -1.02    3.24   clock reconvergence pessimism
  -0.05    3.19   library hold time
           3.19   data required time
---------------------------------------------------------
           3.19   data required time
          -3.53   data arrival time
---------------------------------------------------------
           0.34   slack (MET)


Startpoint: gpio_clk_div/clk_div[0]$_SDFF_PP0_/Q
            (clock source 'gpio_clk_div_clk_div2')
Endpoint: gpio_clk_div/clk_div[0]$_SDFF_PP0_
          (rising edge-triggered flip-flop clocked by clk_s2_gate)
Path Group: clk_s2_gate
Path Type: min

  Delay    Time   Description
---------------------------------------------------------
   0.00    0.00   clock gpio_clk_div_clk_div2 (rise edge)
   0.00    0.00   clock source latency
   0.51    0.51 ^ clk2 (in)
   1.13    1.64 ^ gpio_clk_gate/_0_/X (sky130_fd_sc_hd__and2_1)
   0.31    1.95 ^ clkbuf_regs_2_clk_s2_gate/X (sky130_fd_sc_hd__clkbuf_16)
   0.14    2.09 ^ clkbuf_0_clk_s2_gate_regs/X (sky130_fd_sc_hd__clkbuf_16)
   0.15    2.24 ^ clkbuf_1_1__f_clk_s2_gate_regs/X (sky130_fd_sc_hd__clkbuf_16)
   0.01    2.25 ^ gpio_clk_div/clk_div[0]$_SDFF_PP0_/CLK (sky130_fd_sc_hd__dfxtp_1)
   0.39    2.64 ^ gpio_clk_div/clk_div[0]$_SDFF_PP0_/Q (sky130_fd_sc_hd__dfxtp_1)
   0.18    2.82 ^ clkbuf_0_gpio_clk_div/clk_div2/X (sky130_fd_sc_hd__clkbuf_16)
   0.22    3.04 ^ clkbuf_1_0__f_gpio_clk_div/clk_div2/X (sky130_fd_sc_hd__clkbuf_16)
   0.27    3.31 v gpio_clk_div/_07_/Y (sky130_fd_sc_hd__nor2_1)
   0.00    3.31 v gpio_clk_div/clk_div[0]$_SDFF_PP0_/D (sky130_fd_sc_hd__dfxtp_1)
           3.31   data arrival time

   0.00    0.00   clock clk_s2_gate (rise edge)
   0.00    0.00   clock source latency
   0.51    0.51 ^ clk2 (in)
   1.13    1.64 ^ gpio_clk_gate/_0_/X (sky130_fd_sc_hd__and2_1)
   0.31    1.95 ^ clkbuf_regs_2_clk_s2_gate/X (sky130_fd_sc_hd__clkbuf_16)
   0.14    2.09 ^ clkbuf_0_clk_s2_gate_regs/X (sky130_fd_sc_hd__clkbuf_16)
   0.15    2.24 ^ clkbuf_1_1__f_clk_s2_gate_regs/X (sky130_fd_sc_hd__clkbuf_16)
   0.01    2.26 ^ gpio_clk_div/clk_div[0]$_SDFF_PP0_/CLK (sky130_fd_sc_hd__dfxtp_1)
   0.10    2.36   clock uncertainty
   0.00    2.35   clock reconvergence pessimism
  -0.14    2.21   library hold time
           2.21   data required time
---------------------------------------------------------
           2.21   data required time
          -3.31   data arrival time
---------------------------------------------------------
           1.10   slack (MET)


Startpoint: dma_config_0/addr_w_comp$_SDFFE_PP0P_
            (rising edge-triggered flip-flop clocked by clk1)
Endpoint: dma_config_0/dma_0/burst_length_dma[17]$_SDFFE_PP0P_
          (rising edge-triggered flip-flop clocked by clk_s3)
Path Group: clk_s3
Path Type: min

  Delay    Time   Description
---------------------------------------------------------
   0.00    0.00   clock clk1 (rise edge)
   0.00    0.00   clock source latency
   1.14    1.14 ^ clk1 (in)
   0.33    1.47 ^ clkbuf_regs_0_clk1/X (sky130_fd_sc_hd__clkbuf_16)
   0.24    1.71 ^ clkbuf_0_clk1_regs/X (sky130_fd_sc_hd__clkbuf_16)
   0.22    1.94 ^ clkbuf_1_0_0_clk1_regs/X (sky130_fd_sc_hd__clkbuf_16)
   0.21    2.15 ^ clkbuf_2_1_0_clk1_regs/X (sky130_fd_sc_hd__clkbuf_16)
   0.21    2.37 ^ clkbuf_3_2_0_clk1_regs/X (sky130_fd_sc_hd__clkbuf_16)
   0.36    2.73 ^ clkbuf_4_4_0_clk1_regs/X (sky130_fd_sc_hd__clkbuf_16)
   0.32    3.05 ^ clkbuf_8_67_0_clk1_regs/X (sky130_fd_sc_hd__clkbuf_16)
   0.20    3.24 ^ clkbuf_leaf_471_clk1_regs/X (sky130_fd_sc_hd__clkbuf_16)
   0.00    3.24 ^ dma_config_0/addr_w_comp$_SDFFE_PP0P_/CLK (sky130_fd_sc_hd__dfxtp_1)
   0.43    3.67 v dma_config_0/addr_w_comp$_SDFFE_PP0P_/Q (sky130_fd_sc_hd__dfxtp_1)
   0.26    3.93 v dma_config_0/_1247_/X (sky130_fd_sc_hd__and2_1)
   0.76    4.69 v dma_config_0/hold35731/X (sky130_fd_sc_hd__dlygate4sd3_1)
   0.53    5.22 v dma_config_0/dma_0/_1898_/X (sky130_fd_sc_hd__and3_1)
   0.19    5.41 ^ dma_config_0/dma_0/_1950_/Y (sky130_fd_sc_hd__nand2_1)
   0.06    5.47 v dma_config_0/dma_0/_1953_/Y (sky130_fd_sc_hd__a21oi_1)
   0.00    5.47 v dma_config_0/dma_0/burst_length_dma[17]$_SDFFE_PP0P_/D (sky130_fd_sc_hd__dfxtp_1)
           5.47   data arrival time

   0.00    0.00   clock clk_s3 (rise edge)
   0.00    0.00   clock source latency
   1.14    1.14 ^ clk1 (in)
   0.33    1.47 ^ clkbuf_regs_0_clk1/X (sky130_fd_sc_hd__clkbuf_16)
   0.24    1.71 ^ clkbuf_0_clk1_regs/X (sky130_fd_sc_hd__clkbuf_16)
   0.22    1.94 ^ clkbuf_1_1_0_clk1_regs/X (sky130_fd_sc_hd__clkbuf_16)
   0.21    2.15 ^ clkbuf_2_3_0_clk1_regs/X (sky130_fd_sc_hd__clkbuf_16)
   0.22    2.37 ^ clkbuf_3_6_0_clk1_regs/X (sky130_fd_sc_hd__clkbuf_16)
   0.38    2.76 ^ clkbuf_4_12_0_clk1_regs/X (sky130_fd_sc_hd__clkbuf_16)
   0.35    3.10 ^ clkbuf_8_196_0_clk1_regs/X (sky130_fd_sc_hd__clkbuf_16)
   0.20    3.31 ^ clkbuf_leaf_838_clk1_regs/X (sky130_fd_sc_hd__clkbuf_16)
   0.00    3.31 ^ clk_en_reg[3]$_SDFFE_PP1P_/CLK (sky130_fd_sc_hd__dfxtp_1)
   0.93    4.24 ^ clk_en_reg[3]$_SDFFE_PP1P_/Q (sky130_fd_sc_hd__dfxtp_1)
   0.31    4.55 ^ dma_clk_gate/_0_/X (sky130_fd_sc_hd__and2_1)
   0.24    4.79 ^ clkbuf_0_clk_s3/X (sky130_fd_sc_hd__clkbuf_16)
   0.35    5.14 ^ clkbuf_2_0__f_clk_s3/X (sky130_fd_sc_hd__clkbuf_16)
   0.24    5.38 ^ clkbuf_leaf_51_clk_s3/X (sky130_fd_sc_hd__clkbuf_16)
   0.00    5.38 ^ dma_config_0/dma_0/burst_length_dma[17]$_SDFFE_PP0P_/CLK (sky130_fd_sc_hd__dfxtp_1)
   0.10    5.48   clock uncertainty
   0.00    5.48   clock reconvergence pessimism
  -0.04    5.44   library hold time
           5.44   data required time
---------------------------------------------------------
           5.44   data required time
          -5.47   data arrival time
---------------------------------------------------------
           0.03   slack (MET)


Startpoint: uart_0/uart_0/rx_sync[0]$_SDFF_PP1_
            (rising edge-triggered flip-flop clocked by clk_s4)
Endpoint: uart_0/uart_0/rx_sync[1]$_SDFF_PP1_
          (rising edge-triggered flip-flop clocked by clk_s4)
Path Group: clk_s4
Path Type: min

  Delay    Time   Description
---------------------------------------------------------
   0.00    0.00   clock clk_s4 (rise edge)
   0.00    0.00   clock source latency
   0.73    0.73 ^ clk5 (in)
   1.44    2.17 ^ uart_clk_gate/_0_/X (sky130_fd_sc_hd__and2_1)
   0.35    2.52 ^ clkbuf_0_clk_s4_gate/X (sky130_fd_sc_hd__clkbuf_16)
   0.12    2.64 ^ clkbuf_1_0__f_clk_s4_gate/X (sky130_fd_sc_hd__clkbuf_16)
   0.25    2.89 ^ uart_clk_div/_10_/X (sky130_fd_sc_hd__mux4_2)
   0.23    3.12 ^ clkbuf_0_clk_s4/X (sky130_fd_sc_hd__clkbuf_16)
   0.24    3.36 ^ clkbuf_3_4__f_clk_s4/X (sky130_fd_sc_hd__clkbuf_16)
   0.18    3.54 ^ clkbuf_leaf_12_clk_s4/X (sky130_fd_sc_hd__clkbuf_16)
   0.00    3.54 ^ uart_0/uart_0/rx_sync[0]$_SDFF_PP1_/CLK (sky130_fd_sc_hd__dfxtp_1)
   0.32    3.86 ^ uart_0/uart_0/rx_sync[0]$_SDFF_PP1_/Q (sky130_fd_sc_hd__dfxtp_1)
   0.10    3.96 ^ uart_0/uart_0/_1320_/X (sky130_fd_sc_hd__or2_2)
   0.00    3.96 ^ uart_0/uart_0/rx_sync[1]$_SDFF_PP1_/D (sky130_fd_sc_hd__dfxtp_1)
           3.96   data arrival time

   0.00    0.00   clock clk_s4 (rise edge)
   0.00    0.00   clock source latency
   0.73    0.73 ^ clk5 (in)
   1.44    2.17 ^ uart_clk_gate/_0_/X (sky130_fd_sc_hd__and2_1)
   0.35    2.52 ^ clkbuf_regs_4_clk_s4_gate/X (sky130_fd_sc_hd__clkbuf_16)
   0.14    2.66 ^ clkbuf_0_clk_s4_gate_regs/X (sky130_fd_sc_hd__clkbuf_16)
   0.16    2.82 ^ clkbuf_1_0__f_clk_s4_gate_regs/X (sky130_fd_sc_hd__clkbuf_16)
   0.00    2.83 ^ uart_clk_div/clk_div[0]$_SDFF_PP0_/CLK (sky130_fd_sc_hd__dfxtp_1)
   0.39    3.21 ^ uart_clk_div/clk_div[0]$_SDFF_PP0_/Q (sky130_fd_sc_hd__dfxtp_1)
   0.21    3.42 ^ clkbuf_0_uart_clk_div/clk_div2/X (sky130_fd_sc_hd__clkbuf_16)
   0.25    3.67 ^ clkbuf_1_0__f_uart_clk_div/clk_div2/X (sky130_fd_sc_hd__clkbuf_16)
   0.32    3.99 ^ uart_clk_div/_10_/X (sky130_fd_sc_hd__mux4_2)
   0.24    4.23 ^ clkbuf_0_clk_s4/X (sky130_fd_sc_hd__clkbuf_16)
   0.24    4.47 ^ clkbuf_3_4__f_clk_s4/X (sky130_fd_sc_hd__clkbuf_16)
   0.18    4.65 ^ clkbuf_leaf_12_clk_s4/X (sky130_fd_sc_hd__clkbuf_16)
   0.00    4.65 ^ uart_0/uart_0/rx_sync[1]$_SDFF_PP1_/CLK (sky130_fd_sc_hd__dfxtp_1)
   0.10    4.75   clock uncertainty
  -1.11    3.64   clock reconvergence pessimism
  -0.03    3.61   library hold time
           3.61   data required time
---------------------------------------------------------
           3.61   data required time
          -3.96   data arrival time
---------------------------------------------------------
           0.34   slack (MET)


Startpoint: uart_clk_div/clk_div[0]$_SDFF_PP0_/Q
            (clock source 'uart_clk_div_clk_div2')
Endpoint: uart_clk_div/clk_div[0]$_SDFF_PP0_
          (rising edge-triggered flip-flop clocked by clk_s4_gate)
Path Group: clk_s4_gate
Path Type: min

  Delay    Time   Description
---------------------------------------------------------
   0.00    0.00   clock uart_clk_div_clk_div2 (rise edge)
   0.00    0.00   clock source latency
   0.73    0.73 ^ clk5 (in)
   1.44    2.17 ^ uart_clk_gate/_0_/X (sky130_fd_sc_hd__and2_1)
   0.35    2.52 ^ clkbuf_regs_4_clk_s4_gate/X (sky130_fd_sc_hd__clkbuf_16)
   0.14    2.66 ^ clkbuf_0_clk_s4_gate_regs/X (sky130_fd_sc_hd__clkbuf_16)
   0.16    2.82 ^ clkbuf_1_0__f_clk_s4_gate_regs/X (sky130_fd_sc_hd__clkbuf_16)
   0.00    2.83 ^ uart_clk_div/clk_div[0]$_SDFF_PP0_/CLK (sky130_fd_sc_hd__dfxtp_1)
   0.39    3.21 ^ uart_clk_div/clk_div[0]$_SDFF_PP0_/Q (sky130_fd_sc_hd__dfxtp_1)
   0.21    3.42 ^ clkbuf_0_uart_clk_div/clk_div2/X (sky130_fd_sc_hd__clkbuf_16)
   0.17    3.60 ^ clkbuf_1_1__f_uart_clk_div/clk_div2/X (sky130_fd_sc_hd__clkbuf_16)
   0.33    3.92 v uart_clk_div/_07_/Y (sky130_fd_sc_hd__nor2_1)
   0.01    3.93 v uart_clk_div/clk_div[0]$_SDFF_PP0_/D (sky130_fd_sc_hd__dfxtp_1)
           3.93   data arrival time

   0.00    0.00   clock clk_s4_gate (rise edge)
   0.00    0.00   clock source latency
   0.73    0.73 ^ clk5 (in)
   1.44    2.17 ^ uart_clk_gate/_0_/X (sky130_fd_sc_hd__and2_1)
   0.35    2.52 ^ clkbuf_regs_4_clk_s4_gate/X (sky130_fd_sc_hd__clkbuf_16)
   0.14    2.66 ^ clkbuf_0_clk_s4_gate_regs/X (sky130_fd_sc_hd__clkbuf_16)
   0.16    2.82 ^ clkbuf_1_0__f_clk_s4_gate_regs/X (sky130_fd_sc_hd__clkbuf_16)
   0.00    2.83 ^ uart_clk_div/clk_div[0]$_SDFF_PP0_/CLK (sky130_fd_sc_hd__dfxtp_1)
   0.10    2.93   clock uncertainty
   0.00    2.93   clock reconvergence pessimism
  -0.19    2.73   library hold time
           2.73   data required time
---------------------------------------------------------
           2.73   data required time
          -3.93   data arrival time
---------------------------------------------------------
           1.20   slack (MET)


Startpoint: dot_0/fifo_timer_w2/synchronizers_1_clk_2[1]$_SDFF_PP0_
            (rising edge-triggered flip-flop clocked by clk_s5)
Endpoint: dot_0/fifo_timer_w2/synchronizers_2_clk_2[1]$_SDFF_PP0_
          (rising edge-triggered flip-flop clocked by clk_s5)
Path Group: clk_s5
Path Type: min

  Delay    Time   Description
---------------------------------------------------------
   0.00    0.00   clock clk_s5 (rise edge)
   0.00    0.00   clock source latency
   0.74    0.74 ^ clk3 (in)
   1.06    1.80 ^ dot_clk_gate/_0_/X (sky130_fd_sc_hd__and2_1)
   0.31    2.11 ^ clkbuf_0_clk_s5_gate/X (sky130_fd_sc_hd__clkbuf_16)
   0.12    2.23 ^ clkbuf_1_0__f_clk_s5_gate/X (sky130_fd_sc_hd__clkbuf_16)
   0.25    2.49 ^ dot_clk_div/_10_/X (sky130_fd_sc_hd__mux4_2)
   0.24    2.73 ^ clkbuf_0_clk_s5/X (sky130_fd_sc_hd__clkbuf_16)
   0.21    2.93 ^ clkbuf_2_2_0_clk_s5/X (sky130_fd_sc_hd__clkbuf_16)
   0.23    3.17 ^ clkbuf_3_5__f_clk_s5/X (sky130_fd_sc_hd__clkbuf_16)
   0.19    3.35 ^ clkbuf_leaf_55_clk_s5/X (sky130_fd_sc_hd__clkbuf_16)
   0.00    3.36 ^ dot_0/fifo_timer_w2/synchronizers_1_clk_2[1]$_SDFF_PP0_/CLK (sky130_fd_sc_hd__dfxtp_1)
   0.30    3.65 ^ dot_0/fifo_timer_w2/synchronizers_1_clk_2[1]$_SDFF_PP0_/Q (sky130_fd_sc_hd__dfxtp_1)
   0.11    3.77 ^ dot_0/fifo_timer_w2/_675_/Y (sky130_fd_sc_hd__nor2b_1)
   0.00    3.77 ^ dot_0/fifo_timer_w2/synchronizers_2_clk_2[1]$_SDFF_PP0_/D (sky130_fd_sc_hd__dfxtp_1)
           3.77   data arrival time

   0.00    0.00   clock clk_s5 (rise edge)
   0.00    0.00   clock source latency
   0.74    0.74 ^ clk3 (in)
   1.06    1.80 ^ dot_clk_gate/_0_/X (sky130_fd_sc_hd__and2_1)
   0.30    2.11 ^ clkbuf_regs_3_clk_s5_gate/X (sky130_fd_sc_hd__clkbuf_16)
   0.14    2.24 ^ clkbuf_0_clk_s5_gate_regs/X (sky130_fd_sc_hd__clkbuf_16)
   0.15    2.40 ^ clkbuf_1_1__f_clk_s5_gate_regs/X (sky130_fd_sc_hd__clkbuf_16)
   0.01    2.41 ^ dot_clk_div/clk_div[0]$_SDFF_PP0_/CLK (sky130_fd_sc_hd__dfxtp_1)
   0.37    2.78 ^ dot_clk_div/clk_div[0]$_SDFF_PP0_/Q (sky130_fd_sc_hd__dfxtp_1)
   0.19    2.97 ^ clkbuf_0_dot_clk_div/clk_div2/X (sky130_fd_sc_hd__clkbuf_16)
   0.20    3.17 ^ clkbuf_1_0__f_dot_clk_div/clk_div2/X (sky130_fd_sc_hd__clkbuf_16)
   0.29    3.46 ^ dot_clk_div/_10_/X (sky130_fd_sc_hd__mux4_2)
   0.25    3.71 ^ clkbuf_0_clk_s5/X (sky130_fd_sc_hd__clkbuf_16)
   0.21    3.92 ^ clkbuf_2_2_0_clk_s5/X (sky130_fd_sc_hd__clkbuf_16)
   0.23    4.15 ^ clkbuf_3_5__f_clk_s5/X (sky130_fd_sc_hd__clkbuf_16)
   0.20    4.34 ^ clkbuf_leaf_54_clk_s5/X (sky130_fd_sc_hd__clkbuf_16)
   0.00    4.34 ^ dot_0/fifo_timer_w2/synchronizers_2_clk_2[1]$_SDFF_PP0_/CLK (sky130_fd_sc_hd__dfxtp_1)
   0.10    4.44   clock uncertainty
  -0.98    3.46   clock reconvergence pessimism
  -0.04    3.43   library hold time
           3.43   data required time
---------------------------------------------------------
           3.43   data required time
          -3.77   data arrival time
---------------------------------------------------------
           0.34   slack (MET)


Startpoint: dot_clk_div/clk_div[0]$_SDFF_PP0_/Q
            (clock source 'dot_clk_div_clk_div2')
Endpoint: dot_clk_div/clk_div[0]$_SDFF_PP0_
          (rising edge-triggered flip-flop clocked by clk_s5_gate)
Path Group: clk_s5_gate
Path Type: min

  Delay    Time   Description
---------------------------------------------------------
   0.00    0.00   clock dot_clk_div_clk_div2 (rise edge)
   0.00    0.00   clock source latency
   0.74    0.74 ^ clk3 (in)
   1.06    1.80 ^ dot_clk_gate/_0_/X (sky130_fd_sc_hd__and2_1)
   0.30    2.11 ^ clkbuf_regs_3_clk_s5_gate/X (sky130_fd_sc_hd__clkbuf_16)
   0.14    2.24 ^ clkbuf_0_clk_s5_gate_regs/X (sky130_fd_sc_hd__clkbuf_16)
   0.15    2.40 ^ clkbuf_1_1__f_clk_s5_gate_regs/X (sky130_fd_sc_hd__clkbuf_16)
   0.01    2.41 ^ dot_clk_div/clk_div[0]$_SDFF_PP0_/CLK (sky130_fd_sc_hd__dfxtp_1)
   0.37    2.78 ^ dot_clk_div/clk_div[0]$_SDFF_PP0_/Q (sky130_fd_sc_hd__dfxtp_1)
   0.19    2.97 ^ clkbuf_0_dot_clk_div/clk_div2/X (sky130_fd_sc_hd__clkbuf_16)
   0.20    3.17 ^ clkbuf_1_0__f_dot_clk_div/clk_div2/X (sky130_fd_sc_hd__clkbuf_16)
   0.27    3.44 v dot_clk_div/_07_/Y (sky130_fd_sc_hd__nor2_1)
   0.00    3.44 v dot_clk_div/clk_div[0]$_SDFF_PP0_/D (sky130_fd_sc_hd__dfxtp_1)
           3.44   data arrival time

   0.00    0.00   clock clk_s5_gate (rise edge)
   0.00    0.00   clock source latency
   0.74    0.74 ^ clk3 (in)
   1.06    1.80 ^ dot_clk_gate/_0_/X (sky130_fd_sc_hd__and2_1)
   0.30    2.11 ^ clkbuf_regs_3_clk_s5_gate/X (sky130_fd_sc_hd__clkbuf_16)
   0.14    2.24 ^ clkbuf_0_clk_s5_gate_regs/X (sky130_fd_sc_hd__clkbuf_16)
   0.15    2.40 ^ clkbuf_1_1__f_clk_s5_gate_regs/X (sky130_fd_sc_hd__clkbuf_16)
   0.01    2.41 ^ dot_clk_div/clk_div[0]$_SDFF_PP0_/CLK (sky130_fd_sc_hd__dfxtp_1)
   0.10    2.51   clock uncertainty
   0.00    2.51   clock reconvergence pessimism
  -0.14    2.37   library hold time
           2.37   data required time
---------------------------------------------------------
           2.37   data required time
          -3.44   data arrival time
---------------------------------------------------------
           1.07   slack (MET)


Startpoint: mmio_master_0/m1_dw_data[8]$_SDFFE_PP0P_
            (rising edge-triggered flip-flop clocked by clk1)
Endpoint: main_memory_0/mem[52][8]$_DFFE_PP_
          (rising edge-triggered flip-flop clocked by clk_s8)
Path Group: clk_s8
Path Type: min

  Delay    Time   Description
---------------------------------------------------------
   0.00    0.00   clock clk1 (rise edge)
   0.00    0.00   clock source latency
   1.14    1.14 ^ clk1 (in)
   0.33    1.47 ^ clkbuf_regs_0_clk1/X (sky130_fd_sc_hd__clkbuf_16)
   0.24    1.71 ^ clkbuf_0_clk1_regs/X (sky130_fd_sc_hd__clkbuf_16)
   0.22    1.94 ^ clkbuf_1_1_0_clk1_regs/X (sky130_fd_sc_hd__clkbuf_16)
   0.21    2.15 ^ clkbuf_2_3_0_clk1_regs/X (sky130_fd_sc_hd__clkbuf_16)
   0.22    2.37 ^ clkbuf_3_6_0_clk1_regs/X (sky130_fd_sc_hd__clkbuf_16)
   0.38    2.76 ^ clkbuf_4_13_0_clk1_regs/X (sky130_fd_sc_hd__clkbuf_16)
   0.39    3.15 ^ clkbuf_8_208_0_clk1_regs/X (sky130_fd_sc_hd__clkbuf_16)
   0.22    3.37 ^ clkbuf_leaf_815_clk1_regs/X (sky130_fd_sc_hd__clkbuf_16)
   0.00    3.37 ^ mmio_master_0/m1_dw_data[8]$_SDFFE_PP0P_/CLK (sky130_fd_sc_hd__dfxtp_1)
   0.35    3.72 v mmio_master_0/m1_dw_data[8]$_SDFFE_PP0P_/Q (sky130_fd_sc_hd__dfxtp_1)
   0.08    3.80 ^ _1625_/Y (sky130_fd_sc_hd__nand2_1)
   0.13    3.93 v _1627_/Y (sky130_fd_sc_hd__nand2_1)
   0.33    4.26 v interconnect_0/place31203/X (sky130_fd_sc_hd__buf_4)
   0.34    4.60 v interconnect_0/_1458_/X (sky130_fd_sc_hd__mux2_2)
   0.55    5.16 v memory_axi_0/hold35593/X (sky130_fd_sc_hd__dlygate4sd3_1)
   0.23    5.38 v memory_axi_0/_0586_/X (sky130_fd_sc_hd__and2_1)
   0.32    5.70 v main_memory_0/place29197/X (sky130_fd_sc_hd__buf_4)
   0.05    5.75 v main_memory_0/mem[52][8]$_DFFE_PP_/D (sky130_fd_sc_hd__edfxtp_1)
           5.75   data arrival time

   0.00    0.00   clock clk_s8 (rise edge)
   0.00    0.00   clock source latency
   1.14    1.14 ^ clk1 (in)
   0.33    1.47 ^ clkbuf_regs_0_clk1/X (sky130_fd_sc_hd__clkbuf_16)
   0.24    1.71 ^ clkbuf_0_clk1_regs/X (sky130_fd_sc_hd__clkbuf_16)
   0.22    1.94 ^ clkbuf_1_1_0_clk1_regs/X (sky130_fd_sc_hd__clkbuf_16)
   0.21    2.15 ^ clkbuf_2_3_0_clk1_regs/X (sky130_fd_sc_hd__clkbuf_16)
   0.22    2.37 ^ clkbuf_3_6_0_clk1_regs/X (sky130_fd_sc_hd__clkbuf_16)
   0.38    2.76 ^ clkbuf_4_12_0_clk1_regs/X (sky130_fd_sc_hd__clkbuf_16)
   0.35    3.10 ^ clkbuf_8_196_0_clk1_regs/X (sky130_fd_sc_hd__clkbuf_16)
   0.20    3.30 ^ clkbuf_leaf_842_clk1_regs/X (sky130_fd_sc_hd__clkbuf_16)
   0.00    3.30 ^ clk_en_reg[4]$_SDFFE_PP1P_/CLK (sky130_fd_sc_hd__dfxtp_1)
   1.20    4.50 ^ clk_en_reg[4]$_SDFFE_PP1P_/Q (sky130_fd_sc_hd__dfxtp_1)
   0.32    4.82 ^ memory_clk_gate/_0_/X (sky130_fd_sc_hd__and2_1)
   0.27    5.09 ^ clkbuf_0_clk_s8/X (sky130_fd_sc_hd__clkbuf_16)
   0.25    5.34 ^ clkbuf_2_0_0_clk_s8/X (sky130_fd_sc_hd__clkbuf_16)
   0.31    5.65 ^ clkbuf_4_3__f_clk_s8/X (sky130_fd_sc_hd__clkbuf_16)
   0.22    5.87 ^ clkbuf_leaf_61_clk_s8/X (sky130_fd_sc_hd__clkbuf_16)
   0.00    5.87 ^ main_memory_0/mem[52][8]$_DFFE_PP_/CLK (sky130_fd_sc_hd__edfxtp_1)
   0.10    5.97   clock uncertainty
   0.00    5.97   clock reconvergence pessimism
  -0.24    5.73   library hold time
           5.73   data required time
---------------------------------------------------------
           5.73   data required time
          -5.75   data arrival time
---------------------------------------------------------
           0.02   slack (MET)



==========================================================================
global route critical path target clock latency max path
--------------------------------------------------------------------------
0

==========================================================================
global route critical path target clock latency min path
--------------------------------------------------------------------------
0

==========================================================================
global route critical path source clock latency min path
--------------------------------------------------------------------------
0

==========================================================================
global route critical path delay
--------------------------------------------------------------------------
42.1889

==========================================================================
global route critical path slack
--------------------------------------------------------------------------
-25.7785

==========================================================================
global route slack div critical path delay
--------------------------------------------------------------------------
-61.102565

==========================================================================
global route report_power
--------------------------------------------------------------------------
Group                  Internal  Switching    Leakage      Total
                          Power      Power      Power      Power (Watts)
----------------------------------------------------------------
Sequential             1.45e-01   7.13e-04   2.92e-07   1.45e-01  50.1%
Combinational          9.35e-04   2.81e-03   2.23e-07   3.75e-03   1.3%
Clock                  7.61e-02   6.50e-02   6.04e-08   1.41e-01  48.6%
Macro                  0.00e+00   0.00e+00   0.00e+00   0.00e+00   0.0%
Pad                    0.00e+00   0.00e+00   0.00e+00   0.00e+00   0.0%
----------------------------------------------------------------
Total                  2.22e-01   6.85e-02   5.76e-07   2.90e-01 100.0%
                          76.4%      23.6%       0.0%
