OpenROAD 7cfb2105c93c35ce73de9cf4f538de1c9bf8115a 
Features included (+) or not (-): +GPU -GUI +Python
This program is licensed under the BSD-3 license. See the LICENSE file for details.
Components of this program may be licensed under more restrictive licenses which must be honored.
[INFO ORD-0030] Using 12 thread(s).
read_liberty /Users/shubhanshu/Desktop/Nebula/digital/orfs/flow/platforms/sky130hd/lib/sky130_fd_sc_hd__tt_025C_1v80.lib
read_db /Users/shubhanshu/Desktop/Nebula/digital/artifacts/model_ppa_v3/pnr_v3_baseline/results/sky130hd/nebula_bench_v2/v3_baseline/5_1_grt.odb
read_sdc /Users/shubhanshu/Desktop/Nebula/digital/artifacts/model_ppa_v3/pnr_v3_baseline/results/sky130hd/nebula_bench_v2/v3_baseline/5_1_grt.sdc
source /Users/shubhanshu/Desktop/Nebula/digital/orfs/flow/platforms/sky130hd/setRC.tcl
detailed_route -output_drc /Users/shubhanshu/Desktop/Nebula/digital/artifacts/model_ppa_v3/pnr_v3_baseline/reports/sky130hd/nebula_bench_v2/v3_baseline/5_route_drc.rpt -output_maze /Users/shubhanshu/Desktop/Nebula/digital/artifacts/model_ppa_v3/pnr_v3_baseline/results/sky130hd/nebula_bench_v2/v3_baseline/maze.log -droute_end_iter 64 -verbose 1 -drc_report_iter_step 5
[INFO DRT-0149] Reading tech and libs.
[WARNING DRT-0349] LEF58_ENCLOSURE with no CUTCLASS is not supported. Skipping for layer mcon
[WARNING DRT-0349] LEF58_ENCLOSURE with no CUTCLASS is not supported. Skipping for layer mcon
[WARNING DRT-0349] LEF58_ENCLOSURE with no CUTCLASS is not supported. Skipping for layer via
[WARNING DRT-0349] LEF58_ENCLOSURE with no CUTCLASS is not supported. Skipping for layer via
[WARNING DRT-0349] LEF58_ENCLOSURE with no CUTCLASS is not supported. Skipping for layer via2
[WARNING DRT-0349] LEF58_ENCLOSURE with no CUTCLASS is not supported. Skipping for layer via2
[WARNING DRT-0349] LEF58_ENCLOSURE with no CUTCLASS is not supported. Skipping for layer via3
[WARNING DRT-0349] LEF58_ENCLOSURE with no CUTCLASS is not supported. Skipping for layer via3
[WARNING DRT-0349] LEF58_ENCLOSURE with no CUTCLASS is not supported. Skipping for layer via4
[WARNING DRT-0349] LEF58_ENCLOSURE with no CUTCLASS is not supported. Skipping for layer via4

Units:                1000
Number of layers:     13
Number of macros:     441
Number of vias:       29
Number of viarulegen: 25

[INFO DRT-0150] Reading design.

Design:                   soc_top
Die area:                 ( 0 0 ) ( 1900000 1900000 )
Number of track patterns: 12
Number of DEF vias:       0
Number of components:     170879
Number of terminals:      40
Number of snets:          2
Number of nets:           121602

[INFO DRT-0167] List of default vias:
  Layer via
    default via: M1M2_PR
  Layer via2
    default via: M2M3_PR
  Layer via3
    default via: M3M4_PR
  Layer via4
    default via: M4M5_PR
[INFO DRT-0162] Library cell analysis.
[INFO DRT-0163] Instance analysis.
  Complete 100000 instances.
[INFO DRT-0164] Number of unique instances = 411.
[INFO DRT-0168] Init region query.
[INFO DRT-0018]   Complete 100000 insts.
[INFO DRT-0024]   Complete FR_MASTERSLICE.
[INFO DRT-0024]   Complete Fr_VIA.
[INFO DRT-0024]   Complete li1.
[INFO DRT-0024]   Complete mcon.
[INFO DRT-0024]   Complete met1.
[INFO DRT-0024]   Complete via.
[INFO DRT-0024]   Complete met2.
[INFO DRT-0024]   Complete via2.
[INFO DRT-0024]   Complete met3.
[INFO DRT-0024]   Complete via3.
[INFO DRT-0024]   Complete met4.
[INFO DRT-0024]   Complete via4.
[INFO DRT-0024]   Complete met5.
[INFO DRT-0033] FR_MASTERSLICE shape region query size = 0.
[INFO DRT-0033] FR_VIA shape region query size = 0.
[INFO DRT-0033] li1 shape region query size = 4855202.
[INFO DRT-0033] mcon shape region query size = 3131833.
[INFO DRT-0033] met1 shape region query size = 871342.
[INFO DRT-0033] via shape region query size = 238395.
[INFO DRT-0033] met2 shape region query size = 143074.
[INFO DRT-0033] via2 shape region query size = 190716.
[INFO DRT-0033] met3 shape region query size = 143038.
[INFO DRT-0033] via3 shape region query size = 190716.
[INFO DRT-0033] met4 shape region query size = 57339.
[INFO DRT-0033] via4 shape region query size = 9522.
[INFO DRT-0033] met5 shape region query size = 9798.
[INFO DRT-0165] Start pin access.
[INFO DRT-0076]   Complete 1000 pins.
[INFO DRT-0076]   Complete 2000 pins.
[INFO DRT-0076]   Complete 3000 pins.
[INFO DRT-0078]   Complete 3392 pins.
[INFO DRT-0079]   Complete 100 unique inst patterns.
[INFO DRT-0079]   Complete 200 unique inst patterns.
[INFO DRT-0079]   Complete 300 unique inst patterns.
[INFO DRT-0079]   Complete 400 unique inst patterns.
[INFO DRT-0081]   Complete 411 unique inst patterns.
[INFO DRT-0082]   Complete 10000 groups.
[INFO DRT-0082]   Complete 20000 groups.
[INFO DRT-0082]   Complete 30000 groups.
[INFO DRT-0082]   Complete 40000 groups.
[INFO DRT-0082]   Complete 50000 groups.
[INFO DRT-0082]   Complete 60000 groups.
[INFO DRT-0082]   Complete 70000 groups.
[INFO DRT-0082]   Complete 80000 groups.
[INFO DRT-0082]   Complete 90000 groups.
[INFO DRT-0084]   Complete 92973 groups.
#scanned instances     = 170879
#unique  instances     = 411
#stdCellGenAp          = 14013
#stdCellValidPlanarAp  = 150
#stdCellValidViaAp     = 9959
#stdCellPinNoAp        = 10
#stdCellPinCnt         = 442910
#instTermValidViaApCnt = 0
#macroGenAp            = 0
#macroValidPlanarAp    = 0
#macroValidViaAp       = 0
#macroNoAp             = 0
[INFO DRT-0166] Complete pin access.
[INFO DRT-0267] cpu time = 00:51:00, elapsed time = 00:11:50, memory = 579.52 (MB), peak = 1060.80 (MB)
[INFO DRT-0156] guideIn read 100000 guides.
[INFO DRT-0156] guideIn read 200000 guides.
[INFO DRT-0156] guideIn read 300000 guides.
[INFO DRT-0156] guideIn read 400000 guides.
[INFO DRT-0156] guideIn read 500000 guides.
[INFO DRT-0156] guideIn read 600000 guides.
[INFO DRT-0156] guideIn read 700000 guides.
[INFO DRT-0156] guideIn read 800000 guides.
[INFO DRT-0156] guideIn read 900000 guides.
[INFO DRT-0156] guideIn read 1000000 guides.

[INFO DRT-0157] Number of guides:     1175704

[INFO DRT-0169] Post process guides.
[INFO DRT-0176] GCELLGRID X 0 DO 275 STEP 6900 ;
[INFO DRT-0177] GCELLGRID Y 0 DO 275 STEP 6900 ;
[INFO DRT-0026]   Complete 100000 origin guides.
[INFO DRT-0026]   Complete 200000 origin guides.
[INFO DRT-0026]   Complete 300000 origin guides.
[INFO DRT-0026]   Complete 400000 origin guides.
[INFO DRT-0026]   Complete 500000 origin guides.
[INFO DRT-0026]   Complete 600000 origin guides.
[INFO DRT-0026]   Complete 700000 origin guides.
[INFO DRT-0026]   Complete 800000 origin guides.
[INFO DRT-0026]   Complete 900000 origin guides.
[INFO DRT-0027]   Complete 1000000 origin guides.
[INFO DRT-0028]   Complete FR_MASTERSLICE.
[INFO DRT-0028]   Complete Fr_VIA.
[INFO DRT-0028]   Complete li1.
[INFO DRT-0028]   Complete mcon.
[INFO DRT-0028]   Complete met1.
[INFO DRT-0028]   Complete via.
[INFO DRT-0028]   Complete met2.
[INFO DRT-0028]   Complete via2.
[INFO DRT-0028]   Complete met3.
[INFO DRT-0028]   Complete via3.
[INFO DRT-0028]   Complete met4.
[INFO DRT-0028]   Complete via4.
[INFO DRT-0028]   Complete met5.
  complete 100000 nets.
[INFO DRT-0178] Init guide query.
[INFO DRT-0029]   Complete 100000 nets (guide).
[INFO DRT-0035]   Complete FR_MASTERSLICE (guide).
[INFO DRT-0035]   Complete Fr_VIA (guide).
[INFO DRT-0035]   Complete li1 (guide).
[INFO DRT-0035]   Complete mcon (guide).
[INFO DRT-0035]   Complete met1 (guide).
[INFO DRT-0035]   Complete via (guide).
[INFO DRT-0035]   Complete met2 (guide).
[INFO DRT-0035]   Complete via2 (guide).
[INFO DRT-0035]   Complete met3 (guide).
[INFO DRT-0035]   Complete via3 (guide).
[INFO DRT-0035]   Complete met4 (guide).
[INFO DRT-0035]   Complete via4 (guide).
[INFO DRT-0035]   Complete met5 (guide).
[INFO DRT-0036] FR_MASTERSLICE guide region query size = 0.
[INFO DRT-0036] FR_VIA guide region query size = 0.
[INFO DRT-0036] li1 guide region query size = 376421.
[INFO DRT-0036] mcon guide region query size = 0.
[INFO DRT-0036] met1 guide region query size = 343620.
[INFO DRT-0036] via guide region query size = 0.
[INFO DRT-0036] met2 guide region query size = 198443.
[INFO DRT-0036] via2 guide region query size = 0.
[INFO DRT-0036] met3 guide region query size = 28445.
[INFO DRT-0036] via3 guide region query size = 0.
[INFO DRT-0036] met4 guide region query size = 8447.
[INFO DRT-0036] via4 guide region query size = 0.
[INFO DRT-0036] met5 guide region query size = 623.
[INFO DRT-0179] Init gr pin query.
[INFO DRT-0267] cpu time = 00:00:05, elapsed time = 00:00:02, memory = 1127.89 (MB), peak = 1127.89 (MB)
[INFO DRT-0245] skipped writing guide updates to database.
[INFO DRT-0181] Start track assignment.
[INFO DRT-0184] Done with 583311 vertical wires in 6 frboxes and 372688 horizontal wires in 6 frboxes.
[INFO DRT-0186] Done with 68823 vertical wires in 6 frboxes and 113103 horizontal wires in 6 frboxes.
[INFO DRT-0182] Complete track assignment.
[INFO DRT-0267] cpu time = 00:01:18, elapsed time = 00:00:22, memory = 1362.12 (MB), peak = 3027.52 (MB)
[INFO DRT-0187] Start routing data preparation.
[INFO DRT-0267] cpu time = 00:00:00, elapsed time = 00:00:00, memory = 1363.42 (MB), peak = 3027.52 (MB)
[INFO DRT-0194] Start detail routing.
[INFO DRT-0195] Start 0th optimization iteration.
    Completing 10% with 0 violations.
    elapsed time = 00:01:07, memory = 704.98 (MB).
    Completing 20% with 0 violations.
    elapsed time = 00:02:21, memory = 753.39 (MB).
    Completing 30% with 21255 violations.
    elapsed time = 00:03:42, memory = 1523.52 (MB).
    Completing 40% with 21255 violations.
    elapsed time = 00:05:04, memory = 1013.86 (MB).
    Completing 50% with 21255 violations.
    elapsed time = 00:06:19, memory = 682.44 (MB).
    Completing 60% with 41896 violations.
    elapsed time = 00:07:50, memory = 1557.58 (MB).
    Completing 70% with 41896 violations.
    elapsed time = 00:08:58, memory = 888.61 (MB).
    Completing 80% with 62005 violations.
    elapsed time = 00:10:25, memory = 1745.11 (MB).
    Completing 90% with 62005 violations.
    elapsed time = 00:11:35, memory = 1046.44 (MB).
    Completing 100% with 81673 violations.
    elapsed time = 00:13:18, memory = 3804.95 (MB).
[INFO DRT-0199]   Number of violations = 95445.
Viol/Layer         li1   mcon   met1    via   met2   via2   met3   via3   met4   via4   met5
Cut Spacing          0    206      0      2      0      1      0      1      0      0      0
Metal Spacing        0      0  18189      0   4227      0    824      0     98      0     59
Min Hole             0      0     58      0      0      0      0      0      0      0      0
NS Metal             0      0      5      0      0      0      0      0      0      0      0
Recheck            161      0   8295      0   4343      0    592      0    271      0    110
Short                0      8  46930     45   9683      3   1128      3    109      6     88
[INFO DRT-0267] cpu time = 01:08:14, elapsed time = 00:13:23, memory = 3797.84 (MB), peak = 5372.58 (MB)
Total wire length = 6939144 um.
Total wire length on LAYER li1 = 0 um.
Total wire length on LAYER met1 = 2521744 um.
Total wire length on LAYER met2 = 2936387 um.
Total wire length on LAYER met3 = 1066144 um.
Total wire length on LAYER met4 = 387700 um.
Total wire length on LAYER met5 = 27166 um.
Total number of vias = 1046607.
Up-via summary (total 1046607):

--------------------------
 FR_MASTERSLICE          0
            li1     444040
           met1     541477
           met2      47028
           met3      13061
           met4       1001
--------------------------
               1046607


[INFO DRT-0195] Start 1st optimization iteration.
    Completing 10% with 95445 violations.
    elapsed time = 00:01:03, memory = 1511.88 (MB).
    Completing 20% with 95445 violations.
    elapsed time = 00:01:52, memory = 2179.48 (MB).
    Completing 30% with 84770 violations.
    elapsed time = 00:03:29, memory = 1937.39 (MB).
    Completing 40% with 84770 violations.
    elapsed time = 00:04:38, memory = 2173.30 (MB).
    Completing 50% with 84770 violations.
    elapsed time = 00:05:32, memory = 2561.62 (MB).
    Completing 60% with 73875 violations.
    elapsed time = 00:06:55, memory = 3506.98 (MB).
    Completing 70% with 73875 violations.
    elapsed time = 00:08:03, memory = 1888.89 (MB).
    Completing 80% with 63655 violations.
    elapsed time = 00:09:26, memory = 4072.56 (MB).
    Completing 90% with 63655 violations.
    elapsed time = 00:10:37, memory = 2561.58 (MB).
    Completing 100% with 53017 violations.
    elapsed time = 00:11:57, memory = 5266.19 (MB).
[INFO DRT-0199]   Number of violations = 53017.
Viol/Layer        mcon   met1    via   met2   met3   met4   met5
Cut Spacing        170      0      1      0      0      0      0
Metal Spacing        0  12795      0   1695    388     17      3
Min Hole             0      3      0      0      0      0      0
Short                0  34210      3   3478    225     29      0
[INFO DRT-0267] cpu time = 01:03:55, elapsed time = 00:12:01, memory = 5161.72 (MB), peak = 5777.25 (MB)
Total wire length = 6894870 um.
Total wire length on LAYER li1 = 0 um.
Total wire length on LAYER met1 = 2502633 um.
Total wire length on LAYER met2 = 2916446 um.
Total wire length on LAYER met3 = 1064102 um.
Total wire length on LAYER met4 = 384947 um.
Total wire length on LAYER met5 = 26740 um.
Total number of vias = 1035323.
Up-via summary (total 1035323):

--------------------------
 FR_MASTERSLICE          0
            li1     444022
           met1     530652
           met2      47151
           met3      12560
           met4        938
--------------------------
               1035323


[INFO DRT-0195] Start 2nd optimization iteration.
    Completing 10% with 53017 violations.
    elapsed time = 00:00:47, memory = 1501.34 (MB).
    Completing 20% with 53017 violations.
    elapsed time = 00:01:52, memory = 1492.41 (MB).
    Completing 30% with 52050 violations.
    elapsed time = 00:03:01, memory = 1544.05 (MB).
    Completing 40% with 52050 violations.
    elapsed time = 00:04:03, memory = 1188.30 (MB).
    Completing 50% with 52050 violations.
    elapsed time = 00:05:08, memory = 997.02 (MB).
    Completing 60% with 50811 violations.
    elapsed time = 00:06:21, memory = 1329.52 (MB).
    Completing 70% with 50811 violations.
    elapsed time = 00:07:21, memory = 1958.81 (MB).
    Completing 80% with 49373 violations.
    elapsed time = 00:08:25, memory = 4052.92 (MB).
    Completing 90% with 49373 violations.
    elapsed time = 00:09:15, memory = 2938.73 (MB).
    Completing 100% with 48256 violations.
    elapsed time = 00:10:25, memory = 5280.84 (MB).
[INFO DRT-0199]   Number of violations = 48256.
Viol/Layer        mcon   met1    via   met2   met3   met4   met5
Cut Spacing        155      0      1      0      0      0      0
Metal Spacing        0  11886      0   1464    353     21      4
Min Hole             0      4      0      0      0      0      0
NS Metal             0      1      0      0      0      0      0
Short                0  31066      1   3095    180     25      0
[INFO DRT-0267] cpu time = 01:01:14, elapsed time = 00:10:29, memory = 5346.73 (MB), peak = 5777.25 (MB)
Total wire length = 6881740 um.
Total wire length on LAYER li1 = 0 um.
Total wire length on LAYER met1 = 2496511 um.
Total wire length on LAYER met2 = 2911884 um.
Total wire length on LAYER met3 = 1062640 um.
Total wire length on LAYER met4 = 383878 um.
Total wire length on LAYER met5 = 26825 um.
Total number of vias = 1029994.
Up-via summary (total 1029994):

--------------------------
 FR_MASTERSLICE          0
            li1     444079
           met1     526128
           met2      46445
           met3      12394
           met4        948
--------------------------
               1029994


[INFO DRT-0195] Start 3rd optimization iteration.
    Completing 10% with 48256 violations.
    elapsed time = 00:00:49, memory = 3009.70 (MB).
    Completing 20% with 48256 violations.
    elapsed time = 00:01:46, memory = 2231.78 (MB).
    Completing 30% with 37474 violations.
    elapsed time = 00:02:58, memory = 4369.33 (MB).
    Completing 40% with 37474 violations.
    elapsed time = 00:04:09, memory = 2271.77 (MB).
    Completing 50% with 37474 violations.
    elapsed time = 00:05:18, memory = 2125.41 (MB).
    Completing 60% with 27349 violations.
    elapsed time = 00:06:34, memory = 3320.56 (MB).
    Completing 70% with 27349 violations.
    elapsed time = 00:07:22, memory = 2666.97 (MB).
    Completing 80% with 17478 violations.
    elapsed time = 00:08:38, memory = 1489.66 (MB).
    Completing 90% with 17478 violations.
    elapsed time = 00:09:26, memory = 1189.17 (MB).
    Completing 100% with 7402 violations.
    elapsed time = 00:10:44, memory = 3365.55 (MB).
[INFO DRT-0199]   Number of violations = 7402.
Viol/Layer        mcon   met1    via   met2   via2   met3   met5
Cut Spacing         26      0      5      0      3      0      0
Metal Spacing        0   2527      0    431      0     26      1
Min Hole             0      8      0      0      0      0      0
NS Metal             0      2      0      1      0      0      0
Short                0   4019      2    338      0     13      0
[INFO DRT-0267] cpu time = 00:55:06, elapsed time = 00:10:46, memory = 3083.41 (MB), peak = 6121.77 (MB)
Total wire length = 6882092 um.
Total wire length on LAYER li1 = 0 um.
Total wire length on LAYER met1 = 2406344 um.
Total wire length on LAYER met2 = 2911230 um.
Total wire length on LAYER met3 = 1146133 um.
Total wire length on LAYER met4 = 391548 um.
Total wire length on LAYER met5 = 26834 um.
Total number of vias = 1051066.
Up-via summary (total 1051066):

--------------------------
 FR_MASTERSLICE          0
            li1     444075
           met1     533046
           met2      59977
           met3      13078
           met4        890
--------------------------
               1051066


[INFO DRT-0195] Start 4th optimization iteration.
    Completing 10% with 7402 violations.
    elapsed time = 00:00:06, memory = 1676.44 (MB).
    Completing 20% with 7402 violations.
    elapsed time = 00:00:20, memory = 2293.28 (MB).
    Completing 30% with 5614 violations.
    elapsed time = 00:00:38, memory = 2487.97 (MB).
    Completing 40% with 5614 violations.
    elapsed time = 00:00:45, memory = 1572.67 (MB).
    Completing 50% with 5614 violations.
    elapsed time = 00:01:13, memory = 370.28 (MB).
    Completing 60% with 4095 violations.
    elapsed time = 00:01:26, memory = 1584.89 (MB).
    Completing 70% with 4095 violations.
    elapsed time = 00:01:40, memory = 2281.69 (MB).
    Completing 80% with 2379 violations.
    elapsed time = 00:02:00, memory = 2148.56 (MB).
    Completing 90% with 2379 violations.
    elapsed time = 00:02:08, memory = 1785.52 (MB).
    Completing 100% with 853 violations.
    elapsed time = 00:02:31, memory = 2218.19 (MB).
[INFO DRT-0199]   Number of violations = 853.
Viol/Layer        mcon   met1   met2   met3
Cut Spacing          4      0      0      0
Metal Spacing        0    328     20      4
Min Hole             0      1      0      0
Short                0    476     19      1
[INFO DRT-0267] cpu time = 00:11:30, elapsed time = 00:02:31, memory = 2645.06 (MB), peak = 6121.77 (MB)
Total wire length = 6881544 um.
Total wire length on LAYER li1 = 0 um.
Total wire length on LAYER met1 = 2400727 um.
Total wire length on LAYER met2 = 2910993 um.
Total wire length on LAYER met3 = 1151097 um.
Total wire length on LAYER met4 = 391938 um.
Total wire length on LAYER met5 = 26788 um.
Total number of vias = 1051664.
Up-via summary (total 1051664):

--------------------------
 FR_MASTERSLICE          0
            li1     444081
           met1     533127
           met2      60479
           met3      13089
           met4        888
--------------------------
               1051664


[INFO DRT-0195] Start 5th optimization iteration.
    Completing 10% with 853 violations.
    elapsed time = 00:00:00, memory = 2659.30 (MB).
    Completing 20% with 853 violations.
    elapsed time = 00:00:01, memory = 3110.67 (MB).
    Completing 30% with 766 violations.
    elapsed time = 00:00:07, memory = 688.70 (MB).
    Completing 40% with 766 violations.
    elapsed time = 00:00:08, memory = 1054.75 (MB).
    Completing 50% with 766 violations.
    elapsed time = 00:00:31, memory = 116.00 (MB).
    Completing 60% with 592 violations.
    elapsed time = 00:00:31, memory = 710.75 (MB).
    Completing 70% with 592 violations.
    elapsed time = 00:00:32, memory = 1319.08 (MB).
    Completing 80% with 391 violations.
    elapsed time = 00:00:38, memory = 973.38 (MB).
    Completing 90% with 391 violations.
    elapsed time = 00:00:39, memory = 1340.64 (MB).
    Completing 100% with 257 violations.
    elapsed time = 00:00:49, memory = 1503.45 (MB).
[INFO DRT-0199]   Number of violations = 257.
Viol/Layer        mcon   met1   met2
Cut Spacing          3      0      0
Metal Spacing        0    121      1
Min Hole             0      2      0
NS Metal             0      1      0
Short                0    129      0
[INFO DRT-0267] cpu time = 00:02:23, elapsed time = 00:00:49, memory = 1832.14 (MB), peak = 6121.77 (MB)
Total wire length = 6881507 um.
Total wire length on LAYER li1 = 0 um.
Total wire length on LAYER met1 = 2400270 um.
Total wire length on LAYER met2 = 2911080 um.
Total wire length on LAYER met3 = 1151481 um.
Total wire length on LAYER met4 = 391886 um.
Total wire length on LAYER met5 = 26788 um.
Total number of vias = 1051676.
Up-via summary (total 1051676):

--------------------------
 FR_MASTERSLICE          0
            li1     444085
           met1     533116
           met2      60507
           met3      13080
           met4        888
--------------------------
               1051676


[INFO DRT-0195] Start 6th optimization iteration.
    Completing 10% with 257 violations.
    elapsed time = 00:00:00, memory = 1948.30 (MB).
    Completing 20% with 257 violations.
    elapsed time = 00:00:00, memory = 1948.75 (MB).
    Completing 30% with 207 violations.
    elapsed time = 00:00:07, memory = 1962.45 (MB).
    Completing 40% with 207 violations.
    elapsed time = 00:00:07, memory = 1963.69 (MB).
    Completing 50% with 207 violations.
    elapsed time = 00:00:12, memory = 2039.34 (MB).
    Completing 60% with 165 violations.
    elapsed time = 00:00:12, memory = 2039.77 (MB).
    Completing 70% with 165 violations.
    elapsed time = 00:00:12, memory = 2042.11 (MB).
    Completing 80% with 152 violations.
    elapsed time = 00:00:19, memory = 1290.33 (MB).
    Completing 90% with 152 violations.
    elapsed time = 00:00:19, memory = 1289.86 (MB).
    Completing 100% with 149 violations.
    elapsed time = 00:00:29, memory = 906.17 (MB).
[INFO DRT-0199]   Number of violations = 149.
Viol/Layer        mcon   met1   met2
Cut Spacing          2      0      0
Metal Spacing        0     80      4
Short                0     63      0
[INFO DRT-0267] cpu time = 00:01:09, elapsed time = 00:00:29, memory = 1112.25 (MB), peak = 6121.77 (MB)
Total wire length = 6881492 um.
Total wire length on LAYER li1 = 0 um.
Total wire length on LAYER met1 = 2400107 um.
Total wire length on LAYER met2 = 2911054 um.
Total wire length on LAYER met3 = 1151599 um.
Total wire length on LAYER met4 = 391942 um.
Total wire length on LAYER met5 = 26788 um.
Total number of vias = 1051693.
Up-via summary (total 1051693):

--------------------------
 FR_MASTERSLICE          0
            li1     444085
           met1     533106
           met2      60530
           met3      13084
           met4        888
--------------------------
               1051693


[INFO DRT-0195] Start 7th optimization iteration.
    Completing 10% with 149 violations.
    elapsed time = 00:00:00, memory = 1338.48 (MB).
    Completing 20% with 149 violations.
    elapsed time = 00:00:00, memory = 1338.86 (MB).
    Completing 30% with 110 violations.
    elapsed time = 00:00:08, memory = 1355.88 (MB).
    Completing 40% with 110 violations.
    elapsed time = 00:00:08, memory = 1355.95 (MB).
    Completing 50% with 110 violations.
    elapsed time = 00:00:19, memory = 1175.84 (MB).
    Completing 60% with 107 violations.
    elapsed time = 00:00:19, memory = 1179.28 (MB).
    Completing 70% with 107 violations.
    elapsed time = 00:00:19, memory = 1180.08 (MB).
    Completing 80% with 95 violations.
    elapsed time = 00:00:34, memory = 434.08 (MB).
    Completing 90% with 95 violations.
    elapsed time = 00:00:34, memory = 462.23 (MB).
    Completing 100% with 73 violations.
    elapsed time = 00:00:43, memory = 479.73 (MB).
[INFO DRT-0199]   Number of violations = 73.
Viol/Layer        mcon   met1   met2
Cut Spacing          1      0      0
Metal Spacing        0     45      1
Short                0     26      0
[INFO DRT-0267] cpu time = 00:01:08, elapsed time = 00:00:44, memory = 814.00 (MB), peak = 6121.77 (MB)
Total wire length = 6881443 um.
Total wire length on LAYER li1 = 0 um.
Total wire length on LAYER met1 = 2400065 um.
Total wire length on LAYER met2 = 2911006 um.
Total wire length on LAYER met3 = 1151610 um.
Total wire length on LAYER met4 = 391972 um.
Total wire length on LAYER met5 = 26788 um.
Total number of vias = 1051671.
Up-via summary (total 1051671):

--------------------------
 FR_MASTERSLICE          0
            li1     444083
           met1     533089
           met2      60522
           met3      13089
           met4        888
--------------------------
               1051671


[INFO DRT-0195] Start 8th guides tiles iteration.
    Completing 10% with 73 violations.
    elapsed time = 00:00:00, memory = 1178.78 (MB).
    Completing 20% with 73 violations.
    elapsed time = 00:00:00, memory = 1179.97 (MB).
    Completing 30% with 73 violations.
    elapsed time = 00:00:00, memory = 1189.48 (MB).
    Completing 40% with 73 violations.
    elapsed time = 00:00:02, memory = 1198.27 (MB).
    Completing 50% with 73 violations.
    elapsed time = 00:00:03, memory = 1198.33 (MB).
    Completing 60% with 40 violations.
    elapsed time = 00:00:03, memory = 1199.42 (MB).
    Completing 70% with 40 violations.
    elapsed time = 00:00:03, memory = 1199.45 (MB).
    Completing 80% with 40 violations.
    elapsed time = 00:00:03, memory = 1204.53 (MB).
    Completing 90% with 40 violations.
    elapsed time = 00:00:04, memory = 1204.55 (MB).
    Completing 100% with 17 violations.
    elapsed time = 00:00:04, memory = 1204.77 (MB).
[INFO DRT-0199]   Number of violations = 17.
Viol/Layer        mcon   met1
Cut Spacing          1      0
Metal Spacing        0      8
Short                0      8
[INFO DRT-0267] cpu time = 00:00:11, elapsed time = 00:00:04, memory = 1207.11 (MB), peak = 6121.77 (MB)
Total wire length = 6881464 um.
Total wire length on LAYER li1 = 0 um.
Total wire length on LAYER met1 = 2400095 um.
Total wire length on LAYER met2 = 2911022 um.
Total wire length on LAYER met3 = 1151587 um.
Total wire length on LAYER met4 = 391971 um.
Total wire length on LAYER met5 = 26788 um.
Total number of vias = 1051684.
Up-via summary (total 1051684):

--------------------------
 FR_MASTERSLICE          0
            li1     444083
           met1     533108
           met2      60514
           met3      13091
           met4        888
--------------------------
               1051684


[INFO DRT-0195] Start 9th guides tiles iteration.
    Completing 10% with 17 violations.
    elapsed time = 00:00:00, memory = 1209.70 (MB).
    Completing 20% with 17 violations.
    elapsed time = 00:00:00, memory = 1210.84 (MB).
    Completing 30% with 17 violations.
    elapsed time = 00:00:00, memory = 1210.86 (MB).
    Completing 40% with 17 violations.
    elapsed time = 00:00:00, memory = 1211.19 (MB).
    Completing 50% with 17 violations.
    elapsed time = 00:00:02, memory = 1211.20 (MB).
    Completing 60% with 16 violations.
    elapsed time = 00:00:02, memory = 1211.25 (MB).
    Completing 70% with 16 violations.
    elapsed time = 00:00:02, memory = 1211.25 (MB).
    Completing 80% with 16 violations.
    elapsed time = 00:00:03, memory = 1211.25 (MB).
    Completing 100% with 10 violations.
    elapsed time = 00:00:03, memory = 1211.25 (MB).
[INFO DRT-0199]   Number of violations = 10.
Viol/Layer        met1
Metal Spacing        5
Short                5
[INFO DRT-0267] cpu time = 00:00:05, elapsed time = 00:00:03, memory = 1211.25 (MB), peak = 6121.77 (MB)
Total wire length = 6881460 um.
Total wire length on LAYER li1 = 0 um.
Total wire length on LAYER met1 = 2400095 um.
Total wire length on LAYER met2 = 2911018 um.
Total wire length on LAYER met3 = 1151586 um.
Total wire length on LAYER met4 = 391971 um.
Total wire length on LAYER met5 = 26788 um.
Total number of vias = 1051684.
Up-via summary (total 1051684):

--------------------------
 FR_MASTERSLICE          0
            li1     444083
           met1     533108
           met2      60514
           met3      13091
           met4        888
--------------------------
               1051684


[INFO DRT-0195] Start 10th guides tiles iteration.
    Completing 20% with 10 violations.
    elapsed time = 00:00:00, memory = 1208.59 (MB).
    Completing 40% with 10 violations.
    elapsed time = 00:00:00, memory = 1208.59 (MB).
    Completing 60% with 10 violations.
    elapsed time = 00:00:01, memory = 1189.89 (MB).
    Completing 80% with 8 violations.
    elapsed time = 00:00:01, memory = 1189.94 (MB).
    Completing 100% with 8 violations.
    elapsed time = 00:00:02, memory = 1189.86 (MB).
[INFO DRT-0199]   Number of violations = 8.
Viol/Layer        met1
Metal Spacing        3
Short                5
[INFO DRT-0267] cpu time = 00:00:02, elapsed time = 00:00:02, memory = 1194.00 (MB), peak = 6121.77 (MB)
Total wire length = 6881461 um.
Total wire length on LAYER li1 = 0 um.
Total wire length on LAYER met1 = 2400098 um.
Total wire length on LAYER met2 = 2911016 um.
Total wire length on LAYER met3 = 1151586 um.
Total wire length on LAYER met4 = 391971 um.
Total wire length on LAYER met5 = 26788 um.
Total number of vias = 1051684.
Up-via summary (total 1051684):

--------------------------
 FR_MASTERSLICE          0
            li1     444083
           met1     533108
           met2      60514
           met3      13091
           met4        888
--------------------------
               1051684


[INFO DRT-0195] Start 11th guides tiles iteration.
    Completing 20% with 8 violations.
    elapsed time = 00:00:00, memory = 1191.80 (MB).
    Completing 50% with 8 violations.
    elapsed time = 00:00:03, memory = 1187.00 (MB).
    Completing 70% with 8 violations.
    elapsed time = 00:00:03, memory = 1187.00 (MB).
    Completing 100% with 8 violations.
    elapsed time = 00:00:04, memory = 1187.00 (MB).
[INFO DRT-0199]   Number of violations = 8.
Viol/Layer        met1
Metal Spacing        3
Short                5
[INFO DRT-0267] cpu time = 00:00:03, elapsed time = 00:00:04, memory = 1187.00 (MB), peak = 6121.77 (MB)
Total wire length = 6881461 um.
Total wire length on LAYER li1 = 0 um.
Total wire length on LAYER met1 = 2400098 um.
Total wire length on LAYER met2 = 2911016 um.
Total wire length on LAYER met3 = 1151586 um.
Total wire length on LAYER met4 = 391971 um.
Total wire length on LAYER met5 = 26788 um.
Total number of vias = 1051684.
Up-via summary (total 1051684):

--------------------------
 FR_MASTERSLICE          0
            li1     444083
           met1     533108
           met2      60514
           met3      13091
           met4        888
--------------------------
               1051684


[INFO DRT-0195] Start 12th stubborn tiles iteration.
    Completing 10% with 8 violations.
    elapsed time = 00:00:17, memory = 2056.70 (MB).
    Completing 20% with 8 violations.
    elapsed time = 00:00:32, memory = 1024.83 (MB).
    Completing 30% with 8 violations.
    elapsed time = 00:00:48, memory = 1290.08 (MB).
    Completing 40% with 8 violations.
    elapsed time = 00:00:59, memory = 1152.19 (MB).
    Completing 50% with 8 violations.
    elapsed time = 00:01:26, memory = 886.42 (MB).
    Completing 60% with 1 violations.
    elapsed time = 00:01:28, memory = 1701.84 (MB).
    Completing 70% with 1 violations.
    elapsed time = 00:01:30, memory = 1735.64 (MB).
    Completing 80% with 1 violations.
    elapsed time = 00:01:32, memory = 1766.50 (MB).
    Completing 90% with 1 violations.
    elapsed time = 00:01:35, memory = 1882.64 (MB).
    Completing 100% with 0 violations.
    elapsed time = 00:01:42, memory = 1889.73 (MB).
[INFO DRT-0199]   Number of violations = 0.
[INFO DRT-0267] cpu time = 00:06:45, elapsed time = 00:01:43, memory = 2146.41 (MB), peak = 6121.77 (MB)
Total wire length = 6881465 um.
Total wire length on LAYER li1 = 0 um.
Total wire length on LAYER met1 = 2400077 um.
Total wire length on LAYER met2 = 2911015 um.
Total wire length on LAYER met3 = 1151612 um.
Total wire length on LAYER met4 = 391971 um.
Total wire length on LAYER met5 = 26788 um.
Total number of vias = 1051692.
Up-via summary (total 1051692):

--------------------------
 FR_MASTERSLICE          0
            li1     444083
           met1     533113
           met2      60517
           met3      13091
           met4        888
--------------------------
               1051692


[INFO DRT-0198] Complete detail routing.
Total wire length = 6881465 um.
Total wire length on LAYER li1 = 0 um.
Total wire length on LAYER met1 = 2400077 um.
Total wire length on LAYER met2 = 2911015 um.
Total wire length on LAYER met3 = 1151612 um.
Total wire length on LAYER met4 = 391971 um.
Total wire length on LAYER met5 = 26788 um.
Total number of vias = 1051692.
Up-via summary (total 1051692):

--------------------------
 FR_MASTERSLICE          0
            li1     444083
           met1     533113
           met2      60517
           met3      13091
           met4        888
--------------------------
               1051692


[INFO DRT-0267] cpu time = 04:31:51, elapsed time = 00:53:17, memory = 2286.50 (MB), peak = 6121.77 (MB)

[INFO DRT-0180] Post processing.
[INFO DRT-0501] Runtime: 3944.26s
Took 3945 seconds: detailed_route -output_drc /Users/shubhanshu/Desktop/Nebula/digital/artifacts/model_ppa_v3/pnr_v3_baseline/reports/sky130hd/nebula_bench_v2/v3_baseline/5_route_drc.rpt -output_maze /Users/shubhanshu/Desktop/Nebula/digital/artifacts/model_ppa_v3/pnr_v3_baseline/results/sky130hd/nebula_bench_v2/v3_baseline/maze.log -droute_end_iter 64 -verbose 1 -drc_report_iter_step 5
[INFO GRT-0012] Found 292 antenna violations.
[WARNING GRT-0243] Unable to repair antennas on net with diodes.
[INFO DPL-0006] Core area: 3527558.21 um^2
[INFO DPL-0007] Movable instances area: 17.52 um^2
[INFO DPL-0008] Fixed instances area within core: 1749156.33 um^2
[INFO DPL-0009] Utilization: 49.6%
[INFO DPL-0005] Diamond search max displacement: +/- 500 sites horizontally, +/- 100 rows vertically.
[INFO DPL-1102] Legalizing using negotiation legalizer.
[INFO DPL-1103] Negotiation base search window: +/-20 sites horizontally, +/-5 rows vertically 
	Automatic search window extension enabled.
	Search window extendable up to the max displacement cap of +/-500 sites, +/-100 rows near walls.
[INFO DPL-1104] NegotiationLegalizer DRC penalty: 5.
[INFO DPL-0392] Negotiation cell height distribution (1 unique row-count(s)):
[INFO DPL-0393]   height 1 row(s): 171399 cells
          |      Total |  Illegal |  Illegal
Iteration | Violations |    Cells |    Sites
---------------------------------------------
        0 |          0 |         0 |         0
Negotiation phase 1 converged at iteration 0.
[INFO DPL-0500] Runtime: 1.13s
[INFO GRT-0015] Inserted 520 diodes.
[INFO DRT-0018]   Complete 100000 insts.
[INFO DRT-0024]   Complete FR_MASTERSLICE.
[INFO DRT-0024]   Complete Fr_VIA.
[INFO DRT-0024]   Complete li1.
[INFO DRT-0024]   Complete mcon.
[INFO DRT-0024]   Complete met1.
[INFO DRT-0024]   Complete via.
[INFO DRT-0024]   Complete met2.
[INFO DRT-0024]   Complete via2.
[INFO DRT-0024]   Complete met3.
[INFO DRT-0024]   Complete via3.
[INFO DRT-0024]   Complete met4.
[INFO DRT-0024]   Complete via4.
[INFO DRT-0024]   Complete met5.
[INFO DRT-0165] Start pin access.
[INFO DRT-0076]   Complete 1000 pins.
[INFO DRT-0076]   Complete 2000 pins.
[INFO DRT-0076]   Complete 3000 pins.
[INFO DRT-0078]   Complete 3392 pins.
[INFO DRT-0079]   Complete 100 unique inst patterns.
[INFO DRT-0079]   Complete 200 unique inst patterns.
[INFO DRT-0079]   Complete 300 unique inst patterns.
[INFO DRT-0079]   Complete 400 unique inst patterns.
[INFO DRT-0081]   Complete 411 unique inst patterns.
[INFO DRT-0082]   Complete 10000 groups.
[INFO DRT-0082]   Complete 20000 groups.
[INFO DRT-0082]   Complete 30000 groups.
[INFO DRT-0082]   Complete 40000 groups.
[INFO DRT-0082]   Complete 50000 groups.
[INFO DRT-0082]   Complete 60000 groups.
[INFO DRT-0082]   Complete 70000 groups.
[INFO DRT-0082]   Complete 80000 groups.
[INFO DRT-0082]   Complete 90000 groups.
[INFO DRT-0084]   Complete 93043 groups.
#scanned instances     = 171399
#unique  instances     = 411
#stdCellGenAp          = 14013
#stdCellValidPlanarAp  = 150
#stdCellValidViaAp     = 9959
#stdCellPinNoAp        = 10
#stdCellPinCnt         = 442910
#instTermValidViaApCnt = 0
#macroGenAp            = 0
#macroValidPlanarAp    = 0
#macroValidViaAp       = 0
#macroNoAp             = 0
[INFO DRT-0166] Complete pin access.
[INFO DRT-0267] cpu time = 00:40:54, elapsed time = 00:07:23, memory = 304.38 (MB), peak = 6121.77 (MB)
[INFO DRT-0156] guideIn read 100000 guides.
[INFO DRT-0156] guideIn read 200000 guides.
[INFO DRT-0156] guideIn read 300000 guides.
[INFO DRT-0156] guideIn read 400000 guides.
[INFO DRT-0156] guideIn read 500000 guides.
[INFO DRT-0156] guideIn read 600000 guides.
[INFO DRT-0156] guideIn read 700000 guides.
[INFO DRT-0156] guideIn read 800000 guides.
[INFO DRT-0156] guideIn read 900000 guides.
[INFO DRT-0156] guideIn read 1000000 guides.

[INFO DRT-0157] Number of guides:     1173154

[INFO DRT-0169] Post process guides.
[INFO DRT-0176] GCELLGRID X 0 DO 275 STEP 6900 ;
[INFO DRT-0177] GCELLGRID Y 0 DO 275 STEP 6900 ;
[INFO DRT-0026]   Complete 100000 origin guides.
[INFO DRT-0026]   Complete 200000 origin guides.
[INFO DRT-0026]   Complete 300000 origin guides.
[INFO DRT-0026]   Complete 400000 origin guides.
[INFO DRT-0026]   Complete 500000 origin guides.
[INFO DRT-0026]   Complete 600000 origin guides.
[INFO DRT-0026]   Complete 700000 origin guides.
[INFO DRT-0026]   Complete 800000 origin guides.
[INFO DRT-0026]   Complete 900000 origin guides.
[INFO DRT-0027]   Complete 1000000 origin guides.
[INFO DRT-0028]   Complete FR_MASTERSLICE.
[INFO DRT-0028]   Complete Fr_VIA.
[INFO DRT-0028]   Complete li1.
[INFO DRT-0028]   Complete mcon.
[INFO DRT-0028]   Complete met1.
[INFO DRT-0028]   Complete via.
[INFO DRT-0028]   Complete met2.
[INFO DRT-0028]   Complete via2.
[INFO DRT-0028]   Complete met3.
[INFO DRT-0028]   Complete via3.
[INFO DRT-0028]   Complete met4.
[INFO DRT-0028]   Complete via4.
[INFO DRT-0028]   Complete met5.
  complete 100000 nets.
[INFO DRT-0178] Init guide query.
[INFO DRT-0029]   Complete 100000 nets (guide).
[INFO DRT-0035]   Complete FR_MASTERSLICE (guide).
[INFO DRT-0035]   Complete Fr_VIA (guide).
[INFO DRT-0035]   Complete li1 (guide).
[INFO DRT-0035]   Complete mcon (guide).
[INFO DRT-0035]   Complete met1 (guide).
[INFO DRT-0035]   Complete via (guide).
[INFO DRT-0035]   Complete met2 (guide).
[INFO DRT-0035]   Complete via2 (guide).
[INFO DRT-0035]   Complete met3 (guide).
[INFO DRT-0035]   Complete via3 (guide).
[INFO DRT-0035]   Complete met4 (guide).
[INFO DRT-0035]   Complete via4 (guide).
[INFO DRT-0035]   Complete met5 (guide).
[INFO DRT-0036] FR_MASTERSLICE guide region query size = 0.
[INFO DRT-0036] FR_VIA guide region query size = 0.
[INFO DRT-0036] li1 guide region query size = 376591.
[INFO DRT-0036] mcon guide region query size = 0.
[INFO DRT-0036] met1 guide region query size = 343678.
[INFO DRT-0036] via guide region query size = 0.
[INFO DRT-0036] met2 guide region query size = 198154.
[INFO DRT-0036] via2 guide region query size = 0.
[INFO DRT-0036] met3 guide region query size = 27673.
[INFO DRT-0036] via3 guide region query size = 0.
[INFO DRT-0036] met4 guide region query size = 7733.
[INFO DRT-0036] via4 guide region query size = 0.
[INFO DRT-0036] met5 guide region query size = 408.
[INFO DRT-0179] Init gr pin query.
[INFO DRT-0267] cpu time = 00:00:05, elapsed time = 00:00:02, memory = 917.88 (MB), peak = 6121.77 (MB)
[INFO DRT-0245] skipped writing guide updates to database.
[INFO DRT-0181] Start track assignment.
[INFO DRT-0184] Done with 582478 vertical wires in 6 frboxes and 371759 horizontal wires in 6 frboxes.
[INFO DRT-0186] Done with 69285 vertical wires in 6 frboxes and 113436 horizontal wires in 6 frboxes.
[INFO DRT-0182] Complete track assignment.
[INFO DRT-0267] cpu time = 00:01:26, elapsed time = 00:00:33, memory = 1177.86 (MB), peak = 6121.77 (MB)
[INFO DRT-0187] Start routing data preparation.
[INFO DRT-0267] cpu time = 00:00:01, elapsed time = 00:00:01, memory = 1407.58 (MB), peak = 6121.77 (MB)
[INFO DRT-0194] Start detail routing.
[INFO DRT-0195] Start 0th optimization iteration.
    Completing 10% with 0 violations.
    elapsed time = 00:00:23, memory = 1239.12 (MB).
    Completing 20% with 0 violations.
    elapsed time = 00:00:50, memory = 1169.56 (MB).
    Completing 30% with 4983 violations.
    elapsed time = 00:01:22, memory = 1749.81 (MB).
    Completing 40% with 4983 violations.
    elapsed time = 00:01:45, memory = 1227.05 (MB).
    Completing 50% with 4983 violations.
    elapsed time = 00:02:10, memory = 469.78 (MB).
    Completing 60% with 9457 violations.
    elapsed time = 00:02:40, memory = 2648.25 (MB).
    Completing 70% with 9457 violations.
    elapsed time = 00:02:56, memory = 2333.05 (MB).
    Completing 80% with 13416 violations.
    elapsed time = 00:03:26, memory = 4977.73 (MB).
    Completing 90% with 13416 violations.
    elapsed time = 00:03:43, memory = 3595.08 (MB).
    Completing 100% with 16901 violations.
    elapsed time = 00:04:15, memory = 4387.28 (MB).
[INFO DRT-0199]   Number of violations = 19430.
Viol/Layer         li1   mcon   met1    via   met2   met3   met4   met5
Cut Spacing          0      6      0      1      0      0      0      0
Metal Spacing        0      0   1225      0    923    400     37      1
Min Hole             0      0      6      0      1      0      0      0
NS Metal             0      0      1      0      0      0      0      0
Recheck              7      0    868      0   1091    494     51     18
Short                0      0   6788      8   5858   1464    165     17
[INFO DRT-0267] cpu time = 00:20:56, elapsed time = 00:04:16, memory = 4726.25 (MB), peak = 6121.77 (MB)
Total wire length = 6888004 um.
Total wire length on LAYER li1 = 0 um.
Total wire length on LAYER met1 = 2417496 um.
Total wire length on LAYER met2 = 2930390 um.
Total wire length on LAYER met3 = 1140033 um.
Total wire length on LAYER met4 = 375635 um.
Total wire length on LAYER met5 = 24448 um.
Total number of vias = 1052257.
Up-via summary (total 1052257):

--------------------------
 FR_MASTERSLICE          0
            li1     444793
           met1     535064
           met2      59307
           met3      12370
           met4        723
--------------------------
               1052257


[INFO DRT-0195] Start 1st optimization iteration.
    Completing 10% with 19430 violations.
    elapsed time = 00:00:15, memory = 4881.16 (MB).
    Completing 20% with 19430 violations.
    elapsed time = 00:00:33, memory = 2366.59 (MB).
    Completing 30% with 16558 violations.
    elapsed time = 00:01:01, memory = 4390.14 (MB).
    Completing 40% with 16558 violations.
    elapsed time = 00:01:22, memory = 3647.25 (MB).
    Completing 50% with 16558 violations.
    elapsed time = 00:01:47, memory = 891.05 (MB).
    Completing 60% with 13664 violations.
    elapsed time = 00:02:14, memory = 4797.31 (MB).
    Completing 70% with 13664 violations.
    elapsed time = 00:02:34, memory = 3844.59 (MB).
    Completing 80% with 10536 violations.
    elapsed time = 00:03:02, memory = 4376.88 (MB).
    Completing 90% with 10536 violations.
    elapsed time = 00:03:20, memory = 3986.83 (MB).
    Completing 100% with 7580 violations.
    elapsed time = 00:03:48, memory = 4376.61 (MB).
[INFO DRT-0199]   Number of violations = 7580.
Viol/Layer        mcon   met1    via   met2   via2   met3   met4
Cut Spacing          2      0      0      0      1      0      0
Metal Spacing        0    735      0    629      0    181      0
Short                0   3715      1   1763      0    495     58
[INFO DRT-0267] cpu time = 00:17:51, elapsed time = 00:03:49, memory = 4406.38 (MB), peak = 6121.77 (MB)
Total wire length = 6884177 um.
Total wire length on LAYER li1 = 0 um.
Total wire length on LAYER met1 = 2416065 um.
Total wire length on LAYER met2 = 2928386 um.
Total wire length on LAYER met3 = 1139687 um.
Total wire length on LAYER met4 = 375591 um.
Total wire length on LAYER met5 = 24446 um.
Total number of vias = 1051361.
Up-via summary (total 1051361):

--------------------------
 FR_MASTERSLICE          0
            li1     444791
           met1     534101
           met2      59393
           met3      12355
           met4        721
--------------------------
               1051361


[INFO DRT-0195] Start 2nd optimization iteration.
    Completing 10% with 7580 violations.
    elapsed time = 00:00:10, memory = 3701.53 (MB).
    Completing 20% with 7580 violations.
    elapsed time = 00:00:19, memory = 3427.67 (MB).
    Completing 30% with 7209 violations.
    elapsed time = 00:00:32, memory = 4194.77 (MB).
    Completing 40% with 7209 violations.
    elapsed time = 00:00:41, memory = 3899.89 (MB).
    Completing 50% with 7209 violations.
    elapsed time = 00:00:52, memory = 3711.08 (MB).
    Completing 60% with 6994 violations.
    elapsed time = 00:01:03, memory = 3353.67 (MB).
    Completing 70% with 6994 violations.
    elapsed time = 00:01:14, memory = 2712.48 (MB).
    Completing 80% with 6532 violations.
    elapsed time = 00:01:32, memory = 3534.92 (MB).
    Completing 90% with 6532 violations.
    elapsed time = 00:01:44, memory = 2709.97 (MB).
    Completing 100% with 6244 violations.
    elapsed time = 00:01:59, memory = 3138.69 (MB).
[INFO DRT-0199]   Number of violations = 6244.
Viol/Layer        mcon   met1   met2   met3   met4
Cut Spacing          2      0      0      0      0
Metal Spacing        0    578    514    119      3
Short                0   3079   1496    409     44
[INFO DRT-0267] cpu time = 00:09:14, elapsed time = 00:02:00, memory = 3358.06 (MB), peak = 6121.77 (MB)
Total wire length = 6883210 um.
Total wire length on LAYER li1 = 0 um.
Total wire length on LAYER met1 = 2415415 um.
Total wire length on LAYER met2 = 2928159 um.
Total wire length on LAYER met3 = 1139657 um.
Total wire length on LAYER met4 = 375529 um.
Total wire length on LAYER met5 = 24448 um.
Total number of vias = 1050988.
Up-via summary (total 1050988):

--------------------------
 FR_MASTERSLICE          0
            li1     444814
           met1     533771
           met2      59336
           met3      12346
           met4        721
--------------------------
               1050988


[INFO DRT-0195] Start 3rd optimization iteration.
    Completing 10% with 6244 violations.
    elapsed time = 00:00:08, memory = 3066.09 (MB).
    Completing 20% with 6244 violations.
    elapsed time = 00:00:19, memory = 2736.67 (MB).
    Completing 30% with 4898 violations.
    elapsed time = 00:00:37, memory = 3111.69 (MB).
    Completing 40% with 4898 violations.
    elapsed time = 00:00:48, memory = 2753.88 (MB).
    Completing 50% with 4898 violations.
    elapsed time = 00:01:04, memory = 2485.09 (MB).
    Completing 60% with 3376 violations.
    elapsed time = 00:01:18, memory = 2192.94 (MB).
    Completing 70% with 3376 violations.
    elapsed time = 00:01:27, memory = 2260.41 (MB).
    Completing 80% with 2241 violations.
    elapsed time = 00:01:43, memory = 1259.36 (MB).
    Completing 90% with 2241 violations.
    elapsed time = 00:01:53, memory = 1094.20 (MB).
    Completing 100% with 567 violations.
    elapsed time = 00:02:21, memory = 2142.66 (MB).
[INFO DRT-0199]   Number of violations = 567.
Viol/Layer        mcon   met1   met2   met3   met4
Cut Spacing          4      0      0      0      0
Metal Spacing        0    132     41      8      2
Min Hole             0      1      0      0      0
Short                0    297     55     20      7
[INFO DRT-0267] cpu time = 00:11:00, elapsed time = 00:02:22, memory = 2187.19 (MB), peak = 6121.77 (MB)
Total wire length = 6883459 um.
Total wire length on LAYER li1 = 0 um.
Total wire length on LAYER met1 = 2407947 um.
Total wire length on LAYER met2 = 2923127 um.
Total wire length on LAYER met3 = 1146781 um.
Total wire length on LAYER met4 = 380983 um.
Total wire length on LAYER met5 = 24618 um.
Total number of vias = 1054823.
Up-via summary (total 1054823):

--------------------------
 FR_MASTERSLICE          0
            li1     444815
           met1     535170
           met2      61311
           met3      12811
           met4        716
--------------------------
               1054823


[INFO DRT-0195] Start 4th optimization iteration.
    Completing 10% with 567 violations.
    elapsed time = 00:00:00, memory = 2137.38 (MB).
    Completing 20% with 567 violations.
    elapsed time = 00:00:00, memory = 2148.80 (MB).
    Completing 30% with 439 violations.
    elapsed time = 00:00:04, memory = 1095.53 (MB).
    Completing 40% with 439 violations.
    elapsed time = 00:00:04, memory = 1114.27 (MB).
    Completing 50% with 439 violations.
    elapsed time = 00:00:11, memory = 525.66 (MB).
    Completing 60% with 371 violations.
    elapsed time = 00:00:11, memory = 663.31 (MB).
    Completing 70% with 371 violations.
    elapsed time = 00:00:12, memory = 1180.12 (MB).
    Completing 80% with 274 violations.
    elapsed time = 00:00:26, memory = 613.41 (MB).
    Completing 90% with 274 violations.
    elapsed time = 00:00:28, memory = 1203.53 (MB).
    Completing 100% with 79 violations.
    elapsed time = 00:00:34, memory = 1340.41 (MB).
[INFO DRT-0199]   Number of violations = 79.
Viol/Layer        met1   met2   met3
Metal Spacing       32      4      4
Short               29     10      0
[INFO DRT-0267] cpu time = 00:01:20, elapsed time = 00:00:34, memory = 1627.67 (MB), peak = 6121.77 (MB)
Total wire length = 6883366 um.
Total wire length on LAYER li1 = 0 um.
Total wire length on LAYER met1 = 2407522 um.
Total wire length on LAYER met2 = 2922949 um.
Total wire length on LAYER met3 = 1147137 um.
Total wire length on LAYER met4 = 381138 um.
Total wire length on LAYER met5 = 24618 um.
Total number of vias = 1054861.
Up-via summary (total 1054861):

--------------------------
 FR_MASTERSLICE          0
            li1     444816
           met1     535127
           met2      61375
           met3      12827
           met4        716
--------------------------
               1054861


[INFO DRT-0195] Start 5th guides tiles iteration.
    Completing 10% with 79 violations.
    elapsed time = 00:00:00, memory = 1749.55 (MB).
    Completing 20% with 79 violations.
    elapsed time = 00:00:00, memory = 1884.80 (MB).
    Completing 30% with 79 violations.
    elapsed time = 00:00:00, memory = 2077.59 (MB).
    Completing 40% with 79 violations.
    elapsed time = 00:00:00, memory = 2077.64 (MB).
    Completing 50% with 79 violations.
    elapsed time = 00:00:07, memory = 661.11 (MB).
    Completing 60% with 3 violations.
    elapsed time = 00:00:07, memory = 771.08 (MB).
    Completing 70% with 3 violations.
    elapsed time = 00:00:07, memory = 771.28 (MB).
    Completing 80% with 3 violations.
    elapsed time = 00:00:07, memory = 771.61 (MB).
    Completing 90% with 3 violations.
    elapsed time = 00:00:08, memory = 734.03 (MB).
    Completing 100% with 0 violations.
    elapsed time = 00:00:08, memory = 734.80 (MB).
[INFO DRT-0199]   Number of violations = 0.
[INFO DRT-0267] cpu time = 00:00:08, elapsed time = 00:00:08, memory = 878.66 (MB), peak = 6121.77 (MB)
Total wire length = 6883385 um.
Total wire length on LAYER li1 = 0 um.
Total wire length on LAYER met1 = 2407456 um.
Total wire length on LAYER met2 = 2922936 um.
Total wire length on LAYER met3 = 1147167 um.
Total wire length on LAYER met4 = 381157 um.
Total wire length on LAYER met5 = 24667 um.
Total number of vias = 1054893.
Up-via summary (total 1054893):

--------------------------
 FR_MASTERSLICE          0
            li1     444816
           met1     535138
           met2      61390
           met3      12833
           met4        716
--------------------------
               1054893


[INFO DRT-0198] Complete detail routing.
Total wire length = 6883385 um.
Total wire length on LAYER li1 = 0 um.
Total wire length on LAYER met1 = 2407456 um.
Total wire length on LAYER met2 = 2922936 um.
Total wire length on LAYER met3 = 1147167 um.
Total wire length on LAYER met4 = 381157 um.
Total wire length on LAYER met5 = 24667 um.
Total number of vias = 1054893.
Up-via summary (total 1054893):

--------------------------
 FR_MASTERSLICE          0
            li1     444816
           met1     535138
           met2      61390
           met3      12833
           met4        716
--------------------------
               1054893


[INFO DRT-0267] cpu time = 01:00:32, elapsed time = 00:13:13, memory = 1139.67 (MB), peak = 6121.77 (MB)

[INFO DRT-0180] Post processing.
[INFO DRT-0501] Runtime: 1282.67s
[INFO ANT-0002] Found 48 net violations.
[INFO ANT-0001] Found 76 pin violations.
[INFO GRT-0012] Found 48 antenna violations.
[WARNING GRT-0243] Unable to repair antennas on net with diodes.
[INFO DPL-0006] Core area: 3527558.21 um^2
[INFO DPL-0007] Movable instances area: 45.04 um^2
[INFO DPL-0008] Fixed instances area within core: 1749429.09 um^2
[INFO DPL-0009] Utilization: 49.6%
[INFO DPL-0005] Diamond search max displacement: +/- 500 sites horizontally, +/- 100 rows vertically.
[INFO DPL-1102] Legalizing using negotiation legalizer.
[INFO DPL-1103] Negotiation base search window: +/-20 sites horizontally, +/-5 rows vertically 
	Automatic search window extension enabled.
	Search window extendable up to the max displacement cap of +/-500 sites, +/-100 rows near walls.
[INFO DPL-1104] NegotiationLegalizer DRC penalty: 5.
[INFO DPL-0392] Negotiation cell height distribution (1 unique row-count(s)):
[INFO DPL-0393]   height 1 row(s): 171519 cells
          |      Total |  Illegal |  Illegal
Iteration | Violations |    Cells |    Sites
---------------------------------------------
        0 |          0 |         0 |         0
Negotiation phase 1 converged at iteration 0.
[INFO DPL-0500] Runtime: 1.28s
[INFO GRT-0015] Inserted 120 diodes.
[INFO DRT-0018]   Complete 100000 insts.
[INFO DRT-0024]   Complete FR_MASTERSLICE.
[INFO DRT-0024]   Complete Fr_VIA.
[INFO DRT-0024]   Complete li1.
[INFO DRT-0024]   Complete mcon.
[INFO DRT-0024]   Complete met1.
[INFO DRT-0024]   Complete via.
[INFO DRT-0024]   Complete met2.
[INFO DRT-0024]   Complete via2.
[INFO DRT-0024]   Complete met3.
[INFO DRT-0024]   Complete via3.
[INFO DRT-0024]   Complete met4.
[INFO DRT-0024]   Complete via4.
[INFO DRT-0024]   Complete met5.
[INFO DRT-0165] Start pin access.
[INFO DRT-0076]   Complete 1000 pins.
[INFO DRT-0076]   Complete 2000 pins.
[INFO DRT-0076]   Complete 3000 pins.
[INFO DRT-0078]   Complete 3392 pins.
[INFO DRT-0079]   Complete 100 unique inst patterns.
[INFO DRT-0079]   Complete 200 unique inst patterns.
[INFO DRT-0079]   Complete 300 unique inst patterns.
[INFO DRT-0079]   Complete 400 unique inst patterns.
[INFO DRT-0081]   Complete 411 unique inst patterns.
[INFO DRT-0082]   Complete 10000 groups.
[INFO DRT-0082]   Complete 20000 groups.
[INFO DRT-0082]   Complete 30000 groups.
[INFO DRT-0082]   Complete 40000 groups.
[INFO DRT-0082]   Complete 50000 groups.
[INFO DRT-0082]   Complete 60000 groups.
[INFO DRT-0082]   Complete 70000 groups.
[INFO DRT-0082]   Complete 80000 groups.
[INFO DRT-0082]   Complete 90000 groups.
[INFO DRT-0084]   Complete 93075 groups.
#scanned instances     = 171519
#unique  instances     = 411
#stdCellGenAp          = 14013
#stdCellValidPlanarAp  = 150
#stdCellValidViaAp     = 9959
#stdCellPinNoAp        = 10
#stdCellPinCnt         = 442910
#instTermValidViaApCnt = 0
#macroGenAp            = 0
#macroValidPlanarAp    = 0
#macroValidViaAp       = 0
#macroNoAp             = 0
[INFO DRT-0166] Complete pin access.
[INFO DRT-0267] cpu time = 00:42:34, elapsed time = 00:06:22, memory = 866.17 (MB), peak = 6121.77 (MB)
[INFO DRT-0156] guideIn read 100000 guides.
[INFO DRT-0156] guideIn read 200000 guides.
[INFO DRT-0156] guideIn read 300000 guides.
[INFO DRT-0156] guideIn read 400000 guides.
[INFO DRT-0156] guideIn read 500000 guides.
[INFO DRT-0156] guideIn read 600000 guides.
[INFO DRT-0156] guideIn read 700000 guides.
[INFO DRT-0156] guideIn read 800000 guides.
[INFO DRT-0156] guideIn read 900000 guides.
[INFO DRT-0156] guideIn read 1000000 guides.

[INFO DRT-0157] Number of guides:     1173021

[INFO DRT-0169] Post process guides.
[INFO DRT-0176] GCELLGRID X 0 DO 275 STEP 6900 ;
[INFO DRT-0177] GCELLGRID Y 0 DO 275 STEP 6900 ;
[INFO DRT-0026]   Complete 100000 origin guides.
[INFO DRT-0026]   Complete 200000 origin guides.
[INFO DRT-0026]   Complete 300000 origin guides.
[INFO DRT-0026]   Complete 400000 origin guides.
[INFO DRT-0026]   Complete 500000 origin guides.
[INFO DRT-0026]   Complete 600000 origin guides.
[INFO DRT-0026]   Complete 700000 origin guides.
[INFO DRT-0026]   Complete 800000 origin guides.
[INFO DRT-0026]   Complete 900000 origin guides.
[INFO DRT-0027]   Complete 1000000 origin guides.
[INFO DRT-0028]   Complete FR_MASTERSLICE.
[INFO DRT-0028]   Complete Fr_VIA.
[INFO DRT-0028]   Complete li1.
[INFO DRT-0028]   Complete mcon.
[INFO DRT-0028]   Complete met1.
[INFO DRT-0028]   Complete via.
[INFO DRT-0028]   Complete met2.
[INFO DRT-0028]   Complete via2.
[INFO DRT-0028]   Complete met3.
[INFO DRT-0028]   Complete via3.
[INFO DRT-0028]   Complete met4.
[INFO DRT-0028]   Complete via4.
[INFO DRT-0028]   Complete met5.
  complete 100000 nets.
[INFO DRT-0178] Init guide query.
[INFO DRT-0029]   Complete 100000 nets (guide).
[INFO DRT-0035]   Complete FR_MASTERSLICE (guide).
[INFO DRT-0035]   Complete Fr_VIA (guide).
[INFO DRT-0035]   Complete li1 (guide).
[INFO DRT-0035]   Complete mcon (guide).
[INFO DRT-0035]   Complete met1 (guide).
[INFO DRT-0035]   Complete via (guide).
[INFO DRT-0035]   Complete met2 (guide).
[INFO DRT-0035]   Complete via2 (guide).
[INFO DRT-0035]   Complete met3 (guide).
[INFO DRT-0035]   Complete via3 (guide).
[INFO DRT-0035]   Complete met4 (guide).
[INFO DRT-0035]   Complete via4 (guide).
[INFO DRT-0035]   Complete met5 (guide).
[INFO DRT-0036] FR_MASTERSLICE guide region query size = 0.
[INFO DRT-0036] FR_VIA guide region query size = 0.
[INFO DRT-0036] li1 guide region query size = 376621.
[INFO DRT-0036] mcon guide region query size = 0.
[INFO DRT-0036] met1 guide region query size = 343682.
[INFO DRT-0036] via guide region query size = 0.
[INFO DRT-0036] met2 guide region query size = 198117.
[INFO DRT-0036] via2 guide region query size = 0.
[INFO DRT-0036] met3 guide region query size = 27637.
[INFO DRT-0036] via3 guide region query size = 0.
[INFO DRT-0036] met4 guide region query size = 7701.
[INFO DRT-0036] via4 guide region query size = 0.
[INFO DRT-0036] met5 guide region query size = 396.
[INFO DRT-0179] Init gr pin query.
[INFO DRT-0267] cpu time = 00:00:04, elapsed time = 00:00:01, memory = 1507.23 (MB), peak = 6121.77 (MB)
[INFO DRT-0245] skipped writing guide updates to database.
[INFO DRT-0181] Start track assignment.
[INFO DRT-0184] Done with 582439 vertical wires in 6 frboxes and 371715 horizontal wires in 6 frboxes.
[INFO DRT-0186] Done with 69227 vertical wires in 6 frboxes and 113310 horizontal wires in 6 frboxes.
[INFO DRT-0182] Complete track assignment.
[INFO DRT-0267] cpu time = 00:01:09, elapsed time = 00:00:14, memory = 3284.98 (MB), peak = 6121.77 (MB)
[INFO DRT-0187] Start routing data preparation.
[INFO DRT-0267] cpu time = 00:00:00, elapsed time = 00:00:00, memory = 3641.38 (MB), peak = 6121.77 (MB)
[INFO DRT-0194] Start detail routing.
[INFO DRT-0195] Start 0th optimization iteration.
    Completing 10% with 0 violations.
    elapsed time = 00:00:09, memory = 4141.27 (MB).
    Completing 20% with 0 violations.
    elapsed time = 00:00:20, memory = 3149.66 (MB).
    Completing 30% with 1493 violations.
    elapsed time = 00:00:34, memory = 4091.73 (MB).
    Completing 40% with 1493 violations.
    elapsed time = 00:00:44, memory = 2633.61 (MB).
    Completing 50% with 1493 violations.
    elapsed time = 00:00:54, memory = 2080.44 (MB).
    Completing 60% with 2495 violations.
    elapsed time = 00:01:07, memory = 4363.45 (MB).
    Completing 70% with 2495 violations.
    elapsed time = 00:01:17, memory = 3273.17 (MB).
    Completing 80% with 3636 violations.
    elapsed time = 00:01:34, memory = 3918.73 (MB).
    Completing 90% with 3636 violations.
    elapsed time = 00:01:46, memory = 3598.95 (MB).
    Completing 100% with 4446 violations.
    elapsed time = 00:02:02, memory = 4587.16 (MB).
[INFO DRT-0199]   Number of violations = 5191.
Viol/Layer         li1   mcon   met1    via   met2   met3   met4   met5
Cut Spacing          0      1      0      1      0      0      0      0
Metal Spacing        0      0    303      0    237    169     25      0
Recheck              1      0    220      0    289    200     29      6
Short                0      0   1628      2   1447    542     85      6
[INFO DRT-0267] cpu time = 00:15:22, elapsed time = 00:02:02, memory = 4641.86 (MB), peak = 6121.77 (MB)
Total wire length = 6884974 um.
Total wire length on LAYER li1 = 0 um.
Total wire length on LAYER met1 = 2409479 um.
Total wire length on LAYER met2 = 2923934 um.
Total wire length on LAYER met3 = 1146723 um.
Total wire length on LAYER met4 = 380580 um.
Total wire length on LAYER met5 = 24256 um.
Total number of vias = 1054734.
Up-via summary (total 1054734):

--------------------------
 FR_MASTERSLICE          0
            li1     444967
           met1     535382
           met2      60950
           met3      12734
           met4        701
--------------------------
               1054734


[INFO DRT-0195] Start 1st optimization iteration.
    Completing 10% with 5191 violations.
    elapsed time = 00:00:11, memory = 3735.97 (MB).
    Completing 20% with 5191 violations.
    elapsed time = 00:00:21, memory = 2115.67 (MB).
    Completing 30% with 4198 violations.
    elapsed time = 00:00:39, memory = 5497.62 (MB).
    Completing 40% with 4198 violations.
    elapsed time = 00:00:47, memory = 5064.30 (MB).
    Completing 50% with 4198 violations.
    elapsed time = 00:00:55, memory = 4754.94 (MB).
    Completing 60% with 3481 violations.
    elapsed time = 00:01:06, memory = 5040.05 (MB).
    Completing 70% with 3481 violations.
    elapsed time = 00:01:15, memory = 4969.84 (MB).
    Completing 80% with 2458 violations.
    elapsed time = 00:01:28, memory = 5610.17 (MB).
    Completing 90% with 2458 violations.
    elapsed time = 00:01:36, memory = 5509.19 (MB).
    Completing 100% with 1704 violations.
    elapsed time = 00:01:48, memory = 5978.84 (MB).
[INFO DRT-0199]   Number of violations = 1704.
Viol/Layer        met1   met2   met3   met4
Metal Spacing      182     91     95      2
Short              767    359    186     22
[INFO DRT-0267] cpu time = 00:14:29, elapsed time = 00:01:49, memory = 6087.94 (MB), peak = 6242.20 (MB)
Total wire length = 6883902 um.
Total wire length on LAYER li1 = 0 um.
Total wire length on LAYER met1 = 2409217 um.
Total wire length on LAYER met2 = 2923317 um.
Total wire length on LAYER met3 = 1146545 um.
Total wire length on LAYER met4 = 380566 um.
Total wire length on LAYER met5 = 24255 um.
Total number of vias = 1054495.
Up-via summary (total 1054495):

--------------------------
 FR_MASTERSLICE          0
            li1     444974
           met1     535086
           met2      61004
           met3      12730
           met4        701
--------------------------
               1054495


[INFO DRT-0195] Start 2nd optimization iteration.
    Completing 10% with 1704 violations.
    elapsed time = 00:00:00, memory = 6481.95 (MB).
    Completing 20% with 1704 violations.
    elapsed time = 00:00:03, memory = 6340.09 (MB).
    Completing 30% with 1748 violations.
    elapsed time = 00:00:04, memory = 5878.27 (MB).
    Completing 40% with 1748 violations.
    elapsed time = 00:00:06, memory = 5761.28 (MB).
    Completing 50% with 1748 violations.
    elapsed time = 00:00:09, memory = 5709.16 (MB).
    Completing 60% with 1589 violations.
    elapsed time = 00:00:09, memory = 5713.00 (MB).
    Completing 70% with 1589 violations.
    elapsed time = 00:00:10, memory = 5768.78 (MB).
    Completing 80% with 1585 violations.
    elapsed time = 00:00:13, memory = 5237.58 (MB).
    Completing 90% with 1585 violations.
    elapsed time = 00:00:15, memory = 5250.09 (MB).
    Completing 100% with 1504 violations.
    elapsed time = 00:00:18, memory = 5275.22 (MB).
[INFO DRT-0199]   Number of violations = 1504.
Viol/Layer        mcon   met1   met2   met3   met4
Cut Spacing          1      0      0      0      0
Metal Spacing        0    159     79     76      0
Short                0    716    295    170      8
[INFO DRT-0267] cpu time = 00:02:47, elapsed time = 00:00:18, memory = 5283.77 (MB), peak = 6572.52 (MB)
Total wire length = 6883602 um.
Total wire length on LAYER li1 = 0 um.
Total wire length on LAYER met1 = 2409077 um.
Total wire length on LAYER met2 = 2923231 um.
Total wire length on LAYER met3 = 1146498 um.
Total wire length on LAYER met4 = 380545 um.
Total wire length on LAYER met5 = 24249 um.
Total number of vias = 1054389.
Up-via summary (total 1054389):

--------------------------
 FR_MASTERSLICE          0
            li1     444974
           met1     535011
           met2      60976
           met3      12727
           met4        701
--------------------------
               1054389


[INFO DRT-0195] Start 3rd optimization iteration.
    Completing 10% with 1504 violations.
    elapsed time = 00:00:00, memory = 5235.53 (MB).
    Completing 20% with 1504 violations.
    elapsed time = 00:00:01, memory = 5037.55 (MB).
    Completing 30% with 1145 violations.
    elapsed time = 00:00:09, memory = 4778.69 (MB).
    Completing 40% with 1145 violations.
    elapsed time = 00:00:10, memory = 4782.31 (MB).
    Completing 50% with 1145 violations.
    elapsed time = 00:00:17, memory = 3209.92 (MB).
    Completing 60% with 810 violations.
    elapsed time = 00:00:18, memory = 3257.44 (MB).
    Completing 70% with 810 violations.
    elapsed time = 00:00:20, memory = 3233.17 (MB).
    Completing 80% with 571 violations.
    elapsed time = 00:00:28, memory = 3017.00 (MB).
    Completing 90% with 571 violations.
    elapsed time = 00:00:29, memory = 3048.36 (MB).
    Completing 100% with 182 violations.
    elapsed time = 00:00:34, memory = 3116.33 (MB).
[INFO DRT-0199]   Number of violations = 182.
Viol/Layer        met1   met2   met3
Metal Spacing       49      9      3
Short              106     11      4
[INFO DRT-0267] cpu time = 00:03:19, elapsed time = 00:00:35, memory = 3149.98 (MB), peak = 6572.52 (MB)
Total wire length = 6883721 um.
Total wire length on LAYER li1 = 0 um.
Total wire length on LAYER met1 = 2408419 um.
Total wire length on LAYER met2 = 2922499 um.
Total wire length on LAYER met3 = 1147046 um.
Total wire length on LAYER met4 = 381468 um.
Total wire length on LAYER met5 = 24288 um.
Total number of vias = 1055223.
Up-via summary (total 1055223):

--------------------------
 FR_MASTERSLICE          0
            li1     444976
           met1     535363
           met2      61387
           met3      12796
           met4        701
--------------------------
               1055223


[INFO DRT-0195] Start 4th optimization iteration.
    Completing 10% with 182 violations.
    elapsed time = 00:00:00, memory = 3136.11 (MB).
    Completing 20% with 182 violations.
    elapsed time = 00:00:00, memory = 3136.12 (MB).
    Completing 30% with 74 violations.
    elapsed time = 00:00:03, memory = 3089.39 (MB).
    Completing 40% with 74 violations.
    elapsed time = 00:00:03, memory = 3089.42 (MB).
    Completing 50% with 74 violations.
    elapsed time = 00:00:03, memory = 3090.70 (MB).
    Completing 60% with 59 violations.
    elapsed time = 00:00:03, memory = 3090.83 (MB).
    Completing 70% with 59 violations.
    elapsed time = 00:00:03, memory = 3090.83 (MB).
    Completing 80% with 35 violations.
    elapsed time = 00:00:12, memory = 3131.44 (MB).
    Completing 90% with 35 violations.
    elapsed time = 00:00:12, memory = 3131.44 (MB).
    Completing 100% with 27 violations.
    elapsed time = 00:00:15, memory = 3133.00 (MB).
[INFO DRT-0199]   Number of violations = 27.
Viol/Layer        met1
Metal Spacing        6
Short               21
[INFO DRT-0267] cpu time = 00:00:29, elapsed time = 00:00:15, memory = 3123.06 (MB), peak = 6572.52 (MB)
Total wire length = 6883719 um.
Total wire length on LAYER li1 = 0 um.
Total wire length on LAYER met1 = 2408198 um.
Total wire length on LAYER met2 = 2922504 um.
Total wire length on LAYER met3 = 1147195 um.
Total wire length on LAYER met4 = 381531 um.
Total wire length on LAYER met5 = 24288 um.
Total number of vias = 1055268.
Up-via summary (total 1055268):

--------------------------
 FR_MASTERSLICE          0
            li1     444979
           met1     535360
           met2      61431
           met3      12797
           met4        701
--------------------------
               1055268


[INFO DRT-0195] Start 5th guides tiles iteration.
    Completing 10% with 27 violations.
    elapsed time = 00:00:00, memory = 3126.28 (MB).
    Completing 20% with 27 violations.
    elapsed time = 00:00:00, memory = 3126.28 (MB).
    Completing 30% with 27 violations.
    elapsed time = 00:00:00, memory = 3126.30 (MB).
    Completing 40% with 27 violations.
    elapsed time = 00:00:00, memory = 3126.34 (MB).
    Completing 50% with 27 violations.
    elapsed time = 00:00:00, memory = 3125.33 (MB).
    Completing 60% with 3 violations.
    elapsed time = 00:00:00, memory = 3125.36 (MB).
    Completing 70% with 3 violations.
    elapsed time = 00:00:00, memory = 3125.36 (MB).
    Completing 80% with 3 violations.
    elapsed time = 00:00:00, memory = 3125.36 (MB).
    Completing 90% with 3 violations.
    elapsed time = 00:00:00, memory = 3125.36 (MB).
    Completing 100% with 0 violations.
    elapsed time = 00:00:00, memory = 3119.56 (MB).
[INFO DRT-0199]   Number of violations = 0.
[INFO DRT-0267] cpu time = 00:00:01, elapsed time = 00:00:00, memory = 3116.88 (MB), peak = 6572.52 (MB)
Total wire length = 6883719 um.
Total wire length on LAYER li1 = 0 um.
Total wire length on LAYER met1 = 2408178 um.
Total wire length on LAYER met2 = 2922505 um.
Total wire length on LAYER met3 = 1147215 um.
Total wire length on LAYER met4 = 381531 um.
Total wire length on LAYER met5 = 24288 um.
Total number of vias = 1055251.
Up-via summary (total 1055251):

--------------------------
 FR_MASTERSLICE          0
            li1     444979
           met1     535350
           met2      61424
           met3      12797
           met4        701
--------------------------
               1055251


[INFO DRT-0198] Complete detail routing.
Total wire length = 6883719 um.
Total wire length on LAYER li1 = 0 um.
Total wire length on LAYER met1 = 2408178 um.
Total wire length on LAYER met2 = 2922505 um.
Total wire length on LAYER met3 = 1147215 um.
Total wire length on LAYER met4 = 381531 um.
Total wire length on LAYER met5 = 24288 um.
Total number of vias = 1055251.
Up-via summary (total 1055251):

--------------------------
 FR_MASTERSLICE          0
            li1     444979
           met1     535350
           met2      61424
           met3      12797
           met4        701
--------------------------
               1055251


[INFO DRT-0267] cpu time = 00:36:30, elapsed time = 00:05:02, memory = 3113.39 (MB), peak = 6572.52 (MB)

[INFO DRT-0180] Post processing.
[INFO DRT-0501] Runtime: 709.65s
[INFO ANT-0002] Found 8 net violations.
[INFO ANT-0001] Found 11 pin violations.
[INFO GRT-0012] Found 8 antenna violations.
[INFO DPL-0006] Core area: 3527558.21 um^2
[INFO DPL-0007] Movable instances area: 40.04 um^2
[INFO DPL-0008] Fixed instances area within core: 1749506.67 um^2
[INFO DPL-0009] Utilization: 49.6%
[INFO DPL-0005] Diamond search max displacement: +/- 500 sites horizontally, +/- 100 rows vertically.
[INFO DPL-1102] Legalizing using negotiation legalizer.
[INFO DPL-1103] Negotiation base search window: +/-20 sites horizontally, +/-5 rows vertically 
	Automatic search window extension enabled.
	Search window extendable up to the max displacement cap of +/-500 sites, +/-100 rows near walls.
[INFO DPL-1104] NegotiationLegalizer DRC penalty: 5.
[INFO DPL-0392] Negotiation cell height distribution (1 unique row-count(s)):
[INFO DPL-0393]   height 1 row(s): 171548 cells
          |      Total |  Illegal |  Illegal
Iteration | Violations |    Cells |    Sites
---------------------------------------------
        0 |          0 |         0 |         0
Negotiation phase 1 converged at iteration 0.
[INFO DPL-0500] Runtime: 0.78s
[INFO GRT-0015] Inserted 29 diodes.
[INFO DRT-0018]   Complete 100000 insts.
[INFO DRT-0024]   Complete FR_MASTERSLICE.
[INFO DRT-0024]   Complete Fr_VIA.
[INFO DRT-0024]   Complete li1.
[INFO DRT-0024]   Complete mcon.
[INFO DRT-0024]   Complete met1.
[INFO DRT-0024]   Complete via.
[INFO DRT-0024]   Complete met2.
[INFO DRT-0024]   Complete via2.
[INFO DRT-0024]   Complete met3.
[INFO DRT-0024]   Complete via3.
[INFO DRT-0024]   Complete met4.
[INFO DRT-0024]   Complete via4.
[INFO DRT-0024]   Complete met5.
[INFO DRT-0165] Start pin access.
[INFO DRT-0076]   Complete 1000 pins.
[INFO DRT-0076]   Complete 2000 pins.
[INFO DRT-0076]   Complete 3000 pins.
[INFO DRT-0078]   Complete 3392 pins.
[INFO DRT-0079]   Complete 100 unique inst patterns.
[INFO DRT-0079]   Complete 200 unique inst patterns.
[INFO DRT-0079]   Complete 300 unique inst patterns.
[INFO DRT-0079]   Complete 400 unique inst patterns.
[INFO DRT-0081]   Complete 411 unique inst patterns.
[INFO DRT-0082]   Complete 10000 groups.
[INFO DRT-0082]   Complete 20000 groups.
[INFO DRT-0082]   Complete 30000 groups.
[INFO DRT-0082]   Complete 40000 groups.
[INFO DRT-0082]   Complete 50000 groups.
[INFO DRT-0082]   Complete 60000 groups.
[INFO DRT-0082]   Complete 70000 groups.
[INFO DRT-0082]   Complete 80000 groups.
[INFO DRT-0082]   Complete 90000 groups.
[INFO DRT-0084]   Complete 93078 groups.
#scanned instances     = 171548
#unique  instances     = 411
#stdCellGenAp          = 14013
#stdCellValidPlanarAp  = 150
#stdCellValidViaAp     = 9959
#stdCellPinNoAp        = 10
#stdCellPinCnt         = 442910
#instTermValidViaApCnt = 0
#macroGenAp            = 0
#macroValidPlanarAp    = 0
#macroValidViaAp       = 0
#macroNoAp             = 0
[INFO DRT-0166] Complete pin access.
[INFO DRT-0267] cpu time = 00:39:05, elapsed time = 00:03:41, memory = 2353.23 (MB), peak = 6572.52 (MB)
[INFO DRT-0156] guideIn read 100000 guides.
[INFO DRT-0156] guideIn read 200000 guides.
[INFO DRT-0156] guideIn read 300000 guides.
[INFO DRT-0156] guideIn read 400000 guides.
[INFO DRT-0156] guideIn read 500000 guides.
[INFO DRT-0156] guideIn read 600000 guides.
[INFO DRT-0156] guideIn read 700000 guides.
[INFO DRT-0156] guideIn read 800000 guides.
[INFO DRT-0156] guideIn read 900000 guides.
[INFO DRT-0156] guideIn read 1000000 guides.

[INFO DRT-0157] Number of guides:     1173010

[INFO DRT-0169] Post process guides.
[INFO DRT-0176] GCELLGRID X 0 DO 275 STEP 6900 ;
[INFO DRT-0177] GCELLGRID Y 0 DO 275 STEP 6900 ;
[INFO DRT-0026]   Complete 100000 origin guides.
[INFO DRT-0026]   Complete 200000 origin guides.
[INFO DRT-0026]   Complete 300000 origin guides.
[INFO DRT-0026]   Complete 400000 origin guides.
[INFO DRT-0026]   Complete 500000 origin guides.
[INFO DRT-0026]   Complete 600000 origin guides.
[INFO DRT-0026]   Complete 700000 origin guides.
[INFO DRT-0026]   Complete 800000 origin guides.
[INFO DRT-0026]   Complete 900000 origin guides.
[INFO DRT-0027]   Complete 1000000 origin guides.
[INFO DRT-0028]   Complete FR_MASTERSLICE.
[INFO DRT-0028]   Complete Fr_VIA.
[INFO DRT-0028]   Complete li1.
[INFO DRT-0028]   Complete mcon.
[INFO DRT-0028]   Complete met1.
[INFO DRT-0028]   Complete via.
[INFO DRT-0028]   Complete met2.
[INFO DRT-0028]   Complete via2.
[INFO DRT-0028]   Complete met3.
[INFO DRT-0028]   Complete via3.
[INFO DRT-0028]   Complete met4.
[INFO DRT-0028]   Complete via4.
[INFO DRT-0028]   Complete met5.
  complete 100000 nets.
[INFO DRT-0178] Init guide query.
[INFO DRT-0029]   Complete 100000 nets (guide).
[INFO DRT-0035]   Complete FR_MASTERSLICE (guide).
[INFO DRT-0035]   Complete Fr_VIA (guide).
[INFO DRT-0035]   Complete li1 (guide).
[INFO DRT-0035]   Complete mcon (guide).
[INFO DRT-0035]   Complete met1 (guide).
[INFO DRT-0035]   Complete via (guide).
[INFO DRT-0035]   Complete met2 (guide).
[INFO DRT-0035]   Complete via2 (guide).
[INFO DRT-0035]   Complete met3 (guide).
[INFO DRT-0035]   Complete via3 (guide).
[INFO DRT-0035]   Complete met4 (guide).
[INFO DRT-0035]   Complete via4 (guide).
[INFO DRT-0035]   Complete met5 (guide).
[INFO DRT-0036] FR_MASTERSLICE guide region query size = 0.
[INFO DRT-0036] FR_VIA guide region query size = 0.
[INFO DRT-0036] li1 guide region query size = 376629.
[INFO DRT-0036] mcon guide region query size = 0.
[INFO DRT-0036] met1 guide region query size = 343685.
[INFO DRT-0036] via guide region query size = 0.
[INFO DRT-0036] met2 guide region query size = 198113.
[INFO DRT-0036] via2 guide region query size = 0.
[INFO DRT-0036] met3 guide region query size = 27635.
[INFO DRT-0036] via3 guide region query size = 0.
[INFO DRT-0036] met4 guide region query size = 7700.
[INFO DRT-0036] via4 guide region query size = 0.
[INFO DRT-0036] met5 guide region query size = 399.
[INFO DRT-0179] Init gr pin query.
[INFO DRT-0267] cpu time = 00:00:04, elapsed time = 00:00:01, memory = 2460.34 (MB), peak = 6572.52 (MB)
[INFO DRT-0245] skipped writing guide updates to database.
[INFO DRT-0181] Start track assignment.
[INFO DRT-0184] Done with 582442 vertical wires in 6 frboxes and 371719 horizontal wires in 6 frboxes.
[INFO DRT-0186] Done with 69164 vertical wires in 6 frboxes and 113442 horizontal wires in 6 frboxes.
[INFO DRT-0182] Complete track assignment.
[INFO DRT-0267] cpu time = 00:00:57, elapsed time = 00:00:12, memory = 3561.81 (MB), peak = 6572.52 (MB)
[INFO DRT-0187] Start routing data preparation.
[INFO DRT-0267] cpu time = 00:00:01, elapsed time = 00:00:01, memory = 3875.78 (MB), peak = 6572.52 (MB)
[INFO DRT-0194] Start detail routing.
[INFO DRT-0195] Start 0th optimization iteration.
    Completing 10% with 0 violations.
    elapsed time = 00:00:08, memory = 4372.75 (MB).
    Completing 20% with 0 violations.
    elapsed time = 00:00:16, memory = 4094.22 (MB).
    Completing 30% with 170 violations.
    elapsed time = 00:00:28, memory = 5295.75 (MB).
    Completing 40% with 170 violations.
    elapsed time = 00:00:36, memory = 4685.73 (MB).
    Completing 50% with 170 violations.
    elapsed time = 00:00:43, memory = 4028.06 (MB).
    Completing 60% with 312 violations.
    elapsed time = 00:00:55, memory = 5299.02 (MB).
    Completing 70% with 312 violations.
    elapsed time = 00:01:02, memory = 4647.39 (MB).
    Completing 80% with 380 violations.
    elapsed time = 00:01:14, memory = 5272.30 (MB).
    Completing 90% with 380 violations.
    elapsed time = 00:01:21, memory = 5232.12 (MB).
    Completing 100% with 469 violations.
    elapsed time = 00:01:32, memory = 4893.91 (MB).
[INFO DRT-0199]   Number of violations = 551.
Viol/Layer        met1   met2   met3   met4   met5
Metal Spacing       14     23     38      8      3
Recheck             14     22     36      7      3
Short              134    125    102     19      3
[INFO DRT-0267] cpu time = 00:13:37, elapsed time = 00:01:32, memory = 4896.95 (MB), peak = 6572.52 (MB)
Total wire length = 6883939 um.
Total wire length on LAYER li1 = 0 um.
Total wire length on LAYER met1 = 2407969 um.
Total wire length on LAYER met2 = 2922281 um.
Total wire length on LAYER met3 = 1146990 um.
Total wire length on LAYER met4 = 381958 um.
Total wire length on LAYER met5 = 24740 um.
Total number of vias = 1055205.
Up-via summary (total 1055205):

--------------------------
 FR_MASTERSLICE          0
            li1     445007
           met1     535337
           met2      61357
           met3      12797
           met4        707
--------------------------
               1055205


[INFO DRT-0195] Start 1st optimization iteration.
    Completing 10% with 551 violations.
    elapsed time = 00:00:07, memory = 5290.95 (MB).
    Completing 20% with 551 violations.
    elapsed time = 00:00:15, memory = 4543.36 (MB).
    Completing 30% with 456 violations.
    elapsed time = 00:00:27, memory = 5315.05 (MB).
    Completing 40% with 456 violations.
    elapsed time = 00:00:34, memory = 5173.72 (MB).
    Completing 50% with 456 violations.
    elapsed time = 00:00:41, memory = 4252.27 (MB).
    Completing 60% with 357 violations.
    elapsed time = 00:00:53, memory = 5287.14 (MB).
    Completing 70% with 357 violations.
    elapsed time = 00:01:00, memory = 4318.75 (MB).
    Completing 80% with 213 violations.
    elapsed time = 00:01:13, memory = 5291.44 (MB).
    Completing 90% with 213 violations.
    elapsed time = 00:01:20, memory = 4931.91 (MB).
    Completing 100% with 81 violations.
    elapsed time = 00:01:31, memory = 5171.20 (MB).
[INFO DRT-0199]   Number of violations = 81.
Viol/Layer        met1   met2   met3   met4
Metal Spacing        7      6     13      0
Short               24     13     17      1
[INFO DRT-0267] cpu time = 00:13:25, elapsed time = 00:01:31, memory = 5340.56 (MB), peak = 6572.52 (MB)
Total wire length = 6883750 um.
Total wire length on LAYER li1 = 0 um.
Total wire length on LAYER met1 = 2407907 um.
Total wire length on LAYER met2 = 2922190 um.
Total wire length on LAYER met3 = 1146965 um.
Total wire length on LAYER met4 = 381955 um.
Total wire length on LAYER met5 = 24731 um.
Total number of vias = 1055195.
Up-via summary (total 1055195):

--------------------------
 FR_MASTERSLICE          0
            li1     445011
           met1     535313
           met2      61370
           met3      12794
           met4        707
--------------------------
               1055195


[INFO DRT-0195] Start 2nd optimization iteration.
    Completing 10% with 81 violations.
    elapsed time = 00:00:00, memory = 5473.70 (MB).
    Completing 20% with 81 violations.
    elapsed time = 00:00:00, memory = 5474.08 (MB).
    Completing 30% with 82 violations.
    elapsed time = 00:00:01, memory = 5573.61 (MB).
    Completing 40% with 82 violations.
    elapsed time = 00:00:01, memory = 5573.86 (MB).
    Completing 50% with 82 violations.
    elapsed time = 00:00:02, memory = 5526.72 (MB).
    Completing 60% with 76 violations.
    elapsed time = 00:00:02, memory = 5526.91 (MB).
    Completing 70% with 76 violations.
    elapsed time = 00:00:02, memory = 5527.66 (MB).
    Completing 80% with 52 violations.
    elapsed time = 00:00:02, memory = 5508.52 (MB).
    Completing 90% with 52 violations.
    elapsed time = 00:00:02, memory = 5509.39 (MB).
    Completing 100% with 53 violations.
    elapsed time = 00:00:04, memory = 5325.36 (MB).
[INFO DRT-0199]   Number of violations = 53.
Viol/Layer        met1   met2   met3
Metal Spacing        0      0      8
Short               20     12     13
[INFO DRT-0267] cpu time = 00:00:15, elapsed time = 00:00:04, memory = 5294.16 (MB), peak = 6572.52 (MB)
Total wire length = 6883726 um.
Total wire length on LAYER li1 = 0 um.
Total wire length on LAYER met1 = 2407919 um.
Total wire length on LAYER met2 = 2922179 um.
Total wire length on LAYER met3 = 1146945 um.
Total wire length on LAYER met4 = 381950 um.
Total wire length on LAYER met5 = 24731 um.
Total number of vias = 1055206.
Up-via summary (total 1055206):

--------------------------
 FR_MASTERSLICE          0
            li1     445013
           met1     535323
           met2      61367
           met3      12796
           met4        707
--------------------------
               1055206


[INFO DRT-0195] Start 3rd guides tiles iteration.
    Completing 10% with 53 violations.
    elapsed time = 00:00:00, memory = 5387.05 (MB).
    Completing 20% with 53 violations.
    elapsed time = 00:00:00, memory = 5390.36 (MB).
    Completing 30% with 53 violations.
    elapsed time = 00:00:00, memory = 5391.98 (MB).
    Completing 40% with 53 violations.
    elapsed time = 00:00:00, memory = 5325.11 (MB).
    Completing 50% with 53 violations.
    elapsed time = 00:00:01, memory = 5150.11 (MB).
    Completing 60% with 11 violations.
    elapsed time = 00:00:02, memory = 5139.52 (MB).
    Completing 70% with 11 violations.
    elapsed time = 00:00:02, memory = 5139.56 (MB).
    Completing 80% with 11 violations.
    elapsed time = 00:00:02, memory = 5139.56 (MB).
    Completing 90% with 1 violations.
    elapsed time = 00:00:02, memory = 5139.58 (MB).
    Completing 100% with 0 violations.
    elapsed time = 00:00:03, memory = 4975.39 (MB).
[INFO DRT-0199]   Number of violations = 0.
[INFO DRT-0267] cpu time = 00:00:07, elapsed time = 00:00:03, memory = 4979.45 (MB), peak = 6572.52 (MB)
Total wire length = 6883659 um.
Total wire length on LAYER li1 = 0 um.
Total wire length on LAYER met1 = 2407659 um.
Total wire length on LAYER met2 = 2921853 um.
Total wire length on LAYER met3 = 1146238 um.
Total wire length on LAYER met4 = 382235 um.
Total wire length on LAYER met5 = 25672 um.
Total number of vias = 1055220.
Up-via summary (total 1055220):

--------------------------
 FR_MASTERSLICE          0
            li1     445015
           met1     535320
           met2      61388
           met3      12796
           met4        701
--------------------------
               1055220


[INFO DRT-0198] Complete detail routing.
Total wire length = 6883659 um.
Total wire length on LAYER li1 = 0 um.
Total wire length on LAYER met1 = 2407659 um.
Total wire length on LAYER met2 = 2921853 um.
Total wire length on LAYER met3 = 1146238 um.
Total wire length on LAYER met4 = 382235 um.
Total wire length on LAYER met5 = 25672 um.
Total number of vias = 1055220.
Up-via summary (total 1055220):

--------------------------
 FR_MASTERSLICE          0
            li1     445015
           met1     535320
           met2      61388
           met3      12796
           met4        701
--------------------------
               1055220


[INFO DRT-0267] cpu time = 00:27:26, elapsed time = 00:03:13, memory = 4979.66 (MB), peak = 6572.52 (MB)

[INFO DRT-0180] Post processing.
[INFO DRT-0501] Runtime: 434.39s
[INFO ANT-0002] Found 3 net violations.
[INFO ANT-0001] Found 4 pin violations.
[INFO GRT-0012] Found 3 antenna violations.
[INFO DPL-0006] Core area: 3527558.21 um^2
[INFO DPL-0007] Movable instances area: 45.04 um^2
[INFO DPL-0008] Fixed instances area within core: 1749551.71 um^2
[INFO DPL-0009] Utilization: 49.6%
[INFO DPL-0005] Diamond search max displacement: +/- 500 sites horizontally, +/- 100 rows vertically.
[INFO DPL-1102] Legalizing using negotiation legalizer.
[INFO DPL-1103] Negotiation base search window: +/-20 sites horizontally, +/-5 rows vertically 
	Automatic search window extension enabled.
	Search window extendable up to the max displacement cap of +/-500 sites, +/-100 rows near walls.
[INFO DPL-1104] NegotiationLegalizer DRC penalty: 5.
[INFO DPL-0392] Negotiation cell height distribution (1 unique row-count(s)):
[INFO DPL-0393]   height 1 row(s): 171568 cells
          |      Total |  Illegal |  Illegal
Iteration | Violations |    Cells |    Sites
---------------------------------------------
        0 |          0 |         0 |         0
Negotiation phase 1 converged at iteration 0.
[INFO DPL-0500] Runtime: 0.66s
[INFO GRT-0015] Inserted 20 diodes.
[INFO DRT-0018]   Complete 100000 insts.
[INFO DRT-0024]   Complete FR_MASTERSLICE.
[INFO DRT-0024]   Complete Fr_VIA.
[INFO DRT-0024]   Complete li1.
[INFO DRT-0024]   Complete mcon.
[INFO DRT-0024]   Complete met1.
[INFO DRT-0024]   Complete via.
[INFO DRT-0024]   Complete met2.
[INFO DRT-0024]   Complete via2.
[INFO DRT-0024]   Complete met3.
[INFO DRT-0024]   Complete via3.
[INFO DRT-0024]   Complete met4.
[INFO DRT-0024]   Complete via4.
[INFO DRT-0024]   Complete met5.
[INFO DRT-0165] Start pin access.
[INFO DRT-0076]   Complete 1000 pins.
[INFO DRT-0076]   Complete 2000 pins.
[INFO DRT-0076]   Complete 3000 pins.
[INFO DRT-0078]   Complete 3392 pins.
[INFO DRT-0079]   Complete 100 unique inst patterns.
[INFO DRT-0079]   Complete 200 unique inst patterns.
[INFO DRT-0079]   Complete 300 unique inst patterns.
[INFO DRT-0079]   Complete 400 unique inst patterns.
[INFO DRT-0081]   Complete 411 unique inst patterns.
[INFO DRT-0082]   Complete 10000 groups.
[INFO DRT-0082]   Complete 20000 groups.
[INFO DRT-0082]   Complete 30000 groups.
[INFO DRT-0082]   Complete 40000 groups.
[INFO DRT-0082]   Complete 50000 groups.
[INFO DRT-0082]   Complete 60000 groups.
[INFO DRT-0082]   Complete 70000 groups.
[INFO DRT-0082]   Complete 80000 groups.
[INFO DRT-0082]   Complete 90000 groups.
[INFO DRT-0084]   Complete 93079 groups.
#scanned instances     = 171568
#unique  instances     = 411
#stdCellGenAp          = 14013
#stdCellValidPlanarAp  = 150
#stdCellValidViaAp     = 9959
#stdCellPinNoAp        = 10
#stdCellPinCnt         = 442910
#instTermValidViaApCnt = 0
#macroGenAp            = 0
#macroValidPlanarAp    = 0
#macroValidViaAp       = 0
#macroNoAp             = 0
[INFO DRT-0166] Complete pin access.
[INFO DRT-0267] cpu time = 00:38:53, elapsed time = 00:03:40, memory = 2269.14 (MB), peak = 6572.52 (MB)
[INFO DRT-0156] guideIn read 100000 guides.
[INFO DRT-0156] guideIn read 200000 guides.
[INFO DRT-0156] guideIn read 300000 guides.
[INFO DRT-0156] guideIn read 400000 guides.
[INFO DRT-0156] guideIn read 500000 guides.
[INFO DRT-0156] guideIn read 600000 guides.
[INFO DRT-0156] guideIn read 700000 guides.
[INFO DRT-0156] guideIn read 800000 guides.
[INFO DRT-0156] guideIn read 900000 guides.
[INFO DRT-0156] guideIn read 1000000 guides.

[INFO DRT-0157] Number of guides:     1172941

[INFO DRT-0169] Post process guides.
[INFO DRT-0176] GCELLGRID X 0 DO 275 STEP 6900 ;
[INFO DRT-0177] GCELLGRID Y 0 DO 275 STEP 6900 ;
[INFO DRT-0026]   Complete 100000 origin guides.
[INFO DRT-0026]   Complete 200000 origin guides.
[INFO DRT-0026]   Complete 300000 origin guides.
[INFO DRT-0026]   Complete 400000 origin guides.
[INFO DRT-0026]   Complete 500000 origin guides.
[INFO DRT-0026]   Complete 600000 origin guides.
[INFO DRT-0026]   Complete 700000 origin guides.
[INFO DRT-0026]   Complete 800000 origin guides.
[INFO DRT-0026]   Complete 900000 origin guides.
[INFO DRT-0027]   Complete 1000000 origin guides.
[INFO DRT-0028]   Complete FR_MASTERSLICE.
[INFO DRT-0028]   Complete Fr_VIA.
[INFO DRT-0028]   Complete li1.
[INFO DRT-0028]   Complete mcon.
[INFO DRT-0028]   Complete met1.
[INFO DRT-0028]   Complete via.
[INFO DRT-0028]   Complete met2.
[INFO DRT-0028]   Complete via2.
[INFO DRT-0028]   Complete met3.
[INFO DRT-0028]   Complete via3.
[INFO DRT-0028]   Complete met4.
[INFO DRT-0028]   Complete via4.
[INFO DRT-0028]   Complete met5.
  complete 100000 nets.
[INFO DRT-0178] Init guide query.
[INFO DRT-0029]   Complete 100000 nets (guide).
[INFO DRT-0035]   Complete FR_MASTERSLICE (guide).
[INFO DRT-0035]   Complete Fr_VIA (guide).
[INFO DRT-0035]   Complete li1 (guide).
[INFO DRT-0035]   Complete mcon (guide).
[INFO DRT-0035]   Complete met1 (guide).
[INFO DRT-0035]   Complete via (guide).
[INFO DRT-0035]   Complete met2 (guide).
[INFO DRT-0035]   Complete via2 (guide).
[INFO DRT-0035]   Complete met3 (guide).
[INFO DRT-0035]   Complete via3 (guide).
[INFO DRT-0035]   Complete met4 (guide).
[INFO DRT-0035]   Complete via4 (guide).
[INFO DRT-0035]   Complete met5 (guide).
[INFO DRT-0036] FR_MASTERSLICE guide region query size = 0.
[INFO DRT-0036] FR_VIA guide region query size = 0.
[INFO DRT-0036] li1 guide region query size = 376630.
[INFO DRT-0036] mcon guide region query size = 0.
[INFO DRT-0036] met1 guide region query size = 343689.
[INFO DRT-0036] via guide region query size = 0.
[INFO DRT-0036] met2 guide region query size = 198110.
[INFO DRT-0036] via2 guide region query size = 0.
[INFO DRT-0036] met3 guide region query size = 27616.
[INFO DRT-0036] via3 guide region query size = 0.
[INFO DRT-0036] met4 guide region query size = 7678.
[INFO DRT-0036] via4 guide region query size = 0.
[INFO DRT-0036] met5 guide region query size = 391.
[INFO DRT-0179] Init gr pin query.
[INFO DRT-0267] cpu time = 00:00:04, elapsed time = 00:00:01, memory = 2250.39 (MB), peak = 6572.52 (MB)
[INFO DRT-0245] skipped writing guide updates to database.
[INFO DRT-0181] Start track assignment.
[INFO DRT-0184] Done with 582418 vertical wires in 6 frboxes and 371696 horizontal wires in 6 frboxes.
[INFO DRT-0186] Done with 69439 vertical wires in 6 frboxes and 113216 horizontal wires in 6 frboxes.
[INFO DRT-0182] Complete track assignment.
[INFO DRT-0267] cpu time = 00:00:57, elapsed time = 00:00:12, memory = 3522.98 (MB), peak = 6572.52 (MB)
[INFO DRT-0187] Start routing data preparation.
[INFO DRT-0267] cpu time = 00:00:00, elapsed time = 00:00:01, memory = 3897.53 (MB), peak = 6572.52 (MB)
[INFO DRT-0194] Start detail routing.
[INFO DRT-0195] Start 0th optimization iteration.
    Completing 10% with 0 violations.
    elapsed time = 00:00:07, memory = 4104.89 (MB).
    Completing 20% with 0 violations.
    elapsed time = 00:00:15, memory = 3171.50 (MB).
    Completing 30% with 35 violations.
    elapsed time = 00:00:28, memory = 4801.84 (MB).
    Completing 40% with 35 violations.
    elapsed time = 00:00:36, memory = 4309.95 (MB).
    Completing 50% with 35 violations.
    elapsed time = 00:00:43, memory = 2706.70 (MB).
    Completing 60% with 96 violations.
    elapsed time = 00:00:55, memory = 4805.39 (MB).
    Completing 70% with 96 violations.
    elapsed time = 00:01:03, memory = 3785.39 (MB).
    Completing 80% with 166 violations.
    elapsed time = 00:01:15, memory = 5041.73 (MB).
    Completing 90% with 166 violations.
    elapsed time = 00:01:22, memory = 4470.81 (MB).
    Completing 100% with 224 violations.
    elapsed time = 00:01:34, memory = 4767.08 (MB).
[INFO DRT-0199]   Number of violations = 253.
Viol/Layer        met1   met2   met3   met4   met5
Metal Spacing        4      7     12      1      0
Recheck              4     10      9      3      3
Short               65     97     21      4     13
[INFO DRT-0267] cpu time = 00:13:33, elapsed time = 00:01:34, memory = 4807.64 (MB), peak = 6572.52 (MB)
Total wire length = 6883677 um.
Total wire length on LAYER li1 = 0 um.
Total wire length on LAYER met1 = 2407903 um.
Total wire length on LAYER met2 = 2921983 um.
Total wire length on LAYER met3 = 1145879 um.
Total wire length on LAYER met4 = 382173 um.
Total wire length on LAYER met5 = 25736 um.
Total number of vias = 1055226.
Up-via summary (total 1055226):

--------------------------
 FR_MASTERSLICE          0
            li1     445035
           met1     535342
           met2      61369
           met3      12785
           met4        695
--------------------------
               1055226


[INFO DRT-0195] Start 1st optimization iteration.
    Completing 10% with 253 violations.
    elapsed time = 00:00:07, memory = 4996.83 (MB).
    Completing 20% with 253 violations.
    elapsed time = 00:00:15, memory = 3890.98 (MB).
    Completing 30% with 200 violations.
    elapsed time = 00:00:27, memory = 4934.95 (MB).
    Completing 40% with 200 violations.
    elapsed time = 00:00:35, memory = 4205.28 (MB).
    Completing 50% with 200 violations.
    elapsed time = 00:00:42, memory = 2997.31 (MB).
    Completing 60% with 168 violations.
    elapsed time = 00:00:54, memory = 4720.20 (MB).
    Completing 70% with 168 violations.
    elapsed time = 00:01:02, memory = 4043.98 (MB).
    Completing 80% with 114 violations.
    elapsed time = 00:01:14, memory = 4437.50 (MB).
    Completing 90% with 114 violations.
    elapsed time = 00:01:21, memory = 3987.34 (MB).
    Completing 100% with 93 violations.
    elapsed time = 00:01:33, memory = 4696.52 (MB).
[INFO DRT-0199]   Number of violations = 93.
Viol/Layer        met1   met2   met3   met5
Metal Spacing       10     17      0      0
Short               22     31     11      2
[INFO DRT-0267] cpu time = 00:13:23, elapsed time = 00:01:33, memory = 4754.56 (MB), peak = 6572.52 (MB)
Total wire length = 6883622 um.
Total wire length on LAYER li1 = 0 um.
Total wire length on LAYER met1 = 2407898 um.
Total wire length on LAYER met2 = 2921882 um.
Total wire length on LAYER met3 = 1145869 um.
Total wire length on LAYER met4 = 382235 um.
Total wire length on LAYER met5 = 25736 um.
Total number of vias = 1055214.
Up-via summary (total 1055214):

--------------------------
 FR_MASTERSLICE          0
            li1     445036
           met1     535328
           met2      61367
           met3      12788
           met4        695
--------------------------
               1055214


[INFO DRT-0195] Start 2nd optimization iteration.
    Completing 10% with 93 violations.
    elapsed time = 00:00:00, memory = 4834.28 (MB).
    Completing 20% with 93 violations.
    elapsed time = 00:00:00, memory = 4834.86 (MB).
    Completing 30% with 90 violations.
    elapsed time = 00:00:01, memory = 4824.78 (MB).
    Completing 40% with 90 violations.
    elapsed time = 00:00:01, memory = 4824.81 (MB).
    Completing 50% with 90 violations.
    elapsed time = 00:00:01, memory = 4713.38 (MB).
    Completing 60% with 83 violations.
    elapsed time = 00:00:01, memory = 4708.38 (MB).
    Completing 70% with 83 violations.
    elapsed time = 00:00:01, memory = 4709.08 (MB).
    Completing 80% with 61 violations.
    elapsed time = 00:00:02, memory = 4699.84 (MB).
    Completing 90% with 61 violations.
    elapsed time = 00:00:02, memory = 4699.84 (MB).
    Completing 100% with 61 violations.
    elapsed time = 00:00:02, memory = 4699.88 (MB).
[INFO DRT-0199]   Number of violations = 61.
Viol/Layer        met1   met2   met3
Metal Spacing        3      8      4
Short                8     24     14
[INFO DRT-0267] cpu time = 00:00:11, elapsed time = 00:00:02, memory = 4743.89 (MB), peak = 6572.52 (MB)
Total wire length = 6883613 um.
Total wire length on LAYER li1 = 0 um.
Total wire length on LAYER met1 = 2407897 um.
Total wire length on LAYER met2 = 2921890 um.
Total wire length on LAYER met3 = 1145867 um.
Total wire length on LAYER met4 = 382233 um.
Total wire length on LAYER met5 = 25723 um.
Total number of vias = 1055216.
Up-via summary (total 1055216):

--------------------------
 FR_MASTERSLICE          0
            li1     445036
           met1     535332
           met2      61365
           met3      12788
           met4        695
--------------------------
               1055216


[INFO DRT-0195] Start 3rd guides tiles iteration.
    Completing 10% with 61 violations.
    elapsed time = 00:00:00, memory = 4803.11 (MB).
    Completing 20% with 61 violations.
    elapsed time = 00:00:00, memory = 4796.25 (MB).
    Completing 30% with 61 violations.
    elapsed time = 00:00:00, memory = 4782.73 (MB).
    Completing 40% with 61 violations.
    elapsed time = 00:00:00, memory = 4766.86 (MB).
    Completing 50% with 61 violations.
    elapsed time = 00:00:00, memory = 4709.48 (MB).
    Completing 60% with 61 violations.
    elapsed time = 00:00:01, memory = 4671.62 (MB).
    Completing 70% with 14 violations.
    elapsed time = 00:00:01, memory = 4672.17 (MB).
    Completing 80% with 14 violations.
    elapsed time = 00:00:01, memory = 4652.73 (MB).
    Completing 90% with 14 violations.
    elapsed time = 00:00:02, memory = 4652.77 (MB).
    Completing 100% with 0 violations.
    elapsed time = 00:00:02, memory = 4652.81 (MB).
[INFO DRT-0199]   Number of violations = 0.
[INFO DRT-0267] cpu time = 00:00:04, elapsed time = 00:00:02, memory = 4638.73 (MB), peak = 6572.52 (MB)
Total wire length = 6883603 um.
Total wire length on LAYER li1 = 0 um.
Total wire length on LAYER met1 = 2407813 um.
Total wire length on LAYER met2 = 2921650 um.
Total wire length on LAYER met3 = 1145839 um.
Total wire length on LAYER met4 = 382451 um.
Total wire length on LAYER met5 = 25848 um.
Total number of vias = 1055238.
Up-via summary (total 1055238):

--------------------------
 FR_MASTERSLICE          0
            li1     445037
           met1     535333
           met2      61378
           met3      12795
           met4        695
--------------------------
               1055238


[INFO DRT-0198] Complete detail routing.
Total wire length = 6883603 um.
Total wire length on LAYER li1 = 0 um.
Total wire length on LAYER met1 = 2407813 um.
Total wire length on LAYER met2 = 2921650 um.
Total wire length on LAYER met3 = 1145839 um.
Total wire length on LAYER met4 = 382451 um.
Total wire length on LAYER met5 = 25848 um.
Total number of vias = 1055238.
Up-via summary (total 1055238):

--------------------------
 FR_MASTERSLICE          0
            li1     445037
           met1     535333
           met2      61378
           met3      12795
           met4        695
--------------------------
               1055238


[INFO DRT-0267] cpu time = 00:27:14, elapsed time = 00:03:13, memory = 4518.17 (MB), peak = 6572.52 (MB)

[INFO DRT-0180] Post processing.
[INFO DRT-0501] Runtime: 433.57s
[INFO ANT-0002] Found 3 net violations.
[INFO ANT-0001] Found 5 pin violations.
[INFO GRT-0012] Found 3 antenna violations.
[INFO DPL-0006] Core area: 3527558.21 um^2
[INFO DPL-0007] Movable instances area: 52.55 um^2
[INFO DPL-0008] Fixed instances area within core: 1749604.26 um^2
[INFO DPL-0009] Utilization: 49.6%
[INFO DPL-0005] Diamond search max displacement: +/- 500 sites horizontally, +/- 100 rows vertically.
[INFO DPL-1102] Legalizing using negotiation legalizer.
[INFO DPL-1103] Negotiation base search window: +/-20 sites horizontally, +/-5 rows vertically 
	Automatic search window extension enabled.
	Search window extendable up to the max displacement cap of +/-500 sites, +/-100 rows near walls.
[INFO DPL-1104] NegotiationLegalizer DRC penalty: 5.
[INFO DPL-0392] Negotiation cell height distribution (1 unique row-count(s)):
[INFO DPL-0393]   height 1 row(s): 171592 cells
          |      Total |  Illegal |  Illegal
Iteration | Violations |    Cells |    Sites
---------------------------------------------
        0 |          0 |         0 |         0
Negotiation phase 1 converged at iteration 0.
[INFO DPL-0500] Runtime: 0.69s
[INFO GRT-0015] Inserted 24 diodes.
[INFO DRT-0018]   Complete 100000 insts.
[INFO DRT-0024]   Complete FR_MASTERSLICE.
[INFO DRT-0024]   Complete Fr_VIA.
[INFO DRT-0024]   Complete li1.
[INFO DRT-0024]   Complete mcon.
[INFO DRT-0024]   Complete met1.
[INFO DRT-0024]   Complete via.
[INFO DRT-0024]   Complete met2.
[INFO DRT-0024]   Complete via2.
[INFO DRT-0024]   Complete met3.
[INFO DRT-0024]   Complete via3.
[INFO DRT-0024]   Complete met4.
[INFO DRT-0024]   Complete via4.
[INFO DRT-0024]   Complete met5.
[INFO DRT-0165] Start pin access.
[INFO DRT-0076]   Complete 1000 pins.
[INFO DRT-0076]   Complete 2000 pins.
[INFO DRT-0076]   Complete 3000 pins.
[INFO DRT-0078]   Complete 3392 pins.
[INFO DRT-0079]   Complete 100 unique inst patterns.
[INFO DRT-0079]   Complete 200 unique inst patterns.
[INFO DRT-0079]   Complete 300 unique inst patterns.
[INFO DRT-0079]   Complete 400 unique inst patterns.
[INFO DRT-0081]   Complete 411 unique inst patterns.
[INFO DRT-0082]   Complete 10000 groups.
[INFO DRT-0082]   Complete 20000 groups.
[INFO DRT-0082]   Complete 30000 groups.
[INFO DRT-0082]   Complete 40000 groups.
[INFO DRT-0082]   Complete 50000 groups.
[INFO DRT-0082]   Complete 60000 groups.
[INFO DRT-0082]   Complete 70000 groups.
[INFO DRT-0082]   Complete 80000 groups.
[INFO DRT-0082]   Complete 90000 groups.
[INFO DRT-0084]   Complete 93080 groups.
#scanned instances     = 171592
#unique  instances     = 411
#stdCellGenAp          = 14013
#stdCellValidPlanarAp  = 150
#stdCellValidViaAp     = 9959
#stdCellPinNoAp        = 10
#stdCellPinCnt         = 442910
#instTermValidViaApCnt = 0
#macroGenAp            = 0
#macroValidPlanarAp    = 0
#macroValidViaAp       = 0
#macroNoAp             = 0
[INFO DRT-0166] Complete pin access.
[INFO DRT-0267] cpu time = 00:39:02, elapsed time = 00:03:41, memory = 2163.50 (MB), peak = 6572.52 (MB)
[INFO DRT-0156] guideIn read 100000 guides.
[INFO DRT-0156] guideIn read 200000 guides.
[INFO DRT-0156] guideIn read 300000 guides.
[INFO DRT-0156] guideIn read 400000 guides.
[INFO DRT-0156] guideIn read 500000 guides.
[INFO DRT-0156] guideIn read 600000 guides.
[INFO DRT-0156] guideIn read 700000 guides.
[INFO DRT-0156] guideIn read 800000 guides.
[INFO DRT-0156] guideIn read 900000 guides.
[INFO DRT-0156] guideIn read 1000000 guides.

[INFO DRT-0157] Number of guides:     1172954

[INFO DRT-0169] Post process guides.
[INFO DRT-0176] GCELLGRID X 0 DO 275 STEP 6900 ;
[INFO DRT-0177] GCELLGRID Y 0 DO 275 STEP 6900 ;
[INFO DRT-0026]   Complete 100000 origin guides.
[INFO DRT-0026]   Complete 200000 origin guides.
[INFO DRT-0026]   Complete 300000 origin guides.
[INFO DRT-0026]   Complete 400000 origin guides.
[INFO DRT-0026]   Complete 500000 origin guides.
[INFO DRT-0026]   Complete 600000 origin guides.
[INFO DRT-0026]   Complete 700000 origin guides.
[INFO DRT-0026]   Complete 800000 origin guides.
[INFO DRT-0026]   Complete 900000 origin guides.
[INFO DRT-0027]   Complete 1000000 origin guides.
[INFO DRT-0028]   Complete FR_MASTERSLICE.
[INFO DRT-0028]   Complete Fr_VIA.
[INFO DRT-0028]   Complete li1.
[INFO DRT-0028]   Complete mcon.
[INFO DRT-0028]   Complete met1.
[INFO DRT-0028]   Complete via.
[INFO DRT-0028]   Complete met2.
[INFO DRT-0028]   Complete via2.
[INFO DRT-0028]   Complete met3.
[INFO DRT-0028]   Complete via3.
[INFO DRT-0028]   Complete met4.
[INFO DRT-0028]   Complete via4.
[INFO DRT-0028]   Complete met5.
  complete 100000 nets.
[INFO DRT-0178] Init guide query.
[INFO DRT-0029]   Complete 100000 nets (guide).
[INFO DRT-0035]   Complete FR_MASTERSLICE (guide).
[INFO DRT-0035]   Complete Fr_VIA (guide).
[INFO DRT-0035]   Complete li1 (guide).
[INFO DRT-0035]   Complete mcon (guide).
[INFO DRT-0035]   Complete met1 (guide).
[INFO DRT-0035]   Complete via (guide).
[INFO DRT-0035]   Complete met2 (guide).
[INFO DRT-0035]   Complete via2 (guide).
[INFO DRT-0035]   Complete met3 (guide).
[INFO DRT-0035]   Complete via3 (guide).
[INFO DRT-0035]   Complete met4 (guide).
[INFO DRT-0035]   Complete via4 (guide).
[INFO DRT-0035]   Complete met5 (guide).
[INFO DRT-0036] FR_MASTERSLICE guide region query size = 0.
[INFO DRT-0036] FR_VIA guide region query size = 0.
[INFO DRT-0036] li1 guide region query size = 376639.
[INFO DRT-0036] mcon guide region query size = 0.
[INFO DRT-0036] met1 guide region query size = 343696.
[INFO DRT-0036] via guide region query size = 0.
[INFO DRT-0036] met2 guide region query size = 198112.
[INFO DRT-0036] via2 guide region query size = 0.
[INFO DRT-0036] met3 guide region query size = 27616.
[INFO DRT-0036] via3 guide region query size = 0.
[INFO DRT-0036] met4 guide region query size = 7676.
[INFO DRT-0036] via4 guide region query size = 0.
[INFO DRT-0036] met5 guide region query size = 390.
[INFO DRT-0179] Init gr pin query.
[INFO DRT-0267] cpu time = 00:00:04, elapsed time = 00:00:01, memory = 2192.20 (MB), peak = 6572.52 (MB)
[INFO DRT-0245] skipped writing guide updates to database.
[INFO DRT-0181] Start track assignment.
[INFO DRT-0184] Done with 582427 vertical wires in 6 frboxes and 371702 horizontal wires in 6 frboxes.
[INFO DRT-0186] Done with 69421 vertical wires in 6 frboxes and 113320 horizontal wires in 6 frboxes.
[INFO DRT-0182] Complete track assignment.
[INFO DRT-0267] cpu time = 00:00:57, elapsed time = 00:00:12, memory = 3410.70 (MB), peak = 6572.52 (MB)
[INFO DRT-0187] Start routing data preparation.
[INFO DRT-0267] cpu time = 00:00:00, elapsed time = 00:00:00, memory = 3772.97 (MB), peak = 6572.52 (MB)
[INFO DRT-0194] Start detail routing.
[INFO DRT-0195] Start 0th optimization iteration.
    Completing 10% with 0 violations.
    elapsed time = 00:00:08, memory = 4004.08 (MB).
    Completing 20% with 0 violations.
    elapsed time = 00:00:15, memory = 3255.36 (MB).
    Completing 30% with 77 violations.
    elapsed time = 00:00:28, memory = 4849.09 (MB).
    Completing 40% with 77 violations.
    elapsed time = 00:00:36, memory = 4492.30 (MB).
    Completing 50% with 77 violations.
    elapsed time = 00:00:43, memory = 3258.17 (MB).
    Completing 60% with 165 violations.
    elapsed time = 00:00:55, memory = 4611.02 (MB).
    Completing 70% with 165 violations.
    elapsed time = 00:01:03, memory = 3487.31 (MB).
    Completing 80% with 264 violations.
    elapsed time = 00:01:15, memory = 4668.09 (MB).
    Completing 90% with 264 violations.
    elapsed time = 00:01:22, memory = 4420.58 (MB).
    Completing 100% with 340 violations.
    elapsed time = 00:01:35, memory = 4189.03 (MB).
[INFO DRT-0199]   Number of violations = 413.
Viol/Layer        met1   met2   met3   met4   met5
Metal Spacing        9     24     18      2      0
Recheck             17     29     21      5      1
Short               99    133     48      3      4
[INFO DRT-0267] cpu time = 00:13:36, elapsed time = 00:01:35, memory = 4256.34 (MB), peak = 6572.52 (MB)
Total wire length = 6883770 um.
Total wire length on LAYER li1 = 0 um.
Total wire length on LAYER met1 = 2408271 um.
Total wire length on LAYER met2 = 2921925 um.
Total wire length on LAYER met3 = 1145793 um.
Total wire length on LAYER met4 = 382255 um.
Total wire length on LAYER met5 = 25524 um.
Total number of vias = 1055278.
Up-via summary (total 1055278):

--------------------------
 FR_MASTERSLICE          0
            li1     445066
           met1     535377
           met2      61358
           met3      12784
           met4        693
--------------------------
               1055278


[INFO DRT-0195] Start 1st optimization iteration.
    Completing 10% with 413 violations.
    elapsed time = 00:00:08, memory = 3671.61 (MB).
    Completing 20% with 413 violations.
    elapsed time = 00:00:15, memory = 2989.09 (MB).
    Completing 30% with 317 violations.
    elapsed time = 00:00:29, memory = 3881.34 (MB).
    Completing 40% with 317 violations.
    elapsed time = 00:00:37, memory = 3913.19 (MB).
    Completing 50% with 317 violations.
    elapsed time = 00:00:44, memory = 2383.70 (MB).
    Completing 60% with 244 violations.
    elapsed time = 00:00:57, memory = 4516.34 (MB).
    Completing 70% with 244 violations.
    elapsed time = 00:01:05, memory = 4126.95 (MB).
    Completing 80% with 137 violations.
    elapsed time = 00:01:17, memory = 4957.94 (MB).
    Completing 90% with 137 violations.
    elapsed time = 00:01:24, memory = 4494.14 (MB).
    Completing 100% with 102 violations.
    elapsed time = 00:01:37, memory = 4677.77 (MB).
[INFO DRT-0199]   Number of violations = 102.
Viol/Layer        met1   met2   met3   met5
Metal Spacing       11      4      6      0
Short               35     32     13      1
[INFO DRT-0267] cpu time = 00:13:30, elapsed time = 00:01:38, memory = 4813.23 (MB), peak = 6572.52 (MB)
Total wire length = 6883709 um.
Total wire length on LAYER li1 = 0 um.
Total wire length on LAYER met1 = 2408263 um.
Total wire length on LAYER met2 = 2921880 um.
Total wire length on LAYER met3 = 1145788 um.
Total wire length on LAYER met4 = 382249 um.
Total wire length on LAYER met5 = 25527 um.
Total number of vias = 1055254.
Up-via summary (total 1055254):

--------------------------
 FR_MASTERSLICE          0
            li1     445064
           met1     535348
           met2      61364
           met3      12785
           met4        693
--------------------------
               1055254


[INFO DRT-0195] Start 2nd optimization iteration.
    Completing 10% with 102 violations.
    elapsed time = 00:00:00, memory = 4980.14 (MB).
    Completing 20% with 102 violations.
    elapsed time = 00:00:00, memory = 4980.84 (MB).
    Completing 30% with 98 violations.
    elapsed time = 00:00:00, memory = 5064.77 (MB).
    Completing 40% with 98 violations.
    elapsed time = 00:00:00, memory = 5064.06 (MB).
    Completing 50% with 98 violations.
    elapsed time = 00:00:01, memory = 4628.70 (MB).
    Completing 60% with 97 violations.
    elapsed time = 00:00:01, memory = 4628.88 (MB).
    Completing 70% with 97 violations.
    elapsed time = 00:00:01, memory = 4633.23 (MB).
    Completing 80% with 69 violations.
    elapsed time = 00:00:03, memory = 4530.58 (MB).
    Completing 90% with 69 violations.
    elapsed time = 00:00:03, memory = 4530.58 (MB).
    Completing 100% with 60 violations.
    elapsed time = 00:00:03, memory = 4510.44 (MB).
[INFO DRT-0199]   Number of violations = 60.
Viol/Layer        met1   met2   met3
Metal Spacing        3      4      7
Short               13     22     11
[INFO DRT-0267] cpu time = 00:00:17, elapsed time = 00:00:03, memory = 4539.31 (MB), peak = 6572.52 (MB)
Total wire length = 6883694 um.
Total wire length on LAYER li1 = 0 um.
Total wire length on LAYER met1 = 2408258 um.
Total wire length on LAYER met2 = 2921888 um.
Total wire length on LAYER met3 = 1145782 um.
Total wire length on LAYER met4 = 382244 um.
Total wire length on LAYER met5 = 25520 um.
Total number of vias = 1055241.
Up-via summary (total 1055241):

--------------------------
 FR_MASTERSLICE          0
            li1     445064
           met1     535340
           met2      61361
           met3      12783
           met4        693
--------------------------
               1055241


[INFO DRT-0195] Start 3rd guides tiles iteration.
    Completing 10% with 60 violations.
    elapsed time = 00:00:00, memory = 4581.34 (MB).
    Completing 20% with 60 violations.
    elapsed time = 00:00:00, memory = 4575.34 (MB).
    Completing 30% with 60 violations.
    elapsed time = 00:00:00, memory = 4427.23 (MB).
    Completing 40% with 60 violations.
    elapsed time = 00:00:00, memory = 4427.31 (MB).
    Completing 50% with 60 violations.
    elapsed time = 00:00:06, memory = 3968.06 (MB).
    Completing 60% with 29 violations.
    elapsed time = 00:00:07, memory = 3968.50 (MB).
    Completing 70% with 29 violations.
    elapsed time = 00:00:07, memory = 4115.27 (MB).
    Completing 80% with 29 violations.
    elapsed time = 00:00:07, memory = 4117.62 (MB).
    Completing 90% with 5 violations.
    elapsed time = 00:00:09, memory = 4059.89 (MB).
    Completing 100% with 2 violations.
    elapsed time = 00:00:09, memory = 4060.73 (MB).
[INFO DRT-0199]   Number of violations = 2.
Viol/Layer        met1
Short                2
[INFO DRT-0267] cpu time = 00:00:15, elapsed time = 00:00:09, memory = 4076.30 (MB), peak = 6572.52 (MB)
Total wire length = 6883614 um.
Total wire length on LAYER li1 = 0 um.
Total wire length on LAYER met1 = 2407804 um.
Total wire length on LAYER met2 = 2921023 um.
Total wire length on LAYER met3 = 1145402 um.
Total wire length on LAYER met4 = 383068 um.
Total wire length on LAYER met5 = 26316 um.
Total number of vias = 1055256.
Up-via summary (total 1055256):

--------------------------
 FR_MASTERSLICE          0
            li1     445063
           met1     535319
           met2      61376
           met3      12803
           met4        695
--------------------------
               1055256


[INFO DRT-0195] Start 4th guides tiles iteration.
    Completing 50% with 2 violations.
    elapsed time = 00:00:00, memory = 4076.91 (MB).
    Completing 100% with 0 violations.
    elapsed time = 00:00:00, memory = 4075.33 (MB).
[INFO DRT-0199]   Number of violations = 0.
[INFO DRT-0267] cpu time = 00:00:00, elapsed time = 00:00:00, memory = 4056.95 (MB), peak = 6572.52 (MB)
Total wire length = 6883614 um.
Total wire length on LAYER li1 = 0 um.
Total wire length on LAYER met1 = 2407780 um.
Total wire length on LAYER met2 = 2921025 um.
Total wire length on LAYER met3 = 1145423 um.
Total wire length on LAYER met4 = 383068 um.
Total wire length on LAYER met5 = 26316 um.
Total number of vias = 1055259.
Up-via summary (total 1055259):

--------------------------
 FR_MASTERSLICE          0
            li1     445063
           met1     535320
           met2      61378
           met3      12803
           met4        695
--------------------------
               1055259


[INFO DRT-0198] Complete detail routing.
Total wire length = 6883614 um.
Total wire length on LAYER li1 = 0 um.
Total wire length on LAYER met1 = 2407780 um.
Total wire length on LAYER met2 = 2921025 um.
Total wire length on LAYER met3 = 1145423 um.
Total wire length on LAYER met4 = 383068 um.
Total wire length on LAYER met5 = 26316 um.
Total number of vias = 1055259.
Up-via summary (total 1055259):

--------------------------
 FR_MASTERSLICE          0
            li1     445063
           met1     535320
           met2      61378
           met3      12803
           met4        695
--------------------------
               1055259


[INFO DRT-0267] cpu time = 00:27:42, elapsed time = 00:03:27, memory = 4057.12 (MB), peak = 6572.52 (MB)

[INFO DRT-0180] Post processing.
[INFO DRT-0501] Runtime: 448.73s
[INFO ANT-0002] Found 0 net violations.
[INFO ANT-0001] Found 0 pin violations.
[INFO ANT-0002] Found 0 net violations.
[INFO ANT-0001] Found 0 pin violations.
Design area 1749657 um^2 50% utilization.
write_db /Users/shubhanshu/Desktop/Nebula/digital/artifacts/model_ppa_v3/pnr_v3_baseline/results/sky130hd/nebula_bench_v2/v3_baseline/5_2_route.odb
Elapsed time: 2:04:44.33[h:]min:sec. CPU time: user 43620.42 sys 713.18 (592%). Peak memory: 6730256KB.
Log                       Ext     Elapsed/s Peak Memory/MB sha1sum result [0:20)
5_2_route                 .odb         7484           6572 14df0df80f9f731bbc69
