
 /----------------------------------------------------------------------------\
 |  yosys -- Yosys Open SYnthesis Suite                                       |
 |  Copyright (C) 2012 - 2026  Claire Xenia Wolf <claire@yosyshq.com>         |
 |  Distributed under an ISC-like license, type "license" to see terms        |
 \----------------------------------------------------------------------------/
 Yosys 0.67+135 (git sha1 ac5910309-dirty, Release, Clang /usr/local/osxcross/target/bin/aarch64-apple-darwin25.5-clang++ 21.1.8)

-- Executing script file `/var/folders/td/fl3qdd2s7z7bh32xsr0pklr00000gn/T/nebula-reset-eqy-kb5q_7u3/axi_lite_dma_config.positive.ys' --

1. Executing Verilog-2005 frontend: /Users/shubhanshu/Desktop/Nebula/digital/bench/rtl/alu.v
Parsing Verilog input from `/Users/shubhanshu/Desktop/Nebula/digital/bench/rtl/alu.v' to AST representation.
Generating RTLIL representation for module `\alu'.
Successfully finished Verilog frontend.

2. Executing Verilog-2005 frontend: /Users/shubhanshu/Desktop/Nebula/digital/bench/rtl/alu_src_a_mux.v
Parsing Verilog input from `/Users/shubhanshu/Desktop/Nebula/digital/bench/rtl/alu_src_a_mux.v' to AST representation.
Generating RTLIL representation for module `\alu_src_a_mux'.
Successfully finished Verilog frontend.

3. Executing Verilog-2005 frontend: /Users/shubhanshu/Desktop/Nebula/digital/bench/rtl/alu_src_b_mux.v
Parsing Verilog input from `/Users/shubhanshu/Desktop/Nebula/digital/bench/rtl/alu_src_b_mux.v' to AST representation.
Generating RTLIL representation for module `\alu_src_b_mux'.
Successfully finished Verilog frontend.

4. Executing Verilog-2005 frontend: /Users/shubhanshu/Desktop/Nebula/digital/bench/rtl/arbiter.v
Parsing Verilog input from `/Users/shubhanshu/Desktop/Nebula/digital/bench/rtl/arbiter.v' to AST representation.
Generating RTLIL representation for module `\arbiter'.
Successfully finished Verilog frontend.

5. Executing Verilog-2005 frontend: /Users/shubhanshu/Desktop/Nebula/digital/bench/rtl/asynchronous_fifo_gen.v
Parsing Verilog input from `/Users/shubhanshu/Desktop/Nebula/digital/bench/rtl/asynchronous_fifo_gen.v' to AST representation.
Generating RTLIL representation for module `\asynchronous_fifo_gen'.
Successfully finished Verilog frontend.

6. Executing Verilog-2005 frontend: /Users/shubhanshu/Desktop/Nebula/digital/bench/rtl/axi_interconnect_2m_8s.v
Parsing Verilog input from `/Users/shubhanshu/Desktop/Nebula/digital/bench/rtl/axi_interconnect_2m_8s.v' to AST representation.
Generating RTLIL representation for module `\axi_interconnect_2m_8s'.
Successfully finished Verilog frontend.

7. Executing Verilog-2005 frontend: /Users/shubhanshu/Desktop/Nebula/digital/bench/rtl/axi_lite_dma_config.v
Parsing Verilog input from `/Users/shubhanshu/Desktop/Nebula/digital/bench/rtl/axi_lite_dma_config.v' to AST representation.
Generating RTLIL representation for module `\axi_lite_dma_config'.
Successfully finished Verilog frontend.

8. Executing Verilog-2005 frontend: /Users/shubhanshu/Desktop/Nebula/digital/bench/rtl/axi_lite_dot.v
Parsing Verilog input from `/Users/shubhanshu/Desktop/Nebula/digital/bench/rtl/axi_lite_dot.v' to AST representation.
Generating RTLIL representation for module `\axi_lite_dot'.
Successfully finished Verilog frontend.

9. Executing Verilog-2005 frontend: /Users/shubhanshu/Desktop/Nebula/digital/bench/rtl/axi_lite_gpio.v
Parsing Verilog input from `/Users/shubhanshu/Desktop/Nebula/digital/bench/rtl/axi_lite_gpio.v' to AST representation.
Generating RTLIL representation for module `\axi_lite_gpio'.
Successfully finished Verilog frontend.

10. Executing Verilog-2005 frontend: /Users/shubhanshu/Desktop/Nebula/digital/bench/rtl/axi_lite_master.v
Parsing Verilog input from `/Users/shubhanshu/Desktop/Nebula/digital/bench/rtl/axi_lite_master.v' to AST representation.
Generating RTLIL representation for module `\axi_lite_master'.
Successfully finished Verilog frontend.

11. Executing Verilog-2005 frontend: /Users/shubhanshu/Desktop/Nebula/digital/bench/rtl/axi_lite_timer.v
Parsing Verilog input from `/Users/shubhanshu/Desktop/Nebula/digital/bench/rtl/axi_lite_timer.v' to AST representation.
Generating RTLIL representation for module `\axi_lite_timer'.
Successfully finished Verilog frontend.

12. Executing Verilog-2005 frontend: /Users/shubhanshu/Desktop/Nebula/digital/bench/rtl/axi_lite_uart.v
Parsing Verilog input from `/Users/shubhanshu/Desktop/Nebula/digital/bench/rtl/axi_lite_uart.v' to AST representation.
Generating RTLIL representation for module `\axi_lite_uart'.
Successfully finished Verilog frontend.

13. Executing Verilog-2005 frontend: /Users/shubhanshu/Desktop/Nebula/digital/bench/rtl/branch_comp_decoder.v
Parsing Verilog input from `/Users/shubhanshu/Desktop/Nebula/digital/bench/rtl/branch_comp_decoder.v' to AST representation.
Generating RTLIL representation for module `\branch_comp_decoder'.
Successfully finished Verilog frontend.

14. Executing Verilog-2005 frontend: /Users/shubhanshu/Desktop/Nebula/digital/bench/rtl/branch_comprator.v
Parsing Verilog input from `/Users/shubhanshu/Desktop/Nebula/digital/bench/rtl/branch_comprator.v' to AST representation.
Generating RTLIL representation for module `\branch_comprator'.
Successfully finished Verilog frontend.

15. Executing Verilog-2005 frontend: /Users/shubhanshu/Desktop/Nebula/digital/bench/rtl/branch_predictor.v
Parsing Verilog input from `/Users/shubhanshu/Desktop/Nebula/digital/bench/rtl/branch_predictor.v' to AST representation.
Generating RTLIL representation for module `\branch_predictor'.
Successfully finished Verilog frontend.

16. Executing Verilog-2005 frontend: /Users/shubhanshu/Desktop/Nebula/digital/bench/rtl/clk_div_mux.v
Parsing Verilog input from `/Users/shubhanshu/Desktop/Nebula/digital/bench/rtl/clk_div_mux.v' to AST representation.
Generating RTLIL representation for module `\clk_div_mux'.
Successfully finished Verilog frontend.

17. Executing Verilog-2005 frontend: /Users/shubhanshu/Desktop/Nebula/digital/bench/rtl/clk_gate.v
Parsing Verilog input from `/Users/shubhanshu/Desktop/Nebula/digital/bench/rtl/clk_gate.v' to AST representation.
Generating RTLIL representation for module `\clk_gate'.
Successfully finished Verilog frontend.

18. Executing Verilog-2005 frontend: /Users/shubhanshu/Desktop/Nebula/digital/bench/rtl/control_unit.v
Parsing Verilog input from `/Users/shubhanshu/Desktop/Nebula/digital/bench/rtl/control_unit.v' to AST representation.
Generating RTLIL representation for module `\control_unit'.
Successfully finished Verilog frontend.

19. Executing Verilog-2005 frontend: /Users/shubhanshu/Desktop/Nebula/digital/bench/rtl/csr_regfile.v
Parsing Verilog input from `/Users/shubhanshu/Desktop/Nebula/digital/bench/rtl/csr_regfile.v' to AST representation.
Generating RTLIL representation for module `\csr_regfile'.
Successfully finished Verilog frontend.

20. Executing Verilog-2005 frontend: /Users/shubhanshu/Desktop/Nebula/digital/bench/rtl/data_clipper.v
Parsing Verilog input from `/Users/shubhanshu/Desktop/Nebula/digital/bench/rtl/data_clipper.v' to AST representation.
Generating RTLIL representation for module `\data_clipper'.
Successfully finished Verilog frontend.

21. Executing Verilog-2005 frontend: /Users/shubhanshu/Desktop/Nebula/digital/bench/rtl/data_extender.v
Parsing Verilog input from `/Users/shubhanshu/Desktop/Nebula/digital/bench/rtl/data_extender.v' to AST representation.
Generating RTLIL representation for module `\data_extender'.
Successfully finished Verilog frontend.

22. Executing Verilog-2005 frontend: /Users/shubhanshu/Desktop/Nebula/digital/bench/rtl/data_forwarding_unit.v
Parsing Verilog input from `/Users/shubhanshu/Desktop/Nebula/digital/bench/rtl/data_forwarding_unit.v' to AST representation.
Generating RTLIL representation for module `\data_forwarding_unit'.
Successfully finished Verilog frontend.

23. Executing Verilog-2005 frontend: /Users/shubhanshu/Desktop/Nebula/digital/bench/rtl/dma_controller.v
Parsing Verilog input from `/Users/shubhanshu/Desktop/Nebula/digital/bench/rtl/dma_controller.v' to AST representation.
Generating RTLIL representation for module `\dma_controller'.
Successfully finished Verilog frontend.

24. Executing Verilog-2005 frontend: /Users/shubhanshu/Desktop/Nebula/digital/bench/rtl/dmem.v
Parsing Verilog input from `/Users/shubhanshu/Desktop/Nebula/digital/bench/rtl/dmem.v' to AST representation.
Generating RTLIL representation for module `\dmem'.
Successfully finished Verilog frontend.

25. Executing Verilog-2005 frontend: /Users/shubhanshu/Desktop/Nebula/digital/bench/rtl/execution_stage.v
Parsing Verilog input from `/Users/shubhanshu/Desktop/Nebula/digital/bench/rtl/execution_stage.v' to AST representation.
Generating RTLIL representation for module `\execution_stage'.
Successfully finished Verilog frontend.

26. Executing Verilog-2005 frontend: /Users/shubhanshu/Desktop/Nebula/digital/bench/rtl/fp4_dot_unit.v
Parsing Verilog input from `/Users/shubhanshu/Desktop/Nebula/digital/bench/rtl/fp4_dot_unit.v' to AST representation.
Generating RTLIL representation for module `\fp4_dot_unit'.
Successfully finished Verilog frontend.

27. Executing Verilog-2005 frontend: /Users/shubhanshu/Desktop/Nebula/digital/bench/rtl/fp4_mul.v
Parsing Verilog input from `/Users/shubhanshu/Desktop/Nebula/digital/bench/rtl/fp4_mul.v' to AST representation.
Generating RTLIL representation for module `\fp4_mul'.
Successfully finished Verilog frontend.

28. Executing Verilog-2005 frontend: /Users/shubhanshu/Desktop/Nebula/digital/bench/rtl/fp8_adder.v
Parsing Verilog input from `/Users/shubhanshu/Desktop/Nebula/digital/bench/rtl/fp8_adder.v' to AST representation.
Generating RTLIL representation for module `\fp8_adder'.
Successfully finished Verilog frontend.

29. Executing Verilog-2005 frontend: /Users/shubhanshu/Desktop/Nebula/digital/bench/rtl/gpio_controller.v
Parsing Verilog input from `/Users/shubhanshu/Desktop/Nebula/digital/bench/rtl/gpio_controller.v' to AST representation.
Generating RTLIL representation for module `\gpio_controller'.
Successfully finished Verilog frontend.

30. Executing Verilog-2005 frontend: /Users/shubhanshu/Desktop/Nebula/digital/bench/rtl/hazard_detection_unit.v
Parsing Verilog input from `/Users/shubhanshu/Desktop/Nebula/digital/bench/rtl/hazard_detection_unit.v' to AST representation.
Generating RTLIL representation for module `\hazard_detection_unit'.
Successfully finished Verilog frontend.

31. Executing Verilog-2005 frontend: /Users/shubhanshu/Desktop/Nebula/digital/bench/rtl/i_rom_32x256.v
Parsing Verilog input from `/Users/shubhanshu/Desktop/Nebula/digital/bench/rtl/i_rom_32x256.v' to AST representation.
Generating RTLIL representation for module `\i_rom_32x256'.
Successfully finished Verilog frontend.

32. Executing Verilog-2005 frontend: /Users/shubhanshu/Desktop/Nebula/digital/bench/rtl/id_memory_256x64_wrap.v
Parsing Verilog input from `/Users/shubhanshu/Desktop/Nebula/digital/bench/rtl/id_memory_256x64_wrap.v' to AST representation.
Generating RTLIL representation for module `\id_memory_256x64_wrap'.
Successfully finished Verilog frontend.

33. Executing Verilog-2005 frontend: /Users/shubhanshu/Desktop/Nebula/digital/bench/rtl/immediate_generator.v
Parsing Verilog input from `/Users/shubhanshu/Desktop/Nebula/digital/bench/rtl/immediate_generator.v' to AST representation.
Generating RTLIL representation for module `\immediate_generator'.
Successfully finished Verilog frontend.

34. Executing Verilog-2005 frontend: /Users/shubhanshu/Desktop/Nebula/digital/bench/rtl/instruction_decode_stage.v
Parsing Verilog input from `/Users/shubhanshu/Desktop/Nebula/digital/bench/rtl/instruction_decode_stage.v' to AST representation.
Generating RTLIL representation for module `\instruction_decode_stage'.
Successfully finished Verilog frontend.

35. Executing Verilog-2005 frontend: /Users/shubhanshu/Desktop/Nebula/digital/bench/rtl/instruction_fetch_stage.v
Parsing Verilog input from `/Users/shubhanshu/Desktop/Nebula/digital/bench/rtl/instruction_fetch_stage.v' to AST representation.
Generating RTLIL representation for module `\instruction_fetch_stage'.
Successfully finished Verilog frontend.

36. Executing Verilog-2005 frontend: /Users/shubhanshu/Desktop/Nebula/digital/bench/rtl/interrupt_control_unit.v
Parsing Verilog input from `/Users/shubhanshu/Desktop/Nebula/digital/bench/rtl/interrupt_control_unit.v' to AST representation.
Generating RTLIL representation for module `\interrupt_control_unit'.
Successfully finished Verilog frontend.

37. Executing Verilog-2005 frontend: /Users/shubhanshu/Desktop/Nebula/digital/bench/rtl/l1_cache_axi_master.v
Parsing Verilog input from `/Users/shubhanshu/Desktop/Nebula/digital/bench/rtl/l1_cache_axi_master.v' to AST representation.
Generating RTLIL representation for module `\l1_cache_axi_master'.
Successfully finished Verilog frontend.

38. Executing Verilog-2005 frontend: /Users/shubhanshu/Desktop/Nebula/digital/bench/rtl/l1_d_cache_8kb.v
Parsing Verilog input from `/Users/shubhanshu/Desktop/Nebula/digital/bench/rtl/l1_d_cache_8kb.v' to AST representation.
Generating RTLIL representation for module `\l1_d_cache_8kb'.
Successfully finished Verilog frontend.

39. Executing Verilog-2005 frontend: /Users/shubhanshu/Desktop/Nebula/digital/bench/rtl/l1_i_cache_8kb.v
Parsing Verilog input from `/Users/shubhanshu/Desktop/Nebula/digital/bench/rtl/l1_i_cache_8kb.v' to AST representation.
Generating RTLIL representation for module `\l1_i_cache_8kb'.
Successfully finished Verilog frontend.

40. Executing Verilog-2005 frontend: /Users/shubhanshu/Desktop/Nebula/digital/bench/rtl/mem_axi_slave.v
Parsing Verilog input from `/Users/shubhanshu/Desktop/Nebula/digital/bench/rtl/mem_axi_slave.v' to AST representation.
Generating RTLIL representation for module `\mem_axi_slave'.
Successfully finished Verilog frontend.

41. Executing Verilog-2005 frontend: /Users/shubhanshu/Desktop/Nebula/digital/bench/rtl/memory_stage.v
Parsing Verilog input from `/Users/shubhanshu/Desktop/Nebula/digital/bench/rtl/memory_stage.v' to AST representation.
Generating RTLIL representation for module `\memory_stage'.
Successfully finished Verilog frontend.

42. Executing Verilog-2005 frontend: /Users/shubhanshu/Desktop/Nebula/digital/bench/rtl/multiplier_pipelined.v
Parsing Verilog input from `/Users/shubhanshu/Desktop/Nebula/digital/bench/rtl/multiplier_pipelined.v' to AST representation.
Generating RTLIL representation for module `\multiplier_pipelined'.
Successfully finished Verilog frontend.

43. Executing Verilog-2005 frontend: /Users/shubhanshu/Desktop/Nebula/digital/bench/rtl/pipeline_reg_ex_mem.v
Parsing Verilog input from `/Users/shubhanshu/Desktop/Nebula/digital/bench/rtl/pipeline_reg_ex_mem.v' to AST representation.
Generating RTLIL representation for module `\pipeline_reg_ex_mem'.
Successfully finished Verilog frontend.

44. Executing Verilog-2005 frontend: /Users/shubhanshu/Desktop/Nebula/digital/bench/rtl/pipeline_reg_id_ex.v
Parsing Verilog input from `/Users/shubhanshu/Desktop/Nebula/digital/bench/rtl/pipeline_reg_id_ex.v' to AST representation.
Generating RTLIL representation for module `\pipeline_reg_id_ex'.
Successfully finished Verilog frontend.

45. Executing Verilog-2005 frontend: /Users/shubhanshu/Desktop/Nebula/digital/bench/rtl/pipeline_reg_if_id.v
Parsing Verilog input from `/Users/shubhanshu/Desktop/Nebula/digital/bench/rtl/pipeline_reg_if_id.v' to AST representation.
Generating RTLIL representation for module `\pipeline_reg_if_id'.
Successfully finished Verilog frontend.

46. Executing Verilog-2005 frontend: /Users/shubhanshu/Desktop/Nebula/digital/bench/rtl/pipeline_reg_mem_wb.v
Parsing Verilog input from `/Users/shubhanshu/Desktop/Nebula/digital/bench/rtl/pipeline_reg_mem_wb.v' to AST representation.
Generating RTLIL representation for module `\pipeline_reg_mem_wb'.
Successfully finished Verilog frontend.

47. Executing Verilog-2005 frontend: /Users/shubhanshu/Desktop/Nebula/digital/bench/rtl/processor_top.v
Parsing Verilog input from `/Users/shubhanshu/Desktop/Nebula/digital/bench/rtl/processor_top.v' to AST representation.
Generating RTLIL representation for module `\processor_top'.
Successfully finished Verilog frontend.

48. Executing Verilog-2005 frontend: /Users/shubhanshu/Desktop/Nebula/digital/bench/rtl/read_buffer_d_cache.v
Parsing Verilog input from `/Users/shubhanshu/Desktop/Nebula/digital/bench/rtl/read_buffer_d_cache.v' to AST representation.
Generating RTLIL representation for module `\read_buffer_d_cache'.
Successfully finished Verilog frontend.

49. Executing Verilog-2005 frontend: /Users/shubhanshu/Desktop/Nebula/digital/bench/rtl/read_buffer_i_cache.v
Parsing Verilog input from `/Users/shubhanshu/Desktop/Nebula/digital/bench/rtl/read_buffer_i_cache.v' to AST representation.
Generating RTLIL representation for module `\read_buffer_i_cache'.
Warning: Replacing memory \buf_data with list of registers. See /Users/shubhanshu/Desktop/Nebula/digital/bench/rtl/read_buffer_i_cache.v:87
Successfully finished Verilog frontend.

50. Executing Verilog-2005 frontend: /Users/shubhanshu/Desktop/Nebula/digital/bench/rtl/register_file.v
Parsing Verilog input from `/Users/shubhanshu/Desktop/Nebula/digital/bench/rtl/register_file.v' to AST representation.
Generating RTLIL representation for module `\register_file'.
Successfully finished Verilog frontend.

51. Executing Verilog-2005 frontend: /Users/shubhanshu/Desktop/Nebula/digital/bench/rtl/soc_top.v
Parsing Verilog input from `/Users/shubhanshu/Desktop/Nebula/digital/bench/rtl/soc_top.v' to AST representation.
Generating RTLIL representation for module `\soc_top'.
Successfully finished Verilog frontend.

52. Executing Verilog-2005 frontend: /Users/shubhanshu/Desktop/Nebula/digital/bench/rtl/tag_memory_92x64_wrap.v
Parsing Verilog input from `/Users/shubhanshu/Desktop/Nebula/digital/bench/rtl/tag_memory_92x64_wrap.v' to AST representation.
Generating RTLIL representation for module `\tag_memory_92x64_wrap'.
Successfully finished Verilog frontend.

53. Executing Verilog-2005 frontend: /Users/shubhanshu/Desktop/Nebula/digital/bench/rtl/timer.v
Parsing Verilog input from `/Users/shubhanshu/Desktop/Nebula/digital/bench/rtl/timer.v' to AST representation.
Generating RTLIL representation for module `\timer'.
Successfully finished Verilog frontend.

54. Executing Verilog-2005 frontend: /Users/shubhanshu/Desktop/Nebula/digital/bench/rtl/uart_controller.v
Parsing Verilog input from `/Users/shubhanshu/Desktop/Nebula/digital/bench/rtl/uart_controller.v' to AST representation.
Generating RTLIL representation for module `\uart_controller'.
Successfully finished Verilog frontend.

55. Executing Verilog-2005 frontend: /Users/shubhanshu/Desktop/Nebula/digital/bench/rtl/write_back_stage.v
Parsing Verilog input from `/Users/shubhanshu/Desktop/Nebula/digital/bench/rtl/write_back_stage.v' to AST representation.
Generating RTLIL representation for module `\write_back_stage'.
Successfully finished Verilog frontend.

56. Executing PREP pass.

56.1. Executing HIERARCHY pass (managing design hierarchy).

56.1.1. Analyzing design hierarchy..
Top module:  \axi_lite_dma_config
Used module:     \dma_controller

56.1.2. Analyzing design hierarchy..
Top module:  \axi_lite_dma_config
Used module:     \dma_controller
Removing unused module `\write_back_stage'.
Removing unused module `\uart_controller'.
Removing unused module `\timer'.
Removing unused module `\tag_memory_92x64_wrap'.
Removing unused module `\soc_top'.
Removing unused module `\register_file'.
Removing unused module `\read_buffer_i_cache'.
Removing unused module `\read_buffer_d_cache'.
Removing unused module `\processor_top'.
Removing unused module `\pipeline_reg_mem_wb'.
Removing unused module `\pipeline_reg_if_id'.
Removing unused module `\pipeline_reg_id_ex'.
Removing unused module `\pipeline_reg_ex_mem'.
Removing unused module `\multiplier_pipelined'.
Removing unused module `\memory_stage'.
Removing unused module `\mem_axi_slave'.
Removing unused module `\l1_i_cache_8kb'.
Removing unused module `\l1_d_cache_8kb'.
Removing unused module `\l1_cache_axi_master'.
Removing unused module `\interrupt_control_unit'.
Removing unused module `\instruction_fetch_stage'.
Removing unused module `\instruction_decode_stage'.
Removing unused module `\immediate_generator'.
Removing unused module `\id_memory_256x64_wrap'.
Removing unused module `\i_rom_32x256'.
Removing unused module `\hazard_detection_unit'.
Removing unused module `\gpio_controller'.
Removing unused module `\fp8_adder'.
Removing unused module `\fp4_mul'.
Removing unused module `\fp4_dot_unit'.
Removing unused module `\execution_stage'.
Removing unused module `\dmem'.
Removing unused module `\data_forwarding_unit'.
Removing unused module `\data_extender'.
Removing unused module `\data_clipper'.
Removing unused module `\csr_regfile'.
Removing unused module `\control_unit'.
Removing unused module `\clk_gate'.
Removing unused module `\clk_div_mux'.
Removing unused module `\branch_predictor'.
Removing unused module `\branch_comprator'.
Removing unused module `\branch_comp_decoder'.
Removing unused module `\axi_lite_uart'.
Removing unused module `\axi_lite_timer'.
Removing unused module `\axi_lite_master'.
Removing unused module `\axi_lite_gpio'.
Removing unused module `\axi_lite_dot'.
Removing unused module `\axi_interconnect_2m_8s'.
Removing unused module `\asynchronous_fifo_gen'.
Removing unused module `\arbiter'.
Removing unused module `\alu_src_b_mux'.
Removing unused module `\alu_src_a_mux'.
Removing unused module `\alu'.
Removed 53 unused modules.
Mapping positional arguments of cell axi_lite_dma_config.dma_0 (dma_controller).

56.2. Executing PROC pass (convert processes to netlists).

56.2.1. Executing PROC_CLEAN pass (remove empty switches from decision trees).
Cleaned up 0 empty switches.

56.2.2. Executing PROC_RMDEAD pass (remove dead branches from decision trees).
Marked 2 switch rules as full_case in process $proc$/Users/shubhanshu/Desktop/Nebula/digital/bench/rtl/dma_controller.v:317$1521 in module dma_controller.
Marked 1 switch rules as full_case in process $proc$/Users/shubhanshu/Desktop/Nebula/digital/bench/rtl/dma_controller.v:285$1519 in module dma_controller.
Marked 2 switch rules as full_case in process $proc$/Users/shubhanshu/Desktop/Nebula/digital/bench/rtl/dma_controller.v:277$1516 in module dma_controller.
Marked 2 switch rules as full_case in process $proc$/Users/shubhanshu/Desktop/Nebula/digital/bench/rtl/dma_controller.v:269$1513 in module dma_controller.
Marked 2 switch rules as full_case in process $proc$/Users/shubhanshu/Desktop/Nebula/digital/bench/rtl/dma_controller.v:257$1510 in module dma_controller.
Marked 2 switch rules as full_case in process $proc$/Users/shubhanshu/Desktop/Nebula/digital/bench/rtl/dma_controller.v:247$1507 in module dma_controller.
Marked 2 switch rules as full_case in process $proc$/Users/shubhanshu/Desktop/Nebula/digital/bench/rtl/dma_controller.v:239$1504 in module dma_controller.
Marked 1 switch rules as full_case in process $proc$/Users/shubhanshu/Desktop/Nebula/digital/bench/rtl/dma_controller.v:231$1503 in module dma_controller.
Marked 4 switch rules as full_case in process $proc$/Users/shubhanshu/Desktop/Nebula/digital/bench/rtl/dma_controller.v:132$1486 in module dma_controller.
Marked 1 switch rules as full_case in process $proc$/Users/shubhanshu/Desktop/Nebula/digital/bench/rtl/dma_controller.v:122$1485 in module dma_controller.
Marked 3 switch rules as full_case in process $proc$/Users/shubhanshu/Desktop/Nebula/digital/bench/rtl/axi_lite_dma_config.v:526$718 in module axi_lite_dma_config.
Marked 1 switch rules as full_case in process $proc$/Users/shubhanshu/Desktop/Nebula/digital/bench/rtl/axi_lite_dma_config.v:408$685 in module axi_lite_dma_config.
Removed a total of 0 dead cases.

56.2.3. Executing PROC_PRUNE pass (remove redundant assignments in processes).
Removed 1 redundant assignment.
Promoted 13 assignments to connections.

56.2.4. Executing PROC_INIT pass (extract init attributes).

56.2.5. Executing PROC_ARST pass (detect async resets in processes).

56.2.6. Executing PROC_ROM pass (convert switches to ROMs).
Converted 0 switches.
<suppressed ~49 debug messages>

56.2.7. Executing PROC_MUX pass (convert decision trees to multiplexers).
Creating decoders for process `\dma_controller.$proc$/Users/shubhanshu/Desktop/Nebula/digital/bench/rtl/dma_controller.v:317$1521'.
     1/2: $2\data_out[31:0]
     2/2: $1\data_out[31:0]
Creating decoders for process `\dma_controller.$proc$/Users/shubhanshu/Desktop/Nebula/digital/bench/rtl/dma_controller.v:285$1519'.
     1/5: $0\burst_length_dma[31:0]
     2/5: $0\control_dma[31:0]
     3/5: $0\size_dma[31:0]
     4/5: $0\dest_address_dma[31:0]
     5/5: $0\src_address_dma[31:0]
Creating decoders for process `\dma_controller.$proc$/Users/shubhanshu/Desktop/Nebula/digital/bench/rtl/dma_controller.v:277$1516'.
     1/1: $0\status_dma[31:0]
Creating decoders for process `\dma_controller.$proc$/Users/shubhanshu/Desktop/Nebula/digital/bench/rtl/dma_controller.v:269$1513'.
     1/1: $0\burst_addr_counter_dam[31:0]
Creating decoders for process `\dma_controller.$proc$/Users/shubhanshu/Desktop/Nebula/digital/bench/rtl/dma_controller.v:257$1510'.
     1/1: $0\size_counter_dma[31:0]
Creating decoders for process `\dma_controller.$proc$/Users/shubhanshu/Desktop/Nebula/digital/bench/rtl/dma_controller.v:247$1507'.
     1/1: $0\dest_addr_counter_dma[31:0]
Creating decoders for process `\dma_controller.$proc$/Users/shubhanshu/Desktop/Nebula/digital/bench/rtl/dma_controller.v:239$1504'.
     1/1: $0\src_addr_counter_dma[31:0]
Creating decoders for process `\dma_controller.$proc$/Users/shubhanshu/Desktop/Nebula/digital/bench/rtl/dma_controller.v:231$1503'.
     1/1: $0\buffer_dma[31:0]
Creating decoders for process `\dma_controller.$proc$/Users/shubhanshu/Desktop/Nebula/digital/bench/rtl/dma_controller.v:132$1486'.
     1/16: $3\nxt_state[2:0]
     2/16: $2\nxt_state[2:0]
     3/16: $2\bus_req_dma_burst_mode[0:0]
     4/16: $2\burst_counter_reset[0:0]
     5/16: $1\bus_req_dma_burst_mode[0:0]
     6/16: $1\bus_req_dma_mode[0:0]
     7/16: $1\load_src_dest_addr[0:0]
     8/16: $1\nxt_state[2:0]
     9/16: $1\update_size_counter[0:0]
    10/16: $1\update_burst_counter[0:0]
    11/16: $1\done_transfer[0:0]
    12/16: $1\update_dest_addr[0:0]
    13/16: $1\update_src_addr[0:0]
    14/16: $1\dma_dest_valid_internal[0:0]
    15/16: $1\dma_src_valid_internal[0:0]
    16/16: $1\burst_counter_reset[0:0]
Creating decoders for process `\dma_controller.$proc$/Users/shubhanshu/Desktop/Nebula/digital/bench/rtl/dma_controller.v:122$1485'.
     1/1: $0\pr_state[2:0]
Creating decoders for process `\axi_lite_dma_config.$proc$/Users/shubhanshu/Desktop/Nebula/digital/bench/rtl/axi_lite_dma_config.v:526$718'.
     1/6: $0\data_w_comp[0:0]
     2/6: $0\addr_w_comp[0:0]
     3/6: $0\addr_r_comp[0:0]
     4/6: $0\data_reg[31:0]
     5/6: $0\addr_r_w[31:0]
     6/6: $0\s1_b_valid[0:0]
Creating decoders for process `\axi_lite_dma_config.$proc$/Users/shubhanshu/Desktop/Nebula/digital/bench/rtl/axi_lite_dma_config.v:408$685'.
     1/12: $0\m_write_active[0:0]
     2/12: $0\m_data_w_comp[0:0]
     3/12: $0\m_addr_w_comp[0:0]
     4/12: $0\m_addr_r_comp[0:0]
     5/12: $0\m2_b_ready[0:0]
     6/12: $0\m2_dw_valid[0:0]
     7/12: $0\m2_dw_data[31:0]
     8/12: $0\m2_dr_ready[0:0]
     9/12: $0\m2_aw_valid[0:0]
    10/12: $0\m2_aw_addr[31:0]
    11/12: $0\m2_ar_valid[0:0]
    12/12: $0\m2_ar_addr[31:0]

56.2.8. Executing PROC_DLATCH pass (convert process syncs to latches).
No latch inferred for signal `\dma_controller.\data_out' from process `\dma_controller.$proc$/Users/shubhanshu/Desktop/Nebula/digital/bench/rtl/dma_controller.v:317$1521'.
No latch inferred for signal `\dma_controller.\burst_counter_reset' from process `\dma_controller.$proc$/Users/shubhanshu/Desktop/Nebula/digital/bench/rtl/dma_controller.v:132$1486'.
No latch inferred for signal `\dma_controller.\nxt_state' from process `\dma_controller.$proc$/Users/shubhanshu/Desktop/Nebula/digital/bench/rtl/dma_controller.v:132$1486'.
No latch inferred for signal `\dma_controller.\dma_src_valid_internal' from process `\dma_controller.$proc$/Users/shubhanshu/Desktop/Nebula/digital/bench/rtl/dma_controller.v:132$1486'.
No latch inferred for signal `\dma_controller.\dma_dest_valid_internal' from process `\dma_controller.$proc$/Users/shubhanshu/Desktop/Nebula/digital/bench/rtl/dma_controller.v:132$1486'.
No latch inferred for signal `\dma_controller.\update_src_addr' from process `\dma_controller.$proc$/Users/shubhanshu/Desktop/Nebula/digital/bench/rtl/dma_controller.v:132$1486'.
No latch inferred for signal `\dma_controller.\update_dest_addr' from process `\dma_controller.$proc$/Users/shubhanshu/Desktop/Nebula/digital/bench/rtl/dma_controller.v:132$1486'.
No latch inferred for signal `\dma_controller.\done_transfer' from process `\dma_controller.$proc$/Users/shubhanshu/Desktop/Nebula/digital/bench/rtl/dma_controller.v:132$1486'.
No latch inferred for signal `\dma_controller.\bus_req_dma_mode' from process `\dma_controller.$proc$/Users/shubhanshu/Desktop/Nebula/digital/bench/rtl/dma_controller.v:132$1486'.
No latch inferred for signal `\dma_controller.\bus_req_dma_burst_mode' from process `\dma_controller.$proc$/Users/shubhanshu/Desktop/Nebula/digital/bench/rtl/dma_controller.v:132$1486'.
No latch inferred for signal `\dma_controller.\load_src_dest_addr' from process `\dma_controller.$proc$/Users/shubhanshu/Desktop/Nebula/digital/bench/rtl/dma_controller.v:132$1486'.
No latch inferred for signal `\dma_controller.\update_burst_counter' from process `\dma_controller.$proc$/Users/shubhanshu/Desktop/Nebula/digital/bench/rtl/dma_controller.v:132$1486'.
No latch inferred for signal `\dma_controller.\update_size_counter' from process `\dma_controller.$proc$/Users/shubhanshu/Desktop/Nebula/digital/bench/rtl/dma_controller.v:132$1486'.

56.2.9. Executing PROC_DFF pass (convert process syncs to FFs).
Creating register for signal `\dma_controller.\src_address_dma' using process `\dma_controller.$proc$/Users/shubhanshu/Desktop/Nebula/digital/bench/rtl/dma_controller.v:285$1519'.
  created $dff cell `$procdff$5670' with positive edge clock.
Creating register for signal `\dma_controller.\dest_address_dma' using process `\dma_controller.$proc$/Users/shubhanshu/Desktop/Nebula/digital/bench/rtl/dma_controller.v:285$1519'.
  created $dff cell `$procdff$5671' with positive edge clock.
Creating register for signal `\dma_controller.\size_dma' using process `\dma_controller.$proc$/Users/shubhanshu/Desktop/Nebula/digital/bench/rtl/dma_controller.v:285$1519'.
  created $dff cell `$procdff$5672' with positive edge clock.
Creating register for signal `\dma_controller.\control_dma' using process `\dma_controller.$proc$/Users/shubhanshu/Desktop/Nebula/digital/bench/rtl/dma_controller.v:285$1519'.
  created $dff cell `$procdff$5673' with positive edge clock.
Creating register for signal `\dma_controller.\burst_length_dma' using process `\dma_controller.$proc$/Users/shubhanshu/Desktop/Nebula/digital/bench/rtl/dma_controller.v:285$1519'.
  created $dff cell `$procdff$5674' with positive edge clock.
Creating register for signal `\dma_controller.\status_dma' using process `\dma_controller.$proc$/Users/shubhanshu/Desktop/Nebula/digital/bench/rtl/dma_controller.v:277$1516'.
  created $dff cell `$procdff$5675' with positive edge clock.
Creating register for signal `\dma_controller.\burst_addr_counter_dam' using process `\dma_controller.$proc$/Users/shubhanshu/Desktop/Nebula/digital/bench/rtl/dma_controller.v:269$1513'.
  created $dff cell `$procdff$5676' with positive edge clock.
Creating register for signal `\dma_controller.\size_counter_dma' using process `\dma_controller.$proc$/Users/shubhanshu/Desktop/Nebula/digital/bench/rtl/dma_controller.v:257$1510'.
  created $dff cell `$procdff$5677' with positive edge clock.
Creating register for signal `\dma_controller.\dest_addr_counter_dma' using process `\dma_controller.$proc$/Users/shubhanshu/Desktop/Nebula/digital/bench/rtl/dma_controller.v:247$1507'.
  created $dff cell `$procdff$5678' with positive edge clock.
Creating register for signal `\dma_controller.\src_addr_counter_dma' using process `\dma_controller.$proc$/Users/shubhanshu/Desktop/Nebula/digital/bench/rtl/dma_controller.v:239$1504'.
  created $dff cell `$procdff$5679' with positive edge clock.
Creating register for signal `\dma_controller.\buffer_dma' using process `\dma_controller.$proc$/Users/shubhanshu/Desktop/Nebula/digital/bench/rtl/dma_controller.v:231$1503'.
  created $dff cell `$procdff$5680' with positive edge clock.
Creating register for signal `\dma_controller.\pr_state' using process `\dma_controller.$proc$/Users/shubhanshu/Desktop/Nebula/digital/bench/rtl/dma_controller.v:122$1485'.
  created $dff cell `$procdff$5681' with positive edge clock.
Creating register for signal `\axi_lite_dma_config.\s1_b_valid' using process `\axi_lite_dma_config.$proc$/Users/shubhanshu/Desktop/Nebula/digital/bench/rtl/axi_lite_dma_config.v:526$718'.
  created $dff cell `$procdff$5682' with positive edge clock.
Creating register for signal `\axi_lite_dma_config.\addr_r_w' using process `\axi_lite_dma_config.$proc$/Users/shubhanshu/Desktop/Nebula/digital/bench/rtl/axi_lite_dma_config.v:526$718'.
  created $dff cell `$procdff$5683' with positive edge clock.
Creating register for signal `\axi_lite_dma_config.\data_reg' using process `\axi_lite_dma_config.$proc$/Users/shubhanshu/Desktop/Nebula/digital/bench/rtl/axi_lite_dma_config.v:526$718'.
  created $dff cell `$procdff$5684' with positive edge clock.
Creating register for signal `\axi_lite_dma_config.\addr_r_comp' using process `\axi_lite_dma_config.$proc$/Users/shubhanshu/Desktop/Nebula/digital/bench/rtl/axi_lite_dma_config.v:526$718'.
  created $dff cell `$procdff$5685' with positive edge clock.
Creating register for signal `\axi_lite_dma_config.\addr_w_comp' using process `\axi_lite_dma_config.$proc$/Users/shubhanshu/Desktop/Nebula/digital/bench/rtl/axi_lite_dma_config.v:526$718'.
  created $dff cell `$procdff$5686' with positive edge clock.
Creating register for signal `\axi_lite_dma_config.\data_w_comp' using process `\axi_lite_dma_config.$proc$/Users/shubhanshu/Desktop/Nebula/digital/bench/rtl/axi_lite_dma_config.v:526$718'.
  created $dff cell `$procdff$5687' with positive edge clock.
Creating register for signal `\axi_lite_dma_config.\m2_ar_addr' using process `\axi_lite_dma_config.$proc$/Users/shubhanshu/Desktop/Nebula/digital/bench/rtl/axi_lite_dma_config.v:408$685'.
  created $dff cell `$procdff$5688' with positive edge clock.
Creating register for signal `\axi_lite_dma_config.\m2_ar_valid' using process `\axi_lite_dma_config.$proc$/Users/shubhanshu/Desktop/Nebula/digital/bench/rtl/axi_lite_dma_config.v:408$685'.
  created $dff cell `$procdff$5689' with positive edge clock.
Creating register for signal `\axi_lite_dma_config.\m2_aw_addr' using process `\axi_lite_dma_config.$proc$/Users/shubhanshu/Desktop/Nebula/digital/bench/rtl/axi_lite_dma_config.v:408$685'.
  created $dff cell `$procdff$5690' with positive edge clock.
Creating register for signal `\axi_lite_dma_config.\m2_aw_valid' using process `\axi_lite_dma_config.$proc$/Users/shubhanshu/Desktop/Nebula/digital/bench/rtl/axi_lite_dma_config.v:408$685'.
  created $dff cell `$procdff$5691' with positive edge clock.
Creating register for signal `\axi_lite_dma_config.\m2_dr_ready' using process `\axi_lite_dma_config.$proc$/Users/shubhanshu/Desktop/Nebula/digital/bench/rtl/axi_lite_dma_config.v:408$685'.
  created $dff cell `$procdff$5692' with positive edge clock.
Creating register for signal `\axi_lite_dma_config.\m2_dw_data' using process `\axi_lite_dma_config.$proc$/Users/shubhanshu/Desktop/Nebula/digital/bench/rtl/axi_lite_dma_config.v:408$685'.
  created $dff cell `$procdff$5693' with positive edge clock.
Creating register for signal `\axi_lite_dma_config.\m2_dw_valid' using process `\axi_lite_dma_config.$proc$/Users/shubhanshu/Desktop/Nebula/digital/bench/rtl/axi_lite_dma_config.v:408$685'.
  created $dff cell `$procdff$5694' with positive edge clock.
Creating register for signal `\axi_lite_dma_config.\m2_b_ready' using process `\axi_lite_dma_config.$proc$/Users/shubhanshu/Desktop/Nebula/digital/bench/rtl/axi_lite_dma_config.v:408$685'.
  created $dff cell `$procdff$5695' with positive edge clock.
Creating register for signal `\axi_lite_dma_config.\m_addr_r_comp' using process `\axi_lite_dma_config.$proc$/Users/shubhanshu/Desktop/Nebula/digital/bench/rtl/axi_lite_dma_config.v:408$685'.
  created $dff cell `$procdff$5696' with positive edge clock.
Creating register for signal `\axi_lite_dma_config.\m_addr_w_comp' using process `\axi_lite_dma_config.$proc$/Users/shubhanshu/Desktop/Nebula/digital/bench/rtl/axi_lite_dma_config.v:408$685'.
  created $dff cell `$procdff$5697' with positive edge clock.
Creating register for signal `\axi_lite_dma_config.\m_data_w_comp' using process `\axi_lite_dma_config.$proc$/Users/shubhanshu/Desktop/Nebula/digital/bench/rtl/axi_lite_dma_config.v:408$685'.
  created $dff cell `$procdff$5698' with positive edge clock.
Creating register for signal `\axi_lite_dma_config.\m_write_active' using process `\axi_lite_dma_config.$proc$/Users/shubhanshu/Desktop/Nebula/digital/bench/rtl/axi_lite_dma_config.v:408$685'.
  created $dff cell `$procdff$5699' with positive edge clock.

56.2.10. Executing PROC_MEMWR pass (convert process memory writes to cells).

56.2.11. Executing PROC_CLEAN pass (remove empty switches from decision trees).
Found and cleaned up 2 empty switches in `\dma_controller.$proc$/Users/shubhanshu/Desktop/Nebula/digital/bench/rtl/dma_controller.v:317$1521'.
Removing empty process `dma_controller.$proc$/Users/shubhanshu/Desktop/Nebula/digital/bench/rtl/dma_controller.v:317$1521'.
Found and cleaned up 8 empty switches in `\dma_controller.$proc$/Users/shubhanshu/Desktop/Nebula/digital/bench/rtl/dma_controller.v:285$1519'.
Removing empty process `dma_controller.$proc$/Users/shubhanshu/Desktop/Nebula/digital/bench/rtl/dma_controller.v:285$1519'.
Found and cleaned up 3 empty switches in `\dma_controller.$proc$/Users/shubhanshu/Desktop/Nebula/digital/bench/rtl/dma_controller.v:277$1516'.
Removing empty process `dma_controller.$proc$/Users/shubhanshu/Desktop/Nebula/digital/bench/rtl/dma_controller.v:277$1516'.
Found and cleaned up 3 empty switches in `\dma_controller.$proc$/Users/shubhanshu/Desktop/Nebula/digital/bench/rtl/dma_controller.v:269$1513'.
Removing empty process `dma_controller.$proc$/Users/shubhanshu/Desktop/Nebula/digital/bench/rtl/dma_controller.v:269$1513'.
Found and cleaned up 3 empty switches in `\dma_controller.$proc$/Users/shubhanshu/Desktop/Nebula/digital/bench/rtl/dma_controller.v:257$1510'.
Removing empty process `dma_controller.$proc$/Users/shubhanshu/Desktop/Nebula/digital/bench/rtl/dma_controller.v:257$1510'.
Found and cleaned up 3 empty switches in `\dma_controller.$proc$/Users/shubhanshu/Desktop/Nebula/digital/bench/rtl/dma_controller.v:247$1507'.
Removing empty process `dma_controller.$proc$/Users/shubhanshu/Desktop/Nebula/digital/bench/rtl/dma_controller.v:247$1507'.
Found and cleaned up 3 empty switches in `\dma_controller.$proc$/Users/shubhanshu/Desktop/Nebula/digital/bench/rtl/dma_controller.v:239$1504'.
Removing empty process `dma_controller.$proc$/Users/shubhanshu/Desktop/Nebula/digital/bench/rtl/dma_controller.v:239$1504'.
Found and cleaned up 2 empty switches in `\dma_controller.$proc$/Users/shubhanshu/Desktop/Nebula/digital/bench/rtl/dma_controller.v:231$1503'.
Removing empty process `dma_controller.$proc$/Users/shubhanshu/Desktop/Nebula/digital/bench/rtl/dma_controller.v:231$1503'.
Found and cleaned up 4 empty switches in `\dma_controller.$proc$/Users/shubhanshu/Desktop/Nebula/digital/bench/rtl/dma_controller.v:132$1486'.
Removing empty process `dma_controller.$proc$/Users/shubhanshu/Desktop/Nebula/digital/bench/rtl/dma_controller.v:132$1486'.
Found and cleaned up 1 empty switch in `\dma_controller.$proc$/Users/shubhanshu/Desktop/Nebula/digital/bench/rtl/dma_controller.v:122$1485'.
Removing empty process `dma_controller.$proc$/Users/shubhanshu/Desktop/Nebula/digital/bench/rtl/dma_controller.v:122$1485'.
Found and cleaned up 7 empty switches in `\axi_lite_dma_config.$proc$/Users/shubhanshu/Desktop/Nebula/digital/bench/rtl/axi_lite_dma_config.v:526$718'.
Removing empty process `axi_lite_dma_config.$proc$/Users/shubhanshu/Desktop/Nebula/digital/bench/rtl/axi_lite_dma_config.v:526$718'.
Found and cleaned up 10 empty switches in `\axi_lite_dma_config.$proc$/Users/shubhanshu/Desktop/Nebula/digital/bench/rtl/axi_lite_dma_config.v:408$685'.
Removing empty process `axi_lite_dma_config.$proc$/Users/shubhanshu/Desktop/Nebula/digital/bench/rtl/axi_lite_dma_config.v:408$685'.
Cleaned up 49 empty switches.

56.2.12. Executing OPT_EXPR pass (perform const folding).
Optimizing module dma_controller.
<suppressed ~11 debug messages>
Optimizing module axi_lite_dma_config.
<suppressed ~1 debug messages>

56.3. Executing FLATTEN pass (flatten design).
Deleting now unused module dma_controller.
<suppressed ~1 debug messages>

56.4. Executing FUTURE pass.

56.5. Executing OPT_EXPR pass (perform const folding).
Optimizing module axi_lite_dma_config.
<suppressed ~1 debug messages>

56.6. Executing OPT_CLEAN pass (remove unused cells and wires).
Finding unused cells or wires in module \axi_lite_dma_config..
Removed 13 unused cells and 215 unused wires.
<suppressed ~22 debug messages>

56.7. Executing CHECK pass (checking for obvious problems).
Checking module axi_lite_dma_config...
Found and reported 0 problems.

56.8. Executing OPT pass (performing simple optimizations).

56.8.1. Executing OPT_EXPR pass (perform const folding).
Optimizing module axi_lite_dma_config.

56.8.2. Executing OPT_MERGE pass (detect identical cells).
Finding identical cells in module `\axi_lite_dma_config'.
Computing hashes of 251 cells of `\axi_lite_dma_config'.
Finding duplicate cells in `\axi_lite_dma_config'.
Computing hashes of 224 cells of `\axi_lite_dma_config'.
Finding duplicate cells in `\axi_lite_dma_config'.
Computing hashes of 223 cells of `\axi_lite_dma_config'.
Finding duplicate cells in `\axi_lite_dma_config'.
Computing hashes of 222 cells of `\axi_lite_dma_config'.
Finding duplicate cells in `\axi_lite_dma_config'.
<suppressed ~87 debug messages>
Removed a total of 29 cells.

56.8.3. Executing OPT_MUXTREE pass (detect dead branches in mux trees).
Running muxtree optimizer on module \axi_lite_dma_config..
  Creating internal representation of mux trees.
  Evaluating internal representation of mux trees.
  Analyzing evaluation results.
    dead port 2/2 on $mux $flatten\dma_0.$procmux$5343.
    dead port 1/2 on $mux $flatten\dma_0.$procmux$5453.
    dead port 2/2 on $mux $flatten\dma_0.$procmux$5455.
    dead port 2/2 on $mux $flatten\dma_0.$procmux$5461.
    dead port 2/2 on $mux $flatten\dma_0.$procmux$5473.
Removed 5 multiplexer ports.
<suppressed ~170 debug messages>

56.8.4. Executing OPT_REDUCE pass (consolidate $*mux and $reduce_* inputs).
  Optimizing cells in module \axi_lite_dma_config.
Performed a total of 0 changes.

56.8.5. Executing OPT_MERGE pass (detect identical cells).
Finding identical cells in module `\axi_lite_dma_config'.
Computing hashes of 217 cells of `\axi_lite_dma_config'.
Finding duplicate cells in `\axi_lite_dma_config'.
Computing hashes of 213 cells of `\axi_lite_dma_config'.
Finding duplicate cells in `\axi_lite_dma_config'.
<suppressed ~12 debug messages>
Removed a total of 4 cells.

56.8.6. Executing OPT_CLEAN pass (remove unused cells and wires).
Finding unused cells or wires in module \axi_lite_dma_config..
Removed 0 unused cells and 33 unused wires.
<suppressed ~1 debug messages>

56.8.7. Executing OPT_EXPR pass (perform const folding).
Optimizing module axi_lite_dma_config.

56.8.8. Rerunning OPT passes. (Maybe there is more to do..)

56.8.9. Executing OPT_MUXTREE pass (detect dead branches in mux trees).
Running muxtree optimizer on module \axi_lite_dma_config..
  Creating internal representation of mux trees.
  Evaluating internal representation of mux trees.
  Analyzing evaluation results.
Removed 0 multiplexer ports.
<suppressed ~157 debug messages>

56.8.10. Executing OPT_REDUCE pass (consolidate $*mux and $reduce_* inputs).
  Optimizing cells in module \axi_lite_dma_config.
Performed a total of 0 changes.

56.8.11. Executing OPT_MERGE pass (detect identical cells).
Finding identical cells in module `\axi_lite_dma_config'.
Computing hashes of 213 cells of `\axi_lite_dma_config'.
Finding duplicate cells in `\axi_lite_dma_config'.
Removed a total of 0 cells.

56.8.12. Executing OPT_CLEAN pass (remove unused cells and wires).
Finding unused cells or wires in module \axi_lite_dma_config..

56.8.13. Executing OPT_EXPR pass (perform const folding).
Optimizing module axi_lite_dma_config.

56.8.14. Finished fast OPT passes. (There is nothing left to do.)

56.9. Executing WREDUCE pass (reducing word size of cells).
Removed top 2 bits (of 3) from port B of cell axi_lite_dma_config.$flatten\dma_0.$procmux$5499_CMP0 ($eq).
Removed top 1 bits (of 3) from port B of cell axi_lite_dma_config.$flatten\dma_0.$procmux$5498_CMP0 ($eq).
Removed top 1 bits (of 3) from port B of cell axi_lite_dma_config.$flatten\dma_0.$procmux$5497_CMP0 ($eq).
Removed top 1 bits (of 3) from mux cell axi_lite_dma_config.$flatten\dma_0.$procmux$5450 ($mux).
Removed top 1 bits (of 8) from port B of cell axi_lite_dma_config.$flatten\dma_0.$procmux$5342_CMP0 ($eq).
Removed top 1 bits (of 8) from port B of cell axi_lite_dma_config.$flatten\dma_0.$procmux$5341_CMP0 ($eq).
Removed top 1 bits (of 8) from port B of cell axi_lite_dma_config.$flatten\dma_0.$procmux$5340_CMP0 ($eq).
Removed top 1 bits (of 8) from port B of cell axi_lite_dma_config.$flatten\dma_0.$procmux$5339_CMP0 ($eq).
Removed top 1 bits (of 8) from port B of cell axi_lite_dma_config.$flatten\dma_0.$procmux$5338_CMP0 ($eq).
Removed top 1 bits (of 8) from port B of cell axi_lite_dma_config.$flatten\dma_0.$procmux$5337_CMP0 ($eq).
Removed top 31 bits (of 32) from port B of cell axi_lite_dma_config.$flatten\dma_0.$add$/Users/shubhanshu/Desktop/Nebula/digital/bench/rtl/dma_controller.v:273$1515 ($add).
Removed top 29 bits (of 32) from port B of cell axi_lite_dma_config.$flatten\dma_0.$add$/Users/shubhanshu/Desktop/Nebula/digital/bench/rtl/dma_controller.v:264$1512 ($add).
Removed top 29 bits (of 32) from port B of cell axi_lite_dma_config.$flatten\dma_0.$add$/Users/shubhanshu/Desktop/Nebula/digital/bench/rtl/dma_controller.v:251$1509 ($add).
Removed top 29 bits (of 32) from port B of cell axi_lite_dma_config.$flatten\dma_0.$add$/Users/shubhanshu/Desktop/Nebula/digital/bench/rtl/dma_controller.v:243$1506 ($add).
Removed top 2 bits (of 3) from mux cell axi_lite_dma_config.$flatten\dma_0.$ternary$/Users/shubhanshu/Desktop/Nebula/digital/bench/rtl/dma_controller.v:170$1496 ($mux).
Removed top 2 bits (of 3) from mux cell axi_lite_dma_config.$flatten\dma_0.$ternary$/Users/shubhanshu/Desktop/Nebula/digital/bench/rtl/dma_controller.v:151$1490 ($mux).
Removed top 1 bits (of 33) from port A of cell axi_lite_dma_config.$flatten\dma_0.$add$/Users/shubhanshu/Desktop/Nebula/digital/bench/rtl/dma_controller.v:113$1483 ($add).
Removed top 1 bits (of 33) from port Y of cell axi_lite_dma_config.$flatten\dma_0.$add$/Users/shubhanshu/Desktop/Nebula/digital/bench/rtl/dma_controller.v:113$1483 ($add).
Removed top 2 bits (of 3) from wire axi_lite_dma_config.$flatten\dma_0.$ternary$/Users/shubhanshu/Desktop/Nebula/digital/bench/rtl/dma_controller.v:170$1496_Y.
Removed top 1 bits (of 3) from wire axi_lite_dma_config.$flatten\dma_0.$3\nxt_state[2:0].
Removed top 2 bits (of 3) from wire axi_lite_dma_config.$flatten\dma_0.$ternary$/Users/shubhanshu/Desktop/Nebula/digital/bench/rtl/dma_controller.v:151$1490_Y.

56.10. Executing OPT_CLEAN pass (remove unused cells and wires).
Finding unused cells or wires in module \axi_lite_dma_config..
Removed 0 unused cells and 3 unused wires.
<suppressed ~1 debug messages>

56.11. Executing MEMORY_COLLECT pass (generating $mem cells).

56.12. Executing OPT pass (performing simple optimizations).

56.12.1. Executing OPT_EXPR pass (perform const folding).
Optimizing module axi_lite_dma_config.

56.12.2. Executing OPT_MERGE pass (detect identical cells).
Finding identical cells in module `\axi_lite_dma_config'.
Computing hashes of 213 cells of `\axi_lite_dma_config'.
Finding duplicate cells in `\axi_lite_dma_config'.
Removed a total of 0 cells.

56.12.3. Executing OPT_CLEAN pass (remove unused cells and wires).
Finding unused cells or wires in module \axi_lite_dma_config..

56.12.4. Finished fast OPT passes.

56.13. Executing SORT pass.

56.14. Printing statistics.

=== axi_lite_dma_config ===

        +----------Local Count, excluding submodules.
        | 
      264 wires
     3232 wire bits
      104 public wires
     1231 public wire bits
       36 ports
      290 port bits
      213 cells
        5   $add
        1   $and
       30   $dff
       12   $eq
       32   $logic_and
       11   $logic_not
        1   $logic_or
      115   $mux
        3   $not
        2   $pmux
        1   $scopeinfo

56.15. Executing CHECK pass (checking for obvious problems).
Checking module axi_lite_dma_config...
Found and reported 0 problems.

57. Executing MEMORY_MAP pass (converting memories to logic and flip-flops).

58. Executing OPT pass (performing simple optimizations).

58.1. Executing OPT_EXPR pass (perform const folding).
Optimizing module axi_lite_dma_config.

58.2. Executing OPT_MERGE pass (detect identical cells).
Finding identical cells in module `\axi_lite_dma_config'.
Computing hashes of 213 cells of `\axi_lite_dma_config'.
Finding duplicate cells in `\axi_lite_dma_config'.
Removed a total of 0 cells.

58.3. Executing OPT_DFF pass (perform DFF optimizations).
Adding SRST signal on $procdff$5699 ($dff) from module axi_lite_dma_config (D = $procmux$5586_Y, Q = \m_write_active, rval = 1'0).
Adding EN signal on $auto$ff.cc:337:slice$5704 ($sdff) from module axi_lite_dma_config (D = $procmux$5586_Y, Q = \m_write_active).
Adding SRST signal on $procdff$5698 ($dff) from module axi_lite_dma_config (D = $procmux$5593_Y, Q = \m_data_w_comp, rval = 1'0).
Adding EN signal on $auto$ff.cc:337:slice$5710 ($sdff) from module axi_lite_dma_config (D = 1'1, Q = \m_data_w_comp).
Adding SRST signal on $procdff$5697 ($dff) from module axi_lite_dma_config (D = $procmux$5600_Y, Q = \m_addr_w_comp, rval = 1'0).
Adding EN signal on $auto$ff.cc:337:slice$5714 ($sdff) from module axi_lite_dma_config (D = 1'1, Q = \m_addr_w_comp).
Adding SRST signal on $procdff$5696 ($dff) from module axi_lite_dma_config (D = $procmux$5607_Y, Q = \m_addr_r_comp, rval = 1'0).
Adding EN signal on $auto$ff.cc:337:slice$5718 ($sdff) from module axi_lite_dma_config (D = 1'1, Q = \m_addr_r_comp).
Adding SRST signal on $procdff$5695 ($dff) from module axi_lite_dma_config (D = $procmux$5614_Y, Q = \m2_b_ready, rval = 1'0).
Adding EN signal on $auto$ff.cc:337:slice$5722 ($sdff) from module axi_lite_dma_config (D = 1'1, Q = \m2_b_ready).
Adding SRST signal on $procdff$5694 ($dff) from module axi_lite_dma_config (D = $procmux$5621_Y, Q = \m2_dw_valid, rval = 1'0).
Adding EN signal on $auto$ff.cc:337:slice$5726 ($sdff) from module axi_lite_dma_config (D = 1'1, Q = \m2_dw_valid).
Adding SRST signal on $procdff$5693 ($dff) from module axi_lite_dma_config (D = $procmux$5628_Y, Q = \m2_dw_data, rval = 0).
Adding EN signal on $auto$ff.cc:337:slice$5730 ($sdff) from module axi_lite_dma_config (D = \data_out_dest_dma, Q = \m2_dw_data).
Adding SRST signal on $procdff$5692 ($dff) from module axi_lite_dma_config (D = $procmux$5635_Y, Q = \m2_dr_ready, rval = 1'0).
Adding EN signal on $auto$ff.cc:337:slice$5734 ($sdff) from module axi_lite_dma_config (D = 1'1, Q = \m2_dr_ready).
Adding SRST signal on $procdff$5691 ($dff) from module axi_lite_dma_config (D = $procmux$5642_Y, Q = \m2_aw_valid, rval = 1'0).
Adding EN signal on $auto$ff.cc:337:slice$5738 ($sdff) from module axi_lite_dma_config (D = 1'1, Q = \m2_aw_valid).
Adding SRST signal on $procdff$5690 ($dff) from module axi_lite_dma_config (D = $procmux$5649_Y, Q = \m2_aw_addr, rval = 0).
Adding EN signal on $auto$ff.cc:337:slice$5742 ($sdff) from module axi_lite_dma_config (D = \addr_dest_dma, Q = \m2_aw_addr).
Adding SRST signal on $procdff$5689 ($dff) from module axi_lite_dma_config (D = $procmux$5656_Y, Q = \m2_ar_valid, rval = 1'0).
Adding EN signal on $auto$ff.cc:337:slice$5746 ($sdff) from module axi_lite_dma_config (D = 1'1, Q = \m2_ar_valid).
Adding SRST signal on $procdff$5688 ($dff) from module axi_lite_dma_config (D = $procmux$5663_Y, Q = \m2_ar_addr, rval = 0).
Adding EN signal on $auto$ff.cc:337:slice$5750 ($sdff) from module axi_lite_dma_config (D = \addr_src_dma, Q = \m2_ar_addr).
Adding SRST signal on $procdff$5687 ($dff) from module axi_lite_dma_config (D = $procmux$5531_Y, Q = \data_w_comp, rval = 1'0).
Adding EN signal on $auto$ff.cc:337:slice$5754 ($sdff) from module axi_lite_dma_config (D = 1'1, Q = \data_w_comp).
Adding SRST signal on $procdff$5686 ($dff) from module axi_lite_dma_config (D = $procmux$5539_Y, Q = \addr_w_comp, rval = 1'0).
Adding EN signal on $auto$ff.cc:337:slice$5758 ($sdff) from module axi_lite_dma_config (D = 1'1, Q = \addr_w_comp).
Adding SRST signal on $procdff$5685 ($dff) from module axi_lite_dma_config (D = $procmux$5550_Y, Q = \addr_r_comp, rval = 1'0).
Adding EN signal on $auto$ff.cc:337:slice$5762 ($sdff) from module axi_lite_dma_config (D = $procmux$5550_Y, Q = \addr_r_comp).
Adding SRST signal on $procdff$5684 ($dff) from module axi_lite_dma_config (D = $procmux$5555_Y, Q = \data_reg, rval = 0).
Adding EN signal on $auto$ff.cc:337:slice$5766 ($sdff) from module axi_lite_dma_config (D = \s1_dw_data, Q = \data_reg).
Adding SRST signal on $procdff$5683 ($dff) from module axi_lite_dma_config (D = $procmux$5568_Y, Q = \addr_r_w, rval = 0).
Adding EN signal on $auto$ff.cc:337:slice$5770 ($sdff) from module axi_lite_dma_config (D = $procmux$5568_Y, Q = \addr_r_w).
Adding SRST signal on $procdff$5682 ($dff) from module axi_lite_dma_config (D = $procmux$5579_Y, Q = \s1_b_valid, rval = 1'0).
Adding EN signal on $auto$ff.cc:337:slice$5776 ($sdff) from module axi_lite_dma_config (D = $procmux$5579_Y, Q = \s1_b_valid).
Adding SRST signal on $flatten\dma_0.$procdff$5681 ($dff) from module axi_lite_dma_config (D = \dma_0.nxt_state, Q = \dma_0.pr_state, rval = 3'000).
Adding SRST signal on $flatten\dma_0.$procdff$5680 ($dff) from module axi_lite_dma_config (D = $flatten\dma_0.$procmux$5443_Y, Q = \dma_0.buffer_dma, rval = 0).
Adding EN signal on $auto$ff.cc:337:slice$5781 ($sdff) from module axi_lite_dma_config (D = \m2_dr_data, Q = \dma_0.buffer_dma).
Adding SRST signal on $flatten\dma_0.$procdff$5679 ($dff) from module axi_lite_dma_config (D = $flatten\dma_0.$procmux$5438_Y, Q = \dma_0.src_addr_counter_dma, rval = 0).
Adding EN signal on $auto$ff.cc:337:slice$5783 ($sdff) from module axi_lite_dma_config (D = $flatten\dma_0.$procmux$5438_Y, Q = \dma_0.src_addr_counter_dma).
Adding SRST signal on $flatten\dma_0.$procdff$5678 ($dff) from module axi_lite_dma_config (D = $flatten\dma_0.$procmux$5430_Y, Q = \dma_0.dest_addr_counter_dma, rval = 0).
Adding EN signal on $auto$ff.cc:337:slice$5787 ($sdff) from module axi_lite_dma_config (D = $flatten\dma_0.$procmux$5430_Y, Q = \dma_0.dest_addr_counter_dma).
Adding SRST signal on $flatten\dma_0.$procdff$5677 ($dff) from module axi_lite_dma_config (D = $flatten\dma_0.$procmux$5419_Y, Q = \dma_0.size_counter_dma, rval = 0).
Adding EN signal on $auto$ff.cc:337:slice$5791 ($sdff) from module axi_lite_dma_config (D = $flatten\dma_0.$add$/Users/shubhanshu/Desktop/Nebula/digital/bench/rtl/dma_controller.v:264$1512_Y, Q = \dma_0.size_counter_dma).
Adding SRST signal on $flatten\dma_0.$procdff$5676 ($dff) from module axi_lite_dma_config (D = $flatten\dma_0.$procmux$5411_Y, Q = \dma_0.burst_addr_counter_dam, rval = 1).
Adding EN signal on $auto$ff.cc:337:slice$5795 ($sdff) from module axi_lite_dma_config (D = $flatten\dma_0.$add$/Users/shubhanshu/Desktop/Nebula/digital/bench/rtl/dma_controller.v:273$1515_Y, Q = \dma_0.burst_addr_counter_dam).
Adding SRST signal on $flatten\dma_0.$procdff$5675 ($dff) from module axi_lite_dma_config (D = $flatten\dma_0.$procmux$5403_Y, Q = \dma_0.status_dma, rval = 0).
Adding EN signal on $auto$ff.cc:337:slice$5799 ($sdff) from module axi_lite_dma_config (D = { 29'00000000000000000000000000000 \dma_0.control_dma [3] $flatten\dma_0.$and$/Users/shubhanshu/Desktop/Nebula/digital/bench/rtl/dma_controller.v:280$1518_Y 1'1 }, Q = \dma_0.status_dma).
Adding SRST signal on $flatten\dma_0.$procdff$5674 ($dff) from module axi_lite_dma_config (D = $flatten\dma_0.$procmux$5352_Y, Q = \dma_0.burst_length_dma, rval = 0).
Adding EN signal on $auto$ff.cc:337:slice$5803 ($sdff) from module axi_lite_dma_config (D = \data_reg, Q = \dma_0.burst_length_dma).
Adding SRST signal on $flatten\dma_0.$procdff$5673 ($dff) from module axi_lite_dma_config (D = $flatten\dma_0.$procmux$5362_Y, Q = \dma_0.control_dma, rval = 0).
Adding EN signal on $auto$ff.cc:337:slice$5807 ($sdff) from module axi_lite_dma_config (D = \data_reg, Q = \dma_0.control_dma).
Adding SRST signal on $flatten\dma_0.$procdff$5672 ($dff) from module axi_lite_dma_config (D = $flatten\dma_0.$procmux$5373_Y, Q = \dma_0.size_dma, rval = 0).
Adding EN signal on $auto$ff.cc:337:slice$5811 ($sdff) from module axi_lite_dma_config (D = \data_reg, Q = \dma_0.size_dma).
Adding SRST signal on $flatten\dma_0.$procdff$5671 ($dff) from module axi_lite_dma_config (D = $flatten\dma_0.$procmux$5385_Y, Q = \dma_0.dest_address_dma, rval = 0).
Adding EN signal on $auto$ff.cc:337:slice$5815 ($sdff) from module axi_lite_dma_config (D = \data_reg, Q = \dma_0.dest_address_dma).
Adding SRST signal on $flatten\dma_0.$procdff$5670 ($dff) from module axi_lite_dma_config (D = $flatten\dma_0.$procmux$5398_Y, Q = \dma_0.src_address_dma, rval = 0).
Adding EN signal on $auto$ff.cc:337:slice$5819 ($sdff) from module axi_lite_dma_config (D = \data_reg, Q = \dma_0.src_address_dma).
Setting constant 0-bit at position 3 on $auto$ff.cc:337:slice$5802 ($sdffe) from module axi_lite_dma_config.
Setting constant 0-bit at position 4 on $auto$ff.cc:337:slice$5802 ($sdffe) from module axi_lite_dma_config.
Setting constant 0-bit at position 5 on $auto$ff.cc:337:slice$5802 ($sdffe) from module axi_lite_dma_config.
Setting constant 0-bit at position 6 on $auto$ff.cc:337:slice$5802 ($sdffe) from module axi_lite_dma_config.
Setting constant 0-bit at position 7 on $auto$ff.cc:337:slice$5802 ($sdffe) from module axi_lite_dma_config.
Setting constant 0-bit at position 8 on $auto$ff.cc:337:slice$5802 ($sdffe) from module axi_lite_dma_config.
Setting constant 0-bit at position 9 on $auto$ff.cc:337:slice$5802 ($sdffe) from module axi_lite_dma_config.
Setting constant 0-bit at position 10 on $auto$ff.cc:337:slice$5802 ($sdffe) from module axi_lite_dma_config.
Setting constant 0-bit at position 11 on $auto$ff.cc:337:slice$5802 ($sdffe) from module axi_lite_dma_config.
Setting constant 0-bit at position 12 on $auto$ff.cc:337:slice$5802 ($sdffe) from module axi_lite_dma_config.
Setting constant 0-bit at position 13 on $auto$ff.cc:337:slice$5802 ($sdffe) from module axi_lite_dma_config.
Setting constant 0-bit at position 14 on $auto$ff.cc:337:slice$5802 ($sdffe) from module axi_lite_dma_config.
Setting constant 0-bit at position 15 on $auto$ff.cc:337:slice$5802 ($sdffe) from module axi_lite_dma_config.
Setting constant 0-bit at position 16 on $auto$ff.cc:337:slice$5802 ($sdffe) from module axi_lite_dma_config.
Setting constant 0-bit at position 17 on $auto$ff.cc:337:slice$5802 ($sdffe) from module axi_lite_dma_config.
Setting constant 0-bit at position 18 on $auto$ff.cc:337:slice$5802 ($sdffe) from module axi_lite_dma_config.
Setting constant 0-bit at position 19 on $auto$ff.cc:337:slice$5802 ($sdffe) from module axi_lite_dma_config.
Setting constant 0-bit at position 20 on $auto$ff.cc:337:slice$5802 ($sdffe) from module axi_lite_dma_config.
Setting constant 0-bit at position 21 on $auto$ff.cc:337:slice$5802 ($sdffe) from module axi_lite_dma_config.
Setting constant 0-bit at position 22 on $auto$ff.cc:337:slice$5802 ($sdffe) from module axi_lite_dma_config.
Setting constant 0-bit at position 23 on $auto$ff.cc:337:slice$5802 ($sdffe) from module axi_lite_dma_config.
Setting constant 0-bit at position 24 on $auto$ff.cc:337:slice$5802 ($sdffe) from module axi_lite_dma_config.
Setting constant 0-bit at position 25 on $auto$ff.cc:337:slice$5802 ($sdffe) from module axi_lite_dma_config.
Setting constant 0-bit at position 26 on $auto$ff.cc:337:slice$5802 ($sdffe) from module axi_lite_dma_config.
Setting constant 0-bit at position 27 on $auto$ff.cc:337:slice$5802 ($sdffe) from module axi_lite_dma_config.
Setting constant 0-bit at position 28 on $auto$ff.cc:337:slice$5802 ($sdffe) from module axi_lite_dma_config.
Setting constant 0-bit at position 29 on $auto$ff.cc:337:slice$5802 ($sdffe) from module axi_lite_dma_config.
Setting constant 0-bit at position 30 on $auto$ff.cc:337:slice$5802 ($sdffe) from module axi_lite_dma_config.
Setting constant 0-bit at position 31 on $auto$ff.cc:337:slice$5802 ($sdffe) from module axi_lite_dma_config.

58.4. Executing OPT_CLEAN pass (remove unused cells and wires).
Finding unused cells or wires in module \axi_lite_dma_config..
Removed 82 unused cells and 82 unused wires.
<suppressed ~83 debug messages>

58.5. Rerunning OPT passes. (Removed registers in this run.)

58.6. Executing OPT_EXPR pass (perform const folding).
Optimizing module axi_lite_dma_config.
<suppressed ~6 debug messages>

58.7. Executing OPT_MERGE pass (detect identical cells).
Finding identical cells in module `\axi_lite_dma_config'.
Computing hashes of 161 cells of `\axi_lite_dma_config'.
Finding duplicate cells in `\axi_lite_dma_config'.
Computing hashes of 151 cells of `\axi_lite_dma_config'.
Finding duplicate cells in `\axi_lite_dma_config'.
<suppressed ~30 debug messages>
Removed a total of 10 cells.

58.8. Executing OPT_DFF pass (perform DFF optimizations).

58.9. Executing OPT_CLEAN pass (remove unused cells and wires).
Finding unused cells or wires in module \axi_lite_dma_config..
Removed 0 unused cells and 10 unused wires.
<suppressed ~1 debug messages>

58.10. Finished fast OPT passes.
Renaming module \axi_lite_dma_config to \gold_core.

59. Executing Liberty frontend: /Users/shubhanshu/Desktop/Nebula/digital/sta/sky130hd/sky130_fd_sc_hd__tt_025C_1v80.lib
Ignoring cell sky130_fd_sc_hd__dlclkp_1 with missing function on output GCLK.
Ignoring cell sky130_fd_sc_hd__dlclkp_2 with missing function on output GCLK.
Ignoring cell sky130_fd_sc_hd__dlclkp_4 with missing function on output GCLK.
Ignoring cell sky130_fd_sc_hd__sdlclkp_1 with missing function on output GCLK.
Ignoring cell sky130_fd_sc_hd__sdlclkp_2 with missing function on output GCLK.
Ignoring cell sky130_fd_sc_hd__sdlclkp_4 with missing function on output GCLK.
Imported 422 cell types from liberty file.
<suppressed ~12 debug messages>

60. Executing Verilog-2005 frontend: /Users/shubhanshu/Desktop/Nebula/digital/artifacts/synth/soc_top_named.v
Parsing Verilog input from `/Users/shubhanshu/Desktop/Nebula/digital/artifacts/synth/soc_top_named.v' to AST representation.
Generating RTLIL representation for module `\$paramod$72f83d20332db853f52d52010cdb396e42162176\asynchronous_fifo_gen'.
Generating RTLIL representation for module `\$paramod$e9b0330b32c707496d2ac0891b99a36ab486e931\asynchronous_fifo_gen'.
Generating RTLIL representation for module `\alu'.
Generating RTLIL representation for module `\alu_src_a_mux'.
Generating RTLIL representation for module `\alu_src_b_mux'.
Generating RTLIL representation for module `\arbiter'.
Generating RTLIL representation for module `\axi_interconnect_2m_8s'.
Generating RTLIL representation for module `\axi_lite_dma_config'.
Generating RTLIL representation for module `\axi_lite_dot'.
Generating RTLIL representation for module `\axi_lite_gpio'.
Generating RTLIL representation for module `\axi_lite_master'.
Generating RTLIL representation for module `\axi_lite_timer'.
Generating RTLIL representation for module `\axi_lite_uart'.
Generating RTLIL representation for module `\branch_comp_decoder'.
Generating RTLIL representation for module `\branch_comprator'.
Generating RTLIL representation for module `\branch_predictor'.
Generating RTLIL representation for module `\clk_div_mux'.
Generating RTLIL representation for module `\clk_gate'.
Generating RTLIL representation for module `\control_unit'.
Generating RTLIL representation for module `\csr_regfile'.
Generating RTLIL representation for module `\data_clipper'.
Generating RTLIL representation for module `\data_extender'.
Generating RTLIL representation for module `\data_forwarding_unit'.
Generating RTLIL representation for module `\dma_controller'.
Generating RTLIL representation for module `\dmem'.
Generating RTLIL representation for module `\execution_stage'.
Generating RTLIL representation for module `\fp4_dot_unit'.
Generating RTLIL representation for module `\fp4_mul'.
Generating RTLIL representation for module `\fp8_adder'.
Generating RTLIL representation for module `\gpio_controller'.
Generating RTLIL representation for module `\hazard_detection_unit'.
Generating RTLIL representation for module `\i_rom_32x256'.
Generating RTLIL representation for module `\id_memory_256x64_wrap'.
Generating RTLIL representation for module `\immediate_generator'.
Generating RTLIL representation for module `\instruction_decode_stage'.
Generating RTLIL representation for module `\instruction_fetch_stage'.
Generating RTLIL representation for module `\interrupt_control_unit'.
Generating RTLIL representation for module `\l1_cache_axi_master'.
Generating RTLIL representation for module `\l1_d_cache_8kb'.
Generating RTLIL representation for module `\l1_i_cache_8kb'.
Generating RTLIL representation for module `\mem_axi_slave'.
Generating RTLIL representation for module `\memory_stage'.
Generating RTLIL representation for module `\multiplier_pipelined'.
Generating RTLIL representation for module `\pipeline_reg_ex_mem'.
Generating RTLIL representation for module `\pipeline_reg_id_ex'.
Generating RTLIL representation for module `\pipeline_reg_if_id'.
Generating RTLIL representation for module `\pipeline_reg_mem_wb'.
Generating RTLIL representation for module `\processor_top'.
Generating RTLIL representation for module `\read_buffer_d_cache'.
Generating RTLIL representation for module `\read_buffer_i_cache'.
Generating RTLIL representation for module `\register_file'.
Generating RTLIL representation for module `\soc_top'.
Generating RTLIL representation for module `\tag_memory_92x64_wrap'.
Generating RTLIL representation for module `\timer'.
Generating RTLIL representation for module `\uart_controller'.
Generating RTLIL representation for module `\write_back_stage'.
Successfully finished Verilog frontend.

61. Executing PREP pass.

61.1. Executing HIERARCHY pass (managing design hierarchy).

61.1.1. Analyzing design hierarchy..
Top module:  \axi_lite_dma_config
Used module:     \dma_controller
Used module:         \sky130_fd_sc_hd__dfxtp_1
Used module:         \sky130_fd_sc_hd__nor3_1
Used module:         \sky130_fd_sc_hd__nor2_1
Used module:         \sky130_fd_sc_hd__a21oi_1
Used module:         \sky130_fd_sc_hd__nand2_1
Used module:         \sky130_fd_sc_hd__o21a_1
Used module:         \sky130_fd_sc_hd__nor3b_1
Used module:         \sky130_fd_sc_hd__mux2i_1
Used module:         \sky130_fd_sc_hd__xor2_1
Used module:         \sky130_fd_sc_hd__nand4_1
Used module:         \sky130_fd_sc_hd__and3_1
Used module:         \sky130_fd_sc_hd__and4_1
Used module:         \sky130_fd_sc_hd__and2_0
Used module:         \sky130_fd_sc_hd__nor4b_1
Used module:         \sky130_fd_sc_hd__a31oi_1
Used module:         \sky130_fd_sc_hd__a211oi_1
Used module:         \sky130_fd_sc_hd__xnor2_1
Used module:         \sky130_fd_sc_hd__o21ai_0
Used module:         \sky130_fd_sc_hd__lpflow_inputiso1p_1
Used module:         \sky130_fd_sc_hd__nor4_1
Used module:         \sky130_fd_sc_hd__lpflow_isobufsrc_1
Used module:         \sky130_fd_sc_hd__a221oi_1
Used module:         \sky130_fd_sc_hd__o21bai_1
Used module:         \sky130_fd_sc_hd__a222oi_1
Used module:         \sky130_fd_sc_hd__a22oi_1
Used module:         \sky130_fd_sc_hd__nand3_1
Used module:         \sky130_fd_sc_hd__o211ai_1
Used module:         \sky130_fd_sc_hd__or3_1
Used module:         \sky130_fd_sc_hd__or4_1
Used module:         \sky130_fd_sc_hd__and4b_1
Used module:         \sky130_fd_sc_hd__nand2b_1
Used module:         \sky130_fd_sc_hd__a21o_1
Used module:         \sky130_fd_sc_hd__o311ai_0
Used module:         \sky130_fd_sc_hd__nand3b_1
Used module:         \sky130_fd_sc_hd__o2111ai_1
Used module:         \sky130_fd_sc_hd__o22ai_1
Used module:         \sky130_fd_sc_hd__a2111oi_0
Used module:         \sky130_fd_sc_hd__o2bb2ai_1
Used module:         \sky130_fd_sc_hd__a2bb2oi_1
Used module:         \sky130_fd_sc_hd__o2111a_1
Used module:         \sky130_fd_sc_hd__xnor3_1
Used module:         \sky130_fd_sc_hd__and3b_1
Used module:         \sky130_fd_sc_hd__a21boi_0
Used module:         \sky130_fd_sc_hd__o31ai_1
Used module:         \sky130_fd_sc_hd__xor3_1
Used module:         \sky130_fd_sc_hd__o31a_1
Used module:         \sky130_fd_sc_hd__a31o_1
Used module:         \sky130_fd_sc_hd__or4b_1
Used module:         \sky130_fd_sc_hd__nand4bb_1
Used module:         \sky130_fd_sc_hd__clkinv_1
Used module:     \sky130_fd_sc_hd__mux2_1
Used module:     \sky130_fd_sc_hd__a32oi_1
Used module:     \sky130_fd_sc_hd__or3b_1

61.1.2. Analyzing design hierarchy..
Top module:  \axi_lite_dma_config
Used module:     \dma_controller
Used module:         \sky130_fd_sc_hd__dfxtp_1
Used module:         \sky130_fd_sc_hd__nor3_1
Used module:         \sky130_fd_sc_hd__nor2_1
Used module:         \sky130_fd_sc_hd__a21oi_1
Used module:         \sky130_fd_sc_hd__nand2_1
Used module:         \sky130_fd_sc_hd__o21a_1
Used module:         \sky130_fd_sc_hd__nor3b_1
Used module:         \sky130_fd_sc_hd__mux2i_1
Used module:         \sky130_fd_sc_hd__xor2_1
Used module:         \sky130_fd_sc_hd__nand4_1
Used module:         \sky130_fd_sc_hd__and3_1
Used module:         \sky130_fd_sc_hd__and4_1
Used module:         \sky130_fd_sc_hd__and2_0
Used module:         \sky130_fd_sc_hd__nor4b_1
Used module:         \sky130_fd_sc_hd__a31oi_1
Used module:         \sky130_fd_sc_hd__a211oi_1
Used module:         \sky130_fd_sc_hd__xnor2_1
Used module:         \sky130_fd_sc_hd__o21ai_0
Used module:         \sky130_fd_sc_hd__lpflow_inputiso1p_1
Used module:         \sky130_fd_sc_hd__nor4_1
Used module:         \sky130_fd_sc_hd__lpflow_isobufsrc_1
Used module:         \sky130_fd_sc_hd__a221oi_1
Used module:         \sky130_fd_sc_hd__o21bai_1
Used module:         \sky130_fd_sc_hd__a222oi_1
Used module:         \sky130_fd_sc_hd__a22oi_1
Used module:         \sky130_fd_sc_hd__nand3_1
Used module:         \sky130_fd_sc_hd__o211ai_1
Used module:         \sky130_fd_sc_hd__or3_1
Used module:         \sky130_fd_sc_hd__or4_1
Used module:         \sky130_fd_sc_hd__and4b_1
Used module:         \sky130_fd_sc_hd__nand2b_1
Used module:         \sky130_fd_sc_hd__a21o_1
Used module:         \sky130_fd_sc_hd__o311ai_0
Used module:         \sky130_fd_sc_hd__nand3b_1
Used module:         \sky130_fd_sc_hd__o2111ai_1
Used module:         \sky130_fd_sc_hd__o22ai_1
Used module:         \sky130_fd_sc_hd__a2111oi_0
Used module:         \sky130_fd_sc_hd__o2bb2ai_1
Used module:         \sky130_fd_sc_hd__a2bb2oi_1
Used module:         \sky130_fd_sc_hd__o2111a_1
Used module:         \sky130_fd_sc_hd__xnor3_1
Used module:         \sky130_fd_sc_hd__and3b_1
Used module:         \sky130_fd_sc_hd__a21boi_0
Used module:         \sky130_fd_sc_hd__o31ai_1
Used module:         \sky130_fd_sc_hd__xor3_1
Used module:         \sky130_fd_sc_hd__o31a_1
Used module:         \sky130_fd_sc_hd__a31o_1
Used module:         \sky130_fd_sc_hd__or4b_1
Used module:         \sky130_fd_sc_hd__nand4bb_1
Used module:         \sky130_fd_sc_hd__clkinv_1
Used module:     \sky130_fd_sc_hd__mux2_1
Used module:     \sky130_fd_sc_hd__a32oi_1
Used module:     \sky130_fd_sc_hd__or3b_1
Removing unused module `\write_back_stage'.
Removing unused module `\uart_controller'.
Removing unused module `\timer'.
Removing unused module `\tag_memory_92x64_wrap'.
Removing unused module `\soc_top'.
Removing unused module `\register_file'.
Removing unused module `\read_buffer_i_cache'.
Removing unused module `\read_buffer_d_cache'.
Removing unused module `\processor_top'.
Removing unused module `\pipeline_reg_mem_wb'.
Removing unused module `\pipeline_reg_if_id'.
Removing unused module `\pipeline_reg_id_ex'.
Removing unused module `\pipeline_reg_ex_mem'.
Removing unused module `\multiplier_pipelined'.
Removing unused module `\memory_stage'.
Removing unused module `\mem_axi_slave'.
Removing unused module `\l1_i_cache_8kb'.
Removing unused module `\l1_d_cache_8kb'.
Removing unused module `\l1_cache_axi_master'.
Removing unused module `\interrupt_control_unit'.
Removing unused module `\instruction_fetch_stage'.
Removing unused module `\instruction_decode_stage'.
Removing unused module `\immediate_generator'.
Removing unused module `\id_memory_256x64_wrap'.
Removing unused module `\i_rom_32x256'.
Removing unused module `\hazard_detection_unit'.
Removing unused module `\gpio_controller'.
Removing unused module `\fp8_adder'.
Removing unused module `\fp4_mul'.
Removing unused module `\fp4_dot_unit'.
Removing unused module `\execution_stage'.
Removing unused module `\dmem'.
Removing unused module `\data_forwarding_unit'.
Removing unused module `\data_extender'.
Removing unused module `\data_clipper'.
Removing unused module `\csr_regfile'.
Removing unused module `\control_unit'.
Removing unused module `\clk_gate'.
Removing unused module `\clk_div_mux'.
Removing unused module `\branch_predictor'.
Removing unused module `\branch_comprator'.
Removing unused module `\branch_comp_decoder'.
Removing unused module `\axi_lite_uart'.
Removing unused module `\axi_lite_timer'.
Removing unused module `\axi_lite_master'.
Removing unused module `\axi_lite_gpio'.
Removing unused module `\axi_lite_dot'.
Removing unused module `\axi_interconnect_2m_8s'.
Removing unused module `\arbiter'.
Removing unused module `\alu_src_b_mux'.
Removing unused module `\alu_src_a_mux'.
Removing unused module `\alu'.
Removing unused module `\$paramod$e9b0330b32c707496d2ac0891b99a36ab486e931\asynchronous_fifo_gen'.
Removing unused module `\$paramod$72f83d20332db853f52d52010cdb396e42162176\asynchronous_fifo_gen'.
Removing unused module `\sky130_fd_sc_hd__xor3_4'.
Removing unused module `\sky130_fd_sc_hd__xor3_2'.
Removing unused module `\sky130_fd_sc_hd__xor2_4'.
Removing unused module `\sky130_fd_sc_hd__xor2_2'.
Removing unused module `\sky130_fd_sc_hd__xnor3_4'.
Removing unused module `\sky130_fd_sc_hd__xnor3_2'.
Removing unused module `\sky130_fd_sc_hd__xnor2_4'.
Removing unused module `\sky130_fd_sc_hd__xnor2_2'.
Removing unused module `\sky130_fd_sc_hd__sedfxtp_4'.
Removing unused module `\sky130_fd_sc_hd__sedfxtp_2'.
Removing unused module `\sky130_fd_sc_hd__sedfxtp_1'.
Removing unused module `\sky130_fd_sc_hd__sedfxbp_2'.
Removing unused module `\sky130_fd_sc_hd__sedfxbp_1'.
Removing unused module `\sky130_fd_sc_hd__sdfxtp_4'.
Removing unused module `\sky130_fd_sc_hd__sdfxtp_2'.
Removing unused module `\sky130_fd_sc_hd__sdfxtp_1'.
Removing unused module `\sky130_fd_sc_hd__sdfxbp_2'.
Removing unused module `\sky130_fd_sc_hd__sdfxbp_1'.
Removing unused module `\sky130_fd_sc_hd__sdfstp_4'.
Removing unused module `\sky130_fd_sc_hd__sdfstp_2'.
Removing unused module `\sky130_fd_sc_hd__sdfstp_1'.
Removing unused module `\sky130_fd_sc_hd__sdfsbp_2'.
Removing unused module `\sky130_fd_sc_hd__sdfsbp_1'.
Removing unused module `\sky130_fd_sc_hd__sdfrtp_4'.
Removing unused module `\sky130_fd_sc_hd__sdfrtp_2'.
Removing unused module `\sky130_fd_sc_hd__sdfrtp_1'.
Removing unused module `\sky130_fd_sc_hd__sdfrtn_1'.
Removing unused module `\sky130_fd_sc_hd__sdfrbp_2'.
Removing unused module `\sky130_fd_sc_hd__sdfrbp_1'.
Removing unused module `\sky130_fd_sc_hd__sdfbbp_1'.
Removing unused module `\sky130_fd_sc_hd__sdfbbn_2'.
Removing unused module `\sky130_fd_sc_hd__sdfbbn_1'.
Removing unused module `\sky130_fd_sc_hd__probec_p_8'.
Removing unused module `\sky130_fd_sc_hd__probe_p_8'.
Removing unused module `\sky130_fd_sc_hd__or4bb_4'.
Removing unused module `\sky130_fd_sc_hd__or4bb_2'.
Removing unused module `\sky130_fd_sc_hd__or4bb_1'.
Removing unused module `\sky130_fd_sc_hd__or4b_4'.
Removing unused module `\sky130_fd_sc_hd__or4b_2'.
Removing unused module `\sky130_fd_sc_hd__or4_4'.
Removing unused module `\sky130_fd_sc_hd__or4_2'.
Removing unused module `\sky130_fd_sc_hd__or3b_4'.
Removing unused module `\sky130_fd_sc_hd__or3b_2'.
Removing unused module `\sky130_fd_sc_hd__or3_4'.
Removing unused module `\sky130_fd_sc_hd__or3_2'.
Removing unused module `\sky130_fd_sc_hd__or2b_4'.
Removing unused module `\sky130_fd_sc_hd__or2b_2'.
Removing unused module `\sky130_fd_sc_hd__or2b_1'.
Removing unused module `\sky130_fd_sc_hd__or2_4'.
Removing unused module `\sky130_fd_sc_hd__or2_2'.
Removing unused module `\sky130_fd_sc_hd__or2_1'.
Removing unused module `\sky130_fd_sc_hd__or2_0'.
Removing unused module `\sky130_fd_sc_hd__o41ai_4'.
Removing unused module `\sky130_fd_sc_hd__o41ai_2'.
Removing unused module `\sky130_fd_sc_hd__o41ai_1'.
Removing unused module `\sky130_fd_sc_hd__o41a_4'.
Removing unused module `\sky130_fd_sc_hd__o41a_2'.
Removing unused module `\sky130_fd_sc_hd__o41a_1'.
Removing unused module `\sky130_fd_sc_hd__o32ai_4'.
Removing unused module `\sky130_fd_sc_hd__o32ai_2'.
Removing unused module `\sky130_fd_sc_hd__o32ai_1'.
Removing unused module `\sky130_fd_sc_hd__o32a_4'.
Removing unused module `\sky130_fd_sc_hd__o32a_2'.
Removing unused module `\sky130_fd_sc_hd__o32a_1'.
Removing unused module `\sky130_fd_sc_hd__o31ai_4'.
Removing unused module `\sky130_fd_sc_hd__o31ai_2'.
Removing unused module `\sky130_fd_sc_hd__o31a_4'.
Removing unused module `\sky130_fd_sc_hd__o31a_2'.
Removing unused module `\sky130_fd_sc_hd__o311ai_4'.
Removing unused module `\sky130_fd_sc_hd__o311ai_2'.
Removing unused module `\sky130_fd_sc_hd__o311ai_1'.
Removing unused module `\sky130_fd_sc_hd__o311a_4'.
Removing unused module `\sky130_fd_sc_hd__o311a_2'.
Removing unused module `\sky130_fd_sc_hd__o311a_1'.
Removing unused module `\sky130_fd_sc_hd__o2bb2ai_4'.
Removing unused module `\sky130_fd_sc_hd__o2bb2ai_2'.
Removing unused module `\sky130_fd_sc_hd__o2bb2a_4'.
Removing unused module `\sky130_fd_sc_hd__o2bb2a_2'.
Removing unused module `\sky130_fd_sc_hd__o2bb2a_1'.
Removing unused module `\sky130_fd_sc_hd__o22ai_4'.
Removing unused module `\sky130_fd_sc_hd__o22ai_2'.
Removing unused module `\sky130_fd_sc_hd__o22a_4'.
Removing unused module `\sky130_fd_sc_hd__o22a_2'.
Removing unused module `\sky130_fd_sc_hd__o22a_1'.
Removing unused module `\sky130_fd_sc_hd__o221ai_4'.
Removing unused module `\sky130_fd_sc_hd__o221ai_2'.
Removing unused module `\sky130_fd_sc_hd__o221ai_1'.
Removing unused module `\sky130_fd_sc_hd__o221a_4'.
Removing unused module `\sky130_fd_sc_hd__o221a_2'.
Removing unused module `\sky130_fd_sc_hd__o221a_1'.
Removing unused module `\sky130_fd_sc_hd__o21bai_4'.
Removing unused module `\sky130_fd_sc_hd__o21bai_2'.
Removing unused module `\sky130_fd_sc_hd__o21ba_4'.
Removing unused module `\sky130_fd_sc_hd__o21ba_2'.
Removing unused module `\sky130_fd_sc_hd__o21ba_1'.
Removing unused module `\sky130_fd_sc_hd__o21ai_4'.
Removing unused module `\sky130_fd_sc_hd__o21ai_2'.
Removing unused module `\sky130_fd_sc_hd__o21ai_1'.
Removing unused module `\sky130_fd_sc_hd__o21a_4'.
Removing unused module `\sky130_fd_sc_hd__o21a_2'.
Removing unused module `\sky130_fd_sc_hd__o211ai_4'.
Removing unused module `\sky130_fd_sc_hd__o211ai_2'.
Removing unused module `\sky130_fd_sc_hd__o211a_4'.
Removing unused module `\sky130_fd_sc_hd__o211a_2'.
Removing unused module `\sky130_fd_sc_hd__o211a_1'.
Removing unused module `\sky130_fd_sc_hd__o2111ai_4'.
Removing unused module `\sky130_fd_sc_hd__o2111ai_2'.
Removing unused module `\sky130_fd_sc_hd__o2111a_4'.
Removing unused module `\sky130_fd_sc_hd__o2111a_2'.
Removing unused module `\sky130_fd_sc_hd__nor4bb_4'.
Removing unused module `\sky130_fd_sc_hd__nor4bb_2'.
Removing unused module `\sky130_fd_sc_hd__nor4bb_1'.
Removing unused module `\sky130_fd_sc_hd__nor4b_4'.
Removing unused module `\sky130_fd_sc_hd__nor4b_2'.
Removing unused module `\sky130_fd_sc_hd__nor4_4'.
Removing unused module `\sky130_fd_sc_hd__nor4_2'.
Removing unused module `\sky130_fd_sc_hd__nor3b_4'.
Removing unused module `\sky130_fd_sc_hd__nor3b_2'.
Removing unused module `\sky130_fd_sc_hd__nor3_4'.
Removing unused module `\sky130_fd_sc_hd__nor3_2'.
Removing unused module `\sky130_fd_sc_hd__nor2b_4'.
Removing unused module `\sky130_fd_sc_hd__nor2b_2'.
Removing unused module `\sky130_fd_sc_hd__nor2b_1'.
Removing unused module `\sky130_fd_sc_hd__nor2_8'.
Removing unused module `\sky130_fd_sc_hd__nor2_4'.
Removing unused module `\sky130_fd_sc_hd__nor2_2'.
Removing unused module `\sky130_fd_sc_hd__nand4bb_4'.
Removing unused module `\sky130_fd_sc_hd__nand4bb_2'.
Removing unused module `\sky130_fd_sc_hd__nand4b_4'.
Removing unused module `\sky130_fd_sc_hd__nand4b_2'.
Removing unused module `\sky130_fd_sc_hd__nand4b_1'.
Removing unused module `\sky130_fd_sc_hd__nand4_4'.
Removing unused module `\sky130_fd_sc_hd__nand4_2'.
Removing unused module `\sky130_fd_sc_hd__nand3b_4'.
Removing unused module `\sky130_fd_sc_hd__nand3b_2'.
Removing unused module `\sky130_fd_sc_hd__nand3_4'.
Removing unused module `\sky130_fd_sc_hd__nand3_2'.
Removing unused module `\sky130_fd_sc_hd__nand2b_4'.
Removing unused module `\sky130_fd_sc_hd__nand2b_2'.
Removing unused module `\sky130_fd_sc_hd__nand2_8'.
Removing unused module `\sky130_fd_sc_hd__nand2_4'.
Removing unused module `\sky130_fd_sc_hd__nand2_2'.
Removing unused module `\sky130_fd_sc_hd__mux4_4'.
Removing unused module `\sky130_fd_sc_hd__mux4_2'.
Removing unused module `\sky130_fd_sc_hd__mux4_1'.
Removing unused module `\sky130_fd_sc_hd__mux2i_4'.
Removing unused module `\sky130_fd_sc_hd__mux2i_2'.
Removing unused module `\sky130_fd_sc_hd__mux2_8'.
Removing unused module `\sky130_fd_sc_hd__mux2_4'.
Removing unused module `\sky130_fd_sc_hd__mux2_2'.
Removing unused module `\sky130_fd_sc_hd__maj3_4'.
Removing unused module `\sky130_fd_sc_hd__maj3_2'.
Removing unused module `\sky130_fd_sc_hd__maj3_1'.
Removing unused module `\sky130_fd_sc_hd__macro_sparecell'.
Removing unused module `\sky130_fd_sc_hd__lpflow_lsbuf_lh_isowell_tap_4'.
Removing unused module `\sky130_fd_sc_hd__lpflow_lsbuf_lh_isowell_tap_2'.
Removing unused module `\sky130_fd_sc_hd__lpflow_lsbuf_lh_isowell_tap_1'.
Removing unused module `\sky130_fd_sc_hd__lpflow_lsbuf_lh_isowell_4'.
Removing unused module `\sky130_fd_sc_hd__lpflow_lsbuf_lh_hl_isowell_tap_4'.
Removing unused module `\sky130_fd_sc_hd__lpflow_lsbuf_lh_hl_isowell_tap_2'.
Removing unused module `\sky130_fd_sc_hd__lpflow_lsbuf_lh_hl_isowell_tap_1'.
Removing unused module `\sky130_fd_sc_hd__lpflow_isobufsrckapwr_16'.
Removing unused module `\sky130_fd_sc_hd__lpflow_isobufsrc_8'.
Removing unused module `\sky130_fd_sc_hd__lpflow_isobufsrc_4'.
Removing unused module `\sky130_fd_sc_hd__lpflow_isobufsrc_2'.
Removing unused module `\sky130_fd_sc_hd__lpflow_isobufsrc_16'.
Removing unused module `\sky130_fd_sc_hd__lpflow_inputisolatch_1'.
Removing unused module `\sky130_fd_sc_hd__lpflow_inputiso1n_1'.
Removing unused module `\sky130_fd_sc_hd__lpflow_inputiso0p_1'.
Removing unused module `\sky130_fd_sc_hd__lpflow_inputiso0n_1'.
Removing unused module `\sky130_fd_sc_hd__lpflow_decapkapwr_8'.
Removing unused module `\sky130_fd_sc_hd__lpflow_decapkapwr_6'.
Removing unused module `\sky130_fd_sc_hd__lpflow_decapkapwr_4'.
Removing unused module `\sky130_fd_sc_hd__lpflow_decapkapwr_3'.
Removing unused module `\sky130_fd_sc_hd__lpflow_decapkapwr_12'.
Removing unused module `\sky130_fd_sc_hd__lpflow_clkinvkapwr_8'.
Removing unused module `\sky130_fd_sc_hd__lpflow_clkinvkapwr_4'.
Removing unused module `\sky130_fd_sc_hd__lpflow_clkinvkapwr_2'.
Removing unused module `\sky130_fd_sc_hd__lpflow_clkinvkapwr_16'.
Removing unused module `\sky130_fd_sc_hd__lpflow_clkinvkapwr_1'.
Removing unused module `\sky130_fd_sc_hd__lpflow_clkbufkapwr_8'.
Removing unused module `\sky130_fd_sc_hd__lpflow_clkbufkapwr_4'.
Removing unused module `\sky130_fd_sc_hd__lpflow_clkbufkapwr_2'.
Removing unused module `\sky130_fd_sc_hd__lpflow_clkbufkapwr_16'.
Removing unused module `\sky130_fd_sc_hd__lpflow_clkbufkapwr_1'.
Removing unused module `\sky130_fd_sc_hd__lpflow_bleeder_1'.
Removing unused module `\sky130_fd_sc_hd__inv_8'.
Removing unused module `\sky130_fd_sc_hd__inv_6'.
Removing unused module `\sky130_fd_sc_hd__inv_4'.
Removing unused module `\sky130_fd_sc_hd__inv_2'.
Removing unused module `\sky130_fd_sc_hd__inv_16'.
Removing unused module `\sky130_fd_sc_hd__inv_12'.
Removing unused module `\sky130_fd_sc_hd__inv_1'.
Removing unused module `\sky130_fd_sc_hd__ha_4'.
Removing unused module `\sky130_fd_sc_hd__ha_2'.
Removing unused module `\sky130_fd_sc_hd__ha_1'.
Removing unused module `\sky130_fd_sc_hd__fahcon_1'.
Removing unused module `\sky130_fd_sc_hd__fahcin_1'.
Removing unused module `\sky130_fd_sc_hd__fah_1'.
Removing unused module `\sky130_fd_sc_hd__fa_4'.
Removing unused module `\sky130_fd_sc_hd__fa_2'.
Removing unused module `\sky130_fd_sc_hd__fa_1'.
Removing unused module `\sky130_fd_sc_hd__einvp_8'.
Removing unused module `\sky130_fd_sc_hd__einvp_4'.
Removing unused module `\sky130_fd_sc_hd__einvp_2'.
Removing unused module `\sky130_fd_sc_hd__einvp_1'.
Removing unused module `\sky130_fd_sc_hd__einvn_8'.
Removing unused module `\sky130_fd_sc_hd__einvn_4'.
Removing unused module `\sky130_fd_sc_hd__einvn_2'.
Removing unused module `\sky130_fd_sc_hd__einvn_1'.
Removing unused module `\sky130_fd_sc_hd__einvn_0'.
Removing unused module `\sky130_fd_sc_hd__edfxtp_1'.
Removing unused module `\sky130_fd_sc_hd__edfxbp_1'.
Removing unused module `\sky130_fd_sc_hd__ebufn_8'.
Removing unused module `\sky130_fd_sc_hd__ebufn_4'.
Removing unused module `\sky130_fd_sc_hd__ebufn_2'.
Removing unused module `\sky130_fd_sc_hd__ebufn_1'.
Removing unused module `\sky130_fd_sc_hd__dlymetal6s6s_1'.
Removing unused module `\sky130_fd_sc_hd__dlymetal6s4s_1'.
Removing unused module `\sky130_fd_sc_hd__dlymetal6s2s_1'.
Removing unused module `\sky130_fd_sc_hd__dlygate4sd3_1'.
Removing unused module `\sky130_fd_sc_hd__dlygate4sd2_1'.
Removing unused module `\sky130_fd_sc_hd__dlygate4sd1_1'.
Removing unused module `\sky130_fd_sc_hd__dlxtp_1'.
Removing unused module `\sky130_fd_sc_hd__dlxtn_4'.
Removing unused module `\sky130_fd_sc_hd__dlxtn_2'.
Removing unused module `\sky130_fd_sc_hd__dlxtn_1'.
Removing unused module `\sky130_fd_sc_hd__dlxbp_1'.
Removing unused module `\sky130_fd_sc_hd__dlxbn_2'.
Removing unused module `\sky130_fd_sc_hd__dlxbn_1'.
Removing unused module `\sky130_fd_sc_hd__dlrtp_4'.
Removing unused module `\sky130_fd_sc_hd__dlrtp_2'.
Removing unused module `\sky130_fd_sc_hd__dlrtp_1'.
Removing unused module `\sky130_fd_sc_hd__dlrtn_4'.
Removing unused module `\sky130_fd_sc_hd__dlrtn_2'.
Removing unused module `\sky130_fd_sc_hd__dlrtn_1'.
Removing unused module `\sky130_fd_sc_hd__dlrbp_2'.
Removing unused module `\sky130_fd_sc_hd__dlrbp_1'.
Removing unused module `\sky130_fd_sc_hd__dlrbn_2'.
Removing unused module `\sky130_fd_sc_hd__dlrbn_1'.
Removing unused module `\sky130_fd_sc_hd__diode_2'.
Removing unused module `\sky130_fd_sc_hd__dfxtp_4'.
Removing unused module `\sky130_fd_sc_hd__dfxtp_2'.
Removing unused module `\sky130_fd_sc_hd__dfxbp_2'.
Removing unused module `\sky130_fd_sc_hd__dfxbp_1'.
Removing unused module `\sky130_fd_sc_hd__dfstp_4'.
Removing unused module `\sky130_fd_sc_hd__dfstp_2'.
Removing unused module `\sky130_fd_sc_hd__dfstp_1'.
Removing unused module `\sky130_fd_sc_hd__dfsbp_2'.
Removing unused module `\sky130_fd_sc_hd__dfsbp_1'.
Removing unused module `\sky130_fd_sc_hd__dfrtp_4'.
Removing unused module `\sky130_fd_sc_hd__dfrtp_2'.
Removing unused module `\sky130_fd_sc_hd__dfrtp_1'.
Removing unused module `\sky130_fd_sc_hd__dfrtn_1'.
Removing unused module `\sky130_fd_sc_hd__dfrbp_2'.
Removing unused module `\sky130_fd_sc_hd__dfrbp_1'.
Removing unused module `\sky130_fd_sc_hd__dfbbp_1'.
Removing unused module `\sky130_fd_sc_hd__dfbbn_2'.
Removing unused module `\sky130_fd_sc_hd__dfbbn_1'.
Removing unused module `\sky130_fd_sc_hd__decap_8'.
Removing unused module `\sky130_fd_sc_hd__decap_6'.
Removing unused module `\sky130_fd_sc_hd__decap_4'.
Removing unused module `\sky130_fd_sc_hd__decap_3'.
Removing unused module `\sky130_fd_sc_hd__decap_12'.
Removing unused module `\sky130_fd_sc_hd__conb_1'.
Removing unused module `\sky130_fd_sc_hd__clkinvlp_4'.
Removing unused module `\sky130_fd_sc_hd__clkinvlp_2'.
Removing unused module `\sky130_fd_sc_hd__clkinv_8'.
Removing unused module `\sky130_fd_sc_hd__clkinv_4'.
Removing unused module `\sky130_fd_sc_hd__clkinv_2'.
Removing unused module `\sky130_fd_sc_hd__clkinv_16'.
Removing unused module `\sky130_fd_sc_hd__clkdlybuf4s50_2'.
Removing unused module `\sky130_fd_sc_hd__clkdlybuf4s50_1'.
Removing unused module `\sky130_fd_sc_hd__clkdlybuf4s25_2'.
Removing unused module `\sky130_fd_sc_hd__clkdlybuf4s25_1'.
Removing unused module `\sky130_fd_sc_hd__clkdlybuf4s18_2'.
Removing unused module `\sky130_fd_sc_hd__clkdlybuf4s18_1'.
Removing unused module `\sky130_fd_sc_hd__clkdlybuf4s15_2'.
Removing unused module `\sky130_fd_sc_hd__clkdlybuf4s15_1'.
Removing unused module `\sky130_fd_sc_hd__clkbuf_8'.
Removing unused module `\sky130_fd_sc_hd__clkbuf_4'.
Removing unused module `\sky130_fd_sc_hd__clkbuf_2'.
Removing unused module `\sky130_fd_sc_hd__clkbuf_16'.
Removing unused module `\sky130_fd_sc_hd__clkbuf_1'.
Removing unused module `\sky130_fd_sc_hd__bufinv_8'.
Removing unused module `\sky130_fd_sc_hd__bufinv_16'.
Removing unused module `\sky130_fd_sc_hd__bufbuf_8'.
Removing unused module `\sky130_fd_sc_hd__bufbuf_16'.
Removing unused module `\sky130_fd_sc_hd__buf_8'.
Removing unused module `\sky130_fd_sc_hd__buf_6'.
Removing unused module `\sky130_fd_sc_hd__buf_4'.
Removing unused module `\sky130_fd_sc_hd__buf_2'.
Removing unused module `\sky130_fd_sc_hd__buf_16'.
Removing unused module `\sky130_fd_sc_hd__buf_12'.
Removing unused module `\sky130_fd_sc_hd__buf_1'.
Removing unused module `\sky130_fd_sc_hd__and4bb_4'.
Removing unused module `\sky130_fd_sc_hd__and4bb_2'.
Removing unused module `\sky130_fd_sc_hd__and4bb_1'.
Removing unused module `\sky130_fd_sc_hd__and4b_4'.
Removing unused module `\sky130_fd_sc_hd__and4b_2'.
Removing unused module `\sky130_fd_sc_hd__and4_4'.
Removing unused module `\sky130_fd_sc_hd__and4_2'.
Removing unused module `\sky130_fd_sc_hd__and3b_4'.
Removing unused module `\sky130_fd_sc_hd__and3b_2'.
Removing unused module `\sky130_fd_sc_hd__and3_4'.
Removing unused module `\sky130_fd_sc_hd__and3_2'.
Removing unused module `\sky130_fd_sc_hd__and2b_4'.
Removing unused module `\sky130_fd_sc_hd__and2b_2'.
Removing unused module `\sky130_fd_sc_hd__and2b_1'.
Removing unused module `\sky130_fd_sc_hd__and2_4'.
Removing unused module `\sky130_fd_sc_hd__and2_2'.
Removing unused module `\sky130_fd_sc_hd__and2_1'.
Removing unused module `\sky130_fd_sc_hd__a41oi_4'.
Removing unused module `\sky130_fd_sc_hd__a41oi_2'.
Removing unused module `\sky130_fd_sc_hd__a41oi_1'.
Removing unused module `\sky130_fd_sc_hd__a41o_4'.
Removing unused module `\sky130_fd_sc_hd__a41o_2'.
Removing unused module `\sky130_fd_sc_hd__a41o_1'.
Removing unused module `\sky130_fd_sc_hd__a32oi_4'.
Removing unused module `\sky130_fd_sc_hd__a32oi_2'.
Removing unused module `\sky130_fd_sc_hd__a32o_4'.
Removing unused module `\sky130_fd_sc_hd__a32o_2'.
Removing unused module `\sky130_fd_sc_hd__a32o_1'.
Removing unused module `\sky130_fd_sc_hd__a31oi_4'.
Removing unused module `\sky130_fd_sc_hd__a31oi_2'.
Removing unused module `\sky130_fd_sc_hd__a31o_4'.
Removing unused module `\sky130_fd_sc_hd__a31o_2'.
Removing unused module `\sky130_fd_sc_hd__a311oi_4'.
Removing unused module `\sky130_fd_sc_hd__a311oi_2'.
Removing unused module `\sky130_fd_sc_hd__a311oi_1'.
Removing unused module `\sky130_fd_sc_hd__a311o_4'.
Removing unused module `\sky130_fd_sc_hd__a311o_2'.
Removing unused module `\sky130_fd_sc_hd__a311o_1'.
Removing unused module `\sky130_fd_sc_hd__a2bb2oi_4'.
Removing unused module `\sky130_fd_sc_hd__a2bb2oi_2'.
Removing unused module `\sky130_fd_sc_hd__a2bb2o_4'.
Removing unused module `\sky130_fd_sc_hd__a2bb2o_2'.
Removing unused module `\sky130_fd_sc_hd__a2bb2o_1'.
Removing unused module `\sky130_fd_sc_hd__a22oi_4'.
Removing unused module `\sky130_fd_sc_hd__a22oi_2'.
Removing unused module `\sky130_fd_sc_hd__a22o_4'.
Removing unused module `\sky130_fd_sc_hd__a22o_2'.
Removing unused module `\sky130_fd_sc_hd__a22o_1'.
Removing unused module `\sky130_fd_sc_hd__a221oi_4'.
Removing unused module `\sky130_fd_sc_hd__a221oi_2'.
Removing unused module `\sky130_fd_sc_hd__a221o_4'.
Removing unused module `\sky130_fd_sc_hd__a221o_2'.
Removing unused module `\sky130_fd_sc_hd__a221o_1'.
Removing unused module `\sky130_fd_sc_hd__a21oi_4'.
Removing unused module `\sky130_fd_sc_hd__a21oi_2'.
Removing unused module `\sky130_fd_sc_hd__a21o_4'.
Removing unused module `\sky130_fd_sc_hd__a21o_2'.
Removing unused module `\sky130_fd_sc_hd__a21boi_4'.
Removing unused module `\sky130_fd_sc_hd__a21boi_2'.
Removing unused module `\sky130_fd_sc_hd__a21boi_1'.
Removing unused module `\sky130_fd_sc_hd__a21bo_4'.
Removing unused module `\sky130_fd_sc_hd__a21bo_2'.
Removing unused module `\sky130_fd_sc_hd__a21bo_1'.
Removing unused module `\sky130_fd_sc_hd__a211oi_4'.
Removing unused module `\sky130_fd_sc_hd__a211oi_2'.
Removing unused module `\sky130_fd_sc_hd__a211o_4'.
Removing unused module `\sky130_fd_sc_hd__a211o_2'.
Removing unused module `\sky130_fd_sc_hd__a211o_1'.
Removing unused module `\sky130_fd_sc_hd__a2111oi_4'.
Removing unused module `\sky130_fd_sc_hd__a2111oi_2'.
Removing unused module `\sky130_fd_sc_hd__a2111oi_1'.
Removing unused module `\sky130_fd_sc_hd__a2111o_4'.
Removing unused module `\sky130_fd_sc_hd__a2111o_2'.
Removing unused module `\sky130_fd_sc_hd__a2111o_1'.
Removed 423 unused modules.

61.2. Executing PROC pass (convert processes to netlists).

61.2.1. Executing PROC_CLEAN pass (remove empty switches from decision trees).
Cleaned up 0 empty switches.

61.2.2. Executing PROC_RMDEAD pass (remove dead branches from decision trees).
Removed a total of 0 dead cases.

61.2.3. Executing PROC_PRUNE pass (remove redundant assignments in processes).
Removed 0 redundant assignments.
Promoted 0 assignments to connections.

61.2.4. Executing PROC_INIT pass (extract init attributes).

61.2.5. Executing PROC_ARST pass (detect async resets in processes).

61.2.6. Executing PROC_ROM pass (convert switches to ROMs).
Converted 0 switches.

61.2.7. Executing PROC_MUX pass (convert decision trees to multiplexers).

61.2.8. Executing PROC_DLATCH pass (convert process syncs to latches).

61.2.9. Executing PROC_DFF pass (convert process syncs to FFs).

61.2.10. Executing PROC_MEMWR pass (convert process memory writes to cells).

61.2.11. Executing PROC_CLEAN pass (remove empty switches from decision trees).
Cleaned up 0 empty switches.

61.2.12. Executing OPT_EXPR pass (perform const folding).
Optimizing module sky130_fd_sc_hd__a31oi_1.
Optimizing module sky130_fd_sc_hd__or3_1.
Optimizing module sky130_fd_sc_hd__mux2i_1.
Optimizing module sky130_fd_sc_hd__a31o_1.
Optimizing module sky130_fd_sc_hd__or4b_1.
Optimizing module sky130_fd_sc_hd__o2bb2ai_1.
Optimizing module sky130_fd_sc_hd__o31ai_1.
Optimizing module sky130_fd_sc_hd__mux2_1.
Optimizing module axi_lite_dma_config.
Optimizing module sky130_fd_sc_hd__nor2_1.
Optimizing module sky130_fd_sc_hd__o2111ai_1.
Optimizing module sky130_fd_sc_hd__o21bai_1.
Optimizing module sky130_fd_sc_hd__a2bb2oi_1.
Optimizing module sky130_fd_sc_hd__nand4bb_1.
Optimizing module sky130_fd_sc_hd__xnor3_1.
Optimizing module sky130_fd_sc_hd__o2111a_1.
Optimizing module sky130_fd_sc_hd__and4b_1.
Optimizing module sky130_fd_sc_hd__o31a_1.
Optimizing module sky130_fd_sc_hd__a22oi_1.
Optimizing module sky130_fd_sc_hd__or4_1.
Optimizing module sky130_fd_sc_hd__and4_1.
Optimizing module sky130_fd_sc_hd__o22ai_1.
Optimizing module sky130_fd_sc_hd__a222oi_1.
Optimizing module sky130_fd_sc_hd__nand4_1.
Optimizing module sky130_fd_sc_hd__and3b_1.
Optimizing module sky130_fd_sc_hd__a221oi_1.
Optimizing module dma_controller.
Optimizing module sky130_fd_sc_hd__xor2_1.
Optimizing module sky130_fd_sc_hd__and3_1.
Optimizing module sky130_fd_sc_hd__nand3b_1.
Optimizing module sky130_fd_sc_hd__nor4b_1.
Optimizing module sky130_fd_sc_hd__a21oi_1.
Optimizing module sky130_fd_sc_hd__clkinv_1.
Optimizing module sky130_fd_sc_hd__o21ai_0.
Optimizing module sky130_fd_sc_hd__a21o_1.
Optimizing module sky130_fd_sc_hd__lpflow_isobufsrc_1.
Optimizing module sky130_fd_sc_hd__nand3_1.
Optimizing module sky130_fd_sc_hd__and2_0.
Optimizing module sky130_fd_sc_hd__a21boi_0.
Optimizing module sky130_fd_sc_hd__lpflow_inputiso1p_1.
Optimizing module sky130_fd_sc_hd__o311ai_0.
Optimizing module sky130_fd_sc_hd__nor4_1.
Optimizing module sky130_fd_sc_hd__nand2b_1.
Optimizing module sky130_fd_sc_hd__or3b_1.
Optimizing module sky130_fd_sc_hd__a211oi_1.
Optimizing module sky130_fd_sc_hd__dfxtp_1.
Optimizing module sky130_fd_sc_hd__o21a_1.
Optimizing module sky130_fd_sc_hd__nor3b_1.
Optimizing module sky130_fd_sc_hd__a32oi_1.
Optimizing module sky130_fd_sc_hd__nand2_1.
Optimizing module sky130_fd_sc_hd__xnor2_1.
Optimizing module sky130_fd_sc_hd__a2111oi_0.
Optimizing module sky130_fd_sc_hd__xor3_1.
Optimizing module sky130_fd_sc_hd__nor3_1.
Optimizing module sky130_fd_sc_hd__o211ai_1.

61.3. Executing FLATTEN pass (flatten design).
Deleting now unused module sky130_fd_sc_hd__a31oi_1.
Deleting now unused module sky130_fd_sc_hd__or3_1.
Deleting now unused module sky130_fd_sc_hd__mux2i_1.
Deleting now unused module sky130_fd_sc_hd__a31o_1.
Deleting now unused module sky130_fd_sc_hd__or4b_1.
Deleting now unused module sky130_fd_sc_hd__o2bb2ai_1.
Deleting now unused module sky130_fd_sc_hd__o31ai_1.
Deleting now unused module sky130_fd_sc_hd__mux2_1.
Deleting now unused module sky130_fd_sc_hd__nor2_1.
Deleting now unused module sky130_fd_sc_hd__o2111ai_1.
Deleting now unused module sky130_fd_sc_hd__o21bai_1.
Deleting now unused module sky130_fd_sc_hd__a2bb2oi_1.
Deleting now unused module sky130_fd_sc_hd__nand4bb_1.
Deleting now unused module sky130_fd_sc_hd__xnor3_1.
Deleting now unused module sky130_fd_sc_hd__o2111a_1.
Deleting now unused module sky130_fd_sc_hd__and4b_1.
Deleting now unused module sky130_fd_sc_hd__o31a_1.
Deleting now unused module sky130_fd_sc_hd__a22oi_1.
Deleting now unused module sky130_fd_sc_hd__or4_1.
Deleting now unused module sky130_fd_sc_hd__and4_1.
Deleting now unused module sky130_fd_sc_hd__o22ai_1.
Deleting now unused module sky130_fd_sc_hd__a222oi_1.
Deleting now unused module sky130_fd_sc_hd__nand4_1.
Deleting now unused module sky130_fd_sc_hd__and3b_1.
Deleting now unused module sky130_fd_sc_hd__a221oi_1.
Deleting now unused module dma_controller.
Deleting now unused module sky130_fd_sc_hd__xor2_1.
Deleting now unused module sky130_fd_sc_hd__and3_1.
Deleting now unused module sky130_fd_sc_hd__nand3b_1.
Deleting now unused module sky130_fd_sc_hd__nor4b_1.
Deleting now unused module sky130_fd_sc_hd__a21oi_1.
Deleting now unused module sky130_fd_sc_hd__clkinv_1.
Deleting now unused module sky130_fd_sc_hd__o21ai_0.
Deleting now unused module sky130_fd_sc_hd__a21o_1.
Deleting now unused module sky130_fd_sc_hd__lpflow_isobufsrc_1.
Deleting now unused module sky130_fd_sc_hd__nand3_1.
Deleting now unused module sky130_fd_sc_hd__and2_0.
Deleting now unused module sky130_fd_sc_hd__a21boi_0.
Deleting now unused module sky130_fd_sc_hd__lpflow_inputiso1p_1.
Deleting now unused module sky130_fd_sc_hd__o311ai_0.
Deleting now unused module sky130_fd_sc_hd__nor4_1.
Deleting now unused module sky130_fd_sc_hd__nand2b_1.
Deleting now unused module sky130_fd_sc_hd__or3b_1.
Deleting now unused module sky130_fd_sc_hd__a211oi_1.
Deleting now unused module sky130_fd_sc_hd__dfxtp_1.
Deleting now unused module sky130_fd_sc_hd__o21a_1.
Deleting now unused module sky130_fd_sc_hd__nor3b_1.
Deleting now unused module sky130_fd_sc_hd__a32oi_1.
Deleting now unused module sky130_fd_sc_hd__nand2_1.
Deleting now unused module sky130_fd_sc_hd__xnor2_1.
Deleting now unused module sky130_fd_sc_hd__a2111oi_0.
Deleting now unused module sky130_fd_sc_hd__xor3_1.
Deleting now unused module sky130_fd_sc_hd__nor3_1.
Deleting now unused module sky130_fd_sc_hd__o211ai_1.
<suppressed ~2454 debug messages>

61.4. Executing FUTURE pass.

61.5. Executing OPT_EXPR pass (perform const folding).
Optimizing module axi_lite_dma_config.
<suppressed ~179 debug messages>

61.6. Executing OPT_CLEAN pass (remove unused cells and wires).
Finding unused cells or wires in module \axi_lite_dma_config..
Removed 1906 unused cells and 4823 unused wires.
<suppressed ~2797 debug messages>

61.7. Executing CHECK pass (checking for obvious problems).
Checking module axi_lite_dma_config...
Found and reported 0 problems.

61.8. Executing OPT pass (performing simple optimizations).

61.8.1. Executing OPT_EXPR pass (perform const folding).
Optimizing module axi_lite_dma_config.

61.8.2. Executing OPT_MERGE pass (detect identical cells).
Finding identical cells in module `\axi_lite_dma_config'.
Computing hashes of 13560 cells of `\axi_lite_dma_config'.
Finding duplicate cells in `\axi_lite_dma_config'.
Computing hashes of 9645 cells of `\axi_lite_dma_config'.
Finding duplicate cells in `\axi_lite_dma_config'.
Computing hashes of 9356 cells of `\axi_lite_dma_config'.
Finding duplicate cells in `\axi_lite_dma_config'.
Computing hashes of 9323 cells of `\axi_lite_dma_config'.
Finding duplicate cells in `\axi_lite_dma_config'.
<suppressed ~12711 debug messages>
Removed a total of 4237 cells.

61.8.3. Executing OPT_MUXTREE pass (detect dead branches in mux trees).
Running muxtree optimizer on module \axi_lite_dma_config..
  Creating internal representation of mux trees.
  No muxes found in this module.
Removed 0 multiplexer ports.

61.8.4. Executing OPT_REDUCE pass (consolidate $*mux and $reduce_* inputs).
  Optimizing cells in module \axi_lite_dma_config.
Performed a total of 0 changes.

61.8.5. Executing OPT_MERGE pass (detect identical cells).
Finding identical cells in module `\axi_lite_dma_config'.
Computing hashes of 9323 cells of `\axi_lite_dma_config'.
Finding duplicate cells in `\axi_lite_dma_config'.
Removed a total of 0 cells.

61.8.6. Executing OPT_CLEAN pass (remove unused cells and wires).
Finding unused cells or wires in module \axi_lite_dma_config..
Removed 0 unused cells and 4237 unused wires.
<suppressed ~1 debug messages>

61.8.7. Executing OPT_EXPR pass (perform const folding).
Optimizing module axi_lite_dma_config.

61.8.8. Rerunning OPT passes. (Maybe there is more to do..)

61.8.9. Executing OPT_MUXTREE pass (detect dead branches in mux trees).
Running muxtree optimizer on module \axi_lite_dma_config..
  Creating internal representation of mux trees.
  No muxes found in this module.
Removed 0 multiplexer ports.

61.8.10. Executing OPT_REDUCE pass (consolidate $*mux and $reduce_* inputs).
  Optimizing cells in module \axi_lite_dma_config.
Performed a total of 0 changes.

61.8.11. Executing OPT_MERGE pass (detect identical cells).
Finding identical cells in module `\axi_lite_dma_config'.
Computing hashes of 9323 cells of `\axi_lite_dma_config'.
Finding duplicate cells in `\axi_lite_dma_config'.
Removed a total of 0 cells.

61.8.12. Executing OPT_CLEAN pass (remove unused cells and wires).
Finding unused cells or wires in module \axi_lite_dma_config..

61.8.13. Executing OPT_EXPR pass (perform const folding).
Optimizing module axi_lite_dma_config.

61.8.14. Finished fast OPT passes. (There is nothing left to do.)

61.9. Executing WREDUCE pass (reducing word size of cells).
Removed top 24 bits (of 32) from wire axi_lite_dma_config.addr_r_w.
Removed top 24 bits (of 32) from wire axi_lite_dma_config.addr.

61.10. Executing OPT_CLEAN pass (remove unused cells and wires).
Finding unused cells or wires in module \axi_lite_dma_config..
Removed 0 unused cells and 2 unused wires.
<suppressed ~1 debug messages>

61.11. Executing MEMORY_COLLECT pass (generating $mem cells).

61.12. Executing OPT pass (performing simple optimizations).

61.12.1. Executing OPT_EXPR pass (perform const folding).
Optimizing module axi_lite_dma_config.

61.12.2. Executing OPT_MERGE pass (detect identical cells).
Finding identical cells in module `\axi_lite_dma_config'.
Computing hashes of 9323 cells of `\axi_lite_dma_config'.
Finding duplicate cells in `\axi_lite_dma_config'.
Removed a total of 0 cells.

61.12.3. Executing OPT_CLEAN pass (remove unused cells and wires).
Finding unused cells or wires in module \axi_lite_dma_config..

61.12.4. Finished fast OPT passes.

61.13. Executing SORT pass.

61.14. Printing statistics.

=== axi_lite_dma_config ===

        +----------Local Count, excluding submodules.
        | 
    14771 wires
    15820 wire bits
    10224 public wires
    11273 public wire bits
       36 ports
      290 port bits
     9323 cells
     2755   $_AND_
      475   $_DFF_P_
     1878   $_NOT_
     1761   $_OR_
     2454   $scopeinfo

61.15. Executing CHECK pass (checking for obvious problems).
Checking module axi_lite_dma_config...
Found and reported 0 problems.

62. Executing MEMORY_MAP pass (converting memories to logic and flip-flops).

63. Executing OPT pass (performing simple optimizations).

63.1. Executing OPT_EXPR pass (perform const folding).
Optimizing module axi_lite_dma_config.

63.2. Executing OPT_MERGE pass (detect identical cells).
Finding identical cells in module `\axi_lite_dma_config'.
Computing hashes of 9323 cells of `\axi_lite_dma_config'.
Finding duplicate cells in `\axi_lite_dma_config'.
Removed a total of 0 cells.

63.3. Executing OPT_DFF pass (perform DFF optimizations).

63.4. Executing OPT_CLEAN pass (remove unused cells and wires).
Finding unused cells or wires in module \axi_lite_dma_config..

63.5. Finished fast OPT passes.
Renaming module \axi_lite_dma_config to \gate_core.

64. Executing Verilog-2005 frontend: /var/folders/td/fl3qdd2s7z7bh32xsr0pklr00000gn/T/nebula-reset-eqy-kb5q_7u3/axi_lite_dma_config.positive.v
Parsing formal Verilog input from `/var/folders/td/fl3qdd2s7z7bh32xsr0pklr00000gn/T/nebula-reset-eqy-kb5q_7u3/axi_lite_dma_config.positive.v' to AST representation.
Generating RTLIL representation for module `\reset_miter'.
Successfully finished Verilog frontend.

65. Executing PREP pass.

65.1. Executing HIERARCHY pass (managing design hierarchy).

65.1.1. Analyzing design hierarchy..
Top module:  \reset_miter
Used module:     \gate_core
Used module:     \gold_core

65.1.2. Analyzing design hierarchy..
Top module:  \reset_miter
Used module:     \gate_core
Used module:     \gold_core
Removed 0 unused modules.
Module reset_miter directly or indirectly contains formal properties -> setting "keep" attribute.

65.2. Executing PROC pass (convert processes to netlists).

65.2.1. Executing PROC_CLEAN pass (remove empty switches from decision trees).
Cleaned up 0 empty switches.

65.2.2. Executing PROC_RMDEAD pass (remove dead branches from decision trees).
Removed a total of 0 dead cases.

65.2.3. Executing PROC_PRUNE pass (remove redundant assignments in processes).
Removed 0 redundant assignments.
Promoted 2 assignments to connections.

65.2.4. Executing PROC_INIT pass (extract init attributes).
Found init rule in `\reset_miter.$proc$/var/folders/td/fl3qdd2s7z7bh32xsr0pklr00000gn/T/nebula-reset-eqy-kb5q_7u3/axi_lite_dma_config.positive.v:56$14413'.
  Set init value: \reset_seen_1 = 1'0
Found init rule in `\reset_miter.$proc$/var/folders/td/fl3qdd2s7z7bh32xsr0pklr00000gn/T/nebula-reset-eqy-kb5q_7u3/axi_lite_dma_config.positive.v:54$14412'.
  Set init value: \reset_seen_0 = 1'0

65.2.5. Executing PROC_ARST pass (detect async resets in processes).

65.2.6. Executing PROC_ROM pass (convert switches to ROMs).
Converted 0 switches.
<suppressed ~5 debug messages>

65.2.7. Executing PROC_MUX pass (convert decision trees to multiplexers).
Creating decoders for process `\reset_miter.$proc$/var/folders/td/fl3qdd2s7z7bh32xsr0pklr00000gn/T/nebula-reset-eqy-kb5q_7u3/axi_lite_dma_config.positive.v:56$14413'.
Creating decoders for process `\reset_miter.$proc$/var/folders/td/fl3qdd2s7z7bh32xsr0pklr00000gn/T/nebula-reset-eqy-kb5q_7u3/axi_lite_dma_config.positive.v:54$14412'.
Creating decoders for process `\reset_miter.$proc$/var/folders/td/fl3qdd2s7z7bh32xsr0pklr00000gn/T/nebula-reset-eqy-kb5q_7u3/axi_lite_dma_config.positive.v:60$14406'.
     1/3: $assert$/var/folders/td/fl3qdd2s7z7bh32xsr0pklr00000gn/T/nebula-reset-eqy-kb5q_7u3/axi_lite_dma_config.positive.v:63$14410_EN
     2/3: $assume$/var/folders/td/fl3qdd2s7z7bh32xsr0pklr00000gn/T/nebula-reset-eqy-kb5q_7u3/axi_lite_dma_config.positive.v:62$14408_EN
     3/3: $assume$/var/folders/td/fl3qdd2s7z7bh32xsr0pklr00000gn/T/nebula-reset-eqy-kb5q_7u3/axi_lite_dma_config.positive.v:61$14407_EN
Creating decoders for process `\reset_miter.$proc$/var/folders/td/fl3qdd2s7z7bh32xsr0pklr00000gn/T/nebula-reset-eqy-kb5q_7u3/axi_lite_dma_config.positive.v:57$14405'.
     1/1: $0\reset_seen_1[0:0]
Creating decoders for process `\reset_miter.$proc$/var/folders/td/fl3qdd2s7z7bh32xsr0pklr00000gn/T/nebula-reset-eqy-kb5q_7u3/axi_lite_dma_config.positive.v:55$14404'.
     1/1: $0\reset_seen_0[0:0]

65.2.8. Executing PROC_DLATCH pass (convert process syncs to latches).

65.2.9. Executing PROC_DFF pass (convert process syncs to FFs).
Creating register for signal `\reset_miter.\reset_seen_1' using process `\reset_miter.$proc$/var/folders/td/fl3qdd2s7z7bh32xsr0pklr00000gn/T/nebula-reset-eqy-kb5q_7u3/axi_lite_dma_config.positive.v:57$14405'.
  created $dff cell `$procdff$14424' with positive edge clock.
Creating register for signal `\reset_miter.\reset_seen_0' using process `\reset_miter.$proc$/var/folders/td/fl3qdd2s7z7bh32xsr0pklr00000gn/T/nebula-reset-eqy-kb5q_7u3/axi_lite_dma_config.positive.v:55$14404'.
  created $dff cell `$procdff$14425' with positive edge clock.

65.2.10. Executing PROC_MEMWR pass (convert process memory writes to cells).

65.2.11. Executing PROC_CLEAN pass (remove empty switches from decision trees).
Removing empty process `reset_miter.$proc$/var/folders/td/fl3qdd2s7z7bh32xsr0pklr00000gn/T/nebula-reset-eqy-kb5q_7u3/axi_lite_dma_config.positive.v:56$14413'.
Removing empty process `reset_miter.$proc$/var/folders/td/fl3qdd2s7z7bh32xsr0pklr00000gn/T/nebula-reset-eqy-kb5q_7u3/axi_lite_dma_config.positive.v:54$14412'.
Found and cleaned up 3 empty switches in `\reset_miter.$proc$/var/folders/td/fl3qdd2s7z7bh32xsr0pklr00000gn/T/nebula-reset-eqy-kb5q_7u3/axi_lite_dma_config.positive.v:60$14406'.
Removing empty process `reset_miter.$proc$/var/folders/td/fl3qdd2s7z7bh32xsr0pklr00000gn/T/nebula-reset-eqy-kb5q_7u3/axi_lite_dma_config.positive.v:60$14406'.
Found and cleaned up 1 empty switch in `\reset_miter.$proc$/var/folders/td/fl3qdd2s7z7bh32xsr0pklr00000gn/T/nebula-reset-eqy-kb5q_7u3/axi_lite_dma_config.positive.v:57$14405'.
Removing empty process `reset_miter.$proc$/var/folders/td/fl3qdd2s7z7bh32xsr0pklr00000gn/T/nebula-reset-eqy-kb5q_7u3/axi_lite_dma_config.positive.v:57$14405'.
Found and cleaned up 1 empty switch in `\reset_miter.$proc$/var/folders/td/fl3qdd2s7z7bh32xsr0pklr00000gn/T/nebula-reset-eqy-kb5q_7u3/axi_lite_dma_config.positive.v:55$14404'.
Removing empty process `reset_miter.$proc$/var/folders/td/fl3qdd2s7z7bh32xsr0pklr00000gn/T/nebula-reset-eqy-kb5q_7u3/axi_lite_dma_config.positive.v:55$14404'.
Cleaned up 5 empty switches.

65.2.12. Executing OPT_EXPR pass (perform const folding).
Optimizing module reset_miter.
Optimizing module gate_core.
Optimizing module gold_core.

65.3. Executing FLATTEN pass (flatten design).
Deleting now unused module gate_core.
Deleting now unused module gold_core.
<suppressed ~2 debug messages>

65.4. Executing FUTURE pass.

65.5. Executing OPT_EXPR pass (perform const folding).
Optimizing module reset_miter.

65.6. Executing OPT_CLEAN pass (remove unused cells and wires).
Finding unused cells or wires in module \reset_miter..
Removed 0 unused cells and 12 unused wires.
<suppressed ~1 debug messages>

65.7. Executing CHECK pass (checking for obvious problems).
Checking module reset_miter...
Found and reported 0 problems.

65.8. Executing OPT pass (performing simple optimizations).

65.8.1. Executing OPT_EXPR pass (perform const folding).
Optimizing module reset_miter.

65.8.2. Executing OPT_MERGE pass (detect identical cells).
Finding identical cells in module `\reset_miter'.
Computing hashes of 9490 cells of `\reset_miter'.
Finding duplicate cells in `\reset_miter'.
Computing hashes of 9489 cells of `\reset_miter'.
Finding duplicate cells in `\reset_miter'.
<suppressed ~3 debug messages>
Removed a total of 1 cells.

65.8.3. Executing OPT_MUXTREE pass (detect dead branches in mux trees).
Running muxtree optimizer on module \reset_miter..
  Creating internal representation of mux trees.
  Evaluating internal representation of mux trees.
  Analyzing evaluation results.
Removed 0 multiplexer ports.
<suppressed ~65 debug messages>

65.8.4. Executing OPT_REDUCE pass (consolidate $*mux and $reduce_* inputs).
  Optimizing cells in module \reset_miter.
Performed a total of 0 changes.

65.8.5. Executing OPT_MERGE pass (detect identical cells).
Finding identical cells in module `\reset_miter'.
Computing hashes of 9489 cells of `\reset_miter'.
Finding duplicate cells in `\reset_miter'.
Computing hashes of 9488 cells of `\reset_miter'.
Finding duplicate cells in `\reset_miter'.
<suppressed ~3 debug messages>
Removed a total of 1 cells.

65.8.6. Executing OPT_CLEAN pass (remove unused cells and wires).
Finding unused cells or wires in module \reset_miter..
Removed 0 unused cells and 2 unused wires.
<suppressed ~1 debug messages>

65.8.7. Executing OPT_EXPR pass (perform const folding).
Optimizing module reset_miter.

65.8.8. Rerunning OPT passes. (Maybe there is more to do..)

65.8.9. Executing OPT_MUXTREE pass (detect dead branches in mux trees).
Running muxtree optimizer on module \reset_miter..
  Creating internal representation of mux trees.
  Evaluating internal representation of mux trees.
  Analyzing evaluation results.
Removed 0 multiplexer ports.
<suppressed ~63 debug messages>

65.8.10. Executing OPT_REDUCE pass (consolidate $*mux and $reduce_* inputs).
  Optimizing cells in module \reset_miter.
Performed a total of 0 changes.

65.8.11. Executing OPT_MERGE pass (detect identical cells).
Finding identical cells in module `\reset_miter'.
Computing hashes of 9488 cells of `\reset_miter'.
Finding duplicate cells in `\reset_miter'.
Removed a total of 0 cells.

65.8.12. Executing OPT_CLEAN pass (remove unused cells and wires).
Finding unused cells or wires in module \reset_miter..

65.8.13. Executing OPT_EXPR pass (perform const folding).
Optimizing module reset_miter.

65.8.14. Finished fast OPT passes. (There is nothing left to do.)

65.9. Executing WREDUCE pass (reducing word size of cells).
Removed top 24 bits (of 32) from FF cell reset_miter.$flatten\gold_i.$auto$ff.cc:337:slice$5773 ($sdffe).
Removed top 1 bits (of 3) from mux cell reset_miter.$flatten\gold_i.\dma_0.$procmux$5459 ($mux).
Removed top 24 bits (of 32) from mux cell reset_miter.$flatten\gold_i.$procmux$5568 ($mux).
Removed top 24 bits (of 32) from mux cell reset_miter.$flatten\gold_i.$procmux$5566 ($mux).
Removed top 24 bits (of 32) from mux cell reset_miter.$flatten\gold_i.$procmux$5563 ($mux).
Removed top 24 bits (of 32) from wire reset_miter.$flatten\gold_i.$procmux$5568_Y.
Removed top 24 bits (of 32) from wire reset_miter.$flatten\gold_i.$procmux$5566_Y.
Removed top 24 bits (of 32) from wire reset_miter.$flatten\gold_i.$procmux$5563_Y.
Removed top 1 bits (of 3) from wire reset_miter.$flatten\gold_i.\dma_0.$2\nxt_state[2:0].
Removed top 2 bits (of 3) from wire reset_miter.$flatten\gold_i.$auto$wreduce.cc:514:run$5701.
Removed top 1 bits (of 3) from wire reset_miter.$flatten\gold_i.$auto$wreduce.cc:514:run$5702.
Removed top 2 bits (of 3) from wire reset_miter.$flatten\gold_i.$auto$wreduce.cc:514:run$5703.

65.10. Executing OPT_CLEAN pass (remove unused cells and wires).
Finding unused cells or wires in module \reset_miter..
Removed 0 unused cells and 7 unused wires.
<suppressed ~1 debug messages>

65.11. Executing MEMORY_COLLECT pass (generating $mem cells).

65.12. Executing OPT pass (performing simple optimizations).

65.12.1. Executing OPT_EXPR pass (perform const folding).
Optimizing module reset_miter.

65.12.2. Executing OPT_MERGE pass (detect identical cells).
Finding identical cells in module `\reset_miter'.
Computing hashes of 9488 cells of `\reset_miter'.
Finding duplicate cells in `\reset_miter'.
Removed a total of 0 cells.

65.12.3. Executing OPT_CLEAN pass (remove unused cells and wires).
Finding unused cells or wires in module \reset_miter..

65.12.4. Finished fast OPT passes.

65.13. Executing SORT pass.

65.14. Printing statistics.

=== reset_miter ===

        +----------Local Count, excluding submodules.
        | 
    15034 wires
    17972 wire bits
    10382 public wires
    12938 public wire bits
       20 ports
      148 port bits
     9488 cells
     2755   $_AND_
      475   $_DFF_P_
     1878   $_NOT_
     1761   $_OR_
        5   $add
        1   $and
        3   $check
        2   $dff
       13   $eq
        1   $initstate
       33   $logic_and
       11   $logic_not
        1   $logic_or
       37   $mux
        3   $not
        2   $pmux
        5   $reduce_and
        6   $reduce_bool
        9   $reduce_or
     2457   $scopeinfo
        1   $sdff
       29   $sdffe

65.15. Executing CHECK pass (checking for obvious problems).
Checking module reset_miter...
Found and reported 0 problems.

66. Executing SAT pass (solving SAT problems in the circuit).
Using SAT solver `minisat`.

Setting up time step 1:
Final constraint equation: { } = { }
Imported 9494 cells to SAT database.
Import constraint from assume cell: \rst_2 when $assume$/var/folders/td/fl3qdd2s7z7bh32xsr0pklr00000gn/T/nebula-reset-eqy-kb5q_7u3/axi_lite_dma_config.positive.v:61$14407_EN.
Import constraint from assume cell: \rst_1 when $assume$/var/folders/td/fl3qdd2s7z7bh32xsr0pklr00000gn/T/nebula-reset-eqy-kb5q_7u3/axi_lite_dma_config.positive.v:61$14407_EN.
Import set-constraint from init attribute: \reset_seen_0 = 1'0
Import set-constraint from init attribute: \reset_seen_1 = 1'0
Final init constraint equation: { \reset_seen_1 \reset_seen_0 } = 2'00
Import proof for assert: $eq$/var/folders/td/fl3qdd2s7z7bh32xsr0pklr00000gn/T/nebula-reset-eqy-kb5q_7u3/axi_lite_dma_config.positive.v:63$14411_Y when $assert$/var/folders/td/fl3qdd2s7z7bh32xsr0pklr00000gn/T/nebula-reset-eqy-kb5q_7u3/axi_lite_dma_config.positive.v:63$14410_EN.

Setting up time step 2:
Final constraint equation: { } = { }
Imported 9494 cells to SAT database.
Import constraint from assume cell: \rst_2 when $assume$/var/folders/td/fl3qdd2s7z7bh32xsr0pklr00000gn/T/nebula-reset-eqy-kb5q_7u3/axi_lite_dma_config.positive.v:61$14407_EN.
Import constraint from assume cell: \rst_1 when $assume$/var/folders/td/fl3qdd2s7z7bh32xsr0pklr00000gn/T/nebula-reset-eqy-kb5q_7u3/axi_lite_dma_config.positive.v:61$14407_EN.
Import proof for assert: $eq$/var/folders/td/fl3qdd2s7z7bh32xsr0pklr00000gn/T/nebula-reset-eqy-kb5q_7u3/axi_lite_dma_config.positive.v:63$14411_Y when $assert$/var/folders/td/fl3qdd2s7z7bh32xsr0pklr00000gn/T/nebula-reset-eqy-kb5q_7u3/axi_lite_dma_config.positive.v:63$14410_EN.

Setting up time step 3:
Final constraint equation: { } = { }
Imported 9494 cells to SAT database.
Import constraint from assume cell: \rst_2 when $assume$/var/folders/td/fl3qdd2s7z7bh32xsr0pklr00000gn/T/nebula-reset-eqy-kb5q_7u3/axi_lite_dma_config.positive.v:61$14407_EN.
Import constraint from assume cell: \rst_1 when $assume$/var/folders/td/fl3qdd2s7z7bh32xsr0pklr00000gn/T/nebula-reset-eqy-kb5q_7u3/axi_lite_dma_config.positive.v:61$14407_EN.
Import proof for assert: $eq$/var/folders/td/fl3qdd2s7z7bh32xsr0pklr00000gn/T/nebula-reset-eqy-kb5q_7u3/axi_lite_dma_config.positive.v:63$14411_Y when $assert$/var/folders/td/fl3qdd2s7z7bh32xsr0pklr00000gn/T/nebula-reset-eqy-kb5q_7u3/axi_lite_dma_config.positive.v:63$14410_EN.

Setting up time step 4:
Final constraint equation: { } = { }
Imported 9494 cells to SAT database.
Import constraint from assume cell: \rst_2 when $assume$/var/folders/td/fl3qdd2s7z7bh32xsr0pklr00000gn/T/nebula-reset-eqy-kb5q_7u3/axi_lite_dma_config.positive.v:61$14407_EN.
Import constraint from assume cell: \rst_1 when $assume$/var/folders/td/fl3qdd2s7z7bh32xsr0pklr00000gn/T/nebula-reset-eqy-kb5q_7u3/axi_lite_dma_config.positive.v:61$14407_EN.
Import proof for assert: $eq$/var/folders/td/fl3qdd2s7z7bh32xsr0pklr00000gn/T/nebula-reset-eqy-kb5q_7u3/axi_lite_dma_config.positive.v:63$14411_Y when $assert$/var/folders/td/fl3qdd2s7z7bh32xsr0pklr00000gn/T/nebula-reset-eqy-kb5q_7u3/axi_lite_dma_config.positive.v:63$14410_EN.

Setting up time step 5:
Final constraint equation: { } = { }
Imported 9494 cells to SAT database.
Import constraint from assume cell: \rst_2 when $assume$/var/folders/td/fl3qdd2s7z7bh32xsr0pklr00000gn/T/nebula-reset-eqy-kb5q_7u3/axi_lite_dma_config.positive.v:61$14407_EN.
Import constraint from assume cell: \rst_1 when $assume$/var/folders/td/fl3qdd2s7z7bh32xsr0pklr00000gn/T/nebula-reset-eqy-kb5q_7u3/axi_lite_dma_config.positive.v:61$14407_EN.
Import proof for assert: $eq$/var/folders/td/fl3qdd2s7z7bh32xsr0pklr00000gn/T/nebula-reset-eqy-kb5q_7u3/axi_lite_dma_config.positive.v:63$14411_Y when $assert$/var/folders/td/fl3qdd2s7z7bh32xsr0pklr00000gn/T/nebula-reset-eqy-kb5q_7u3/axi_lite_dma_config.positive.v:63$14410_EN.

Solving problem with 202613 variables and 527334 clauses..
SAT proof finished - no model found: SUCCESS!

                  /$$$$$$      /$$$$$$$$     /$$$$$$$    
                 /$$__  $$    | $$_____/    | $$__  $$   
                | $$  \ $$    | $$          | $$  \ $$   
                | $$  | $$    | $$$$$       | $$  | $$   
                | $$  | $$    | $$__/       | $$  | $$   
                | $$/$$ $$    | $$          | $$  | $$   
                |  $$$$$$/ /$$| $$$$$$$$ /$$| $$$$$$$//$$
                 \____ $$$|__/|________/|__/|_______/|__/
                       \__/                              

Warnings: 1 unique messages, 1 total
End of script. Logfile hash: b098da722c, time: 4.89s, user: 4.86s, system: 0.22s, MEM: 777.80 MB peak
Yosys 0.67+135 (git sha1 ac5910309-dirty, Release, Clang /usr/local/osxcross/target/bin/aarch64-apple-darwin25.5-clang++ 21.1.8)
Time spent: 68% 60x read_verilog (3 sec), 10% 1x sat (0 sec), ...
