OpenROAD 7cfb2105c93c35ce73de9cf4f538de1c9bf8115a 
Features included (+) or not (-): +GPU -GUI +Python
This program is licensed under the BSD-3 license. See the LICENSE file for details.
Components of this program may be licensed under more restrictive licenses which must be honored.
[INFO ORD-0030] Using 12 thread(s).
read_liberty /Users/shubhanshu/Desktop/Nebula/digital/orfs/flow/platforms/sky130hd/lib/sky130_fd_sc_hd__tt_025C_1v80.lib
read_db /Users/shubhanshu/Desktop/Nebula/digital/artifacts/model_ppa_v3/pnr_v3_sonnet_wide/results/sky130hd/nebula_bench_v2/v3_sonnet_wide/3_place.odb
read_sdc /Users/shubhanshu/Desktop/Nebula/digital/artifacts/model_ppa_v3/pnr_v3_sonnet_wide/results/sky130hd/nebula_bench_v2/v3_sonnet_wide/3_place.sdc
source /Users/shubhanshu/Desktop/Nebula/digital/orfs/flow/platforms/sky130hd/setRC.tcl
clock_tree_synthesis -sink_clustering_enable -repair_clock_nets
[INFO CTS-0050] Root buffer is sky130_fd_sc_hd__clkbuf_16.
[INFO CTS-0051] Sink buffer is sky130_fd_sc_hd__clkbuf_16.
[INFO CTS-0052] The following clock buffers will be used for CTS:
                    sky130_fd_sc_hd__clkbuf_16
[INFO CTS-0049] Characterization buffer is sky130_fd_sc_hd__clkbuf_16.
[INFO CTS-0007] Net "clk1" found for clock "clk1".
[INFO CTS-0011]  Clock net "clk1" for macros has 2 sinks.
[INFO CTS-0011]  Clock net "clk1_regs" for registers has 28501 sinks.
[INFO CTS-0007] Net "clk2" found for clock "clk2".
[WARNING CTS-0041] Net "clk2" has 1 sinks. Skipping...
[INFO CTS-0007] Net "clk3" found for clock "clk3".
[WARNING CTS-0041] Net "clk3" has 1 sinks. Skipping...
[INFO CTS-0007] Net "clk4" found for clock "clk4".
[WARNING CTS-0041] Net "clk4" has 1 sinks. Skipping...
[INFO CTS-0007] Net "clk5" found for clock "clk5".
[WARNING CTS-0041] Net "clk5" has 1 sinks. Skipping...
[INFO CTS-0007] Net "clk_s1_gate" found for clock "clk_s1_gate".
[INFO CTS-0011]  Clock net "clk_s1_gate" for macros has 1 sinks.
[INFO CTS-0011]  Clock net "clk_s1_gate_regs" for registers has 3 sinks.
[INFO CTS-0007] Net "clk_s2_gate" found for clock "clk_s2_gate".
[INFO CTS-0011]  Clock net "clk_s2_gate" for macros has 1 sinks.
[INFO CTS-0011]  Clock net "clk_s2_gate_regs" for registers has 3 sinks.
[INFO CTS-0007] Net "clk_s5_gate" found for clock "clk_s5_gate".
[INFO CTS-0011]  Clock net "clk_s5_gate" for macros has 1 sinks.
[INFO CTS-0011]  Clock net "clk_s5_gate_regs" for registers has 3 sinks.
[INFO CTS-0007] Net "clk_s4_gate" found for clock "clk_s4_gate".
[INFO CTS-0011]  Clock net "clk_s4_gate" for macros has 1 sinks.
[INFO CTS-0011]  Clock net "clk_s4_gate_regs" for registers has 3 sinks.
[INFO CTS-0007] Net "clk_s3" found for clock "clk_s3".
[INFO CTS-0010]  Clock net "clk_s3" has 431 sinks.
[INFO CTS-0007] Net "clk_s8" found for clock "clk_s8".
[INFO CTS-0010]  Clock net "clk_s8" has 2137 sinks.
[INFO CTS-0007] Net "clk_s1" found for clock "clk_s1".
[INFO CTS-0010]  Clock net "clk_s1" has 639 sinks.
[INFO CTS-0007] Net "clk_s2" found for clock "clk_s2".
[INFO CTS-0010]  Clock net "clk_s2" has 1054 sinks.
[INFO CTS-0007] Net "clk_s5" found for clock "clk_s5".
[INFO CTS-0010]  Clock net "clk_s5" has 557 sinks.
[INFO CTS-0007] Net "clk_s4" found for clock "clk_s4".
[INFO CTS-0010]  Clock net "clk_s4" has 678 sinks.
[INFO CTS-0007] Net "timer_clk_div/clk_div2" found for clock "timer_clk_div_clk_div2".
[INFO CTS-0010]  Clock net "timer_clk_div/clk_div2" has 3 sinks.
[WARNING CTS-0041] Net "timer_clk_div\/_00_" has 1 sinks. Skipping...
[WARNING CTS-0041] Net "timer_clk_div\/_05_" has 1 sinks. Skipping...
[WARNING CTS-0041] Net "timer_clk_div\/_04_" has 1 sinks. Skipping...
[WARNING CTS-0041] Net "timer_clk_div\/_03_" has 1 sinks. Skipping...
[INFO CTS-0007] Net "timer_clk_div/clk_div4" found for clock "timer_clk_div_clk_div4".
[INFO CTS-0010]  Clock net "timer_clk_div/clk_div4" has 2 sinks.
[INFO CTS-0007] Net "timer_clk_div/clk_div8" found for clock "timer_clk_div_clk_div8".
[INFO CTS-0010]  Clock net "timer_clk_div/clk_div8" has 2 sinks.
[INFO CTS-0007] Net "gpio_clk_div/clk_div2" found for clock "gpio_clk_div_clk_div2".
[INFO CTS-0010]  Clock net "gpio_clk_div/clk_div2" has 3 sinks.
[WARNING CTS-0041] Net "gpio_clk_div\/_00_" has 1 sinks. Skipping...
[WARNING CTS-0041] Net "gpio_clk_div\/_05_" has 1 sinks. Skipping...
[WARNING CTS-0041] Net "gpio_clk_div\/_04_" has 1 sinks. Skipping...
[WARNING CTS-0041] Net "gpio_clk_div\/_03_" has 1 sinks. Skipping...
[INFO CTS-0007] Net "gpio_clk_div/clk_div4" found for clock "gpio_clk_div_clk_div4".
[INFO CTS-0010]  Clock net "gpio_clk_div/clk_div4" has 2 sinks.
[INFO CTS-0007] Net "gpio_clk_div/clk_div8" found for clock "gpio_clk_div_clk_div8".
[INFO CTS-0010]  Clock net "gpio_clk_div/clk_div8" has 2 sinks.
[INFO CTS-0007] Net "dot_clk_div/clk_div2" found for clock "dot_clk_div_clk_div2".
[INFO CTS-0010]  Clock net "dot_clk_div/clk_div2" has 3 sinks.
[WARNING CTS-0041] Net "dot_clk_div\/_00_" has 1 sinks. Skipping...
[WARNING CTS-0041] Net "dot_clk_div\/_05_" has 1 sinks. Skipping...
[WARNING CTS-0041] Net "dot_clk_div\/_04_" has 1 sinks. Skipping...
[WARNING CTS-0041] Net "dot_clk_div\/_03_" has 1 sinks. Skipping...
[INFO CTS-0007] Net "dot_clk_div/clk_div4" found for clock "dot_clk_div_clk_div4".
[INFO CTS-0010]  Clock net "dot_clk_div/clk_div4" has 2 sinks.
[INFO CTS-0007] Net "dot_clk_div/clk_div8" found for clock "dot_clk_div_clk_div8".
[INFO CTS-0010]  Clock net "dot_clk_div/clk_div8" has 2 sinks.
[INFO CTS-0007] Net "uart_clk_div/clk_div2" found for clock "uart_clk_div_clk_div2".
[INFO CTS-0010]  Clock net "uart_clk_div/clk_div2" has 3 sinks.
[WARNING CTS-0041] Net "uart_clk_div\/_00_" has 1 sinks. Skipping...
[WARNING CTS-0041] Net "uart_clk_div\/_05_" has 1 sinks. Skipping...
[WARNING CTS-0041] Net "uart_clk_div\/_04_" has 1 sinks. Skipping...
[WARNING CTS-0041] Net "uart_clk_div\/_03_" has 1 sinks. Skipping...
[INFO CTS-0007] Net "uart_clk_div/clk_div4" found for clock "uart_clk_div_clk_div4".
[INFO CTS-0010]  Clock net "uart_clk_div/clk_div4" has 2 sinks.
[INFO CTS-0007] Net "uart_clk_div/clk_div8" found for clock "uart_clk_div_clk_div8".
[INFO CTS-0010]  Clock net "uart_clk_div/clk_div8" has 2 sinks.
[INFO CTS-0008] TritonCTS found 28 clock nets.
[INFO CTS-0097] Characterization used 1 buffer(s) types.
[INFO CTS-0201] 0 blockages from hard placement blockages and placed macros will be used.
[INFO CTS-0027] Generating H-Tree topology for net clk1.
[INFO CTS-0028]  Total number of sinks: 2.
[INFO CTS-0060]  Macro  sinks will be clustered in groups of up to 4 and based on buffer max cap.
[INFO CTS-0030]  Number of static layers: 0.
[INFO CTS-0020]  Wire segment unit: 13600  dbu (13 um).
[INFO CTS-0023]  Original sink region: [(437336, 1262027), (609409, 1379107)].
[INFO CTS-0024]  Normalized sink region: [(32.1571, 92.7961), (44.8095, 101.405)].
[INFO CTS-0025]     Width:  12.6524.
[INFO CTS-0026]     Height: 8.6088.
 Level 1
    Direction: Horizontal
    Sinks per sub-region: 1
    Sub-region size: 6.3262 X 8.6088
[INFO CTS-0034]     Segment length (rounded): 4.
[INFO CTS-0038]  Stop criterion found. Sink region hpwl is smaller than max wirelength (1911.535 um) and max number of sinks is 15.
[INFO CTS-0035]  Number of sinks covered: 2.
[INFO CTS-0201] 0 blockages from hard placement blockages and placed macros will be used.
[INFO CTS-0027] Generating H-Tree topology for net clk1_regs.
[INFO CTS-0028]  Total number of sinks: 28501.
[INFO CTS-0060]  Register sinks will be clustered in groups of up to 20 and based on buffer max cap.
[INFO CTS-0030]  Number of static layers: 0.
[INFO CTS-0020]  Wire segment unit: 13600  dbu (13 um).
[INFO CTS-0204] A clustering solution was found from clustering size of 20 and max clustering diameter of 306.
[INFO CTS-0205] Better solution may be possible if either -sink_clustering_size, -sink_clustering_max_diameter, or both options are omitted to enable automatic clustering.
[INFO CTS-0019]  Total number of sinks after clustering: 2792.
[INFO CTS-0024]  Normalized sink region: [(0.933088, 1.51858), (138.005, 138.165)].
[INFO CTS-0025]     Width:  137.0722.
[INFO CTS-0026]     Height: 136.6466.
 Level 1
    Direction: Horizontal
    Sinks per sub-region: 1396
    Sub-region size: 68.5361 X 136.6466
[INFO CTS-0034]     Segment length (rounded): 34.
 Level 2
    Direction: Vertical
    Sinks per sub-region: 698
    Sub-region size: 68.5361 X 68.3233
[INFO CTS-0034]     Segment length (rounded): 34.
 Level 3
    Direction: Horizontal
    Sinks per sub-region: 349
    Sub-region size: 34.2681 X 68.3233
[INFO CTS-0034]     Segment length (rounded): 18.
 Level 4
    Direction: Vertical
    Sinks per sub-region: 175
    Sub-region size: 34.2681 X 34.1617
[INFO CTS-0034]     Segment length (rounded): 18.
 Level 5
    Direction: Horizontal
    Sinks per sub-region: 88
    Sub-region size: 17.1340 X 34.1617
[INFO CTS-0034]     Segment length (rounded): 8.
 Level 6
    Direction: Vertical
    Sinks per sub-region: 44
    Sub-region size: 17.1340 X 17.0808
[INFO CTS-0034]     Segment length (rounded): 8.
 Level 7
    Direction: Horizontal
    Sinks per sub-region: 22
    Sub-region size: 8.5670 X 17.0808
[INFO CTS-0034]     Segment length (rounded): 4.
 Level 8
    Direction: Vertical
    Sinks per sub-region: 11
    Sub-region size: 8.5670 X 8.5404
[INFO CTS-0034]     Segment length (rounded): 4.
[INFO CTS-0038]  Stop criterion found. Sink region hpwl is smaller than max wirelength (1911.535 um) and max number of sinks is 15.
[INFO CTS-0035]  Number of sinks covered: 2792.
[INFO CTS-0201] 0 blockages from hard placement blockages and placed macros will be used.
[INFO CTS-0027] Generating H-Tree topology for net clk_s1_gate.
[INFO CTS-0028]  Total number of sinks: 1.
[INFO CTS-0060]  Macro  sinks will be clustered in groups of up to 4 and based on buffer max cap.
[INFO CTS-0030]  Number of static layers: 0.
[INFO CTS-0020]  Wire segment unit: 13600  dbu (13 um).
[INFO CTS-0023]  Original sink region: [(567977, 1696953), (567977, 1696953)].
[INFO CTS-0024]  Normalized sink region: [(41.763, 124.776), (41.763, 124.776)].
[INFO CTS-0025]     Width:  0.0000.
[INFO CTS-0026]     Height: 0.0000.
 Level 1
    Direction: Vertical
    Sinks per sub-region: 1
    Sub-region size: 0.0000 X 0.0000
[INFO CTS-0034]     Segment length (rounded): 1.
[INFO CTS-0038]  Stop criterion found. Sink region hpwl is smaller than max wirelength (1911.535 um) and max number of sinks is 15.
[INFO CTS-0035]  Number of sinks covered: 1.
[INFO CTS-0201] 0 blockages from hard placement blockages and placed macros will be used.
[INFO CTS-0027] Generating H-Tree topology for net clk_s1_gate_regs.
[INFO CTS-0028]  Total number of sinks: 3.
[INFO CTS-0060]  Register sinks will be clustered in groups of up to 20 and based on buffer max cap.
[INFO CTS-0030]  Number of static layers: 0.
[INFO CTS-0020]  Wire segment unit: 13600  dbu (13 um).
[INFO CTS-0023]  Original sink region: [(854025, 1121940), (859545, 1132820)].
[INFO CTS-0024]  Normalized sink region: [(62.796, 82.4956), (63.2018, 83.2956)].
[INFO CTS-0025]     Width:  0.4059.
[INFO CTS-0026]     Height: 0.8000.
 Level 1
    Direction: Vertical
    Sinks per sub-region: 2
    Sub-region size: 0.4059 X 0.4000
[INFO CTS-0034]     Segment length (rounded): 1.
[INFO CTS-0038]  Stop criterion found. Sink region hpwl is smaller than max wirelength (1911.535 um) and max number of sinks is 15.
[INFO CTS-0035]  Number of sinks covered: 3.
[INFO CTS-0201] 0 blockages from hard placement blockages and placed macros will be used.
[INFO CTS-0027] Generating H-Tree topology for net clk_s2_gate.
[INFO CTS-0028]  Total number of sinks: 1.
[INFO CTS-0060]  Macro  sinks will be clustered in groups of up to 4 and based on buffer max cap.
[INFO CTS-0030]  Number of static layers: 0.
[INFO CTS-0020]  Wire segment unit: 13600  dbu (13 um).
[INFO CTS-0023]  Original sink region: [(806222, 1639186), (806222, 1639186)].
[INFO CTS-0024]  Normalized sink region: [(59.281, 120.528), (59.281, 120.528)].
[INFO CTS-0025]     Width:  0.0000.
[INFO CTS-0026]     Height: 0.0000.
 Level 1
    Direction: Vertical
    Sinks per sub-region: 1
    Sub-region size: 0.0000 X 0.0000
[INFO CTS-0034]     Segment length (rounded): 1.
[INFO CTS-0038]  Stop criterion found. Sink region hpwl is smaller than max wirelength (1911.535 um) and max number of sinks is 15.
[INFO CTS-0035]  Number of sinks covered: 1.
[INFO CTS-0201] 0 blockages from hard placement blockages and placed macros will be used.
[INFO CTS-0027] Generating H-Tree topology for net clk_s2_gate_regs.
[INFO CTS-0028]  Total number of sinks: 3.
[INFO CTS-0060]  Register sinks will be clustered in groups of up to 20 and based on buffer max cap.
[INFO CTS-0030]  Number of static layers: 0.
[INFO CTS-0020]  Wire segment unit: 13600  dbu (13 um).
[INFO CTS-0023]  Original sink region: [(982365, 1081260), (1000695, 1092140)].
[INFO CTS-0024]  Normalized sink region: [(72.2327, 79.5044), (73.5805, 80.3044)].
[INFO CTS-0025]     Width:  1.3478.
[INFO CTS-0026]     Height: 0.8000.
 Level 1
    Direction: Horizontal
    Sinks per sub-region: 2
    Sub-region size: 0.6739 X 0.8000
[INFO CTS-0034]     Segment length (rounded): 1.
[INFO CTS-0038]  Stop criterion found. Sink region hpwl is smaller than max wirelength (1911.535 um) and max number of sinks is 15.
[INFO CTS-0035]  Number of sinks covered: 3.
[INFO CTS-0201] 0 blockages from hard placement blockages and placed macros will be used.
[INFO CTS-0027] Generating H-Tree topology for net clk_s5_gate.
[INFO CTS-0028]  Total number of sinks: 1.
[INFO CTS-0060]  Macro  sinks will be clustered in groups of up to 4 and based on buffer max cap.
[INFO CTS-0030]  Number of static layers: 0.
[INFO CTS-0020]  Wire segment unit: 13600  dbu (13 um).
[INFO CTS-0023]  Original sink region: [(542907, 864513), (542907, 864513)].
[INFO CTS-0024]  Normalized sink region: [(39.9196, 63.5671), (39.9196, 63.5671)].
[INFO CTS-0025]     Width:  0.0000.
[INFO CTS-0026]     Height: 0.0000.
 Level 1
    Direction: Vertical
    Sinks per sub-region: 1
    Sub-region size: 0.0000 X 0.0000
[INFO CTS-0034]     Segment length (rounded): 1.
[INFO CTS-0038]  Stop criterion found. Sink region hpwl is smaller than max wirelength (1911.535 um) and max number of sinks is 15.
[INFO CTS-0035]  Number of sinks covered: 1.
[INFO CTS-0201] 0 blockages from hard placement blockages and placed macros will be used.
[INFO CTS-0027] Generating H-Tree topology for net clk_s5_gate_regs.
[INFO CTS-0028]  Total number of sinks: 3.
[INFO CTS-0060]  Register sinks will be clustered in groups of up to 20 and based on buffer max cap.
[INFO CTS-0030]  Number of static layers: 0.
[INFO CTS-0020]  Wire segment unit: 13600  dbu (13 um).
[INFO CTS-0023]  Original sink region: [(892665, 1081260), (902255, 1089300)].
[INFO CTS-0024]  Normalized sink region: [(65.6371, 79.5044), (66.3423, 80.0956)].
[INFO CTS-0025]     Width:  0.7051.
[INFO CTS-0026]     Height: 0.5912.
 Level 1
    Direction: Horizontal
    Sinks per sub-region: 2
    Sub-region size: 0.3526 X 0.5912
[INFO CTS-0034]     Segment length (rounded): 1.
[INFO CTS-0038]  Stop criterion found. Sink region hpwl is smaller than max wirelength (1911.535 um) and max number of sinks is 15.
[INFO CTS-0035]  Number of sinks covered: 3.
[INFO CTS-0201] 0 blockages from hard placement blockages and placed macros will be used.
[INFO CTS-0027] Generating H-Tree topology for net clk_s4_gate.
[INFO CTS-0028]  Total number of sinks: 1.
[INFO CTS-0060]  Macro  sinks will be clustered in groups of up to 4 and based on buffer max cap.
[INFO CTS-0030]  Number of static layers: 0.
[INFO CTS-0020]  Wire segment unit: 13600  dbu (13 um).
[INFO CTS-0023]  Original sink region: [(335960, 1540493), (335960, 1540493)].
[INFO CTS-0024]  Normalized sink region: [(24.7029, 113.272), (24.7029, 113.272)].
[INFO CTS-0025]     Width:  0.0000.
[INFO CTS-0026]     Height: 0.0000.
 Level 1
    Direction: Vertical
    Sinks per sub-region: 1
    Sub-region size: 0.0000 X 0.0000
[INFO CTS-0034]     Segment length (rounded): 1.
[INFO CTS-0038]  Stop criterion found. Sink region hpwl is smaller than max wirelength (1911.535 um) and max number of sinks is 15.
[INFO CTS-0035]  Number of sinks covered: 1.
[INFO CTS-0201] 0 blockages from hard placement blockages and placed macros will be used.
[INFO CTS-0027] Generating H-Tree topology for net clk_s4_gate_regs.
[INFO CTS-0028]  Total number of sinks: 3.
[INFO CTS-0060]  Register sinks will be clustered in groups of up to 20 and based on buffer max cap.
[INFO CTS-0030]  Number of static layers: 0.
[INFO CTS-0020]  Wire segment unit: 13600  dbu (13 um).
[INFO CTS-0023]  Original sink region: [(882545, 1103020), (885765, 1113900)].
[INFO CTS-0024]  Normalized sink region: [(64.893, 81.1044), (65.1298, 81.9044)].
[INFO CTS-0025]     Width:  0.2368.
[INFO CTS-0026]     Height: 0.8000.
 Level 1
    Direction: Vertical
    Sinks per sub-region: 2
    Sub-region size: 0.2368 X 0.4000
[INFO CTS-0034]     Segment length (rounded): 1.
[INFO CTS-0038]  Stop criterion found. Sink region hpwl is smaller than max wirelength (1911.535 um) and max number of sinks is 15.
[INFO CTS-0035]  Number of sinks covered: 3.
[INFO CTS-0201] 0 blockages from hard placement blockages and placed macros will be used.
[INFO CTS-0027] Generating H-Tree topology for net clk_s3.
[INFO CTS-0028]  Total number of sinks: 431.
[INFO CTS-0060]  Register sinks will be clustered in groups of up to 20 and based on buffer max cap.
[INFO CTS-0030]  Number of static layers: 0.
[INFO CTS-0020]  Wire segment unit: 13600  dbu (13 um).
[INFO CTS-0204] A clustering solution was found from clustering size of 20 and max clustering diameter of 137.
[INFO CTS-0205] Better solution may be possible if either -sink_clustering_size, -sink_clustering_max_diameter, or both options are omitted to enable automatic clustering.
[INFO CTS-0019]  Total number of sinks after clustering: 47.
[INFO CTS-0024]  Normalized sink region: [(35.0973, 79.3004), (54.7675, 106.633)].
[INFO CTS-0025]     Width:  19.6702.
[INFO CTS-0026]     Height: 27.3324.
 Level 1
    Direction: Vertical
    Sinks per sub-region: 24
    Sub-region size: 19.6702 X 13.6662
[INFO CTS-0034]     Segment length (rounded): 6.
 Level 2
    Direction: Horizontal
    Sinks per sub-region: 12
    Sub-region size: 9.8351 X 13.6662
[INFO CTS-0034]     Segment length (rounded): 4.
[INFO CTS-0038]  Stop criterion found. Sink region hpwl is smaller than max wirelength (1911.535 um) and max number of sinks is 15.
[INFO CTS-0035]  Number of sinks covered: 47.
[INFO CTS-0201] 0 blockages from hard placement blockages and placed macros will be used.
[INFO CTS-0027] Generating H-Tree topology for net clk_s8.
[INFO CTS-0028]  Total number of sinks: 2137.
[INFO CTS-0060]  Register sinks will be clustered in groups of up to 20 and based on buffer max cap.
[INFO CTS-0030]  Number of static layers: 0.
[INFO CTS-0020]  Wire segment unit: 13600  dbu (13 um).
[INFO CTS-0204] A clustering solution was found from clustering size of 20 and max clustering diameter of 123.
[INFO CTS-0205] Better solution may be possible if either -sink_clustering_size, -sink_clustering_max_diameter, or both options are omitted to enable automatic clustering.
[INFO CTS-0019]  Total number of sinks after clustering: 199.
[INFO CTS-0024]  Normalized sink region: [(0.865441, 77.9605), (60.6348, 124.935)].
[INFO CTS-0025]     Width:  59.7694.
[INFO CTS-0026]     Height: 46.9746.
 Level 1
    Direction: Horizontal
    Sinks per sub-region: 100
    Sub-region size: 29.8847 X 46.9746
[INFO CTS-0034]     Segment length (rounded): 14.
 Level 2
    Direction: Vertical
    Sinks per sub-region: 50
    Sub-region size: 29.8847 X 23.4873
[INFO CTS-0034]     Segment length (rounded): 12.
 Level 3
    Direction: Horizontal
    Sinks per sub-region: 25
    Sub-region size: 14.9423 X 23.4873
[INFO CTS-0034]     Segment length (rounded): 8.
 Level 4
    Direction: Vertical
    Sinks per sub-region: 13
    Sub-region size: 14.9423 X 11.7437
[INFO CTS-0034]     Segment length (rounded): 6.
[INFO CTS-0038]  Stop criterion found. Sink region hpwl is smaller than max wirelength (1911.535 um) and max number of sinks is 15.
[INFO CTS-0035]  Number of sinks covered: 199.
[INFO CTS-0201] 0 blockages from hard placement blockages and placed macros will be used.
[INFO CTS-0027] Generating H-Tree topology for net clk_s1.
[INFO CTS-0028]  Total number of sinks: 639.
[INFO CTS-0060]  Register sinks will be clustered in groups of up to 20 and based on buffer max cap.
[INFO CTS-0030]  Number of static layers: 0.
[INFO CTS-0020]  Wire segment unit: 13600  dbu (13 um).
[INFO CTS-0204] A clustering solution was found from clustering size of 20 and max clustering diameter of 92.
[INFO CTS-0205] Better solution may be possible if either -sink_clustering_size, -sink_clustering_max_diameter, or both options are omitted to enable automatic clustering.
[INFO CTS-0019]  Total number of sinks after clustering: 61.
[INFO CTS-0024]  Normalized sink region: [(31.8812, 111.59), (50.3923, 137.769)].
[INFO CTS-0025]     Width:  18.5111.
[INFO CTS-0026]     Height: 26.1794.
 Level 1
    Direction: Vertical
    Sinks per sub-region: 31
    Sub-region size: 18.5111 X 13.0897
[INFO CTS-0034]     Segment length (rounded): 6.
 Level 2
    Direction: Horizontal
    Sinks per sub-region: 16
    Sub-region size: 9.2555 X 13.0897
[INFO CTS-0034]     Segment length (rounded): 4.
 Level 3
    Direction: Vertical
    Sinks per sub-region: 8
    Sub-region size: 9.2555 X 6.5448
[INFO CTS-0034]     Segment length (rounded): 4.
[INFO CTS-0038]  Stop criterion found. Sink region hpwl is smaller than max wirelength (1911.535 um) and max number of sinks is 15.
[INFO CTS-0035]  Number of sinks covered: 61.
[INFO CTS-0201] 0 blockages from hard placement blockages and placed macros will be used.
[INFO CTS-0027] Generating H-Tree topology for net clk_s2.
[INFO CTS-0028]  Total number of sinks: 1054.
[INFO CTS-0060]  Register sinks will be clustered in groups of up to 20 and based on buffer max cap.
[INFO CTS-0030]  Number of static layers: 0.
[INFO CTS-0020]  Wire segment unit: 13600  dbu (13 um).
[INFO CTS-0204] A clustering solution was found from clustering size of 20 and max clustering diameter of 171.
[INFO CTS-0205] Better solution may be possible if either -sink_clustering_size, -sink_clustering_max_diameter, or both options are omitted to enable automatic clustering.
[INFO CTS-0019]  Total number of sinks after clustering: 100.
[INFO CTS-0024]  Normalized sink region: [(43.3952, 103.161), (73.7587, 137.373)].
[INFO CTS-0025]     Width:  30.3635.
[INFO CTS-0026]     Height: 34.2126.
 Level 1
    Direction: Vertical
    Sinks per sub-region: 50
    Sub-region size: 30.3635 X 17.1063
[INFO CTS-0034]     Segment length (rounded): 8.
 Level 2
    Direction: Horizontal
    Sinks per sub-region: 25
    Sub-region size: 15.1817 X 17.1063
[INFO CTS-0034]     Segment length (rounded): 8.
 Level 3
    Direction: Vertical
    Sinks per sub-region: 13
    Sub-region size: 15.1817 X 8.5532
[INFO CTS-0034]     Segment length (rounded): 4.
[INFO CTS-0038]  Stop criterion found. Sink region hpwl is smaller than max wirelength (1911.535 um) and max number of sinks is 15.
[INFO CTS-0035]  Number of sinks covered: 100.
[INFO CTS-0201] 0 blockages from hard placement blockages and placed macros will be used.
[INFO CTS-0027] Generating H-Tree topology for net clk_s5.
[INFO CTS-0028]  Total number of sinks: 557.
[INFO CTS-0060]  Register sinks will be clustered in groups of up to 20 and based on buffer max cap.
[INFO CTS-0030]  Number of static layers: 0.
[INFO CTS-0020]  Wire segment unit: 13600  dbu (13 um).
[INFO CTS-0204] A clustering solution was found from clustering size of 20 and max clustering diameter of 129.
[INFO CTS-0205] Better solution may be possible if either -sink_clustering_size, -sink_clustering_max_diameter, or both options are omitted to enable automatic clustering.
[INFO CTS-0019]  Total number of sinks after clustering: 55.
[INFO CTS-0024]  Normalized sink region: [(13.4812, 45.9292), (65.0564, 80.9791)].
[INFO CTS-0025]     Width:  51.5751.
[INFO CTS-0026]     Height: 35.0499.
 Level 1
    Direction: Horizontal
    Sinks per sub-region: 28
    Sub-region size: 25.7876 X 35.0499
[INFO CTS-0034]     Segment length (rounded): 12.
 Level 2
    Direction: Vertical
    Sinks per sub-region: 14
    Sub-region size: 25.7876 X 17.5250
[INFO CTS-0034]     Segment length (rounded): 8.
[INFO CTS-0038]  Stop criterion found. Sink region hpwl is smaller than max wirelength (1911.535 um) and max number of sinks is 15.
[INFO CTS-0035]  Number of sinks covered: 55.
[INFO CTS-0201] 0 blockages from hard placement blockages and placed macros will be used.
[INFO CTS-0027] Generating H-Tree topology for net clk_s4.
[INFO CTS-0028]  Total number of sinks: 678.
[INFO CTS-0060]  Register sinks will be clustered in groups of up to 20 and based on buffer max cap.
[INFO CTS-0030]  Number of static layers: 0.
[INFO CTS-0020]  Wire segment unit: 13600  dbu (13 um).
[INFO CTS-0204] A clustering solution was found from clustering size of 20 and max clustering diameter of 61.
[INFO CTS-0205] Better solution may be possible if either -sink_clustering_size, -sink_clustering_max_diameter, or both options are omitted to enable automatic clustering.
[INFO CTS-0019]  Total number of sinks after clustering: 58.
[INFO CTS-0024]  Normalized sink region: [(14.9526, 94.3267), (34.5438, 131.391)].
[INFO CTS-0025]     Width:  19.5912.
[INFO CTS-0026]     Height: 37.0638.
 Level 1
    Direction: Vertical
    Sinks per sub-region: 29
    Sub-region size: 19.5912 X 18.5319
[INFO CTS-0034]     Segment length (rounded): 10.
 Level 2
    Direction: Horizontal
    Sinks per sub-region: 15
    Sub-region size: 9.7956 X 18.5319
[INFO CTS-0034]     Segment length (rounded): 4.
 Level 3
    Direction: Vertical
    Sinks per sub-region: 8
    Sub-region size: 9.7956 X 9.2660
[INFO CTS-0034]     Segment length (rounded): 4.
[INFO CTS-0038]  Stop criterion found. Sink region hpwl is smaller than max wirelength (1911.535 um) and max number of sinks is 15.
[INFO CTS-0035]  Number of sinks covered: 58.
[INFO CTS-0201] 0 blockages from hard placement blockages and placed macros will be used.
[INFO CTS-0027] Generating H-Tree topology for net timer_clk_div\/clk_div2.
[INFO CTS-0028]  Total number of sinks: 3.
[INFO CTS-0060]  Register sinks will be clustered in groups of up to 20 and based on buffer max cap.
[INFO CTS-0030]  Number of static layers: 0.
[INFO CTS-0020]  Wire segment unit: 13600  dbu (13 um).
[INFO CTS-0023]  Original sink region: [(566167, 1121840), (858100, 1697035)].
[INFO CTS-0024]  Normalized sink region: [(41.6299, 82.4882), (63.0956, 124.782)].
[INFO CTS-0025]     Width:  21.4657.
[INFO CTS-0026]     Height: 42.2937.
 Level 1
    Direction: Vertical
    Sinks per sub-region: 2
    Sub-region size: 21.4657 X 21.1469
[INFO CTS-0034]     Segment length (rounded): 10.
[INFO CTS-0038]  Stop criterion found. Sink region hpwl is smaller than max wirelength (1911.535 um) and max number of sinks is 15.
[INFO CTS-0035]  Number of sinks covered: 3.
[INFO CTS-0201] 0 blockages from hard placement blockages and placed macros will be used.
[INFO CTS-0027] Generating H-Tree topology for net timer_clk_div\/clk_div4.
[INFO CTS-0028]  Total number of sinks: 2.
[INFO CTS-0060]  Register sinks will be clustered in groups of up to 20 and based on buffer max cap.
[INFO CTS-0030]  Number of static layers: 0.
[INFO CTS-0020]  Wire segment unit: 13600  dbu (13 um).
[INFO CTS-0023]  Original sink region: [(562318, 1124300), (855930, 1696735)].
[INFO CTS-0024]  Normalized sink region: [(41.3469, 82.6691), (62.936, 124.76)].
[INFO CTS-0025]     Width:  21.5891.
[INFO CTS-0026]     Height: 42.0908.
 Level 1
    Direction: Vertical
    Sinks per sub-region: 1
    Sub-region size: 21.5891 X 21.0454
[INFO CTS-0034]     Segment length (rounded): 10.
[INFO CTS-0038]  Stop criterion found. Sink region hpwl is smaller than max wirelength (1911.535 um) and max number of sinks is 15.
[INFO CTS-0035]  Number of sinks covered: 2.
[INFO CTS-0201] 0 blockages from hard placement blockages and placed macros will be used.
[INFO CTS-0027] Generating H-Tree topology for net timer_clk_div\/clk_div8.
[INFO CTS-0028]  Total number of sinks: 2.
[INFO CTS-0060]  Register sinks will be clustered in groups of up to 20 and based on buffer max cap.
[INFO CTS-0030]  Number of static layers: 0.
[INFO CTS-0020]  Wire segment unit: 13600  dbu (13 um).
[INFO CTS-0023]  Original sink region: [(563706, 1127255), (858922, 1696996)].
[INFO CTS-0024]  Normalized sink region: [(41.449, 82.8864), (63.156, 124.779)].
[INFO CTS-0025]     Width:  21.7071.
[INFO CTS-0026]     Height: 41.8927.
 Level 1
    Direction: Vertical
    Sinks per sub-region: 1
    Sub-region size: 21.7071 X 20.9464
[INFO CTS-0034]     Segment length (rounded): 10.
[INFO CTS-0038]  Stop criterion found. Sink region hpwl is smaller than max wirelength (1911.535 um) and max number of sinks is 15.
[INFO CTS-0035]  Number of sinks covered: 2.
[INFO CTS-0201] 0 blockages from hard placement blockages and placed macros will be used.
[INFO CTS-0027] Generating H-Tree topology for net gpio_clk_div\/clk_div2.
[INFO CTS-0028]  Total number of sinks: 3.
[INFO CTS-0060]  Register sinks will be clustered in groups of up to 20 and based on buffer max cap.
[INFO CTS-0030]  Number of static layers: 0.
[INFO CTS-0020]  Wire segment unit: 13600  dbu (13 um).
[INFO CTS-0023]  Original sink region: [(804412, 1081360), (990461, 1639105)].
[INFO CTS-0024]  Normalized sink region: [(59.1479, 79.5118), (72.828, 120.522)].
[INFO CTS-0025]     Width:  13.6801.
[INFO CTS-0026]     Height: 41.0107.
 Level 1
    Direction: Vertical
    Sinks per sub-region: 2
    Sub-region size: 13.6801 X 20.5053
[INFO CTS-0034]     Segment length (rounded): 10.
[INFO CTS-0038]  Stop criterion found. Sink region hpwl is smaller than max wirelength (1911.535 um) and max number of sinks is 15.
[INFO CTS-0035]  Number of sinks covered: 3.
[INFO CTS-0201] 0 blockages from hard placement blockages and placed macros will be used.
[INFO CTS-0027] Generating H-Tree topology for net gpio_clk_div\/clk_div4.
[INFO CTS-0028]  Total number of sinks: 2.
[INFO CTS-0060]  Register sinks will be clustered in groups of up to 20 and based on buffer max cap.
[INFO CTS-0030]  Number of static layers: 0.
[INFO CTS-0020]  Wire segment unit: 13600  dbu (13 um).
[INFO CTS-0023]  Original sink region: [(800563, 1086220), (989330, 1639405)].
[INFO CTS-0024]  Normalized sink region: [(58.8649, 79.8691), (72.7449, 120.544)].
[INFO CTS-0025]     Width:  13.8799.
[INFO CTS-0026]     Height: 40.6754.
 Level 1
    Direction: Vertical
    Sinks per sub-region: 1
    Sub-region size: 13.8799 X 20.3377
[INFO CTS-0034]     Segment length (rounded): 10.
[INFO CTS-0038]  Stop criterion found. Sink region hpwl is smaller than max wirelength (1911.535 um) and max number of sinks is 15.
[INFO CTS-0035]  Number of sinks covered: 2.
[INFO CTS-0201] 0 blockages from hard placement blockages and placed macros will be used.
[INFO CTS-0027] Generating H-Tree topology for net gpio_clk_div\/clk_div8.
[INFO CTS-0028]  Total number of sinks: 2.
[INFO CTS-0060]  Register sinks will be clustered in groups of up to 20 and based on buffer max cap.
[INFO CTS-0030]  Number of static layers: 0.
[INFO CTS-0020]  Wire segment unit: 13600  dbu (13 um).
[INFO CTS-0023]  Original sink region: [(801951, 1086825), (993037, 1639143)].
[INFO CTS-0024]  Normalized sink region: [(58.967, 79.9136), (73.0174, 120.525)].
[INFO CTS-0025]     Width:  14.0504.
[INFO CTS-0026]     Height: 40.6116.
 Level 1
    Direction: Vertical
    Sinks per sub-region: 1
    Sub-region size: 14.0504 X 20.3058
[INFO CTS-0034]     Segment length (rounded): 10.
[INFO CTS-0038]  Stop criterion found. Sink region hpwl is smaller than max wirelength (1911.535 um) and max number of sinks is 15.
[INFO CTS-0035]  Number of sinks covered: 2.
[INFO CTS-0201] 0 blockages from hard placement blockages and placed macros will be used.
[INFO CTS-0027] Generating H-Tree topology for net dot_clk_div\/clk_div2.
[INFO CTS-0028]  Total number of sinks: 3.
[INFO CTS-0060]  Register sinks will be clustered in groups of up to 20 and based on buffer max cap.
[INFO CTS-0030]  Number of static layers: 0.
[INFO CTS-0020]  Wire segment unit: 13600  dbu (13 um).
[INFO CTS-0023]  Original sink region: [(541097, 864595), (898001, 1097501)].
[INFO CTS-0024]  Normalized sink region: [(39.7865, 63.5732), (66.0295, 80.6986)].
[INFO CTS-0025]     Width:  26.2429.
[INFO CTS-0026]     Height: 17.1254.
 Level 1
    Direction: Horizontal
    Sinks per sub-region: 2
    Sub-region size: 13.1215 X 17.1254
[INFO CTS-0034]     Segment length (rounded): 6.
[INFO CTS-0038]  Stop criterion found. Sink region hpwl is smaller than max wirelength (1911.535 um) and max number of sinks is 15.
[INFO CTS-0035]  Number of sinks covered: 3.
[INFO CTS-0201] 0 blockages from hard placement blockages and placed macros will be used.
[INFO CTS-0027] Generating H-Tree topology for net dot_clk_div\/clk_div4.
[INFO CTS-0028]  Total number of sinks: 2.
[INFO CTS-0060]  Register sinks will be clustered in groups of up to 20 and based on buffer max cap.
[INFO CTS-0030]  Number of static layers: 0.
[INFO CTS-0020]  Wire segment unit: 13600  dbu (13 um).
[INFO CTS-0023]  Original sink region: [(537248, 864295), (896870, 1097100)].
[INFO CTS-0024]  Normalized sink region: [(39.5035, 63.5511), (65.9463, 80.6691)].
[INFO CTS-0025]     Width:  26.4428.
[INFO CTS-0026]     Height: 17.1180.
 Level 1
    Direction: Horizontal
    Sinks per sub-region: 1
    Sub-region size: 13.2214 X 17.1180
[INFO CTS-0034]     Segment length (rounded): 6.
[INFO CTS-0038]  Stop criterion found. Sink region hpwl is smaller than max wirelength (1911.535 um) and max number of sinks is 15.
[INFO CTS-0035]  Number of sinks covered: 2.
[INFO CTS-0201] 0 blockages from hard placement blockages and placed macros will be used.
[INFO CTS-0027] Generating H-Tree topology for net dot_clk_div\/clk_div8.
[INFO CTS-0028]  Total number of sinks: 2.
[INFO CTS-0060]  Register sinks will be clustered in groups of up to 20 and based on buffer max cap.
[INFO CTS-0030]  Number of static layers: 0.
[INFO CTS-0020]  Wire segment unit: 13600  dbu (13 um).
[INFO CTS-0023]  Original sink region: [(538636, 864556), (899197, 1083735)].
[INFO CTS-0024]  Normalized sink region: [(39.6056, 63.5703), (66.1174, 79.6864)].
[INFO CTS-0025]     Width:  26.5118.
[INFO CTS-0026]     Height: 16.1161.
 Level 1
    Direction: Horizontal
    Sinks per sub-region: 1
    Sub-region size: 13.2559 X 16.1161
[INFO CTS-0034]     Segment length (rounded): 6.
[INFO CTS-0038]  Stop criterion found. Sink region hpwl is smaller than max wirelength (1911.535 um) and max number of sinks is 15.
[INFO CTS-0035]  Number of sinks covered: 2.
[INFO CTS-0201] 0 blockages from hard placement blockages and placed macros will be used.
[INFO CTS-0027] Generating H-Tree topology for net uart_clk_div\/clk_div2.
[INFO CTS-0028]  Total number of sinks: 3.
[INFO CTS-0060]  Register sinks will be clustered in groups of up to 20 and based on buffer max cap.
[INFO CTS-0030]  Number of static layers: 0.
[INFO CTS-0020]  Wire segment unit: 13600  dbu (13 um).
[INFO CTS-0023]  Original sink region: [(337770, 1105520), (890181, 1540575)].
[INFO CTS-0024]  Normalized sink region: [(24.836, 81.2882), (65.4545, 113.278)].
[INFO CTS-0025]     Width:  40.6185.
[INFO CTS-0026]     Height: 31.9893.
 Level 1
    Direction: Horizontal
    Sinks per sub-region: 2
    Sub-region size: 20.3092 X 31.9893
[INFO CTS-0034]     Segment length (rounded): 10.
[INFO CTS-0038]  Stop criterion found. Sink region hpwl is smaller than max wirelength (1911.535 um) and max number of sinks is 15.
[INFO CTS-0035]  Number of sinks covered: 3.
[INFO CTS-0201] 0 blockages from hard placement blockages and placed macros will be used.
[INFO CTS-0027] Generating H-Tree topology for net uart_clk_div\/clk_div4.
[INFO CTS-0028]  Total number of sinks: 2.
[INFO CTS-0060]  Register sinks will be clustered in groups of up to 20 and based on buffer max cap.
[INFO CTS-0030]  Number of static layers: 0.
[INFO CTS-0020]  Wire segment unit: 13600  dbu (13 um).
[INFO CTS-0023]  Original sink region: [(341618, 1106100), (889050, 1540275)].
[INFO CTS-0024]  Normalized sink region: [(25.119, 81.3309), (65.3713, 113.256)].
[INFO CTS-0025]     Width:  40.2524.
[INFO CTS-0026]     Height: 31.9246.
 Level 1
    Direction: Horizontal
    Sinks per sub-region: 1
    Sub-region size: 20.1262 X 31.9246
[INFO CTS-0034]     Segment length (rounded): 10.
[INFO CTS-0038]  Stop criterion found. Sink region hpwl is smaller than max wirelength (1911.535 um) and max number of sinks is 15.
[INFO CTS-0035]  Number of sinks covered: 2.
[INFO CTS-0201] 0 blockages from hard placement blockages and placed macros will be used.
[INFO CTS-0027] Generating H-Tree topology for net uart_clk_div\/clk_div8.
[INFO CTS-0028]  Total number of sinks: 2.
[INFO CTS-0060]  Register sinks will be clustered in groups of up to 20 and based on buffer max cap.
[INFO CTS-0030]  Number of static layers: 0.
[INFO CTS-0020]  Wire segment unit: 13600  dbu (13 um).
[INFO CTS-0023]  Original sink region: [(340229, 1114025), (890917, 1540536)].
[INFO CTS-0024]  Normalized sink region: [(25.0168, 81.9136), (65.5086, 113.275)].
[INFO CTS-0025]     Width:  40.4918.
[INFO CTS-0026]     Height: 31.3611.
 Level 1
    Direction: Horizontal
    Sinks per sub-region: 1
    Sub-region size: 20.2459 X 31.3611
[INFO CTS-0034]     Segment length (rounded): 10.
[INFO CTS-0038]  Stop criterion found. Sink region hpwl is smaller than max wirelength (1911.535 um) and max number of sinks is 15.
[INFO CTS-0035]  Number of sinks covered: 2.
[INFO CTS-0018]     Created 3 clock buffers.
[INFO CTS-0012]     Minimum number of buffers in the clock path: 2.
[INFO CTS-0013]     Maximum number of buffers in the clock path: 2.
[INFO CTS-0015]     Created 3 clock nets.
[INFO CTS-0016]     Fanout distribution for the current clock = 1:2..
[INFO CTS-0017]     Max level of the clock tree: 1.
[INFO CTS-0018]     Created 3079 clock buffers.
[INFO CTS-0012]     Minimum number of buffers in the clock path: 7.
[INFO CTS-0013]     Maximum number of buffers in the clock path: 7.
[INFO CTS-0015]     Created 3079 clock nets.
[INFO CTS-0016]     Fanout distribution for the current clock = 3:9, 4:16, 5:25, 6:34, 7:88, 8:196, 9:488, 10:803, 11:769, 12:411, 13:137, 14:35, 15:15, 16:10, 17:4, 18:3, 19:3, 20:1, 21:1..
[INFO CTS-0017]     Max level of the clock tree: 8.
[INFO CTS-0018]     Created 2 clock buffers.
[INFO CTS-0012]     Minimum number of buffers in the clock path: 2.
[INFO CTS-0013]     Maximum number of buffers in the clock path: 2.
[INFO CTS-0015]     Created 2 clock nets.
[INFO CTS-0016]     Fanout distribution for the current clock = 1:1..
[INFO CTS-0017]     Max level of the clock tree: 1.
[INFO CTS-0018]     Created 3 clock buffers.
[INFO CTS-0012]     Minimum number of buffers in the clock path: 2.
[INFO CTS-0013]     Maximum number of buffers in the clock path: 2.
[INFO CTS-0015]     Created 3 clock nets.
[INFO CTS-0016]     Fanout distribution for the current clock = 1:1, 2:1..
[INFO CTS-0017]     Max level of the clock tree: 1.
[INFO CTS-0018]     Created 2 clock buffers.
[INFO CTS-0012]     Minimum number of buffers in the clock path: 2.
[INFO CTS-0013]     Maximum number of buffers in the clock path: 2.
[INFO CTS-0015]     Created 2 clock nets.
[INFO CTS-0016]     Fanout distribution for the current clock = 1:1..
[INFO CTS-0017]     Max level of the clock tree: 1.
[INFO CTS-0018]     Created 3 clock buffers.
[INFO CTS-0012]     Minimum number of buffers in the clock path: 2.
[INFO CTS-0013]     Maximum number of buffers in the clock path: 2.
[INFO CTS-0015]     Created 3 clock nets.
[INFO CTS-0016]     Fanout distribution for the current clock = 1:1, 2:1..
[INFO CTS-0017]     Max level of the clock tree: 1.
[INFO CTS-0018]     Created 2 clock buffers.
[INFO CTS-0012]     Minimum number of buffers in the clock path: 2.
[INFO CTS-0013]     Maximum number of buffers in the clock path: 2.
[INFO CTS-0015]     Created 2 clock nets.
[INFO CTS-0016]     Fanout distribution for the current clock = 1:1..
[INFO CTS-0017]     Max level of the clock tree: 1.
[INFO CTS-0018]     Created 3 clock buffers.
[INFO CTS-0012]     Minimum number of buffers in the clock path: 2.
[INFO CTS-0013]     Maximum number of buffers in the clock path: 2.
[INFO CTS-0015]     Created 3 clock nets.
[INFO CTS-0016]     Fanout distribution for the current clock = 1:1, 2:1..
[INFO CTS-0017]     Max level of the clock tree: 1.
[INFO CTS-0018]     Created 2 clock buffers.
[INFO CTS-0012]     Minimum number of buffers in the clock path: 2.
[INFO CTS-0013]     Maximum number of buffers in the clock path: 2.
[INFO CTS-0015]     Created 2 clock nets.
[INFO CTS-0016]     Fanout distribution for the current clock = 1:1..
[INFO CTS-0017]     Max level of the clock tree: 1.
[INFO CTS-0018]     Created 3 clock buffers.
[INFO CTS-0012]     Minimum number of buffers in the clock path: 2.
[INFO CTS-0013]     Maximum number of buffers in the clock path: 2.
[INFO CTS-0015]     Created 3 clock nets.
[INFO CTS-0016]     Fanout distribution for the current clock = 1:1, 2:1..
[INFO CTS-0017]     Max level of the clock tree: 1.
[INFO CTS-0018]     Created 52 clock buffers.
[INFO CTS-0012]     Minimum number of buffers in the clock path: 3.
[INFO CTS-0013]     Maximum number of buffers in the clock path: 3.
[INFO CTS-0015]     Created 52 clock nets.
[INFO CTS-0016]     Fanout distribution for the current clock = 5:1, 6:1, 7:6, 8:8, 9:12, 10:13, 11:3, 12:4, 13:1, 14:1, 15:1..
[INFO CTS-0017]     Max level of the clock tree: 2.
[INFO CTS-0018]     Created 220 clock buffers.
[INFO CTS-0012]     Minimum number of buffers in the clock path: 4.
[INFO CTS-0013]     Maximum number of buffers in the clock path: 4.
[INFO CTS-0015]     Created 220 clock nets.
[INFO CTS-0016]     Fanout distribution for the current clock = 2:2, 3:1, 4:1, 5:8, 7:3, 8:6, 9:13, 10:39, 11:59, 12:50, 13:21, 14:7, 15:2, 16:1, 21:1, 22:1..
[INFO CTS-0017]     Max level of the clock tree: 4.
[INFO CTS-0018]     Created 70 clock buffers.
[INFO CTS-0012]     Minimum number of buffers in the clock path: 3.
[INFO CTS-0013]     Maximum number of buffers in the clock path: 3.
[INFO CTS-0015]     Created 70 clock nets.
[INFO CTS-0016]     Fanout distribution for the current clock = 3:1, 4:1, 5:2, 6:3, 7:4, 8:4, 9:5, 10:11, 11:15, 12:15, 13:7, 14:1..
[INFO CTS-0017]     Max level of the clock tree: 3.
[INFO CTS-0018]     Created 109 clock buffers.
[INFO CTS-0012]     Minimum number of buffers in the clock path: 3.
[INFO CTS-0013]     Maximum number of buffers in the clock path: 3.
[INFO CTS-0015]     Created 109 clock nets.
[INFO CTS-0016]     Fanout distribution for the current clock = 4:1, 6:1, 7:2, 8:6, 9:12, 10:29, 11:22, 12:19, 13:10, 14:6..
[INFO CTS-0017]     Max level of the clock tree: 3.
[INFO CTS-0018]     Created 60 clock buffers.
[INFO CTS-0012]     Minimum number of buffers in the clock path: 3.
[INFO CTS-0013]     Maximum number of buffers in the clock path: 3.
[INFO CTS-0015]     Created 60 clock nets.
[INFO CTS-0016]     Fanout distribution for the current clock = 2:1, 4:2, 5:3, 6:1, 7:2, 8:1, 9:8, 10:8, 11:10, 12:11, 13:9, 14:2, 20:1..
[INFO CTS-0017]     Max level of the clock tree: 2.
[INFO CTS-0018]     Created 67 clock buffers.
[INFO CTS-0012]     Minimum number of buffers in the clock path: 3.
[INFO CTS-0013]     Maximum number of buffers in the clock path: 3.
[INFO CTS-0015]     Created 67 clock nets.
[INFO CTS-0016]     Fanout distribution for the current clock = 4:2, 5:2, 6:3, 8:5, 9:1, 10:9, 11:7, 12:11, 13:14, 14:10, 15:2..
[INFO CTS-0017]     Max level of the clock tree: 3.
[INFO CTS-0018]     Created 3 clock buffers.
[INFO CTS-0012]     Minimum number of buffers in the clock path: 2.
[INFO CTS-0013]     Maximum number of buffers in the clock path: 2.
[INFO CTS-0015]     Created 3 clock nets.
[INFO CTS-0016]     Fanout distribution for the current clock = 1:1, 2:1..
[INFO CTS-0017]     Max level of the clock tree: 1.
[INFO CTS-0018]     Created 3 clock buffers.
[INFO CTS-0012]     Minimum number of buffers in the clock path: 2.
[INFO CTS-0013]     Maximum number of buffers in the clock path: 2.
[INFO CTS-0015]     Created 3 clock nets.
[INFO CTS-0016]     Fanout distribution for the current clock = 1:2..
[INFO CTS-0017]     Max level of the clock tree: 1.
[INFO CTS-0018]     Created 3 clock buffers.
[INFO CTS-0012]     Minimum number of buffers in the clock path: 2.
[INFO CTS-0013]     Maximum number of buffers in the clock path: 2.
[INFO CTS-0015]     Created 3 clock nets.
[INFO CTS-0016]     Fanout distribution for the current clock = 1:2..
[INFO CTS-0017]     Max level of the clock tree: 1.
[INFO CTS-0018]     Created 3 clock buffers.
[INFO CTS-0012]     Minimum number of buffers in the clock path: 2.
[INFO CTS-0013]     Maximum number of buffers in the clock path: 2.
[INFO CTS-0015]     Created 3 clock nets.
[INFO CTS-0016]     Fanout distribution for the current clock = 1:1, 2:1..
[INFO CTS-0017]     Max level of the clock tree: 1.
[INFO CTS-0018]     Created 3 clock buffers.
[INFO CTS-0012]     Minimum number of buffers in the clock path: 2.
[INFO CTS-0013]     Maximum number of buffers in the clock path: 2.
[INFO CTS-0015]     Created 3 clock nets.
[INFO CTS-0016]     Fanout distribution for the current clock = 1:2..
[INFO CTS-0017]     Max level of the clock tree: 1.
[INFO CTS-0018]     Created 3 clock buffers.
[INFO CTS-0012]     Minimum number of buffers in the clock path: 2.
[INFO CTS-0013]     Maximum number of buffers in the clock path: 2.
[INFO CTS-0015]     Created 3 clock nets.
[INFO CTS-0016]     Fanout distribution for the current clock = 1:2..
[INFO CTS-0017]     Max level of the clock tree: 1.
[INFO CTS-0018]     Created 3 clock buffers.
[INFO CTS-0012]     Minimum number of buffers in the clock path: 2.
[INFO CTS-0013]     Maximum number of buffers in the clock path: 2.
[INFO CTS-0015]     Created 3 clock nets.
[INFO CTS-0016]     Fanout distribution for the current clock = 1:1, 2:1..
[INFO CTS-0017]     Max level of the clock tree: 1.
[INFO CTS-0018]     Created 3 clock buffers.
[INFO CTS-0012]     Minimum number of buffers in the clock path: 2.
[INFO CTS-0013]     Maximum number of buffers in the clock path: 2.
[INFO CTS-0015]     Created 3 clock nets.
[INFO CTS-0016]     Fanout distribution for the current clock = 1:2..
[INFO CTS-0017]     Max level of the clock tree: 1.
[INFO CTS-0018]     Created 3 clock buffers.
[INFO CTS-0012]     Minimum number of buffers in the clock path: 2.
[INFO CTS-0013]     Maximum number of buffers in the clock path: 2.
[INFO CTS-0015]     Created 3 clock nets.
[INFO CTS-0016]     Fanout distribution for the current clock = 1:2..
[INFO CTS-0017]     Max level of the clock tree: 1.
[INFO CTS-0018]     Created 3 clock buffers.
[INFO CTS-0012]     Minimum number of buffers in the clock path: 2.
[INFO CTS-0013]     Maximum number of buffers in the clock path: 2.
[INFO CTS-0015]     Created 3 clock nets.
[INFO CTS-0016]     Fanout distribution for the current clock = 1:1, 2:1..
[INFO CTS-0017]     Max level of the clock tree: 1.
[INFO CTS-0018]     Created 3 clock buffers.
[INFO CTS-0012]     Minimum number of buffers in the clock path: 2.
[INFO CTS-0013]     Maximum number of buffers in the clock path: 2.
[INFO CTS-0015]     Created 3 clock nets.
[INFO CTS-0016]     Fanout distribution for the current clock = 1:2..
[INFO CTS-0017]     Max level of the clock tree: 1.
[INFO CTS-0018]     Created 3 clock buffers.
[INFO CTS-0012]     Minimum number of buffers in the clock path: 2.
[INFO CTS-0013]     Maximum number of buffers in the clock path: 2.
[INFO CTS-0015]     Created 3 clock nets.
[INFO CTS-0016]     Fanout distribution for the current clock = 1:2..
[INFO CTS-0017]     Max level of the clock tree: 1.
[INFO CTS-0098] Clock net "clk1"
[INFO CTS-0099]  Sinks 2
[INFO CTS-0100]  Leaf buffers 0
[INFO CTS-0101]  Average sink wire length 1125.65 um
[INFO CTS-0102]  Path depth 2 - 2
[INFO CTS-0207]  Dummy loads inserted 0
[INFO CTS-0098] Clock net "clk1_regs"
[INFO CTS-0099]  Sinks 31226
[INFO CTS-0100]  Leaf buffers 2792
[INFO CTS-0101]  Average sink wire length 1595.31 um
[INFO CTS-0102]  Path depth 6 - 7
[INFO CTS-0207]  Dummy loads inserted 2725
[INFO CTS-0124] Clock net "clk_s1_gate"
[INFO CTS-0125]  Sinks 1
[INFO CTS-0098] Clock net "clk_s1_gate_regs"
[INFO CTS-0099]  Sinks 4
[INFO CTS-0100]  Leaf buffers 0
[INFO CTS-0101]  Average sink wire length 354.99 um
[INFO CTS-0102]  Path depth 2 - 2
[INFO CTS-0207]  Dummy loads inserted 1
[INFO CTS-0124] Clock net "clk_s2_gate"
[INFO CTS-0125]  Sinks 1
[INFO CTS-0098] Clock net "clk_s2_gate_regs"
[INFO CTS-0099]  Sinks 4
[INFO CTS-0100]  Leaf buffers 0
[INFO CTS-0101]  Average sink wire length 297.19 um
[INFO CTS-0102]  Path depth 2 - 2
[INFO CTS-0207]  Dummy loads inserted 1
[INFO CTS-0124] Clock net "clk_s5_gate"
[INFO CTS-0125]  Sinks 1
[INFO CTS-0098] Clock net "clk_s5_gate_regs"
[INFO CTS-0099]  Sinks 4
[INFO CTS-0100]  Leaf buffers 0
[INFO CTS-0101]  Average sink wire length 233.36 um
[INFO CTS-0102]  Path depth 2 - 2
[INFO CTS-0207]  Dummy loads inserted 1
[INFO CTS-0124] Clock net "clk_s4_gate"
[INFO CTS-0125]  Sinks 1
[INFO CTS-0098] Clock net "clk_s4_gate_regs"
[INFO CTS-0099]  Sinks 4
[INFO CTS-0100]  Leaf buffers 0
[INFO CTS-0101]  Average sink wire length 392.58 um
[INFO CTS-0102]  Path depth 2 - 2
[INFO CTS-0207]  Dummy loads inserted 1
[INFO CTS-0098] Clock net "clk_s3"
[INFO CTS-0099]  Sinks 472
[INFO CTS-0100]  Leaf buffers 47
[INFO CTS-0101]  Average sink wire length 216.42 um
[INFO CTS-0102]  Path depth 2 - 3
[INFO CTS-0207]  Dummy loads inserted 41
[INFO CTS-0098] Clock net "clk_s8"
[INFO CTS-0099]  Sinks 2323
[INFO CTS-0100]  Leaf buffers 199
[INFO CTS-0101]  Average sink wire length 553.58 um
[INFO CTS-0102]  Path depth 3 - 4
[INFO CTS-0207]  Dummy loads inserted 186
[INFO CTS-0098] Clock net "clk_s1"
[INFO CTS-0099]  Sinks 693
[INFO CTS-0100]  Leaf buffers 61
[INFO CTS-0101]  Average sink wire length 204.96 um
[INFO CTS-0102]  Path depth 2 - 3
[INFO CTS-0207]  Dummy loads inserted 54
[INFO CTS-0098] Clock net "clk_s2"
[INFO CTS-0099]  Sinks 1142
[INFO CTS-0100]  Leaf buffers 100
[INFO CTS-0101]  Average sink wire length 273.56 um
[INFO CTS-0102]  Path depth 2 - 3
[INFO CTS-0207]  Dummy loads inserted 88
[INFO CTS-0098] Clock net "clk_s5"
[INFO CTS-0099]  Sinks 605
[INFO CTS-0100]  Leaf buffers 55
[INFO CTS-0101]  Average sink wire length 401.51 um
[INFO CTS-0102]  Path depth 2 - 3
[INFO CTS-0207]  Dummy loads inserted 48
[INFO CTS-0098] Clock net "clk_s4"
[INFO CTS-0099]  Sinks 729
[INFO CTS-0100]  Leaf buffers 58
[INFO CTS-0101]  Average sink wire length 254.56 um
[INFO CTS-0102]  Path depth 2 - 3
[INFO CTS-0207]  Dummy loads inserted 51
[INFO CTS-0098] Clock net "timer_clk_div\/clk_div2"
[INFO CTS-0099]  Sinks 4
[INFO CTS-0100]  Leaf buffers 0
[INFO CTS-0101]  Average sink wire length 365.55 um
[INFO CTS-0102]  Path depth 2 - 2
[INFO CTS-0207]  Dummy loads inserted 1
[INFO CTS-0098] Clock net "timer_clk_div\/clk_div4"
[INFO CTS-0099]  Sinks 3
[INFO CTS-0100]  Leaf buffers 0
[INFO CTS-0101]  Average sink wire length 344.59 um
[INFO CTS-0102]  Path depth 2 - 2
[INFO CTS-0207]  Dummy loads inserted 1
[INFO CTS-0098] Clock net "timer_clk_div\/clk_div8"
[INFO CTS-0099]  Sinks 3
[INFO CTS-0100]  Leaf buffers 0
[INFO CTS-0101]  Average sink wire length 344.29 um
[INFO CTS-0102]  Path depth 2 - 2
[INFO CTS-0207]  Dummy loads inserted 1
[INFO CTS-0098] Clock net "gpio_clk_div\/clk_div2"
[INFO CTS-0099]  Sinks 4
[INFO CTS-0100]  Leaf buffers 0
[INFO CTS-0101]  Average sink wire length 319.12 um
[INFO CTS-0102]  Path depth 2 - 2
[INFO CTS-0207]  Dummy loads inserted 1
[INFO CTS-0098] Clock net "gpio_clk_div\/clk_div4"
[INFO CTS-0099]  Sinks 3
[INFO CTS-0100]  Leaf buffers 0
[INFO CTS-0101]  Average sink wire length 303.23 um
[INFO CTS-0102]  Path depth 2 - 2
[INFO CTS-0207]  Dummy loads inserted 1
[INFO CTS-0098] Clock net "gpio_clk_div\/clk_div8"
[INFO CTS-0099]  Sinks 3
[INFO CTS-0100]  Leaf buffers 0
[INFO CTS-0101]  Average sink wire length 296.91 um
[INFO CTS-0102]  Path depth 2 - 2
[INFO CTS-0207]  Dummy loads inserted 1
[INFO CTS-0098] Clock net "dot_clk_div\/clk_div2"
[INFO CTS-0099]  Sinks 4
[INFO CTS-0100]  Leaf buffers 0
[INFO CTS-0101]  Average sink wire length 285.65 um
[INFO CTS-0102]  Path depth 2 - 2
[INFO CTS-0207]  Dummy loads inserted 1
[INFO CTS-0098] Clock net "dot_clk_div\/clk_div4"
[INFO CTS-0099]  Sinks 3
[INFO CTS-0100]  Leaf buffers 0
[INFO CTS-0101]  Average sink wire length 235.08 um
[INFO CTS-0102]  Path depth 2 - 2
[INFO CTS-0207]  Dummy loads inserted 1
[INFO CTS-0098] Clock net "dot_clk_div\/clk_div8"
[INFO CTS-0099]  Sinks 3
[INFO CTS-0100]  Leaf buffers 0
[INFO CTS-0101]  Average sink wire length 224.74 um
[INFO CTS-0102]  Path depth 2 - 2
[INFO CTS-0207]  Dummy loads inserted 1
[INFO CTS-0098] Clock net "uart_clk_div\/clk_div2"
[INFO CTS-0099]  Sinks 4
[INFO CTS-0100]  Leaf buffers 0
[INFO CTS-0101]  Average sink wire length 479.07 um
[INFO CTS-0102]  Path depth 2 - 2
[INFO CTS-0207]  Dummy loads inserted 1
[INFO CTS-0098] Clock net "uart_clk_div\/clk_div4"
[INFO CTS-0099]  Sinks 3
[INFO CTS-0100]  Leaf buffers 0
[INFO CTS-0101]  Average sink wire length 383.11 um
[INFO CTS-0102]  Path depth 2 - 2
[INFO CTS-0207]  Dummy loads inserted 1
[INFO CTS-0098] Clock net "uart_clk_div\/clk_div8"
[INFO CTS-0099]  Sinks 3
[INFO CTS-0100]  Leaf buffers 0
[INFO CTS-0101]  Average sink wire length 381.71 um
[INFO CTS-0102]  Path depth 2 - 2
[INFO CTS-0207]  Dummy loads inserted 1
[INFO CTS-0033] Balancing latency for clock clk_s4_gate
[WARNING CTS-0179] No paths found for pin uart_0/fifo_uart_r/mem\[7\]\[13\]$_DFFE_PP_/CLK.
[WARNING CTS-0179] No paths found for pin uart_0/fifo_uart_r/mem\[6\]\[13\]$_DFFE_PP_/CLK.
[WARNING CTS-0179] No paths found for pin uart_0/fifo_uart_r/mem\[3\]\[17\]$_DFFE_PP_/CLK.
[WARNING CTS-0179] No paths found for pin uart_0/fifo_uart_r/mem\[0\]\[17\]$_DFFE_PP_/CLK.
[WARNING CTS-0179] No paths found for pin uart_0/fifo_uart_r/mem\[5\]\[24\]$_DFFE_PP_/CLK.
[WARNING CTS-0179] No paths found for pin uart_0/fifo_uart_r/mem\[4\]\[17\]$_DFFE_PP_/CLK.
[WARNING CTS-0179] No paths found for pin uart_0/fifo_uart_r/mem\[5\]\[17\]$_DFFE_PP_/CLK.
[WARNING CTS-0179] No paths found for pin uart_0/fifo_uart_r/mem\[1\]\[17\]$_DFFE_PP_/CLK.
[WARNING CTS-0179] No paths found for pin uart_0/fifo_uart_r/mem\[6\]\[17\]$_DFFE_PP_/CLK.
[WARNING CTS-0179] No paths found for pin uart_0/fifo_uart_r/mem\[5\]\[13\]$_DFFE_PP_/CLK.
[WARNING CTS-0179] No paths found for pin uart_0/fifo_uart_r/mem\[7\]\[29\]$_DFFE_PP_/CLK.
[WARNING CTS-0179] No paths found for pin uart_0/fifo_uart_r/mem\[4\]\[13\]$_DFFE_PP_/CLK.
[WARNING CTS-0179] No paths found for pin uart_0/fifo_uart_r/mem\[3\]\[29\]$_DFFE_PP_/CLK.
[WARNING CTS-0179] No paths found for pin uart_0/fifo_uart_r/mem\[1\]\[13\]$_DFFE_PP_/CLK.
[WARNING CTS-0179] No paths found for pin uart_0/fifo_uart_r/mem\[7\]\[17\]$_DFFE_PP_/CLK.
[WARNING CTS-0179] No paths found for pin uart_0/fifo_uart_r/mem\[2\]\[13\]$_DFFE_PP_/CLK.
[WARNING CTS-0179] No paths found for pin uart_0/fifo_uart_r/mem\[3\]\[13\]$_DFFE_PP_/CLK.
[WARNING CTS-0179] No paths found for pin uart_0/fifo_uart_r/mem\[2\]\[29\]$_DFFE_PP_/CLK.
[WARNING CTS-0179] No paths found for pin uart_0/fifo_uart_r/mem\[0\]\[29\]$_DFFE_PP_/CLK.
[WARNING CTS-0179] No paths found for pin uart_0/fifo_uart_r/mem\[13\]\[25\]$_DFFE_PP_/CLK.
[WARNING CTS-0179] No paths found for pin uart_0/fifo_uart_r/mem\[11\]\[28\]$_DFFE_PP_/CLK.
[WARNING CTS-0179] No paths found for pin uart_0/fifo_uart_r/mem\[15\]\[28\]$_DFFE_PP_/CLK.
[WARNING CTS-0179] No paths found for pin uart_0/fifo_uart_r/mem\[13\]\[28\]$_DFFE_PP_/CLK.
[WARNING CTS-0179] No paths found for pin uart_0/fifo_uart_r/mem\[14\]\[29\]$_DFFE_PP_/CLK.
[WARNING CTS-0179] No paths found for pin uart_0/fifo_uart_r/mem\[12\]\[29\]$_DFFE_PP_/CLK.
[WARNING CTS-0179] No paths found for pin uart_0/fifo_uart_r/mem\[1\]\[28\]$_DFFE_PP_/CLK.
[WARNING CTS-0179] No paths found for pin uart_0/fifo_uart_r/mem\[0\]\[28\]$_DFFE_PP_/CLK.
[WARNING CTS-0179] No paths found for pin uart_0/fifo_uart_r/mem\[2\]\[28\]$_DFFE_PP_/CLK.
[WARNING CTS-0179] No paths found for pin uart_0/fifo_uart_r/mem\[3\]\[28\]$_DFFE_PP_/CLK.
[WARNING CTS-0179] No paths found for pin uart_0/fifo_uart_r/mem\[1\]\[29\]$_DFFE_PP_/CLK.
[WARNING CTS-0179] No paths found for pin uart_0/fifo_uart_r/mem\[6\]\[28\]$_DFFE_PP_/CLK.
[WARNING CTS-0179] No paths found for pin uart_0/fifo_uart_r/mem\[7\]\[28\]$_DFFE_PP_/CLK.
[WARNING CTS-0179] No paths found for pin uart_0/fifo_uart_r/mem\[4\]\[28\]$_DFFE_PP_/CLK.
[WARNING CTS-0179] No paths found for pin uart_0/fifo_uart_r/mem\[4\]\[15\]$_DFFE_PP_/CLK.
[WARNING CTS-0179] No paths found for pin uart_0/fifo_uart_r/mem\[5\]\[28\]$_DFFE_PP_/CLK.
[WARNING CTS-0179] No paths found for pin uart_0/fifo_uart_r/mem\[5\]\[29\]$_DFFE_PP_/CLK.
[WARNING CTS-0179] No paths found for pin uart_0/fifo_uart_r/mem\[4\]\[29\]$_DFFE_PP_/CLK.
[WARNING CTS-0179] No paths found for pin uart_0/fifo_uart_r/mem\[6\]\[29\]$_DFFE_PP_/CLK.
[WARNING CTS-0179] No paths found for pin uart_0/uart_0/rx_cnt\[15\]$_SDFFE_PP0P_/CLK.
[WARNING CTS-0179] No paths found for pin uart_0/uart_0/rx_cnt\[13\]$_SDFFE_PP0P_/CLK.
[WARNING CTS-0179] No paths found for pin uart_0/uart_0/rx_cnt\[14\]$_SDFFE_PP0P_/CLK.
[WARNING CTS-0179] No paths found for pin uart_0/uart_0/rx_cnt\[12\]$_SDFFE_PP0P_/CLK.
[WARNING CTS-0179] No paths found for pin uart_0/uart_0/rx_cnt\[10\]$_SDFFE_PP0P_/CLK.
[WARNING CTS-0179] No paths found for pin uart_0/fifo_uart_r/mem\[8\]\[28\]$_DFFE_PP_/CLK.
[WARNING CTS-0179] No paths found for pin uart_0/fifo_uart_r/mem\[10\]\[28\]$_DFFE_PP_/CLK.
[WARNING CTS-0179] No paths found for pin uart_0/fifo_uart_r/mem\[14\]\[23\]$_DFFE_PP_/CLK.
[WARNING CTS-0179] No paths found for pin uart_0/fifo_uart_r/mem\[12\]\[23\]$_DFFE_PP_/CLK.
[WARNING CTS-0179] No paths found for pin uart_0/fifo_uart_r/mem\[9\]\[28\]$_DFFE_PP_/CLK.
[WARNING CTS-0179] No paths found for pin uart_0/fifo_uart_r/mem\[12\]\[28\]$_DFFE_PP_/CLK.
[WARNING CTS-0179] No paths found for pin uart_0/fifo_uart_r/mem\[14\]\[28\]$_DFFE_PP_/CLK.
[WARNING CTS-0179] No paths found for pin uart_0/fifo_uart_r/mem\[15\]\[25\]$_DFFE_PP_/CLK.
[WARNING CTS-0179] No paths found for pin uart_0/fifo_uart_r/mem\[11\]\[25\]$_DFFE_PP_/CLK.
[WARNING CTS-0179] No paths found for pin uart_0/fifo_uart_r/mem\[12\]\[25\]$_DFFE_PP_/CLK.
[WARNING CTS-0179] No paths found for pin uart_0/fifo_uart_r/mem\[9\]\[25\]$_DFFE_PP_/CLK.
[WARNING CTS-0179] No paths found for pin uart_0/fifo_uart_r/mem\[10\]\[25\]$_DFFE_PP_/CLK.
[WARNING CTS-0179] No paths found for pin uart_0/fifo_uart_r/mem\[8\]\[25\]$_DFFE_PP_/CLK.
[WARNING CTS-0179] No paths found for pin uart_0/fifo_uart_r/mem\[14\]\[25\]$_DFFE_PP_/CLK.
[WARNING CTS-0179] No paths found for pin uart_0/fifo_uart_r/mem\[10\]\[9\]$_DFFE_PP_/CLK.
[WARNING CTS-0179] No paths found for pin uart_0/fifo_uart_r/mem\[12\]\[9\]$_DFFE_PP_/CLK.
[WARNING CTS-0179] No paths found for pin uart_0/fifo_uart_r/mem\[15\]\[9\]$_DFFE_PP_/CLK.
[WARNING CTS-0179] No paths found for pin uart_0/fifo_uart_r/mem\[9\]\[9\]$_DFFE_PP_/CLK.
[WARNING CTS-0179] No paths found for pin uart_0/fifo_uart_r/mem\[8\]\[9\]$_DFFE_PP_/CLK.
[WARNING CTS-0179] No paths found for pin uart_0/fifo_uart_r/mem\[14\]\[9\]$_DFFE_PP_/CLK.
[WARNING CTS-0179] No paths found for pin uart_0/fifo_uart_r/mem\[2\]\[12\]$_DFFE_PP_/CLK.
[WARNING CTS-0179] No paths found for pin uart_0/fifo_uart_r/mem\[6\]\[12\]$_DFFE_PP_/CLK.
[WARNING CTS-0179] No paths found for pin uart_0/fifo_uart_r/mem\[7\]\[12\]$_DFFE_PP_/CLK.
[WARNING CTS-0179] No paths found for pin uart_0/fifo_uart_r/mem\[5\]\[12\]$_DFFE_PP_/CLK.
[WARNING CTS-0179] No paths found for pin uart_0/fifo_uart_r/mem\[3\]\[12\]$_DFFE_PP_/CLK.
[WARNING CTS-0179] No paths found for pin uart_0/fifo_uart_r/mem\[4\]\[12\]$_DFFE_PP_/CLK.
[WARNING CTS-0179] No paths found for pin uart_0/fifo_uart_r/mem\[0\]\[12\]$_DFFE_PP_/CLK.
[WARNING CTS-0179] No paths found for pin uart_0/fifo_uart_r/mem\[1\]\[12\]$_DFFE_PP_/CLK.
[WARNING CTS-0179] No paths found for pin uart_0/fifo_uart_r/mem\[14\]\[15\]$_DFFE_PP_/CLK.
[WARNING CTS-0179] No paths found for pin uart_0/fifo_uart_r/mem\[10\]\[15\]$_DFFE_PP_/CLK.
[WARNING CTS-0179] No paths found for pin uart_0/fifo_uart_r/mem\[13\]\[15\]$_DFFE_PP_/CLK.
[WARNING CTS-0179] No paths found for pin uart_0/fifo_uart_r/mem\[8\]\[12\]$_DFFE_PP_/CLK.
[WARNING CTS-0179] No paths found for pin uart_0/fifo_uart_r/mem\[12\]\[12\]$_DFFE_PP_/CLK.
[WARNING CTS-0179] No paths found for pin uart_0/fifo_uart_r/mem\[2\]\[23\]$_DFFE_PP_/CLK.
[WARNING CTS-0179] No paths found for pin uart_0/fifo_uart_r/mem\[9\]\[12\]$_DFFE_PP_/CLK.
[WARNING CTS-0179] No paths found for pin uart_0/fifo_uart_r/mem\[14\]\[12\]$_DFFE_PP_/CLK.
[WARNING CTS-0179] No paths found for pin uart_0/fifo_uart_r/mem\[11\]\[12\]$_DFFE_PP_/CLK.
[WARNING CTS-0179] No paths found for pin uart_0/fifo_uart_r/mem\[15\]\[12\]$_DFFE_PP_/CLK.
[WARNING CTS-0179] No paths found for pin uart_0/fifo_uart_r/mem\[13\]\[12\]$_DFFE_PP_/CLK.
[WARNING CTS-0179] No paths found for pin uart_0/fifo_uart_r/mem\[13\]\[14\]$_DFFE_PP_/CLK.
[WARNING CTS-0179] No paths found for pin uart_0/fifo_uart_r/mem\[15\]\[14\]$_DFFE_PP_/CLK.
[WARNING CTS-0179] No paths found for pin uart_0/fifo_uart_r/mem\[10\]\[14\]$_DFFE_PP_/CLK.
[WARNING CTS-0179] No paths found for pin uart_0/fifo_uart_r/mem\[11\]\[14\]$_DFFE_PP_/CLK.
[WARNING CTS-0179] No paths found for pin uart_0/fifo_uart_r/mem\[9\]\[14\]$_DFFE_PP_/CLK.
[WARNING CTS-0179] No paths found for pin uart_0/fifo_uart_r/mem\[11\]\[15\]$_DFFE_PP_/CLK.
[WARNING CTS-0179] No paths found for pin uart_0/fifo_uart_r/mem\[15\]\[15\]$_DFFE_PP_/CLK.
[WARNING CTS-0179] No paths found for pin uart_0/fifo_uart_r/mem\[9\]\[15\]$_DFFE_PP_/CLK.
[WARNING CTS-0179] No paths found for pin uart_0/fifo_uart_r/counter_1\[2\]$_SDFFE_PP0P_/CLK.
[WARNING CTS-0179] No paths found for pin uart_0/fifo_uart_r/mem\[8\]\[15\]$_DFFE_PP_/CLK.
[WARNING CTS-0179] No paths found for pin uart_0/fifo_uart_r/mem\[12\]\[15\]$_DFFE_PP_/CLK.
[WARNING CTS-0179] No paths found for pin uart_0/fifo_uart_r/mem\[3\]\[9\]$_DFFE_PP_/CLK.
[WARNING CTS-0179] No paths found for pin uart_0/fifo_uart_r/mem\[2\]\[9\]$_DFFE_PP_/CLK.
[WARNING CTS-0179] No paths found for pin uart_0/fifo_uart_r/mem\[7\]\[9\]$_DFFE_PP_/CLK.
[WARNING CTS-0179] No paths found for pin uart_0/fifo_uart_r/mem\[6\]\[9\]$_DFFE_PP_/CLK.
[WARNING CTS-0179] No paths found for pin uart_0/fifo_uart_r/mem\[0\]\[9\]$_DFFE_PP_/CLK.
[WARNING CTS-0179] No paths found for pin uart_0/fifo_uart_r/mem\[1\]\[9\]$_DFFE_PP_/CLK.
[WARNING CTS-0179] No paths found for pin uart_0/fifo_uart_r/mem\[4\]\[9\]$_DFFE_PP_/CLK.
[WARNING CTS-0179] No paths found for pin uart_0/fifo_uart_r/mem\[3\]\[25\]$_DFFE_PP_/CLK.
[WARNING CTS-0179] No paths found for pin uart_0/fifo_uart_r/mem\[7\]\[25\]$_DFFE_PP_/CLK.
[WARNING CTS-0179] No paths found for pin uart_0/fifo_uart_r/mem\[3\]\[15\]$_DFFE_PP_/CLK.
[WARNING CTS-0179] No paths found for pin uart_0/fifo_uart_r/mem\[2\]\[25\]$_DFFE_PP_/CLK.
[WARNING CTS-0179] No paths found for pin uart_0/fifo_uart_r/mem\[2\]\[15\]$_DFFE_PP_/CLK.
[WARNING CTS-0179] No paths found for pin uart_0/fifo_uart_r/mem\[7\]\[15\]$_DFFE_PP_/CLK.
[WARNING CTS-0179] No paths found for pin uart_0/fifo_uart_r/mem\[6\]\[15\]$_DFFE_PP_/CLK.
[WARNING CTS-0179] No paths found for pin uart_0/fifo_uart_r/mem\[4\]\[25\]$_DFFE_PP_/CLK.
[WARNING CTS-0179] No paths found for pin uart_0/fifo_uart_r/mem\[5\]\[15\]$_DFFE_PP_/CLK.
[WARNING CTS-0179] No paths found for pin uart_0/fifo_uart_r/mem\[5\]\[25\]$_DFFE_PP_/CLK.
[WARNING CTS-0179] No paths found for pin uart_0/fifo_uart_r/mem\[1\]\[25\]$_DFFE_PP_/CLK.
[WARNING CTS-0179] No paths found for pin uart_0/fifo_uart_r/mem\[6\]\[25\]$_DFFE_PP_/CLK.
[WARNING CTS-0179] No paths found for pin uart_0/fifo_uart_r/mem\[5\]\[9\]$_DFFE_PP_/CLK.
[WARNING CTS-0179] No paths found for pin uart_0/fifo_uart_r/mem\[0\]\[25\]$_DFFE_PP_/CLK.
[WARNING CTS-0179] No paths found for pin uart_0/fifo_uart_r/mem\[1\]\[15\]$_DFFE_PP_/CLK.
[WARNING CTS-0179] No paths found for pin uart_0/fifo_uart_r/mem\[0\]\[15\]$_DFFE_PP_/CLK.
[WARNING CTS-0179] No paths found for pin uart_0/uart_0/tx_cnt\[12\]$_SDFFE_PP0P_/CLK.
[WARNING CTS-0179] No paths found for pin uart_0/uart_0/tx_cnt\[8\]$_SDFFE_PP0P_/CLK.
[WARNING CTS-0179] No paths found for pin uart_0/uart_0/tx_cnt\[7\]$_SDFFE_PP0P_/CLK.
[WARNING CTS-0179] No paths found for pin uart_0/uart_0/tx_cnt\[4\]$_SDFFE_PP0P_/CLK.
[WARNING CTS-0179] No paths found for pin uart_0/uart_0/rx_cnt\[7\]$_SDFFE_PP0P_/CLK.
[WARNING CTS-0179] No paths found for pin uart_0/uart_0/rx_cnt\[6\]$_SDFFE_PP0P_/CLK.
[WARNING CTS-0179] No paths found for pin uart_0/uart_0/rx_cnt\[2\]$_SDFFE_PP0P_/CLK.
[WARNING CTS-0179] No paths found for pin uart_0/uart_0/rx_cnt\[3\]$_SDFFE_PP0P_/CLK.
[WARNING CTS-0179] No paths found for pin uart_0/uart_0/rx_cnt\[4\]$_SDFFE_PP0P_/CLK.
[WARNING CTS-0179] No paths found for pin uart_0/uart_0/rx_shift\[0\]$_SDFFE_PP0P_/CLK.
[WARNING CTS-0179] No paths found for pin uart_0/uart_0/rx_cnt\[9\]$_SDFFE_PP0P_/CLK.
[WARNING CTS-0179] No paths found for pin uart_0/uart_0/rx_cnt\[5\]$_SDFFE_PP0P_/CLK.
[WARNING CTS-0179] No paths found for pin uart_0/uart_0/rx_cnt\[11\]$_SDFFE_PP0P_/CLK.
[WARNING CTS-0179] No paths found for pin uart_0/uart_0/rx_cnt\[8\]$_SDFFE_PP0P_/CLK.
[WARNING CTS-0179] No paths found for pin uart_0/uart_0/tx_cnt\[6\]$_SDFFE_PP0P_/CLK.
[WARNING CTS-0179] No paths found for pin uart_0/uart_0/tx_cnt\[5\]$_SDFFE_PP0P_/CLK.
[WARNING CTS-0179] No paths found for pin uart_0/uart_0/tx_cnt\[3\]$_SDFFE_PP0P_/CLK.
[WARNING CTS-0179] No paths found for pin uart_0/uart_0/rx_data_reg\[0\]$_SDFFE_PP0P_/CLK.
[WARNING CTS-0179] No paths found for pin uart_0/uart_0/tx_cnt\[2\]$_SDFFE_PP0P_/CLK.
[WARNING CTS-0179] No paths found for pin uart_0/uart_0/tx_cnt\[11\]$_SDFFE_PP0P_/CLK.
[WARNING CTS-0179] No paths found for pin uart_0/uart_0/tx_cnt\[10\]$_SDFFE_PP0P_/CLK.
[WARNING CTS-0179] No paths found for pin uart_0/uart_0/tx_cnt\[9\]$_SDFFE_PP0P_/CLK.
[WARNING CTS-0179] No paths found for pin uart_0/uart_0/tx_cnt\[14\]$_SDFFE_PP0P_/CLK.
[WARNING CTS-0179] No paths found for pin uart_0/uart_0/tx_cnt\[13\]$_SDFFE_PP0P_/CLK.
[WARNING CTS-0179] No paths found for pin uart_0/uart_0/tx_cnt\[1\]$_SDFFE_PP0P_/CLK.
[WARNING CTS-0179] No paths found for pin uart_0/uart_0/tx_cnt\[0\]$_SDFFE_PP0P_/CLK.
[WARNING CTS-0179] No paths found for pin uart_0/uart_0/tx_bit_cnt\[2\]$_SDFFE_PP0P_/CLK.
[WARNING CTS-0179] No paths found for pin uart_0/uart_0/tx_bit_cnt\[0\]$_SDFFE_PP0P_/CLK.
[WARNING CTS-0179] No paths found for pin uart_0/uart_0/tx_bit_cnt\[1\]$_SDFFE_PP0P_/CLK.
[WARNING CTS-0179] No paths found for pin uart_0/uart_0/tx_busy$_SDFF_PP0_/CLK.
[WARNING CTS-0179] No paths found for pin uart_0/uart_0/tx_bit_cnt\[3\]$_SDFFE_PP0P_/CLK.
[WARNING CTS-0179] No paths found for pin uart_0/uart_0/uart_control_reg\[31\]$_SDFFE_PP0P_/CLK.
[WARNING CTS-0179] No paths found for pin uart_0/uart_0/uart_control_reg\[19\]$_SDFFE_PP0P_/CLK.
[WARNING CTS-0179] No paths found for pin uart_0/uart_0/uart_divider_reg\[31\]$_SDFFE_PP0P_/CLK.
[WARNING CTS-0179] No paths found for pin uart_0/uart_0/uart_control_reg\[28\]$_SDFFE_PP0P_/CLK.
[WARNING CTS-0179] No paths found for pin uart_0/uart_0/uart_divider_reg\[28\]$_SDFFE_PP0P_/CLK.
[WARNING CTS-0179] No paths found for pin uart_0/uart_0/tx_shift\[0\]$_SDFFE_PP1P_/CLK.
[WARNING CTS-0179] No paths found for pin uart_0/uart_0/rx_data_reg\[2\]$_SDFFE_PP0P_/CLK.
[WARNING CTS-0179] No paths found for pin uart_0/uart_0/tx_cnt\[15\]$_SDFFE_PP0P_/CLK.
[WARNING CTS-0179] No paths found for pin uart_0/uart_0/rx_data_reg\[3\]$_SDFFE_PP0P_/CLK.
[WARNING CTS-0179] No paths found for pin uart_0/uart_0/uart_divider_reg\[20\]$_SDFFE_PP0P_/CLK.
[WARNING CTS-0179] No paths found for pin uart_0/uart_0/uart_divider_reg\[9\]$_SDFFE_PP0P_/CLK.
[WARNING CTS-0179] No paths found for pin uart_0/uart_0/uart_control_reg\[20\]$_SDFFE_PP0P_/CLK.
[WARNING CTS-0179] No paths found for pin uart_0/uart_0/uart_control_reg\[12\]$_SDFFE_PP0P_/CLK.
[WARNING CTS-0179] No paths found for pin uart_0/uart_0/uart_divider_reg\[12\]$_SDFFE_PP0P_/CLK.
[WARNING CTS-0179] No paths found for pin uart_0/uart_0/uart_divider_reg\[19\]$_SDFFE_PP0P_/CLK.
[WARNING CTS-0179] No paths found for pin uart_0/uart_0/uart_control_reg\[9\]$_SDFFE_PP0P_/CLK.
[WARNING CTS-0179] No paths found for pin uart_0/uart_0/uart_control_reg\[3\]$_SDFFE_PP0P_/CLK.
[WARNING CTS-0179] No paths found for pin uart_0/uart_0/tx_shift\[1\]$_SDFFE_PP1P_/CLK.
[WARNING CTS-0179] No paths found for pin uart_0/uart_0/uart_control_reg\[29\]$_SDFFE_PP0P_/CLK.
[WARNING CTS-0179] No paths found for pin uart_0/uart_0/uart_divider_reg\[29\]$_SDFFE_PP0P_/CLK.
[WARNING CTS-0179] No paths found for pin uart_0/uart_0/uart_control_reg\[17\]$_SDFFE_PP0P_/CLK.
[WARNING CTS-0179] No paths found for pin uart_0/uart_0/uart_control_reg\[25\]$_SDFFE_PP0P_/CLK.
[WARNING CTS-0179] No paths found for pin uart_0/uart_0/uart_divider_reg\[2\]$_SDFFE_PP0P_/CLK.
[WARNING CTS-0179] No paths found for pin uart_0/uart_0/uart_divider_reg\[15\]$_SDFFE_PP0P_/CLK.
[WARNING CTS-0179] No paths found for pin uart_0/uart_0/uart_control_reg\[2\]$_SDFFE_PP0P_/CLK.
[WARNING CTS-0179] No paths found for pin uart_0/uart_0/uart_control_reg\[4\]$_SDFFE_PP0P_/CLK.
[WARNING CTS-0179] No paths found for pin uart_0/uart_0/frame_err$_SDFF_PP0_/CLK.
[WARNING CTS-0179] No paths found for pin uart_0/uart_0/uart_control_reg\[15\]$_SDFFE_PP0P_/CLK.
[WARNING CTS-0179] No paths found for pin uart_0/uart_0/rx_shift\[4\]$_SDFFE_PP0P_/CLK.
[WARNING CTS-0179] No paths found for pin uart_0/uart_0/rx_overrun$_SDFF_PP0_/CLK.
[WARNING CTS-0179] No paths found for pin uart_0/uart_0/rx_valid$_SDFF_PP0_/CLK.
[WARNING CTS-0179] No paths found for pin uart_0/uart_0/rx_data_reg\[4\]$_SDFFE_PP0P_/CLK.
[WARNING CTS-0179] No paths found for pin uart_0/uart_0/rx_shift\[3\]$_SDFFE_PP0P_/CLK.
[WARNING CTS-0179] No paths found for pin uart_0/uart_0/rx_shift\[2\]$_SDFFE_PP0P_/CLK.
[WARNING CTS-0179] No paths found for pin uart_0/uart_0/rx_shift\[1\]$_SDFFE_PP0P_/CLK.
[WARNING CTS-0179] No paths found for pin uart_0/uart_0/rx_data_reg\[1\]$_SDFFE_PP0P_/CLK.
[WARNING CTS-0179] No paths found for pin uart_0/uart_0/rx_data_reg\[5\]$_SDFFE_PP0P_/CLK.
[WARNING CTS-0179] No paths found for pin uart_0/uart_0/rx_shift\[5\]$_SDFFE_PP0P_/CLK.
[WARNING CTS-0179] No paths found for pin uart_0/uart_0/uart_control_reg\[27\]$_SDFFE_PP0P_/CLK.
[WARNING CTS-0179] No paths found for pin uart_0/uart_0/uart_control_reg\[24\]$_SDFFE_PP0P_/CLK.
[WARNING CTS-0179] No paths found for pin uart_0/uart_0/uart_control_reg\[30\]$_SDFFE_PP0P_/CLK.
[WARNING CTS-0179] No paths found for pin uart_0/uart_0/uart_divider_reg\[24\]$_SDFFE_PP0P_/CLK.
[WARNING CTS-0179] No paths found for pin uart_0/uart_0/uart_divider_reg\[27\]$_SDFFE_PP0P_/CLK.
[WARNING CTS-0179] No paths found for pin uart_0/fifo_uart_w/counter_2\[3\]$_SDFFE_PP0P_/CLK.
[WARNING CTS-0179] No paths found for pin uart_0/fifo_uart_w/counter_2\[0\]$_SDFFE_PP0P_/CLK.
[WARNING CTS-0179] No paths found for pin uart_0/fifo_uart_w/counter_2\[1\]$_SDFFE_PP0P_/CLK.
[WARNING CTS-0179] No paths found for pin uart_0/fifo_uart_w/synchronizers_1_clk_2\[2\]$_SDFF_PP0_/CLK.
[WARNING CTS-0179] No paths found for pin uart_0/fifo_uart_w/synchronizers_1_clk_2\[4\]$_SDFF_PP0_/CLK.
[WARNING CTS-0179] No paths found for pin uart_0/uart_0/uart_control_reg\[11\]$_SDFFE_PP0P_/CLK.
[WARNING CTS-0179] No paths found for pin uart_0/uart_0/uart_control_reg\[10\]$_SDFFE_PP0P_/CLK.
[WARNING CTS-0179] No paths found for pin uart_0/uart_0/uart_control_reg\[8\]$_SDFFE_PP0P_/CLK.
[WARNING CTS-0179] No paths found for pin uart_0/uart_0/rx_bit_cnt\[1\]$_SDFFE_PP0P_/CLK.
[WARNING CTS-0179] No paths found for pin uart_0/uart_0/rx_bit_cnt\[0\]$_SDFFE_PP0P_/CLK.
[WARNING CTS-0179] No paths found for pin uart_0/uart_0/rx_bit_cnt\[3\]$_SDFFE_PP0P_/CLK.
[WARNING CTS-0179] No paths found for pin uart_0/uart_0/rx_data_reg\[6\]$_SDFFE_PP0P_/CLK.
[WARNING CTS-0179] No paths found for pin uart_0/uart_0/rx_data_reg\[7\]$_SDFFE_PP0P_/CLK.
[WARNING CTS-0179] No paths found for pin uart_0/uart_0/rx_shift\[6\]$_SDFFE_PP0P_/CLK.
[WARNING CTS-0179] No paths found for pin uart_0/uart_0/rx_busy$_SDFF_PP0_/CLK.
[WARNING CTS-0179] No paths found for pin uart_0/uart_0/rx_cnt\[1\]$_SDFFE_PP0P_/CLK.
[WARNING CTS-0179] No paths found for pin uart_0/uart_0/rx_bit_cnt\[2\]$_SDFFE_PP0P_/CLK.
[WARNING CTS-0179] No paths found for pin uart_0/uart_0/uart_divider_reg\[8\]$_SDFFE_PP0P_/CLK.
[WARNING CTS-0179] No paths found for pin uart_0/uart_0/rx_cnt\[0\]$_SDFFE_PP0P_/CLK.
[WARNING CTS-0179] No paths found for pin uart_0/uart_0/rx_sync\[1\]$_SDFF_PP1_/CLK.
[WARNING CTS-0179] No paths found for pin uart_0/uart_0/rx_shift\[7\]$_SDFFE_PP0P_/CLK.
[WARNING CTS-0179] No paths found for pin uart_0/uart_0/uart_control_reg\[1\]$_SDFFE_PP0P_/CLK.
[WARNING CTS-0179] No paths found for pin uart_0/uart_0/rx_sync\[0\]$_SDFF_PP1_/CLK.
[WARNING CTS-0179] No paths found for pin uart_0/uart_0/uart_divider_reg\[5\]$_SDFFE_PP0P_/CLK.
[WARNING CTS-0179] No paths found for pin uart_0/uart_0/uart_divider_reg\[10\]$_SDFFE_PP0P_/CLK.
[WARNING CTS-0179] No paths found for pin uart_0/uart_0/uart_control_reg\[5\]$_SDFFE_PP0P_/CLK.
[WARNING CTS-0179] No paths found for pin uart_0/uart_0/uart_divider_reg\[7\]$_SDFFE_PP0P_/CLK.
[WARNING CTS-0179] No paths found for pin uart_0/uart_0/uart_divider_reg\[6\]$_SDFFE_PP0P_/CLK.
[WARNING CTS-0179] No paths found for pin uart_0/uart_0/uart_control_reg\[6\]$_SDFFE_PP0P_/CLK.
[WARNING CTS-0179] No paths found for pin uart_0/uart_0/uart_control_reg\[16\]$_SDFFE_PP0P_/CLK.
[WARNING CTS-0179] No paths found for pin uart_0/uart_0/uart_control_reg\[7\]$_SDFFE_PP0P_/CLK.
[WARNING CTS-0179] No paths found for pin uart_0/uart_0/uart_divider_reg\[13\]$_SDFFE_PP0P_/CLK.
[WARNING CTS-0179] No paths found for pin uart_0/uart_0/uart_divider_reg\[4\]$_SDFFE_PP0P_/CLK.
[WARNING CTS-0179] No paths found for pin uart_0/uart_0/uart_divider_reg\[1\]$_SDFFE_PP0P_/CLK.
[WARNING CTS-0179] No paths found for pin uart_0/uart_0/uart_control_reg\[13\]$_SDFFE_PP0P_/CLK.
[WARNING CTS-0179] No paths found for pin uart_0/uart_0/uart_control_reg\[0\]$_SDFFE_PP0P_/CLK.
[WARNING CTS-0179] No paths found for pin uart_0/uart_0/uart_divider_reg\[0\]$_SDFFE_PP0P_/CLK.
[WARNING CTS-0179] No paths found for pin uart_0/uart_0/uart_divider_reg\[3\]$_SDFFE_PP0P_/CLK.
[WARNING CTS-0179] No paths found for pin uart_0/uart_0/uart_control_reg\[21\]$_SDFFE_PP0P_/CLK.
[WARNING CTS-0179] No paths found for pin uart_0/uart_0/tx_shift\[2\]$_SDFFE_PP1P_/CLK.
[WARNING CTS-0179] No paths found for pin uart_0/uart_0/uart_divider_reg\[21\]$_SDFFE_PP0P_/CLK.
[WARNING CTS-0179] No paths found for pin uart_0/uart_0/uart_divider_reg\[25\]$_SDFFE_PP0P_/CLK.
[WARNING CTS-0179] No paths found for pin uart_0/uart_0/uart_divider_reg\[17\]$_SDFFE_PP0P_/CLK.
[WARNING CTS-0179] No paths found for pin uart_0/uart_0/tx_shift\[4\]$_SDFFE_PP1P_/CLK.
[WARNING CTS-0179] No paths found for pin uart_0/uart_0/tx_shift\[7\]$_SDFFE_PP1P_/CLK.
[WARNING CTS-0179] No paths found for pin uart_0/uart_0/tx_shift\[6\]$_SDFFE_PP1P_/CLK.
[WARNING CTS-0179] No paths found for pin uart_0/uart_0/tx_shift\[5\]$_SDFFE_PP1P_/CLK.
[WARNING CTS-0179] No paths found for pin uart_0/uart_0/tx_shift\[3\]$_SDFFE_PP1P_/CLK.
[WARNING CTS-0179] No paths found for pin uart_0/uart_0/tx_shift\[8\]$_SDFFE_PP1P_/CLK.
[WARNING CTS-0179] No paths found for pin uart_0/uart_0/uart_divider_reg\[16\]$_SDFFE_PP0P_/CLK.
[WARNING CTS-0179] No paths found for pin uart_0/fifo_uart_w/synchronizers_1_clk_2\[3\]$_SDFF_PP0_/CLK.
[WARNING CTS-0179] No paths found for pin uart_0/fifo_uart_w/synchronizers_2_clk_2\[4\]$_SDFF_PP0_/CLK.
[WARNING CTS-0179] No paths found for pin uart_0/fifo_uart_w/synchronizers_2_clk_2\[3\]$_SDFF_PP0_/CLK.
[WARNING CTS-0179] No paths found for pin uart_0/fifo_uart_w/synchronizers_2_clk_2\[2\]$_SDFF_PP0_/CLK.
[WARNING CTS-0179] No paths found for pin uart_0/fifo_uart_w/counter_2\[4\]$_SDFFE_PP0P_/CLK.
[WARNING CTS-0179] No paths found for pin uart_0/uart_0/uart_divider_reg\[30\]$_SDFFE_PP0P_/CLK.
[WARNING CTS-0179] No paths found for pin uart_0/uart_0/uart_divider_reg\[14\]$_SDFFE_PP0P_/CLK.
[WARNING CTS-0179] No paths found for pin uart_0/uart_0/uart_control_reg\[22\]$_SDFFE_PP0P_/CLK.
[WARNING CTS-0179] No paths found for pin uart_0/fifo_uart_w/synchronizers_2_clk_2\[1\]$_SDFF_PP0_/CLK.
[WARNING CTS-0179] No paths found for pin uart_0/fifo_uart_w/synchronizers_2_clk_2\[0\]$_SDFF_PP0_/CLK.
[WARNING CTS-0179] No paths found for pin uart_0/fifo_uart_w/synchronizers_1_clk_2\[0\]$_SDFF_PP0_/CLK.
[WARNING CTS-0179] No paths found for pin uart_0/fifo_uart_w/synchronizers_1_clk_2\[1\]$_SDFF_PP0_/CLK.
[WARNING CTS-0179] No paths found for pin uart_0/fifo_uart_w/counter_2\[2\]$_SDFFE_PP0P_/CLK.
[WARNING CTS-0179] No paths found for pin uart_0/uart_0/uart_control_reg\[14\]$_SDFFE_PP0P_/CLK.
[WARNING CTS-0179] No paths found for pin uart_0/uart_0/uart_control_reg\[23\]$_SDFFE_PP0P_/CLK.
[WARNING CTS-0179] No paths found for pin uart_0/uart_0/uart_control_reg\[26\]$_SDFFE_PP0P_/CLK.
[WARNING CTS-0179] No paths found for pin uart_0/uart_0/uart_divider_reg\[26\]$_SDFFE_PP0P_/CLK.
[WARNING CTS-0179] No paths found for pin uart_0/uart_0/uart_divider_reg\[22\]$_SDFFE_PP0P_/CLK.
[WARNING CTS-0179] No paths found for pin uart_0/uart_0/uart_divider_reg\[23\]$_SDFFE_PP0P_/CLK.
[WARNING CTS-0179] No paths found for pin uart_0/uart_0/uart_control_reg\[18\]$_SDFFE_PP0P_/CLK.
[WARNING CTS-0179] No paths found for pin uart_0/uart_0/uart_divider_reg\[18\]$_SDFFE_PP0P_/CLK.
[WARNING CTS-0179] No paths found for pin uart_0/uart_0/uart_divider_reg\[11\]$_SDFFE_PP0P_/CLK.
[WARNING CTS-0179] No paths found for pin uart_0/fifo_uart_r/synchronizers_2_clk_1\[2\]$_SDFF_PP0_/CLK.
[WARNING CTS-0179] No paths found for pin uart_0/fifo_uart_r/counter_1\[1\]$_SDFFE_PP0P_/CLK.
[WARNING CTS-0179] No paths found for pin uart_0/fifo_uart_r/synchronizers_2_clk_1\[4\]$_SDFF_PP0_/CLK.
[WARNING CTS-0179] No paths found for pin uart_0/fifo_uart_r/synchronizers_1_clk_1\[3\]$_SDFF_PP0_/CLK.
[WARNING CTS-0179] No paths found for pin uart_0/fifo_uart_r/synchronizers_1_clk_1\[4\]$_SDFF_PP0_/CLK.
[WARNING CTS-0179] No paths found for pin uart_0/fifo_uart_r/synchronizers_2_clk_1\[3\]$_SDFF_PP0_/CLK.
[WARNING CTS-0179] No paths found for pin uart_0/fifo_uart_r/mem\[0\]\[19\]$_DFFE_PP_/CLK.
[WARNING CTS-0179] No paths found for pin uart_0/fifo_uart_r/counter_1\[4\]$_SDFFE_PP0P_/CLK.
[WARNING CTS-0179] No paths found for pin uart_0/fifo_uart_r/synchronizers_2_clk_1\[0\]$_SDFF_PP0_/CLK.
[WARNING CTS-0179] No paths found for pin uart_0/fifo_uart_r/counter_1\[3\]$_SDFFE_PP0P_/CLK.
[WARNING CTS-0179] No paths found for pin uart_0/fifo_uart_r/counter_1\[0\]$_SDFFE_PP0P_/CLK.
[WARNING CTS-0179] No paths found for pin uart_0/fifo_uart_r/mem\[14\]\[19\]$_DFFE_PP_/CLK.
[WARNING CTS-0179] No paths found for pin uart_0/fifo_uart_r/mem\[10\]\[19\]$_DFFE_PP_/CLK.
[WARNING CTS-0179] No paths found for pin uart_0/fifo_uart_r/mem\[8\]\[19\]$_DFFE_PP_/CLK.
[WARNING CTS-0179] No paths found for pin uart_0/fifo_uart_r/mem\[12\]\[19\]$_DFFE_PP_/CLK.
[WARNING CTS-0179] No paths found for pin uart_0/fifo_uart_r/mem\[11\]\[19\]$_DFFE_PP_/CLK.
[WARNING CTS-0179] No paths found for pin uart_0/fifo_uart_r/mem\[10\]\[24\]$_DFFE_PP_/CLK.
[WARNING CTS-0179] No paths found for pin uart_0/fifo_uart_r/mem\[8\]\[24\]$_DFFE_PP_/CLK.
[WARNING CTS-0179] No paths found for pin uart_0/fifo_uart_r/mem\[9\]\[19\]$_DFFE_PP_/CLK.
[WARNING CTS-0179] No paths found for pin uart_0/fifo_uart_r/mem\[15\]\[19\]$_DFFE_PP_/CLK.
[WARNING CTS-0179] No paths found for pin uart_0/fifo_uart_r/mem\[1\]\[26\]$_DFFE_PP_/CLK.
[WARNING CTS-0179] No paths found for pin uart_0/fifo_uart_r/mem\[5\]\[26\]$_DFFE_PP_/CLK.
[WARNING CTS-0179] No paths found for pin uart_0/fifo_uart_r/mem\[14\]\[31\]$_DFFE_PP_/CLK.
[WARNING CTS-0179] No paths found for pin uart_0/fifo_uart_r/mem\[0\]\[26\]$_DFFE_PP_/CLK.
[WARNING CTS-0179] No paths found for pin uart_0/fifo_uart_r/mem\[10\]\[31\]$_DFFE_PP_/CLK.
[WARNING CTS-0179] No paths found for pin uart_0/fifo_uart_r/mem\[7\]\[26\]$_DFFE_PP_/CLK.
[WARNING CTS-0179] No paths found for pin uart_0/fifo_uart_r/mem\[6\]\[26\]$_DFFE_PP_/CLK.
[WARNING CTS-0179] No paths found for pin uart_0/fifo_uart_r/mem\[3\]\[26\]$_DFFE_PP_/CLK.
[WARNING CTS-0179] No paths found for pin uart_0/fifo_uart_r/mem\[2\]\[26\]$_DFFE_PP_/CLK.
[WARNING CTS-0179] No paths found for pin uart_0/fifo_uart_r/mem\[12\]\[24\]$_DFFE_PP_/CLK.
[WARNING CTS-0179] No paths found for pin uart_0/fifo_uart_r/mem\[14\]\[24\]$_DFFE_PP_/CLK.
[WARNING CTS-0179] No paths found for pin uart_0/fifo_uart_r/mem\[9\]\[24\]$_DFFE_PP_/CLK.
[WARNING CTS-0179] No paths found for pin uart_0/fifo_uart_r/mem\[13\]\[24\]$_DFFE_PP_/CLK.
[WARNING CTS-0179] No paths found for pin uart_0/fifo_uart_r/mem\[7\]\[24\]$_DFFE_PP_/CLK.
[WARNING CTS-0179] No paths found for pin uart_0/fifo_uart_r/mem\[3\]\[24\]$_DFFE_PP_/CLK.
[WARNING CTS-0179] No paths found for pin uart_0/fifo_uart_r/mem\[2\]\[24\]$_DFFE_PP_/CLK.
[WARNING CTS-0179] No paths found for pin uart_0/fifo_uart_r/mem\[6\]\[24\]$_DFFE_PP_/CLK.
[WARNING CTS-0179] No paths found for pin uart_0/fifo_uart_r/mem\[10\]\[13\]$_DFFE_PP_/CLK.
[WARNING CTS-0179] No paths found for pin uart_0/fifo_uart_r/mem\[8\]\[13\]$_DFFE_PP_/CLK.
[WARNING CTS-0179] No paths found for pin uart_0/fifo_uart_r/mem\[14\]\[13\]$_DFFE_PP_/CLK.
[WARNING CTS-0179] No paths found for pin uart_0/fifo_uart_r/mem\[13\]\[13\]$_DFFE_PP_/CLK.
[WARNING CTS-0179] No paths found for pin uart_0/fifo_uart_r/mem\[10\]\[11\]$_DFFE_PP_/CLK.
[WARNING CTS-0179] No paths found for pin uart_0/fifo_uart_r/mem\[14\]\[11\]$_DFFE_PP_/CLK.
[WARNING CTS-0179] No paths found for pin uart_0/fifo_uart_r/mem\[8\]\[11\]$_DFFE_PP_/CLK.
[WARNING CTS-0179] No paths found for pin uart_0/fifo_uart_r/mem\[11\]\[11\]$_DFFE_PP_/CLK.
[WARNING CTS-0179] No paths found for pin uart_0/fifo_uart_r/mem\[9\]\[11\]$_DFFE_PP_/CLK.
[WARNING CTS-0179] No paths found for pin uart_0/fifo_uart_r/mem\[13\]\[11\]$_DFFE_PP_/CLK.
[WARNING CTS-0179] No paths found for pin uart_0/fifo_uart_r/mem\[12\]\[11\]$_DFFE_PP_/CLK.
[WARNING CTS-0179] No paths found for pin uart_0/fifo_uart_r/mem\[1\]\[11\]$_DFFE_PP_/CLK.
[WARNING CTS-0179] No paths found for pin uart_0/fifo_uart_r/mem\[15\]\[17\]$_DFFE_PP_/CLK.
[WARNING CTS-0179] No paths found for pin uart_0/fifo_uart_r/mem\[5\]\[11\]$_DFFE_PP_/CLK.
[WARNING CTS-0179] No paths found for pin uart_0/fifo_uart_r/mem\[4\]\[11\]$_DFFE_PP_/CLK.
[WARNING CTS-0179] No paths found for pin uart_0/fifo_uart_r/mem\[2\]\[11\]$_DFFE_PP_/CLK.
[WARNING CTS-0179] No paths found for pin uart_0/fifo_uart_r/mem\[6\]\[11\]$_DFFE_PP_/CLK.
[WARNING CTS-0179] No paths found for pin uart_0/fifo_uart_r/mem\[7\]\[11\]$_DFFE_PP_/CLK.
[WARNING CTS-0179] No paths found for pin uart_0/fifo_uart_r/mem\[4\]\[24\]$_DFFE_PP_/CLK.
[WARNING CTS-0179] No paths found for pin uart_0/fifo_uart_r/mem\[3\]\[11\]$_DFFE_PP_/CLK.
[WARNING CTS-0179] No paths found for pin uart_0/fifo_uart_r/mem\[1\]\[24\]$_DFFE_PP_/CLK.
[WARNING CTS-0179] No paths found for pin uart_0/fifo_uart_r/mem\[0\]\[24\]$_DFFE_PP_/CLK.
[WARNING CTS-0179] No paths found for pin uart_0/fifo_uart_r/mem\[2\]\[17\]$_DFFE_PP_/CLK.
[WARNING CTS-0179] No paths found for pin uart_0/fifo_uart_r/mem\[10\]\[29\]$_DFFE_PP_/CLK.
[WARNING CTS-0179] No paths found for pin uart_0/fifo_uart_r/mem\[8\]\[29\]$_DFFE_PP_/CLK.
[WARNING CTS-0179] No paths found for pin uart_0/fifo_uart_r/mem\[11\]\[29\]$_DFFE_PP_/CLK.
[WARNING CTS-0179] No paths found for pin uart_0/fifo_uart_r/mem\[13\]\[29\]$_DFFE_PP_/CLK.
[WARNING CTS-0179] No paths found for pin uart_0/fifo_uart_r/mem\[15\]\[29\]$_DFFE_PP_/CLK.
[WARNING CTS-0179] No paths found for pin uart_0/fifo_uart_r/mem\[9\]\[29\]$_DFFE_PP_/CLK.
[WARNING CTS-0179] No paths found for pin uart_0/fifo_uart_r/mem\[12\]\[13\]$_DFFE_PP_/CLK.
[WARNING CTS-0179] No paths found for pin uart_0/fifo_uart_r/mem\[15\]\[13\]$_DFFE_PP_/CLK.
[WARNING CTS-0179] No paths found for pin uart_0/fifo_uart_r/mem\[0\]\[13\]$_DFFE_PP_/CLK.
[WARNING CTS-0179] No paths found for pin uart_0/fifo_uart_r/mem\[11\]\[13\]$_DFFE_PP_/CLK.
[WARNING CTS-0179] No paths found for pin uart_0/fifo_uart_r/mem\[4\]\[14\]$_DFFE_PP_/CLK.
[WARNING CTS-0179] No paths found for pin uart_0/fifo_uart_r/mem\[9\]\[13\]$_DFFE_PP_/CLK.
[WARNING CTS-0179] No paths found for pin uart_0/fifo_uart_r/mem\[5\]\[14\]$_DFFE_PP_/CLK.
[WARNING CTS-0179] No paths found for pin uart_0/fifo_uart_r/mem\[0\]\[14\]$_DFFE_PP_/CLK.
[WARNING CTS-0179] No paths found for pin uart_0/fifo_uart_r/mem\[1\]\[14\]$_DFFE_PP_/CLK.
[WARNING CTS-0179] No paths found for pin uart_0/fifo_uart_r/mem\[15\]\[24\]$_DFFE_PP_/CLK.
[WARNING CTS-0179] No paths found for pin uart_0/fifo_uart_r/mem\[11\]\[24\]$_DFFE_PP_/CLK.
[WARNING CTS-0179] No paths found for pin uart_0/fifo_uart_r/mem\[7\]\[14\]$_DFFE_PP_/CLK.
[WARNING CTS-0179] No paths found for pin uart_0/fifo_uart_r/mem\[9\]\[23\]$_DFFE_PP_/CLK.
[WARNING CTS-0179] No paths found for pin uart_0/fifo_uart_r/mem\[11\]\[23\]$_DFFE_PP_/CLK.
[WARNING CTS-0179] No paths found for pin uart_0/fifo_uart_r/mem\[15\]\[23\]$_DFFE_PP_/CLK.
[WARNING CTS-0179] No paths found for pin uart_0/fifo_uart_r/mem\[13\]\[23\]$_DFFE_PP_/CLK.
[WARNING CTS-0179] No paths found for pin uart_0/fifo_uart_r/mem\[10\]\[23\]$_DFFE_PP_/CLK.
[WARNING CTS-0179] No paths found for pin uart_0/fifo_uart_r/mem\[8\]\[23\]$_DFFE_PP_/CLK.
[WARNING CTS-0179] No paths found for pin uart_0/fifo_uart_r/mem\[11\]\[9\]$_DFFE_PP_/CLK.
[WARNING CTS-0179] No paths found for pin uart_0/fifo_uart_r/mem\[13\]\[9\]$_DFFE_PP_/CLK.
[WARNING CTS-0179] No paths found for pin uart_0/fifo_uart_r/mem\[7\]\[23\]$_DFFE_PP_/CLK.
[WARNING CTS-0179] No paths found for pin uart_0/fifo_uart_r/mem\[6\]\[23\]$_DFFE_PP_/CLK.
[WARNING CTS-0179] No paths found for pin uart_0/fifo_uart_r/mem\[3\]\[23\]$_DFFE_PP_/CLK.
[WARNING CTS-0179] No paths found for pin uart_0/fifo_uart_r/mem\[5\]\[23\]$_DFFE_PP_/CLK.
[WARNING CTS-0179] No paths found for pin uart_0/fifo_uart_r/mem\[4\]\[23\]$_DFFE_PP_/CLK.
[WARNING CTS-0179] No paths found for pin uart_0/fifo_uart_r/mem\[2\]\[14\]$_DFFE_PP_/CLK.
[WARNING CTS-0179] No paths found for pin uart_0/fifo_uart_r/mem\[6\]\[14\]$_DFFE_PP_/CLK.
[WARNING CTS-0179] No paths found for pin uart_0/fifo_uart_r/mem\[3\]\[14\]$_DFFE_PP_/CLK.
[WARNING CTS-0179] No paths found for pin uart_0/fifo_uart_r/mem\[1\]\[23\]$_DFFE_PP_/CLK.
[WARNING CTS-0179] No paths found for pin uart_0/fifo_uart_r/mem\[0\]\[23\]$_DFFE_PP_/CLK.
[WARNING CTS-0179] No paths found for pin uart_0/fifo_uart_r/mem\[8\]\[14\]$_DFFE_PP_/CLK.
[WARNING CTS-0179] No paths found for pin uart_0/fifo_uart_r/mem\[14\]\[14\]$_DFFE_PP_/CLK.
[WARNING CTS-0179] No paths found for pin uart_0/fifo_uart_r/mem\[12\]\[14\]$_DFFE_PP_/CLK.
[WARNING CTS-0179] No paths found for pin uart_0/fifo_uart_r/mem\[10\]\[12\]$_DFFE_PP_/CLK.
[WARNING CTS-0179] No paths found for pin uart_0/fifo_uart_r/mem\[12\]\[17\]$_DFFE_PP_/CLK.
[WARNING CTS-0179] No paths found for pin uart_0/fifo_uart_r/mem\[14\]\[17\]$_DFFE_PP_/CLK.
[WARNING CTS-0179] No paths found for pin uart_0/fifo_uart_r/mem\[8\]\[17\]$_DFFE_PP_/CLK.
[WARNING CTS-0179] No paths found for pin uart_0/fifo_uart_r/mem\[15\]\[10\]$_DFFE_PP_/CLK.
[WARNING CTS-0179] No paths found for pin uart_0/fifo_uart_r/mem\[8\]\[8\]$_DFFE_PP_/CLK.
[WARNING CTS-0179] No paths found for pin uart_0/fifo_uart_r/mem\[13\]\[20\]$_DFFE_PP_/CLK.
[WARNING CTS-0179] No paths found for pin uart_0/fifo_uart_r/mem\[12\]\[30\]$_DFFE_PP_/CLK.
[WARNING CTS-0179] No paths found for pin uart_0/fifo_uart_r/mem\[14\]\[30\]$_DFFE_PP_/CLK.
[WARNING CTS-0179] No paths found for pin uart_0/fifo_uart_r/mem\[10\]\[30\]$_DFFE_PP_/CLK.
[WARNING CTS-0179] No paths found for pin uart_0/fifo_uart_r/mem\[11\]\[7\]$_DFFE_PP_/CLK.
[WARNING CTS-0179] No paths found for pin uart_0/fifo_uart_r/mem\[15\]\[7\]$_DFFE_PP_/CLK.
[WARNING CTS-0179] No paths found for pin uart_0/fifo_uart_r/mem\[13\]\[7\]$_DFFE_PP_/CLK.
[WARNING CTS-0179] No paths found for pin uart_0/fifo_uart_r/mem\[11\]\[20\]$_DFFE_PP_/CLK.
[WARNING CTS-0179] No paths found for pin uart_0/fifo_uart_r/mem\[9\]\[7\]$_DFFE_PP_/CLK.
[WARNING CTS-0179] No paths found for pin uart_0/fifo_uart_r/mem\[9\]\[20\]$_DFFE_PP_/CLK.
[WARNING CTS-0179] No paths found for pin uart_0/fifo_uart_r/mem\[14\]\[7\]$_DFFE_PP_/CLK.
[WARNING CTS-0179] No paths found for pin uart_0/fifo_uart_r/mem\[12\]\[7\]$_DFFE_PP_/CLK.
[WARNING CTS-0179] No paths found for pin uart_0/fifo_uart_r/mem\[8\]\[30\]$_DFFE_PP_/CLK.
[WARNING CTS-0179] No paths found for pin uart_0/fifo_uart_r/mem\[1\]\[10\]$_DFFE_PP_/CLK.
[WARNING CTS-0179] No paths found for pin uart_0/fifo_uart_r/mem\[6\]\[10\]$_DFFE_PP_/CLK.
[WARNING CTS-0179] No paths found for pin uart_0/fifo_uart_r/mem\[7\]\[10\]$_DFFE_PP_/CLK.
[WARNING CTS-0179] No paths found for pin uart_0/fifo_uart_r/mem\[7\]\[31\]$_DFFE_PP_/CLK.
[WARNING CTS-0179] No paths found for pin uart_0/fifo_uart_r/mem\[6\]\[31\]$_DFFE_PP_/CLK.
[WARNING CTS-0179] No paths found for pin uart_0/fifo_uart_r/mem\[3\]\[31\]$_DFFE_PP_/CLK.
[WARNING CTS-0179] No paths found for pin uart_0/fifo_uart_r/mem\[2\]\[10\]$_DFFE_PP_/CLK.
[WARNING CTS-0179] No paths found for pin uart_0/fifo_uart_r/mem\[3\]\[10\]$_DFFE_PP_/CLK.
[WARNING CTS-0179] No paths found for pin uart_0/fifo_uart_r/mem\[4\]\[30\]$_DFFE_PP_/CLK.
[WARNING CTS-0179] No paths found for pin uart_0/fifo_uart_r/mem\[10\]\[7\]$_DFFE_PP_/CLK.
[WARNING CTS-0179] No paths found for pin uart_0/fifo_uart_r/mem\[8\]\[7\]$_DFFE_PP_/CLK.
[WARNING CTS-0179] No paths found for pin uart_0/fifo_uart_r/mem\[5\]\[20\]$_DFFE_PP_/CLK.
[WARNING CTS-0179] No paths found for pin uart_0/fifo_uart_r/mem\[0\]\[20\]$_DFFE_PP_/CLK.
[WARNING CTS-0179] No paths found for pin uart_0/fifo_uart_r/mem\[1\]\[20\]$_DFFE_PP_/CLK.
[WARNING CTS-0179] No paths found for pin uart_0/fifo_uart_r/mem\[4\]\[7\]$_DFFE_PP_/CLK.
[WARNING CTS-0179] No paths found for pin uart_0/fifo_uart_r/mem\[5\]\[7\]$_DFFE_PP_/CLK.
[WARNING CTS-0179] No paths found for pin uart_0/fifo_uart_r/mem\[7\]\[7\]$_DFFE_PP_/CLK.
[WARNING CTS-0179] No paths found for pin uart_0/fifo_uart_r/mem\[1\]\[7\]$_DFFE_PP_/CLK.
[WARNING CTS-0179] No paths found for pin uart_0/fifo_uart_r/mem\[6\]\[7\]$_DFFE_PP_/CLK.
[WARNING CTS-0179] No paths found for pin uart_0/fifo_uart_r/mem\[7\]\[20\]$_DFFE_PP_/CLK.
[WARNING CTS-0179] No paths found for pin uart_0/fifo_uart_r/mem\[2\]\[20\]$_DFFE_PP_/CLK.
[WARNING CTS-0179] No paths found for pin uart_0/fifo_uart_r/mem\[0\]\[7\]$_DFFE_PP_/CLK.
[WARNING CTS-0179] No paths found for pin uart_0/fifo_uart_r/mem\[3\]\[7\]$_DFFE_PP_/CLK.
[WARNING CTS-0179] No paths found for pin uart_0/fifo_uart_r/mem\[1\]\[30\]$_DFFE_PP_/CLK.
[WARNING CTS-0179] No paths found for pin uart_0/fifo_uart_r/mem\[2\]\[7\]$_DFFE_PP_/CLK.
[WARNING CTS-0179] No paths found for pin uart_0/fifo_uart_r/mem\[5\]\[30\]$_DFFE_PP_/CLK.
[WARNING CTS-0179] No paths found for pin uart_0/fifo_uart_r/mem\[3\]\[30\]$_DFFE_PP_/CLK.
[WARNING CTS-0179] No paths found for pin uart_0/fifo_uart_r/mem\[2\]\[30\]$_DFFE_PP_/CLK.
[WARNING CTS-0179] No paths found for pin uart_0/fifo_uart_r/mem\[0\]\[30\]$_DFFE_PP_/CLK.
[WARNING CTS-0179] No paths found for pin uart_0/fifo_uart_r/mem\[7\]\[30\]$_DFFE_PP_/CLK.
[WARNING CTS-0179] No paths found for pin uart_0/fifo_uart_r/mem\[6\]\[30\]$_DFFE_PP_/CLK.
[WARNING CTS-0179] No paths found for pin uart_0/fifo_uart_r/synchronizers_2_clk_1\[1\]$_SDFF_PP0_/CLK.
[WARNING CTS-0179] No paths found for pin uart_0/fifo_uart_r/synchronizers_1_clk_1\[1\]$_SDFF_PP0_/CLK.
[WARNING CTS-0179] No paths found for pin uart_0/fifo_uart_r/synchronizers_1_clk_1\[0\]$_SDFF_PP0_/CLK.
[WARNING CTS-0179] No paths found for pin uart_0/fifo_uart_r/synchronizers_1_clk_1\[2\]$_SDFF_PP0_/CLK.
[WARNING CTS-0179] No paths found for pin uart_0/fifo_uart_r/mem\[1\]\[19\]$_DFFE_PP_/CLK.
[WARNING CTS-0179] No paths found for pin uart_0/fifo_uart_r/mem\[4\]\[19\]$_DFFE_PP_/CLK.
[WARNING CTS-0179] No paths found for pin uart_0/fifo_uart_r/mem\[13\]\[19\]$_DFFE_PP_/CLK.
[WARNING CTS-0179] No paths found for pin uart_0/fifo_uart_r/mem\[5\]\[19\]$_DFFE_PP_/CLK.
[WARNING CTS-0179] No paths found for pin uart_0/fifo_uart_r/mem\[12\]\[26\]$_DFFE_PP_/CLK.
[WARNING CTS-0179] No paths found for pin uart_0/fifo_uart_r/mem\[15\]\[26\]$_DFFE_PP_/CLK.
[WARNING CTS-0179] No paths found for pin uart_0/fifo_uart_r/mem\[14\]\[26\]$_DFFE_PP_/CLK.
[WARNING CTS-0179] No paths found for pin uart_0/fifo_uart_r/mem\[8\]\[26\]$_DFFE_PP_/CLK.
[WARNING CTS-0179] No paths found for pin uart_0/fifo_uart_r/mem\[10\]\[26\]$_DFFE_PP_/CLK.
[WARNING CTS-0179] No paths found for pin uart_0/fifo_uart_r/mem\[6\]\[19\]$_DFFE_PP_/CLK.
[WARNING CTS-0179] No paths found for pin uart_0/fifo_uart_r/mem\[7\]\[19\]$_DFFE_PP_/CLK.
[WARNING CTS-0179] No paths found for pin uart_0/fifo_uart_r/mem\[2\]\[19\]$_DFFE_PP_/CLK.
[WARNING CTS-0179] No paths found for pin uart_0/fifo_uart_r/mem\[3\]\[19\]$_DFFE_PP_/CLK.
[WARNING CTS-0179] No paths found for pin uart_0/fifo_uart_r/mem\[2\]\[31\]$_DFFE_PP_/CLK.
[WARNING CTS-0179] No paths found for pin uart_0/fifo_uart_r/mem\[5\]\[31\]$_DFFE_PP_/CLK.
[WARNING CTS-0179] No paths found for pin uart_0/fifo_uart_r/mem\[0\]\[31\]$_DFFE_PP_/CLK.
[WARNING CTS-0179] No paths found for pin uart_0/fifo_uart_r/mem\[1\]\[31\]$_DFFE_PP_/CLK.
[WARNING CTS-0179] No paths found for pin uart_0/fifo_uart_r/mem\[0\]\[10\]$_DFFE_PP_/CLK.
[WARNING CTS-0179] No paths found for pin uart_0/fifo_uart_r/mem\[5\]\[10\]$_DFFE_PP_/CLK.
[WARNING CTS-0179] No paths found for pin uart_0/fifo_uart_r/mem\[4\]\[10\]$_DFFE_PP_/CLK.
[WARNING CTS-0179] No paths found for pin uart_0/fifo_uart_r/mem\[14\]\[10\]$_DFFE_PP_/CLK.
[WARNING CTS-0179] No paths found for pin uart_0/fifo_uart_r/mem\[4\]\[31\]$_DFFE_PP_/CLK.
[WARNING CTS-0179] No paths found for pin uart_0/fifo_uart_r/mem\[9\]\[26\]$_DFFE_PP_/CLK.
[WARNING CTS-0179] No paths found for pin uart_0/fifo_uart_r/mem\[11\]\[26\]$_DFFE_PP_/CLK.
[WARNING CTS-0179] No paths found for pin uart_0/fifo_uart_r/mem\[13\]\[26\]$_DFFE_PP_/CLK.
[WARNING CTS-0179] No paths found for pin uart_0/fifo_uart_r/mem\[8\]\[31\]$_DFFE_PP_/CLK.
[WARNING CTS-0179] No paths found for pin uart_0/fifo_uart_r/mem\[11\]\[31\]$_DFFE_PP_/CLK.
[WARNING CTS-0179] No paths found for pin uart_0/fifo_uart_r/mem\[9\]\[31\]$_DFFE_PP_/CLK.
[WARNING CTS-0179] No paths found for pin uart_0/fifo_uart_r/mem\[15\]\[31\]$_DFFE_PP_/CLK.
[WARNING CTS-0179] No paths found for pin uart_0/fifo_uart_r/mem\[13\]\[31\]$_DFFE_PP_/CLK.
[WARNING CTS-0179] No paths found for pin uart_0/fifo_uart_r/mem\[10\]\[17\]$_DFFE_PP_/CLK.
[WARNING CTS-0179] No paths found for pin uart_0/fifo_uart_r/mem\[13\]\[10\]$_DFFE_PP_/CLK.
[WARNING CTS-0179] No paths found for pin uart_0/fifo_uart_r/mem\[12\]\[31\]$_DFFE_PP_/CLK.
[WARNING CTS-0179] No paths found for pin uart_0/fifo_uart_r/mem\[11\]\[17\]$_DFFE_PP_/CLK.
[WARNING CTS-0179] No paths found for pin uart_0/fifo_uart_r/mem\[13\]\[17\]$_DFFE_PP_/CLK.
[WARNING CTS-0179] No paths found for pin uart_0/fifo_uart_r/mem\[9\]\[17\]$_DFFE_PP_/CLK.
[WARNING CTS-0179] No paths found for pin uart_0/fifo_uart_r/mem\[0\]\[11\]$_DFFE_PP_/CLK.
[WARNING CTS-0179] No paths found for pin uart_0/fifo_uart_r/mem\[15\]\[11\]$_DFFE_PP_/CLK.
[WARNING CTS-0179] No paths found for pin uart_0/fifo_uart_r/mem\[4\]\[26\]$_DFFE_PP_/CLK.
[WARNING CTS-0179] No paths found for pin uart_0/fifo_uart_r/mem\[4\]\[21\]$_DFFE_PP_/CLK.
[WARNING CTS-0179] No paths found for pin uart_0/fifo_uart_r/mem\[5\]\[21\]$_DFFE_PP_/CLK.
[WARNING CTS-0179] No paths found for pin uart_0/fifo_uart_r/mem\[0\]\[21\]$_DFFE_PP_/CLK.
[WARNING CTS-0179] No paths found for pin uart_0/fifo_uart_r/mem\[8\]\[21\]$_DFFE_PP_/CLK.
[WARNING CTS-0179] No paths found for pin uart_0/fifo_uart_r/mem\[1\]\[21\]$_DFFE_PP_/CLK.
[WARNING CTS-0179] No paths found for pin uart_0/fifo_uart_r/mem\[13\]\[16\]$_DFFE_PP_/CLK.
[WARNING CTS-0179] No paths found for pin uart_0/fifo_uart_r/mem\[15\]\[16\]$_DFFE_PP_/CLK.
[WARNING CTS-0179] No paths found for pin uart_0/fifo_uart_r/mem\[15\]\[6\]$_DFFE_PP_/CLK.
[WARNING CTS-0179] No paths found for pin uart_0/fifo_uart_r/mem\[13\]\[6\]$_DFFE_PP_/CLK.
[WARNING CTS-0179] No paths found for pin uart_0/fifo_uart_r/mem\[10\]\[6\]$_DFFE_PP_/CLK.
[WARNING CTS-0179] No paths found for pin uart_0/fifo_uart_r/mem\[9\]\[6\]$_DFFE_PP_/CLK.
[WARNING CTS-0179] No paths found for pin uart_0/fifo_uart_r/mem\[8\]\[6\]$_DFFE_PP_/CLK.
[WARNING CTS-0179] No paths found for pin uart_0/fifo_uart_r/mem\[14\]\[6\]$_DFFE_PP_/CLK.
[WARNING CTS-0179] No paths found for pin uart_0/fifo_uart_r/mem\[12\]\[6\]$_DFFE_PP_/CLK.
[WARNING CTS-0179] No paths found for pin uart_0/fifo_uart_r/mem\[15\]\[5\]$_DFFE_PP_/CLK.
[WARNING CTS-0179] No paths found for pin uart_0/fifo_uart_r/mem\[13\]\[5\]$_DFFE_PP_/CLK.
[WARNING CTS-0179] No paths found for pin uart_0/fifo_uart_r/mem\[2\]\[1\]$_DFFE_PP_/CLK.
[WARNING CTS-0179] No paths found for pin uart_0/fifo_uart_r/mem\[10\]\[21\]$_DFFE_PP_/CLK.
[WARNING CTS-0179] No paths found for pin uart_0/fifo_uart_r/mem\[3\]\[1\]$_DFFE_PP_/CLK.
[WARNING CTS-0179] No paths found for pin uart_0/fifo_uart_r/mem\[12\]\[21\]$_DFFE_PP_/CLK.
[WARNING CTS-0179] No paths found for pin uart_0/fifo_uart_r/mem\[14\]\[21\]$_DFFE_PP_/CLK.
[WARNING CTS-0179] No paths found for pin uart_0/fifo_uart_r/mem\[6\]\[1\]$_DFFE_PP_/CLK.
[WARNING CTS-0179] No paths found for pin uart_0/fifo_uart_r/mem\[7\]\[1\]$_DFFE_PP_/CLK.
[WARNING CTS-0179] No paths found for pin uart_0/fifo_uart_r/mem\[1\]\[1\]$_DFFE_PP_/CLK.
[WARNING CTS-0179] No paths found for pin uart_0/fifo_uart_r/mem\[0\]\[1\]$_DFFE_PP_/CLK.
[WARNING CTS-0179] No paths found for pin uart_0/fifo_uart_r/mem\[4\]\[1\]$_DFFE_PP_/CLK.
[WARNING CTS-0179] No paths found for pin uart_0/fifo_uart_r/mem\[14\]\[0\]$_DFFE_PP_/CLK.
[WARNING CTS-0179] No paths found for pin uart_0/fifo_uart_r/mem\[12\]\[0\]$_DFFE_PP_/CLK.
[WARNING CTS-0179] No paths found for pin uart_0/fifo_uart_r/mem\[15\]\[1\]$_DFFE_PP_/CLK.
[WARNING CTS-0179] No paths found for pin uart_0/fifo_uart_r/mem\[11\]\[1\]$_DFFE_PP_/CLK.
[WARNING CTS-0179] No paths found for pin uart_0/fifo_uart_r/mem\[9\]\[1\]$_DFFE_PP_/CLK.
[WARNING CTS-0179] No paths found for pin uart_0/fifo_uart_r/mem\[13\]\[0\]$_DFFE_PP_/CLK.
[WARNING CTS-0179] No paths found for pin uart_0/fifo_uart_r/mem\[15\]\[0\]$_DFFE_PP_/CLK.
[WARNING CTS-0179] No paths found for pin uart_0/fifo_uart_r/mem\[10\]\[0\]$_DFFE_PP_/CLK.
[WARNING CTS-0179] No paths found for pin uart_0/fifo_uart_r/mem\[8\]\[0\]$_DFFE_PP_/CLK.
[WARNING CTS-0179] No paths found for pin uart_0/fifo_uart_r/mem\[5\]\[1\]$_DFFE_PP_/CLK.
[WARNING CTS-0179] No paths found for pin uart_0/fifo_uart_r/mem\[11\]\[0\]$_DFFE_PP_/CLK.
[WARNING CTS-0179] No paths found for pin uart_0/fifo_uart_r/mem\[9\]\[0\]$_DFFE_PP_/CLK.
[WARNING CTS-0179] No paths found for pin uart_0/fifo_uart_r/mem\[13\]\[3\]$_DFFE_PP_/CLK.
[WARNING CTS-0179] No paths found for pin uart_0/fifo_uart_r/mem\[15\]\[3\]$_DFFE_PP_/CLK.
[WARNING CTS-0179] No paths found for pin uart_0/fifo_uart_r/mem\[11\]\[3\]$_DFFE_PP_/CLK.
[WARNING CTS-0179] No paths found for pin uart_0/fifo_uart_r/mem\[9\]\[3\]$_DFFE_PP_/CLK.
[WARNING CTS-0179] No paths found for pin uart_0/fifo_uart_r/mem\[14\]\[3\]$_DFFE_PP_/CLK.
[WARNING CTS-0179] No paths found for pin uart_0/fifo_uart_r/mem\[12\]\[3\]$_DFFE_PP_/CLK.
[WARNING CTS-0179] No paths found for pin uart_0/fifo_uart_r/mem\[4\]\[3\]$_DFFE_PP_/CLK.
[WARNING CTS-0179] No paths found for pin uart_0/fifo_uart_r/mem\[5\]\[3\]$_DFFE_PP_/CLK.
[WARNING CTS-0179] No paths found for pin uart_0/fifo_uart_r/mem\[9\]\[5\]$_DFFE_PP_/CLK.
[WARNING CTS-0179] No paths found for pin uart_0/fifo_uart_r/mem\[1\]\[5\]$_DFFE_PP_/CLK.
[WARNING CTS-0179] No paths found for pin uart_0/fifo_uart_r/mem\[5\]\[5\]$_DFFE_PP_/CLK.
[WARNING CTS-0179] No paths found for pin uart_0/fifo_uart_r/mem\[1\]\[3\]$_DFFE_PP_/CLK.
[WARNING CTS-0179] No paths found for pin uart_0/fifo_uart_r/mem\[11\]\[5\]$_DFFE_PP_/CLK.
[WARNING CTS-0179] No paths found for pin uart_0/fifo_uart_r/mem\[14\]\[5\]$_DFFE_PP_/CLK.
[WARNING CTS-0179] No paths found for pin uart_0/fifo_uart_r/mem\[0\]\[5\]$_DFFE_PP_/CLK.
[WARNING CTS-0179] No paths found for pin uart_0/fifo_uart_r/mem\[12\]\[5\]$_DFFE_PP_/CLK.
[WARNING CTS-0179] No paths found for pin uart_0/fifo_uart_r/mem\[0\]\[3\]$_DFFE_PP_/CLK.
[WARNING CTS-0179] No paths found for pin uart_0/fifo_uart_r/mem\[6\]\[5\]$_DFFE_PP_/CLK.
[WARNING CTS-0179] No paths found for pin uart_0/fifo_uart_r/mem\[7\]\[5\]$_DFFE_PP_/CLK.
[WARNING CTS-0179] No paths found for pin uart_0/fifo_uart_r/mem\[6\]\[3\]$_DFFE_PP_/CLK.
[WARNING CTS-0179] No paths found for pin uart_0/fifo_uart_r/mem\[2\]\[3\]$_DFFE_PP_/CLK.
[WARNING CTS-0179] No paths found for pin uart_0/fifo_uart_r/mem\[3\]\[3\]$_DFFE_PP_/CLK.
[WARNING CTS-0179] No paths found for pin uart_0/fifo_uart_r/mem\[10\]\[3\]$_DFFE_PP_/CLK.
[WARNING CTS-0179] No paths found for pin uart_0/fifo_uart_r/mem\[8\]\[3\]$_DFFE_PP_/CLK.
[WARNING CTS-0179] No paths found for pin uart_0/fifo_uart_r/mem\[7\]\[3\]$_DFFE_PP_/CLK.
[WARNING CTS-0179] No paths found for pin uart_0/fifo_uart_r/mem\[3\]\[5\]$_DFFE_PP_/CLK.
[WARNING CTS-0179] No paths found for pin uart_0/fifo_uart_r/mem\[2\]\[5\]$_DFFE_PP_/CLK.
[WARNING CTS-0179] No paths found for pin uart_0/fifo_uart_r/mem\[4\]\[5\]$_DFFE_PP_/CLK.
[WARNING CTS-0179] No paths found for pin uart_0/fifo_uart_r/mem\[8\]\[5\]$_DFFE_PP_/CLK.
[WARNING CTS-0179] No paths found for pin uart_0/fifo_uart_r/mem\[2\]\[6\]$_DFFE_PP_/CLK.
[WARNING CTS-0179] No paths found for pin uart_0/fifo_uart_r/mem\[10\]\[5\]$_DFFE_PP_/CLK.
[WARNING CTS-0179] No paths found for pin uart_0/fifo_uart_r/mem\[7\]\[6\]$_DFFE_PP_/CLK.
[WARNING CTS-0179] No paths found for pin uart_0/fifo_uart_r/mem\[6\]\[6\]$_DFFE_PP_/CLK.
[WARNING CTS-0179] No paths found for pin uart_0/fifo_uart_r/mem\[4\]\[6\]$_DFFE_PP_/CLK.
[WARNING CTS-0179] No paths found for pin uart_0/fifo_uart_r/mem\[0\]\[6\]$_DFFE_PP_/CLK.
[WARNING CTS-0179] No paths found for pin uart_0/fifo_uart_r/mem\[3\]\[6\]$_DFFE_PP_/CLK.
[WARNING CTS-0179] No paths found for pin uart_0/fifo_uart_r/mem\[1\]\[6\]$_DFFE_PP_/CLK.
[WARNING CTS-0179] No paths found for pin uart_0/fifo_uart_r/mem\[3\]\[20\]$_DFFE_PP_/CLK.
[WARNING CTS-0179] No paths found for pin uart_0/fifo_uart_r/mem\[6\]\[20\]$_DFFE_PP_/CLK.
[WARNING CTS-0179] No paths found for pin uart_0/fifo_uart_r/mem\[5\]\[27\]$_DFFE_PP_/CLK.
[WARNING CTS-0179] No paths found for pin uart_0/fifo_uart_r/mem\[0\]\[27\]$_DFFE_PP_/CLK.
[WARNING CTS-0179] No paths found for pin uart_0/fifo_uart_r/mem\[1\]\[27\]$_DFFE_PP_/CLK.
[WARNING CTS-0179] No paths found for pin uart_0/fifo_uart_r/mem\[4\]\[27\]$_DFFE_PP_/CLK.
[WARNING CTS-0179] No paths found for pin uart_0/fifo_uart_r/mem\[8\]\[20\]$_DFFE_PP_/CLK.
[WARNING CTS-0179] No paths found for pin uart_0/fifo_uart_r/mem\[4\]\[20\]$_DFFE_PP_/CLK.
[WARNING CTS-0179] No paths found for pin uart_0/fifo_uart_r/mem\[0\]\[16\]$_DFFE_PP_/CLK.
[WARNING CTS-0179] No paths found for pin uart_0/fifo_uart_r/mem\[6\]\[27\]$_DFFE_PP_/CLK.
[WARNING CTS-0179] No paths found for pin uart_0/fifo_uart_r/mem\[7\]\[27\]$_DFFE_PP_/CLK.
[WARNING CTS-0179] No paths found for pin uart_0/fifo_uart_r/mem\[3\]\[27\]$_DFFE_PP_/CLK.
[WARNING CTS-0179] No paths found for pin uart_0/fifo_uart_r/mem\[2\]\[27\]$_DFFE_PP_/CLK.
[WARNING CTS-0179] No paths found for pin uart_0/fifo_uart_r/mem\[2\]\[16\]$_DFFE_PP_/CLK.
[WARNING CTS-0179] No paths found for pin uart_0/fifo_uart_r/mem\[3\]\[16\]$_DFFE_PP_/CLK.
[WARNING CTS-0179] No paths found for pin uart_0/fifo_uart_r/mem\[7\]\[16\]$_DFFE_PP_/CLK.
[WARNING CTS-0179] No paths found for pin uart_0/fifo_uart_r/mem\[6\]\[16\]$_DFFE_PP_/CLK.
[WARNING CTS-0179] No paths found for pin uart_0/fifo_uart_r/mem\[5\]\[6\]$_DFFE_PP_/CLK.
[WARNING CTS-0179] No paths found for pin uart_0/fifo_uart_r/mem\[11\]\[6\]$_DFFE_PP_/CLK.
[WARNING CTS-0179] No paths found for pin uart_0/fifo_uart_r/mem\[9\]\[16\]$_DFFE_PP_/CLK.
[WARNING CTS-0179] No paths found for pin uart_0/fifo_uart_r/mem\[11\]\[16\]$_DFFE_PP_/CLK.
[WARNING CTS-0179] No paths found for pin uart_0/fifo_uart_r/mem\[5\]\[16\]$_DFFE_PP_/CLK.
[WARNING CTS-0179] No paths found for pin uart_0/fifo_uart_r/mem\[4\]\[16\]$_DFFE_PP_/CLK.
[WARNING CTS-0179] No paths found for pin uart_0/fifo_uart_r/mem\[1\]\[16\]$_DFFE_PP_/CLK.
[WARNING CTS-0179] No paths found for pin uart_0/fifo_uart_r/mem\[8\]\[27\]$_DFFE_PP_/CLK.
[WARNING CTS-0179] No paths found for pin uart_0/fifo_uart_r/mem\[15\]\[20\]$_DFFE_PP_/CLK.
[WARNING CTS-0179] No paths found for pin uart_0/fifo_uart_r/mem\[12\]\[20\]$_DFFE_PP_/CLK.
[WARNING CTS-0179] No paths found for pin uart_0/fifo_uart_r/mem\[10\]\[20\]$_DFFE_PP_/CLK.
[WARNING CTS-0179] No paths found for pin uart_0/fifo_uart_r/mem\[14\]\[20\]$_DFFE_PP_/CLK.
[WARNING CTS-0179] No paths found for pin uart_0/fifo_uart_r/mem\[10\]\[27\]$_DFFE_PP_/CLK.
[WARNING CTS-0179] No paths found for pin uart_0/fifo_uart_r/mem\[14\]\[27\]$_DFFE_PP_/CLK.
[WARNING CTS-0179] No paths found for pin uart_0/fifo_uart_r/mem\[10\]\[16\]$_DFFE_PP_/CLK.
[WARNING CTS-0179] No paths found for pin uart_0/fifo_uart_r/mem\[14\]\[16\]$_DFFE_PP_/CLK.
[WARNING CTS-0179] No paths found for pin uart_0/fifo_uart_r/mem\[12\]\[27\]$_DFFE_PP_/CLK.
[WARNING CTS-0179] No paths found for pin uart_0/fifo_uart_r/mem\[8\]\[18\]$_DFFE_PP_/CLK.
[WARNING CTS-0179] No paths found for pin uart_0/fifo_uart_r/mem\[8\]\[10\]$_DFFE_PP_/CLK.
[WARNING CTS-0179] No paths found for pin uart_0/fifo_uart_r/mem\[10\]\[10\]$_DFFE_PP_/CLK.
[WARNING CTS-0179] No paths found for pin uart_0/fifo_uart_r/mem\[9\]\[10\]$_DFFE_PP_/CLK.
[WARNING CTS-0179] No paths found for pin uart_0/fifo_uart_r/mem\[11\]\[10\]$_DFFE_PP_/CLK.
[WARNING CTS-0179] No paths found for pin uart_0/fifo_uart_r/mem\[9\]\[30\]$_DFFE_PP_/CLK.
[WARNING CTS-0179] No paths found for pin uart_0/fifo_uart_r/mem\[11\]\[30\]$_DFFE_PP_/CLK.
[WARNING CTS-0179] No paths found for pin uart_0/fifo_uart_r/mem\[3\]\[18\]$_DFFE_PP_/CLK.
[WARNING CTS-0179] No paths found for pin uart_0/fifo_uart_r/mem\[2\]\[18\]$_DFFE_PP_/CLK.
[WARNING CTS-0179] No paths found for pin uart_0/fifo_uart_r/mem\[7\]\[18\]$_DFFE_PP_/CLK.
[WARNING CTS-0179] No paths found for pin uart_0/fifo_uart_r/mem\[6\]\[18\]$_DFFE_PP_/CLK.
[WARNING CTS-0179] No paths found for pin uart_0/fifo_uart_r/mem\[15\]\[30\]$_DFFE_PP_/CLK.
[WARNING CTS-0179] No paths found for pin uart_0/fifo_uart_r/mem\[13\]\[30\]$_DFFE_PP_/CLK.
[WARNING CTS-0179] No paths found for pin uart_0/fifo_uart_r/mem\[9\]\[8\]$_DFFE_PP_/CLK.
[WARNING CTS-0179] No paths found for pin uart_0/fifo_uart_r/mem\[12\]\[10\]$_DFFE_PP_/CLK.
[WARNING CTS-0179] No paths found for pin uart_0/fifo_uart_r/mem\[14\]\[8\]$_DFFE_PP_/CLK.
[WARNING CTS-0179] No paths found for pin uart_0/fifo_uart_r/mem\[10\]\[8\]$_DFFE_PP_/CLK.
[WARNING CTS-0179] No paths found for pin uart_0/fifo_uart_r/mem\[12\]\[8\]$_DFFE_PP_/CLK.
[WARNING CTS-0179] No paths found for pin uart_0/fifo_uart_r/mem\[15\]\[18\]$_DFFE_PP_/CLK.
[WARNING CTS-0179] No paths found for pin uart_0/fifo_uart_r/mem\[13\]\[18\]$_DFFE_PP_/CLK.
[WARNING CTS-0179] No paths found for pin uart_0/fifo_uart_r/mem\[11\]\[18\]$_DFFE_PP_/CLK.
[WARNING CTS-0179] No paths found for pin uart_0/fifo_uart_r/mem\[15\]\[8\]$_DFFE_PP_/CLK.
[WARNING CTS-0179] No paths found for pin uart_0/fifo_uart_r/mem\[13\]\[8\]$_DFFE_PP_/CLK.
[WARNING CTS-0179] No paths found for pin uart_0/fifo_uart_r/mem\[11\]\[8\]$_DFFE_PP_/CLK.
[WARNING CTS-0179] No paths found for pin uart_0/fifo_uart_r/mem\[4\]\[18\]$_DFFE_PP_/CLK.
[WARNING CTS-0179] No paths found for pin uart_0/fifo_uart_r/mem\[5\]\[18\]$_DFFE_PP_/CLK.
[WARNING CTS-0179] No paths found for pin uart_0/fifo_uart_r/mem\[1\]\[18\]$_DFFE_PP_/CLK.
[WARNING CTS-0179] No paths found for pin uart_0/fifo_uart_r/mem\[0\]\[18\]$_DFFE_PP_/CLK.
[WARNING CTS-0179] No paths found for pin uart_0/fifo_uart_r/mem\[14\]\[18\]$_DFFE_PP_/CLK.
[WARNING CTS-0179] No paths found for pin uart_0/fifo_uart_r/mem\[12\]\[18\]$_DFFE_PP_/CLK.
[WARNING CTS-0179] No paths found for pin uart_0/fifo_uart_r/mem\[3\]\[8\]$_DFFE_PP_/CLK.
[WARNING CTS-0179] No paths found for pin uart_0/fifo_uart_r/mem\[13\]\[22\]$_DFFE_PP_/CLK.
[WARNING CTS-0179] No paths found for pin uart_0/fifo_uart_r/mem\[1\]\[8\]$_DFFE_PP_/CLK.
[WARNING CTS-0179] No paths found for pin uart_0/fifo_uart_r/mem\[9\]\[18\]$_DFFE_PP_/CLK.
[WARNING CTS-0179] No paths found for pin uart_0/fifo_uart_r/mem\[6\]\[8\]$_DFFE_PP_/CLK.
[WARNING CTS-0179] No paths found for pin uart_0/fifo_uart_r/mem\[7\]\[8\]$_DFFE_PP_/CLK.
[WARNING CTS-0179] No paths found for pin uart_0/fifo_uart_r/mem\[4\]\[8\]$_DFFE_PP_/CLK.
[WARNING CTS-0179] No paths found for pin uart_0/fifo_uart_r/mem\[5\]\[8\]$_DFFE_PP_/CLK.
[WARNING CTS-0179] No paths found for pin uart_0/fifo_uart_r/mem\[10\]\[22\]$_DFFE_PP_/CLK.
[WARNING CTS-0179] No paths found for pin uart_0/fifo_uart_r/mem\[15\]\[22\]$_DFFE_PP_/CLK.
[WARNING CTS-0179] No paths found for pin uart_0/fifo_uart_r/mem\[4\]\[22\]$_DFFE_PP_/CLK.
[WARNING CTS-0179] No paths found for pin uart_0/fifo_uart_r/mem\[8\]\[22\]$_DFFE_PP_/CLK.
[WARNING CTS-0179] No paths found for pin uart_0/fifo_uart_r/mem\[14\]\[22\]$_DFFE_PP_/CLK.
[WARNING CTS-0179] No paths found for pin uart_0/fifo_uart_r/mem\[12\]\[22\]$_DFFE_PP_/CLK.
[WARNING CTS-0179] No paths found for pin uart_0/fifo_uart_r/mem\[4\]\[0\]$_DFFE_PP_/CLK.
[WARNING CTS-0179] No paths found for pin uart_0/fifo_uart_r/mem\[12\]\[2\]$_DFFE_PP_/CLK.
[WARNING CTS-0179] No paths found for pin uart_0/fifo_uart_r/mem\[10\]\[4\]$_DFFE_PP_/CLK.
[WARNING CTS-0179] No paths found for pin uart_0/fifo_uart_r/mem\[5\]\[0\]$_DFFE_PP_/CLK.
[WARNING CTS-0179] No paths found for pin uart_0/fifo_uart_r/mem\[4\]\[2\]$_DFFE_PP_/CLK.
[WARNING CTS-0179] No paths found for pin uart_0/fifo_uart_r/mem\[5\]\[2\]$_DFFE_PP_/CLK.
[WARNING CTS-0179] No paths found for pin uart_0/fifo_uart_r/mem\[12\]\[4\]$_DFFE_PP_/CLK.
[WARNING CTS-0179] No paths found for pin uart_0/fifo_uart_r/mem\[1\]\[2\]$_DFFE_PP_/CLK.
[WARNING CTS-0179] No paths found for pin uart_0/fifo_uart_r/mem\[0\]\[2\]$_DFFE_PP_/CLK.
[WARNING CTS-0179] No paths found for pin uart_0/fifo_uart_r/mem\[8\]\[4\]$_DFFE_PP_/CLK.
[WARNING CTS-0179] No paths found for pin uart_0/fifo_uart_r/mem\[8\]\[2\]$_DFFE_PP_/CLK.
[WARNING CTS-0179] No paths found for pin uart_0/fifo_uart_r/mem\[14\]\[4\]$_DFFE_PP_/CLK.
[WARNING CTS-0179] No paths found for pin uart_0/fifo_uart_r/mem\[14\]\[2\]$_DFFE_PP_/CLK.
[WARNING CTS-0179] No paths found for pin uart_0/fifo_uart_r/mem\[12\]\[1\]$_DFFE_PP_/CLK.
[WARNING CTS-0179] No paths found for pin uart_0/fifo_uart_r/mem\[14\]\[1\]$_DFFE_PP_/CLK.
[WARNING CTS-0179] No paths found for pin uart_0/fifo_uart_r/mem\[10\]\[2\]$_DFFE_PP_/CLK.
[WARNING CTS-0179] No paths found for pin uart_0/fifo_uart_r/mem\[10\]\[1\]$_DFFE_PP_/CLK.
[WARNING CTS-0179] No paths found for pin uart_0/fifo_uart_r/mem\[15\]\[4\]$_DFFE_PP_/CLK.
[WARNING CTS-0179] No paths found for pin uart_0/fifo_uart_r/mem\[8\]\[1\]$_DFFE_PP_/CLK.
[WARNING CTS-0179] No paths found for pin uart_0/fifo_uart_r/mem\[13\]\[2\]$_DFFE_PP_/CLK.
[WARNING CTS-0179] No paths found for pin uart_0/fifo_uart_r/mem\[13\]\[4\]$_DFFE_PP_/CLK.
[WARNING CTS-0179] No paths found for pin uart_0/fifo_uart_r/mem\[9\]\[4\]$_DFFE_PP_/CLK.
[WARNING CTS-0179] No paths found for pin uart_0/fifo_uart_r/mem\[15\]\[2\]$_DFFE_PP_/CLK.
[WARNING CTS-0179] No paths found for pin uart_0/fifo_uart_r/mem\[11\]\[2\]$_DFFE_PP_/CLK.
[WARNING CTS-0179] No paths found for pin uart_0/fifo_uart_r/mem\[9\]\[2\]$_DFFE_PP_/CLK.
[WARNING CTS-0179] No paths found for pin uart_0/fifo_uart_r/mem\[13\]\[1\]$_DFFE_PP_/CLK.
[WARNING CTS-0179] No paths found for pin uart_0/fifo_uart_r/mem\[2\]\[2\]$_DFFE_PP_/CLK.
[WARNING CTS-0179] No paths found for pin uart_0/fifo_uart_r/mem\[7\]\[2\]$_DFFE_PP_/CLK.
[WARNING CTS-0179] No paths found for pin uart_0/fifo_uart_r/mem\[11\]\[4\]$_DFFE_PP_/CLK.
[WARNING CTS-0179] No paths found for pin uart_0/fifo_uart_r/mem\[6\]\[2\]$_DFFE_PP_/CLK.
[WARNING CTS-0179] No paths found for pin uart_0/fifo_uart_r/mem\[7\]\[0\]$_DFFE_PP_/CLK.
[WARNING CTS-0179] No paths found for pin uart_0/fifo_uart_r/mem\[3\]\[0\]$_DFFE_PP_/CLK.
[WARNING CTS-0179] No paths found for pin uart_0/fifo_uart_r/mem\[3\]\[2\]$_DFFE_PP_/CLK.
[WARNING CTS-0179] No paths found for pin uart_0/fifo_uart_r/mem\[2\]\[0\]$_DFFE_PP_/CLK.
[WARNING CTS-0179] No paths found for pin uart_0/fifo_uart_r/mem\[9\]\[21\]$_DFFE_PP_/CLK.
[WARNING CTS-0179] No paths found for pin uart_0/fifo_uart_r/mem\[2\]\[4\]$_DFFE_PP_/CLK.
[WARNING CTS-0179] No paths found for pin uart_0/fifo_uart_r/mem\[3\]\[4\]$_DFFE_PP_/CLK.
[WARNING CTS-0179] No paths found for pin uart_0/fifo_uart_r/mem\[6\]\[0\]$_DFFE_PP_/CLK.
[WARNING CTS-0179] No paths found for pin uart_0/fifo_uart_r/mem\[0\]\[0\]$_DFFE_PP_/CLK.
[WARNING CTS-0179] No paths found for pin uart_0/fifo_uart_r/mem\[7\]\[4\]$_DFFE_PP_/CLK.
[WARNING CTS-0179] No paths found for pin uart_0/fifo_uart_r/mem\[6\]\[4\]$_DFFE_PP_/CLK.
[WARNING CTS-0179] No paths found for pin uart_0/fifo_uart_r/mem\[1\]\[0\]$_DFFE_PP_/CLK.
[WARNING CTS-0179] No paths found for pin uart_0/fifo_uart_r/mem\[5\]\[4\]$_DFFE_PP_/CLK.
[WARNING CTS-0179] No paths found for pin uart_0/fifo_uart_r/mem\[1\]\[4\]$_DFFE_PP_/CLK.
[WARNING CTS-0179] No paths found for pin uart_0/fifo_uart_r/mem\[4\]\[4\]$_DFFE_PP_/CLK.
[WARNING CTS-0179] No paths found for pin uart_0/fifo_uart_r/mem\[0\]\[4\]$_DFFE_PP_/CLK.
[WARNING CTS-0179] No paths found for pin uart_0/fifo_uart_r/mem\[7\]\[22\]$_DFFE_PP_/CLK.
[WARNING CTS-0179] No paths found for pin uart_0/fifo_uart_r/mem\[6\]\[22\]$_DFFE_PP_/CLK.
[WARNING CTS-0179] No paths found for pin uart_0/fifo_uart_r/mem\[5\]\[22\]$_DFFE_PP_/CLK.
[WARNING CTS-0179] No paths found for pin uart_0/fifo_uart_r/mem\[0\]\[22\]$_DFFE_PP_/CLK.
[WARNING CTS-0179] No paths found for pin uart_0/fifo_uart_r/mem\[1\]\[22\]$_DFFE_PP_/CLK.
[WARNING CTS-0179] No paths found for pin uart_0/fifo_uart_r/mem\[3\]\[22\]$_DFFE_PP_/CLK.
[WARNING CTS-0179] No paths found for pin uart_0/fifo_uart_r/mem\[13\]\[21\]$_DFFE_PP_/CLK.
[WARNING CTS-0179] No paths found for pin uart_0/fifo_uart_r/mem\[2\]\[22\]$_DFFE_PP_/CLK.
[WARNING CTS-0179] No paths found for pin uart_0/fifo_uart_r/mem\[15\]\[21\]$_DFFE_PP_/CLK.
[WARNING CTS-0179] No paths found for pin uart_0/fifo_uart_r/mem\[11\]\[21\]$_DFFE_PP_/CLK.
[WARNING CTS-0179] No paths found for pin uart_0/fifo_uart_r/mem\[6\]\[21\]$_DFFE_PP_/CLK.
[WARNING CTS-0179] No paths found for pin uart_0/fifo_uart_r/mem\[9\]\[22\]$_DFFE_PP_/CLK.
[WARNING CTS-0179] No paths found for pin uart_0/fifo_uart_r/mem\[11\]\[22\]$_DFFE_PP_/CLK.
[WARNING CTS-0179] No paths found for pin uart_0/fifo_uart_r/mem\[15\]\[27\]$_DFFE_PP_/CLK.
[WARNING CTS-0179] No paths found for pin uart_0/fifo_uart_r/mem\[13\]\[27\]$_DFFE_PP_/CLK.
[WARNING CTS-0179] No paths found for pin uart_0/fifo_uart_r/mem\[0\]\[8\]$_DFFE_PP_/CLK.
[WARNING CTS-0179] No paths found for pin uart_0/fifo_uart_r/mem\[2\]\[8\]$_DFFE_PP_/CLK.
[WARNING CTS-0179] No paths found for pin uart_0/fifo_uart_r/mem\[10\]\[18\]$_DFFE_PP_/CLK.
[WARNING CTS-0179] No paths found for pin uart_0/fifo_uart_r/mem\[11\]\[27\]$_DFFE_PP_/CLK.
[WARNING CTS-0179] No paths found for pin uart_0/fifo_uart_r/mem\[9\]\[27\]$_DFFE_PP_/CLK.
[WARNING CTS-0179] No paths found for pin uart_0/fifo_uart_r/mem\[12\]\[16\]$_DFFE_PP_/CLK.
[WARNING CTS-0179] No paths found for pin uart_0/fifo_uart_r/mem\[8\]\[16\]$_DFFE_PP_/CLK.
[WARNING CTS-0179] No paths found for pin uart_0/fifo_uart_r/mem\[2\]\[21\]$_DFFE_PP_/CLK.
[WARNING CTS-0179] No paths found for pin uart_0/fifo_uart_r/mem\[3\]\[21\]$_DFFE_PP_/CLK.
[WARNING CTS-0179] No paths found for pin uart_0/fifo_uart_r/mem\[7\]\[21\]$_DFFE_PP_/CLK.
[INFO CTS-0036]  inserted 0 delay buffers
[INFO CTS-0033] Balancing latency for clock clk_s5_gate
[WARNING CTS-0179] No paths found for pin dot_0/fifo_timer_r/mem\[3\]\[11\]$_DFFE_PP_/CLK.
[WARNING CTS-0179] No paths found for pin dot_0/fifo_timer_r/mem\[2\]\[13\]$_DFFE_PP_/CLK.
[WARNING CTS-0179] No paths found for pin dot_0/fifo_timer_r/mem\[12\]\[13\]$_DFFE_PP_/CLK.
[WARNING CTS-0179] No paths found for pin dot_0/fifo_timer_r/mem\[0\]\[13\]$_DFFE_PP_/CLK.
[WARNING CTS-0179] No paths found for pin dot_0/fifo_timer_r/mem\[10\]\[13\]$_DFFE_PP_/CLK.
[WARNING CTS-0179] No paths found for pin dot_0/fifo_timer_r/mem\[8\]\[13\]$_DFFE_PP_/CLK.
[WARNING CTS-0179] No paths found for pin dot_0/fifo_timer_r/mem\[5\]\[13\]$_DFFE_PP_/CLK.
[WARNING CTS-0179] No paths found for pin dot_0/fifo_timer_r/mem\[4\]\[13\]$_DFFE_PP_/CLK.
[WARNING CTS-0179] No paths found for pin dot_0/fifo_timer_r/mem\[1\]\[13\]$_DFFE_PP_/CLK.
[WARNING CTS-0179] No paths found for pin dot_0/fifo_timer_r/mem\[5\]\[8\]$_DFFE_PP_/CLK.
[WARNING CTS-0179] No paths found for pin dot_0/fifo_timer_r/mem\[1\]\[8\]$_DFFE_PP_/CLK.
[WARNING CTS-0179] No paths found for pin dot_0/fifo_timer_r/mem\[0\]\[8\]$_DFFE_PP_/CLK.
[WARNING CTS-0179] No paths found for pin dot_0/fifo_timer_r/mem\[0\]\[22\]$_DFFE_PP_/CLK.
[WARNING CTS-0179] No paths found for pin dot_0/fifo_timer_r/mem\[2\]\[8\]$_DFFE_PP_/CLK.
[WARNING CTS-0179] No paths found for pin dot_0/fifo_timer_r/mem\[3\]\[8\]$_DFFE_PP_/CLK.
[WARNING CTS-0179] No paths found for pin dot_0/fifo_timer_r/mem\[4\]\[22\]$_DFFE_PP_/CLK.
[WARNING CTS-0179] No paths found for pin dot_0/fifo_timer_r/mem\[4\]\[8\]$_DFFE_PP_/CLK.
[WARNING CTS-0179] No paths found for pin dot_0/fifo_timer_r/mem\[8\]\[22\]$_DFFE_PP_/CLK.
[WARNING CTS-0179] No paths found for pin dot_0/fifo_timer_r/mem\[5\]\[22\]$_DFFE_PP_/CLK.
[WARNING CTS-0179] No paths found for pin dot_0/fifo_timer_r/mem\[14\]\[22\]$_DFFE_PP_/CLK.
[WARNING CTS-0179] No paths found for pin dot_0/fifo_timer_r/mem\[15\]\[22\]$_DFFE_PP_/CLK.
[WARNING CTS-0179] No paths found for pin dot_0/fifo_timer_r/mem\[6\]\[22\]$_DFFE_PP_/CLK.
[WARNING CTS-0179] No paths found for pin dot_0/fifo_timer_r/mem\[7\]\[22\]$_DFFE_PP_/CLK.
[WARNING CTS-0179] No paths found for pin dot_0/fifo_timer_r/mem\[3\]\[22\]$_DFFE_PP_/CLK.
[WARNING CTS-0179] No paths found for pin dot_0/fifo_timer_r/mem\[10\]\[7\]$_DFFE_PP_/CLK.
[WARNING CTS-0179] No paths found for pin dot_0/fifo_timer_r/mem\[11\]\[27\]$_DFFE_PP_/CLK.
[WARNING CTS-0179] No paths found for pin dot_0/fifo_timer_r/mem\[2\]\[22\]$_DFFE_PP_/CLK.
[WARNING CTS-0179] No paths found for pin dot_0/fifo_timer_r/mem\[1\]\[22\]$_DFFE_PP_/CLK.
[WARNING CTS-0179] No paths found for pin dot_0/fifo_timer_r/mem\[6\]\[8\]$_DFFE_PP_/CLK.
[WARNING CTS-0179] No paths found for pin dot_0/fifo_timer_r/mem\[7\]\[8\]$_DFFE_PP_/CLK.
[WARNING CTS-0179] No paths found for pin dot_0/fifo_timer_r/mem\[2\]\[27\]$_DFFE_PP_/CLK.
[WARNING CTS-0179] No paths found for pin dot_0/fifo_timer_r/mem\[13\]\[27\]$_DFFE_PP_/CLK.
[WARNING CTS-0179] No paths found for pin dot_0/fifo_timer_r/mem\[9\]\[27\]$_DFFE_PP_/CLK.
[WARNING CTS-0179] No paths found for pin dot_0/fifo_timer_r/mem\[15\]\[27\]$_DFFE_PP_/CLK.
[WARNING CTS-0179] No paths found for pin dot_0/fifo_timer_r/mem\[3\]\[16\]$_DFFE_PP_/CLK.
[WARNING CTS-0179] No paths found for pin dot_0/fifo_timer_r/mem\[7\]\[27\]$_DFFE_PP_/CLK.
[WARNING CTS-0179] No paths found for pin dot_0/fifo_timer_r/mem\[6\]\[27\]$_DFFE_PP_/CLK.
[WARNING CTS-0179] No paths found for pin dot_0/fifo_timer_r/mem\[7\]\[16\]$_DFFE_PP_/CLK.
[WARNING CTS-0179] No paths found for pin dot_0/fifo_timer_r/mem\[14\]\[21\]$_DFFE_PP_/CLK.
[WARNING CTS-0179] No paths found for pin dot_0/fifo_timer_r/mem\[3\]\[27\]$_DFFE_PP_/CLK.
[WARNING CTS-0179] No paths found for pin dot_0/fifo_timer_r/mem\[4\]\[21\]$_DFFE_PP_/CLK.
[WARNING CTS-0179] No paths found for pin dot_0/fifo_timer_r/mem\[5\]\[21\]$_DFFE_PP_/CLK.
[WARNING CTS-0179] No paths found for pin dot_0/fifo_timer_r/mem\[0\]\[21\]$_DFFE_PP_/CLK.
[WARNING CTS-0179] No paths found for pin dot_0/fifo_timer_r/mem\[15\]\[13\]$_DFFE_PP_/CLK.
[WARNING CTS-0179] No paths found for pin dot_0/fifo_timer_r/mem\[1\]\[27\]$_DFFE_PP_/CLK.
[WARNING CTS-0179] No paths found for pin dot_0/fifo_timer_r/mem\[5\]\[27\]$_DFFE_PP_/CLK.
[WARNING CTS-0179] No paths found for pin dot_0/fifo_timer_r/mem\[1\]\[21\]$_DFFE_PP_/CLK.
[WARNING CTS-0179] No paths found for pin dot_0/fifo_timer_r/mem\[4\]\[27\]$_DFFE_PP_/CLK.
[WARNING CTS-0179] No paths found for pin dot_0/fifo_timer_r/mem\[0\]\[27\]$_DFFE_PP_/CLK.
[WARNING CTS-0179] No paths found for pin dot_0/fifo_timer_r/mem\[14\]\[13\]$_DFFE_PP_/CLK.
[WARNING CTS-0179] No paths found for pin dot_0/fifo_timer_r/mem\[3\]\[13\]$_DFFE_PP_/CLK.
[WARNING CTS-0179] No paths found for pin dot_0/fifo_timer_r/mem\[6\]\[13\]$_DFFE_PP_/CLK.
[WARNING CTS-0179] No paths found for pin dot_0/fifo_timer_r/mem\[7\]\[13\]$_DFFE_PP_/CLK.
[WARNING CTS-0179] No paths found for pin dot_0/fifo_timer_r/mem\[13\]\[13\]$_DFFE_PP_/CLK.
[WARNING CTS-0179] No paths found for pin dot_0/fifo_timer_r/mem\[2\]\[10\]$_DFFE_PP_/CLK.
[WARNING CTS-0179] No paths found for pin dot_0/fifo_timer_r/mem\[11\]\[13\]$_DFFE_PP_/CLK.
[WARNING CTS-0179] No paths found for pin dot_0/fifo_timer_r/mem\[1\]\[10\]$_DFFE_PP_/CLK.
[WARNING CTS-0179] No paths found for pin dot_0/fifo_timer_r/mem\[9\]\[13\]$_DFFE_PP_/CLK.
[WARNING CTS-0179] No paths found for pin dot_0/fifo_timer_r/mem\[3\]\[10\]$_DFFE_PP_/CLK.
[WARNING CTS-0179] No paths found for pin dot_0/fifo_timer_r/mem\[4\]\[10\]$_DFFE_PP_/CLK.
[WARNING CTS-0179] No paths found for pin dot_0/fifo_timer_r/mem\[5\]\[10\]$_DFFE_PP_/CLK.
[WARNING CTS-0179] No paths found for pin dot_0/fifo_timer_r/mem\[2\]\[21\]$_DFFE_PP_/CLK.
[WARNING CTS-0179] No paths found for pin dot_0/fifo_timer_r/mem\[6\]\[21\]$_DFFE_PP_/CLK.
[WARNING CTS-0179] No paths found for pin dot_0/fifo_timer_r/mem\[6\]\[10\]$_DFFE_PP_/CLK.
[WARNING CTS-0179] No paths found for pin dot_0/fifo_timer_r/mem\[7\]\[10\]$_DFFE_PP_/CLK.
[WARNING CTS-0179] No paths found for pin dot_0/fifo_timer_r/mem\[3\]\[21\]$_DFFE_PP_/CLK.
[WARNING CTS-0179] No paths found for pin dot_0/fifo_timer_r/mem\[7\]\[21\]$_DFFE_PP_/CLK.
[WARNING CTS-0179] No paths found for pin dot_0/fifo_timer_r/mem\[8\]\[21\]$_DFFE_PP_/CLK.
[WARNING CTS-0179] No paths found for pin dot_0/fifo_timer_r/mem\[10\]\[21\]$_DFFE_PP_/CLK.
[WARNING CTS-0179] No paths found for pin dot_0/fifo_timer_r/mem\[12\]\[21\]$_DFFE_PP_/CLK.
[WARNING CTS-0179] No paths found for pin dot_0/fifo_timer_r/mem\[2\]\[16\]$_DFFE_PP_/CLK.
[WARNING CTS-0179] No paths found for pin dot_0/fifo_timer_r/mem\[8\]\[16\]$_DFFE_PP_/CLK.
[WARNING CTS-0179] No paths found for pin dot_0/fifo_timer_r/mem\[10\]\[16\]$_DFFE_PP_/CLK.
[WARNING CTS-0179] No paths found for pin dot_0/fifo_timer_r/mem\[14\]\[16\]$_DFFE_PP_/CLK.
[WARNING CTS-0179] No paths found for pin dot_0/fifo_timer_r/mem\[9\]\[16\]$_DFFE_PP_/CLK.
[WARNING CTS-0179] No paths found for pin dot_0/fifo_timer_r/mem\[13\]\[16\]$_DFFE_PP_/CLK.
[WARNING CTS-0179] No paths found for pin dot_0/fifo_timer_r/mem\[15\]\[21\]$_DFFE_PP_/CLK.
[WARNING CTS-0179] No paths found for pin dot_0/fifo_timer_r/mem\[11\]\[21\]$_DFFE_PP_/CLK.
[WARNING CTS-0179] No paths found for pin dot_0/fifo_timer_r/mem\[9\]\[21\]$_DFFE_PP_/CLK.
[WARNING CTS-0179] No paths found for pin dot_0/fifo_timer_r/mem\[13\]\[21\]$_DFFE_PP_/CLK.
[WARNING CTS-0179] No paths found for pin dot_0/fifo_timer_r/mem\[15\]\[16\]$_DFFE_PP_/CLK.
[WARNING CTS-0179] No paths found for pin dot_0/fifo_timer_r/mem\[11\]\[16\]$_DFFE_PP_/CLK.
[WARNING CTS-0179] No paths found for pin dot_0/fifo_timer_r/mem\[5\]\[16\]$_DFFE_PP_/CLK.
[WARNING CTS-0179] No paths found for pin dot_0/fifo_timer_r/mem\[0\]\[16\]$_DFFE_PP_/CLK.
[WARNING CTS-0179] No paths found for pin dot_0/fifo_timer_r/mem\[12\]\[16\]$_DFFE_PP_/CLK.
[WARNING CTS-0179] No paths found for pin dot_0/fifo_timer_r/mem\[6\]\[16\]$_DFFE_PP_/CLK.
[WARNING CTS-0179] No paths found for pin dot_0/fifo_timer_r/mem\[10\]\[27\]$_DFFE_PP_/CLK.
[WARNING CTS-0179] No paths found for pin dot_0/fifo_timer_r/mem\[1\]\[16\]$_DFFE_PP_/CLK.
[WARNING CTS-0179] No paths found for pin dot_0/fifo_timer_r/mem\[14\]\[27\]$_DFFE_PP_/CLK.
[WARNING CTS-0179] No paths found for pin dot_0/fifo_timer_r/mem\[12\]\[27\]$_DFFE_PP_/CLK.
[WARNING CTS-0179] No paths found for pin dot_0/fifo_timer_r/mem\[8\]\[27\]$_DFFE_PP_/CLK.
[WARNING CTS-0179] No paths found for pin dot_0/fifo_timer_r/mem\[10\]\[1\]$_DFFE_PP_/CLK.
[WARNING CTS-0179] No paths found for pin dot_0/fifo_timer_r/mem\[8\]\[1\]$_DFFE_PP_/CLK.
[WARNING CTS-0179] No paths found for pin dot_0/fifo_timer_r/mem\[4\]\[16\]$_DFFE_PP_/CLK.
[WARNING CTS-0179] No paths found for pin dot_0/fifo_timer_r/mem\[12\]\[1\]$_DFFE_PP_/CLK.
[WARNING CTS-0179] No paths found for pin dot_0/fifo_timer_r/mem\[9\]\[1\]$_DFFE_PP_/CLK.
[WARNING CTS-0179] No paths found for pin dot_0/fifo_timer_r/mem\[15\]\[1\]$_DFFE_PP_/CLK.
[WARNING CTS-0179] No paths found for pin dot_0/fifo_timer_r/mem\[14\]\[1\]$_DFFE_PP_/CLK.
[WARNING CTS-0179] No paths found for pin dot_0/fifo_timer_r/mem\[11\]\[7\]$_DFFE_PP_/CLK.
[WARNING CTS-0179] No paths found for pin dot_0/fifo_timer_r/mem\[9\]\[7\]$_DFFE_PP_/CLK.
[WARNING CTS-0179] No paths found for pin dot_0/fifo_timer_r/mem\[8\]\[7\]$_DFFE_PP_/CLK.
[WARNING CTS-0179] No paths found for pin dot_0/fifo_timer_r/mem\[13\]\[22\]$_DFFE_PP_/CLK.
[WARNING CTS-0179] No paths found for pin dot_0/fifo_timer_r/mem\[11\]\[22\]$_DFFE_PP_/CLK.
[WARNING CTS-0179] No paths found for pin dot_0/fifo_timer_r/mem\[1\]\[1\]$_DFFE_PP_/CLK.
[WARNING CTS-0179] No paths found for pin dot_0/fifo_timer_r/mem\[14\]\[7\]$_DFFE_PP_/CLK.
[WARNING CTS-0179] No paths found for pin dot_0/fifo_timer_r/mem\[13\]\[7\]$_DFFE_PP_/CLK.
[WARNING CTS-0179] No paths found for pin dot_0/fifo_timer_r/mem\[12\]\[7\]$_DFFE_PP_/CLK.
[WARNING CTS-0179] No paths found for pin dot_0/fifo_timer_r/mem\[5\]\[1\]$_DFFE_PP_/CLK.
[WARNING CTS-0179] No paths found for pin dot_0/fifo_timer_r/mem\[15\]\[7\]$_DFFE_PP_/CLK.
[WARNING CTS-0179] No paths found for pin dot_0/fifo_timer_r/mem\[13\]\[1\]$_DFFE_PP_/CLK.
[WARNING CTS-0179] No paths found for pin dot_0/fifo_timer_r/mem\[11\]\[1\]$_DFFE_PP_/CLK.
[WARNING CTS-0179] No paths found for pin dot_0/fifo_timer_r/mem\[4\]\[7\]$_DFFE_PP_/CLK.
[WARNING CTS-0179] No paths found for pin dot_0/fifo_timer_r/mem\[6\]\[7\]$_DFFE_PP_/CLK.
[WARNING CTS-0179] No paths found for pin dot_0/fifo_timer_r/mem\[5\]\[7\]$_DFFE_PP_/CLK.
[WARNING CTS-0179] No paths found for pin dot_0/fifo_timer_r/mem\[4\]\[1\]$_DFFE_PP_/CLK.
[WARNING CTS-0179] No paths found for pin dot_0/fifo_timer_r/mem\[6\]\[1\]$_DFFE_PP_/CLK.
[WARNING CTS-0179] No paths found for pin dot_0/fifo_timer_r/mem\[7\]\[1\]$_DFFE_PP_/CLK.
[WARNING CTS-0179] No paths found for pin dot_0/fifo_timer_r/mem\[2\]\[1\]$_DFFE_PP_/CLK.
[WARNING CTS-0179] No paths found for pin dot_0/fifo_timer_r/mem\[0\]\[1\]$_DFFE_PP_/CLK.
[WARNING CTS-0179] No paths found for pin dot_0/fifo_timer_r/mem\[3\]\[1\]$_DFFE_PP_/CLK.
[WARNING CTS-0179] No paths found for pin dot_0/fifo_timer_r/mem\[15\]\[19\]$_DFFE_PP_/CLK.
[WARNING CTS-0179] No paths found for pin dot_0/fifo_timer_r/mem\[2\]\[7\]$_DFFE_PP_/CLK.
[WARNING CTS-0179] No paths found for pin dot_0/fifo_timer_r/mem\[1\]\[7\]$_DFFE_PP_/CLK.
[WARNING CTS-0179] No paths found for pin dot_0/fifo_timer_r/mem\[0\]\[4\]$_DFFE_PP_/CLK.
[WARNING CTS-0179] No paths found for pin dot_0/fifo_timer_r/mem\[15\]\[8\]$_DFFE_PP_/CLK.
[WARNING CTS-0179] No paths found for pin dot_0/fifo_timer_r/mem\[9\]\[8\]$_DFFE_PP_/CLK.
[WARNING CTS-0179] No paths found for pin dot_0/fifo_timer_r/mem\[11\]\[8\]$_DFFE_PP_/CLK.
[WARNING CTS-0179] No paths found for pin dot_0/fifo_timer_r/mem\[12\]\[8\]$_DFFE_PP_/CLK.
[WARNING CTS-0179] No paths found for pin dot_0/fifo_timer_r/mem\[14\]\[8\]$_DFFE_PP_/CLK.
[WARNING CTS-0179] No paths found for pin dot_0/fifo_timer_r/mem\[10\]\[8\]$_DFFE_PP_/CLK.
[WARNING CTS-0179] No paths found for pin dot_0/fifo_timer_r/mem\[0\]\[19\]$_DFFE_PP_/CLK.
[WARNING CTS-0179] No paths found for pin dot_0/fifo_timer_r/mem\[1\]\[19\]$_DFFE_PP_/CLK.
[WARNING CTS-0179] No paths found for pin dot_0/fifo_timer_r/mem\[5\]\[19\]$_DFFE_PP_/CLK.
[WARNING CTS-0179] No paths found for pin dot_0/fifo_timer_r/mem\[4\]\[19\]$_DFFE_PP_/CLK.
[WARNING CTS-0179] No paths found for pin dot_0/fifo_timer_r/mem\[2\]\[4\]$_DFFE_PP_/CLK.
[WARNING CTS-0179] No paths found for pin dot_0/fifo_timer_r/mem\[13\]\[19\]$_DFFE_PP_/CLK.
[WARNING CTS-0179] No paths found for pin dot_0/fifo_timer_r/mem\[12\]\[19\]$_DFFE_PP_/CLK.
[WARNING CTS-0179] No paths found for pin dot_0/fifo_timer_r/mem\[14\]\[19\]$_DFFE_PP_/CLK.
[WARNING CTS-0179] No paths found for pin dot_0/fifo_timer_r/mem\[9\]\[19\]$_DFFE_PP_/CLK.
[WARNING CTS-0179] No paths found for pin dot_0/fifo_timer_r/mem\[0\]\[7\]$_DFFE_PP_/CLK.
[WARNING CTS-0179] No paths found for pin dot_0/fifo_timer_r/mem\[11\]\[19\]$_DFFE_PP_/CLK.
[WARNING CTS-0179] No paths found for pin dot_0/fifo_timer_r/mem\[9\]\[22\]$_DFFE_PP_/CLK.
[WARNING CTS-0179] No paths found for pin dot_0/fifo_timer_r/mem\[12\]\[22\]$_DFFE_PP_/CLK.
[WARNING CTS-0179] No paths found for pin dot_0/fifo_timer_r/mem\[10\]\[19\]$_DFFE_PP_/CLK.
[WARNING CTS-0179] No paths found for pin dot_0/fifo_timer_r/mem\[8\]\[19\]$_DFFE_PP_/CLK.
[WARNING CTS-0179] No paths found for pin dot_0/fifo_timer_r/mem\[10\]\[22\]$_DFFE_PP_/CLK.
[WARNING CTS-0179] No paths found for pin dot_0/fifo_timer_r/mem\[6\]\[19\]$_DFFE_PP_/CLK.
[WARNING CTS-0179] No paths found for pin dot_0/fifo_timer_r/mem\[2\]\[19\]$_DFFE_PP_/CLK.
[WARNING CTS-0179] No paths found for pin dot_0/fifo_timer_r/mem\[7\]\[19\]$_DFFE_PP_/CLK.
[WARNING CTS-0179] No paths found for pin dot_0/fifo_timer_r/mem\[3\]\[19\]$_DFFE_PP_/CLK.
[WARNING CTS-0179] No paths found for pin dot_0/fifo_timer_r/mem\[8\]\[8\]$_DFFE_PP_/CLK.
[WARNING CTS-0179] No paths found for pin dot_0/fifo_timer_r/mem\[10\]\[23\]$_DFFE_PP_/CLK.
[WARNING CTS-0179] No paths found for pin dot_0/fifo_timer_r/mem\[15\]\[23\]$_DFFE_PP_/CLK.
[WARNING CTS-0179] No paths found for pin dot_0/fifo_timer_r/mem\[5\]\[17\]$_DFFE_PP_/CLK.
[WARNING CTS-0179] No paths found for pin dot_0/fifo_timer_r/mem\[13\]\[23\]$_DFFE_PP_/CLK.
[WARNING CTS-0179] No paths found for pin dot_0/fifo_timer_r/mem\[11\]\[23\]$_DFFE_PP_/CLK.
[WARNING CTS-0179] No paths found for pin dot_0/fifo_timer_r/mem\[1\]\[17\]$_DFFE_PP_/CLK.
[WARNING CTS-0179] No paths found for pin dot_0/fifo_timer_r/mem\[7\]\[17\]$_DFFE_PP_/CLK.
[WARNING CTS-0179] No paths found for pin dot_0/fifo_timer_r/mem\[0\]\[17\]$_DFFE_PP_/CLK.
[WARNING CTS-0179] No paths found for pin dot_0/fifo_timer_r/mem\[4\]\[17\]$_DFFE_PP_/CLK.
[WARNING CTS-0179] No paths found for pin dot_0/fifo_timer_r/mem\[6\]\[17\]$_DFFE_PP_/CLK.
[WARNING CTS-0179] No paths found for pin dot_0/fifo_timer_r/mem\[6\]\[30\]$_DFFE_PP_/CLK.
[WARNING CTS-0179] No paths found for pin dot_0/fifo_timer_r/mem\[7\]\[30\]$_DFFE_PP_/CLK.
[WARNING CTS-0179] No paths found for pin dot_0/fifo_timer_r/mem\[9\]\[17\]$_DFFE_PP_/CLK.
[WARNING CTS-0179] No paths found for pin dot_0/fifo_timer_r/mem\[2\]\[30\]$_DFFE_PP_/CLK.
[WARNING CTS-0179] No paths found for pin dot_0/fifo_timer_r/mem\[3\]\[30\]$_DFFE_PP_/CLK.
[WARNING CTS-0179] No paths found for pin dot_0/fifo_timer_r/mem\[4\]\[30\]$_DFFE_PP_/CLK.
[WARNING CTS-0179] No paths found for pin dot_0/fifo_timer_r/mem\[5\]\[30\]$_DFFE_PP_/CLK.
[WARNING CTS-0179] No paths found for pin dot_0/fifo_timer_r/mem\[1\]\[30\]$_DFFE_PP_/CLK.
[WARNING CTS-0179] No paths found for pin dot_0/fifo_timer_r/mem\[12\]\[30\]$_DFFE_PP_/CLK.
[WARNING CTS-0179] No paths found for pin dot_0/fifo_timer_r/mem\[14\]\[30\]$_DFFE_PP_/CLK.
[WARNING CTS-0179] No paths found for pin dot_0/fifo_timer_r/mem\[11\]\[17\]$_DFFE_PP_/CLK.
[WARNING CTS-0179] No paths found for pin dot_0/fifo_timer_r/mem\[13\]\[17\]$_DFFE_PP_/CLK.
[WARNING CTS-0179] No paths found for pin dot_0/fifo_timer_r/mem\[15\]\[17\]$_DFFE_PP_/CLK.
[WARNING CTS-0179] No paths found for pin dot_0/fifo_timer_r/mem\[8\]\[17\]$_DFFE_PP_/CLK.
[WARNING CTS-0179] No paths found for pin dot_0/fifo_timer_r/mem\[12\]\[17\]$_DFFE_PP_/CLK.
[WARNING CTS-0179] No paths found for pin dot_0/fifo_timer_r/mem\[14\]\[17\]$_DFFE_PP_/CLK.
[WARNING CTS-0179] No paths found for pin dot_0/fifo_timer_r/mem\[3\]\[17\]$_DFFE_PP_/CLK.
[WARNING CTS-0179] No paths found for pin dot_0/fifo_timer_r/mem\[2\]\[17\]$_DFFE_PP_/CLK.
[WARNING CTS-0179] No paths found for pin dot_0/fifo_timer_r/mem\[10\]\[17\]$_DFFE_PP_/CLK.
[WARNING CTS-0179] No paths found for pin dot_0/fifo_timer_r/mem\[4\]\[9\]$_DFFE_PP_/CLK.
[WARNING CTS-0179] No paths found for pin dot_0/fifo_timer_r/mem\[5\]\[9\]$_DFFE_PP_/CLK.
[WARNING CTS-0179] No paths found for pin dot_0/fifo_timer_r/mem\[13\]\[24\]$_DFFE_PP_/CLK.
[WARNING CTS-0179] No paths found for pin dot_0/fifo_timer_r/mem\[1\]\[9\]$_DFFE_PP_/CLK.
[WARNING CTS-0179] No paths found for pin dot_0/fifo_timer_r/mem\[11\]\[24\]$_DFFE_PP_/CLK.
[WARNING CTS-0179] No paths found for pin dot_0/fifo_timer_r/mem\[7\]\[9\]$_DFFE_PP_/CLK.
[WARNING CTS-0179] No paths found for pin dot_0/fifo_timer_r/mem\[6\]\[9\]$_DFFE_PP_/CLK.
[WARNING CTS-0179] No paths found for pin dot_0/fifo_timer_r/mem\[9\]\[24\]$_DFFE_PP_/CLK.
[WARNING CTS-0179] No paths found for pin dot_0/fifo_timer_r/mem\[15\]\[24\]$_DFFE_PP_/CLK.
[WARNING CTS-0179] No paths found for pin dot_0/fifo_timer_r/mem\[0\]\[9\]$_DFFE_PP_/CLK.
[WARNING CTS-0179] No paths found for pin dot_0/fifo_timer_r/mem\[10\]\[30\]$_DFFE_PP_/CLK.
[WARNING CTS-0179] No paths found for pin dot_0/fifo_timer_r/mem\[2\]\[9\]$_DFFE_PP_/CLK.
[WARNING CTS-0179] No paths found for pin dot_0/fifo_timer_r/mem\[8\]\[28\]$_DFFE_PP_/CLK.
[WARNING CTS-0179] No paths found for pin dot_0/fifo_timer_r/mem\[11\]\[28\]$_DFFE_PP_/CLK.
[WARNING CTS-0179] No paths found for pin dot_0/fifo_timer_r/mem\[14\]\[28\]$_DFFE_PP_/CLK.
[WARNING CTS-0179] No paths found for pin dot_0/fifo_timer_r/mem\[13\]\[28\]$_DFFE_PP_/CLK.
[WARNING CTS-0179] No paths found for pin dot_0/fifo_timer_r/mem\[15\]\[28\]$_DFFE_PP_/CLK.
[WARNING CTS-0179] No paths found for pin dot_0/fifo_timer_r/mem\[12\]\[28\]$_DFFE_PP_/CLK.
[WARNING CTS-0179] No paths found for pin dot_0/fifo_timer_r/mem\[8\]\[30\]$_DFFE_PP_/CLK.
[WARNING CTS-0179] No paths found for pin dot_0/fifo_timer_r/mem\[11\]\[30\]$_DFFE_PP_/CLK.
[WARNING CTS-0179] No paths found for pin dot_0/fifo_timer_r/mem\[9\]\[30\]$_DFFE_PP_/CLK.
[WARNING CTS-0179] No paths found for pin dot_0/fifo_timer_r/mem\[15\]\[30\]$_DFFE_PP_/CLK.
[WARNING CTS-0179] No paths found for pin dot_0/fifo_timer_r/mem\[0\]\[30\]$_DFFE_PP_/CLK.
[WARNING CTS-0179] No paths found for pin dot_0/fifo_timer_r/mem\[13\]\[30\]$_DFFE_PP_/CLK.
[WARNING CTS-0179] No paths found for pin dot_0/fifo_timer_r/mem\[3\]\[28\]$_DFFE_PP_/CLK.
[WARNING CTS-0179] No paths found for pin dot_0/fifo_timer_r/mem\[6\]\[28\]$_DFFE_PP_/CLK.
[WARNING CTS-0179] No paths found for pin dot_0/fifo_timer_r/mem\[2\]\[28\]$_DFFE_PP_/CLK.
[WARNING CTS-0179] No paths found for pin dot_0/fifo_timer_r/mem\[7\]\[28\]$_DFFE_PP_/CLK.
[WARNING CTS-0179] No paths found for pin dot_0/fifo_timer_r/mem\[0\]\[28\]$_DFFE_PP_/CLK.
[WARNING CTS-0179] No paths found for pin dot_0/fifo_timer_r/mem\[5\]\[28\]$_DFFE_PP_/CLK.
[WARNING CTS-0179] No paths found for pin dot_0/fifo_timer_r/mem\[1\]\[28\]$_DFFE_PP_/CLK.
[WARNING CTS-0179] No paths found for pin dot_0/fifo_timer_r/mem\[4\]\[12\]$_DFFE_PP_/CLK.
[WARNING CTS-0179] No paths found for pin dot_0/fifo_timer_r/mem\[9\]\[28\]$_DFFE_PP_/CLK.
[WARNING CTS-0179] No paths found for pin dot_0/fifo_timer_r/mem\[5\]\[12\]$_DFFE_PP_/CLK.
[WARNING CTS-0179] No paths found for pin dot_0/fifo_timer_r/mem\[7\]\[12\]$_DFFE_PP_/CLK.
[WARNING CTS-0179] No paths found for pin dot_0/fifo_timer_r/mem\[6\]\[12\]$_DFFE_PP_/CLK.
[WARNING CTS-0179] No paths found for pin dot_0/fifo_timer_r/mem\[3\]\[12\]$_DFFE_PP_/CLK.
[WARNING CTS-0179] No paths found for pin dot_0/fifo_timer_r/mem\[2\]\[12\]$_DFFE_PP_/CLK.
[WARNING CTS-0179] No paths found for pin dot_0/fifo_timer_r/mem\[0\]\[12\]$_DFFE_PP_/CLK.
[WARNING CTS-0179] No paths found for pin dot_0/fifo_timer_r/mem\[13\]\[12\]$_DFFE_PP_/CLK.
[WARNING CTS-0179] No paths found for pin dot_0/fifo_timer_r/mem\[9\]\[12\]$_DFFE_PP_/CLK.
[WARNING CTS-0179] No paths found for pin dot_0/fifo_timer_r/mem\[1\]\[12\]$_DFFE_PP_/CLK.
[WARNING CTS-0179] No paths found for pin dot_0/fifo_timer_r/mem\[15\]\[12\]$_DFFE_PP_/CLK.
[WARNING CTS-0179] No paths found for pin dot_0/fifo_timer_r/mem\[11\]\[12\]$_DFFE_PP_/CLK.
[WARNING CTS-0179] No paths found for pin dot_0/fifo_timer_r/mem\[10\]\[12\]$_DFFE_PP_/CLK.
[WARNING CTS-0179] No paths found for pin dot_0/fifo_timer_r/mem\[8\]\[12\]$_DFFE_PP_/CLK.
[WARNING CTS-0179] No paths found for pin dot_0/fifo_timer_r/mem\[14\]\[12\]$_DFFE_PP_/CLK.
[WARNING CTS-0179] No paths found for pin dot_0/fifo_timer_r/mem\[12\]\[12\]$_DFFE_PP_/CLK.
[WARNING CTS-0179] No paths found for pin dot_0/fifo_timer_r/mem\[15\]\[18\]$_DFFE_PP_/CLK.
[WARNING CTS-0179] No paths found for pin dot_0/fifo_timer_r/mem\[9\]\[18\]$_DFFE_PP_/CLK.
[WARNING CTS-0179] No paths found for pin dot_0/fifo_timer_r/mem\[10\]\[18\]$_DFFE_PP_/CLK.
[WARNING CTS-0179] No paths found for pin dot_0/fifo_timer_r/mem\[12\]\[20\]$_DFFE_PP_/CLK.
[WARNING CTS-0179] No paths found for pin dot_0/fifo_timer_r/mem\[12\]\[18\]$_DFFE_PP_/CLK.
[WARNING CTS-0179] No paths found for pin dot_0/fifo_timer_r/mem\[13\]\[18\]$_DFFE_PP_/CLK.
[WARNING CTS-0179] No paths found for pin dot_0/fifo_timer_r/mem\[2\]\[18\]$_DFFE_PP_/CLK.
[WARNING CTS-0179] No paths found for pin dot_0/fifo_timer_r/mem\[5\]\[18\]$_DFFE_PP_/CLK.
[WARNING CTS-0179] No paths found for pin dot_0/fifo_timer_r/mem\[6\]\[18\]$_DFFE_PP_/CLK.
[WARNING CTS-0179] No paths found for pin dot_0/fifo_timer_r/mem\[7\]\[18\]$_DFFE_PP_/CLK.
[WARNING CTS-0179] No paths found for pin dot_0/fifo_timer_r/mem\[3\]\[18\]$_DFFE_PP_/CLK.
[WARNING CTS-0179] No paths found for pin dot_0/fifo_timer_r/mem\[9\]\[9\]$_DFFE_PP_/CLK.
[WARNING CTS-0179] No paths found for pin dot_0/fifo_timer_r/mem\[15\]\[9\]$_DFFE_PP_/CLK.
[WARNING CTS-0179] No paths found for pin dot_0/fifo_timer_r/mem\[11\]\[9\]$_DFFE_PP_/CLK.
[WARNING CTS-0179] No paths found for pin dot_0/fifo_timer_r/mem\[4\]\[28\]$_DFFE_PP_/CLK.
[WARNING CTS-0179] No paths found for pin dot_0/fifo_timer_r/mem\[10\]\[28\]$_DFFE_PP_/CLK.
[WARNING CTS-0179] No paths found for pin dot_0/fifo_timer_r/mem\[8\]\[9\]$_DFFE_PP_/CLK.
[WARNING CTS-0179] No paths found for pin dot_0/fifo_timer_r/mem\[3\]\[9\]$_DFFE_PP_/CLK.
[WARNING CTS-0179] No paths found for pin dot_0/fifo_timer_r/mem\[13\]\[9\]$_DFFE_PP_/CLK.
[WARNING CTS-0179] No paths found for pin dot_0/fifo_timer_r/mem\[14\]\[9\]$_DFFE_PP_/CLK.
[WARNING CTS-0179] No paths found for pin dot_0/fifo_timer_r/mem\[12\]\[9\]$_DFFE_PP_/CLK.
[WARNING CTS-0179] No paths found for pin dot_0/fifo_timer_r/mem\[10\]\[9\]$_DFFE_PP_/CLK.
[WARNING CTS-0179] No paths found for pin dot_0/fifo_timer_r/mem\[0\]\[24\]$_DFFE_PP_/CLK.
[WARNING CTS-0179] No paths found for pin dot_0/fifo_timer_r/mem\[4\]\[24\]$_DFFE_PP_/CLK.
[WARNING CTS-0179] No paths found for pin dot_0/fifo_timer_r/mem\[5\]\[24\]$_DFFE_PP_/CLK.
[WARNING CTS-0179] No paths found for pin dot_0/fifo_timer_r/mem\[8\]\[24\]$_DFFE_PP_/CLK.
[WARNING CTS-0179] No paths found for pin dot_0/fifo_timer_r/mem\[1\]\[24\]$_DFFE_PP_/CLK.
[WARNING CTS-0179] No paths found for pin dot_0/fifo_timer_r/mem\[7\]\[24\]$_DFFE_PP_/CLK.
[WARNING CTS-0179] No paths found for pin dot_0/fifo_timer_r/mem\[2\]\[24\]$_DFFE_PP_/CLK.
[WARNING CTS-0179] No paths found for pin dot_0/fifo_timer_r/mem\[3\]\[24\]$_DFFE_PP_/CLK.
[WARNING CTS-0179] No paths found for pin dot_0/fifo_timer_r/mem\[6\]\[24\]$_DFFE_PP_/CLK.
[WARNING CTS-0179] No paths found for pin dot_0/fifo_timer_r/mem\[6\]\[14\]$_DFFE_PP_/CLK.
[WARNING CTS-0179] No paths found for pin dot_0/fifo_timer_r/mem\[5\]\[20\]$_DFFE_PP_/CLK.
[WARNING CTS-0179] No paths found for pin dot_0/fifo_timer_r/mem\[4\]\[20\]$_DFFE_PP_/CLK.
[WARNING CTS-0179] No paths found for pin dot_0/fifo_timer_r/mem\[0\]\[20\]$_DFFE_PP_/CLK.
[WARNING CTS-0179] No paths found for pin dot_0/fifo_timer_r/mem\[1\]\[20\]$_DFFE_PP_/CLK.
[WARNING CTS-0179] No paths found for pin dot_0/fifo_timer_r/mem\[4\]\[18\]$_DFFE_PP_/CLK.
[WARNING CTS-0179] No paths found for pin dot_0/fifo_timer_r/mem\[1\]\[18\]$_DFFE_PP_/CLK.
[WARNING CTS-0179] No paths found for pin dot_0/fifo_timer_r/mem\[14\]\[20\]$_DFFE_PP_/CLK.
[WARNING CTS-0179] No paths found for pin dot_0/fifo_timer_r/mem\[0\]\[18\]$_DFFE_PP_/CLK.
[WARNING CTS-0179] No paths found for pin dot_0/fifo_timer_r/mem\[10\]\[20\]$_DFFE_PP_/CLK.
[WARNING CTS-0179] No paths found for pin dot_0/fifo_timer_r/mem\[11\]\[18\]$_DFFE_PP_/CLK.
[WARNING CTS-0179] No paths found for pin dot_0/fifo_timer_r/mem\[14\]\[18\]$_DFFE_PP_/CLK.
[WARNING CTS-0179] No paths found for pin dot_0/fifo_timer_r/mem\[8\]\[18\]$_DFFE_PP_/CLK.
[WARNING CTS-0179] No paths found for pin dot_0/fifo_timer_r/mem\[8\]\[20\]$_DFFE_PP_/CLK.
[WARNING CTS-0179] No paths found for pin dot_0/fifo_timer_r/mem\[13\]\[14\]$_DFFE_PP_/CLK.
[WARNING CTS-0179] No paths found for pin dot_0/fifo_timer_r/mem\[9\]\[14\]$_DFFE_PP_/CLK.
[WARNING CTS-0179] No paths found for pin dot_0/fifo_timer_r/mem\[10\]\[14\]$_DFFE_PP_/CLK.
[WARNING CTS-0179] No paths found for pin dot_0/fifo_timer_r/mem\[11\]\[14\]$_DFFE_PP_/CLK.
[WARNING CTS-0179] No paths found for pin dot_0/fifo_timer_r/mem\[15\]\[14\]$_DFFE_PP_/CLK.
[WARNING CTS-0179] No paths found for pin dot_0/fifo_timer_r/mem\[2\]\[14\]$_DFFE_PP_/CLK.
[WARNING CTS-0179] No paths found for pin dot_0/fifo_timer_r/mem\[3\]\[14\]$_DFFE_PP_/CLK.
[WARNING CTS-0179] No paths found for pin dot_0/fifo_timer_r/mem\[4\]\[14\]$_DFFE_PP_/CLK.
[WARNING CTS-0179] No paths found for pin dot_0/fifo_timer_r/mem\[1\]\[14\]$_DFFE_PP_/CLK.
[WARNING CTS-0179] No paths found for pin dot_0/fifo_timer_r/mem\[14\]\[14\]$_DFFE_PP_/CLK.
[WARNING CTS-0179] No paths found for pin dot_0/fifo_timer_r/mem\[12\]\[14\]$_DFFE_PP_/CLK.
[WARNING CTS-0179] No paths found for pin dot_0/fifo_timer_r/mem\[0\]\[14\]$_DFFE_PP_/CLK.
[WARNING CTS-0179] No paths found for pin dot_0/fifo_timer_r/mem\[8\]\[14\]$_DFFE_PP_/CLK.
[WARNING CTS-0179] No paths found for pin dot_0/fifo_timer_r/mem\[11\]\[20\]$_DFFE_PP_/CLK.
[WARNING CTS-0179] No paths found for pin dot_0/fifo_timer_r/mem\[13\]\[20\]$_DFFE_PP_/CLK.
[WARNING CTS-0179] No paths found for pin dot_0/fifo_timer_r/mem\[9\]\[20\]$_DFFE_PP_/CLK.
[WARNING CTS-0179] No paths found for pin dot_0/fifo_timer_r/mem\[14\]\[25\]$_DFFE_PP_/CLK.
[WARNING CTS-0179] No paths found for pin dot_0/fifo_timer_r/mem\[10\]\[25\]$_DFFE_PP_/CLK.
[WARNING CTS-0179] No paths found for pin dot_0/fifo_timer_r/mem\[15\]\[20\]$_DFFE_PP_/CLK.
[WARNING CTS-0179] No paths found for pin dot_0/fifo_timer_r/mem\[12\]\[25\]$_DFFE_PP_/CLK.
[WARNING CTS-0179] No paths found for pin dot_0/fifo_timer_r/mem\[2\]\[25\]$_DFFE_PP_/CLK.
[WARNING CTS-0179] No paths found for pin dot_0/fifo_timer_r/mem\[7\]\[25\]$_DFFE_PP_/CLK.
[WARNING CTS-0179] No paths found for pin dot_0/fifo_timer_r/mem\[3\]\[20\]$_DFFE_PP_/CLK.
[WARNING CTS-0179] No paths found for pin dot_0/fifo_timer_r/mem\[6\]\[20\]$_DFFE_PP_/CLK.
[WARNING CTS-0179] No paths found for pin dot_0/fifo_timer_r/mem\[2\]\[20\]$_DFFE_PP_/CLK.
[WARNING CTS-0179] No paths found for pin dot_0/fifo_timer_r/mem\[7\]\[20\]$_DFFE_PP_/CLK.
[WARNING CTS-0179] No paths found for pin dot_0/fifo_timer_r/mem\[5\]\[14\]$_DFFE_PP_/CLK.
[WARNING CTS-0179] No paths found for pin dot_0/fifo_timer_r/mem\[7\]\[14\]$_DFFE_PP_/CLK.
[WARNING CTS-0179] No paths found for pin dot_0/fifo_timer_r/mem\[3\]\[25\]$_DFFE_PP_/CLK.
[WARNING CTS-0179] No paths found for pin dot_0/fifo_timer_r/mem\[10\]\[15\]$_DFFE_PP_/CLK.
[WARNING CTS-0179] No paths found for pin dot_0/fifo_timer_r/mem\[8\]\[15\]$_DFFE_PP_/CLK.
[WARNING CTS-0179] No paths found for pin dot_0/fifo_timer_r/mem\[14\]\[15\]$_DFFE_PP_/CLK.
[WARNING CTS-0179] No paths found for pin dot_0/fifo_timer_r/mem\[10\]\[24\]$_DFFE_PP_/CLK.
[WARNING CTS-0179] No paths found for pin dot_0/fifo_timer_r/mem\[14\]\[24\]$_DFFE_PP_/CLK.
[WARNING CTS-0179] No paths found for pin dot_0/fifo_timer_r/mem\[12\]\[24\]$_DFFE_PP_/CLK.
[WARNING CTS-0179] No paths found for pin dot_0/fifo_timer_r/mem\[9\]\[23\]$_DFFE_PP_/CLK.
[WARNING CTS-0179] No paths found for pin dot_0/fifo_timer_r/mem\[8\]\[23\]$_DFFE_PP_/CLK.
[WARNING CTS-0179] No paths found for pin dot_0/fifo_timer_r/mem\[14\]\[23\]$_DFFE_PP_/CLK.
[WARNING CTS-0179] No paths found for pin dot_0/fifo_timer_r/mem\[12\]\[23\]$_DFFE_PP_/CLK.
[WARNING CTS-0179] No paths found for pin dot_0/fifo_timer_r/mem\[0\]\[23\]$_DFFE_PP_/CLK.
[WARNING CTS-0179] No paths found for pin dot_0/fifo_timer_r/mem\[13\]\[15\]$_DFFE_PP_/CLK.
[WARNING CTS-0179] No paths found for pin dot_0/fifo_timer_r/mem\[12\]\[15\]$_DFFE_PP_/CLK.
[WARNING CTS-0179] No paths found for pin dot_0/fifo_timer_r/mem\[1\]\[23\]$_DFFE_PP_/CLK.
[WARNING CTS-0179] No paths found for pin dot_0/fifo_timer_r/mem\[5\]\[23\]$_DFFE_PP_/CLK.
[WARNING CTS-0179] No paths found for pin dot_0/fifo_timer_r/mem\[4\]\[23\]$_DFFE_PP_/CLK.
[WARNING CTS-0179] No paths found for pin dot_0/fifo_timer_r/mem\[3\]\[23\]$_DFFE_PP_/CLK.
[WARNING CTS-0179] No paths found for pin dot_0/fifo_timer_r/mem\[6\]\[23\]$_DFFE_PP_/CLK.
[WARNING CTS-0179] No paths found for pin dot_0/fifo_timer_r/mem\[7\]\[23\]$_DFFE_PP_/CLK.
[WARNING CTS-0179] No paths found for pin dot_0/fifo_timer_r/mem\[2\]\[23\]$_DFFE_PP_/CLK.
[WARNING CTS-0179] message limit (1000) reached. This message will no longer print.
[INFO CTS-0036]  inserted 0 delay buffers
[INFO CTS-0033] Balancing latency for clock clk_s2_gate
[INFO CTS-0036]  inserted 0 delay buffers
[INFO CTS-0033] Balancing latency for clock clk_s1_gate
[INFO CTS-0036]  inserted 0 delay buffers
[INFO CTS-0033] Balancing latency for clock clk1
[INFO CTS-0036]  inserted 0 delay buffers
[INFO CTS-0500] Runtime: 42.47s
Took 42 seconds: clock_tree_synthesis -sink_clustering_enable -repair_clock_nets
estimate_parasitics -placement
Took 20 seconds: estimate_parasitics -placement
detailed_placement
[INFO DPL-0006] Core area: 3527558.21 um^2
[INFO DPL-0007] Movable instances area: 1673912.92 um^2
[INFO DPL-0008] Fixed instances area within core: 58876.47 um^2
[INFO DPL-0009] Utilization: 49.1%
[INFO DPL-0005] Diamond search max displacement: +/- 500 sites horizontally, +/- 100 rows vertically.
[INFO DPL-1102] Legalizing using negotiation legalizer.
[INFO DPL-1103] Negotiation base search window: +/-20 sites horizontally, +/-5 rows vertically 
	Automatic search window extension enabled.
	Search window extendable up to the max displacement cap of +/-500 sites, +/-100 rows near walls.
[INFO DPL-1104] NegotiationLegalizer DRC penalty: 5.
[INFO DPL-0392] Negotiation cell height distribution (1 unique row-count(s)):
[INFO DPL-0393]   height 1 row(s): 168533 cells
          |      Total |  Illegal |  Illegal
Iteration | Violations |    Cells |    Sites
---------------------------------------------
        0 |        639 |       141 |       498
        1 |         92 |        10 |        82
        2 |         18 |         2 |        16
        3 |         42 |         2 |        40
        4 |          0 |         0 |         0
Negotiation phase 1 converged at iteration 4.
[INFO DPL-0500] Runtime: 11.28s
Placement Analysis
---------------------------------
total displacement     133700.3 u
average displacement        0.8 u
max displacement           30.6 u
original HPWL         5236179.8 u
legalized HPWL        5295215.0 u
delta HPWL                    1 %

Took 12 seconds: detailed_placement
estimate_parasitics -placement
Took 16 seconds: estimate_parasitics -placement
repair_timing -setup_margin 0 -hold_margin 0 -repair_tns 0 -match_cell_footprint -verbose
[INFO RSZ-0100] Repair move sequence: UnbufferMove SizeUpMove SwapPinsMove BufferMove CloneMove SplitLoadMove 
[INFO RSZ-0094] Found 387 endpoints with setup violations.
[INFO RSZ-0099] Repairing 1 out of 387 (0.00%) violating endpoints...
   Iter   | Removed | Resized | Inserted | Cloned |  Pin  |   Area   |    WNS   |   StTNS    |   EnTNS    |  Viol  |  Worst  
          | Buffers |  Gates  | Buffers  |  Gates | Swaps |          |          |            |            | Endpts | St/EnPt 
------------------------------------------------------------------------------------------------------------------------------
       0* |       0 |       0 |        0 |      0 |     0 |    +0.0% |  -28.641 |     -852.2 |    -3572.4 |    387 | dot_0/fifo_timer_r/mem\[2\]\[2\]$_DFFE_PP_/D
      10* |       0 |       9 |        0 |      0 |     0 |    +0.0% |  -27.946 |     -831.3 |    -3482.7 |    387 | dot_0/fifo_timer_r/mem\[2\]\[2\]$_DFFE_PP_/D
      20* |       0 |      16 |        0 |      0 |     3 |    +0.0% |  -27.762 |     -825.0 |    -3460.1 |    387 | dot_0/fifo_timer_r/mem\[2\]\[2\]$_DFFE_PP_/D
      30* |       0 |      26 |        0 |      0 |     3 |    +0.0% |  -27.609 |     -821.2 |    -3440.6 |    387 | dot_0/fifo_timer_r/mem\[2\]\[2\]$_DFFE_PP_/D
      40* |       0 |      34 |        1 |      0 |     4 |    +0.0% |  -27.452 |     -816.5 |    -3420.4 |    387 | dot_0/fifo_timer_r/mem\[2\]\[2\]$_DFFE_PP_/D
      50* |       0 |      41 |        2 |      0 |     6 |    +0.0% |  -27.376 |     -814.2 |    -3410.6 |    387 | dot_0/fifo_timer_r/mem\[2\]\[2\]$_DFFE_PP_/D
      60* |       0 |      51 |        2 |      0 |     6 |    +0.0% |  -27.144 |     -807.3 |    -3389.9 |    387 | dot_0/fifo_timer_r/mem\[2\]\[2\]$_DFFE_PP_/D
      70* |       0 |      60 |        2 |      0 |     7 |    +0.0% |  -27.004 |     -803.0 |    -3372.3 |    387 | dot_0/fifo_timer_r/mem\[2\]\[2\]$_DFFE_PP_/D
      80* |       0 |      68 |        2 |      0 |     9 |    +0.0% |  -26.909 |     -799.8 |    -3359.5 |    387 | dot_0/fifo_timer_r/mem\[2\]\[2\]$_DFFE_PP_/D
      90* |       0 |      74 |        3 |      0 |    12 |    +0.0% |  -26.803 |     -797.0 |    -3346.5 |    387 | dot_0/fifo_timer_r/mem\[2\]\[2\]$_DFFE_PP_/D
     100* |       0 |      81 |        4 |      0 |    14 |    +0.0% |  -26.676 |     -793.5 |    -3330.3 |    387 | dot_0/fifo_timer_r/mem\[2\]\[2\]$_DFFE_PP_/D
     110* |       0 |      87 |        5 |      0 |    17 |    +0.0% |  -26.669 |     -793.3 |    -3328.9 |    387 | dot_0/fifo_timer_r/mem\[2\]\[2\]$_DFFE_PP_/D
     120* |       0 |      91 |        7 |      0 |    21 |    +0.0% |  -26.642 |     -792.4 |    -3326.3 |    387 | dot_0/fifo_timer_r/mem\[2\]\[2\]$_DFFE_PP_/D
     130* |       0 |     100 |        7 |      0 |    22 |    +0.0% |  -26.549 |     -789.6 |    -3315.3 |    387 | dot_0/fifo_timer_r/mem\[2\]\[2\]$_DFFE_PP_/D
     140* |       0 |     107 |        7 |      0 |    25 |    +0.0% |  -26.462 |     -787.0 |    -3304.1 |    387 | dot_0/fifo_timer_r/mem\[2\]\[2\]$_DFFE_PP_/D
     150* |       0 |     114 |        7 |      0 |    28 |    +0.0% |  -26.340 |     -783.4 |    -3289.6 |    387 | dot_0/fifo_timer_r/mem\[2\]\[2\]$_DFFE_PP_/D
     160* |       1 |     119 |        8 |      1 |    30 |    +0.0% |  -26.221 |     -779.9 |    -3284.3 |    387 | dot_0/fifo_timer_r/mem\[9\]\[6\]$_DFFE_PP_/D
     170* |       1 |     125 |       10 |      1 |    32 |    +0.0% |  -26.118 |     -776.8 |    -3271.9 |    387 | dot_0/fifo_timer_r/mem\[9\]\[6\]$_DFFE_PP_/D
     180* |       1 |     133 |       11 |      1 |    33 |    +0.0% |  -26.037 |     -774.2 |    -3261.5 |    387 | dot_0/fifo_timer_r/mem\[9\]\[6\]$_DFFE_PP_/D
     190* |       1 |     142 |       11 |      1 |    34 |    +0.0% |  -25.881 |     -769.5 |    -3242.4 |    387 | dot_0/fifo_timer_r/mem\[9\]\[6\]$_DFFE_PP_/D
     200* |       1 |     151 |       11 |      1 |    35 |    +0.0% |  -25.709 |     -764.5 |    -3222.0 |    387 | dot_0/fifo_timer_r/mem\[9\]\[6\]$_DFFE_PP_/D
     210* |       1 |     158 |       11 |      1 |    38 |    +0.1% |  -25.644 |     -762.4 |    -3216.8 |    387 | dot_0/fifo_timer_r/mem\[9\]\[6\]$_DFFE_PP_/D
     220* |       1 |     164 |       12 |      1 |    41 |    +0.1% |  -25.587 |     -760.8 |    -3209.6 |    387 | dot_0/fifo_timer_r/mem\[9\]\[6\]$_DFFE_PP_/D
     230* |       1 |     170 |       14 |      1 |    43 |    +0.1% |  -25.566 |     -760.2 |    -3206.9 |    387 | dot_0/fifo_timer_r/mem\[9\]\[6\]$_DFFE_PP_/D
     240* |       1 |     176 |       15 |      1 |    46 |    +0.1% |  -25.514 |     -758.7 |    -3200.7 |    387 | dot_0/fifo_timer_r/mem\[9\]\[6\]$_DFFE_PP_/D
     250* |       1 |     184 |       15 |      1 |    48 |    +0.1% |  -25.438 |     -756.4 |    -3191.6 |    387 | dot_0/fifo_timer_r/mem\[9\]\[6\]$_DFFE_PP_/D
     260* |       1 |     187 |       18 |      1 |    53 |    +0.1% |  -25.367 |     -754.4 |    -3182.7 |    387 | dot_0/fifo_timer_r/mem\[9\]\[6\]$_DFFE_PP_/D
     270* |       1 |     194 |       18 |      1 |    56 |    +0.1% |  -25.324 |     -752.9 |    -3177.4 |    387 | dot_0/fifo_timer_r/mem\[9\]\[6\]$_DFFE_PP_/D
     280* |       1 |     198 |       21 |      1 |    59 |    +0.1% |  -25.332 |     -753.1 |    -3178.1 |    387 | dot_0/fifo_timer_r/mem\[9\]\[6\]$_DFFE_PP_/D
     290* |       1 |     202 |       21 |      1 |    65 |    +0.1% |  -25.334 |     -753.3 |    -3177.8 |    387 | dot_0/fifo_timer_r/mem\[9\]\[6\]$_DFFE_PP_/D
     300* |       1 |     206 |       22 |      1 |    70 |    +0.1% |  -25.176 |     -748.4 |    -3159.1 |    387 | dot_0/fifo_timer_r/mem\[9\]\[6\]$_DFFE_PP_/D
     310* |       1 |     211 |       24 |      1 |    73 |    +0.1% |  -25.063 |     -745.2 |    -3145.6 |    387 | dot_0/fifo_timer_r/mem\[9\]\[6\]$_DFFE_PP_/D
     320* |       1 |     215 |       26 |      1 |    77 |    +0.1% |  -24.995 |     -743.6 |    -3137.0 |    387 | dot_0/fifo_timer_r/mem\[9\]\[6\]$_DFFE_PP_/D
     330* |       1 |     222 |       26 |      1 |    80 |    +0.1% |  -24.978 |     -743.0 |    -3134.9 |    387 | dot_0/fifo_timer_r/mem\[9\]\[6\]$_DFFE_PP_/D
     340* |       1 |     229 |       27 |      1 |    82 |    +0.1% |  -24.908 |     -740.5 |    -3127.2 |    387 | dot_0/fifo_timer_r/mem\[9\]\[6\]$_DFFE_PP_/D
     350* |       1 |     232 |       31 |      1 |    85 |    +0.1% |  -24.881 |     -739.8 |    -3123.6 |    387 | dot_0/fifo_timer_r/mem\[9\]\[6\]$_DFFE_PP_/D
     360* |       1 |     238 |       33 |      1 |    87 |    +0.1% |  -24.833 |     -738.4 |    -3117.5 |    387 | dot_0/fifo_timer_r/mem\[9\]\[6\]$_DFFE_PP_/D
     370* |       1 |     247 |       33 |      1 |    88 |    +0.1% |  -24.741 |     -735.7 |    -3106.2 |    387 | dot_0/fifo_timer_r/mem\[9\]\[6\]$_DFFE_PP_/D
     380* |       1 |     254 |       33 |      1 |    91 |    +0.1% |  -24.780 |     -736.6 |    -3108.6 |    387 | dot_0/fifo_timer_r/mem\[9\]\[6\]$_DFFE_PP_/D
     390* |       1 |     260 |       34 |      1 |    94 |    +0.1% |  -24.735 |     -735.3 |    -3103.4 |    387 | dot_0/fifo_timer_r/mem\[9\]\[6\]$_DFFE_PP_/D
     400* |       1 |     264 |       35 |      1 |    99 |    +0.1% |  -24.757 |     -736.0 |    -3106.3 |    387 | dot_0/fifo_timer_r/mem\[9\]\[6\]$_DFFE_PP_/D
     410* |       1 |     270 |       36 |      1 |   102 |    +0.1% |  -24.687 |     -734.0 |    -3097.3 |    387 | dot_0/fifo_timer_r/mem\[9\]\[6\]$_DFFE_PP_/D
     420* |       1 |     275 |       39 |      2 |   103 |    +0.1% |  -24.637 |     -732.6 |    -3091.3 |    387 | dot_0/fifo_timer_r/mem\[9\]\[6\]$_DFFE_PP_/D
     430* |       1 |     282 |       39 |      2 |   106 |    +0.1% |  -24.614 |     -731.8 |    -3088.4 |    387 | dot_0/fifo_timer_r/mem\[9\]\[6\]$_DFFE_PP_/D
     440* |       1 |     287 |       41 |      2 |   109 |    +0.1% |  -24.553 |     -730.0 |    -3080.5 |    387 | dot_0/fifo_timer_r/mem\[9\]\[6\]$_DFFE_PP_/D
     450* |       1 |     292 |       44 |      2 |   111 |    +0.1% |  -24.622 |     -731.9 |    -3089.4 |    387 | dot_0/fifo_timer_r/mem\[9\]\[6\]$_DFFE_PP_/D
     460* |       1 |     297 |       47 |      2 |   113 |    +0.1% |  -24.469 |     -728.2 |    -3070.0 |    387 | dot_0/fifo_timer_r/mem\[9\]\[6\]$_DFFE_PP_/D
     470* |       1 |     302 |       50 |      2 |   116 |    +0.1% |  -24.416 |     -726.6 |    -3063.4 |    387 | dot_0/fifo_timer_r/mem\[9\]\[6\]$_DFFE_PP_/D
     480* |       1 |     309 |       51 |      2 |   118 |    +0.1% |  -24.387 |     -725.7 |    -3059.6 |    387 | dot_0/fifo_timer_r/mem\[9\]\[6\]$_DFFE_PP_/D
     490* |       1 |     317 |       51 |      2 |   120 |    +0.1% |  -24.327 |     -723.8 |    -3052.1 |    387 | dot_0/fifo_timer_r/mem\[9\]\[6\]$_DFFE_PP_/D
     500* |       1 |     320 |       55 |      2 |   124 |    +0.1% |  -24.355 |     -724.7 |    -3055.1 |    387 | dot_0/fifo_timer_r/mem\[9\]\[6\]$_DFFE_PP_/D
     510* |       1 |     326 |       57 |      2 |   126 |    +0.1% |  -24.341 |     -724.4 |    -3052.9 |    387 | dot_0/fifo_timer_r/mem\[9\]\[6\]$_DFFE_PP_/D
     520* |       1 |     331 |       57 |      2 |   131 |    +0.1% |  -24.356 |     -723.9 |    -3054.6 |    387 | dot_0/fifo_timer_r/mem\[9\]\[6\]$_DFFE_PP_/D
     530* |       1 |     336 |       57 |      2 |   136 |    +0.1% |  -24.381 |     -725.0 |    -3057.5 |    387 | dot_0/fifo_timer_r/mem\[9\]\[6\]$_DFFE_PP_/D
     537* |       1 |     314 |       51 |      2 |   120 |    +0.1% |  -24.307 |     -723.3 |    -3049.7 |    387 | dot_0/fifo_timer_r/mem\[9\]\[6\]$_DFFE_PP_/D
     537* |       1 |     314 |       51 |      2 |   120 |    +0.1% |  -24.307 |     -723.3 |    -3049.7 |    387 | dot_0/fifo_timer_r/mem\[9\]\[6\]$_DFFE_PP_/D
     538+ |       1 |     314 |       51 |      2 |   120 |    +0.1% |  -24.307 |     -723.3 |    -3049.7 |    387 | dot_0/fifo_timer_r/mem\[9\]\[6\]$_DFFE_PP_/D
     539+ |       1 |     314 |       51 |      2 |   120 |    +0.1% |  -24.307 |     -723.3 |    -3049.7 |    387 | dot_0/fifo_timer_r/mem\[9\]\[6\]$_DFFE_PP_/D
     540+ |       1 |     314 |       51 |      2 |   120 |    +0.1% |  -24.307 |     -723.3 |    -3049.7 |    387 | dot_0/fifo_timer_r/mem\[9\]\[6\]$_DFFE_PP_/D
     540+ |       1 |     314 |       51 |      2 |   120 |    +0.1% |  -24.307 |     -723.3 |    -3049.7 |    387 | dot_0/fifo_timer_r/mem\[9\]\[6\]$_DFFE_PP_/D
     541+ |       1 |     314 |       51 |      2 |   120 |    +0.1% |  -24.307 |     -723.3 |    -3049.7 |    387 | dot_0/fifo_timer_r/mem\[9\]\[6\]$_DFFE_PP_/D
     542+ |       1 |     314 |       51 |      2 |   120 |    +0.1% |  -24.307 |     -723.3 |    -3049.7 |    387 | dot_0/fifo_timer_r/mem\[9\]\[6\]$_DFFE_PP_/D
     543+ |       1 |     314 |       51 |      2 |   120 |    +0.1% |  -24.307 |     -723.3 |    -3049.7 |    387 | dot_0/fifo_timer_r/mem\[9\]\[6\]$_DFFE_PP_/D
     544+ |       1 |     314 |       51 |      2 |   120 |    +0.1% |  -24.307 |     -723.3 |    -3049.7 |    387 | dot_0/fifo_timer_r/mem\[9\]\[6\]$_DFFE_PP_/D
     545+ |       1 |     314 |       51 |      2 |   120 |    +0.1% |  -24.307 |     -723.3 |    -3049.7 |    387 | dot_0/fifo_timer_r/mem\[9\]\[6\]$_DFFE_PP_/D
     546+ |       1 |     314 |       51 |      2 |   120 |    +0.1% |  -24.307 |     -723.3 |    -3049.7 |    387 | dot_0/fifo_timer_r/mem\[9\]\[6\]$_DFFE_PP_/D
     547+ |       1 |     314 |       51 |      2 |   120 |    +0.1% |  -24.307 |     -723.3 |    -3049.7 |    387 | dot_0/fifo_timer_r/mem\[9\]\[6\]$_DFFE_PP_/D
     548+ |       1 |     314 |       51 |      2 |   120 |    +0.1% |  -24.307 |     -723.3 |    -3049.7 |    387 | dot_0/fifo_timer_r/mem\[9\]\[6\]$_DFFE_PP_/D
     549+ |       1 |     314 |       51 |      2 |   120 |    +0.1% |  -24.307 |     -723.3 |    -3049.7 |    387 | dot_0/fifo_timer_r/mem\[9\]\[6\]$_DFFE_PP_/D
     550+ |       1 |     314 |       51 |      2 |   120 |    +0.1% |  -24.307 |     -723.3 |    -3049.7 |    387 | dot_0/fifo_timer_r/mem\[9\]\[6\]$_DFFE_PP_/D
     550+ |       1 |     314 |       51 |      2 |   120 |    +0.1% |  -24.307 |     -723.3 |    -3049.7 |    387 | dot_0/fifo_timer_r/mem\[9\]\[6\]$_DFFE_PP_/D
     551+ |       1 |     314 |       51 |      2 |   120 |    +0.1% |  -24.307 |     -723.3 |    -3049.7 |    387 | dot_0/fifo_timer_r/mem\[9\]\[6\]$_DFFE_PP_/D
     552+ |       1 |     314 |       51 |      2 |   120 |    +0.1% |  -24.307 |     -723.3 |    -3049.7 |    387 | dot_0/fifo_timer_r/mem\[9\]\[6\]$_DFFE_PP_/D
     553+ |       1 |     314 |       51 |      2 |   120 |    +0.1% |  -24.307 |     -723.3 |    -3049.7 |    387 | dot_0/fifo_timer_r/mem\[9\]\[6\]$_DFFE_PP_/D
     554+ |       1 |     314 |       51 |      2 |   120 |    +0.1% |  -24.307 |     -723.3 |    -3049.7 |    387 | dot_0/fifo_timer_r/mem\[9\]\[6\]$_DFFE_PP_/D
     555+ |       1 |     314 |       51 |      2 |   120 |    +0.1% |  -24.307 |     -723.3 |    -3049.7 |    387 | dot_0/fifo_timer_r/mem\[9\]\[6\]$_DFFE_PP_/D
     556+ |       1 |     314 |       51 |      2 |   120 |    +0.1% |  -24.307 |     -723.3 |    -3049.7 |    387 | dot_0/fifo_timer_r/mem\[9\]\[6\]$_DFFE_PP_/D
     557+ |       1 |     314 |       51 |      2 |   120 |    +0.1% |  -24.307 |     -723.3 |    -3049.7 |    387 | dot_0/fifo_timer_r/mem\[9\]\[6\]$_DFFE_PP_/D
     558+ |       1 |     314 |       51 |      2 |   120 |    +0.1% |  -24.307 |     -723.3 |    -3049.7 |    387 | dot_0/fifo_timer_r/mem\[9\]\[6\]$_DFFE_PP_/D
     559+ |       1 |     314 |       51 |      2 |   120 |    +0.1% |  -24.307 |     -723.3 |    -3049.7 |    387 | dot_0/fifo_timer_r/mem\[9\]\[6\]$_DFFE_PP_/D
     560+ |       1 |     314 |       51 |      2 |   120 |    +0.1% |  -24.307 |     -723.3 |    -3049.7 |    387 | dot_0/fifo_timer_r/mem\[9\]\[6\]$_DFFE_PP_/D
     560+ |       1 |     314 |       51 |      2 |   120 |    +0.1% |  -24.307 |     -723.3 |    -3049.7 |    387 | dot_0/fifo_timer_r/mem\[9\]\[6\]$_DFFE_PP_/D
     561+ |       1 |     314 |       51 |      2 |   120 |    +0.1% |  -24.307 |     -723.3 |    -3049.7 |    387 | dot_0/fifo_timer_r/mem\[9\]\[6\]$_DFFE_PP_/D
     562+ |       1 |     314 |       51 |      2 |   120 |    +0.1% |  -24.307 |     -723.3 |    -3049.7 |    387 | dot_0/fifo_timer_r/mem\[9\]\[6\]$_DFFE_PP_/D
     563+ |       1 |     314 |       51 |      2 |   120 |    +0.1% |  -24.307 |     -723.3 |    -3049.7 |    387 | dot_0/fifo_timer_r/mem\[9\]\[6\]$_DFFE_PP_/D
     564+ |       1 |     314 |       51 |      2 |   120 |    +0.1% |  -24.307 |     -723.3 |    -3049.7 |    387 | dot_0/fifo_timer_r/mem\[9\]\[6\]$_DFFE_PP_/D
     565+ |       1 |     314 |       51 |      2 |   120 |    +0.1% |  -24.307 |     -723.3 |    -3049.7 |    387 | dot_0/fifo_timer_r/mem\[9\]\[6\]$_DFFE_PP_/D
     567+ |       1 |     315 |       51 |      2 |   120 |    +0.1% |  -24.307 |     -723.3 |    -3049.3 |    387 | dot_0/fifo_timer_r/mem\[9\]\[6\]$_DFFE_PP_/D
     568+ |       1 |     315 |       51 |      2 |   120 |    +0.1% |  -24.307 |     -723.3 |    -3049.3 |    387 | dot_0/fifo_timer_r/mem\[9\]\[6\]$_DFFE_PP_/D
     569+ |       1 |     315 |       51 |      2 |   120 |    +0.1% |  -24.307 |     -723.3 |    -3049.3 |    387 | dot_0/fifo_timer_r/mem\[9\]\[6\]$_DFFE_PP_/D
     570+ |       1 |     315 |       51 |      2 |   120 |    +0.1% |  -24.307 |     -723.3 |    -3049.3 |    387 | dot_0/fifo_timer_r/mem\[9\]\[6\]$_DFFE_PP_/D
     570+ |       1 |     315 |       51 |      2 |   120 |    +0.1% |  -24.307 |     -723.3 |    -3049.3 |    387 | dot_0/fifo_timer_r/mem\[9\]\[6\]$_DFFE_PP_/D
     571+ |       1 |     315 |       51 |      2 |   120 |    +0.1% |  -24.307 |     -723.3 |    -3049.3 |    387 | dot_0/fifo_timer_r/mem\[9\]\[6\]$_DFFE_PP_/D
     572+ |       1 |     315 |       51 |      2 |   120 |    +0.1% |  -24.307 |     -723.3 |    -3049.3 |    387 | dot_0/fifo_timer_r/mem\[9\]\[6\]$_DFFE_PP_/D
     573+ |       1 |     315 |       51 |      2 |   120 |    +0.1% |  -24.307 |     -723.3 |    -3049.3 |    387 | dot_0/fifo_timer_r/mem\[9\]\[6\]$_DFFE_PP_/D
     574+ |       1 |     315 |       51 |      2 |   120 |    +0.1% |  -24.307 |     -723.3 |    -3049.3 |    387 | dot_0/fifo_timer_r/mem\[9\]\[6\]$_DFFE_PP_/D
     575+ |       1 |     315 |       51 |      2 |   120 |    +0.1% |  -24.307 |     -723.3 |    -3049.3 |    387 | dot_0/fifo_timer_r/mem\[9\]\[6\]$_DFFE_PP_/D
     576+ |       1 |     315 |       51 |      2 |   120 |    +0.1% |  -24.307 |     -723.3 |    -3049.3 |    387 | dot_0/fifo_timer_r/mem\[9\]\[6\]$_DFFE_PP_/D
     577+ |       1 |     315 |       51 |      2 |   120 |    +0.1% |  -24.307 |     -723.3 |    -3049.3 |    387 | dot_0/fifo_timer_r/mem\[9\]\[6\]$_DFFE_PP_/D
     578+ |       1 |     315 |       51 |      2 |   120 |    +0.1% |  -24.307 |     -723.3 |    -3049.3 |    387 | dot_0/fifo_timer_r/mem\[9\]\[6\]$_DFFE_PP_/D
     579+ |       1 |     315 |       51 |      2 |   120 |    +0.1% |  -24.307 |     -723.3 |    -3049.3 |    387 | dot_0/fifo_timer_r/mem\[9\]\[6\]$_DFFE_PP_/D
     580+ |       1 |     315 |       51 |      2 |   120 |    +0.1% |  -24.307 |     -723.3 |    -3049.3 |    387 | dot_0/fifo_timer_r/mem\[9\]\[6\]$_DFFE_PP_/D
     580+ |       1 |     315 |       51 |      2 |   120 |    +0.1% |  -24.307 |     -723.3 |    -3049.3 |    387 | dot_0/fifo_timer_r/mem\[9\]\[6\]$_DFFE_PP_/D
     581+ |       1 |     315 |       51 |      2 |   120 |    +0.1% |  -24.307 |     -723.3 |    -3049.3 |    387 | dot_0/fifo_timer_r/mem\[9\]\[6\]$_DFFE_PP_/D
     582+ |       1 |     315 |       51 |      2 |   120 |    +0.1% |  -24.307 |     -723.3 |    -3049.3 |    387 | dot_0/fifo_timer_r/mem\[9\]\[6\]$_DFFE_PP_/D
     583+ |       1 |     315 |       51 |      2 |   120 |    +0.1% |  -24.307 |     -723.3 |    -3049.3 |    387 | dot_0/fifo_timer_r/mem\[9\]\[6\]$_DFFE_PP_/D
     584+ |       1 |     315 |       51 |      2 |   120 |    +0.1% |  -24.307 |     -723.3 |    -3049.3 |    387 | dot_0/fifo_timer_r/mem\[9\]\[6\]$_DFFE_PP_/D
     585+ |       1 |     315 |       51 |      2 |   120 |    +0.1% |  -24.307 |     -723.3 |    -3049.3 |    387 | dot_0/fifo_timer_r/mem\[9\]\[6\]$_DFFE_PP_/D
     586+ |       1 |     315 |       51 |      2 |   120 |    +0.1% |  -24.307 |     -723.3 |    -3049.3 |    387 | dot_0/fifo_timer_r/mem\[9\]\[6\]$_DFFE_PP_/D
     587+ |       1 |     315 |       51 |      2 |   120 |    +0.1% |  -24.307 |     -723.3 |    -3049.3 |    387 | dot_0/fifo_timer_r/mem\[9\]\[6\]$_DFFE_PP_/D
     588+ |       1 |     315 |       51 |      2 |   120 |    +0.1% |  -24.307 |     -723.3 |    -3049.3 |    387 | dot_0/fifo_timer_r/mem\[9\]\[6\]$_DFFE_PP_/D
     589+ |       1 |     315 |       51 |      2 |   120 |    +0.1% |  -24.307 |     -723.3 |    -3049.3 |    387 | dot_0/fifo_timer_r/mem\[9\]\[6\]$_DFFE_PP_/D
     590+ |       1 |     315 |       51 |      2 |   120 |    +0.1% |  -24.307 |     -723.3 |    -3049.3 |    387 | dot_0/fifo_timer_r/mem\[9\]\[6\]$_DFFE_PP_/D
     590+ |       1 |     315 |       51 |      2 |   120 |    +0.1% |  -24.307 |     -723.3 |    -3049.3 |    387 | dot_0/fifo_timer_r/mem\[9\]\[6\]$_DFFE_PP_/D
     591+ |       1 |     315 |       51 |      2 |   120 |    +0.1% |  -24.307 |     -723.3 |    -3049.3 |    387 | dot_0/fifo_timer_r/mem\[9\]\[6\]$_DFFE_PP_/D
     592+ |       1 |     315 |       51 |      2 |   120 |    +0.1% |  -24.307 |     -723.3 |    -3049.3 |    387 | dot_0/fifo_timer_r/mem\[9\]\[6\]$_DFFE_PP_/D
     593+ |       1 |     315 |       51 |      2 |   120 |    +0.1% |  -24.307 |     -723.3 |    -3049.3 |    387 | dot_0/fifo_timer_r/mem\[9\]\[6\]$_DFFE_PP_/D
     594+ |       1 |     315 |       51 |      2 |   120 |    +0.1% |  -24.307 |     -723.3 |    -3049.3 |    387 | dot_0/fifo_timer_r/mem\[9\]\[6\]$_DFFE_PP_/D
     595+ |       1 |     315 |       51 |      2 |   120 |    +0.1% |  -24.307 |     -723.3 |    -3049.3 |    387 | dot_0/fifo_timer_r/mem\[9\]\[6\]$_DFFE_PP_/D
     596+ |       1 |     315 |       51 |      2 |   120 |    +0.1% |  -24.307 |     -723.3 |    -3049.3 |    387 | dot_0/fifo_timer_r/mem\[9\]\[6\]$_DFFE_PP_/D
     597+ |       1 |     315 |       51 |      2 |   120 |    +0.1% |  -24.307 |     -723.3 |    -3049.3 |    387 | dot_0/fifo_timer_r/mem\[9\]\[6\]$_DFFE_PP_/D
     598+ |       1 |     315 |       51 |      2 |   120 |    +0.1% |  -24.307 |     -723.3 |    -3049.3 |    387 | dot_0/fifo_timer_r/mem\[9\]\[6\]$_DFFE_PP_/D
     599+ |       1 |     315 |       51 |      2 |   120 |    +0.1% |  -24.307 |     -723.3 |    -3049.3 |    387 | dot_0/fifo_timer_r/mem\[9\]\[6\]$_DFFE_PP_/D
     600+ |       1 |     315 |       51 |      2 |   120 |    +0.1% |  -24.307 |     -723.3 |    -3049.3 |    387 | dot_0/fifo_timer_r/mem\[9\]\[6\]$_DFFE_PP_/D
     600+ |       1 |     315 |       51 |      2 |   120 |    +0.1% |  -24.307 |     -723.3 |    -3049.3 |    387 | dot_0/fifo_timer_r/mem\[9\]\[6\]$_DFFE_PP_/D
     601+ |       1 |     315 |       51 |      2 |   120 |    +0.1% |  -24.307 |     -723.3 |    -3049.3 |    387 | dot_0/fifo_timer_r/mem\[9\]\[6\]$_DFFE_PP_/D
     602+ |       1 |     315 |       51 |      2 |   120 |    +0.1% |  -24.307 |     -723.3 |    -3049.3 |    387 | dot_0/fifo_timer_r/mem\[9\]\[6\]$_DFFE_PP_/D
     603+ |       1 |     315 |       51 |      2 |   120 |    +0.1% |  -24.307 |     -723.3 |    -3049.3 |    387 | dot_0/fifo_timer_r/mem\[9\]\[6\]$_DFFE_PP_/D
     604+ |       1 |     315 |       51 |      2 |   120 |    +0.1% |  -24.307 |     -723.3 |    -3049.3 |    387 | dot_0/fifo_timer_r/mem\[9\]\[6\]$_DFFE_PP_/D
     605+ |       1 |     315 |       51 |      2 |   120 |    +0.1% |  -24.307 |     -723.3 |    -3049.3 |    387 | dot_0/fifo_timer_r/mem\[9\]\[6\]$_DFFE_PP_/D
     606+ |       1 |     315 |       51 |      2 |   120 |    +0.1% |  -24.307 |     -723.3 |    -3049.3 |    387 | dot_0/fifo_timer_r/mem\[9\]\[6\]$_DFFE_PP_/D
     607+ |       1 |     315 |       51 |      2 |   120 |    +0.1% |  -24.307 |     -723.3 |    -3049.3 |    387 | dot_0/fifo_timer_r/mem\[9\]\[6\]$_DFFE_PP_/D
     608+ |       1 |     315 |       51 |      2 |   120 |    +0.1% |  -24.307 |     -723.3 |    -3049.3 |    387 | dot_0/fifo_timer_r/mem\[9\]\[6\]$_DFFE_PP_/D
     609+ |       1 |     315 |       51 |      2 |   120 |    +0.1% |  -24.307 |     -723.3 |    -3049.3 |    387 | dot_0/fifo_timer_r/mem\[9\]\[6\]$_DFFE_PP_/D
     610+ |       1 |     315 |       51 |      2 |   120 |    +0.1% |  -24.307 |     -723.3 |    -3049.3 |    387 | dot_0/fifo_timer_r/mem\[9\]\[6\]$_DFFE_PP_/D
     610+ |       1 |     315 |       51 |      2 |   120 |    +0.1% |  -24.307 |     -723.3 |    -3049.3 |    387 | dot_0/fifo_timer_r/mem\[9\]\[6\]$_DFFE_PP_/D
     611+ |       1 |     315 |       51 |      2 |   120 |    +0.1% |  -24.307 |     -723.3 |    -3049.3 |    387 | dot_0/fifo_timer_r/mem\[9\]\[6\]$_DFFE_PP_/D
     612+ |       1 |     315 |       51 |      2 |   120 |    +0.1% |  -24.307 |     -723.3 |    -3049.3 |    387 | dot_0/fifo_timer_r/mem\[9\]\[6\]$_DFFE_PP_/D
     613+ |       1 |     315 |       51 |      2 |   120 |    +0.1% |  -24.307 |     -723.3 |    -3049.3 |    387 | dot_0/fifo_timer_r/mem\[9\]\[6\]$_DFFE_PP_/D
     614+ |       1 |     315 |       51 |      2 |   120 |    +0.1% |  -24.307 |     -723.3 |    -3049.3 |    387 | dot_0/fifo_timer_r/mem\[9\]\[6\]$_DFFE_PP_/D
     615+ |       1 |     315 |       51 |      2 |   120 |    +0.1% |  -24.307 |     -723.3 |    -3049.3 |    387 | dot_0/fifo_timer_r/mem\[9\]\[6\]$_DFFE_PP_/D
     616+ |       1 |     315 |       51 |      2 |   120 |    +0.1% |  -24.307 |     -723.3 |    -3049.3 |    387 | dot_0/fifo_timer_r/mem\[9\]\[6\]$_DFFE_PP_/D
     617+ |       1 |     315 |       51 |      2 |   120 |    +0.1% |  -24.307 |     -723.3 |    -3049.3 |    387 | dot_0/fifo_timer_r/mem\[9\]\[6\]$_DFFE_PP_/D
     618+ |       1 |     315 |       51 |      2 |   120 |    +0.1% |  -24.307 |     -723.3 |    -3049.3 |    387 | dot_0/fifo_timer_r/mem\[9\]\[6\]$_DFFE_PP_/D
     619+ |       1 |     315 |       51 |      2 |   120 |    +0.1% |  -24.307 |     -723.3 |    -3049.3 |    387 | dot_0/fifo_timer_r/mem\[9\]\[6\]$_DFFE_PP_/D
     620+ |       1 |     315 |       51 |      2 |   120 |    +0.1% |  -24.307 |     -723.3 |    -3049.3 |    387 | dot_0/fifo_timer_r/mem\[9\]\[6\]$_DFFE_PP_/D
     620+ |       1 |     315 |       51 |      2 |   120 |    +0.1% |  -24.307 |     -723.3 |    -3049.3 |    387 | dot_0/fifo_timer_r/mem\[9\]\[6\]$_DFFE_PP_/D
     621+ |       1 |     315 |       51 |      2 |   120 |    +0.1% |  -24.307 |     -723.3 |    -3049.3 |    387 | dot_0/fifo_timer_r/mem\[9\]\[6\]$_DFFE_PP_/D
     622+ |       1 |     315 |       51 |      2 |   120 |    +0.1% |  -24.307 |     -723.3 |    -3049.3 |    387 | dot_0/fifo_timer_r/mem\[9\]\[6\]$_DFFE_PP_/D
     623+ |       1 |     315 |       51 |      2 |   120 |    +0.1% |  -24.307 |     -723.3 |    -3049.3 |    387 | dot_0/fifo_timer_r/mem\[9\]\[6\]$_DFFE_PP_/D
     624+ |       1 |     315 |       51 |      2 |   120 |    +0.1% |  -24.307 |     -723.3 |    -3049.3 |    387 | dot_0/fifo_timer_r/mem\[9\]\[6\]$_DFFE_PP_/D
     625+ |       1 |     315 |       51 |      2 |   120 |    +0.1% |  -24.307 |     -723.3 |    -3049.3 |    387 | dot_0/fifo_timer_r/mem\[9\]\[6\]$_DFFE_PP_/D
     626+ |       1 |     315 |       51 |      2 |   120 |    +0.1% |  -24.307 |     -723.3 |    -3049.3 |    387 | dot_0/fifo_timer_r/mem\[9\]\[6\]$_DFFE_PP_/D
     627+ |       1 |     315 |       51 |      2 |   120 |    +0.1% |  -24.307 |     -723.3 |    -3049.3 |    387 | dot_0/fifo_timer_r/mem\[9\]\[6\]$_DFFE_PP_/D
     628+ |       1 |     315 |       51 |      2 |   120 |    +0.1% |  -24.307 |     -723.3 |    -3049.3 |    387 | dot_0/fifo_timer_r/mem\[9\]\[6\]$_DFFE_PP_/D
     629+ |       1 |     315 |       51 |      2 |   120 |    +0.1% |  -24.307 |     -723.3 |    -3049.3 |    387 | dot_0/fifo_timer_r/mem\[9\]\[6\]$_DFFE_PP_/D
     630+ |       1 |     315 |       51 |      2 |   120 |    +0.1% |  -24.307 |     -723.3 |    -3049.3 |    387 | dot_0/fifo_timer_r/mem\[9\]\[6\]$_DFFE_PP_/D
     630+ |       1 |     315 |       51 |      2 |   120 |    +0.1% |  -24.307 |     -723.3 |    -3049.3 |    387 | dot_0/fifo_timer_r/mem\[9\]\[6\]$_DFFE_PP_/D
     631+ |       1 |     315 |       51 |      2 |   120 |    +0.1% |  -24.307 |     -723.3 |    -3049.3 |    387 | dot_0/fifo_timer_r/mem\[9\]\[6\]$_DFFE_PP_/D
     632+ |       1 |     315 |       51 |      2 |   120 |    +0.1% |  -24.307 |     -723.3 |    -3049.3 |    387 | dot_0/fifo_timer_r/mem\[9\]\[6\]$_DFFE_PP_/D
     633+ |       1 |     315 |       51 |      2 |   120 |    +0.1% |  -24.307 |     -723.3 |    -3049.3 |    387 | dot_0/fifo_timer_r/mem\[9\]\[6\]$_DFFE_PP_/D
     634+ |       1 |     315 |       51 |      2 |   120 |    +0.1% |  -24.307 |     -723.3 |    -3049.3 |    387 | dot_0/fifo_timer_r/mem\[9\]\[6\]$_DFFE_PP_/D
     635+ |       1 |     315 |       51 |      2 |   120 |    +0.1% |  -24.307 |     -723.3 |    -3049.3 |    387 | dot_0/fifo_timer_r/mem\[9\]\[6\]$_DFFE_PP_/D
     636+ |       1 |     315 |       51 |      2 |   120 |    +0.1% |  -24.307 |     -723.3 |    -3049.3 |    387 | dot_0/fifo_timer_r/mem\[9\]\[6\]$_DFFE_PP_/D
     637+ |       1 |     315 |       51 |      2 |   120 |    +0.1% |  -24.307 |     -723.3 |    -3049.3 |    387 | dot_0/fifo_timer_r/mem\[9\]\[6\]$_DFFE_PP_/D
     638+ |       1 |     315 |       51 |      2 |   120 |    +0.1% |  -24.307 |     -723.3 |    -3049.3 |    387 | dot_0/fifo_timer_r/mem\[9\]\[6\]$_DFFE_PP_/D
     639+ |       1 |     315 |       51 |      2 |   120 |    +0.1% |  -24.307 |     -723.3 |    -3049.3 |    387 | dot_0/fifo_timer_r/mem\[9\]\[6\]$_DFFE_PP_/D
     640+ |       1 |     315 |       51 |      2 |   120 |    +0.1% |  -24.307 |     -723.3 |    -3049.3 |    387 | dot_0/fifo_timer_r/mem\[9\]\[6\]$_DFFE_PP_/D
     640+ |       1 |     315 |       51 |      2 |   120 |    +0.1% |  -24.307 |     -723.3 |    -3049.3 |    387 | dot_0/fifo_timer_r/mem\[9\]\[6\]$_DFFE_PP_/D
     641+ |       1 |     315 |       51 |      2 |   120 |    +0.1% |  -24.307 |     -723.3 |    -3049.3 |    387 | dot_0/fifo_timer_r/mem\[9\]\[6\]$_DFFE_PP_/D
     642+ |       1 |     315 |       51 |      2 |   120 |    +0.1% |  -24.307 |     -723.3 |    -3049.3 |    387 | dot_0/fifo_timer_r/mem\[9\]\[6\]$_DFFE_PP_/D
     643+ |       1 |     315 |       51 |      2 |   120 |    +0.1% |  -24.307 |     -723.3 |    -3049.3 |    387 | dot_0/fifo_timer_r/mem\[9\]\[6\]$_DFFE_PP_/D
     644+ |       1 |     315 |       51 |      2 |   120 |    +0.1% |  -24.307 |     -723.3 |    -3049.3 |    387 | dot_0/fifo_timer_r/mem\[9\]\[6\]$_DFFE_PP_/D
     645+ |       1 |     315 |       51 |      2 |   120 |    +0.1% |  -24.307 |     -723.3 |    -3049.3 |    387 | dot_0/fifo_timer_r/mem\[9\]\[6\]$_DFFE_PP_/D
     646+ |       1 |     315 |       51 |      2 |   120 |    +0.1% |  -24.307 |     -723.3 |    -3049.3 |    387 | dot_0/fifo_timer_r/mem\[9\]\[6\]$_DFFE_PP_/D
     647+ |       1 |     315 |       51 |      2 |   120 |    +0.1% |  -24.307 |     -723.3 |    -3049.3 |    387 | dot_0/fifo_timer_r/mem\[9\]\[6\]$_DFFE_PP_/D
     648+ |       1 |     315 |       51 |      2 |   120 |    +0.1% |  -24.307 |     -723.3 |    -3049.3 |    387 | dot_0/fifo_timer_r/mem\[9\]\[6\]$_DFFE_PP_/D
     649+ |       1 |     315 |       51 |      2 |   120 |    +0.1% |  -24.307 |     -723.3 |    -3049.3 |    387 | dot_0/fifo_timer_r/mem\[9\]\[6\]$_DFFE_PP_/D
     650+ |       1 |     315 |       51 |      2 |   120 |    +0.1% |  -24.307 |     -723.3 |    -3049.3 |    387 | dot_0/fifo_timer_r/mem\[9\]\[6\]$_DFFE_PP_/D
     650+ |       1 |     315 |       51 |      2 |   120 |    +0.1% |  -24.307 |     -723.3 |    -3049.3 |    387 | dot_0/fifo_timer_r/mem\[9\]\[6\]$_DFFE_PP_/D
     652+ |       1 |     316 |       51 |      2 |   120 |    +0.1% |  -24.307 |     -723.3 |    -3049.0 |    387 | dot_0/fifo_timer_r/mem\[9\]\[6\]$_DFFE_PP_/D
     653+ |       1 |     316 |       51 |      2 |   120 |    +0.1% |  -24.307 |     -723.3 |    -3049.0 |    387 | dot_0/fifo_timer_r/mem\[9\]\[6\]$_DFFE_PP_/D
     654+ |       1 |     316 |       51 |      2 |   120 |    +0.1% |  -24.307 |     -723.3 |    -3049.0 |    387 | dot_0/fifo_timer_r/mem\[9\]\[6\]$_DFFE_PP_/D
     655+ |       1 |     316 |       51 |      2 |   120 |    +0.1% |  -24.307 |     -723.3 |    -3049.0 |    387 | dot_0/fifo_timer_r/mem\[9\]\[6\]$_DFFE_PP_/D
     656+ |       1 |     316 |       51 |      2 |   120 |    +0.1% |  -24.307 |     -723.3 |    -3049.0 |    387 | dot_0/fifo_timer_r/mem\[9\]\[6\]$_DFFE_PP_/D
     657+ |       1 |     316 |       51 |      2 |   120 |    +0.1% |  -24.307 |     -723.3 |    -3049.0 |    387 | dot_0/fifo_timer_r/mem\[9\]\[6\]$_DFFE_PP_/D
     658+ |       1 |     316 |       51 |      2 |   120 |    +0.1% |  -24.307 |     -723.3 |    -3049.0 |    387 | dot_0/fifo_timer_r/mem\[9\]\[6\]$_DFFE_PP_/D
     659+ |       1 |     316 |       51 |      2 |   120 |    +0.1% |  -24.307 |     -723.3 |    -3049.0 |    387 | dot_0/fifo_timer_r/mem\[9\]\[6\]$_DFFE_PP_/D
     660+ |       1 |     316 |       51 |      2 |   120 |    +0.1% |  -24.307 |     -723.3 |    -3049.0 |    387 | dot_0/fifo_timer_r/mem\[9\]\[6\]$_DFFE_PP_/D
     660+ |       1 |     316 |       51 |      2 |   120 |    +0.1% |  -24.307 |     -723.3 |    -3049.0 |    387 | dot_0/fifo_timer_r/mem\[9\]\[6\]$_DFFE_PP_/D
     661+ |       1 |     316 |       51 |      2 |   120 |    +0.1% |  -24.307 |     -723.3 |    -3049.0 |    387 | dot_0/fifo_timer_r/mem\[9\]\[6\]$_DFFE_PP_/D
     662+ |       1 |     316 |       51 |      2 |   120 |    +0.1% |  -24.307 |     -723.3 |    -3049.0 |    387 | dot_0/fifo_timer_r/mem\[9\]\[6\]$_DFFE_PP_/D
     663+ |       1 |     316 |       51 |      2 |   120 |    +0.1% |  -24.307 |     -723.3 |    -3049.0 |    387 | dot_0/fifo_timer_r/mem\[9\]\[6\]$_DFFE_PP_/D
     664+ |       1 |     316 |       51 |      2 |   120 |    +0.1% |  -24.307 |     -723.3 |    -3049.0 |    387 | dot_0/fifo_timer_r/mem\[9\]\[6\]$_DFFE_PP_/D
     665+ |       1 |     316 |       51 |      2 |   120 |    +0.1% |  -24.307 |     -723.3 |    -3049.0 |    387 | dot_0/fifo_timer_r/mem\[9\]\[6\]$_DFFE_PP_/D
     666+ |       1 |     316 |       51 |      2 |   120 |    +0.1% |  -24.307 |     -723.3 |    -3049.0 |    387 | dot_0/fifo_timer_r/mem\[9\]\[6\]$_DFFE_PP_/D
     667+ |       1 |     316 |       51 |      2 |   120 |    +0.1% |  -24.307 |     -723.3 |    -3049.0 |    387 | dot_0/fifo_timer_r/mem\[9\]\[6\]$_DFFE_PP_/D
     670+ |       1 |     318 |       51 |      2 |   120 |    +0.1% |  -24.307 |     -722.4 |    -2984.0 |    387 | dot_0/fifo_timer_r/mem\[9\]\[6\]$_DFFE_PP_/D
     670+ |       1 |     319 |       51 |      2 |   120 |    +0.1% |  -24.307 |     -722.3 |    -2983.7 |    387 | dot_0/fifo_timer_r/mem\[9\]\[6\]$_DFFE_PP_/D
     671+ |       1 |     319 |       51 |      2 |   120 |    +0.1% |  -24.307 |     -722.3 |    -2983.7 |    387 | dot_0/fifo_timer_r/mem\[9\]\[6\]$_DFFE_PP_/D
     672+ |       1 |     319 |       51 |      2 |   120 |    +0.1% |  -24.307 |     -722.3 |    -2983.7 |    387 | dot_0/fifo_timer_r/mem\[9\]\[6\]$_DFFE_PP_/D
     673+ |       1 |     319 |       51 |      2 |   120 |    +0.1% |  -24.307 |     -722.3 |    -2983.7 |    387 | dot_0/fifo_timer_r/mem\[9\]\[6\]$_DFFE_PP_/D
     674+ |       1 |     319 |       51 |      2 |   120 |    +0.1% |  -24.307 |     -722.3 |    -2983.7 |    387 | dot_0/fifo_timer_r/mem\[9\]\[6\]$_DFFE_PP_/D
     675+ |       1 |     319 |       51 |      2 |   120 |    +0.1% |  -24.307 |     -722.3 |    -2983.7 |    387 | dot_0/fifo_timer_r/mem\[9\]\[6\]$_DFFE_PP_/D
     676+ |       1 |     319 |       51 |      2 |   120 |    +0.1% |  -24.307 |     -722.3 |    -2983.7 |    387 | dot_0/fifo_timer_r/mem\[9\]\[6\]$_DFFE_PP_/D
     677+ |       1 |     319 |       51 |      2 |   120 |    +0.1% |  -24.307 |     -722.3 |    -2983.7 |    387 | dot_0/fifo_timer_r/mem\[9\]\[6\]$_DFFE_PP_/D
     678+ |       1 |     319 |       51 |      2 |   120 |    +0.1% |  -24.307 |     -722.3 |    -2983.7 |    387 | dot_0/fifo_timer_r/mem\[9\]\[6\]$_DFFE_PP_/D
     679+ |       1 |     319 |       51 |      2 |   120 |    +0.1% |  -24.307 |     -722.3 |    -2983.7 |    387 | dot_0/fifo_timer_r/mem\[9\]\[6\]$_DFFE_PP_/D
     680+ |       1 |     319 |       51 |      2 |   120 |    +0.1% |  -24.307 |     -722.3 |    -2983.7 |    387 | dot_0/fifo_timer_r/mem\[9\]\[6\]$_DFFE_PP_/D
     680+ |       1 |     319 |       51 |      2 |   120 |    +0.1% |  -24.307 |     -722.3 |    -2983.7 |    387 | dot_0/fifo_timer_r/mem\[9\]\[6\]$_DFFE_PP_/D
     681+ |       1 |     319 |       51 |      2 |   120 |    +0.1% |  -24.307 |     -722.3 |    -2983.7 |    387 | dot_0/fifo_timer_r/mem\[9\]\[6\]$_DFFE_PP_/D
     682+ |       1 |     319 |       51 |      2 |   120 |    +0.1% |  -24.307 |     -722.3 |    -2983.7 |    387 | dot_0/fifo_timer_r/mem\[9\]\[6\]$_DFFE_PP_/D
     683+ |       1 |     319 |       51 |      2 |   120 |    +0.1% |  -24.307 |     -722.3 |    -2983.7 |    387 | dot_0/fifo_timer_r/mem\[9\]\[6\]$_DFFE_PP_/D
     684+ |       1 |     319 |       51 |      2 |   120 |    +0.1% |  -24.307 |     -722.3 |    -2983.7 |    387 | dot_0/fifo_timer_r/mem\[9\]\[6\]$_DFFE_PP_/D
     685+ |       1 |     319 |       51 |      2 |   120 |    +0.1% |  -24.307 |     -722.3 |    -2983.7 |    387 | dot_0/fifo_timer_r/mem\[9\]\[6\]$_DFFE_PP_/D
     686+ |       1 |     319 |       51 |      2 |   120 |    +0.1% |  -24.307 |     -722.3 |    -2983.7 |    387 | dot_0/fifo_timer_r/mem\[9\]\[6\]$_DFFE_PP_/D
     687+ |       1 |     319 |       51 |      2 |   120 |    +0.1% |  -24.307 |     -722.3 |    -2983.7 |    387 | dot_0/fifo_timer_r/mem\[9\]\[6\]$_DFFE_PP_/D
     688+ |       1 |     319 |       51 |      2 |   120 |    +0.1% |  -24.307 |     -722.3 |    -2983.7 |    387 | dot_0/fifo_timer_r/mem\[9\]\[6\]$_DFFE_PP_/D
     689+ |       1 |     319 |       51 |      2 |   120 |    +0.1% |  -24.307 |     -722.3 |    -2983.7 |    387 | dot_0/fifo_timer_r/mem\[9\]\[6\]$_DFFE_PP_/D
     690+ |       1 |     319 |       51 |      2 |   120 |    +0.1% |  -24.307 |     -722.3 |    -2983.7 |    387 | dot_0/fifo_timer_r/mem\[9\]\[6\]$_DFFE_PP_/D
     690+ |       1 |     319 |       51 |      2 |   120 |    +0.1% |  -24.307 |     -722.3 |    -2983.7 |    387 | dot_0/fifo_timer_r/mem\[9\]\[6\]$_DFFE_PP_/D
     691+ |       1 |     319 |       51 |      2 |   120 |    +0.1% |  -24.307 |     -722.3 |    -2983.7 |    387 | dot_0/fifo_timer_r/mem\[9\]\[6\]$_DFFE_PP_/D
     692+ |       1 |     319 |       51 |      2 |   120 |    +0.1% |  -24.307 |     -722.3 |    -2983.7 |    387 | dot_0/fifo_timer_r/mem\[9\]\[6\]$_DFFE_PP_/D
     693+ |       1 |     319 |       51 |      2 |   120 |    +0.1% |  -24.307 |     -722.3 |    -2983.7 |    387 | dot_0/fifo_timer_r/mem\[9\]\[6\]$_DFFE_PP_/D
     694+ |       1 |     319 |       51 |      2 |   120 |    +0.1% |  -24.307 |     -722.3 |    -2983.7 |    387 | dot_0/fifo_timer_r/mem\[9\]\[6\]$_DFFE_PP_/D
     695+ |       1 |     319 |       51 |      2 |   120 |    +0.1% |  -24.307 |     -722.3 |    -2983.7 |    387 | dot_0/fifo_timer_r/mem\[9\]\[6\]$_DFFE_PP_/D
     696+ |       1 |     319 |       51 |      2 |   120 |    +0.1% |  -24.307 |     -722.3 |    -2983.7 |    387 | dot_0/fifo_timer_r/mem\[9\]\[6\]$_DFFE_PP_/D
     697+ |       1 |     319 |       51 |      2 |   120 |    +0.1% |  -24.307 |     -722.3 |    -2983.7 |    387 | dot_0/fifo_timer_r/mem\[9\]\[6\]$_DFFE_PP_/D
     698+ |       1 |     319 |       51 |      2 |   120 |    +0.1% |  -24.307 |     -722.3 |    -2983.7 |    387 | dot_0/fifo_timer_r/mem\[9\]\[6\]$_DFFE_PP_/D
     699+ |       1 |     319 |       51 |      2 |   120 |    +0.1% |  -24.307 |     -722.3 |    -2983.7 |    387 | dot_0/fifo_timer_r/mem\[9\]\[6\]$_DFFE_PP_/D
     700+ |       1 |     319 |       51 |      2 |   120 |    +0.1% |  -24.307 |     -722.3 |    -2983.7 |    387 | dot_0/fifo_timer_r/mem\[9\]\[6\]$_DFFE_PP_/D
     700+ |       1 |     319 |       51 |      2 |   120 |    +0.1% |  -24.307 |     -722.3 |    -2983.7 |    387 | dot_0/fifo_timer_r/mem\[9\]\[6\]$_DFFE_PP_/D
     701+ |       1 |     319 |       51 |      2 |   120 |    +0.1% |  -24.307 |     -722.3 |    -2983.7 |    387 | dot_0/fifo_timer_r/mem\[9\]\[6\]$_DFFE_PP_/D
     702+ |       1 |     319 |       51 |      2 |   120 |    +0.1% |  -24.307 |     -722.3 |    -2983.7 |    387 | dot_0/fifo_timer_r/mem\[9\]\[6\]$_DFFE_PP_/D
     703+ |       1 |     319 |       51 |      2 |   120 |    +0.1% |  -24.307 |     -722.3 |    -2983.7 |    387 | dot_0/fifo_timer_r/mem\[9\]\[6\]$_DFFE_PP_/D
     704+ |       1 |     319 |       51 |      2 |   120 |    +0.1% |  -24.307 |     -722.3 |    -2983.7 |    387 | dot_0/fifo_timer_r/mem\[9\]\[6\]$_DFFE_PP_/D
     705+ |       1 |     319 |       51 |      2 |   120 |    +0.1% |  -24.307 |     -722.3 |    -2983.7 |    387 | dot_0/fifo_timer_r/mem\[9\]\[6\]$_DFFE_PP_/D
     706+ |       1 |     319 |       51 |      2 |   120 |    +0.1% |  -24.307 |     -722.3 |    -2983.7 |    387 | dot_0/fifo_timer_r/mem\[9\]\[6\]$_DFFE_PP_/D
     707+ |       1 |     319 |       51 |      2 |   120 |    +0.1% |  -24.307 |     -722.3 |    -2983.7 |    387 | dot_0/fifo_timer_r/mem\[9\]\[6\]$_DFFE_PP_/D
     708+ |       1 |     319 |       51 |      2 |   120 |    +0.1% |  -24.307 |     -722.3 |    -2983.7 |    387 | dot_0/fifo_timer_r/mem\[9\]\[6\]$_DFFE_PP_/D
     709+ |       1 |     319 |       51 |      2 |   120 |    +0.1% |  -24.307 |     -722.3 |    -2983.7 |    387 | dot_0/fifo_timer_r/mem\[9\]\[6\]$_DFFE_PP_/D
     710+ |       1 |     319 |       51 |      2 |   120 |    +0.1% |  -24.307 |     -722.3 |    -2983.7 |    387 | dot_0/fifo_timer_r/mem\[9\]\[6\]$_DFFE_PP_/D
     710+ |       1 |     319 |       51 |      2 |   120 |    +0.1% |  -24.307 |     -722.3 |    -2983.7 |    387 | dot_0/fifo_timer_r/mem\[9\]\[6\]$_DFFE_PP_/D
     711+ |       1 |     319 |       51 |      2 |   120 |    +0.1% |  -24.307 |     -722.3 |    -2983.7 |    387 | dot_0/fifo_timer_r/mem\[9\]\[6\]$_DFFE_PP_/D
     712+ |       1 |     319 |       51 |      2 |   120 |    +0.1% |  -24.307 |     -722.3 |    -2983.7 |    387 | dot_0/fifo_timer_r/mem\[9\]\[6\]$_DFFE_PP_/D
     713+ |       1 |     319 |       51 |      2 |   120 |    +0.1% |  -24.307 |     -722.3 |    -2983.7 |    387 | dot_0/fifo_timer_r/mem\[9\]\[6\]$_DFFE_PP_/D
     714+ |       1 |     319 |       51 |      2 |   120 |    +0.1% |  -24.307 |     -722.3 |    -2983.7 |    387 | dot_0/fifo_timer_r/mem\[9\]\[6\]$_DFFE_PP_/D
     715+ |       1 |     319 |       51 |      2 |   120 |    +0.1% |  -24.307 |     -722.3 |    -2983.7 |    387 | dot_0/fifo_timer_r/mem\[9\]\[6\]$_DFFE_PP_/D
     716+ |       1 |     319 |       51 |      2 |   120 |    +0.1% |  -24.307 |     -722.3 |    -2983.7 |    387 | dot_0/fifo_timer_r/mem\[9\]\[6\]$_DFFE_PP_/D
     717+ |       1 |     319 |       51 |      2 |   120 |    +0.1% |  -24.307 |     -722.3 |    -2983.7 |    387 | dot_0/fifo_timer_r/mem\[9\]\[6\]$_DFFE_PP_/D
     718+ |       1 |     319 |       51 |      2 |   120 |    +0.1% |  -24.307 |     -722.3 |    -2983.7 |    387 | dot_0/fifo_timer_r/mem\[9\]\[6\]$_DFFE_PP_/D
     719+ |       1 |     319 |       51 |      2 |   120 |    +0.1% |  -24.307 |     -722.3 |    -2983.7 |    387 | dot_0/fifo_timer_r/mem\[9\]\[6\]$_DFFE_PP_/D
     720+ |       1 |     319 |       51 |      2 |   120 |    +0.1% |  -24.307 |     -722.3 |    -2983.7 |    387 | dot_0/fifo_timer_r/mem\[9\]\[6\]$_DFFE_PP_/D
     720+ |       1 |     319 |       51 |      2 |   120 |    +0.1% |  -24.307 |     -722.3 |    -2983.7 |    387 | dot_0/fifo_timer_r/mem\[9\]\[6\]$_DFFE_PP_/D
     721+ |       1 |     319 |       51 |      2 |   120 |    +0.1% |  -24.307 |     -722.3 |    -2983.7 |    387 | dot_0/fifo_timer_r/mem\[9\]\[6\]$_DFFE_PP_/D
     722+ |       1 |     319 |       51 |      2 |   120 |    +0.1% |  -24.307 |     -722.3 |    -2983.7 |    387 | dot_0/fifo_timer_r/mem\[9\]\[6\]$_DFFE_PP_/D
     723+ |       1 |     319 |       51 |      2 |   120 |    +0.1% |  -24.307 |     -722.3 |    -2983.7 |    387 | dot_0/fifo_timer_r/mem\[9\]\[6\]$_DFFE_PP_/D
     724+ |       1 |     319 |       51 |      2 |   120 |    +0.1% |  -24.307 |     -722.3 |    -2983.7 |    387 | dot_0/fifo_timer_r/mem\[9\]\[6\]$_DFFE_PP_/D
     725+ |       1 |     319 |       51 |      2 |   120 |    +0.1% |  -24.307 |     -722.3 |    -2983.7 |    387 | dot_0/fifo_timer_r/mem\[9\]\[6\]$_DFFE_PP_/D
     726+ |       1 |     319 |       51 |      2 |   120 |    +0.1% |  -24.307 |     -722.3 |    -2983.7 |    387 | dot_0/fifo_timer_r/mem\[9\]\[6\]$_DFFE_PP_/D
     727+ |       1 |     319 |       51 |      2 |   120 |    +0.1% |  -24.307 |     -722.3 |    -2983.7 |    387 | dot_0/fifo_timer_r/mem\[9\]\[6\]$_DFFE_PP_/D
     728+ |       1 |     319 |       51 |      2 |   120 |    +0.1% |  -24.307 |     -722.3 |    -2983.7 |    387 | dot_0/fifo_timer_r/mem\[9\]\[6\]$_DFFE_PP_/D
     729+ |       1 |     319 |       51 |      2 |   120 |    +0.1% |  -24.307 |     -722.3 |    -2983.7 |    387 | dot_0/fifo_timer_r/mem\[9\]\[6\]$_DFFE_PP_/D
     730+ |       1 |     319 |       51 |      2 |   120 |    +0.1% |  -24.307 |     -722.3 |    -2983.7 |    387 | dot_0/fifo_timer_r/mem\[9\]\[6\]$_DFFE_PP_/D
     730+ |       1 |     319 |       51 |      2 |   120 |    +0.1% |  -24.307 |     -722.3 |    -2983.7 |    387 | dot_0/fifo_timer_r/mem\[9\]\[6\]$_DFFE_PP_/D
     731+ |       1 |     319 |       51 |      2 |   120 |    +0.1% |  -24.307 |     -722.3 |    -2983.7 |    387 | dot_0/fifo_timer_r/mem\[9\]\[6\]$_DFFE_PP_/D
     732+ |       1 |     319 |       51 |      2 |   120 |    +0.1% |  -24.307 |     -722.3 |    -2983.7 |    387 | dot_0/fifo_timer_r/mem\[9\]\[6\]$_DFFE_PP_/D
     733+ |       1 |     319 |       51 |      2 |   120 |    +0.1% |  -24.307 |     -722.3 |    -2983.7 |    387 | dot_0/fifo_timer_r/mem\[9\]\[6\]$_DFFE_PP_/D
     734+ |       1 |     319 |       51 |      2 |   120 |    +0.1% |  -24.307 |     -722.3 |    -2983.7 |    387 | dot_0/fifo_timer_r/mem\[9\]\[6\]$_DFFE_PP_/D
     735+ |       1 |     319 |       51 |      2 |   120 |    +0.1% |  -24.307 |     -722.3 |    -2983.7 |    387 | dot_0/fifo_timer_r/mem\[9\]\[6\]$_DFFE_PP_/D
     736+ |       1 |     319 |       51 |      2 |   120 |    +0.1% |  -24.307 |     -722.3 |    -2983.7 |    387 | dot_0/fifo_timer_r/mem\[9\]\[6\]$_DFFE_PP_/D
     740+ |       1 |     322 |       51 |      2 |   120 |    +0.1% |  -24.307 |     -720.9 |    -2983.1 |    387 | dot_0/fifo_timer_r/mem\[9\]\[6\]$_DFFE_PP_/D
     743+ |       1 |     325 |       51 |      2 |   120 |    +0.1% |  -24.307 |     -720.9 |    -2983.0 |    387 | dot_0/fifo_timer_r/mem\[9\]\[6\]$_DFFE_PP_/D
     744+ |       1 |     325 |       51 |      2 |   120 |    +0.1% |  -24.307 |     -720.9 |    -2983.0 |    387 | dot_0/fifo_timer_r/mem\[9\]\[6\]$_DFFE_PP_/D
     745+ |       1 |     325 |       51 |      2 |   120 |    +0.1% |  -24.307 |     -720.9 |    -2983.0 |    387 | dot_0/fifo_timer_r/mem\[9\]\[6\]$_DFFE_PP_/D
     746+ |       1 |     325 |       51 |      2 |   120 |    +0.1% |  -24.307 |     -720.9 |    -2983.0 |    387 | dot_0/fifo_timer_r/mem\[9\]\[6\]$_DFFE_PP_/D
     747+ |       1 |     325 |       51 |      2 |   120 |    +0.1% |  -24.307 |     -720.9 |    -2983.0 |    387 | dot_0/fifo_timer_r/mem\[9\]\[6\]$_DFFE_PP_/D
     748+ |       1 |     325 |       51 |      2 |   120 |    +0.1% |  -24.307 |     -720.9 |    -2983.0 |    387 | dot_0/fifo_timer_r/mem\[9\]\[6\]$_DFFE_PP_/D
     749+ |       1 |     325 |       51 |      2 |   120 |    +0.1% |  -24.307 |     -720.9 |    -2983.0 |    387 | dot_0/fifo_timer_r/mem\[9\]\[6\]$_DFFE_PP_/D
     750+ |       1 |     325 |       51 |      2 |   120 |    +0.1% |  -24.307 |     -720.9 |    -2983.0 |    387 | dot_0/fifo_timer_r/mem\[9\]\[6\]$_DFFE_PP_/D
     750+ |       1 |     325 |       51 |      2 |   120 |    +0.1% |  -24.307 |     -720.9 |    -2983.0 |    387 | dot_0/fifo_timer_r/mem\[9\]\[6\]$_DFFE_PP_/D
     751+ |       1 |     325 |       51 |      2 |   120 |    +0.1% |  -24.307 |     -720.9 |    -2983.0 |    387 | dot_0/fifo_timer_r/mem\[9\]\[6\]$_DFFE_PP_/D
     752+ |       1 |     325 |       51 |      2 |   120 |    +0.1% |  -24.307 |     -720.9 |    -2983.0 |    387 | dot_0/fifo_timer_r/mem\[9\]\[6\]$_DFFE_PP_/D
     753+ |       1 |     325 |       51 |      2 |   120 |    +0.1% |  -24.307 |     -720.9 |    -2983.0 |    387 | dot_0/fifo_timer_r/mem\[9\]\[6\]$_DFFE_PP_/D
     754+ |       1 |     325 |       51 |      2 |   120 |    +0.1% |  -24.307 |     -720.9 |    -2983.0 |    387 | dot_0/fifo_timer_r/mem\[9\]\[6\]$_DFFE_PP_/D
     755+ |       1 |     325 |       51 |      2 |   120 |    +0.1% |  -24.307 |     -720.9 |    -2983.0 |    387 | dot_0/fifo_timer_r/mem\[9\]\[6\]$_DFFE_PP_/D
     756+ |       1 |     325 |       51 |      2 |   120 |    +0.1% |  -24.307 |     -720.9 |    -2983.0 |    387 | dot_0/fifo_timer_r/mem\[9\]\[6\]$_DFFE_PP_/D
     757+ |       1 |     325 |       51 |      2 |   120 |    +0.1% |  -24.307 |     -720.9 |    -2983.0 |    387 | dot_0/fifo_timer_r/mem\[9\]\[6\]$_DFFE_PP_/D
     758+ |       1 |     325 |       51 |      2 |   120 |    +0.1% |  -24.307 |     -720.9 |    -2983.0 |    387 | dot_0/fifo_timer_r/mem\[9\]\[6\]$_DFFE_PP_/D
     759+ |       1 |     325 |       51 |      2 |   120 |    +0.1% |  -24.307 |     -720.9 |    -2983.0 |    387 | dot_0/fifo_timer_r/mem\[9\]\[6\]$_DFFE_PP_/D
     760+ |       1 |     325 |       51 |      2 |   120 |    +0.1% |  -24.307 |     -720.9 |    -2983.0 |    387 | dot_0/fifo_timer_r/mem\[9\]\[6\]$_DFFE_PP_/D
     760+ |       1 |     325 |       51 |      2 |   120 |    +0.1% |  -24.307 |     -720.9 |    -2983.0 |    387 | dot_0/fifo_timer_r/mem\[9\]\[6\]$_DFFE_PP_/D
     761+ |       1 |     325 |       51 |      2 |   120 |    +0.1% |  -24.307 |     -720.9 |    -2983.0 |    387 | dot_0/fifo_timer_r/mem\[9\]\[6\]$_DFFE_PP_/D
     762+ |       1 |     325 |       51 |      2 |   120 |    +0.1% |  -24.307 |     -720.9 |    -2983.0 |    387 | dot_0/fifo_timer_r/mem\[9\]\[6\]$_DFFE_PP_/D
     763+ |       1 |     325 |       51 |      2 |   120 |    +0.1% |  -24.307 |     -720.9 |    -2983.0 |    387 | dot_0/fifo_timer_r/mem\[9\]\[6\]$_DFFE_PP_/D
     764+ |       1 |     325 |       51 |      2 |   120 |    +0.1% |  -24.307 |     -720.9 |    -2983.0 |    387 | dot_0/fifo_timer_r/mem\[9\]\[6\]$_DFFE_PP_/D
     765+ |       1 |     325 |       51 |      2 |   120 |    +0.1% |  -24.307 |     -720.9 |    -2983.0 |    387 | dot_0/fifo_timer_r/mem\[9\]\[6\]$_DFFE_PP_/D
     766+ |       1 |     325 |       51 |      2 |   120 |    +0.1% |  -24.307 |     -720.9 |    -2983.0 |    387 | dot_0/fifo_timer_r/mem\[9\]\[6\]$_DFFE_PP_/D
     767+ |       1 |     325 |       51 |      2 |   120 |    +0.1% |  -24.307 |     -720.9 |    -2983.0 |    387 | dot_0/fifo_timer_r/mem\[9\]\[6\]$_DFFE_PP_/D
     768+ |       1 |     325 |       51 |      2 |   120 |    +0.1% |  -24.307 |     -720.9 |    -2983.0 |    387 | dot_0/fifo_timer_r/mem\[9\]\[6\]$_DFFE_PP_/D
     769+ |       1 |     325 |       51 |      2 |   120 |    +0.1% |  -24.307 |     -720.9 |    -2983.0 |    387 | dot_0/fifo_timer_r/mem\[9\]\[6\]$_DFFE_PP_/D
     770+ |       1 |     325 |       51 |      2 |   120 |    +0.1% |  -24.307 |     -720.9 |    -2983.0 |    387 | dot_0/fifo_timer_r/mem\[9\]\[6\]$_DFFE_PP_/D
     770+ |       1 |     325 |       51 |      2 |   120 |    +0.1% |  -24.307 |     -720.9 |    -2983.0 |    387 | dot_0/fifo_timer_r/mem\[9\]\[6\]$_DFFE_PP_/D
     771+ |       1 |     325 |       51 |      2 |   120 |    +0.1% |  -24.307 |     -720.9 |    -2983.0 |    387 | dot_0/fifo_timer_r/mem\[9\]\[6\]$_DFFE_PP_/D
     772+ |       1 |     325 |       51 |      2 |   120 |    +0.1% |  -24.307 |     -720.9 |    -2983.0 |    387 | dot_0/fifo_timer_r/mem\[9\]\[6\]$_DFFE_PP_/D
     773+ |       1 |     325 |       51 |      2 |   120 |    +0.1% |  -24.307 |     -720.9 |    -2983.0 |    387 | dot_0/fifo_timer_r/mem\[9\]\[6\]$_DFFE_PP_/D
     774+ |       1 |     325 |       51 |      2 |   120 |    +0.1% |  -24.307 |     -720.9 |    -2983.0 |    387 | dot_0/fifo_timer_r/mem\[9\]\[6\]$_DFFE_PP_/D
     775+ |       1 |     325 |       51 |      2 |   120 |    +0.1% |  -24.307 |     -720.9 |    -2983.0 |    387 | dot_0/fifo_timer_r/mem\[9\]\[6\]$_DFFE_PP_/D
     776+ |       1 |     325 |       51 |      2 |   120 |    +0.1% |  -24.307 |     -720.9 |    -2983.0 |    387 | dot_0/fifo_timer_r/mem\[9\]\[6\]$_DFFE_PP_/D
     777+ |       1 |     325 |       51 |      2 |   120 |    +0.1% |  -24.307 |     -720.9 |    -2983.0 |    387 | dot_0/fifo_timer_r/mem\[9\]\[6\]$_DFFE_PP_/D
     778+ |       1 |     325 |       51 |      2 |   120 |    +0.1% |  -24.307 |     -720.9 |    -2983.0 |    387 | dot_0/fifo_timer_r/mem\[9\]\[6\]$_DFFE_PP_/D
     779+ |       1 |     325 |       51 |      2 |   120 |    +0.1% |  -24.307 |     -720.9 |    -2983.0 |    387 | dot_0/fifo_timer_r/mem\[9\]\[6\]$_DFFE_PP_/D
     780+ |       1 |     325 |       51 |      2 |   120 |    +0.1% |  -24.307 |     -720.9 |    -2983.0 |    387 | dot_0/fifo_timer_r/mem\[9\]\[6\]$_DFFE_PP_/D
     780+ |       1 |     325 |       51 |      2 |   120 |    +0.1% |  -24.307 |     -720.9 |    -2983.0 |    387 | dot_0/fifo_timer_r/mem\[9\]\[6\]$_DFFE_PP_/D
     781+ |       1 |     325 |       51 |      2 |   120 |    +0.1% |  -24.307 |     -720.9 |    -2983.0 |    387 | dot_0/fifo_timer_r/mem\[9\]\[6\]$_DFFE_PP_/D
     782+ |       1 |     325 |       51 |      2 |   120 |    +0.1% |  -24.307 |     -720.9 |    -2983.0 |    387 | dot_0/fifo_timer_r/mem\[9\]\[6\]$_DFFE_PP_/D
     783+ |       1 |     325 |       51 |      2 |   120 |    +0.1% |  -24.307 |     -720.9 |    -2983.0 |    387 | dot_0/fifo_timer_r/mem\[9\]\[6\]$_DFFE_PP_/D
     784+ |       1 |     325 |       51 |      2 |   120 |    +0.1% |  -24.307 |     -720.9 |    -2983.0 |    387 | dot_0/fifo_timer_r/mem\[9\]\[6\]$_DFFE_PP_/D
     785+ |       1 |     325 |       51 |      2 |   120 |    +0.1% |  -24.307 |     -720.9 |    -2983.0 |    387 | dot_0/fifo_timer_r/mem\[9\]\[6\]$_DFFE_PP_/D
     786+ |       1 |     325 |       51 |      2 |   120 |    +0.1% |  -24.307 |     -720.9 |    -2983.0 |    387 | dot_0/fifo_timer_r/mem\[9\]\[6\]$_DFFE_PP_/D
     787+ |       1 |     325 |       51 |      2 |   120 |    +0.1% |  -24.307 |     -720.9 |    -2983.0 |    387 | dot_0/fifo_timer_r/mem\[9\]\[6\]$_DFFE_PP_/D
     788+ |       1 |     325 |       51 |      2 |   120 |    +0.1% |  -24.307 |     -720.9 |    -2983.0 |    387 | dot_0/fifo_timer_r/mem\[9\]\[6\]$_DFFE_PP_/D
     789+ |       1 |     325 |       51 |      2 |   120 |    +0.1% |  -24.307 |     -720.9 |    -2983.0 |    387 | dot_0/fifo_timer_r/mem\[9\]\[6\]$_DFFE_PP_/D
     790+ |       1 |     325 |       51 |      2 |   120 |    +0.1% |  -24.307 |     -720.9 |    -2983.0 |    387 | dot_0/fifo_timer_r/mem\[9\]\[6\]$_DFFE_PP_/D
     790+ |       1 |     325 |       51 |      2 |   120 |    +0.1% |  -24.307 |     -720.9 |    -2983.0 |    387 | dot_0/fifo_timer_r/mem\[9\]\[6\]$_DFFE_PP_/D
     791+ |       1 |     325 |       51 |      2 |   120 |    +0.1% |  -24.307 |     -720.9 |    -2983.0 |    387 | dot_0/fifo_timer_r/mem\[9\]\[6\]$_DFFE_PP_/D
     792+ |       1 |     325 |       51 |      2 |   120 |    +0.1% |  -24.307 |     -720.9 |    -2983.0 |    387 | dot_0/fifo_timer_r/mem\[9\]\[6\]$_DFFE_PP_/D
     793+ |       1 |     325 |       51 |      2 |   120 |    +0.1% |  -24.307 |     -720.9 |    -2983.0 |    387 | dot_0/fifo_timer_r/mem\[9\]\[6\]$_DFFE_PP_/D
     794+ |       1 |     325 |       51 |      2 |   120 |    +0.1% |  -24.307 |     -720.9 |    -2983.0 |    387 | dot_0/fifo_timer_r/mem\[9\]\[6\]$_DFFE_PP_/D
     795+ |       1 |     325 |       51 |      2 |   120 |    +0.1% |  -24.307 |     -720.9 |    -2983.0 |    387 | dot_0/fifo_timer_r/mem\[9\]\[6\]$_DFFE_PP_/D
     796+ |       1 |     325 |       51 |      2 |   120 |    +0.1% |  -24.307 |     -720.9 |    -2983.0 |    387 | dot_0/fifo_timer_r/mem\[9\]\[6\]$_DFFE_PP_/D
     797+ |       1 |     325 |       51 |      2 |   120 |    +0.1% |  -24.307 |     -720.9 |    -2983.0 |    387 | dot_0/fifo_timer_r/mem\[9\]\[6\]$_DFFE_PP_/D
     798+ |       1 |     325 |       51 |      2 |   120 |    +0.1% |  -24.307 |     -720.9 |    -2983.0 |    387 | dot_0/fifo_timer_r/mem\[9\]\[6\]$_DFFE_PP_/D
     799+ |       1 |     325 |       51 |      2 |   120 |    +0.1% |  -24.307 |     -720.9 |    -2983.0 |    387 | dot_0/fifo_timer_r/mem\[9\]\[6\]$_DFFE_PP_/D
     800+ |       1 |     325 |       51 |      2 |   120 |    +0.1% |  -24.307 |     -720.9 |    -2983.0 |    387 | dot_0/fifo_timer_r/mem\[9\]\[6\]$_DFFE_PP_/D
     800+ |       1 |     325 |       51 |      2 |   120 |    +0.1% |  -24.307 |     -720.9 |    -2983.0 |    387 | dot_0/fifo_timer_r/mem\[9\]\[6\]$_DFFE_PP_/D
     801+ |       1 |     325 |       51 |      2 |   120 |    +0.1% |  -24.307 |     -720.9 |    -2983.0 |    387 | dot_0/fifo_timer_r/mem\[9\]\[6\]$_DFFE_PP_/D
     802+ |       1 |     325 |       51 |      2 |   120 |    +0.1% |  -24.307 |     -720.9 |    -2983.0 |    387 | dot_0/fifo_timer_r/mem\[9\]\[6\]$_DFFE_PP_/D
     803+ |       1 |     325 |       51 |      2 |   120 |    +0.1% |  -24.307 |     -720.9 |    -2983.0 |    387 | dot_0/fifo_timer_r/mem\[9\]\[6\]$_DFFE_PP_/D
     804+ |       1 |     325 |       51 |      2 |   120 |    +0.1% |  -24.307 |     -720.9 |    -2983.0 |    387 | dot_0/fifo_timer_r/mem\[9\]\[6\]$_DFFE_PP_/D
     805+ |       1 |     325 |       51 |      2 |   120 |    +0.1% |  -24.307 |     -720.9 |    -2983.0 |    387 | dot_0/fifo_timer_r/mem\[9\]\[6\]$_DFFE_PP_/D
     806+ |       1 |     325 |       51 |      2 |   120 |    +0.1% |  -24.307 |     -720.9 |    -2983.0 |    387 | dot_0/fifo_timer_r/mem\[9\]\[6\]$_DFFE_PP_/D
     807+ |       1 |     325 |       51 |      2 |   120 |    +0.1% |  -24.307 |     -720.9 |    -2983.0 |    387 | dot_0/fifo_timer_r/mem\[9\]\[6\]$_DFFE_PP_/D
     808+ |       1 |     325 |       51 |      2 |   120 |    +0.1% |  -24.307 |     -720.9 |    -2983.0 |    387 | dot_0/fifo_timer_r/mem\[9\]\[6\]$_DFFE_PP_/D
     809+ |       1 |     325 |       51 |      2 |   120 |    +0.1% |  -24.307 |     -720.9 |    -2983.0 |    387 | dot_0/fifo_timer_r/mem\[9\]\[6\]$_DFFE_PP_/D
     810+ |       1 |     325 |       51 |      2 |   120 |    +0.1% |  -24.307 |     -720.9 |    -2983.0 |    387 | dot_0/fifo_timer_r/mem\[9\]\[6\]$_DFFE_PP_/D
     810+ |       1 |     325 |       51 |      2 |   120 |    +0.1% |  -24.307 |     -720.9 |    -2983.0 |    387 | dot_0/fifo_timer_r/mem\[9\]\[6\]$_DFFE_PP_/D
     811+ |       1 |     325 |       51 |      2 |   120 |    +0.1% |  -24.307 |     -720.9 |    -2983.0 |    387 | dot_0/fifo_timer_r/mem\[9\]\[6\]$_DFFE_PP_/D
     812+ |       1 |     325 |       51 |      2 |   120 |    +0.1% |  -24.307 |     -720.9 |    -2983.0 |    387 | dot_0/fifo_timer_r/mem\[9\]\[6\]$_DFFE_PP_/D
     813+ |       1 |     325 |       51 |      2 |   120 |    +0.1% |  -24.307 |     -720.9 |    -2983.0 |    387 | dot_0/fifo_timer_r/mem\[9\]\[6\]$_DFFE_PP_/D
     814+ |       1 |     325 |       51 |      2 |   120 |    +0.1% |  -24.307 |     -720.9 |    -2983.0 |    387 | dot_0/fifo_timer_r/mem\[9\]\[6\]$_DFFE_PP_/D
     815+ |       1 |     325 |       51 |      2 |   120 |    +0.1% |  -24.307 |     -720.9 |    -2983.0 |    387 | dot_0/fifo_timer_r/mem\[9\]\[6\]$_DFFE_PP_/D
     816+ |       1 |     325 |       51 |      2 |   120 |    +0.1% |  -24.307 |     -720.9 |    -2983.0 |    387 | dot_0/fifo_timer_r/mem\[9\]\[6\]$_DFFE_PP_/D
     817+ |       1 |     325 |       51 |      2 |   120 |    +0.1% |  -24.307 |     -720.9 |    -2983.0 |    387 | dot_0/fifo_timer_r/mem\[9\]\[6\]$_DFFE_PP_/D
     818+ |       1 |     325 |       51 |      2 |   120 |    +0.1% |  -24.307 |     -720.9 |    -2983.0 |    387 | dot_0/fifo_timer_r/mem\[9\]\[6\]$_DFFE_PP_/D
     819+ |       1 |     325 |       51 |      2 |   120 |    +0.1% |  -24.307 |     -720.9 |    -2983.0 |    387 | dot_0/fifo_timer_r/mem\[9\]\[6\]$_DFFE_PP_/D
     820+ |       1 |     325 |       51 |      2 |   120 |    +0.1% |  -24.307 |     -720.9 |    -2983.0 |    387 | dot_0/fifo_timer_r/mem\[9\]\[6\]$_DFFE_PP_/D
     822+ |       1 |     328 |       51 |      2 |   120 |    +0.1% |  -24.307 |     -720.5 |    -2982.8 |    387 | dot_0/fifo_timer_r/mem\[9\]\[6\]$_DFFE_PP_/D
     823+ |       1 |     328 |       51 |      2 |   120 |    +0.1% |  -24.307 |     -720.5 |    -2982.8 |    387 | dot_0/fifo_timer_r/mem\[9\]\[6\]$_DFFE_PP_/D
     824+ |       1 |     328 |       51 |      2 |   120 |    +0.1% |  -24.307 |     -720.5 |    -2982.8 |    387 | dot_0/fifo_timer_r/mem\[9\]\[6\]$_DFFE_PP_/D
     825+ |       1 |     328 |       51 |      2 |   120 |    +0.1% |  -24.307 |     -720.5 |    -2982.8 |    387 | dot_0/fifo_timer_r/mem\[9\]\[6\]$_DFFE_PP_/D
     826+ |       1 |     328 |       51 |      2 |   120 |    +0.1% |  -24.307 |     -720.5 |    -2982.8 |    387 | dot_0/fifo_timer_r/mem\[9\]\[6\]$_DFFE_PP_/D
     827+ |       1 |     328 |       51 |      2 |   120 |    +0.1% |  -24.307 |     -720.5 |    -2982.8 |    387 | dot_0/fifo_timer_r/mem\[9\]\[6\]$_DFFE_PP_/D
     828+ |       1 |     328 |       51 |      2 |   120 |    +0.1% |  -24.307 |     -720.5 |    -2982.8 |    387 | dot_0/fifo_timer_r/mem\[9\]\[6\]$_DFFE_PP_/D
     829+ |       1 |     328 |       51 |      2 |   120 |    +0.1% |  -24.307 |     -720.5 |    -2982.8 |    387 | dot_0/fifo_timer_r/mem\[9\]\[6\]$_DFFE_PP_/D
     830+ |       1 |     328 |       51 |      2 |   120 |    +0.1% |  -24.307 |     -720.5 |    -2982.8 |    387 | dot_0/fifo_timer_r/mem\[9\]\[6\]$_DFFE_PP_/D
     830+ |       1 |     328 |       51 |      2 |   120 |    +0.1% |  -24.307 |     -720.5 |    -2982.8 |    387 | dot_0/fifo_timer_r/mem\[9\]\[6\]$_DFFE_PP_/D
     831+ |       1 |     328 |       51 |      2 |   120 |    +0.1% |  -24.307 |     -720.5 |    -2982.8 |    387 | dot_0/fifo_timer_r/mem\[9\]\[6\]$_DFFE_PP_/D
     832+ |       1 |     328 |       51 |      2 |   120 |    +0.1% |  -24.307 |     -720.5 |    -2982.8 |    387 | dot_0/fifo_timer_r/mem\[9\]\[6\]$_DFFE_PP_/D
     833+ |       1 |     328 |       51 |      2 |   120 |    +0.1% |  -24.307 |     -720.5 |    -2982.8 |    387 | dot_0/fifo_timer_r/mem\[9\]\[6\]$_DFFE_PP_/D
     834+ |       1 |     328 |       51 |      2 |   120 |    +0.1% |  -24.307 |     -720.5 |    -2982.8 |    387 | dot_0/fifo_timer_r/mem\[9\]\[6\]$_DFFE_PP_/D
     835+ |       1 |     328 |       51 |      2 |   120 |    +0.1% |  -24.307 |     -720.5 |    -2982.8 |    387 | dot_0/fifo_timer_r/mem\[9\]\[6\]$_DFFE_PP_/D
     836+ |       1 |     328 |       51 |      2 |   120 |    +0.1% |  -24.307 |     -720.5 |    -2982.8 |    387 | dot_0/fifo_timer_r/mem\[9\]\[6\]$_DFFE_PP_/D
     837+ |       1 |     328 |       51 |      2 |   120 |    +0.1% |  -24.307 |     -720.5 |    -2982.8 |    387 | dot_0/fifo_timer_r/mem\[9\]\[6\]$_DFFE_PP_/D
     838+ |       1 |     328 |       51 |      2 |   120 |    +0.1% |  -24.307 |     -720.5 |    -2982.8 |    387 | dot_0/fifo_timer_r/mem\[9\]\[6\]$_DFFE_PP_/D
     839+ |       1 |     328 |       51 |      2 |   120 |    +0.1% |  -24.307 |     -720.5 |    -2982.8 |    387 | dot_0/fifo_timer_r/mem\[9\]\[6\]$_DFFE_PP_/D
     840+ |       1 |     328 |       51 |      2 |   120 |    +0.1% |  -24.307 |     -720.5 |    -2982.8 |    387 | dot_0/fifo_timer_r/mem\[9\]\[6\]$_DFFE_PP_/D
     840+ |       1 |     328 |       51 |      2 |   120 |    +0.1% |  -24.307 |     -720.5 |    -2982.8 |    387 | dot_0/fifo_timer_r/mem\[9\]\[6\]$_DFFE_PP_/D
     841+ |       1 |     328 |       51 |      2 |   120 |    +0.1% |  -24.307 |     -720.5 |    -2982.8 |    387 | dot_0/fifo_timer_r/mem\[9\]\[6\]$_DFFE_PP_/D
     842+ |       1 |     328 |       51 |      2 |   120 |    +0.1% |  -24.307 |     -720.5 |    -2982.8 |    387 | dot_0/fifo_timer_r/mem\[9\]\[6\]$_DFFE_PP_/D
     843+ |       1 |     328 |       51 |      2 |   120 |    +0.1% |  -24.307 |     -720.5 |    -2982.8 |    387 | dot_0/fifo_timer_r/mem\[9\]\[6\]$_DFFE_PP_/D
     844+ |       1 |     328 |       51 |      2 |   120 |    +0.1% |  -24.307 |     -720.5 |    -2982.8 |    387 | dot_0/fifo_timer_r/mem\[9\]\[6\]$_DFFE_PP_/D
     845+ |       1 |     328 |       51 |      2 |   120 |    +0.1% |  -24.307 |     -720.5 |    -2982.8 |    387 | dot_0/fifo_timer_r/mem\[9\]\[6\]$_DFFE_PP_/D
     846+ |       1 |     328 |       51 |      2 |   120 |    +0.1% |  -24.307 |     -720.5 |    -2982.8 |    387 | dot_0/fifo_timer_r/mem\[9\]\[6\]$_DFFE_PP_/D
     847+ |       1 |     328 |       51 |      2 |   120 |    +0.1% |  -24.307 |     -720.5 |    -2982.8 |    387 | dot_0/fifo_timer_r/mem\[9\]\[6\]$_DFFE_PP_/D
     848+ |       1 |     328 |       51 |      2 |   120 |    +0.1% |  -24.307 |     -720.5 |    -2982.8 |    387 | dot_0/fifo_timer_r/mem\[9\]\[6\]$_DFFE_PP_/D
     849+ |       1 |     328 |       51 |      2 |   120 |    +0.1% |  -24.307 |     -720.5 |    -2982.8 |    387 | dot_0/fifo_timer_r/mem\[9\]\[6\]$_DFFE_PP_/D
     850+ |       1 |     328 |       51 |      2 |   120 |    +0.1% |  -24.307 |     -720.5 |    -2982.8 |    387 | dot_0/fifo_timer_r/mem\[9\]\[6\]$_DFFE_PP_/D
     850+ |       1 |     328 |       51 |      2 |   120 |    +0.1% |  -24.307 |     -720.5 |    -2982.8 |    387 | dot_0/fifo_timer_r/mem\[9\]\[6\]$_DFFE_PP_/D
     851+ |       1 |     328 |       51 |      2 |   120 |    +0.1% |  -24.307 |     -720.5 |    -2982.8 |    387 | dot_0/fifo_timer_r/mem\[9\]\[6\]$_DFFE_PP_/D
     852+ |       1 |     328 |       51 |      2 |   120 |    +0.1% |  -24.307 |     -720.5 |    -2982.8 |    387 | dot_0/fifo_timer_r/mem\[9\]\[6\]$_DFFE_PP_/D
     853+ |       1 |     328 |       51 |      2 |   120 |    +0.1% |  -24.307 |     -720.5 |    -2982.8 |    387 | dot_0/fifo_timer_r/mem\[9\]\[6\]$_DFFE_PP_/D
     854+ |       1 |     328 |       51 |      2 |   120 |    +0.1% |  -24.307 |     -720.5 |    -2982.8 |    387 | dot_0/fifo_timer_r/mem\[9\]\[6\]$_DFFE_PP_/D
     855+ |       1 |     328 |       51 |      2 |   120 |    +0.1% |  -24.307 |     -720.5 |    -2982.8 |    387 | dot_0/fifo_timer_r/mem\[9\]\[6\]$_DFFE_PP_/D
     856+ |       1 |     328 |       51 |      2 |   120 |    +0.1% |  -24.307 |     -720.5 |    -2982.8 |    387 | dot_0/fifo_timer_r/mem\[9\]\[6\]$_DFFE_PP_/D
     857+ |       1 |     328 |       51 |      2 |   120 |    +0.1% |  -24.307 |     -720.5 |    -2982.8 |    387 | dot_0/fifo_timer_r/mem\[9\]\[6\]$_DFFE_PP_/D
     858+ |       1 |     328 |       51 |      2 |   120 |    +0.1% |  -24.307 |     -720.5 |    -2982.8 |    387 | dot_0/fifo_timer_r/mem\[9\]\[6\]$_DFFE_PP_/D
     859+ |       1 |     328 |       51 |      2 |   120 |    +0.1% |  -24.307 |     -720.5 |    -2982.8 |    387 | dot_0/fifo_timer_r/mem\[9\]\[6\]$_DFFE_PP_/D
     860+ |       1 |     328 |       51 |      2 |   120 |    +0.1% |  -24.307 |     -720.5 |    -2982.8 |    387 | dot_0/fifo_timer_r/mem\[9\]\[6\]$_DFFE_PP_/D
     860+ |       1 |     328 |       51 |      2 |   120 |    +0.1% |  -24.307 |     -720.5 |    -2982.8 |    387 | dot_0/fifo_timer_r/mem\[9\]\[6\]$_DFFE_PP_/D
     861+ |       1 |     328 |       51 |      2 |   120 |    +0.1% |  -24.307 |     -720.5 |    -2982.8 |    387 | dot_0/fifo_timer_r/mem\[9\]\[6\]$_DFFE_PP_/D
     862+ |       1 |     328 |       51 |      2 |   120 |    +0.1% |  -24.307 |     -720.5 |    -2982.8 |    387 | dot_0/fifo_timer_r/mem\[9\]\[6\]$_DFFE_PP_/D
     863+ |       1 |     328 |       51 |      2 |   120 |    +0.1% |  -24.307 |     -720.5 |    -2982.8 |    387 | dot_0/fifo_timer_r/mem\[9\]\[6\]$_DFFE_PP_/D
     864+ |       1 |     328 |       51 |      2 |   120 |    +0.1% |  -24.307 |     -720.5 |    -2982.8 |    387 | dot_0/fifo_timer_r/mem\[9\]\[6\]$_DFFE_PP_/D
     865+ |       1 |     328 |       51 |      2 |   120 |    +0.1% |  -24.307 |     -720.5 |    -2982.8 |    387 | dot_0/fifo_timer_r/mem\[9\]\[6\]$_DFFE_PP_/D
     866+ |       1 |     328 |       51 |      2 |   120 |    +0.1% |  -24.307 |     -720.5 |    -2982.8 |    387 | dot_0/fifo_timer_r/mem\[9\]\[6\]$_DFFE_PP_/D
     867+ |       1 |     328 |       51 |      2 |   120 |    +0.1% |  -24.307 |     -720.5 |    -2982.8 |    387 | dot_0/fifo_timer_r/mem\[9\]\[6\]$_DFFE_PP_/D
     868+ |       1 |     328 |       51 |      2 |   120 |    +0.1% |  -24.307 |     -720.5 |    -2982.8 |    387 | dot_0/fifo_timer_r/mem\[9\]\[6\]$_DFFE_PP_/D
     869+ |       1 |     328 |       51 |      2 |   120 |    +0.1% |  -24.307 |     -720.5 |    -2982.8 |    387 | dot_0/fifo_timer_r/mem\[9\]\[6\]$_DFFE_PP_/D
     870+ |       1 |     328 |       51 |      2 |   120 |    +0.1% |  -24.307 |     -720.5 |    -2982.8 |    387 | dot_0/fifo_timer_r/mem\[9\]\[6\]$_DFFE_PP_/D
     870+ |       1 |     328 |       51 |      2 |   120 |    +0.1% |  -24.307 |     -720.5 |    -2982.8 |    387 | dot_0/fifo_timer_r/mem\[9\]\[6\]$_DFFE_PP_/D
     871+ |       1 |     328 |       51 |      2 |   120 |    +0.1% |  -24.307 |     -720.5 |    -2982.8 |    387 | dot_0/fifo_timer_r/mem\[9\]\[6\]$_DFFE_PP_/D
     872+ |       1 |     328 |       51 |      2 |   120 |    +0.1% |  -24.307 |     -720.5 |    -2982.8 |    387 | dot_0/fifo_timer_r/mem\[9\]\[6\]$_DFFE_PP_/D
     873+ |       1 |     328 |       51 |      2 |   120 |    +0.1% |  -24.307 |     -720.5 |    -2982.8 |    387 | dot_0/fifo_timer_r/mem\[9\]\[6\]$_DFFE_PP_/D
     874+ |       1 |     328 |       51 |      2 |   120 |    +0.1% |  -24.307 |     -720.5 |    -2982.8 |    387 | dot_0/fifo_timer_r/mem\[9\]\[6\]$_DFFE_PP_/D
     875+ |       1 |     328 |       51 |      2 |   120 |    +0.1% |  -24.307 |     -720.5 |    -2982.8 |    387 | dot_0/fifo_timer_r/mem\[9\]\[6\]$_DFFE_PP_/D
     876+ |       1 |     328 |       51 |      2 |   120 |    +0.1% |  -24.307 |     -720.5 |    -2982.8 |    387 | dot_0/fifo_timer_r/mem\[9\]\[6\]$_DFFE_PP_/D
     877+ |       1 |     328 |       51 |      2 |   120 |    +0.1% |  -24.307 |     -720.5 |    -2982.8 |    387 | dot_0/fifo_timer_r/mem\[9\]\[6\]$_DFFE_PP_/D
     878+ |       1 |     328 |       51 |      2 |   120 |    +0.1% |  -24.307 |     -720.5 |    -2982.8 |    387 | dot_0/fifo_timer_r/mem\[9\]\[6\]$_DFFE_PP_/D
     879+ |       1 |     328 |       51 |      2 |   120 |    +0.1% |  -24.307 |     -720.5 |    -2982.8 |    387 | dot_0/fifo_timer_r/mem\[9\]\[6\]$_DFFE_PP_/D
     880+ |       1 |     328 |       51 |      2 |   120 |    +0.1% |  -24.307 |     -720.5 |    -2982.8 |    387 | dot_0/fifo_timer_r/mem\[9\]\[6\]$_DFFE_PP_/D
     880+ |       1 |     328 |       51 |      2 |   120 |    +0.1% |  -24.307 |     -720.5 |    -2982.8 |    387 | dot_0/fifo_timer_r/mem\[9\]\[6\]$_DFFE_PP_/D
     881+ |       1 |     328 |       51 |      2 |   120 |    +0.1% |  -24.307 |     -720.5 |    -2982.8 |    387 | dot_0/fifo_timer_r/mem\[9\]\[6\]$_DFFE_PP_/D
     882+ |       1 |     328 |       51 |      2 |   120 |    +0.1% |  -24.307 |     -720.5 |    -2982.8 |    387 | dot_0/fifo_timer_r/mem\[9\]\[6\]$_DFFE_PP_/D
     883+ |       1 |     328 |       51 |      2 |   120 |    +0.1% |  -24.307 |     -720.5 |    -2982.8 |    387 | dot_0/fifo_timer_r/mem\[9\]\[6\]$_DFFE_PP_/D
     884+ |       1 |     328 |       51 |      2 |   120 |    +0.1% |  -24.307 |     -720.5 |    -2982.8 |    387 | dot_0/fifo_timer_r/mem\[9\]\[6\]$_DFFE_PP_/D
     885+ |       1 |     328 |       51 |      2 |   120 |    +0.1% |  -24.307 |     -720.5 |    -2982.8 |    387 | dot_0/fifo_timer_r/mem\[9\]\[6\]$_DFFE_PP_/D
     886+ |       1 |     328 |       51 |      2 |   120 |    +0.1% |  -24.307 |     -720.5 |    -2982.8 |    387 | dot_0/fifo_timer_r/mem\[9\]\[6\]$_DFFE_PP_/D
     887+ |       1 |     328 |       51 |      2 |   120 |    +0.1% |  -24.307 |     -720.5 |    -2982.8 |    387 | dot_0/fifo_timer_r/mem\[9\]\[6\]$_DFFE_PP_/D
     888+ |       1 |     328 |       51 |      2 |   120 |    +0.1% |  -24.307 |     -720.5 |    -2982.8 |    387 | dot_0/fifo_timer_r/mem\[9\]\[6\]$_DFFE_PP_/D
     889+ |       1 |     328 |       51 |      2 |   120 |    +0.1% |  -24.307 |     -720.5 |    -2982.8 |    387 | dot_0/fifo_timer_r/mem\[9\]\[6\]$_DFFE_PP_/D
     890+ |       1 |     328 |       51 |      2 |   120 |    +0.1% |  -24.307 |     -720.5 |    -2982.8 |    387 | dot_0/fifo_timer_r/mem\[9\]\[6\]$_DFFE_PP_/D
     890+ |       1 |     328 |       51 |      2 |   120 |    +0.1% |  -24.307 |     -720.5 |    -2982.8 |    387 | dot_0/fifo_timer_r/mem\[9\]\[6\]$_DFFE_PP_/D
     891+ |       1 |     328 |       51 |      2 |   120 |    +0.1% |  -24.307 |     -720.5 |    -2982.8 |    387 | dot_0/fifo_timer_r/mem\[9\]\[6\]$_DFFE_PP_/D
     892+ |       1 |     328 |       51 |      2 |   120 |    +0.1% |  -24.307 |     -720.5 |    -2982.8 |    387 | dot_0/fifo_timer_r/mem\[9\]\[6\]$_DFFE_PP_/D
     893+ |       1 |     328 |       51 |      2 |   120 |    +0.1% |  -24.307 |     -720.5 |    -2982.8 |    387 | dot_0/fifo_timer_r/mem\[9\]\[6\]$_DFFE_PP_/D
     894+ |       1 |     328 |       51 |      2 |   120 |    +0.1% |  -24.307 |     -720.5 |    -2982.8 |    387 | dot_0/fifo_timer_r/mem\[9\]\[6\]$_DFFE_PP_/D
     895+ |       1 |     328 |       51 |      2 |   120 |    +0.1% |  -24.307 |     -720.5 |    -2982.8 |    387 | dot_0/fifo_timer_r/mem\[9\]\[6\]$_DFFE_PP_/D
     896+ |       1 |     328 |       51 |      2 |   120 |    +0.1% |  -24.307 |     -720.5 |    -2982.8 |    387 | dot_0/fifo_timer_r/mem\[9\]\[6\]$_DFFE_PP_/D
     897+ |       1 |     328 |       51 |      2 |   120 |    +0.1% |  -24.307 |     -720.5 |    -2982.8 |    387 | dot_0/fifo_timer_r/mem\[9\]\[6\]$_DFFE_PP_/D
     898+ |       1 |     328 |       51 |      2 |   120 |    +0.1% |  -24.307 |     -720.5 |    -2982.8 |    387 | dot_0/fifo_timer_r/mem\[9\]\[6\]$_DFFE_PP_/D
     899+ |       1 |     328 |       51 |      2 |   120 |    +0.1% |  -24.307 |     -720.5 |    -2982.8 |    387 | dot_0/fifo_timer_r/mem\[9\]\[6\]$_DFFE_PP_/D
     900+ |       1 |     328 |       51 |      2 |   120 |    +0.1% |  -24.307 |     -720.5 |    -2982.8 |    387 | dot_0/fifo_timer_r/mem\[9\]\[6\]$_DFFE_PP_/D
     900+ |       1 |     328 |       51 |      2 |   120 |    +0.1% |  -24.307 |     -720.5 |    -2982.8 |    387 | dot_0/fifo_timer_r/mem\[9\]\[6\]$_DFFE_PP_/D
     901+ |       1 |     328 |       51 |      2 |   120 |    +0.1% |  -24.307 |     -720.5 |    -2982.8 |    387 | dot_0/fifo_timer_r/mem\[9\]\[6\]$_DFFE_PP_/D
     902+ |       1 |     328 |       51 |      2 |   120 |    +0.1% |  -24.307 |     -720.5 |    -2982.8 |    387 | dot_0/fifo_timer_r/mem\[9\]\[6\]$_DFFE_PP_/D
     903+ |       1 |     328 |       51 |      2 |   120 |    +0.1% |  -24.307 |     -720.5 |    -2982.8 |    387 | dot_0/fifo_timer_r/mem\[9\]\[6\]$_DFFE_PP_/D
     904+ |       1 |     328 |       51 |      2 |   120 |    +0.1% |  -24.307 |     -720.5 |    -2982.8 |    387 | dot_0/fifo_timer_r/mem\[9\]\[6\]$_DFFE_PP_/D
     905+ |       1 |     328 |       51 |      2 |   120 |    +0.1% |  -24.307 |     -720.5 |    -2982.8 |    387 | dot_0/fifo_timer_r/mem\[9\]\[6\]$_DFFE_PP_/D
     906+ |       1 |     328 |       51 |      2 |   120 |    +0.1% |  -24.307 |     -720.5 |    -2982.8 |    387 | dot_0/fifo_timer_r/mem\[9\]\[6\]$_DFFE_PP_/D
     907+ |       1 |     328 |       51 |      2 |   120 |    +0.1% |  -24.307 |     -720.5 |    -2982.8 |    387 | dot_0/fifo_timer_r/mem\[9\]\[6\]$_DFFE_PP_/D
     908+ |       1 |     328 |       51 |      2 |   120 |    +0.1% |  -24.307 |     -720.5 |    -2982.8 |    387 | dot_0/fifo_timer_r/mem\[9\]\[6\]$_DFFE_PP_/D
     909+ |       1 |     328 |       51 |      2 |   120 |    +0.1% |  -24.307 |     -720.5 |    -2982.8 |    387 | dot_0/fifo_timer_r/mem\[9\]\[6\]$_DFFE_PP_/D
     910+ |       1 |     328 |       51 |      2 |   120 |    +0.1% |  -24.307 |     -720.5 |    -2982.8 |    387 | dot_0/fifo_timer_r/mem\[9\]\[6\]$_DFFE_PP_/D
     910+ |       1 |     328 |       51 |      2 |   120 |    +0.1% |  -24.307 |     -720.5 |    -2982.8 |    387 | dot_0/fifo_timer_r/mem\[9\]\[6\]$_DFFE_PP_/D
     911+ |       1 |     328 |       51 |      2 |   120 |    +0.1% |  -24.307 |     -720.5 |    -2982.8 |    387 | dot_0/fifo_timer_r/mem\[9\]\[6\]$_DFFE_PP_/D
     912+ |       1 |     328 |       51 |      2 |   120 |    +0.1% |  -24.307 |     -720.5 |    -2982.8 |    387 | dot_0/fifo_timer_r/mem\[9\]\[6\]$_DFFE_PP_/D
     913+ |       1 |     328 |       51 |      2 |   120 |    +0.1% |  -24.307 |     -720.5 |    -2982.8 |    387 | dot_0/fifo_timer_r/mem\[9\]\[6\]$_DFFE_PP_/D
     914+ |       1 |     328 |       51 |      2 |   120 |    +0.1% |  -24.307 |     -720.5 |    -2982.8 |    387 | dot_0/fifo_timer_r/mem\[9\]\[6\]$_DFFE_PP_/D
     915+ |       1 |     328 |       51 |      2 |   120 |    +0.1% |  -24.307 |     -720.5 |    -2982.8 |    387 | dot_0/fifo_timer_r/mem\[9\]\[6\]$_DFFE_PP_/D
     916+ |       1 |     328 |       51 |      2 |   120 |    +0.1% |  -24.307 |     -720.5 |    -2982.8 |    387 | dot_0/fifo_timer_r/mem\[9\]\[6\]$_DFFE_PP_/D
     917+ |       1 |     328 |       51 |      2 |   120 |    +0.1% |  -24.307 |     -720.5 |    -2982.8 |    387 | dot_0/fifo_timer_r/mem\[9\]\[6\]$_DFFE_PP_/D
     918+ |       1 |     328 |       51 |      2 |   120 |    +0.1% |  -24.307 |     -720.5 |    -2982.8 |    387 | dot_0/fifo_timer_r/mem\[9\]\[6\]$_DFFE_PP_/D
     919+ |       1 |     328 |       51 |      2 |   120 |    +0.1% |  -24.307 |     -720.5 |    -2982.8 |    387 | dot_0/fifo_timer_r/mem\[9\]\[6\]$_DFFE_PP_/D
     920+ |       1 |     328 |       51 |      2 |   120 |    +0.1% |  -24.307 |     -720.5 |    -2982.8 |    387 | dot_0/fifo_timer_r/mem\[9\]\[6\]$_DFFE_PP_/D
     920+ |       1 |     328 |       51 |      2 |   120 |    +0.1% |  -24.307 |     -720.5 |    -2982.8 |    387 | dot_0/fifo_timer_r/mem\[9\]\[6\]$_DFFE_PP_/D
     921+ |       1 |     328 |       51 |      2 |   120 |    +0.1% |  -24.307 |     -720.5 |    -2982.8 |    387 | dot_0/fifo_timer_r/mem\[9\]\[6\]$_DFFE_PP_/D
     922+ |       1 |     328 |       51 |      2 |   120 |    +0.1% |  -24.307 |     -720.5 |    -2982.8 |    387 | dot_0/fifo_timer_r/mem\[9\]\[6\]$_DFFE_PP_/D
     923+ |       1 |     328 |       51 |      2 |   120 |    +0.1% |  -24.307 |     -720.5 |    -2982.8 |    387 | dot_0/fifo_timer_r/mem\[9\]\[6\]$_DFFE_PP_/D
     924+ |       1 |     328 |       51 |      2 |   120 |    +0.1% |  -24.307 |     -720.5 |    -2982.8 |    387 | dot_0/fifo_timer_r/mem\[9\]\[6\]$_DFFE_PP_/D
     925+ |       1 |     328 |       51 |      2 |   120 |    +0.1% |  -24.307 |     -720.5 |    -2982.8 |    387 | dot_0/fifo_timer_r/mem\[9\]\[6\]$_DFFE_PP_/D
     926+ |       1 |     328 |       51 |      2 |   120 |    +0.1% |  -24.307 |     -720.5 |    -2982.8 |    387 | dot_0/fifo_timer_r/mem\[9\]\[6\]$_DFFE_PP_/D
     927+ |       1 |     328 |       51 |      2 |   120 |    +0.1% |  -24.307 |     -720.5 |    -2982.8 |    387 | dot_0/fifo_timer_r/mem\[9\]\[6\]$_DFFE_PP_/D
     928+ |       1 |     328 |       51 |      2 |   120 |    +0.1% |  -24.307 |     -720.5 |    -2982.8 |    387 | dot_0/fifo_timer_r/mem\[9\]\[6\]$_DFFE_PP_/D
     929+ |       1 |     328 |       51 |      2 |   120 |    +0.1% |  -24.307 |     -720.5 |    -2982.8 |    387 | dot_0/fifo_timer_r/mem\[9\]\[6\]$_DFFE_PP_/D
     930+ |       1 |     328 |       51 |      2 |   120 |    +0.1% |  -24.307 |     -720.5 |    -2982.8 |    387 | dot_0/fifo_timer_r/mem\[9\]\[6\]$_DFFE_PP_/D
     930+ |       1 |     328 |       51 |      2 |   120 |    +0.1% |  -24.307 |     -720.5 |    -2982.8 |    387 | dot_0/fifo_timer_r/mem\[9\]\[6\]$_DFFE_PP_/D
     931+ |       1 |     328 |       51 |      2 |   120 |    +0.1% |  -24.307 |     -720.5 |    -2982.8 |    387 | dot_0/fifo_timer_r/mem\[9\]\[6\]$_DFFE_PP_/D
     932+ |       1 |     328 |       51 |      2 |   120 |    +0.1% |  -24.307 |     -720.5 |    -2982.8 |    387 | dot_0/fifo_timer_r/mem\[9\]\[6\]$_DFFE_PP_/D
     933+ |       1 |     328 |       51 |      2 |   120 |    +0.1% |  -24.307 |     -720.5 |    -2982.8 |    387 | dot_0/fifo_timer_r/mem\[9\]\[6\]$_DFFE_PP_/D
     934+ |       1 |     328 |       51 |      2 |   120 |    +0.1% |  -24.307 |     -720.5 |    -2982.8 |    387 | dot_0/fifo_timer_r/mem\[9\]\[6\]$_DFFE_PP_/D
     935+ |       1 |     328 |       51 |      2 |   120 |    +0.1% |  -24.307 |     -720.5 |    -2982.8 |    387 | dot_0/fifo_timer_r/mem\[9\]\[6\]$_DFFE_PP_/D
     936+ |       1 |     328 |       51 |      2 |   120 |    +0.1% |  -24.307 |     -720.5 |    -2982.8 |    387 | dot_0/fifo_timer_r/mem\[9\]\[6\]$_DFFE_PP_/D
    final |       1 |     328 |       51 |      2 |   120 |    +0.1% |  -24.307 |     -720.5 |    -2982.8 |    129 | dot_0/fifo_timer_r/mem\[9\]\[6\]$_DFFE_PP_/D
------------------------------------------------------------------------------------------------------------------------------
[INFO RSZ-0059] Removed 1 buffers.
[INFO RSZ-0040] Inserted 51 buffers.
[INFO RSZ-0051] Resized 328 instances: 328 up, 0 up match, 0 down, 0 VT
[INFO RSZ-0043] Swapped pins on 120 instances.
[INFO RSZ-0049] Cloned 2 instances.
[WARNING RSZ-0062] Unable to repair all setup violations.
[INFO RSZ-0505] Runtime: 438.63s
[INFO RSZ-0046] Found 4440 endpoints with hold violations.
Iteration | Resized | Buffers | Cloned Gates |   Area   |   WNS   |   TNS   | Endpoint
--------------------------------------------------------------------------------------
        0 |       0 |       0 |            0 |    +0.0% |  -2.635 | -4783.754 | memory_axi_0/b_valid_reg$_SDFF_PP0_/D
       10 |       0 |      12 |            0 |    +0.0% |  -2.373 | -3394.263 | memory_axi_0/addr_reg[23]$_SDFFE_PP0P_/D
       20 |       0 |      28 |            0 |    +0.0% |  -2.322 | -3270.183 | memory_axi_0/addr_reg[23]$_SDFFE_PP0P_/D
       30 |       0 |      32 |            0 |    +0.0% |  -2.322 | -3269.834 | memory_axi_0/addr_reg[23]$_SDFFE_PP0P_/D
       40 |       1 |      41 |            0 |    +0.0% |  -2.322 | -3146.409 | memory_axi_0/addr_reg[23]$_SDFFE_PP0P_/D
       50 |       1 |      57 |            0 |    +0.0% |  -2.322 | -3076.369 | memory_axi_0/addr_reg[23]$_SDFFE_PP0P_/D
       60 |       1 |      68 |            0 |    +0.0% |  -2.322 | -3005.518 | memory_axi_0/addr_reg[23]$_SDFFE_PP0P_/D
       70 |       2 |      77 |            0 |    +0.0% |  -2.322 | -2888.804 | memory_axi_0/addr_reg[23]$_SDFFE_PP0P_/D
       80 |       2 |      85 |            0 |    +0.1% |  -2.322 | -2731.430 | memory_axi_0/addr_reg[23]$_SDFFE_PP0P_/D
       90 |       2 |      97 |            0 |    +0.1% |  -2.322 | -2576.673 | memory_axi_0/addr_reg[23]$_SDFFE_PP0P_/D
      100 |       2 |     101 |            0 |    +0.1% |  -2.322 | -2464.250 | memory_axi_0/addr_reg[23]$_SDFFE_PP0P_/D
      110 |       2 |     105 |            0 |    +0.1% |  -2.322 | -2352.641 | memory_axi_0/addr_reg[23]$_SDFFE_PP0P_/D
      120 |       2 |     110 |            0 |    +0.1% |  -2.322 | -2311.485 | memory_axi_0/addr_reg[23]$_SDFFE_PP0P_/D
      130 |       2 |     117 |            0 |    +0.1% |  -2.322 | -2195.838 | memory_axi_0/addr_reg[23]$_SDFFE_PP0P_/D
      140 |       2 |     122 |            0 |    +0.1% |  -2.322 | -2195.438 | memory_axi_0/addr_reg[23]$_SDFFE_PP0P_/D
      150 |       2 |     122 |            0 |    +0.1% |  -2.322 | -2195.438 | memory_axi_0/addr_reg[23]$_SDFFE_PP0P_/D
      160 |       2 |     124 |            0 |    +0.1% |  -2.322 | -2149.569 | memory_axi_0/addr_reg[23]$_SDFFE_PP0P_/D
      170 |       2 |     126 |            0 |    +0.1% |  -2.322 | -2149.393 | memory_axi_0/addr_reg[23]$_SDFFE_PP0P_/D
      180 |       2 |     134 |            0 |    +0.1% |  -2.322 | -2116.504 | memory_axi_0/addr_reg[23]$_SDFFE_PP0P_/D
      190 |       2 |     138 |            0 |    +0.1% |  -2.322 | -2005.486 | memory_axi_0/addr_reg[23]$_SDFFE_PP0P_/D
      200 |       2 |     142 |            0 |    +0.1% |  -2.322 | -2005.324 | memory_axi_0/addr_reg[23]$_SDFFE_PP0P_/D
      210 |       2 |     142 |            0 |    +0.1% |  -2.322 | -2005.324 | memory_axi_0/addr_reg[23]$_SDFFE_PP0P_/D
      220 |       2 |     142 |            0 |    +0.1% |  -2.322 | -2005.324 | memory_axi_0/addr_reg[23]$_SDFFE_PP0P_/D
      230 |       2 |     149 |            0 |    +0.1% |  -2.322 | -1901.134 | memory_axi_0/addr_reg[23]$_SDFFE_PP0P_/D
      240 |       2 |     152 |            0 |    +0.1% |  -2.322 | -1796.741 | memory_axi_0/addr_reg[23]$_SDFFE_PP0P_/D
      250 |       2 |     161 |            0 |    +0.1% |  -2.322 | -1694.979 | memory_axi_0/addr_reg[23]$_SDFFE_PP0P_/D
      260 |       2 |     166 |            0 |    +0.1% |  -2.322 | -1594.091 | memory_axi_0/addr_reg[23]$_SDFFE_PP0P_/D
      270 |       2 |     171 |            0 |    +0.1% |  -2.322 | -1420.121 | memory_axi_0/addr_reg[23]$_SDFFE_PP0P_/D
      280 |       2 |     174 |            0 |    +0.1% |  -2.322 | -1395.682 | memory_axi_0/addr_reg[23]$_SDFFE_PP0P_/D
      290 |       2 |     174 |            0 |    +0.1% |  -2.322 | -1395.682 | memory_axi_0/addr_reg[23]$_SDFFE_PP0P_/D
      300 |       2 |     174 |            0 |    +0.1% |  -2.322 | -1395.682 | memory_axi_0/addr_reg[23]$_SDFFE_PP0P_/D
      310 |       2 |     177 |            0 |    +0.1% |  -2.322 | -1294.932 | memory_axi_0/addr_reg[23]$_SDFFE_PP0P_/D
      320 |       2 |     179 |            0 |    +0.1% |  -2.322 | -1293.580 | memory_axi_0/addr_reg[23]$_SDFFE_PP0P_/D
      330 |       2 |     179 |            0 |    +0.1% |  -2.322 | -1293.580 | memory_axi_0/addr_reg[23]$_SDFFE_PP0P_/D
      340 |       2 |     179 |            0 |    +0.1% |  -2.322 | -1293.580 | memory_axi_0/addr_reg[23]$_SDFFE_PP0P_/D
      350 |       2 |     179 |            0 |    +0.1% |  -2.322 | -1293.580 | memory_axi_0/addr_reg[23]$_SDFFE_PP0P_/D
      360 |       2 |     185 |            0 |    +0.1% |  -2.322 | -1292.856 | memory_axi_0/addr_reg[23]$_SDFFE_PP0P_/D
      370 |       2 |     185 |            0 |    +0.1% |  -2.322 | -1292.856 | memory_axi_0/addr_reg[23]$_SDFFE_PP0P_/D
      380 |       2 |     187 |            0 |    +0.1% |  -2.322 | -1287.547 | memory_axi_0/addr_reg[23]$_SDFFE_PP0P_/D
      390 |       2 |     189 |            0 |    +0.1% |  -2.322 | -1287.479 | memory_axi_0/addr_reg[23]$_SDFFE_PP0P_/D
      400 |       2 |     189 |            0 |    +0.1% |  -2.322 | -1287.479 | memory_axi_0/addr_reg[23]$_SDFFE_PP0P_/D
      410 |       2 |     189 |            0 |    +0.1% |  -2.322 | -1287.479 | memory_axi_0/addr_reg[23]$_SDFFE_PP0P_/D
      420 |       2 |     189 |            0 |    +0.1% |  -2.322 | -1287.479 | memory_axi_0/addr_reg[23]$_SDFFE_PP0P_/D
      430 |       2 |     189 |            0 |    +0.1% |  -2.322 | -1287.479 | memory_axi_0/addr_reg[23]$_SDFFE_PP0P_/D
      440 |       2 |     189 |            0 |    +0.1% |  -2.322 | -1287.479 | memory_axi_0/addr_reg[23]$_SDFFE_PP0P_/D
      450 |       2 |     194 |            0 |    +0.1% |  -2.322 | -1201.580 | memory_axi_0/addr_reg[23]$_SDFFE_PP0P_/D
      460 |       2 |     195 |            0 |    +0.1% |  -2.322 | -1201.563 | memory_axi_0/addr_reg[23]$_SDFFE_PP0P_/D
      470 |       2 |     200 |            0 |    +0.1% |  -2.322 | -1185.177 | memory_axi_0/addr_reg[23]$_SDFFE_PP0P_/D
      480 |       2 |     200 |            0 |    +0.1% |  -2.322 | -1185.177 | memory_axi_0/addr_reg[23]$_SDFFE_PP0P_/D
      490 |       2 |     200 |            0 |    +0.1% |  -2.322 | -1185.177 | memory_axi_0/addr_reg[23]$_SDFFE_PP0P_/D
      500 |       2 |     200 |            0 |    +0.1% |  -2.322 | -1185.177 | memory_axi_0/addr_reg[23]$_SDFFE_PP0P_/D
      510 |       2 |     200 |            0 |    +0.1% |  -2.322 | -1185.177 | memory_axi_0/addr_reg[23]$_SDFFE_PP0P_/D
      520 |       2 |     200 |            0 |    +0.1% |  -2.322 | -1185.177 | memory_axi_0/addr_reg[23]$_SDFFE_PP0P_/D
      530 |       2 |     200 |            0 |    +0.1% |  -2.322 | -1185.177 | memory_axi_0/addr_reg[23]$_SDFFE_PP0P_/D
      540 |       2 |     204 |            0 |    +0.1% |  -2.322 | -1184.791 | memory_axi_0/addr_reg[23]$_SDFFE_PP0P_/D
      550 |       2 |     208 |            0 |    +0.1% |  -2.322 | -1101.956 | memory_axi_0/addr_reg[23]$_SDFFE_PP0P_/D
      560 |       2 |     210 |            0 |    +0.1% |  -2.322 | -1101.231 | memory_axi_0/addr_reg[23]$_SDFFE_PP0P_/D
      570 |       2 |     214 |            0 |    +0.1% |  -2.322 | -1018.756 | memory_axi_0/addr_reg[23]$_SDFFE_PP0P_/D
      580 |       2 |     218 |            0 |    +0.1% |  -2.322 | -930.873 | memory_axi_0/addr_reg[23]$_SDFFE_PP0P_/D
      590 |       2 |     221 |            0 |    +0.1% |  -2.322 | -836.419 | memory_axi_0/addr_reg[23]$_SDFFE_PP0P_/D
      600 |       2 |     221 |            0 |    +0.1% |  -2.322 | -836.419 | memory_axi_0/addr_reg[23]$_SDFFE_PP0P_/D
      610 |       2 |     221 |            0 |    +0.1% |  -2.322 | -836.419 | memory_axi_0/addr_reg[23]$_SDFFE_PP0P_/D
      620 |       2 |     225 |            0 |    +0.1% |  -2.322 | -755.975 | memory_axi_0/addr_reg[23]$_SDFFE_PP0P_/D
      630 |       2 |     225 |            0 |    +0.1% |  -2.322 | -755.975 | memory_axi_0/addr_reg[23]$_SDFFE_PP0P_/D
      640 |       2 |     225 |            0 |    +0.1% |  -2.322 | -755.975 | memory_axi_0/addr_reg[23]$_SDFFE_PP0P_/D
      650 |       2 |     225 |            0 |    +0.1% |  -2.322 | -755.975 | memory_axi_0/addr_reg[23]$_SDFFE_PP0P_/D
      660 |       2 |     225 |            0 |    +0.1% |  -2.322 | -755.975 | memory_axi_0/addr_reg[23]$_SDFFE_PP0P_/D
      670 |       2 |     225 |            0 |    +0.1% |  -2.322 | -755.975 | memory_axi_0/addr_reg[23]$_SDFFE_PP0P_/D
      680 |       2 |     225 |            0 |    +0.1% |  -2.322 | -755.975 | memory_axi_0/addr_reg[23]$_SDFFE_PP0P_/D
      690 |       2 |     225 |            0 |    +0.1% |  -2.322 | -755.975 | memory_axi_0/addr_reg[23]$_SDFFE_PP0P_/D
      700 |       2 |     225 |            0 |    +0.1% |  -2.322 | -755.975 | memory_axi_0/addr_reg[23]$_SDFFE_PP0P_/D
      710 |       2 |     225 |            0 |    +0.1% |  -2.322 | -755.975 | memory_axi_0/addr_reg[23]$_SDFFE_PP0P_/D
      720 |       2 |     225 |            0 |    +0.1% |  -2.322 | -755.975 | memory_axi_0/addr_reg[23]$_SDFFE_PP0P_/D
      730 |       2 |     225 |            0 |    +0.1% |  -2.322 | -755.975 | memory_axi_0/addr_reg[23]$_SDFFE_PP0P_/D
      740 |       2 |     225 |            0 |    +0.1% |  -2.322 | -755.975 | memory_axi_0/addr_reg[23]$_SDFFE_PP0P_/D
      750 |       2 |     225 |            0 |    +0.1% |  -2.322 | -755.975 | memory_axi_0/addr_reg[23]$_SDFFE_PP0P_/D
      760 |       2 |     225 |            0 |    +0.1% |  -2.322 | -755.975 | memory_axi_0/addr_reg[23]$_SDFFE_PP0P_/D
      770 |       2 |     225 |            0 |    +0.1% |  -2.322 | -755.975 | memory_axi_0/addr_reg[23]$_SDFFE_PP0P_/D
      780 |       2 |     225 |            0 |    +0.1% |  -2.322 | -755.975 | memory_axi_0/addr_reg[23]$_SDFFE_PP0P_/D
      790 |       2 |     225 |            0 |    +0.1% |  -2.322 | -755.975 | memory_axi_0/addr_reg[23]$_SDFFE_PP0P_/D
      800 |       2 |     225 |            0 |    +0.1% |  -2.322 | -755.975 | memory_axi_0/addr_reg[23]$_SDFFE_PP0P_/D
      810 |       2 |     225 |            0 |    +0.1% |  -2.322 | -755.975 | memory_axi_0/addr_reg[23]$_SDFFE_PP0P_/D
      820 |       2 |     225 |            0 |    +0.1% |  -2.322 | -755.975 | memory_axi_0/addr_reg[23]$_SDFFE_PP0P_/D
      830 |       2 |     225 |            0 |    +0.1% |  -2.322 | -755.975 | memory_axi_0/addr_reg[23]$_SDFFE_PP0P_/D
      840 |       2 |     225 |            0 |    +0.1% |  -2.322 | -755.975 | memory_axi_0/addr_reg[23]$_SDFFE_PP0P_/D
      850 |       2 |     225 |            0 |    +0.1% |  -2.322 | -755.975 | memory_axi_0/addr_reg[23]$_SDFFE_PP0P_/D
      860 |       2 |     225 |            0 |    +0.1% |  -2.322 | -755.975 | memory_axi_0/addr_reg[23]$_SDFFE_PP0P_/D
      870 |       2 |     225 |            0 |    +0.1% |  -2.322 | -755.975 | memory_axi_0/addr_reg[23]$_SDFFE_PP0P_/D
      880 |       2 |     225 |            0 |    +0.1% |  -2.322 | -755.975 | memory_axi_0/addr_reg[23]$_SDFFE_PP0P_/D
      890 |       2 |     225 |            0 |    +0.1% |  -2.322 | -755.975 | memory_axi_0/addr_reg[23]$_SDFFE_PP0P_/D
      900 |       2 |     225 |            0 |    +0.1% |  -2.322 | -755.975 | memory_axi_0/addr_reg[23]$_SDFFE_PP0P_/D
      910 |       2 |     225 |            0 |    +0.1% |  -2.322 | -755.975 | memory_axi_0/addr_reg[23]$_SDFFE_PP0P_/D
      920 |       2 |     225 |            0 |    +0.1% |  -2.322 | -755.975 | memory_axi_0/addr_reg[23]$_SDFFE_PP0P_/D
      930 |       2 |     225 |            0 |    +0.1% |  -2.322 | -755.975 | memory_axi_0/addr_reg[23]$_SDFFE_PP0P_/D
      940 |       2 |     225 |            0 |    +0.1% |  -2.322 | -755.975 | memory_axi_0/addr_reg[23]$_SDFFE_PP0P_/D
      950 |       2 |     225 |            0 |    +0.1% |  -2.322 | -755.975 | memory_axi_0/addr_reg[23]$_SDFFE_PP0P_/D
      960 |       2 |     225 |            0 |    +0.1% |  -2.322 | -755.975 | memory_axi_0/addr_reg[23]$_SDFFE_PP0P_/D
      970 |       2 |     225 |            0 |    +0.1% |  -2.322 | -755.975 | memory_axi_0/addr_reg[23]$_SDFFE_PP0P_/D
      980 |       2 |     225 |            0 |    +0.1% |  -2.322 | -755.975 | memory_axi_0/addr_reg[23]$_SDFFE_PP0P_/D
      990 |       2 |     225 |            0 |    +0.1% |  -2.322 | -755.975 | memory_axi_0/addr_reg[23]$_SDFFE_PP0P_/D
     1000 |       2 |     225 |            0 |    +0.1% |  -2.322 | -755.975 | memory_axi_0/addr_reg[23]$_SDFFE_PP0P_/D
     1010 |       2 |     225 |            0 |    +0.1% |  -2.322 | -755.975 | memory_axi_0/addr_reg[23]$_SDFFE_PP0P_/D
     1020 |       2 |     225 |            0 |    +0.1% |  -2.322 | -755.975 | memory_axi_0/addr_reg[23]$_SDFFE_PP0P_/D
     1030 |       2 |     225 |            0 |    +0.1% |  -2.322 | -755.975 | memory_axi_0/addr_reg[23]$_SDFFE_PP0P_/D
     1040 |       2 |     225 |            0 |    +0.1% |  -2.322 | -755.975 | memory_axi_0/addr_reg[23]$_SDFFE_PP0P_/D
     1050 |       2 |     228 |            0 |    +0.1% |  -2.322 | -677.747 | memory_axi_0/addr_reg[23]$_SDFFE_PP0P_/D
     1060 |       2 |     229 |            0 |    +0.1% |  -2.322 | -676.834 | memory_axi_0/addr_reg[23]$_SDFFE_PP0P_/D
     1070 |       2 |     229 |            0 |    +0.1% |  -2.322 | -676.834 | memory_axi_0/addr_reg[23]$_SDFFE_PP0P_/D
     1080 |       2 |     229 |            0 |    +0.1% |  -2.322 | -676.834 | memory_axi_0/addr_reg[23]$_SDFFE_PP0P_/D
     1090 |       2 |     229 |            0 |    +0.1% |  -2.322 | -676.834 | memory_axi_0/addr_reg[23]$_SDFFE_PP0P_/D
     1100 |       2 |     229 |            0 |    +0.1% |  -2.322 | -676.834 | memory_axi_0/addr_reg[23]$_SDFFE_PP0P_/D
     1110 |       2 |     229 |            0 |    +0.1% |  -2.322 | -676.834 | memory_axi_0/addr_reg[23]$_SDFFE_PP0P_/D
     1120 |       2 |     229 |            0 |    +0.1% |  -2.322 | -676.834 | memory_axi_0/addr_reg[23]$_SDFFE_PP0P_/D
     1130 |       2 |     229 |            0 |    +0.1% |  -2.322 | -676.834 | memory_axi_0/addr_reg[23]$_SDFFE_PP0P_/D
     1140 |       2 |     229 |            0 |    +0.1% |  -2.322 | -676.834 | memory_axi_0/addr_reg[23]$_SDFFE_PP0P_/D
     1150 |       2 |     229 |            0 |    +0.1% |  -2.322 | -676.834 | memory_axi_0/addr_reg[23]$_SDFFE_PP0P_/D
     1160 |       2 |     229 |            0 |    +0.1% |  -2.322 | -676.834 | memory_axi_0/addr_reg[23]$_SDFFE_PP0P_/D
     1170 |       2 |     229 |            0 |    +0.1% |  -2.322 | -676.834 | memory_axi_0/addr_reg[23]$_SDFFE_PP0P_/D
     1180 |       2 |     229 |            0 |    +0.1% |  -2.322 | -676.834 | memory_axi_0/addr_reg[23]$_SDFFE_PP0P_/D
     1190 |       2 |     229 |            0 |    +0.1% |  -2.322 | -676.834 | memory_axi_0/addr_reg[23]$_SDFFE_PP0P_/D
     1200 |       2 |     233 |            0 |    +0.1% |  -2.322 | -600.761 | memory_axi_0/addr_reg[23]$_SDFFE_PP0P_/D
     1210 |       2 |     233 |            0 |    +0.1% |  -2.322 | -600.761 | memory_axi_0/addr_reg[23]$_SDFFE_PP0P_/D
     1220 |       2 |     233 |            0 |    +0.1% |  -2.322 | -600.761 | memory_axi_0/addr_reg[23]$_SDFFE_PP0P_/D
     1230 |       2 |     233 |            0 |    +0.1% |  -2.322 | -600.761 | memory_axi_0/addr_reg[23]$_SDFFE_PP0P_/D
     1240 |       2 |     233 |            0 |    +0.1% |  -2.322 | -600.761 | memory_axi_0/addr_reg[23]$_SDFFE_PP0P_/D
     1250 |       2 |     233 |            0 |    +0.1% |  -2.322 | -600.761 | memory_axi_0/addr_reg[23]$_SDFFE_PP0P_/D
     1260 |       2 |     233 |            0 |    +0.1% |  -2.322 | -600.761 | memory_axi_0/addr_reg[23]$_SDFFE_PP0P_/D
     1270 |       2 |     233 |            0 |    +0.1% |  -2.322 | -600.761 | memory_axi_0/addr_reg[23]$_SDFFE_PP0P_/D
     1280 |       2 |     233 |            0 |    +0.1% |  -2.322 | -600.761 | memory_axi_0/addr_reg[23]$_SDFFE_PP0P_/D
     1290 |       2 |     233 |            0 |    +0.1% |  -2.322 | -600.761 | memory_axi_0/addr_reg[23]$_SDFFE_PP0P_/D
     1300 |       2 |     233 |            0 |    +0.1% |  -2.322 | -600.761 | memory_axi_0/addr_reg[23]$_SDFFE_PP0P_/D
     1310 |       2 |     233 |            0 |    +0.1% |  -2.322 | -600.761 | memory_axi_0/addr_reg[23]$_SDFFE_PP0P_/D
     1320 |       2 |     233 |            0 |    +0.1% |  -2.322 | -600.761 | memory_axi_0/addr_reg[23]$_SDFFE_PP0P_/D
     1330 |       2 |     236 |            0 |    +0.1% |  -2.322 | -596.967 | memory_axi_0/addr_reg[23]$_SDFFE_PP0P_/D
     1340 |       2 |     240 |            0 |    +0.1% |  -2.322 | -593.092 | memory_axi_0/addr_reg[23]$_SDFFE_PP0P_/D
     1350 |       2 |     257 |            0 |    +0.1% |  -2.322 | -577.853 | memory_axi_0/addr_reg[23]$_SDFFE_PP0P_/D
     1360 |       2 |     264 |            0 |    +0.2% |  -2.322 | -572.163 | memory_axi_0/addr_reg[23]$_SDFFE_PP0P_/D
     1370 |       2 |     267 |            0 |    +0.2% |  -2.322 | -568.165 | memory_axi_0/addr_reg[23]$_SDFFE_PP0P_/D
     1380 |       2 |     270 |            0 |    +0.2% |  -2.322 | -564.346 | memory_axi_0/addr_reg[23]$_SDFFE_PP0P_/D
     1390 |       2 |     282 |            0 |    +0.2% |  -2.322 | -558.874 | memory_axi_0/addr_reg[23]$_SDFFE_PP0P_/D
     1400 |       2 |     289 |            0 |    +0.2% |  -2.322 | -554.862 | memory_axi_0/addr_reg[23]$_SDFFE_PP0P_/D
     1410 |       2 |     294 |            0 |    +0.2% |  -2.322 | -550.771 | memory_axi_0/addr_reg[23]$_SDFFE_PP0P_/D
     1420 |       2 |     302 |            0 |    +0.2% |  -2.322 | -545.076 | memory_axi_0/addr_reg[23]$_SDFFE_PP0P_/D
     1430 |       2 |     307 |            0 |    +0.2% |  -2.322 | -543.482 | memory_axi_0/addr_reg[23]$_SDFFE_PP0P_/D
     1440 |       2 |     307 |            0 |    +0.2% |  -2.322 | -543.482 | memory_axi_0/addr_reg[23]$_SDFFE_PP0P_/D
     1450 |       2 |     314 |            0 |    +0.2% |  -2.322 | -538.198 | memory_axi_0/addr_reg[23]$_SDFFE_PP0P_/D
     1460 |       2 |     324 |            0 |    +0.2% |  -2.322 | -459.120 | memory_axi_0/addr_reg[23]$_SDFFE_PP0P_/D
     1470 |       2 |     326 |            0 |    +0.2% |  -2.322 | -456.061 | memory_axi_0/addr_reg[23]$_SDFFE_PP0P_/D
     1480 |       2 |     330 |            0 |    +0.2% |  -2.322 | -449.902 | memory_axi_0/addr_reg[23]$_SDFFE_PP0P_/D
     1490 |       2 |     336 |            0 |    +0.2% |  -2.322 | -442.325 | memory_axi_0/addr_reg[23]$_SDFFE_PP0P_/D
     1500 |       2 |     348 |            0 |    +0.2% |  -2.322 | -427.195 | memory_axi_0/addr_reg[23]$_SDFFE_PP0P_/D
     1510 |       2 |     359 |            0 |    +0.2% |  -2.322 | -413.842 | memory_axi_0/addr_reg[23]$_SDFFE_PP0P_/D
     1520 |       2 |     361 |            0 |    +0.2% |  -2.322 | -410.762 | memory_axi_0/addr_reg[23]$_SDFFE_PP0P_/D
     1530 |       2 |     361 |            0 |    +0.2% |  -2.322 | -410.762 | memory_axi_0/addr_reg[23]$_SDFFE_PP0P_/D
     1540 |       2 |     366 |            0 |    +0.2% |  -2.322 | -403.856 | memory_axi_0/addr_reg[23]$_SDFFE_PP0P_/D
     1550 |       2 |     376 |            0 |    +0.2% |  -2.322 | -327.181 | memory_axi_0/addr_reg[23]$_SDFFE_PP0P_/D
     1560 |       2 |     379 |            0 |    +0.2% |  -2.322 | -323.398 | memory_axi_0/addr_reg[23]$_SDFFE_PP0P_/D
     1570 |       2 |     379 |            0 |    +0.2% |  -2.322 | -323.398 | memory_axi_0/addr_reg[23]$_SDFFE_PP0P_/D
     1580 |       2 |     392 |            0 |    +0.2% |  -2.322 | -306.577 | memory_axi_0/addr_reg[23]$_SDFFE_PP0P_/D
     1590 |       2 |     406 |            0 |    +0.2% |  -2.322 | -291.338 | memory_axi_0/addr_reg[23]$_SDFFE_PP0P_/D
     1600 |       2 |     412 |            0 |    +0.2% |  -2.322 | -283.501 | memory_axi_0/addr_reg[23]$_SDFFE_PP0P_/D
     1610 |       2 |     417 |            0 |    +0.2% |  -2.322 | -274.930 | memory_axi_0/addr_reg[23]$_SDFFE_PP0P_/D
     1620 |       2 |     429 |            0 |    +0.2% |  -2.322 | -260.621 | memory_axi_0/addr_reg[23]$_SDFFE_PP0P_/D
     1630 |       2 |     436 |            0 |    +0.3% |  -2.322 | -255.563 | memory_axi_0/addr_reg[23]$_SDFFE_PP0P_/D
     1640 |       2 |     436 |            0 |    +0.3% |  -2.322 | -255.563 | memory_axi_0/addr_reg[23]$_SDFFE_PP0P_/D
     1650 |       2 |     439 |            0 |    +0.3% |  -2.322 | -251.654 | memory_axi_0/addr_reg[23]$_SDFFE_PP0P_/D
     1660 |       2 |     441 |            0 |    +0.3% |  -2.322 | -248.842 | memory_axi_0/addr_reg[23]$_SDFFE_PP0P_/D
     1670 |       2 |     444 |            0 |    +0.3% |  -2.322 | -245.126 | memory_axi_0/addr_reg[23]$_SDFFE_PP0P_/D
     1680 |       2 |     444 |            0 |    +0.3% |  -2.322 | -245.126 | memory_axi_0/addr_reg[23]$_SDFFE_PP0P_/D
     1690 |       2 |     451 |            0 |    +0.3% |  -2.322 | -235.505 | memory_axi_0/addr_reg[23]$_SDFFE_PP0P_/D
     1700 |       2 |     457 |            0 |    +0.3% |  -2.322 | -231.418 | memory_axi_0/addr_reg[23]$_SDFFE_PP0P_/D
     1710 |       2 |     462 |            0 |    +0.3% |  -2.322 | -173.478 | memory_axi_0/addr_reg[23]$_SDFFE_PP0P_/D
     1720 |       2 |     462 |            0 |    +0.3% |  -2.322 | -173.478 | memory_axi_0/addr_reg[23]$_SDFFE_PP0P_/D
     1730 |       2 |     462 |            0 |    +0.3% |  -2.322 | -173.478 | memory_axi_0/addr_reg[23]$_SDFFE_PP0P_/D
     1740 |       2 |     462 |            0 |    +0.3% |  -2.322 | -173.478 | memory_axi_0/addr_reg[23]$_SDFFE_PP0P_/D
     1750 |       2 |     462 |            0 |    +0.3% |  -2.322 | -173.478 | memory_axi_0/addr_reg[23]$_SDFFE_PP0P_/D
     1760 |       2 |     462 |            0 |    +0.3% |  -2.322 | -173.478 | memory_axi_0/addr_reg[23]$_SDFFE_PP0P_/D
     1770 |       2 |     462 |            0 |    +0.3% |  -2.322 | -173.478 | memory_axi_0/addr_reg[23]$_SDFFE_PP0P_/D
     1780 |       2 |     462 |            0 |    +0.3% |  -2.322 | -173.478 | memory_axi_0/addr_reg[23]$_SDFFE_PP0P_/D
     1790 |       2 |     462 |            0 |    +0.3% |  -2.322 | -173.478 | memory_axi_0/addr_reg[23]$_SDFFE_PP0P_/D
     1800 |       2 |     462 |            0 |    +0.3% |  -2.322 | -173.478 | memory_axi_0/addr_reg[23]$_SDFFE_PP0P_/D
     1810 |       2 |     462 |            0 |    +0.3% |  -2.322 | -173.478 | memory_axi_0/addr_reg[23]$_SDFFE_PP0P_/D
     1820 |       2 |     462 |            0 |    +0.3% |  -2.322 | -173.478 | memory_axi_0/addr_reg[23]$_SDFFE_PP0P_/D
     1830 |       2 |     462 |            0 |    +0.3% |  -2.322 | -173.478 | memory_axi_0/addr_reg[23]$_SDFFE_PP0P_/D
     1840 |       2 |     466 |            0 |    +0.3% |  -2.322 | -172.229 | memory_axi_0/addr_reg[23]$_SDFFE_PP0P_/D
     1850 |       2 |     466 |            0 |    +0.3% |  -2.322 | -172.229 | memory_axi_0/addr_reg[23]$_SDFFE_PP0P_/D
     1860 |       2 |     466 |            0 |    +0.3% |  -2.322 | -172.229 | memory_axi_0/addr_reg[23]$_SDFFE_PP0P_/D
     1870 |       2 |     479 |            0 |    +0.3% |  -2.322 | -167.109 | memory_axi_0/addr_reg[23]$_SDFFE_PP0P_/D
     1880 |       2 |     479 |            0 |    +0.3% |  -2.322 | -167.109 | memory_axi_0/addr_reg[23]$_SDFFE_PP0P_/D
     1890 |       2 |     479 |            0 |    +0.3% |  -2.322 | -167.109 | memory_axi_0/addr_reg[23]$_SDFFE_PP0P_/D
     1900 |       2 |     483 |            0 |    +0.3% |  -2.322 | -165.909 | memory_axi_0/addr_reg[23]$_SDFFE_PP0P_/D
     1910 |       2 |     487 |            0 |    +0.3% |  -2.322 | -164.718 | memory_axi_0/addr_reg[23]$_SDFFE_PP0P_/D
     1920 |       2 |     487 |            0 |    +0.3% |  -2.322 | -164.718 | memory_axi_0/addr_reg[23]$_SDFFE_PP0P_/D
     1930 |       2 |     487 |            0 |    +0.3% |  -2.322 | -164.718 | memory_axi_0/addr_reg[23]$_SDFFE_PP0P_/D
     1940 |       2 |     491 |            0 |    +0.3% |  -2.322 | -111.578 | memory_axi_0/addr_reg[23]$_SDFFE_PP0P_/D
     1950 |       2 |     498 |            0 |    +0.3% |  -2.322 | -109.784 | memory_axi_0/addr_reg[23]$_SDFFE_PP0P_/D
     1960 |       2 |     505 |            0 |    +0.3% |  -2.322 | -107.745 | memory_axi_0/addr_reg[23]$_SDFFE_PP0P_/D
     1970 |       2 |     511 |            0 |    +0.3% |  -2.322 | -106.350 | memory_axi_0/addr_reg[23]$_SDFFE_PP0P_/D
     1980 |       2 |     514 |            0 |    +0.3% |  -2.322 | -105.616 | memory_axi_0/addr_reg[23]$_SDFFE_PP0P_/D
     1990 |       2 |     520 |            0 |    +0.3% |  -2.322 | -104.348 | memory_axi_0/addr_reg[23]$_SDFFE_PP0P_/D
     2000 |       2 |     524 |            0 |    +0.3% |  -2.322 | -103.461 | memory_axi_0/addr_reg[23]$_SDFFE_PP0P_/D
     2010 |       2 |     528 |            0 |    +0.3% |  -2.322 | -102.388 | memory_axi_0/addr_reg[23]$_SDFFE_PP0P_/D
     2020 |       2 |     532 |            0 |    +0.3% |  -2.322 | -101.323 | memory_axi_0/addr_reg[23]$_SDFFE_PP0P_/D
     2030 |       2 |     532 |            0 |    +0.3% |  -2.322 | -101.323 | memory_axi_0/addr_reg[23]$_SDFFE_PP0P_/D
     2040 |       2 |     532 |            0 |    +0.3% |  -2.322 | -101.323 | memory_axi_0/addr_reg[23]$_SDFFE_PP0P_/D
     2050 |       2 |     532 |            0 |    +0.3% |  -2.322 | -101.323 | memory_axi_0/addr_reg[23]$_SDFFE_PP0P_/D
     2060 |       2 |     532 |            0 |    +0.3% |  -2.322 | -101.323 | memory_axi_0/addr_reg[23]$_SDFFE_PP0P_/D
     2070 |       2 |     546 |            0 |    +0.3% |  -2.322 | -92.864 | memory_axi_0/addr_reg[23]$_SDFFE_PP0P_/D
     2080 |       2 |     549 |            0 |    +0.3% |  -2.322 | -92.606 | memory_axi_0/addr_reg[23]$_SDFFE_PP0P_/D
     2090 |       2 |     549 |            0 |    +0.3% |  -2.322 | -92.606 | memory_axi_0/addr_reg[23]$_SDFFE_PP0P_/D
     2100 |       2 |     570 |            0 |    +0.3% |  -2.322 | -76.963 | memory_axi_0/addr_reg[23]$_SDFFE_PP0P_/D
     2110 |       2 |     574 |            0 |    +0.3% |  -2.322 | -75.966 | memory_axi_0/addr_reg[23]$_SDFFE_PP0P_/D
     2120 |       2 |     574 |            0 |    +0.3% |  -2.322 | -75.966 | memory_axi_0/addr_reg[23]$_SDFFE_PP0P_/D
     2130 |       2 |     574 |            0 |    +0.3% |  -2.322 | -75.966 | memory_axi_0/addr_reg[23]$_SDFFE_PP0P_/D
     2140 |       2 |     577 |            0 |    +0.3% |  -2.322 | -74.984 | memory_axi_0/addr_reg[23]$_SDFFE_PP0P_/D
     2150 |       2 |     577 |            0 |    +0.3% |  -2.322 | -74.984 | memory_axi_0/addr_reg[23]$_SDFFE_PP0P_/D
     2160 |       2 |     577 |            0 |    +0.3% |  -2.322 | -74.984 | memory_axi_0/addr_reg[23]$_SDFFE_PP0P_/D
     2170 |       2 |     577 |            0 |    +0.3% |  -2.322 | -74.984 | memory_axi_0/addr_reg[23]$_SDFFE_PP0P_/D
     2180 |       2 |     577 |            0 |    +0.3% |  -2.322 | -74.984 | memory_axi_0/addr_reg[23]$_SDFFE_PP0P_/D
     2190 |       2 |     580 |            0 |    +0.3% |  -2.322 | -74.452 | memory_axi_0/addr_reg[23]$_SDFFE_PP0P_/D
     2200 |       2 |     580 |            0 |    +0.3% |  -2.322 | -74.452 | memory_axi_0/addr_reg[23]$_SDFFE_PP0P_/D
     2210 |       2 |     580 |            0 |    +0.3% |  -2.322 | -74.452 | memory_axi_0/addr_reg[23]$_SDFFE_PP0P_/D
     2220 |       2 |     583 |            0 |    +0.3% |  -2.322 | -73.791 | memory_axi_0/addr_reg[23]$_SDFFE_PP0P_/D
     2230 |       2 |     583 |            0 |    +0.3% |  -2.322 | -73.791 | memory_axi_0/addr_reg[23]$_SDFFE_PP0P_/D
     2240 |       2 |     583 |            0 |    +0.3% |  -2.322 | -73.791 | memory_axi_0/addr_reg[23]$_SDFFE_PP0P_/D
     2250 |       2 |     583 |            0 |    +0.3% |  -2.322 | -73.791 | memory_axi_0/addr_reg[23]$_SDFFE_PP0P_/D
     2260 |       2 |     583 |            0 |    +0.3% |  -2.322 | -73.791 | memory_axi_0/addr_reg[23]$_SDFFE_PP0P_/D
     2270 |       2 |     583 |            0 |    +0.3% |  -2.322 | -73.791 | memory_axi_0/addr_reg[23]$_SDFFE_PP0P_/D
     2280 |       2 |     583 |            0 |    +0.3% |  -2.322 | -73.791 | memory_axi_0/addr_reg[23]$_SDFFE_PP0P_/D
     2290 |       2 |     583 |            0 |    +0.3% |  -2.322 | -73.791 | memory_axi_0/addr_reg[23]$_SDFFE_PP0P_/D
     2300 |       2 |     583 |            0 |    +0.3% |  -2.322 | -73.791 | memory_axi_0/addr_reg[23]$_SDFFE_PP0P_/D
     2310 |       2 |     583 |            0 |    +0.3% |  -2.322 | -73.791 | memory_axi_0/addr_reg[23]$_SDFFE_PP0P_/D
     2320 |       2 |     583 |            0 |    +0.3% |  -2.322 | -73.791 | memory_axi_0/addr_reg[23]$_SDFFE_PP0P_/D
     2330 |       2 |     583 |            0 |    +0.3% |  -2.322 | -73.791 | memory_axi_0/addr_reg[23]$_SDFFE_PP0P_/D
     2340 |       2 |     583 |            0 |    +0.3% |  -2.322 | -73.791 | memory_axi_0/addr_reg[23]$_SDFFE_PP0P_/D
     2350 |       2 |     583 |            0 |    +0.3% |  -2.322 | -73.791 | memory_axi_0/addr_reg[23]$_SDFFE_PP0P_/D
     2360 |       2 |     583 |            0 |    +0.3% |  -2.322 | -73.791 | memory_axi_0/addr_reg[23]$_SDFFE_PP0P_/D
     2370 |       2 |     583 |            0 |    +0.3% |  -2.322 | -73.791 | memory_axi_0/addr_reg[23]$_SDFFE_PP0P_/D
     2380 |       2 |     583 |            0 |    +0.3% |  -2.322 | -73.791 | memory_axi_0/addr_reg[23]$_SDFFE_PP0P_/D
     2390 |       2 |     583 |            0 |    +0.3% |  -2.322 | -73.791 | memory_axi_0/addr_reg[23]$_SDFFE_PP0P_/D
     2400 |       2 |     583 |            0 |    +0.3% |  -2.322 | -73.791 | memory_axi_0/addr_reg[23]$_SDFFE_PP0P_/D
     2410 |       2 |     583 |            0 |    +0.3% |  -2.322 | -73.791 | memory_axi_0/addr_reg[23]$_SDFFE_PP0P_/D
     2420 |       2 |     583 |            0 |    +0.3% |  -2.322 | -73.791 | memory_axi_0/addr_reg[23]$_SDFFE_PP0P_/D
     2430 |       2 |     583 |            0 |    +0.3% |  -2.322 | -73.791 | memory_axi_0/addr_reg[23]$_SDFFE_PP0P_/D
     2440 |       2 |     587 |            0 |    +0.3% |  -2.322 | -72.941 | memory_axi_0/addr_reg[23]$_SDFFE_PP0P_/D
     2450 |       2 |     587 |            0 |    +0.3% |  -2.322 | -72.941 | memory_axi_0/addr_reg[23]$_SDFFE_PP0P_/D
     2460 |       2 |     587 |            0 |    +0.3% |  -2.322 | -72.941 | memory_axi_0/addr_reg[23]$_SDFFE_PP0P_/D
     2470 |       2 |     587 |            0 |    +0.3% |  -2.322 | -72.941 | memory_axi_0/addr_reg[23]$_SDFFE_PP0P_/D
     2480 |       2 |     587 |            0 |    +0.3% |  -2.322 | -72.941 | memory_axi_0/addr_reg[23]$_SDFFE_PP0P_/D
     2490 |       2 |     587 |            0 |    +0.3% |  -2.322 | -72.941 | memory_axi_0/addr_reg[23]$_SDFFE_PP0P_/D
     2500 |       2 |     587 |            0 |    +0.3% |  -2.322 | -72.941 | memory_axi_0/addr_reg[23]$_SDFFE_PP0P_/D
     2510 |       2 |     587 |            0 |    +0.3% |  -2.322 | -72.941 | memory_axi_0/addr_reg[23]$_SDFFE_PP0P_/D
     2520 |       2 |     587 |            0 |    +0.3% |  -2.322 | -72.941 | memory_axi_0/addr_reg[23]$_SDFFE_PP0P_/D
     2530 |       2 |     587 |            0 |    +0.3% |  -2.322 | -72.941 | memory_axi_0/addr_reg[23]$_SDFFE_PP0P_/D
     2540 |       2 |     587 |            0 |    +0.3% |  -2.322 | -72.941 | memory_axi_0/addr_reg[23]$_SDFFE_PP0P_/D
     2550 |       2 |     587 |            0 |    +0.3% |  -2.322 | -72.941 | memory_axi_0/addr_reg[23]$_SDFFE_PP0P_/D
     2560 |       2 |     587 |            0 |    +0.3% |  -2.322 | -72.941 | memory_axi_0/addr_reg[23]$_SDFFE_PP0P_/D
     2570 |       2 |     587 |            0 |    +0.3% |  -2.322 | -72.941 | memory_axi_0/addr_reg[23]$_SDFFE_PP0P_/D
     2580 |       2 |     587 |            0 |    +0.3% |  -2.322 | -72.941 | memory_axi_0/addr_reg[23]$_SDFFE_PP0P_/D
     2590 |       2 |     587 |            0 |    +0.3% |  -2.322 | -72.941 | memory_axi_0/addr_reg[23]$_SDFFE_PP0P_/D
     2600 |       2 |     587 |            0 |    +0.3% |  -2.322 | -72.941 | memory_axi_0/addr_reg[23]$_SDFFE_PP0P_/D
     2610 |       2 |     587 |            0 |    +0.3% |  -2.322 | -72.941 | memory_axi_0/addr_reg[23]$_SDFFE_PP0P_/D
     2620 |       2 |     587 |            0 |    +0.3% |  -2.322 | -72.941 | memory_axi_0/addr_reg[23]$_SDFFE_PP0P_/D
     2630 |       2 |     587 |            0 |    +0.3% |  -2.322 | -72.941 | memory_axi_0/addr_reg[23]$_SDFFE_PP0P_/D
     2640 |       2 |     587 |            0 |    +0.3% |  -2.322 | -72.941 | memory_axi_0/addr_reg[23]$_SDFFE_PP0P_/D
     2650 |       2 |     587 |            0 |    +0.3% |  -2.322 | -72.941 | memory_axi_0/addr_reg[23]$_SDFFE_PP0P_/D
     2660 |       2 |     587 |            0 |    +0.3% |  -2.322 | -72.941 | memory_axi_0/addr_reg[23]$_SDFFE_PP0P_/D
     2670 |       2 |     587 |            0 |    +0.3% |  -2.322 | -72.941 | memory_axi_0/addr_reg[23]$_SDFFE_PP0P_/D
     2680 |       2 |     587 |            0 |    +0.3% |  -2.322 | -72.941 | memory_axi_0/addr_reg[23]$_SDFFE_PP0P_/D
     2690 |       2 |     587 |            0 |    +0.3% |  -2.322 | -72.941 | memory_axi_0/addr_reg[23]$_SDFFE_PP0P_/D
     2700 |       2 |     587 |            0 |    +0.3% |  -2.322 | -72.941 | memory_axi_0/addr_reg[23]$_SDFFE_PP0P_/D
     2710 |       2 |     587 |            0 |    +0.3% |  -2.322 | -72.941 | memory_axi_0/addr_reg[23]$_SDFFE_PP0P_/D
     2720 |       2 |     587 |            0 |    +0.3% |  -2.322 | -72.941 | memory_axi_0/addr_reg[23]$_SDFFE_PP0P_/D
     2730 |       2 |     587 |            0 |    +0.3% |  -2.322 | -72.941 | memory_axi_0/addr_reg[23]$_SDFFE_PP0P_/D
     2740 |       2 |     587 |            0 |    +0.3% |  -2.322 | -72.941 | memory_axi_0/addr_reg[23]$_SDFFE_PP0P_/D
     2750 |       2 |     587 |            0 |    +0.3% |  -2.322 | -72.941 | memory_axi_0/addr_reg[23]$_SDFFE_PP0P_/D
     2760 |       2 |     587 |            0 |    +0.3% |  -2.322 | -72.941 | memory_axi_0/addr_reg[23]$_SDFFE_PP0P_/D
     2770 |       2 |     587 |            0 |    +0.3% |  -2.322 | -72.941 | memory_axi_0/addr_reg[23]$_SDFFE_PP0P_/D
     2780 |       2 |     587 |            0 |    +0.3% |  -2.322 | -72.941 | memory_axi_0/addr_reg[23]$_SDFFE_PP0P_/D
     2790 |       2 |     587 |            0 |    +0.3% |  -2.322 | -72.941 | memory_axi_0/addr_reg[23]$_SDFFE_PP0P_/D
     2800 |       2 |     587 |            0 |    +0.3% |  -2.322 | -72.941 | memory_axi_0/addr_reg[23]$_SDFFE_PP0P_/D
     2810 |       2 |     587 |            0 |    +0.3% |  -2.322 | -72.941 | memory_axi_0/addr_reg[23]$_SDFFE_PP0P_/D
     2820 |       2 |     587 |            0 |    +0.3% |  -2.322 | -72.941 | memory_axi_0/addr_reg[23]$_SDFFE_PP0P_/D
     2830 |       2 |     587 |            0 |    +0.3% |  -2.322 | -72.941 | memory_axi_0/addr_reg[23]$_SDFFE_PP0P_/D
     2840 |       2 |     587 |            0 |    +0.3% |  -2.322 | -72.941 | memory_axi_0/addr_reg[23]$_SDFFE_PP0P_/D
     2850 |       2 |     587 |            0 |    +0.3% |  -2.322 | -72.941 | memory_axi_0/addr_reg[23]$_SDFFE_PP0P_/D
     2860 |       2 |     587 |            0 |    +0.3% |  -2.322 | -72.941 | memory_axi_0/addr_reg[23]$_SDFFE_PP0P_/D
     2870 |       2 |     587 |            0 |    +0.3% |  -2.322 | -72.941 | memory_axi_0/addr_reg[23]$_SDFFE_PP0P_/D
     2880 |       2 |     587 |            0 |    +0.3% |  -2.322 | -72.941 | memory_axi_0/addr_reg[23]$_SDFFE_PP0P_/D
     2890 |       2 |     587 |            0 |    +0.3% |  -2.322 | -72.941 | memory_axi_0/addr_reg[23]$_SDFFE_PP0P_/D
     2900 |       2 |     587 |            0 |    +0.3% |  -2.322 | -72.941 | memory_axi_0/addr_reg[23]$_SDFFE_PP0P_/D
     2910 |       2 |     587 |            0 |    +0.3% |  -2.322 | -72.941 | memory_axi_0/addr_reg[23]$_SDFFE_PP0P_/D
     2920 |       2 |     587 |            0 |    +0.3% |  -2.322 | -72.941 | memory_axi_0/addr_reg[23]$_SDFFE_PP0P_/D
     2930 |       2 |     587 |            0 |    +0.3% |  -2.322 | -72.941 | memory_axi_0/addr_reg[23]$_SDFFE_PP0P_/D
     2940 |       2 |     587 |            0 |    +0.3% |  -2.322 | -72.941 | memory_axi_0/addr_reg[23]$_SDFFE_PP0P_/D
     2950 |       2 |     587 |            0 |    +0.3% |  -2.322 | -72.941 | memory_axi_0/addr_reg[23]$_SDFFE_PP0P_/D
     2960 |       2 |     587 |            0 |    +0.3% |  -2.322 | -72.941 | memory_axi_0/addr_reg[23]$_SDFFE_PP0P_/D
     2970 |       2 |     587 |            0 |    +0.3% |  -2.322 | -72.941 | memory_axi_0/addr_reg[23]$_SDFFE_PP0P_/D
     2980 |       2 |     587 |            0 |    +0.3% |  -2.322 | -72.941 | memory_axi_0/addr_reg[23]$_SDFFE_PP0P_/D
     2990 |       2 |     587 |            0 |    +0.3% |  -2.322 | -72.941 | memory_axi_0/addr_reg[23]$_SDFFE_PP0P_/D
     3000 |       2 |     587 |            0 |    +0.3% |  -2.322 | -72.941 | memory_axi_0/addr_reg[23]$_SDFFE_PP0P_/D
     3010 |       2 |     587 |            0 |    +0.3% |  -2.322 | -72.941 | memory_axi_0/addr_reg[23]$_SDFFE_PP0P_/D
     3020 |       2 |     587 |            0 |    +0.3% |  -2.322 | -72.941 | memory_axi_0/addr_reg[23]$_SDFFE_PP0P_/D
     3030 |       2 |     587 |            0 |    +0.3% |  -2.322 | -72.941 | memory_axi_0/addr_reg[23]$_SDFFE_PP0P_/D
     3040 |       2 |     587 |            0 |    +0.3% |  -2.322 | -72.941 | memory_axi_0/addr_reg[23]$_SDFFE_PP0P_/D
     3050 |       2 |     587 |            0 |    +0.3% |  -2.322 | -72.941 | memory_axi_0/addr_reg[23]$_SDFFE_PP0P_/D
     3060 |       2 |     587 |            0 |    +0.3% |  -2.322 | -72.941 | memory_axi_0/addr_reg[23]$_SDFFE_PP0P_/D
     3070 |       2 |     587 |            0 |    +0.3% |  -2.322 | -72.941 | memory_axi_0/addr_reg[23]$_SDFFE_PP0P_/D
     3080 |       2 |     587 |            0 |    +0.3% |  -2.322 | -72.941 | memory_axi_0/addr_reg[23]$_SDFFE_PP0P_/D
     3090 |       2 |     587 |            0 |    +0.3% |  -2.322 | -72.941 | memory_axi_0/addr_reg[23]$_SDFFE_PP0P_/D
     3100 |       2 |     587 |            0 |    +0.3% |  -2.322 | -72.941 | memory_axi_0/addr_reg[23]$_SDFFE_PP0P_/D
     3110 |       2 |     587 |            0 |    +0.3% |  -2.322 | -72.941 | memory_axi_0/addr_reg[23]$_SDFFE_PP0P_/D
     3120 |       2 |     587 |            0 |    +0.3% |  -2.322 | -72.941 | memory_axi_0/addr_reg[23]$_SDFFE_PP0P_/D
     3130 |       2 |     587 |            0 |    +0.3% |  -2.322 | -72.941 | memory_axi_0/addr_reg[23]$_SDFFE_PP0P_/D
     3140 |       2 |     587 |            0 |    +0.3% |  -2.322 | -72.941 | memory_axi_0/addr_reg[23]$_SDFFE_PP0P_/D
     3150 |       2 |     587 |            0 |    +0.3% |  -2.322 | -72.941 | memory_axi_0/addr_reg[23]$_SDFFE_PP0P_/D
     3160 |       2 |     587 |            0 |    +0.3% |  -2.322 | -72.941 | memory_axi_0/addr_reg[23]$_SDFFE_PP0P_/D
     3170 |       2 |     587 |            0 |    +0.3% |  -2.322 | -72.941 | memory_axi_0/addr_reg[23]$_SDFFE_PP0P_/D
     3180 |       2 |     587 |            0 |    +0.3% |  -2.322 | -72.941 | memory_axi_0/addr_reg[23]$_SDFFE_PP0P_/D
     3190 |       2 |     587 |            0 |    +0.3% |  -2.322 | -72.941 | memory_axi_0/addr_reg[23]$_SDFFE_PP0P_/D
     3200 |       2 |     587 |            0 |    +0.3% |  -2.322 | -72.941 | memory_axi_0/addr_reg[23]$_SDFFE_PP0P_/D
     3210 |       2 |     587 |            0 |    +0.3% |  -2.322 | -72.941 | memory_axi_0/addr_reg[23]$_SDFFE_PP0P_/D
     3220 |       2 |     587 |            0 |    +0.3% |  -2.322 | -72.941 | memory_axi_0/addr_reg[23]$_SDFFE_PP0P_/D
     3230 |       2 |     587 |            0 |    +0.3% |  -2.322 | -72.941 | memory_axi_0/addr_reg[23]$_SDFFE_PP0P_/D
     3240 |       2 |     587 |            0 |    +0.3% |  -2.322 | -72.941 | memory_axi_0/addr_reg[23]$_SDFFE_PP0P_/D
     3250 |       2 |     587 |            0 |    +0.3% |  -2.322 | -72.941 | memory_axi_0/addr_reg[23]$_SDFFE_PP0P_/D
     3260 |       2 |     587 |            0 |    +0.3% |  -2.322 | -72.941 | memory_axi_0/addr_reg[23]$_SDFFE_PP0P_/D
     3270 |       2 |     587 |            0 |    +0.3% |  -2.322 | -72.941 | memory_axi_0/addr_reg[23]$_SDFFE_PP0P_/D
     3280 |       2 |     587 |            0 |    +0.3% |  -2.322 | -72.941 | memory_axi_0/addr_reg[23]$_SDFFE_PP0P_/D
     3290 |       2 |     587 |            0 |    +0.3% |  -2.322 | -72.941 | memory_axi_0/addr_reg[23]$_SDFFE_PP0P_/D
     3300 |       2 |     587 |            0 |    +0.3% |  -2.322 | -72.941 | memory_axi_0/addr_reg[23]$_SDFFE_PP0P_/D
     3310 |       2 |     587 |            0 |    +0.3% |  -2.322 | -72.941 | memory_axi_0/addr_reg[23]$_SDFFE_PP0P_/D
     3320 |       2 |     587 |            0 |    +0.3% |  -2.322 | -72.941 | memory_axi_0/addr_reg[23]$_SDFFE_PP0P_/D
     3330 |       2 |     587 |            0 |    +0.3% |  -2.322 | -72.941 | memory_axi_0/addr_reg[23]$_SDFFE_PP0P_/D
     3340 |       2 |     587 |            0 |    +0.3% |  -2.322 | -72.941 | memory_axi_0/addr_reg[23]$_SDFFE_PP0P_/D
     3350 |       2 |     587 |            0 |    +0.3% |  -2.322 | -72.941 | memory_axi_0/addr_reg[23]$_SDFFE_PP0P_/D
     3360 |       2 |     587 |            0 |    +0.3% |  -2.322 | -72.941 | memory_axi_0/addr_reg[23]$_SDFFE_PP0P_/D
     3370 |       2 |     587 |            0 |    +0.3% |  -2.322 | -72.941 | memory_axi_0/addr_reg[23]$_SDFFE_PP0P_/D
     3380 |       2 |     587 |            0 |    +0.3% |  -2.322 | -72.941 | memory_axi_0/addr_reg[23]$_SDFFE_PP0P_/D
     3390 |       2 |     587 |            0 |    +0.3% |  -2.322 | -72.941 | memory_axi_0/addr_reg[23]$_SDFFE_PP0P_/D
     3400 |       2 |     587 |            0 |    +0.3% |  -2.322 | -72.941 | memory_axi_0/addr_reg[23]$_SDFFE_PP0P_/D
     3410 |       2 |     587 |            0 |    +0.3% |  -2.322 | -72.941 | memory_axi_0/addr_reg[23]$_SDFFE_PP0P_/D
     3420 |       2 |     587 |            0 |    +0.3% |  -2.322 | -72.941 | memory_axi_0/addr_reg[23]$_SDFFE_PP0P_/D
     3430 |       2 |     587 |            0 |    +0.3% |  -2.322 | -72.941 | memory_axi_0/addr_reg[23]$_SDFFE_PP0P_/D
     3440 |       2 |     587 |            0 |    +0.3% |  -2.322 | -72.941 | memory_axi_0/addr_reg[23]$_SDFFE_PP0P_/D
     3450 |       2 |     587 |            0 |    +0.3% |  -2.322 | -72.941 | memory_axi_0/addr_reg[23]$_SDFFE_PP0P_/D
     3460 |       2 |     587 |            0 |    +0.3% |  -2.322 | -72.941 | memory_axi_0/addr_reg[23]$_SDFFE_PP0P_/D
     3470 |       2 |     587 |            0 |    +0.3% |  -2.322 | -72.941 | memory_axi_0/addr_reg[23]$_SDFFE_PP0P_/D
     3480 |       2 |     587 |            0 |    +0.3% |  -2.322 | -72.941 | memory_axi_0/addr_reg[23]$_SDFFE_PP0P_/D
     3490 |       2 |     587 |            0 |    +0.3% |  -2.322 | -72.941 | memory_axi_0/addr_reg[23]$_SDFFE_PP0P_/D
     3500 |       2 |     587 |            0 |    +0.3% |  -2.322 | -72.941 | memory_axi_0/addr_reg[23]$_SDFFE_PP0P_/D
     3510 |       2 |     587 |            0 |    +0.3% |  -2.322 | -72.941 | memory_axi_0/addr_reg[23]$_SDFFE_PP0P_/D
     3520 |       2 |     587 |            0 |    +0.3% |  -2.322 | -72.941 | memory_axi_0/addr_reg[23]$_SDFFE_PP0P_/D
     3530 |       2 |     587 |            0 |    +0.3% |  -2.322 | -72.941 | memory_axi_0/addr_reg[23]$_SDFFE_PP0P_/D
     3540 |       2 |     587 |            0 |    +0.3% |  -2.322 | -72.941 | memory_axi_0/addr_reg[23]$_SDFFE_PP0P_/D
     3550 |       2 |     587 |            0 |    +0.3% |  -2.322 | -72.941 | memory_axi_0/addr_reg[23]$_SDFFE_PP0P_/D
     3560 |       2 |     587 |            0 |    +0.3% |  -2.322 | -72.941 | memory_axi_0/addr_reg[23]$_SDFFE_PP0P_/D
     3570 |       2 |     587 |            0 |    +0.3% |  -2.322 | -72.941 | memory_axi_0/addr_reg[23]$_SDFFE_PP0P_/D
     3580 |       2 |     587 |            0 |    +0.3% |  -2.322 | -72.941 | memory_axi_0/addr_reg[23]$_SDFFE_PP0P_/D
     3590 |       2 |     587 |            0 |    +0.3% |  -2.322 | -72.941 | memory_axi_0/addr_reg[23]$_SDFFE_PP0P_/D
     3600 |       2 |     587 |            0 |    +0.3% |  -2.322 | -72.941 | memory_axi_0/addr_reg[23]$_SDFFE_PP0P_/D
     3610 |       2 |     587 |            0 |    +0.3% |  -2.322 | -72.941 | memory_axi_0/addr_reg[23]$_SDFFE_PP0P_/D
     3620 |       2 |     587 |            0 |    +0.3% |  -2.322 | -72.941 | memory_axi_0/addr_reg[23]$_SDFFE_PP0P_/D
     3630 |       2 |     587 |            0 |    +0.3% |  -2.322 | -72.941 | memory_axi_0/addr_reg[23]$_SDFFE_PP0P_/D
     3640 |       2 |     587 |            0 |    +0.3% |  -2.322 | -72.941 | memory_axi_0/addr_reg[23]$_SDFFE_PP0P_/D
     3650 |       2 |     587 |            0 |    +0.3% |  -2.322 | -72.941 | memory_axi_0/addr_reg[23]$_SDFFE_PP0P_/D
     3660 |       2 |     587 |            0 |    +0.3% |  -2.322 | -72.941 | memory_axi_0/addr_reg[23]$_SDFFE_PP0P_/D
     3670 |       2 |     587 |            0 |    +0.3% |  -2.322 | -72.941 | memory_axi_0/addr_reg[23]$_SDFFE_PP0P_/D
     3680 |       2 |     587 |            0 |    +0.3% |  -2.322 | -72.941 | memory_axi_0/addr_reg[23]$_SDFFE_PP0P_/D
     3690 |       2 |     587 |            0 |    +0.3% |  -2.322 | -72.941 | memory_axi_0/addr_reg[23]$_SDFFE_PP0P_/D
     3700 |       2 |     587 |            0 |    +0.3% |  -2.322 | -72.941 | memory_axi_0/addr_reg[23]$_SDFFE_PP0P_/D
     3710 |       2 |     587 |            0 |    +0.3% |  -2.322 | -72.941 | memory_axi_0/addr_reg[23]$_SDFFE_PP0P_/D
     3720 |       2 |     587 |            0 |    +0.3% |  -2.322 | -72.941 | memory_axi_0/addr_reg[23]$_SDFFE_PP0P_/D
     3730 |       2 |     587 |            0 |    +0.3% |  -2.322 | -72.941 | memory_axi_0/addr_reg[23]$_SDFFE_PP0P_/D
     3740 |       2 |     587 |            0 |    +0.3% |  -2.322 | -72.941 | memory_axi_0/addr_reg[23]$_SDFFE_PP0P_/D
     3750 |       2 |     587 |            0 |    +0.3% |  -2.322 | -72.941 | memory_axi_0/addr_reg[23]$_SDFFE_PP0P_/D
     3760 |       2 |     587 |            0 |    +0.3% |  -2.322 | -72.941 | memory_axi_0/addr_reg[23]$_SDFFE_PP0P_/D
     3770 |       2 |     587 |            0 |    +0.3% |  -2.322 | -72.941 | memory_axi_0/addr_reg[23]$_SDFFE_PP0P_/D
     3780 |       2 |     587 |            0 |    +0.3% |  -2.322 | -72.941 | memory_axi_0/addr_reg[23]$_SDFFE_PP0P_/D
     3790 |       2 |     587 |            0 |    +0.3% |  -2.322 | -72.941 | memory_axi_0/addr_reg[23]$_SDFFE_PP0P_/D
     3800 |       2 |     587 |            0 |    +0.3% |  -2.322 | -72.941 | memory_axi_0/addr_reg[23]$_SDFFE_PP0P_/D
     3810 |       2 |     587 |            0 |    +0.3% |  -2.322 | -72.941 | memory_axi_0/addr_reg[23]$_SDFFE_PP0P_/D
     3820 |       2 |     587 |            0 |    +0.3% |  -2.322 | -72.941 | memory_axi_0/addr_reg[23]$_SDFFE_PP0P_/D
     3830 |       2 |     587 |            0 |    +0.3% |  -2.322 | -72.941 | memory_axi_0/addr_reg[23]$_SDFFE_PP0P_/D
     3840 |       2 |     587 |            0 |    +0.3% |  -2.322 | -72.941 | memory_axi_0/addr_reg[23]$_SDFFE_PP0P_/D
     3850 |       2 |     587 |            0 |    +0.3% |  -2.322 | -72.941 | memory_axi_0/addr_reg[23]$_SDFFE_PP0P_/D
     3860 |       2 |     587 |            0 |    +0.3% |  -2.322 | -72.941 | memory_axi_0/addr_reg[23]$_SDFFE_PP0P_/D
     3870 |       2 |     587 |            0 |    +0.3% |  -2.322 | -72.941 | memory_axi_0/addr_reg[23]$_SDFFE_PP0P_/D
     3880 |       2 |     587 |            0 |    +0.3% |  -2.322 | -72.941 | memory_axi_0/addr_reg[23]$_SDFFE_PP0P_/D
     3890 |       2 |     587 |            0 |    +0.3% |  -2.322 | -72.941 | memory_axi_0/addr_reg[23]$_SDFFE_PP0P_/D
     3900 |       2 |     587 |            0 |    +0.3% |  -2.322 | -72.941 | memory_axi_0/addr_reg[23]$_SDFFE_PP0P_/D
     3910 |       2 |     587 |            0 |    +0.3% |  -2.322 | -72.941 | memory_axi_0/addr_reg[23]$_SDFFE_PP0P_/D
     3920 |       2 |     587 |            0 |    +0.3% |  -2.322 | -72.941 | memory_axi_0/addr_reg[23]$_SDFFE_PP0P_/D
     3930 |       2 |     587 |            0 |    +0.3% |  -2.322 | -72.941 | memory_axi_0/addr_reg[23]$_SDFFE_PP0P_/D
     3940 |       2 |     587 |            0 |    +0.3% |  -2.322 | -72.941 | memory_axi_0/addr_reg[23]$_SDFFE_PP0P_/D
     3950 |       2 |     587 |            0 |    +0.3% |  -2.322 | -72.941 | memory_axi_0/addr_reg[23]$_SDFFE_PP0P_/D
     3960 |       2 |     587 |            0 |    +0.3% |  -2.322 | -72.941 | memory_axi_0/addr_reg[23]$_SDFFE_PP0P_/D
     3970 |       2 |     587 |            0 |    +0.3% |  -2.322 | -72.941 | memory_axi_0/addr_reg[23]$_SDFFE_PP0P_/D
     3980 |       2 |     587 |            0 |    +0.3% |  -2.322 | -72.941 | memory_axi_0/addr_reg[23]$_SDFFE_PP0P_/D
     3990 |       2 |     587 |            0 |    +0.3% |  -2.322 | -72.941 | memory_axi_0/addr_reg[23]$_SDFFE_PP0P_/D
     4000 |       2 |     589 |            0 |    +0.3% |  -2.322 | -65.674 | memory_axi_0/addr_reg[23]$_SDFFE_PP0P_/D
     4010 |       2 |     589 |            0 |    +0.3% |  -2.322 | -65.674 | memory_axi_0/addr_reg[23]$_SDFFE_PP0P_/D
     4020 |       2 |     589 |            0 |    +0.3% |  -2.322 | -65.674 | memory_axi_0/addr_reg[23]$_SDFFE_PP0P_/D
     4030 |       2 |     589 |            0 |    +0.3% |  -2.322 | -65.674 | memory_axi_0/addr_reg[23]$_SDFFE_PP0P_/D
     4040 |       2 |     589 |            0 |    +0.3% |  -2.322 | -65.674 | memory_axi_0/addr_reg[23]$_SDFFE_PP0P_/D
     4050 |       2 |     589 |            0 |    +0.3% |  -2.322 | -65.674 | memory_axi_0/addr_reg[23]$_SDFFE_PP0P_/D
     4060 |       2 |     589 |            0 |    +0.3% |  -2.322 | -65.674 | memory_axi_0/addr_reg[23]$_SDFFE_PP0P_/D
     4070 |       2 |     589 |            0 |    +0.3% |  -2.322 | -65.674 | memory_axi_0/addr_reg[23]$_SDFFE_PP0P_/D
     4080 |       2 |     589 |            0 |    +0.3% |  -2.322 | -65.674 | memory_axi_0/addr_reg[23]$_SDFFE_PP0P_/D
     4090 |       2 |     589 |            0 |    +0.3% |  -2.322 | -65.674 | memory_axi_0/addr_reg[23]$_SDFFE_PP0P_/D
     4100 |       2 |     589 |            0 |    +0.3% |  -2.322 | -65.674 | memory_axi_0/addr_reg[23]$_SDFFE_PP0P_/D
     4110 |       2 |     589 |            0 |    +0.3% |  -2.322 | -65.674 | memory_axi_0/addr_reg[23]$_SDFFE_PP0P_/D
     4120 |       2 |     589 |            0 |    +0.3% |  -2.322 | -65.674 | memory_axi_0/addr_reg[23]$_SDFFE_PP0P_/D
     4130 |       2 |     589 |            0 |    +0.3% |  -2.322 | -65.674 | memory_axi_0/addr_reg[23]$_SDFFE_PP0P_/D
     4140 |       2 |     589 |            0 |    +0.3% |  -2.322 | -65.674 | memory_axi_0/addr_reg[23]$_SDFFE_PP0P_/D
     4150 |       2 |     589 |            0 |    +0.3% |  -2.322 | -65.674 | memory_axi_0/addr_reg[23]$_SDFFE_PP0P_/D
     4160 |       2 |     589 |            0 |    +0.3% |  -2.322 | -65.674 | memory_axi_0/addr_reg[23]$_SDFFE_PP0P_/D
     4170 |       2 |     589 |            0 |    +0.3% |  -2.322 | -65.674 | memory_axi_0/addr_reg[23]$_SDFFE_PP0P_/D
     4180 |       2 |     589 |            0 |    +0.3% |  -2.322 | -65.674 | memory_axi_0/addr_reg[23]$_SDFFE_PP0P_/D
     4190 |       2 |     589 |            0 |    +0.3% |  -2.322 | -65.674 | memory_axi_0/addr_reg[23]$_SDFFE_PP0P_/D
     4200 |       2 |     589 |            0 |    +0.3% |  -2.322 | -65.674 | memory_axi_0/addr_reg[23]$_SDFFE_PP0P_/D
     4210 |       2 |     589 |            0 |    +0.3% |  -2.322 | -65.674 | memory_axi_0/addr_reg[23]$_SDFFE_PP0P_/D
     4220 |       2 |     590 |            0 |    +0.3% |  -2.322 | -65.674 | memory_axi_0/addr_reg[23]$_SDFFE_PP0P_/D
     4230 |       2 |     590 |            0 |    +0.3% |  -2.322 | -65.674 | memory_axi_0/addr_reg[23]$_SDFFE_PP0P_/D
     4240 |       2 |     590 |            0 |    +0.3% |  -2.322 | -65.674 | memory_axi_0/addr_reg[23]$_SDFFE_PP0P_/D
     4250 |       2 |     590 |            0 |    +0.3% |  -2.322 | -65.674 | memory_axi_0/addr_reg[23]$_SDFFE_PP0P_/D
     4260 |       2 |     590 |            0 |    +0.3% |  -2.322 | -65.674 | memory_axi_0/addr_reg[23]$_SDFFE_PP0P_/D
     4270 |       2 |     590 |            0 |    +0.3% |  -2.322 | -65.674 | memory_axi_0/addr_reg[23]$_SDFFE_PP0P_/D
     4280 |       2 |     590 |            0 |    +0.3% |  -2.322 | -65.674 | memory_axi_0/addr_reg[23]$_SDFFE_PP0P_/D
     4290 |       2 |     590 |            0 |    +0.3% |  -2.322 | -65.674 | memory_axi_0/addr_reg[23]$_SDFFE_PP0P_/D
     4300 |       2 |     590 |            0 |    +0.3% |  -2.322 | -65.674 | memory_axi_0/addr_reg[23]$_SDFFE_PP0P_/D
     4310 |       2 |     590 |            0 |    +0.3% |  -2.322 | -65.674 | memory_axi_0/addr_reg[23]$_SDFFE_PP0P_/D
     4320 |       2 |     590 |            0 |    +0.3% |  -2.322 | -65.674 | memory_axi_0/addr_reg[23]$_SDFFE_PP0P_/D
     4330 |       2 |     590 |            0 |    +0.3% |  -2.322 | -65.674 | memory_axi_0/addr_reg[23]$_SDFFE_PP0P_/D
     4340 |       2 |     590 |            0 |    +0.3% |  -2.322 | -65.674 | memory_axi_0/addr_reg[23]$_SDFFE_PP0P_/D
     4350 |       2 |     590 |            0 |    +0.3% |  -2.322 | -65.674 | memory_axi_0/addr_reg[23]$_SDFFE_PP0P_/D
     4360 |       2 |     590 |            0 |    +0.3% |  -2.322 | -65.674 | memory_axi_0/addr_reg[23]$_SDFFE_PP0P_/D
     4370 |       2 |     590 |            0 |    +0.3% |  -2.322 | -65.674 | memory_axi_0/addr_reg[23]$_SDFFE_PP0P_/D
     4380 |       2 |     590 |            0 |    +0.3% |  -2.322 | -65.674 | memory_axi_0/addr_reg[23]$_SDFFE_PP0P_/D
     4390 |       2 |     590 |            0 |    +0.3% |  -2.322 | -65.674 | memory_axi_0/addr_reg[23]$_SDFFE_PP0P_/D
     4400 |       2 |     590 |            0 |    +0.3% |  -2.322 | -65.674 | memory_axi_0/addr_reg[23]$_SDFFE_PP0P_/D
     4410 |       2 |     590 |            0 |    +0.3% |  -2.322 | -65.674 | memory_axi_0/addr_reg[23]$_SDFFE_PP0P_/D
     4420 |       2 |     591 |            0 |    +0.3% |  -2.322 | -65.674 | memory_axi_0/addr_reg[23]$_SDFFE_PP0P_/D
     4430 |       2 |     593 |            0 |    +0.3% |  -2.322 | -64.855 | memory_axi_0/addr_reg[23]$_SDFFE_PP0P_/D
     4440 |       2 |     595 |            0 |    +0.3% |  -2.322 | -64.855 | memory_axi_0/addr_reg[23]$_SDFFE_PP0P_/D
     4450 |       2 |     616 |            0 |    +0.4% |  -1.996 | -53.637 | memory_axi_0/addr_reg[16]$_SDFFE_PP0P_/D
     4460 |       2 |     636 |            0 |    +0.4% |  -1.821 | -42.855 | memory_axi_0/addr_reg[24]$_SDFFE_PP0P_/D
     4470 |       2 |     657 |            0 |    +0.4% |  -1.450 | -32.959 | memory_axi_0/addr_reg[2]$_SDFFE_PP0P_/D
     4480 |       2 |     684 |            0 |    +0.4% |  -1.169 | -27.816 | memory_axi_0/addr_reg[8]$_SDFFE_PP0P_/D
     4490 |       2 |     698 |            0 |    +0.4% |  -1.169 | -25.221 | memory_axi_0/addr_reg[8]$_SDFFE_PP0P_/D
     4490 |       2 |     698 |            0 |    +0.4% |  -1.169 | -25.221 | memory_axi_0/addr_reg[8]$_SDFFE_PP0P_/D
     4500 |       2 |     735 |            0 |    +0.4% |  -1.001 | -23.489 | memory_axi_0/addr_reg[8]$_SDFFE_PP0P_/D
     4510 |       2 |     770 |            0 |    +0.4% |  -1.001 | -21.628 | memory_axi_0/addr_reg[8]$_SDFFE_PP0P_/D
     4520 |       2 |     797 |            0 |    +0.5% |  -1.001 | -20.113 | memory_axi_0/addr_reg[8]$_SDFFE_PP0P_/D
     4530 |       2 |     821 |            0 |    +0.5% |  -0.858 | -14.836 | memory_axi_0/addr_reg[30]$_SDFFE_PP0P_/D
     4540 |       2 |     855 |            0 |    +0.5% |  -0.581 |  -7.376 | memory_axi_0/addr_reg[31]$_SDFFE_PP0P_/D
     4550 |       2 |     884 |            0 |    +0.5% |  -0.412 |  -2.332 | memory_axi_0/addr_reg[12]$_SDFFE_PP0P_/D
    final |       2 |     897 |            0 |    +0.5% |   0.000 |   0.000 | memory_axi_0/addr_reg[17]$_SDFFE_PP0P_/D
--------------------------------------------------------------------------------------
[INFO RSZ-0132] Resized 2 instances.
[INFO RSZ-0032] Inserted 897 hold buffers.
[INFO RSZ-0506] Runtime: 293.45s
Took 732 seconds: repair_timing -setup_margin 0 -hold_margin 0 -repair_tns 0 -match_cell_footprint -verbose
detailed_placement
[INFO DPL-0006] Core area: 3527558.21 um^2
[INFO DPL-0007] Movable instances area: 1684842.15 um^2
[INFO DPL-0008] Fixed instances area within core: 58876.47 um^2
[INFO DPL-0009] Utilization: 49.4%
[INFO DPL-0005] Diamond search max displacement: +/- 500 sites horizontally, +/- 100 rows vertically.
[INFO DPL-1102] Legalizing using negotiation legalizer.
[INFO DPL-1103] Negotiation base search window: +/-20 sites horizontally, +/-5 rows vertically 
	Automatic search window extension enabled.
	Search window extendable up to the max displacement cap of +/-500 sites, +/-100 rows near walls.
[INFO DPL-1104] NegotiationLegalizer DRC penalty: 5.
[INFO DPL-0392] Negotiation cell height distribution (1 unique row-count(s)):
[INFO DPL-0393]   height 1 row(s): 169482 cells
          |      Total |  Illegal |  Illegal
Iteration | Violations |    Cells |    Sites
---------------------------------------------
        0 |         56 |        12 |        44
        1 |          0 |         0 |         0
Negotiation phase 1 converged at iteration 1.
[INFO DPL-0500] Runtime: 5.27s
Placement Analysis
---------------------------------
total displacement       5138.9 u
average displacement        0.0 u
max displacement           20.9 u
original HPWL         5317622.9 u
legalized HPWL        5321865.2 u
delta HPWL                    0 %

Took 5 seconds: detailed_placement
Report metrics stage 4, cts final...

==========================================================================
cts final report_design_area
--------------------------------------------------------------------------
Design area 1743719 um^2 49% utilization.
write_db /Users/shubhanshu/Desktop/Nebula/digital/artifacts/model_ppa_v3/pnr_v3_sonnet_wide/results/sky130hd/nebula_bench_v2/v3_sonnet_wide/4_1_cts.odb
write_sdc -no_timestamp /Users/shubhanshu/Desktop/Nebula/digital/artifacts/model_ppa_v3/pnr_v3_sonnet_wide/results/sky130hd/nebula_bench_v2/v3_sonnet_wide/4_cts.sdc
Elapsed time: 21:06.42[h:]min:sec. CPU time: user 611.89 sys 49.00 (52%). Peak memory: 701904KB.
Log                       Ext     Elapsed/s Peak Memory/MB sha1sum result [0:20)
4_1_cts                   .odb         1266            685 b41e3cea5ce4719b7b27
