OPENROAD: /Users/shubhanshu/Desktop/Nebula/digital/orfs/tools/OpenROAD
mkdir -p /Users/shubhanshu/Desktop/Nebula/digital/artifacts/model_ppa_v2_20260913_2305/pnr_openrouter_nemotron-ultra/results/sky130hd/nebula_bench_v2/openrouter_nemotron-ultra/
echo  > /Users/shubhanshu/Desktop/Nebula/digital/artifacts/model_ppa_v2_20260913_2305/pnr_openrouter_nemotron-ultra/results/sky130hd/nebula_bench_v2/openrouter_nemotron-ultra/clock_period.txt
/Users/shubhanshu/Desktop/Nebula/digital/orfs/flow/scripts/synth.sh /Users/shubhanshu/Desktop/Nebula/digital/orfs/flow/scripts/synth_canonicalize.tcl /Users/shubhanshu/Desktop/Nebula/digital/artifacts/model_ppa_v2_20260913_2305/pnr_openrouter_nemotron-ultra/logs/sky130hd/nebula_bench_v2/openrouter_nemotron-ultra/1_1_yosys_canonicalize.log
Using ABC speed script.
Extracting clock period from SDC file: /Users/shubhanshu/Desktop/Nebula/digital/artifacts/model_ppa_v2_20260913_2305/pnr_openrouter_nemotron-ultra/results/sky130hd/nebula_bench_v2/openrouter_nemotron-ultra/clock_period.txt
1. Executing Liberty frontend: /Users/shubhanshu/Desktop/Nebula/digital/orfs/flow/platforms/sky130hd/lib/sky130_fd_sc_hd__tt_025C_1v80.lib
2. Executing Liberty frontend: /Users/shubhanshu/Desktop/Nebula/digital/orfs/flow/platforms/sky130hd/lib/sky130_fd_sc_hd__tt_025C_1v80.lib
3. Executing Verilog-2005 frontend: /Users/shubhanshu/Desktop/Nebula/digital/output/rtl_variants_v2/openrouter_nemotron-ultra/rtl/alu.v
4. Executing Verilog-2005 frontend: /Users/shubhanshu/Desktop/Nebula/digital/output/rtl_variants_v2/openrouter_nemotron-ultra/rtl/alu_src_a_mux.v
5. Executing Verilog-2005 frontend: /Users/shubhanshu/Desktop/Nebula/digital/output/rtl_variants_v2/openrouter_nemotron-ultra/rtl/alu_src_b_mux.v
6. Executing Verilog-2005 frontend: /Users/shubhanshu/Desktop/Nebula/digital/output/rtl_variants_v2/openrouter_nemotron-ultra/rtl/arbiter.v
7. Executing Verilog-2005 frontend: /Users/shubhanshu/Desktop/Nebula/digital/output/rtl_variants_v2/openrouter_nemotron-ultra/rtl/asynchronous_fifo_gen.v
8. Executing Verilog-2005 frontend: /Users/shubhanshu/Desktop/Nebula/digital/output/rtl_variants_v2/openrouter_nemotron-ultra/rtl/axi_interconnect_2m_8s.v
9. Executing Verilog-2005 frontend: /Users/shubhanshu/Desktop/Nebula/digital/output/rtl_variants_v2/openrouter_nemotron-ultra/rtl/axi_lite_dma_config.v
10. Executing Verilog-2005 frontend: /Users/shubhanshu/Desktop/Nebula/digital/output/rtl_variants_v2/openrouter_nemotron-ultra/rtl/axi_lite_dot.v
11. Executing Verilog-2005 frontend: /Users/shubhanshu/Desktop/Nebula/digital/output/rtl_variants_v2/openrouter_nemotron-ultra/rtl/axi_lite_gpio.v
12. Executing Verilog-2005 frontend: /Users/shubhanshu/Desktop/Nebula/digital/output/rtl_variants_v2/openrouter_nemotron-ultra/rtl/axi_lite_master.v
13. Executing Verilog-2005 frontend: /Users/shubhanshu/Desktop/Nebula/digital/output/rtl_variants_v2/openrouter_nemotron-ultra/rtl/axi_lite_timer.v
14. Executing Verilog-2005 frontend: /Users/shubhanshu/Desktop/Nebula/digital/output/rtl_variants_v2/openrouter_nemotron-ultra/rtl/axi_lite_uart.v
15. Executing Verilog-2005 frontend: /Users/shubhanshu/Desktop/Nebula/digital/output/rtl_variants_v2/openrouter_nemotron-ultra/rtl/bin_to_bcd_32.v
16. Executing Verilog-2005 frontend: /Users/shubhanshu/Desktop/Nebula/digital/output/rtl_variants_v2/openrouter_nemotron-ultra/rtl/branch_comp_decoder.v
17. Executing Verilog-2005 frontend: /Users/shubhanshu/Desktop/Nebula/digital/output/rtl_variants_v2/openrouter_nemotron-ultra/rtl/branch_comprator.v
18. Executing Verilog-2005 frontend: /Users/shubhanshu/Desktop/Nebula/digital/output/rtl_variants_v2/openrouter_nemotron-ultra/rtl/branch_predictor.v
19. Executing Verilog-2005 frontend: /Users/shubhanshu/Desktop/Nebula/digital/output/rtl_variants_v2/openrouter_nemotron-ultra/rtl/clk_div_mux.v
20. Executing Verilog-2005 frontend: /Users/shubhanshu/Desktop/Nebula/digital/output/rtl_variants_v2/openrouter_nemotron-ultra/rtl/clk_gate.v
21. Executing Verilog-2005 frontend: /Users/shubhanshu/Desktop/Nebula/digital/output/rtl_variants_v2/openrouter_nemotron-ultra/rtl/control_unit.v
22. Executing Verilog-2005 frontend: /Users/shubhanshu/Desktop/Nebula/digital/output/rtl_variants_v2/openrouter_nemotron-ultra/rtl/csr_regfile.v
23. Executing Verilog-2005 frontend: /Users/shubhanshu/Desktop/Nebula/digital/output/rtl_variants_v2/openrouter_nemotron-ultra/rtl/data_clipper.v
24. Executing Verilog-2005 frontend: /Users/shubhanshu/Desktop/Nebula/digital/output/rtl_variants_v2/openrouter_nemotron-ultra/rtl/data_extender.v
25. Executing Verilog-2005 frontend: /Users/shubhanshu/Desktop/Nebula/digital/output/rtl_variants_v2/openrouter_nemotron-ultra/rtl/data_forwarding_unit.v
26. Executing Verilog-2005 frontend: /Users/shubhanshu/Desktop/Nebula/digital/output/rtl_variants_v2/openrouter_nemotron-ultra/rtl/div_restoring_32.v
27. Executing Verilog-2005 frontend: /Users/shubhanshu/Desktop/Nebula/digital/output/rtl_variants_v2/openrouter_nemotron-ultra/rtl/dma_controller.v
28. Executing Verilog-2005 frontend: /Users/shubhanshu/Desktop/Nebula/digital/output/rtl_variants_v2/openrouter_nemotron-ultra/rtl/dmem.v
29. Executing Verilog-2005 frontend: /Users/shubhanshu/Desktop/Nebula/digital/output/rtl_variants_v2/openrouter_nemotron-ultra/rtl/execution_stage.v
30. Executing Verilog-2005 frontend: /Users/shubhanshu/Desktop/Nebula/digital/output/rtl_variants_v2/openrouter_nemotron-ultra/rtl/fp4_dot_unit.v
31. Executing Verilog-2005 frontend: /Users/shubhanshu/Desktop/Nebula/digital/output/rtl_variants_v2/openrouter_nemotron-ultra/rtl/fp4_mul.v
32. Executing Verilog-2005 frontend: /Users/shubhanshu/Desktop/Nebula/digital/output/rtl_variants_v2/openrouter_nemotron-ultra/rtl/fp8_adder.v
33. Executing Verilog-2005 frontend: /Users/shubhanshu/Desktop/Nebula/digital/output/rtl_variants_v2/openrouter_nemotron-ultra/rtl/gpio_controller.v
34. Executing Verilog-2005 frontend: /Users/shubhanshu/Desktop/Nebula/digital/output/rtl_variants_v2/openrouter_nemotron-ultra/rtl/hazard_detection_unit.v
35. Executing Verilog-2005 frontend: /Users/shubhanshu/Desktop/Nebula/digital/output/rtl_variants_v2/openrouter_nemotron-ultra/rtl/i_rom_32x256.v
36. Executing Verilog-2005 frontend: /Users/shubhanshu/Desktop/Nebula/digital/output/rtl_variants_v2/openrouter_nemotron-ultra/rtl/id_memory_256x64_wrap.v
37. Executing Verilog-2005 frontend: /Users/shubhanshu/Desktop/Nebula/digital/output/rtl_variants_v2/openrouter_nemotron-ultra/rtl/immediate_generator.v
38. Executing Verilog-2005 frontend: /Users/shubhanshu/Desktop/Nebula/digital/output/rtl_variants_v2/openrouter_nemotron-ultra/rtl/instruction_decode_stage.v
39. Executing Verilog-2005 frontend: /Users/shubhanshu/Desktop/Nebula/digital/output/rtl_variants_v2/openrouter_nemotron-ultra/rtl/instruction_fetch_stage.v
40. Executing Verilog-2005 frontend: /Users/shubhanshu/Desktop/Nebula/digital/output/rtl_variants_v2/openrouter_nemotron-ultra/rtl/interrupt_control_unit.v
41. Executing Verilog-2005 frontend: /Users/shubhanshu/Desktop/Nebula/digital/output/rtl_variants_v2/openrouter_nemotron-ultra/rtl/isqrt_restoring_32.v
42. Executing Verilog-2005 frontend: /Users/shubhanshu/Desktop/Nebula/digital/output/rtl_variants_v2/openrouter_nemotron-ultra/rtl/l1_cache_axi_master.v
43. Executing Verilog-2005 frontend: /Users/shubhanshu/Desktop/Nebula/digital/output/rtl_variants_v2/openrouter_nemotron-ultra/rtl/l1_d_cache_8kb.v
44. Executing Verilog-2005 frontend: /Users/shubhanshu/Desktop/Nebula/digital/output/rtl_variants_v2/openrouter_nemotron-ultra/rtl/l1_i_cache_8kb.v
45. Executing Verilog-2005 frontend: /Users/shubhanshu/Desktop/Nebula/digital/output/rtl_variants_v2/openrouter_nemotron-ultra/rtl/mem_axi_slave.v
46. Executing Verilog-2005 frontend: /Users/shubhanshu/Desktop/Nebula/digital/output/rtl_variants_v2/openrouter_nemotron-ultra/rtl/memory_stage.v
47. Executing Verilog-2005 frontend: /Users/shubhanshu/Desktop/Nebula/digital/output/rtl_variants_v2/openrouter_nemotron-ultra/rtl/mult_array_32.v
48. Executing Verilog-2005 frontend: /Users/shubhanshu/Desktop/Nebula/digital/output/rtl_variants_v2/openrouter_nemotron-ultra/rtl/multiplier_pipelined.v
49. Executing Verilog-2005 frontend: /Users/shubhanshu/Desktop/Nebula/digital/output/rtl_variants_v2/openrouter_nemotron-ultra/rtl/pipeline_reg_ex_mem.v
50. Executing Verilog-2005 frontend: /Users/shubhanshu/Desktop/Nebula/digital/output/rtl_variants_v2/openrouter_nemotron-ultra/rtl/pipeline_reg_id_ex.v
51. Executing Verilog-2005 frontend: /Users/shubhanshu/Desktop/Nebula/digital/output/rtl_variants_v2/openrouter_nemotron-ultra/rtl/pipeline_reg_if_id.v
52. Executing Verilog-2005 frontend: /Users/shubhanshu/Desktop/Nebula/digital/output/rtl_variants_v2/openrouter_nemotron-ultra/rtl/pipeline_reg_mem_wb.v
53. Executing Verilog-2005 frontend: /Users/shubhanshu/Desktop/Nebula/digital/output/rtl_variants_v2/openrouter_nemotron-ultra/rtl/processor_top.v
54. Executing Verilog-2005 frontend: /Users/shubhanshu/Desktop/Nebula/digital/output/rtl_variants_v2/openrouter_nemotron-ultra/rtl/read_buffer_d_cache.v
55. Executing Verilog-2005 frontend: /Users/shubhanshu/Desktop/Nebula/digital/output/rtl_variants_v2/openrouter_nemotron-ultra/rtl/read_buffer_i_cache.v
56. Executing Verilog-2005 frontend: /Users/shubhanshu/Desktop/Nebula/digital/output/rtl_variants_v2/openrouter_nemotron-ultra/rtl/register_file.v
57. Executing Verilog-2005 frontend: /Users/shubhanshu/Desktop/Nebula/digital/output/rtl_variants_v2/openrouter_nemotron-ultra/rtl/soc_top.v
58. Executing Verilog-2005 frontend: /Users/shubhanshu/Desktop/Nebula/digital/output/rtl_variants_v2/openrouter_nemotron-ultra/rtl/tag_memory_92x64_wrap.v
59. Executing Verilog-2005 frontend: /Users/shubhanshu/Desktop/Nebula/digital/output/rtl_variants_v2/openrouter_nemotron-ultra/rtl/timer.v
60. Executing Verilog-2005 frontend: /Users/shubhanshu/Desktop/Nebula/digital/output/rtl_variants_v2/openrouter_nemotron-ultra/rtl/uart_controller.v
61. Executing Verilog-2005 frontend: /Users/shubhanshu/Desktop/Nebula/digital/output/rtl_variants_v2/openrouter_nemotron-ultra/rtl/write_back_stage.v
62. Executing Verilog-2005 frontend: /Users/shubhanshu/Desktop/Nebula/digital/orfs/flow/platforms/sky130hd/cells_clkgate_hd.v
63. Executing HIERARCHY pass (managing design hierarchy).
64. Executing AST frontend in derive mode using pre-parsed AST for module `\soc_top'.
64.1. Analyzing design hierarchy..
64.2. Executing AST frontend in derive mode using pre-parsed AST for module `\dmem'.
64.3. Executing AST frontend in derive mode using pre-parsed AST for module `\interrupt_control_unit'.
64.4. Executing AST frontend in derive mode using pre-parsed AST for module `\clk_gate'.
64.5. Executing AST frontend in derive mode using pre-parsed AST for module `\clk_div_mux'.
64.6. Executing AST frontend in derive mode using pre-parsed AST for module `\axi_lite_uart'.
64.7. Executing AST frontend in derive mode using pre-parsed AST for module `\mem_axi_slave'.
64.8. Executing AST frontend in derive mode using pre-parsed AST for module `\axi_lite_dot'.
64.9. Executing AST frontend in derive mode using pre-parsed AST for module `\axi_lite_dma_config'.
64.10. Executing AST frontend in derive mode using pre-parsed AST for module `\axi_lite_gpio'.
64.11. Executing AST frontend in derive mode using pre-parsed AST for module `\axi_lite_timer'.
64.12. Executing AST frontend in derive mode using pre-parsed AST for module `\axi_interconnect_2m_8s'.
64.13. Executing AST frontend in derive mode using pre-parsed AST for module `\axi_lite_master'.
64.14. Executing AST frontend in derive mode using pre-parsed AST for module `\l1_cache_axi_master'.
64.15. Executing AST frontend in derive mode using pre-parsed AST for module `\l1_d_cache_8kb'.
64.16. Executing AST frontend in derive mode using pre-parsed AST for module `\read_buffer_d_cache'.
64.17. Executing AST frontend in derive mode using pre-parsed AST for module `\processor_top'.
64.18. Analyzing design hierarchy..
64.19. Executing AST frontend in derive mode using pre-parsed AST for module `\hazard_detection_unit'.
64.20. Executing AST frontend in derive mode using pre-parsed AST for module `\write_back_stage'.
64.21. Executing AST frontend in derive mode using pre-parsed AST for module `\pipeline_reg_mem_wb'.
64.22. Executing AST frontend in derive mode using pre-parsed AST for module `\memory_stage'.
64.23. Executing AST frontend in derive mode using pre-parsed AST for module `\pipeline_reg_ex_mem'.
64.24. Executing AST frontend in derive mode using pre-parsed AST for module `\branch_comprator'.
64.25. Executing AST frontend in derive mode using pre-parsed AST for module `\execution_stage'.
64.26. Executing AST frontend in derive mode using pre-parsed AST for module `\alu_src_b_mux'.
64.27. Executing AST frontend in derive mode using pre-parsed AST for module `\alu_src_a_mux'.
64.28. Executing AST frontend in derive mode using pre-parsed AST for module `\pipeline_reg_id_ex'.
64.29. Executing AST frontend in derive mode using pre-parsed AST for module `\data_forwarding_unit'.
64.30. Executing AST frontend in derive mode using pre-parsed AST for module `\data_extender'.
64.31. Executing AST frontend in derive mode using pre-parsed AST for module `\instruction_decode_stage'.
64.32. Executing AST frontend in derive mode using pre-parsed AST for module `\pipeline_reg_if_id'.
64.33. Executing AST frontend in derive mode using pre-parsed AST for module `\instruction_fetch_stage'.
64.34. Executing AST frontend in derive mode using pre-parsed AST for module `\id_memory_256x64_wrap'.
64.35. Executing AST frontend in derive mode using pre-parsed AST for module `\tag_memory_92x64_wrap'.
64.36. Executing AST frontend in derive mode using pre-parsed AST for module `\arbiter'.
64.37. Executing AST frontend in derive mode using pre-parsed AST for module `\timer'.
64.38. Executing AST frontend in derive mode using pre-parsed AST for module `\asynchronous_fifo_gen'.
64.39. Executing AST frontend in derive mode using pre-parsed AST for module `\asynchronous_fifo_gen'.
64.40. Executing AST frontend in derive mode using pre-parsed AST for module `\gpio_controller'.
64.41. Executing AST frontend in derive mode using pre-parsed AST for module `\dma_controller'.
64.42. Executing AST frontend in derive mode using pre-parsed AST for module `\fp4_dot_unit'.
64.43. Executing AST frontend in derive mode using pre-parsed AST for module `\uart_controller'.
64.44. Analyzing design hierarchy..
64.45. Executing AST frontend in derive mode using pre-parsed AST for module `\bin_to_bcd_32'.
64.46. Executing AST frontend in derive mode using pre-parsed AST for module `\fp8_adder'.
64.47. Executing AST frontend in derive mode using pre-parsed AST for module `\fp4_mul'.
64.48. Executing AST frontend in derive mode using pre-parsed AST for module `\isqrt_restoring_32'.
64.49. Executing AST frontend in derive mode using pre-parsed AST for module `\mult_array_32'.
64.50. Executing AST frontend in derive mode using pre-parsed AST for module `\branch_predictor'.
64.51. Executing AST frontend in derive mode using pre-parsed AST for module `\i_rom_32x256'.
64.52. Executing AST frontend in derive mode using pre-parsed AST for module `\l1_i_cache_8kb'.
64.53. Executing AST frontend in derive mode using pre-parsed AST for module `\read_buffer_i_cache'.
Warning: Replacing memory \buf_data with list of registers. See /Users/shubhanshu/Desktop/Nebula/digital/output/rtl_variants_v2/openrouter_nemotron-ultra/rtl/read_buffer_i_cache.v:87
64.54. Executing AST frontend in derive mode using pre-parsed AST for module `\branch_comp_decoder'.
64.55. Executing AST frontend in derive mode using pre-parsed AST for module `\immediate_generator'.
64.56. Executing AST frontend in derive mode using pre-parsed AST for module `\csr_regfile'.
64.57. Executing AST frontend in derive mode using pre-parsed AST for module `\register_file'.
64.58. Executing AST frontend in derive mode using pre-parsed AST for module `\control_unit'.
64.59. Executing AST frontend in derive mode using pre-parsed AST for module `\data_clipper'.
64.60. Executing AST frontend in derive mode using pre-parsed AST for module `\multiplier_pipelined'.
64.61. Executing AST frontend in derive mode using pre-parsed AST for module `\alu'.
64.62. Analyzing design hierarchy..
64.63. Executing AST frontend in derive mode using pre-parsed AST for module `\div_restoring_32'.
64.64. Analyzing design hierarchy..
64.65. Analyzing design hierarchy..
65. Executing OPT_CLEAN pass (remove unused cells and wires).
Warning: Ignoring module div_restoring_32 because it contains processes (run 'proc' command first).
Warning: Ignoring module alu because it contains processes (run 'proc' command first).
Warning: Ignoring module multiplier_pipelined because it contains processes (run 'proc' command first).
Warning: Ignoring module data_clipper because it contains processes (run 'proc' command first).
Warning: Ignoring module control_unit because it contains processes (run 'proc' command first).
Warning: Ignoring module register_file because it contains processes (run 'proc' command first).
Warning: Ignoring module csr_regfile because it contains processes (run 'proc' command first).
Warning: Ignoring module immediate_generator because it contains processes (run 'proc' command first).
Warning: Ignoring module branch_comp_decoder because it contains processes (run 'proc' command first).
Warning: Ignoring module read_buffer_i_cache because it contains processes (run 'proc' command first).
Warning: Ignoring module l1_i_cache_8kb because it contains processes (run 'proc' command first).
Warning: Ignoring module i_rom_32x256 because it contains processes (run 'proc' command first).
Warning: Ignoring module branch_predictor because it contains processes (run 'proc' command first).
Warning: Ignoring module mult_array_32 because it contains processes (run 'proc' command first).
Warning: Ignoring module isqrt_restoring_32 because it contains processes (run 'proc' command first).
Warning: Ignoring module fp4_mul because it contains processes (run 'proc' command first).
Warning: Ignoring module fp8_adder because it contains processes (run 'proc' command first).
Warning: Ignoring module bin_to_bcd_32 because it contains processes (run 'proc' command first).
Warning: Ignoring module uart_controller because it contains processes (run 'proc' command first).
Warning: Ignoring module dma_controller because it contains processes (run 'proc' command first).
Warning: Ignoring module gpio_controller because it contains processes (run 'proc' command first).
Warning: Ignoring module $paramod$e9b0330b32c707496d2ac0891b99a36ab486e931\asynchronous_fifo_gen because it contains processes (run 'proc' command first).
Warning: Ignoring module $paramod$72f83d20332db853f52d52010cdb396e42162176\asynchronous_fifo_gen because it contains processes (run 'proc' command first).
Warning: Ignoring module timer because it contains processes (run 'proc' command first).
Warning: Ignoring module arbiter because it contains processes (run 'proc' command first).
Warning: Ignoring module tag_memory_92x64_wrap because it contains processes (run 'proc' command first).
Warning: Ignoring module id_memory_256x64_wrap because it contains processes (run 'proc' command first).
Warning: Ignoring module instruction_fetch_stage because it contains processes (run 'proc' command first).
Warning: Ignoring module pipeline_reg_if_id because it contains processes (run 'proc' command first).
Warning: Ignoring module data_extender because it contains processes (run 'proc' command first).
Warning: Ignoring module data_forwarding_unit because it contains processes (run 'proc' command first).
Warning: Ignoring module pipeline_reg_id_ex because it contains processes (run 'proc' command first).
Warning: Ignoring module alu_src_a_mux because it contains processes (run 'proc' command first).
Warning: Ignoring module alu_src_b_mux because it contains processes (run 'proc' command first).
Warning: Ignoring module branch_comprator because it contains processes (run 'proc' command first).
Warning: Ignoring module pipeline_reg_ex_mem because it contains processes (run 'proc' command first).
Warning: Ignoring module pipeline_reg_mem_wb because it contains processes (run 'proc' command first).
Warning: Ignoring module read_buffer_d_cache because it contains processes (run 'proc' command first).
Warning: Ignoring module l1_d_cache_8kb because it contains processes (run 'proc' command first).
Warning: Ignoring module l1_cache_axi_master because it contains processes (run 'proc' command first).
Warning: Ignoring module axi_lite_master because it contains processes (run 'proc' command first).
Warning: Ignoring module axi_interconnect_2m_8s because it contains processes (run 'proc' command first).
Warning: Ignoring module axi_lite_timer because it contains processes (run 'proc' command first).
Warning: Ignoring module axi_lite_gpio because it contains processes (run 'proc' command first).
Warning: Ignoring module axi_lite_dma_config because it contains processes (run 'proc' command first).
Warning: Ignoring module axi_lite_dot because it contains processes (run 'proc' command first).
Warning: Ignoring module mem_axi_slave because it contains processes (run 'proc' command first).
Warning: Ignoring module axi_lite_uart because it contains processes (run 'proc' command first).
Warning: Ignoring module clk_div_mux because it contains processes (run 'proc' command first).
Warning: Ignoring module interrupt_control_unit because it contains processes (run 'proc' command first).
Warning: Ignoring module dmem because it contains processes (run 'proc' command first).
Warning: Ignoring module soc_top because it contains processes (run 'proc' command first).
66. Executing RTLIL backend.
Warnings: 53 unique messages, 53 total
End of script. Logfile hash: 3bdddc37ea, time: 0.54s, user: 0.43s, system: 0.04s, MEM: 83.92 MB peak
Yosys 0.67+ (git sha1 b88b73a99, Release, AppleClang /usr/bin/c++ 21.0.0.21000101) [github.com/The-OpenROAD-Project/yosys at HEAD]
Time spent: 55% 1x hierarchy (0 sec), 20% 4x read_liberty (0 sec), ...
Elapsed time: 0:00.56[h:]min:sec. CPU time: user 0.46 sys 0.06 (92%). Peak memory: 86320KB.
Log                       Ext     Elapsed/s Peak Memory/MB sha1sum result [0:20)
1_1_yosys_canonicalize    .rtlil          0             84 4a43ee94547f611be266
/Users/shubhanshu/Desktop/Nebula/digital/orfs/flow/scripts/synth.sh /Users/shubhanshu/Desktop/Nebula/digital/orfs/flow/scripts/synth.tcl /Users/shubhanshu/Desktop/Nebula/digital/artifacts/model_ppa_v2_20260913_2305/pnr_openrouter_nemotron-ultra/logs/sky130hd/nebula_bench_v2/openrouter_nemotron-ultra/1_2_yosys.log
Using ABC speed script.
Extracting clock period from SDC file: /Users/shubhanshu/Desktop/Nebula/digital/artifacts/model_ppa_v2_20260913_2305/pnr_openrouter_nemotron-ultra/results/sky130hd/nebula_bench_v2/openrouter_nemotron-ultra/clock_period.txt
1. Executing RTLIL frontend.
2. Executing HIERARCHY pass (managing design hierarchy).
2.1. Analyzing design hierarchy..
2.2. Analyzing design hierarchy..
3. Executing SYNTH pass.
3.1. Executing HIERARCHY pass (managing design hierarchy).
3.1.1. Analyzing design hierarchy..
3.1.2. Analyzing design hierarchy..
3.2. Executing PROC pass (convert processes to netlists).
3.2.1. Executing PROC_CLEAN pass (remove empty switches from decision trees).
3.2.2. Executing PROC_RMDEAD pass (remove dead branches from decision trees).
3.2.3. Executing PROC_PRUNE pass (remove redundant assignments in processes).
3.2.4. Executing PROC_INIT pass (extract init attributes).
3.2.5. Executing PROC_ARST pass (detect async resets in processes).
3.2.6. Executing PROC_ROM pass (convert switches to ROMs).
3.2.7. Executing PROC_MUX pass (convert decision trees to multiplexers).
3.2.8. Executing PROC_DLATCH pass (convert process syncs to latches).
3.2.9. Executing PROC_DFF pass (convert process syncs to FFs).
3.2.10. Executing PROC_MEMWR pass (convert process memory writes to cells).
3.2.11. Executing PROC_CLEAN pass (remove empty switches from decision trees).
3.2.12. Executing OPT_EXPR pass (perform const folding).
3.3. Executing OPT_EXPR pass (perform const folding).
3.4. Executing OPT_CLEAN pass (remove unused cells and wires).
3.5. Executing CHECK pass (checking for obvious problems).
3.6. Executing OPT pass (performing simple optimizations).
3.6.1. Executing OPT_EXPR pass (perform const folding).
3.6.2. Executing OPT_MERGE pass (detect identical cells).
3.6.3. Executing OPT_MUXTREE pass (detect dead branches in mux trees).
3.6.4. Executing OPT_REDUCE pass (consolidate $*mux and $reduce_* inputs).
3.6.5. Executing OPT_MERGE pass (detect identical cells).
3.6.6. Executing OPT_DFF pass (perform DFF optimizations).
3.6.7. Executing OPT_CLEAN pass (remove unused cells and wires).
3.6.8. Executing OPT_EXPR pass (perform const folding).
3.6.9. Rerunning OPT passes. (Maybe there is more to do..)
3.6.10. Executing OPT_MUXTREE pass (detect dead branches in mux trees).
3.6.11. Executing OPT_REDUCE pass (consolidate $*mux and $reduce_* inputs).
3.6.12. Executing OPT_MERGE pass (detect identical cells).
3.6.13. Executing OPT_DFF pass (perform DFF optimizations).
3.6.14. Executing OPT_CLEAN pass (remove unused cells and wires).
3.6.15. Executing OPT_EXPR pass (perform const folding).
3.6.16. Rerunning OPT passes. (Maybe there is more to do..)
3.6.17. Executing OPT_MUXTREE pass (detect dead branches in mux trees).
3.6.18. Executing OPT_REDUCE pass (consolidate $*mux and $reduce_* inputs).
3.6.19. Executing OPT_MERGE pass (detect identical cells).
3.6.20. Executing OPT_DFF pass (perform DFF optimizations).
3.6.21. Executing OPT_CLEAN pass (remove unused cells and wires).
3.6.22. Executing OPT_EXPR pass (perform const folding).
3.6.23. Finished fast OPT passes. (There is nothing left to do.)
3.7. Executing FSM pass (extract and optimize FSM).
3.7.1. Executing FSM_DETECT pass (finding FSMs in design).
3.7.2. Executing FSM_EXTRACT pass (extracting FSM from design).
3.7.3. Executing FSM_OPT pass (simple optimizations of FSMs).
3.7.4. Executing OPT_CLEAN pass (remove unused cells and wires).
3.7.5. Executing FSM_OPT pass (simple optimizations of FSMs).
3.7.6. Executing FSM_RECODE pass (re-assigning FSM state encoding).
3.7.7. Executing FSM_INFO pass (dumping all available information on FSM cells).
3.7.8. Executing FSM_MAP pass (mapping FSMs to basic logic).
3.8. Executing OPT pass (performing simple optimizations).
3.8.1. Executing OPT_EXPR pass (perform const folding).
3.8.2. Executing OPT_MERGE pass (detect identical cells).
3.8.3. Executing OPT_MUXTREE pass (detect dead branches in mux trees).
3.8.4. Executing OPT_REDUCE pass (consolidate $*mux and $reduce_* inputs).
3.8.5. Executing OPT_MERGE pass (detect identical cells).
3.8.6. Executing OPT_DFF pass (perform DFF optimizations).
3.8.7. Executing OPT_CLEAN pass (remove unused cells and wires).
3.8.8. Executing OPT_EXPR pass (perform const folding).
3.8.9. Rerunning OPT passes. (Maybe there is more to do..)
3.8.10. Executing OPT_MUXTREE pass (detect dead branches in mux trees).
3.8.11. Executing OPT_REDUCE pass (consolidate $*mux and $reduce_* inputs).
3.8.12. Executing OPT_MERGE pass (detect identical cells).
3.8.13. Executing OPT_DFF pass (perform DFF optimizations).
3.8.14. Executing OPT_CLEAN pass (remove unused cells and wires).
3.8.15. Executing OPT_EXPR pass (perform const folding).
3.8.16. Rerunning OPT passes. (Maybe there is more to do..)
3.8.17. Executing OPT_MUXTREE pass (detect dead branches in mux trees).
3.8.18. Executing OPT_REDUCE pass (consolidate $*mux and $reduce_* inputs).
3.8.19. Executing OPT_MERGE pass (detect identical cells).
3.8.20. Executing OPT_DFF pass (perform DFF optimizations).
3.8.21. Executing OPT_CLEAN pass (remove unused cells and wires).
3.8.22. Executing OPT_EXPR pass (perform const folding).
3.8.23. Finished fast OPT passes. (There is nothing left to do.)
3.9. Executing WREDUCE pass (reducing word size of cells).
3.10. Executing PEEPOPT pass (run peephole optimizers).
3.11. Executing OPT_CLEAN pass (remove unused cells and wires).
3.12. Executing ALUMACC pass (create $alu and $macc cells).
3.13. Executing SHARE pass (SAT-based resource sharing).
3.14. Executing OPT pass (performing simple optimizations).
3.14.1. Executing OPT_EXPR pass (perform const folding).
3.14.2. Executing OPT_MERGE pass (detect identical cells).
3.14.3. Executing OPT_MUXTREE pass (detect dead branches in mux trees).
3.14.4. Executing OPT_REDUCE pass (consolidate $*mux and $reduce_* inputs).
3.14.5. Executing OPT_MERGE pass (detect identical cells).
3.14.6. Executing OPT_DFF pass (perform DFF optimizations).
3.14.7. Executing OPT_CLEAN pass (remove unused cells and wires).
3.14.8. Executing OPT_EXPR pass (perform const folding).
3.14.9. Rerunning OPT passes. (Maybe there is more to do..)
3.14.10. Executing OPT_MUXTREE pass (detect dead branches in mux trees).
3.14.11. Executing OPT_REDUCE pass (consolidate $*mux and $reduce_* inputs).
3.14.12. Executing OPT_MERGE pass (detect identical cells).
3.14.13. Executing OPT_DFF pass (perform DFF optimizations).
3.14.14. Executing OPT_CLEAN pass (remove unused cells and wires).
3.14.15. Executing OPT_EXPR pass (perform const folding).
3.14.16. Finished fast OPT passes. (There is nothing left to do.)
3.15. Executing MEMORY pass.
3.15.1. Executing OPT_MEM pass (optimize memories).
3.15.2. Executing OPT_MEM_PRIORITY pass (removing unnecessary memory write priority relations).
3.15.3. Executing OPT_MEM_FEEDBACK pass (finding memory read-to-write feedback paths).
3.15.4. Executing MEMORY_BMUX2ROM pass (converting muxes to ROMs).
3.15.5. Executing MEMORY_DFF pass (merging $dff cells to $memrd).
3.15.6. Executing OPT_CLEAN pass (remove unused cells and wires).
3.15.7. Executing MEMORY_SHARE pass (consolidating $memrd/$memwr cells).
3.15.8. Executing OPT_MEM_WIDEN pass (optimize memories where all ports are wide).
3.15.9. Executing OPT_CLEAN pass (remove unused cells and wires).
3.15.10. Executing MEMORY_COLLECT pass (generating $mem cells).
3.16. Executing OPT_CLEAN pass (remove unused cells and wires).
Keep modules above estimated size of
      0 gate equivalents
4. Executing CELLMATCH pass. (match cells)
Warning: Ignoring blackbox module sky130_fd_sc_hd__sdlclkp_4.
Warning: Ignoring blackbox module sky130_fd_sc_hd__sdlclkp_2.
Warning: Ignoring blackbox module sky130_fd_sc_hd__sdlclkp_1.
Warning: Ignoring blackbox module sky130_fd_sc_hd__dlclkp_4.
Warning: Ignoring blackbox module sky130_fd_sc_hd__dlclkp_2.
Warning: Ignoring blackbox module sky130_fd_sc_hd__dlclkp_1.
5. Executing KEEP_HIERARCHY pass.
6. Executing SYNTH pass.
6.1. Executing PROC pass (convert processes to netlists).
6.1.1. Executing PROC_CLEAN pass (remove empty switches from decision trees).
6.1.2. Executing PROC_RMDEAD pass (remove dead branches from decision trees).
6.1.3. Executing PROC_PRUNE pass (remove redundant assignments in processes).
6.1.4. Executing PROC_INIT pass (extract init attributes).
6.1.5. Executing PROC_ARST pass (detect async resets in processes).
6.1.6. Executing PROC_ROM pass (convert switches to ROMs).
6.1.7. Executing PROC_MUX pass (convert decision trees to multiplexers).
6.1.8. Executing PROC_DLATCH pass (convert process syncs to latches).
6.1.9. Executing PROC_DFF pass (convert process syncs to FFs).
6.1.10. Executing PROC_MEMWR pass (convert process memory writes to cells).
6.1.11. Executing PROC_CLEAN pass (remove empty switches from decision trees).
6.1.12. Executing OPT_EXPR pass (perform const folding).
6.2. Executing CHECK pass (checking for obvious problems).
Warning: Wire i_rom_32x256.$memrd$\mem$/Users/shubhanshu/Desktop/Nebula/digital/output/rtl_variants_v2/openrouter_nemotron-ultra/rtl/i_rom_32x256.v:45$10275_DATA [31] is used but has no driver.
Warning: Wire i_rom_32x256.$memrd$\mem$/Users/shubhanshu/Desktop/Nebula/digital/output/rtl_variants_v2/openrouter_nemotron-ultra/rtl/i_rom_32x256.v:45$10275_DATA [30] is used but has no driver.
Warning: Wire i_rom_32x256.$memrd$\mem$/Users/shubhanshu/Desktop/Nebula/digital/output/rtl_variants_v2/openrouter_nemotron-ultra/rtl/i_rom_32x256.v:45$10275_DATA [29] is used but has no driver.
Warning: Wire i_rom_32x256.$memrd$\mem$/Users/shubhanshu/Desktop/Nebula/digital/output/rtl_variants_v2/openrouter_nemotron-ultra/rtl/i_rom_32x256.v:45$10275_DATA [28] is used but has no driver.
Warning: Wire i_rom_32x256.$memrd$\mem$/Users/shubhanshu/Desktop/Nebula/digital/output/rtl_variants_v2/openrouter_nemotron-ultra/rtl/i_rom_32x256.v:45$10275_DATA [27] is used but has no driver.
Warning: Wire i_rom_32x256.$memrd$\mem$/Users/shubhanshu/Desktop/Nebula/digital/output/rtl_variants_v2/openrouter_nemotron-ultra/rtl/i_rom_32x256.v:45$10275_DATA [26] is used but has no driver.
Warning: Wire i_rom_32x256.$memrd$\mem$/Users/shubhanshu/Desktop/Nebula/digital/output/rtl_variants_v2/openrouter_nemotron-ultra/rtl/i_rom_32x256.v:45$10275_DATA [25] is used but has no driver.
Warning: Wire i_rom_32x256.$memrd$\mem$/Users/shubhanshu/Desktop/Nebula/digital/output/rtl_variants_v2/openrouter_nemotron-ultra/rtl/i_rom_32x256.v:45$10275_DATA [24] is used but has no driver.
Warning: Wire i_rom_32x256.$memrd$\mem$/Users/shubhanshu/Desktop/Nebula/digital/output/rtl_variants_v2/openrouter_nemotron-ultra/rtl/i_rom_32x256.v:45$10275_DATA [23] is used but has no driver.
Warning: Wire i_rom_32x256.$memrd$\mem$/Users/shubhanshu/Desktop/Nebula/digital/output/rtl_variants_v2/openrouter_nemotron-ultra/rtl/i_rom_32x256.v:45$10275_DATA [22] is used but has no driver.
Warning: Wire i_rom_32x256.$memrd$\mem$/Users/shubhanshu/Desktop/Nebula/digital/output/rtl_variants_v2/openrouter_nemotron-ultra/rtl/i_rom_32x256.v:45$10275_DATA [21] is used but has no driver.
Warning: Wire i_rom_32x256.$memrd$\mem$/Users/shubhanshu/Desktop/Nebula/digital/output/rtl_variants_v2/openrouter_nemotron-ultra/rtl/i_rom_32x256.v:45$10275_DATA [20] is used but has no driver.
Warning: Wire i_rom_32x256.$memrd$\mem$/Users/shubhanshu/Desktop/Nebula/digital/output/rtl_variants_v2/openrouter_nemotron-ultra/rtl/i_rom_32x256.v:45$10275_DATA [19] is used but has no driver.
Warning: Wire i_rom_32x256.$memrd$\mem$/Users/shubhanshu/Desktop/Nebula/digital/output/rtl_variants_v2/openrouter_nemotron-ultra/rtl/i_rom_32x256.v:45$10275_DATA [18] is used but has no driver.
Warning: Wire i_rom_32x256.$memrd$\mem$/Users/shubhanshu/Desktop/Nebula/digital/output/rtl_variants_v2/openrouter_nemotron-ultra/rtl/i_rom_32x256.v:45$10275_DATA [17] is used but has no driver.
Warning: Wire i_rom_32x256.$memrd$\mem$/Users/shubhanshu/Desktop/Nebula/digital/output/rtl_variants_v2/openrouter_nemotron-ultra/rtl/i_rom_32x256.v:45$10275_DATA [16] is used but has no driver.
Warning: Wire i_rom_32x256.$memrd$\mem$/Users/shubhanshu/Desktop/Nebula/digital/output/rtl_variants_v2/openrouter_nemotron-ultra/rtl/i_rom_32x256.v:45$10275_DATA [15] is used but has no driver.
Warning: Wire i_rom_32x256.$memrd$\mem$/Users/shubhanshu/Desktop/Nebula/digital/output/rtl_variants_v2/openrouter_nemotron-ultra/rtl/i_rom_32x256.v:45$10275_DATA [14] is used but has no driver.
Warning: Wire i_rom_32x256.$memrd$\mem$/Users/shubhanshu/Desktop/Nebula/digital/output/rtl_variants_v2/openrouter_nemotron-ultra/rtl/i_rom_32x256.v:45$10275_DATA [13] is used but has no driver.
Warning: Wire i_rom_32x256.$memrd$\mem$/Users/shubhanshu/Desktop/Nebula/digital/output/rtl_variants_v2/openrouter_nemotron-ultra/rtl/i_rom_32x256.v:45$10275_DATA [12] is used but has no driver.
Warning: Wire i_rom_32x256.$memrd$\mem$/Users/shubhanshu/Desktop/Nebula/digital/output/rtl_variants_v2/openrouter_nemotron-ultra/rtl/i_rom_32x256.v:45$10275_DATA [11] is used but has no driver.
Warning: Wire i_rom_32x256.$memrd$\mem$/Users/shubhanshu/Desktop/Nebula/digital/output/rtl_variants_v2/openrouter_nemotron-ultra/rtl/i_rom_32x256.v:45$10275_DATA [10] is used but has no driver.
Warning: Wire i_rom_32x256.$memrd$\mem$/Users/shubhanshu/Desktop/Nebula/digital/output/rtl_variants_v2/openrouter_nemotron-ultra/rtl/i_rom_32x256.v:45$10275_DATA [9] is used but has no driver.
Warning: Wire i_rom_32x256.$memrd$\mem$/Users/shubhanshu/Desktop/Nebula/digital/output/rtl_variants_v2/openrouter_nemotron-ultra/rtl/i_rom_32x256.v:45$10275_DATA [8] is used but has no driver.
Warning: Wire i_rom_32x256.$memrd$\mem$/Users/shubhanshu/Desktop/Nebula/digital/output/rtl_variants_v2/openrouter_nemotron-ultra/rtl/i_rom_32x256.v:45$10275_DATA [7] is used but has no driver.
Warning: Wire i_rom_32x256.$memrd$\mem$/Users/shubhanshu/Desktop/Nebula/digital/output/rtl_variants_v2/openrouter_nemotron-ultra/rtl/i_rom_32x256.v:45$10275_DATA [6] is used but has no driver.
Warning: Wire i_rom_32x256.$memrd$\mem$/Users/shubhanshu/Desktop/Nebula/digital/output/rtl_variants_v2/openrouter_nemotron-ultra/rtl/i_rom_32x256.v:45$10275_DATA [5] is used but has no driver.
Warning: Wire i_rom_32x256.$memrd$\mem$/Users/shubhanshu/Desktop/Nebula/digital/output/rtl_variants_v2/openrouter_nemotron-ultra/rtl/i_rom_32x256.v:45$10275_DATA [4] is used but has no driver.
Warning: Wire i_rom_32x256.$memrd$\mem$/Users/shubhanshu/Desktop/Nebula/digital/output/rtl_variants_v2/openrouter_nemotron-ultra/rtl/i_rom_32x256.v:45$10275_DATA [2] is used but has no driver.
Warning: Wire i_rom_32x256.$memrd$\mem$/Users/shubhanshu/Desktop/Nebula/digital/output/rtl_variants_v2/openrouter_nemotron-ultra/rtl/i_rom_32x256.v:45$10274_DATA [31] is used but has no driver.
Warning: Wire i_rom_32x256.$memrd$\mem$/Users/shubhanshu/Desktop/Nebula/digital/output/rtl_variants_v2/openrouter_nemotron-ultra/rtl/i_rom_32x256.v:45$10274_DATA [30] is used but has no driver.
Warning: Wire i_rom_32x256.$memrd$\mem$/Users/shubhanshu/Desktop/Nebula/digital/output/rtl_variants_v2/openrouter_nemotron-ultra/rtl/i_rom_32x256.v:45$10274_DATA [29] is used but has no driver.
Warning: Wire i_rom_32x256.$memrd$\mem$/Users/shubhanshu/Desktop/Nebula/digital/output/rtl_variants_v2/openrouter_nemotron-ultra/rtl/i_rom_32x256.v:45$10274_DATA [28] is used but has no driver.
Warning: Wire i_rom_32x256.$memrd$\mem$/Users/shubhanshu/Desktop/Nebula/digital/output/rtl_variants_v2/openrouter_nemotron-ultra/rtl/i_rom_32x256.v:45$10274_DATA [27] is used but has no driver.
Warning: Wire i_rom_32x256.$memrd$\mem$/Users/shubhanshu/Desktop/Nebula/digital/output/rtl_variants_v2/openrouter_nemotron-ultra/rtl/i_rom_32x256.v:45$10274_DATA [26] is used but has no driver.
Warning: Wire i_rom_32x256.$memrd$\mem$/Users/shubhanshu/Desktop/Nebula/digital/output/rtl_variants_v2/openrouter_nemotron-ultra/rtl/i_rom_32x256.v:45$10274_DATA [25] is used but has no driver.
Warning: Wire i_rom_32x256.$memrd$\mem$/Users/shubhanshu/Desktop/Nebula/digital/output/rtl_variants_v2/openrouter_nemotron-ultra/rtl/i_rom_32x256.v:45$10274_DATA [24] is used but has no driver.
Warning: Wire i_rom_32x256.$memrd$\mem$/Users/shubhanshu/Desktop/Nebula/digital/output/rtl_variants_v2/openrouter_nemotron-ultra/rtl/i_rom_32x256.v:45$10274_DATA [23] is used but has no driver.
Warning: Wire i_rom_32x256.$memrd$\mem$/Users/shubhanshu/Desktop/Nebula/digital/output/rtl_variants_v2/openrouter_nemotron-ultra/rtl/i_rom_32x256.v:45$10274_DATA [22] is used but has no driver.
Warning: Wire i_rom_32x256.$memrd$\mem$/Users/shubhanshu/Desktop/Nebula/digital/output/rtl_variants_v2/openrouter_nemotron-ultra/rtl/i_rom_32x256.v:45$10274_DATA [21] is used but has no driver.
Warning: Wire i_rom_32x256.$memrd$\mem$/Users/shubhanshu/Desktop/Nebula/digital/output/rtl_variants_v2/openrouter_nemotron-ultra/rtl/i_rom_32x256.v:45$10274_DATA [20] is used but has no driver.
Warning: Wire i_rom_32x256.$memrd$\mem$/Users/shubhanshu/Desktop/Nebula/digital/output/rtl_variants_v2/openrouter_nemotron-ultra/rtl/i_rom_32x256.v:45$10274_DATA [19] is used but has no driver.
Warning: Wire i_rom_32x256.$memrd$\mem$/Users/shubhanshu/Desktop/Nebula/digital/output/rtl_variants_v2/openrouter_nemotron-ultra/rtl/i_rom_32x256.v:45$10274_DATA [18] is used but has no driver.
Warning: Wire i_rom_32x256.$memrd$\mem$/Users/shubhanshu/Desktop/Nebula/digital/output/rtl_variants_v2/openrouter_nemotron-ultra/rtl/i_rom_32x256.v:45$10274_DATA [17] is used but has no driver.
Warning: Wire i_rom_32x256.$memrd$\mem$/Users/shubhanshu/Desktop/Nebula/digital/output/rtl_variants_v2/openrouter_nemotron-ultra/rtl/i_rom_32x256.v:45$10274_DATA [16] is used but has no driver.
Warning: Wire i_rom_32x256.$memrd$\mem$/Users/shubhanshu/Desktop/Nebula/digital/output/rtl_variants_v2/openrouter_nemotron-ultra/rtl/i_rom_32x256.v:45$10274_DATA [15] is used but has no driver.
Warning: Wire i_rom_32x256.$memrd$\mem$/Users/shubhanshu/Desktop/Nebula/digital/output/rtl_variants_v2/openrouter_nemotron-ultra/rtl/i_rom_32x256.v:45$10274_DATA [14] is used but has no driver.
Warning: Wire i_rom_32x256.$memrd$\mem$/Users/shubhanshu/Desktop/Nebula/digital/output/rtl_variants_v2/openrouter_nemotron-ultra/rtl/i_rom_32x256.v:45$10274_DATA [13] is used but has no driver.
Warning: Wire i_rom_32x256.$memrd$\mem$/Users/shubhanshu/Desktop/Nebula/digital/output/rtl_variants_v2/openrouter_nemotron-ultra/rtl/i_rom_32x256.v:45$10274_DATA [12] is used but has no driver.
Warning: Wire i_rom_32x256.$memrd$\mem$/Users/shubhanshu/Desktop/Nebula/digital/output/rtl_variants_v2/openrouter_nemotron-ultra/rtl/i_rom_32x256.v:45$10274_DATA [11] is used but has no driver.
Warning: Wire i_rom_32x256.$memrd$\mem$/Users/shubhanshu/Desktop/Nebula/digital/output/rtl_variants_v2/openrouter_nemotron-ultra/rtl/i_rom_32x256.v:45$10274_DATA [10] is used but has no driver.
Warning: Wire i_rom_32x256.$memrd$\mem$/Users/shubhanshu/Desktop/Nebula/digital/output/rtl_variants_v2/openrouter_nemotron-ultra/rtl/i_rom_32x256.v:45$10274_DATA [9] is used but has no driver.
Warning: Wire i_rom_32x256.$memrd$\mem$/Users/shubhanshu/Desktop/Nebula/digital/output/rtl_variants_v2/openrouter_nemotron-ultra/rtl/i_rom_32x256.v:45$10274_DATA [8] is used but has no driver.
Warning: Wire i_rom_32x256.$memrd$\mem$/Users/shubhanshu/Desktop/Nebula/digital/output/rtl_variants_v2/openrouter_nemotron-ultra/rtl/i_rom_32x256.v:45$10274_DATA [7] is used but has no driver.
Warning: Wire i_rom_32x256.$memrd$\mem$/Users/shubhanshu/Desktop/Nebula/digital/output/rtl_variants_v2/openrouter_nemotron-ultra/rtl/i_rom_32x256.v:45$10274_DATA [6] is used but has no driver.
Warning: Wire i_rom_32x256.$memrd$\mem$/Users/shubhanshu/Desktop/Nebula/digital/output/rtl_variants_v2/openrouter_nemotron-ultra/rtl/i_rom_32x256.v:45$10274_DATA [5] is used but has no driver.
Warning: Wire i_rom_32x256.$memrd$\mem$/Users/shubhanshu/Desktop/Nebula/digital/output/rtl_variants_v2/openrouter_nemotron-ultra/rtl/i_rom_32x256.v:45$10274_DATA [4] is used but has no driver.
Warning: Wire i_rom_32x256.$memrd$\mem$/Users/shubhanshu/Desktop/Nebula/digital/output/rtl_variants_v2/openrouter_nemotron-ultra/rtl/i_rom_32x256.v:45$10274_DATA [2] is used but has no driver.
Warning: Wire i_rom_32x256.$memrd$\mem$/Users/shubhanshu/Desktop/Nebula/digital/output/rtl_variants_v2/openrouter_nemotron-ultra/rtl/i_rom_32x256.v:46$10273_DATA [31] is used but has no driver.
Warning: Wire i_rom_32x256.$memrd$\mem$/Users/shubhanshu/Desktop/Nebula/digital/output/rtl_variants_v2/openrouter_nemotron-ultra/rtl/i_rom_32x256.v:46$10273_DATA [30] is used but has no driver.
Warning: Wire i_rom_32x256.$memrd$\mem$/Users/shubhanshu/Desktop/Nebula/digital/output/rtl_variants_v2/openrouter_nemotron-ultra/rtl/i_rom_32x256.v:46$10273_DATA [29] is used but has no driver.
Warning: Wire i_rom_32x256.$memrd$\mem$/Users/shubhanshu/Desktop/Nebula/digital/output/rtl_variants_v2/openrouter_nemotron-ultra/rtl/i_rom_32x256.v:46$10273_DATA [28] is used but has no driver.
Warning: Wire i_rom_32x256.$memrd$\mem$/Users/shubhanshu/Desktop/Nebula/digital/output/rtl_variants_v2/openrouter_nemotron-ultra/rtl/i_rom_32x256.v:46$10273_DATA [27] is used but has no driver.
Warning: Wire i_rom_32x256.$memrd$\mem$/Users/shubhanshu/Desktop/Nebula/digital/output/rtl_variants_v2/openrouter_nemotron-ultra/rtl/i_rom_32x256.v:46$10273_DATA [26] is used but has no driver.
Warning: Wire i_rom_32x256.$memrd$\mem$/Users/shubhanshu/Desktop/Nebula/digital/output/rtl_variants_v2/openrouter_nemotron-ultra/rtl/i_rom_32x256.v:46$10273_DATA [25] is used but has no driver.
Warning: Wire i_rom_32x256.$memrd$\mem$/Users/shubhanshu/Desktop/Nebula/digital/output/rtl_variants_v2/openrouter_nemotron-ultra/rtl/i_rom_32x256.v:46$10273_DATA [24] is used but has no driver.
Warning: Wire i_rom_32x256.$memrd$\mem$/Users/shubhanshu/Desktop/Nebula/digital/output/rtl_variants_v2/openrouter_nemotron-ultra/rtl/i_rom_32x256.v:46$10273_DATA [23] is used but has no driver.
Warning: Wire i_rom_32x256.$memrd$\mem$/Users/shubhanshu/Desktop/Nebula/digital/output/rtl_variants_v2/openrouter_nemotron-ultra/rtl/i_rom_32x256.v:46$10273_DATA [22] is used but has no driver.
Warning: Wire i_rom_32x256.$memrd$\mem$/Users/shubhanshu/Desktop/Nebula/digital/output/rtl_variants_v2/openrouter_nemotron-ultra/rtl/i_rom_32x256.v:46$10273_DATA [21] is used but has no driver.
Warning: Wire i_rom_32x256.$memrd$\mem$/Users/shubhanshu/Desktop/Nebula/digital/output/rtl_variants_v2/openrouter_nemotron-ultra/rtl/i_rom_32x256.v:46$10273_DATA [20] is used but has no driver.
Warning: Wire i_rom_32x256.$memrd$\mem$/Users/shubhanshu/Desktop/Nebula/digital/output/rtl_variants_v2/openrouter_nemotron-ultra/rtl/i_rom_32x256.v:46$10273_DATA [19] is used but has no driver.
Warning: Wire i_rom_32x256.$memrd$\mem$/Users/shubhanshu/Desktop/Nebula/digital/output/rtl_variants_v2/openrouter_nemotron-ultra/rtl/i_rom_32x256.v:46$10273_DATA [18] is used but has no driver.
Warning: Wire i_rom_32x256.$memrd$\mem$/Users/shubhanshu/Desktop/Nebula/digital/output/rtl_variants_v2/openrouter_nemotron-ultra/rtl/i_rom_32x256.v:46$10273_DATA [17] is used but has no driver.
Warning: Wire i_rom_32x256.$memrd$\mem$/Users/shubhanshu/Desktop/Nebula/digital/output/rtl_variants_v2/openrouter_nemotron-ultra/rtl/i_rom_32x256.v:46$10273_DATA [16] is used but has no driver.
Warning: Wire i_rom_32x256.$memrd$\mem$/Users/shubhanshu/Desktop/Nebula/digital/output/rtl_variants_v2/openrouter_nemotron-ultra/rtl/i_rom_32x256.v:46$10273_DATA [15] is used but has no driver.
Warning: Wire i_rom_32x256.$memrd$\mem$/Users/shubhanshu/Desktop/Nebula/digital/output/rtl_variants_v2/openrouter_nemotron-ultra/rtl/i_rom_32x256.v:46$10273_DATA [14] is used but has no driver.
Warning: Wire i_rom_32x256.$memrd$\mem$/Users/shubhanshu/Desktop/Nebula/digital/output/rtl_variants_v2/openrouter_nemotron-ultra/rtl/i_rom_32x256.v:46$10273_DATA [13] is used but has no driver.
Warning: Wire i_rom_32x256.$memrd$\mem$/Users/shubhanshu/Desktop/Nebula/digital/output/rtl_variants_v2/openrouter_nemotron-ultra/rtl/i_rom_32x256.v:46$10273_DATA [12] is used but has no driver.
Warning: Wire i_rom_32x256.$memrd$\mem$/Users/shubhanshu/Desktop/Nebula/digital/output/rtl_variants_v2/openrouter_nemotron-ultra/rtl/i_rom_32x256.v:46$10273_DATA [11] is used but has no driver.
Warning: Wire i_rom_32x256.$memrd$\mem$/Users/shubhanshu/Desktop/Nebula/digital/output/rtl_variants_v2/openrouter_nemotron-ultra/rtl/i_rom_32x256.v:46$10273_DATA [10] is used but has no driver.
Warning: Wire i_rom_32x256.$memrd$\mem$/Users/shubhanshu/Desktop/Nebula/digital/output/rtl_variants_v2/openrouter_nemotron-ultra/rtl/i_rom_32x256.v:46$10273_DATA [9] is used but has no driver.
Warning: Wire i_rom_32x256.$memrd$\mem$/Users/shubhanshu/Desktop/Nebula/digital/output/rtl_variants_v2/openrouter_nemotron-ultra/rtl/i_rom_32x256.v:46$10273_DATA [8] is used but has no driver.
Warning: Wire i_rom_32x256.$memrd$\mem$/Users/shubhanshu/Desktop/Nebula/digital/output/rtl_variants_v2/openrouter_nemotron-ultra/rtl/i_rom_32x256.v:46$10273_DATA [7] is used but has no driver.
Warning: Wire i_rom_32x256.$memrd$\mem$/Users/shubhanshu/Desktop/Nebula/digital/output/rtl_variants_v2/openrouter_nemotron-ultra/rtl/i_rom_32x256.v:46$10273_DATA [6] is used but has no driver.
Warning: Wire i_rom_32x256.$memrd$\mem$/Users/shubhanshu/Desktop/Nebula/digital/output/rtl_variants_v2/openrouter_nemotron-ultra/rtl/i_rom_32x256.v:46$10273_DATA [5] is used but has no driver.
Warning: Wire i_rom_32x256.$memrd$\mem$/Users/shubhanshu/Desktop/Nebula/digital/output/rtl_variants_v2/openrouter_nemotron-ultra/rtl/i_rom_32x256.v:46$10273_DATA [4] is used but has no driver.
Warning: Wire i_rom_32x256.$memrd$\mem$/Users/shubhanshu/Desktop/Nebula/digital/output/rtl_variants_v2/openrouter_nemotron-ultra/rtl/i_rom_32x256.v:46$10273_DATA [2] is used but has no driver.
Warning: Wire i_rom_32x256.$memrd$\mem$/Users/shubhanshu/Desktop/Nebula/digital/output/rtl_variants_v2/openrouter_nemotron-ultra/rtl/i_rom_32x256.v:46$10272_DATA [31] is used but has no driver.
Warning: Wire i_rom_32x256.$memrd$\mem$/Users/shubhanshu/Desktop/Nebula/digital/output/rtl_variants_v2/openrouter_nemotron-ultra/rtl/i_rom_32x256.v:46$10272_DATA [30] is used but has no driver.
Warning: Wire i_rom_32x256.$memrd$\mem$/Users/shubhanshu/Desktop/Nebula/digital/output/rtl_variants_v2/openrouter_nemotron-ultra/rtl/i_rom_32x256.v:46$10272_DATA [29] is used but has no driver.
Warning: Wire i_rom_32x256.$memrd$\mem$/Users/shubhanshu/Desktop/Nebula/digital/output/rtl_variants_v2/openrouter_nemotron-ultra/rtl/i_rom_32x256.v:46$10272_DATA [28] is used but has no driver.
Warning: Wire i_rom_32x256.$memrd$\mem$/Users/shubhanshu/Desktop/Nebula/digital/output/rtl_variants_v2/openrouter_nemotron-ultra/rtl/i_rom_32x256.v:46$10272_DATA [27] is used but has no driver.
Warning: Wire i_rom_32x256.$memrd$\mem$/Users/shubhanshu/Desktop/Nebula/digital/output/rtl_variants_v2/openrouter_nemotron-ultra/rtl/i_rom_32x256.v:46$10272_DATA [26] is used but has no driver.
Warning: Wire i_rom_32x256.$memrd$\mem$/Users/shubhanshu/Desktop/Nebula/digital/output/rtl_variants_v2/openrouter_nemotron-ultra/rtl/i_rom_32x256.v:46$10272_DATA [25] is used but has no driver.
Warning: Wire i_rom_32x256.$memrd$\mem$/Users/shubhanshu/Desktop/Nebula/digital/output/rtl_variants_v2/openrouter_nemotron-ultra/rtl/i_rom_32x256.v:46$10272_DATA [24] is used but has no driver.
Warning: Wire i_rom_32x256.$memrd$\mem$/Users/shubhanshu/Desktop/Nebula/digital/output/rtl_variants_v2/openrouter_nemotron-ultra/rtl/i_rom_32x256.v:46$10272_DATA [23] is used but has no driver.
Warning: Wire i_rom_32x256.$memrd$\mem$/Users/shubhanshu/Desktop/Nebula/digital/output/rtl_variants_v2/openrouter_nemotron-ultra/rtl/i_rom_32x256.v:46$10272_DATA [22] is used but has no driver.
Warning: Wire i_rom_32x256.$memrd$\mem$/Users/shubhanshu/Desktop/Nebula/digital/output/rtl_variants_v2/openrouter_nemotron-ultra/rtl/i_rom_32x256.v:46$10272_DATA [21] is used but has no driver.
Warning: Wire i_rom_32x256.$memrd$\mem$/Users/shubhanshu/Desktop/Nebula/digital/output/rtl_variants_v2/openrouter_nemotron-ultra/rtl/i_rom_32x256.v:46$10272_DATA [20] is used but has no driver.
Warning: Wire i_rom_32x256.$memrd$\mem$/Users/shubhanshu/Desktop/Nebula/digital/output/rtl_variants_v2/openrouter_nemotron-ultra/rtl/i_rom_32x256.v:46$10272_DATA [19] is used but has no driver.
Warning: Wire i_rom_32x256.$memrd$\mem$/Users/shubhanshu/Desktop/Nebula/digital/output/rtl_variants_v2/openrouter_nemotron-ultra/rtl/i_rom_32x256.v:46$10272_DATA [18] is used but has no driver.
Warning: Wire i_rom_32x256.$memrd$\mem$/Users/shubhanshu/Desktop/Nebula/digital/output/rtl_variants_v2/openrouter_nemotron-ultra/rtl/i_rom_32x256.v:46$10272_DATA [17] is used but has no driver.
Warning: Wire i_rom_32x256.$memrd$\mem$/Users/shubhanshu/Desktop/Nebula/digital/output/rtl_variants_v2/openrouter_nemotron-ultra/rtl/i_rom_32x256.v:46$10272_DATA [16] is used but has no driver.
Warning: Wire i_rom_32x256.$memrd$\mem$/Users/shubhanshu/Desktop/Nebula/digital/output/rtl_variants_v2/openrouter_nemotron-ultra/rtl/i_rom_32x256.v:46$10272_DATA [15] is used but has no driver.
Warning: Wire i_rom_32x256.$memrd$\mem$/Users/shubhanshu/Desktop/Nebula/digital/output/rtl_variants_v2/openrouter_nemotron-ultra/rtl/i_rom_32x256.v:46$10272_DATA [14] is used but has no driver.
Warning: Wire i_rom_32x256.$memrd$\mem$/Users/shubhanshu/Desktop/Nebula/digital/output/rtl_variants_v2/openrouter_nemotron-ultra/rtl/i_rom_32x256.v:46$10272_DATA [13] is used but has no driver.
Warning: Wire i_rom_32x256.$memrd$\mem$/Users/shubhanshu/Desktop/Nebula/digital/output/rtl_variants_v2/openrouter_nemotron-ultra/rtl/i_rom_32x256.v:46$10272_DATA [12] is used but has no driver.
Warning: Wire i_rom_32x256.$memrd$\mem$/Users/shubhanshu/Desktop/Nebula/digital/output/rtl_variants_v2/openrouter_nemotron-ultra/rtl/i_rom_32x256.v:46$10272_DATA [11] is used but has no driver.
Warning: Wire i_rom_32x256.$memrd$\mem$/Users/shubhanshu/Desktop/Nebula/digital/output/rtl_variants_v2/openrouter_nemotron-ultra/rtl/i_rom_32x256.v:46$10272_DATA [10] is used but has no driver.
Warning: Wire i_rom_32x256.$memrd$\mem$/Users/shubhanshu/Desktop/Nebula/digital/output/rtl_variants_v2/openrouter_nemotron-ultra/rtl/i_rom_32x256.v:46$10272_DATA [9] is used but has no driver.
Warning: Wire i_rom_32x256.$memrd$\mem$/Users/shubhanshu/Desktop/Nebula/digital/output/rtl_variants_v2/openrouter_nemotron-ultra/rtl/i_rom_32x256.v:46$10272_DATA [8] is used but has no driver.
Warning: Wire i_rom_32x256.$memrd$\mem$/Users/shubhanshu/Desktop/Nebula/digital/output/rtl_variants_v2/openrouter_nemotron-ultra/rtl/i_rom_32x256.v:46$10272_DATA [7] is used but has no driver.
Warning: Wire i_rom_32x256.$memrd$\mem$/Users/shubhanshu/Desktop/Nebula/digital/output/rtl_variants_v2/openrouter_nemotron-ultra/rtl/i_rom_32x256.v:46$10272_DATA [6] is used but has no driver.
Warning: Wire i_rom_32x256.$memrd$\mem$/Users/shubhanshu/Desktop/Nebula/digital/output/rtl_variants_v2/openrouter_nemotron-ultra/rtl/i_rom_32x256.v:46$10272_DATA [5] is used but has no driver.
Warning: Wire i_rom_32x256.$memrd$\mem$/Users/shubhanshu/Desktop/Nebula/digital/output/rtl_variants_v2/openrouter_nemotron-ultra/rtl/i_rom_32x256.v:46$10272_DATA [4] is used but has no driver.
Warning: Wire i_rom_32x256.$memrd$\mem$/Users/shubhanshu/Desktop/Nebula/digital/output/rtl_variants_v2/openrouter_nemotron-ultra/rtl/i_rom_32x256.v:46$10272_DATA [2] is used but has no driver.
Warning: Wire i_rom_32x256.$memrd$\mem$/Users/shubhanshu/Desktop/Nebula/digital/output/rtl_variants_v2/openrouter_nemotron-ultra/rtl/i_rom_32x256.v:47$10271_DATA [31] is used but has no driver.
Warning: Wire i_rom_32x256.$memrd$\mem$/Users/shubhanshu/Desktop/Nebula/digital/output/rtl_variants_v2/openrouter_nemotron-ultra/rtl/i_rom_32x256.v:47$10271_DATA [30] is used but has no driver.
Warning: Wire i_rom_32x256.$memrd$\mem$/Users/shubhanshu/Desktop/Nebula/digital/output/rtl_variants_v2/openrouter_nemotron-ultra/rtl/i_rom_32x256.v:47$10271_DATA [29] is used but has no driver.
Warning: Wire i_rom_32x256.$memrd$\mem$/Users/shubhanshu/Desktop/Nebula/digital/output/rtl_variants_v2/openrouter_nemotron-ultra/rtl/i_rom_32x256.v:47$10271_DATA [28] is used but has no driver.
Warning: Wire i_rom_32x256.$memrd$\mem$/Users/shubhanshu/Desktop/Nebula/digital/output/rtl_variants_v2/openrouter_nemotron-ultra/rtl/i_rom_32x256.v:47$10271_DATA [27] is used but has no driver.
Warning: Wire i_rom_32x256.$memrd$\mem$/Users/shubhanshu/Desktop/Nebula/digital/output/rtl_variants_v2/openrouter_nemotron-ultra/rtl/i_rom_32x256.v:47$10271_DATA [26] is used but has no driver.
Warning: Wire i_rom_32x256.$memrd$\mem$/Users/shubhanshu/Desktop/Nebula/digital/output/rtl_variants_v2/openrouter_nemotron-ultra/rtl/i_rom_32x256.v:47$10271_DATA [25] is used but has no driver.
Warning: Wire i_rom_32x256.$memrd$\mem$/Users/shubhanshu/Desktop/Nebula/digital/output/rtl_variants_v2/openrouter_nemotron-ultra/rtl/i_rom_32x256.v:47$10271_DATA [24] is used but has no driver.
Warning: Wire i_rom_32x256.$memrd$\mem$/Users/shubhanshu/Desktop/Nebula/digital/output/rtl_variants_v2/openrouter_nemotron-ultra/rtl/i_rom_32x256.v:47$10271_DATA [23] is used but has no driver.
Warning: Wire i_rom_32x256.$memrd$\mem$/Users/shubhanshu/Desktop/Nebula/digital/output/rtl_variants_v2/openrouter_nemotron-ultra/rtl/i_rom_32x256.v:47$10271_DATA [22] is used but has no driver.
Warning: Wire i_rom_32x256.$memrd$\mem$/Users/shubhanshu/Desktop/Nebula/digital/output/rtl_variants_v2/openrouter_nemotron-ultra/rtl/i_rom_32x256.v:47$10271_DATA [21] is used but has no driver.
Warning: Wire i_rom_32x256.$memrd$\mem$/Users/shubhanshu/Desktop/Nebula/digital/output/rtl_variants_v2/openrouter_nemotron-ultra/rtl/i_rom_32x256.v:47$10271_DATA [20] is used but has no driver.
Warning: Wire i_rom_32x256.$memrd$\mem$/Users/shubhanshu/Desktop/Nebula/digital/output/rtl_variants_v2/openrouter_nemotron-ultra/rtl/i_rom_32x256.v:47$10271_DATA [19] is used but has no driver.
Warning: Wire i_rom_32x256.$memrd$\mem$/Users/shubhanshu/Desktop/Nebula/digital/output/rtl_variants_v2/openrouter_nemotron-ultra/rtl/i_rom_32x256.v:47$10271_DATA [18] is used but has no driver.
Warning: Wire i_rom_32x256.$memrd$\mem$/Users/shubhanshu/Desktop/Nebula/digital/output/rtl_variants_v2/openrouter_nemotron-ultra/rtl/i_rom_32x256.v:47$10271_DATA [17] is used but has no driver.
Warning: Wire i_rom_32x256.$memrd$\mem$/Users/shubhanshu/Desktop/Nebula/digital/output/rtl_variants_v2/openrouter_nemotron-ultra/rtl/i_rom_32x256.v:47$10271_DATA [16] is used but has no driver.
Warning: Wire i_rom_32x256.$memrd$\mem$/Users/shubhanshu/Desktop/Nebula/digital/output/rtl_variants_v2/openrouter_nemotron-ultra/rtl/i_rom_32x256.v:47$10271_DATA [15] is used but has no driver.
Warning: Wire i_rom_32x256.$memrd$\mem$/Users/shubhanshu/Desktop/Nebula/digital/output/rtl_variants_v2/openrouter_nemotron-ultra/rtl/i_rom_32x256.v:47$10271_DATA [14] is used but has no driver.
Warning: Wire i_rom_32x256.$memrd$\mem$/Users/shubhanshu/Desktop/Nebula/digital/output/rtl_variants_v2/openrouter_nemotron-ultra/rtl/i_rom_32x256.v:47$10271_DATA [13] is used but has no driver.
Warning: Wire i_rom_32x256.$memrd$\mem$/Users/shubhanshu/Desktop/Nebula/digital/output/rtl_variants_v2/openrouter_nemotron-ultra/rtl/i_rom_32x256.v:47$10271_DATA [12] is used but has no driver.
Warning: Wire i_rom_32x256.$memrd$\mem$/Users/shubhanshu/Desktop/Nebula/digital/output/rtl_variants_v2/openrouter_nemotron-ultra/rtl/i_rom_32x256.v:47$10271_DATA [11] is used but has no driver.
Warning: Wire i_rom_32x256.$memrd$\mem$/Users/shubhanshu/Desktop/Nebula/digital/output/rtl_variants_v2/openrouter_nemotron-ultra/rtl/i_rom_32x256.v:47$10271_DATA [10] is used but has no driver.
Warning: Wire i_rom_32x256.$memrd$\mem$/Users/shubhanshu/Desktop/Nebula/digital/output/rtl_variants_v2/openrouter_nemotron-ultra/rtl/i_rom_32x256.v:47$10271_DATA [9] is used but has no driver.
Warning: Wire i_rom_32x256.$memrd$\mem$/Users/shubhanshu/Desktop/Nebula/digital/output/rtl_variants_v2/openrouter_nemotron-ultra/rtl/i_rom_32x256.v:47$10271_DATA [8] is used but has no driver.
Warning: Wire i_rom_32x256.$memrd$\mem$/Users/shubhanshu/Desktop/Nebula/digital/output/rtl_variants_v2/openrouter_nemotron-ultra/rtl/i_rom_32x256.v:47$10271_DATA [7] is used but has no driver.
Warning: Wire i_rom_32x256.$memrd$\mem$/Users/shubhanshu/Desktop/Nebula/digital/output/rtl_variants_v2/openrouter_nemotron-ultra/rtl/i_rom_32x256.v:47$10271_DATA [6] is used but has no driver.
Warning: Wire i_rom_32x256.$memrd$\mem$/Users/shubhanshu/Desktop/Nebula/digital/output/rtl_variants_v2/openrouter_nemotron-ultra/rtl/i_rom_32x256.v:47$10271_DATA [5] is used but has no driver.
Warning: Wire i_rom_32x256.$memrd$\mem$/Users/shubhanshu/Desktop/Nebula/digital/output/rtl_variants_v2/openrouter_nemotron-ultra/rtl/i_rom_32x256.v:47$10271_DATA [4] is used but has no driver.
Warning: Wire i_rom_32x256.$memrd$\mem$/Users/shubhanshu/Desktop/Nebula/digital/output/rtl_variants_v2/openrouter_nemotron-ultra/rtl/i_rom_32x256.v:47$10271_DATA [2] is used but has no driver.
Warning: Wire i_rom_32x256.$memrd$\mem$/Users/shubhanshu/Desktop/Nebula/digital/output/rtl_variants_v2/openrouter_nemotron-ultra/rtl/i_rom_32x256.v:47$10270_DATA [31] is used but has no driver.
Warning: Wire i_rom_32x256.$memrd$\mem$/Users/shubhanshu/Desktop/Nebula/digital/output/rtl_variants_v2/openrouter_nemotron-ultra/rtl/i_rom_32x256.v:47$10270_DATA [30] is used but has no driver.
Warning: Wire i_rom_32x256.$memrd$\mem$/Users/shubhanshu/Desktop/Nebula/digital/output/rtl_variants_v2/openrouter_nemotron-ultra/rtl/i_rom_32x256.v:47$10270_DATA [29] is used but has no driver.
Warning: Wire i_rom_32x256.$memrd$\mem$/Users/shubhanshu/Desktop/Nebula/digital/output/rtl_variants_v2/openrouter_nemotron-ultra/rtl/i_rom_32x256.v:47$10270_DATA [28] is used but has no driver.
Warning: Wire i_rom_32x256.$memrd$\mem$/Users/shubhanshu/Desktop/Nebula/digital/output/rtl_variants_v2/openrouter_nemotron-ultra/rtl/i_rom_32x256.v:47$10270_DATA [27] is used but has no driver.
Warning: Wire i_rom_32x256.$memrd$\mem$/Users/shubhanshu/Desktop/Nebula/digital/output/rtl_variants_v2/openrouter_nemotron-ultra/rtl/i_rom_32x256.v:47$10270_DATA [26] is used but has no driver.
Warning: Wire i_rom_32x256.$memrd$\mem$/Users/shubhanshu/Desktop/Nebula/digital/output/rtl_variants_v2/openrouter_nemotron-ultra/rtl/i_rom_32x256.v:47$10270_DATA [25] is used but has no driver.
Warning: Wire i_rom_32x256.$memrd$\mem$/Users/shubhanshu/Desktop/Nebula/digital/output/rtl_variants_v2/openrouter_nemotron-ultra/rtl/i_rom_32x256.v:47$10270_DATA [24] is used but has no driver.
Warning: Wire i_rom_32x256.$memrd$\mem$/Users/shubhanshu/Desktop/Nebula/digital/output/rtl_variants_v2/openrouter_nemotron-ultra/rtl/i_rom_32x256.v:47$10270_DATA [23] is used but has no driver.
Warning: Wire i_rom_32x256.$memrd$\mem$/Users/shubhanshu/Desktop/Nebula/digital/output/rtl_variants_v2/openrouter_nemotron-ultra/rtl/i_rom_32x256.v:47$10270_DATA [22] is used but has no driver.
Warning: Wire i_rom_32x256.$memrd$\mem$/Users/shubhanshu/Desktop/Nebula/digital/output/rtl_variants_v2/openrouter_nemotron-ultra/rtl/i_rom_32x256.v:47$10270_DATA [21] is used but has no driver.
Warning: Wire i_rom_32x256.$memrd$\mem$/Users/shubhanshu/Desktop/Nebula/digital/output/rtl_variants_v2/openrouter_nemotron-ultra/rtl/i_rom_32x256.v:47$10270_DATA [20] is used but has no driver.
Warning: Wire i_rom_32x256.$memrd$\mem$/Users/shubhanshu/Desktop/Nebula/digital/output/rtl_variants_v2/openrouter_nemotron-ultra/rtl/i_rom_32x256.v:47$10270_DATA [19] is used but has no driver.
Warning: Wire i_rom_32x256.$memrd$\mem$/Users/shubhanshu/Desktop/Nebula/digital/output/rtl_variants_v2/openrouter_nemotron-ultra/rtl/i_rom_32x256.v:47$10270_DATA [18] is used but has no driver.
Warning: Wire i_rom_32x256.$memrd$\mem$/Users/shubhanshu/Desktop/Nebula/digital/output/rtl_variants_v2/openrouter_nemotron-ultra/rtl/i_rom_32x256.v:47$10270_DATA [17] is used but has no driver.
Warning: Wire i_rom_32x256.$memrd$\mem$/Users/shubhanshu/Desktop/Nebula/digital/output/rtl_variants_v2/openrouter_nemotron-ultra/rtl/i_rom_32x256.v:47$10270_DATA [16] is used but has no driver.
Warning: Wire i_rom_32x256.$memrd$\mem$/Users/shubhanshu/Desktop/Nebula/digital/output/rtl_variants_v2/openrouter_nemotron-ultra/rtl/i_rom_32x256.v:47$10270_DATA [15] is used but has no driver.
Warning: Wire i_rom_32x256.$memrd$\mem$/Users/shubhanshu/Desktop/Nebula/digital/output/rtl_variants_v2/openrouter_nemotron-ultra/rtl/i_rom_32x256.v:47$10270_DATA [14] is used but has no driver.
Warning: Wire i_rom_32x256.$memrd$\mem$/Users/shubhanshu/Desktop/Nebula/digital/output/rtl_variants_v2/openrouter_nemotron-ultra/rtl/i_rom_32x256.v:47$10270_DATA [13] is used but has no driver.
Warning: Wire i_rom_32x256.$memrd$\mem$/Users/shubhanshu/Desktop/Nebula/digital/output/rtl_variants_v2/openrouter_nemotron-ultra/rtl/i_rom_32x256.v:47$10270_DATA [12] is used but has no driver.
Warning: Wire i_rom_32x256.$memrd$\mem$/Users/shubhanshu/Desktop/Nebula/digital/output/rtl_variants_v2/openrouter_nemotron-ultra/rtl/i_rom_32x256.v:47$10270_DATA [11] is used but has no driver.
Warning: Wire i_rom_32x256.$memrd$\mem$/Users/shubhanshu/Desktop/Nebula/digital/output/rtl_variants_v2/openrouter_nemotron-ultra/rtl/i_rom_32x256.v:47$10270_DATA [10] is used but has no driver.
Warning: Wire i_rom_32x256.$memrd$\mem$/Users/shubhanshu/Desktop/Nebula/digital/output/rtl_variants_v2/openrouter_nemotron-ultra/rtl/i_rom_32x256.v:47$10270_DATA [9] is used but has no driver.
Warning: Wire i_rom_32x256.$memrd$\mem$/Users/shubhanshu/Desktop/Nebula/digital/output/rtl_variants_v2/openrouter_nemotron-ultra/rtl/i_rom_32x256.v:47$10270_DATA [8] is used but has no driver.
Warning: Wire i_rom_32x256.$memrd$\mem$/Users/shubhanshu/Desktop/Nebula/digital/output/rtl_variants_v2/openrouter_nemotron-ultra/rtl/i_rom_32x256.v:47$10270_DATA [7] is used but has no driver.
Warning: Wire i_rom_32x256.$memrd$\mem$/Users/shubhanshu/Desktop/Nebula/digital/output/rtl_variants_v2/openrouter_nemotron-ultra/rtl/i_rom_32x256.v:47$10270_DATA [6] is used but has no driver.
Warning: Wire i_rom_32x256.$memrd$\mem$/Users/shubhanshu/Desktop/Nebula/digital/output/rtl_variants_v2/openrouter_nemotron-ultra/rtl/i_rom_32x256.v:47$10270_DATA [5] is used but has no driver.
Warning: Wire i_rom_32x256.$memrd$\mem$/Users/shubhanshu/Desktop/Nebula/digital/output/rtl_variants_v2/openrouter_nemotron-ultra/rtl/i_rom_32x256.v:47$10270_DATA [4] is used but has no driver.
Warning: Wire i_rom_32x256.$memrd$\mem$/Users/shubhanshu/Desktop/Nebula/digital/output/rtl_variants_v2/openrouter_nemotron-ultra/rtl/i_rom_32x256.v:47$10270_DATA [2] is used but has no driver.
Warning: Wire i_rom_32x256.$memrd$\mem$/Users/shubhanshu/Desktop/Nebula/digital/output/rtl_variants_v2/openrouter_nemotron-ultra/rtl/i_rom_32x256.v:48$10269_DATA [31] is used but has no driver.
Warning: Wire i_rom_32x256.$memrd$\mem$/Users/shubhanshu/Desktop/Nebula/digital/output/rtl_variants_v2/openrouter_nemotron-ultra/rtl/i_rom_32x256.v:48$10269_DATA [30] is used but has no driver.
Warning: Wire i_rom_32x256.$memrd$\mem$/Users/shubhanshu/Desktop/Nebula/digital/output/rtl_variants_v2/openrouter_nemotron-ultra/rtl/i_rom_32x256.v:48$10269_DATA [29] is used but has no driver.
Warning: Wire i_rom_32x256.$memrd$\mem$/Users/shubhanshu/Desktop/Nebula/digital/output/rtl_variants_v2/openrouter_nemotron-ultra/rtl/i_rom_32x256.v:48$10269_DATA [28] is used but has no driver.
Warning: Wire i_rom_32x256.$memrd$\mem$/Users/shubhanshu/Desktop/Nebula/digital/output/rtl_variants_v2/openrouter_nemotron-ultra/rtl/i_rom_32x256.v:48$10269_DATA [27] is used but has no driver.
Warning: Wire i_rom_32x256.$memrd$\mem$/Users/shubhanshu/Desktop/Nebula/digital/output/rtl_variants_v2/openrouter_nemotron-ultra/rtl/i_rom_32x256.v:48$10269_DATA [26] is used but has no driver.
Warning: Wire i_rom_32x256.$memrd$\mem$/Users/shubhanshu/Desktop/Nebula/digital/output/rtl_variants_v2/openrouter_nemotron-ultra/rtl/i_rom_32x256.v:48$10269_DATA [25] is used but has no driver.
Warning: Wire i_rom_32x256.$memrd$\mem$/Users/shubhanshu/Desktop/Nebula/digital/output/rtl_variants_v2/openrouter_nemotron-ultra/rtl/i_rom_32x256.v:48$10269_DATA [24] is used but has no driver.
Warning: Wire i_rom_32x256.$memrd$\mem$/Users/shubhanshu/Desktop/Nebula/digital/output/rtl_variants_v2/openrouter_nemotron-ultra/rtl/i_rom_32x256.v:48$10269_DATA [23] is used but has no driver.
Warning: Wire i_rom_32x256.$memrd$\mem$/Users/shubhanshu/Desktop/Nebula/digital/output/rtl_variants_v2/openrouter_nemotron-ultra/rtl/i_rom_32x256.v:48$10269_DATA [22] is used but has no driver.
Warning: Wire i_rom_32x256.$memrd$\mem$/Users/shubhanshu/Desktop/Nebula/digital/output/rtl_variants_v2/openrouter_nemotron-ultra/rtl/i_rom_32x256.v:48$10269_DATA [21] is used but has no driver.
Warning: Wire i_rom_32x256.$memrd$\mem$/Users/shubhanshu/Desktop/Nebula/digital/output/rtl_variants_v2/openrouter_nemotron-ultra/rtl/i_rom_32x256.v:48$10269_DATA [20] is used but has no driver.
Warning: Wire i_rom_32x256.$memrd$\mem$/Users/shubhanshu/Desktop/Nebula/digital/output/rtl_variants_v2/openrouter_nemotron-ultra/rtl/i_rom_32x256.v:48$10269_DATA [19] is used but has no driver.
Warning: Wire i_rom_32x256.$memrd$\mem$/Users/shubhanshu/Desktop/Nebula/digital/output/rtl_variants_v2/openrouter_nemotron-ultra/rtl/i_rom_32x256.v:48$10269_DATA [18] is used but has no driver.
Warning: Wire i_rom_32x256.$memrd$\mem$/Users/shubhanshu/Desktop/Nebula/digital/output/rtl_variants_v2/openrouter_nemotron-ultra/rtl/i_rom_32x256.v:48$10269_DATA [17] is used but has no driver.
Warning: Wire i_rom_32x256.$memrd$\mem$/Users/shubhanshu/Desktop/Nebula/digital/output/rtl_variants_v2/openrouter_nemotron-ultra/rtl/i_rom_32x256.v:48$10269_DATA [16] is used but has no driver.
Warning: Wire i_rom_32x256.$memrd$\mem$/Users/shubhanshu/Desktop/Nebula/digital/output/rtl_variants_v2/openrouter_nemotron-ultra/rtl/i_rom_32x256.v:48$10269_DATA [15] is used but has no driver.
Warning: Wire i_rom_32x256.$memrd$\mem$/Users/shubhanshu/Desktop/Nebula/digital/output/rtl_variants_v2/openrouter_nemotron-ultra/rtl/i_rom_32x256.v:48$10269_DATA [14] is used but has no driver.
Warning: Wire i_rom_32x256.$memrd$\mem$/Users/shubhanshu/Desktop/Nebula/digital/output/rtl_variants_v2/openrouter_nemotron-ultra/rtl/i_rom_32x256.v:48$10269_DATA [13] is used but has no driver.
Warning: Wire i_rom_32x256.$memrd$\mem$/Users/shubhanshu/Desktop/Nebula/digital/output/rtl_variants_v2/openrouter_nemotron-ultra/rtl/i_rom_32x256.v:48$10269_DATA [12] is used but has no driver.
Warning: Wire i_rom_32x256.$memrd$\mem$/Users/shubhanshu/Desktop/Nebula/digital/output/rtl_variants_v2/openrouter_nemotron-ultra/rtl/i_rom_32x256.v:48$10269_DATA [11] is used but has no driver.
Warning: Wire i_rom_32x256.$memrd$\mem$/Users/shubhanshu/Desktop/Nebula/digital/output/rtl_variants_v2/openrouter_nemotron-ultra/rtl/i_rom_32x256.v:48$10269_DATA [10] is used but has no driver.
Warning: Wire i_rom_32x256.$memrd$\mem$/Users/shubhanshu/Desktop/Nebula/digital/output/rtl_variants_v2/openrouter_nemotron-ultra/rtl/i_rom_32x256.v:48$10269_DATA [9] is used but has no driver.
Warning: Wire i_rom_32x256.$memrd$\mem$/Users/shubhanshu/Desktop/Nebula/digital/output/rtl_variants_v2/openrouter_nemotron-ultra/rtl/i_rom_32x256.v:48$10269_DATA [8] is used but has no driver.
Warning: Wire i_rom_32x256.$memrd$\mem$/Users/shubhanshu/Desktop/Nebula/digital/output/rtl_variants_v2/openrouter_nemotron-ultra/rtl/i_rom_32x256.v:48$10269_DATA [7] is used but has no driver.
Warning: Wire i_rom_32x256.$memrd$\mem$/Users/shubhanshu/Desktop/Nebula/digital/output/rtl_variants_v2/openrouter_nemotron-ultra/rtl/i_rom_32x256.v:48$10269_DATA [6] is used but has no driver.
Warning: Wire i_rom_32x256.$memrd$\mem$/Users/shubhanshu/Desktop/Nebula/digital/output/rtl_variants_v2/openrouter_nemotron-ultra/rtl/i_rom_32x256.v:48$10269_DATA [5] is used but has no driver.
Warning: Wire i_rom_32x256.$memrd$\mem$/Users/shubhanshu/Desktop/Nebula/digital/output/rtl_variants_v2/openrouter_nemotron-ultra/rtl/i_rom_32x256.v:48$10269_DATA [4] is used but has no driver.
Warning: Wire i_rom_32x256.$memrd$\mem$/Users/shubhanshu/Desktop/Nebula/digital/output/rtl_variants_v2/openrouter_nemotron-ultra/rtl/i_rom_32x256.v:48$10269_DATA [2] is used but has no driver.
Warning: Wire i_rom_32x256.$memrd$\mem$/Users/shubhanshu/Desktop/Nebula/digital/output/rtl_variants_v2/openrouter_nemotron-ultra/rtl/i_rom_32x256.v:48$10268_DATA [31] is used but has no driver.
Warning: Wire i_rom_32x256.$memrd$\mem$/Users/shubhanshu/Desktop/Nebula/digital/output/rtl_variants_v2/openrouter_nemotron-ultra/rtl/i_rom_32x256.v:48$10268_DATA [30] is used but has no driver.
Warning: Wire i_rom_32x256.$memrd$\mem$/Users/shubhanshu/Desktop/Nebula/digital/output/rtl_variants_v2/openrouter_nemotron-ultra/rtl/i_rom_32x256.v:48$10268_DATA [29] is used but has no driver.
Warning: Wire i_rom_32x256.$memrd$\mem$/Users/shubhanshu/Desktop/Nebula/digital/output/rtl_variants_v2/openrouter_nemotron-ultra/rtl/i_rom_32x256.v:48$10268_DATA [28] is used but has no driver.
Warning: Wire i_rom_32x256.$memrd$\mem$/Users/shubhanshu/Desktop/Nebula/digital/output/rtl_variants_v2/openrouter_nemotron-ultra/rtl/i_rom_32x256.v:48$10268_DATA [27] is used but has no driver.
Warning: Wire i_rom_32x256.$memrd$\mem$/Users/shubhanshu/Desktop/Nebula/digital/output/rtl_variants_v2/openrouter_nemotron-ultra/rtl/i_rom_32x256.v:48$10268_DATA [26] is used but has no driver.
Warning: Wire i_rom_32x256.$memrd$\mem$/Users/shubhanshu/Desktop/Nebula/digital/output/rtl_variants_v2/openrouter_nemotron-ultra/rtl/i_rom_32x256.v:48$10268_DATA [25] is used but has no driver.
Warning: Wire i_rom_32x256.$memrd$\mem$/Users/shubhanshu/Desktop/Nebula/digital/output/rtl_variants_v2/openrouter_nemotron-ultra/rtl/i_rom_32x256.v:48$10268_DATA [24] is used but has no driver.
Warning: Wire i_rom_32x256.$memrd$\mem$/Users/shubhanshu/Desktop/Nebula/digital/output/rtl_variants_v2/openrouter_nemotron-ultra/rtl/i_rom_32x256.v:48$10268_DATA [23] is used but has no driver.
Warning: Wire i_rom_32x256.$memrd$\mem$/Users/shubhanshu/Desktop/Nebula/digital/output/rtl_variants_v2/openrouter_nemotron-ultra/rtl/i_rom_32x256.v:48$10268_DATA [22] is used but has no driver.
Warning: Wire i_rom_32x256.$memrd$\mem$/Users/shubhanshu/Desktop/Nebula/digital/output/rtl_variants_v2/openrouter_nemotron-ultra/rtl/i_rom_32x256.v:48$10268_DATA [21] is used but has no driver.
Warning: Wire i_rom_32x256.$memrd$\mem$/Users/shubhanshu/Desktop/Nebula/digital/output/rtl_variants_v2/openrouter_nemotron-ultra/rtl/i_rom_32x256.v:48$10268_DATA [20] is used but has no driver.
Warning: Wire i_rom_32x256.$memrd$\mem$/Users/shubhanshu/Desktop/Nebula/digital/output/rtl_variants_v2/openrouter_nemotron-ultra/rtl/i_rom_32x256.v:48$10268_DATA [19] is used but has no driver.
Warning: Wire i_rom_32x256.$memrd$\mem$/Users/shubhanshu/Desktop/Nebula/digital/output/rtl_variants_v2/openrouter_nemotron-ultra/rtl/i_rom_32x256.v:48$10268_DATA [18] is used but has no driver.
Warning: Wire i_rom_32x256.$memrd$\mem$/Users/shubhanshu/Desktop/Nebula/digital/output/rtl_variants_v2/openrouter_nemotron-ultra/rtl/i_rom_32x256.v:48$10268_DATA [17] is used but has no driver.
Warning: Wire i_rom_32x256.$memrd$\mem$/Users/shubhanshu/Desktop/Nebula/digital/output/rtl_variants_v2/openrouter_nemotron-ultra/rtl/i_rom_32x256.v:48$10268_DATA [16] is used but has no driver.
Warning: Wire i_rom_32x256.$memrd$\mem$/Users/shubhanshu/Desktop/Nebula/digital/output/rtl_variants_v2/openrouter_nemotron-ultra/rtl/i_rom_32x256.v:48$10268_DATA [15] is used but has no driver.
Warning: Wire i_rom_32x256.$memrd$\mem$/Users/shubhanshu/Desktop/Nebula/digital/output/rtl_variants_v2/openrouter_nemotron-ultra/rtl/i_rom_32x256.v:48$10268_DATA [14] is used but has no driver.
Warning: Wire i_rom_32x256.$memrd$\mem$/Users/shubhanshu/Desktop/Nebula/digital/output/rtl_variants_v2/openrouter_nemotron-ultra/rtl/i_rom_32x256.v:48$10268_DATA [13] is used but has no driver.
Warning: Wire i_rom_32x256.$memrd$\mem$/Users/shubhanshu/Desktop/Nebula/digital/output/rtl_variants_v2/openrouter_nemotron-ultra/rtl/i_rom_32x256.v:48$10268_DATA [12] is used but has no driver.
Warning: Wire i_rom_32x256.$memrd$\mem$/Users/shubhanshu/Desktop/Nebula/digital/output/rtl_variants_v2/openrouter_nemotron-ultra/rtl/i_rom_32x256.v:48$10268_DATA [11] is used but has no driver.
Warning: Wire i_rom_32x256.$memrd$\mem$/Users/shubhanshu/Desktop/Nebula/digital/output/rtl_variants_v2/openrouter_nemotron-ultra/rtl/i_rom_32x256.v:48$10268_DATA [10] is used but has no driver.
Warning: Wire i_rom_32x256.$memrd$\mem$/Users/shubhanshu/Desktop/Nebula/digital/output/rtl_variants_v2/openrouter_nemotron-ultra/rtl/i_rom_32x256.v:48$10268_DATA [9] is used but has no driver.
Warning: Wire i_rom_32x256.$memrd$\mem$/Users/shubhanshu/Desktop/Nebula/digital/output/rtl_variants_v2/openrouter_nemotron-ultra/rtl/i_rom_32x256.v:48$10268_DATA [8] is used but has no driver.
Warning: Wire i_rom_32x256.$memrd$\mem$/Users/shubhanshu/Desktop/Nebula/digital/output/rtl_variants_v2/openrouter_nemotron-ultra/rtl/i_rom_32x256.v:48$10268_DATA [7] is used but has no driver.
Warning: Wire i_rom_32x256.$memrd$\mem$/Users/shubhanshu/Desktop/Nebula/digital/output/rtl_variants_v2/openrouter_nemotron-ultra/rtl/i_rom_32x256.v:48$10268_DATA [6] is used but has no driver.
Warning: Wire i_rom_32x256.$memrd$\mem$/Users/shubhanshu/Desktop/Nebula/digital/output/rtl_variants_v2/openrouter_nemotron-ultra/rtl/i_rom_32x256.v:48$10268_DATA [5] is used but has no driver.
Warning: Wire i_rom_32x256.$memrd$\mem$/Users/shubhanshu/Desktop/Nebula/digital/output/rtl_variants_v2/openrouter_nemotron-ultra/rtl/i_rom_32x256.v:48$10268_DATA [4] is used but has no driver.
Warning: Wire i_rom_32x256.$memrd$\mem$/Users/shubhanshu/Desktop/Nebula/digital/output/rtl_variants_v2/openrouter_nemotron-ultra/rtl/i_rom_32x256.v:48$10268_DATA [2] is used but has no driver.
6.3. Executing FLATTEN pass (flatten design).
6.4. Executing OPT_EXPR pass (perform const folding).
6.5. Executing OPT_CLEAN pass (remove unused cells and wires).
6.6. Executing CHECK pass (checking for obvious problems).
6.7. Executing OPT pass (performing simple optimizations).
6.7.1. Executing OPT_EXPR pass (perform const folding).
6.7.2. Executing OPT_MERGE pass (detect identical cells).
6.7.3. Executing OPT_MUXTREE pass (detect dead branches in mux trees).
6.7.4. Executing OPT_REDUCE pass (consolidate $*mux and $reduce_* inputs).
6.7.5. Executing OPT_MERGE pass (detect identical cells).
6.7.6. Executing OPT_DFF pass (perform DFF optimizations).
6.7.7. Executing OPT_CLEAN pass (remove unused cells and wires).
6.7.8. Executing OPT_EXPR pass (perform const folding).
6.7.9. Rerunning OPT passes. (Maybe there is more to do..)
6.7.10. Executing OPT_MUXTREE pass (detect dead branches in mux trees).
6.7.11. Executing OPT_REDUCE pass (consolidate $*mux and $reduce_* inputs).
6.7.12. Executing OPT_MERGE pass (detect identical cells).
6.7.13. Executing OPT_DFF pass (perform DFF optimizations).
6.7.14. Executing OPT_CLEAN pass (remove unused cells and wires).
6.7.15. Executing OPT_EXPR pass (perform const folding).
6.7.16. Finished fast OPT passes. (There is nothing left to do.)
6.8. Executing OPT pass (performing simple optimizations).
6.8.1. Executing OPT_EXPR pass (perform const folding).
6.8.2. Executing OPT_MERGE pass (detect identical cells).
6.8.3. Executing OPT_MUXTREE pass (detect dead branches in mux trees).
6.8.4. Executing OPT_REDUCE pass (consolidate $*mux and $reduce_* inputs).
6.8.5. Executing OPT_MERGE pass (detect identical cells).
6.8.6. Executing OPT_DFF pass (perform DFF optimizations).
6.8.7. Executing OPT_CLEAN pass (remove unused cells and wires).
6.8.8. Executing OPT_EXPR pass (perform const folding).
6.8.9. Finished fast OPT passes. (There is nothing left to do.)
6.9. Executing WREDUCE pass (reducing word size of cells).
6.10. Executing PEEPOPT pass (run peephole optimizers).
6.11. Executing OPT_CLEAN pass (remove unused cells and wires).
6.12. Executing ALUMACC pass (create $alu and $macc cells).
6.13. Executing SHARE pass (SAT-based resource sharing).
6.14. Executing OPT pass (performing simple optimizations).
6.14.1. Executing OPT_EXPR pass (perform const folding).
6.14.2. Executing OPT_MERGE pass (detect identical cells).
6.14.3. Executing OPT_MUXTREE pass (detect dead branches in mux trees).
6.14.4. Executing OPT_REDUCE pass (consolidate $*mux and $reduce_* inputs).
6.14.5. Executing OPT_MERGE pass (detect identical cells).
6.14.6. Executing OPT_DFF pass (perform DFF optimizations).
6.14.7. Executing OPT_CLEAN pass (remove unused cells and wires).
6.14.8. Executing OPT_EXPR pass (perform const folding).
6.14.9. Rerunning OPT passes. (Maybe there is more to do..)
6.14.10. Executing OPT_MUXTREE pass (detect dead branches in mux trees).
6.14.11. Executing OPT_REDUCE pass (consolidate $*mux and $reduce_* inputs).
6.14.12. Executing OPT_MERGE pass (detect identical cells).
6.14.13. Executing OPT_DFF pass (perform DFF optimizations).
6.14.14. Executing OPT_CLEAN pass (remove unused cells and wires).
6.14.15. Executing OPT_EXPR pass (perform const folding).
6.14.16. Finished fast OPT passes. (There is nothing left to do.)
6.15. Executing MEMORY pass.
6.15.1. Executing OPT_MEM pass (optimize memories).
6.15.2. Executing OPT_MEM_PRIORITY pass (removing unnecessary memory write priority relations).
6.15.3. Executing OPT_MEM_FEEDBACK pass (finding memory read-to-write feedback paths).
6.15.4. Executing MEMORY_BMUX2ROM pass (converting muxes to ROMs).
6.15.5. Executing MEMORY_DFF pass (merging $dff cells to $memrd).
6.15.6. Executing OPT_CLEAN pass (remove unused cells and wires).
6.15.7. Executing MEMORY_SHARE pass (consolidating $memrd/$memwr cells).
6.15.8. Executing OPT_MEM_WIDEN pass (optimize memories where all ports are wide).
6.15.9. Executing OPT_CLEAN pass (remove unused cells and wires).
6.15.10. Executing MEMORY_COLLECT pass (generating $mem cells).
6.16. Executing OPT_CLEAN pass (remove unused cells and wires).
7. Executing SYNTH pass.
7.1. Executing OPT pass (performing simple optimizations).
7.1.1. Executing OPT_EXPR pass (perform const folding).
7.1.2. Executing OPT_MERGE pass (detect identical cells).
7.1.3. Executing OPT_DFF pass (perform DFF optimizations).
7.1.4. Executing OPT_CLEAN pass (remove unused cells and wires).
7.1.5. Rerunning OPT passes. (Removed registers in this run.)
7.1.6. Executing OPT_EXPR pass (perform const folding).
7.1.7. Executing OPT_MERGE pass (detect identical cells).
7.1.8. Executing OPT_DFF pass (perform DFF optimizations).
7.1.9. Executing OPT_CLEAN pass (remove unused cells and wires).
7.1.10. Rerunning OPT passes. (Removed registers in this run.)
7.1.11. Executing OPT_EXPR pass (perform const folding).
7.1.12. Executing OPT_MERGE pass (detect identical cells).
7.1.13. Executing OPT_DFF pass (perform DFF optimizations).
7.1.14. Executing OPT_CLEAN pass (remove unused cells and wires).
7.1.15. Finished fast OPT passes.
7.2. Executing MEMORY_MAP pass (converting memories to logic and flip-flops).
7.3. Executing OPT pass (performing simple optimizations).
7.3.1. Executing OPT_EXPR pass (perform const folding).
7.3.2. Executing OPT_MERGE pass (detect identical cells).
7.3.3. Executing OPT_MUXTREE pass (detect dead branches in mux trees).
7.3.4. Executing OPT_REDUCE pass (consolidate $*mux and $reduce_* inputs).
7.3.5. Executing OPT_MERGE pass (detect identical cells).
7.3.6. Executing OPT_SHARE pass.
7.3.7. Executing OPT_DFF pass (perform DFF optimizations).
7.3.8. Executing OPT_CLEAN pass (remove unused cells and wires).
7.3.9. Executing OPT_EXPR pass (perform const folding).
7.3.10. Rerunning OPT passes. (Maybe there is more to do..)
7.3.11. Executing OPT_MUXTREE pass (detect dead branches in mux trees).
7.3.12. Executing OPT_REDUCE pass (consolidate $*mux and $reduce_* inputs).
7.3.13. Executing OPT_MERGE pass (detect identical cells).
7.3.14. Executing OPT_SHARE pass.
7.3.15. Executing OPT_DFF pass (perform DFF optimizations).
7.3.16. Executing OPT_CLEAN pass (remove unused cells and wires).
7.3.17. Executing OPT_EXPR pass (perform const folding).
7.3.18. Rerunning OPT passes. (Maybe there is more to do..)
7.3.19. Executing OPT_MUXTREE pass (detect dead branches in mux trees).
7.3.20. Executing OPT_REDUCE pass (consolidate $*mux and $reduce_* inputs).
7.3.21. Executing OPT_MERGE pass (detect identical cells).
7.3.22. Executing OPT_SHARE pass.
7.3.23. Executing OPT_DFF pass (perform DFF optimizations).
7.3.24. Executing OPT_CLEAN pass (remove unused cells and wires).
7.3.25. Executing OPT_EXPR pass (perform const folding).
7.3.26. Rerunning OPT passes. (Maybe there is more to do..)
7.3.27. Executing OPT_MUXTREE pass (detect dead branches in mux trees).
7.3.28. Executing OPT_REDUCE pass (consolidate $*mux and $reduce_* inputs).
7.3.29. Executing OPT_MERGE pass (detect identical cells).
7.3.30. Executing OPT_SHARE pass.
7.3.31. Executing OPT_DFF pass (perform DFF optimizations).
7.3.32. Executing OPT_CLEAN pass (remove unused cells and wires).
7.3.33. Executing OPT_EXPR pass (perform const folding).
7.3.34. Rerunning OPT passes. (Maybe there is more to do..)
7.3.35. Executing OPT_MUXTREE pass (detect dead branches in mux trees).
7.3.36. Executing OPT_REDUCE pass (consolidate $*mux and $reduce_* inputs).
7.3.37. Executing OPT_MERGE pass (detect identical cells).
7.3.38. Executing OPT_SHARE pass.
7.3.39. Executing OPT_DFF pass (perform DFF optimizations).
7.3.40. Executing OPT_CLEAN pass (remove unused cells and wires).
7.3.41. Executing OPT_EXPR pass (perform const folding).
7.3.42. Rerunning OPT passes. (Maybe there is more to do..)
7.3.43. Executing OPT_MUXTREE pass (detect dead branches in mux trees).
7.3.44. Executing OPT_REDUCE pass (consolidate $*mux and $reduce_* inputs).
7.3.45. Executing OPT_MERGE pass (detect identical cells).
7.3.46. Executing OPT_SHARE pass.
7.3.47. Executing OPT_DFF pass (perform DFF optimizations).
7.3.48. Executing OPT_CLEAN pass (remove unused cells and wires).
7.3.49. Executing OPT_EXPR pass (perform const folding).
7.3.50. Rerunning OPT passes. (Maybe there is more to do..)
7.3.51. Executing OPT_MUXTREE pass (detect dead branches in mux trees).
7.3.52. Executing OPT_REDUCE pass (consolidate $*mux and $reduce_* inputs).
7.3.53. Executing OPT_MERGE pass (detect identical cells).
7.3.54. Executing OPT_SHARE pass.
7.3.55. Executing OPT_DFF pass (perform DFF optimizations).
7.3.56. Executing OPT_CLEAN pass (remove unused cells and wires).
7.3.57. Executing OPT_EXPR pass (perform const folding).
7.3.58. Rerunning OPT passes. (Maybe there is more to do..)
7.3.59. Executing OPT_MUXTREE pass (detect dead branches in mux trees).
7.3.60. Executing OPT_REDUCE pass (consolidate $*mux and $reduce_* inputs).
7.3.61. Executing OPT_MERGE pass (detect identical cells).
7.3.62. Executing OPT_SHARE pass.
7.3.63. Executing OPT_DFF pass (perform DFF optimizations).
7.3.64. Executing OPT_CLEAN pass (remove unused cells and wires).
7.3.65. Executing OPT_EXPR pass (perform const folding).
7.3.66. Rerunning OPT passes. (Maybe there is more to do..)
7.3.67. Executing OPT_MUXTREE pass (detect dead branches in mux trees).
7.3.68. Executing OPT_REDUCE pass (consolidate $*mux and $reduce_* inputs).
7.3.69. Executing OPT_MERGE pass (detect identical cells).
7.3.70. Executing OPT_SHARE pass.
7.3.71. Executing OPT_DFF pass (perform DFF optimizations).
7.3.72. Executing OPT_CLEAN pass (remove unused cells and wires).
7.3.73. Executing OPT_EXPR pass (perform const folding).
7.3.74. Finished fast OPT passes. (There is nothing left to do.)
7.4. Executing TECHMAP pass (map to technology primitives).
7.4.1. Executing Verilog-2005 frontend: /Users/shubhanshu/Desktop/Nebula/digital/orfs/tools/install/yosys/bin/../share/yosys/techmap.v
7.4.2. Executing Verilog-2005 frontend: /Users/shubhanshu/Desktop/Nebula/digital/orfs/flow/platforms/common/lcu_kogge_stone.v
7.4.3. Continuing TECHMAP pass.
7.4.114. Executing OPT_MUXTREE pass (detect dead branches in mux trees).
7.4.115. Executing OPT_EXPR pass (perform const folding).
7.5. Executing OPT pass (performing simple optimizations).
7.5.1. Executing OPT_EXPR pass (perform const folding).
7.5.2. Executing OPT_MERGE pass (detect identical cells).
7.5.3. Executing OPT_DFF pass (perform DFF optimizations).
7.5.4. Executing OPT_CLEAN pass (remove unused cells and wires).
7.5.5. Finished fast OPT passes.
7.6. Executing HIERARCHY pass (managing design hierarchy).
7.6.1. Analyzing design hierarchy..
7.6.2. Analyzing design hierarchy..
7.7. Printing statistics.
7.8. Executing CHECK pass (checking for obvious problems).
8. Executing OPT pass (performing simple optimizations).
8.1. Executing OPT_EXPR pass (perform const folding).
8.2. Executing OPT_MERGE pass (detect identical cells).
8.3. Executing OPT_MUXTREE pass (detect dead branches in mux trees).
8.4. Executing OPT_REDUCE pass (consolidate $*mux and $reduce_* inputs).
8.5. Executing OPT_MERGE pass (detect identical cells).
8.6. Executing OPT_DFF pass (perform DFF optimizations).
8.7. Executing OPT_CLEAN pass (remove unused cells and wires).
8.8. Executing OPT_EXPR pass (perform const folding).
8.9. Rerunning OPT passes. (Maybe there is more to do..)
8.10. Executing OPT_MUXTREE pass (detect dead branches in mux trees).
8.11. Executing OPT_REDUCE pass (consolidate $*mux and $reduce_* inputs).
8.12. Executing OPT_MERGE pass (detect identical cells).
8.13. Executing OPT_DFF pass (perform DFF optimizations).
8.14. Executing OPT_CLEAN pass (remove unused cells and wires).
8.15. Executing OPT_EXPR pass (perform const folding).
8.16. Finished fast OPT passes. (There is nothing left to do.)
9. Executing EXTRACT_FA pass (find and extract full/half adders).
10. Executing TECHMAP pass (map to technology primitives).
10.1. Executing Verilog-2005 frontend: /Users/shubhanshu/Desktop/Nebula/digital/orfs/flow/platforms/sky130hd/cells_adders_hd.v
10.2. Continuing TECHMAP pass.
11. Executing TECHMAP pass (map to technology primitives).
11.1. Executing Verilog-2005 frontend: /Users/shubhanshu/Desktop/Nebula/digital/orfs/tools/install/yosys/bin/../share/yosys/techmap.v
11.2. Continuing TECHMAP pass.
12. Executing OPT pass (performing simple optimizations).
12.1. Executing OPT_EXPR pass (perform const folding).
12.2. Executing OPT_MERGE pass (detect identical cells).
12.3. Executing OPT_DFF pass (perform DFF optimizations).
12.4. Executing OPT_CLEAN pass (remove unused cells and wires).
12.5. Finished fast OPT passes.
13. Executing DFFLEGALIZE pass (convert FFs to types supported by the target).
14. Executing TECHMAP pass (map to technology primitives).
14.1. Executing Verilog-2005 frontend: /Users/shubhanshu/Desktop/Nebula/digital/orfs/flow/platforms/sky130hd/cells_latch_hd.v
14.2. Continuing TECHMAP pass.
15. Executing DFFLIBMAP pass (mapping DFF cells to sequential cells from liberty file).
15.1. Executing DFFLEGALIZE pass (convert FFs to types supported by the target).
16. Executing OPT pass (performing simple optimizations).
16.1. Executing OPT_EXPR pass (perform const folding).
16.2. Executing OPT_MERGE pass (detect identical cells).
16.3. Executing OPT_MUXTREE pass (detect dead branches in mux trees).
16.4. Executing OPT_REDUCE pass (consolidate $*mux and $reduce_* inputs).
16.5. Executing OPT_MERGE pass (detect identical cells).
16.6. Executing OPT_DFF pass (perform DFF optimizations).
16.7. Executing OPT_CLEAN pass (remove unused cells and wires).
16.8. Executing OPT_EXPR pass (perform const folding).
16.9. Finished fast OPT passes. (There is nothing left to do.)
17. Executing SETUNDEF pass (replace undef values with defined constants).
abc -script /Users/shubhanshu/Desktop/Nebula/digital/orfs/flow/scripts/abc_speed.script -liberty /Users/shubhanshu/Desktop/Nebula/digital/orfs/flow/platforms/sky130hd/lib/sky130_fd_sc_hd__tt_025C_1v80.lib -dont_use sky130_fd_sc_hd__probe_p_8 -dont_use sky130_fd_sc_hd__probec_p_8 -dont_use sky130_fd_sc_hd__lpflow_bleeder_1 -dont_use sky130_fd_sc_hd__lpflow_clkbufkapwr_1 -dont_use sky130_fd_sc_hd__lpflow_clkbufkapwr_16 -dont_use sky130_fd_sc_hd__lpflow_clkbufkapwr_2 -dont_use sky130_fd_sc_hd__lpflow_clkbufkapwr_4 -dont_use sky130_fd_sc_hd__lpflow_clkbufkapwr_8 -dont_use sky130_fd_sc_hd__lpflow_clkinvkapwr_1 -dont_use sky130_fd_sc_hd__lpflow_clkinvkapwr_16 -dont_use sky130_fd_sc_hd__lpflow_clkinvkapwr_2 -dont_use sky130_fd_sc_hd__lpflow_clkinvkapwr_4 -dont_use sky130_fd_sc_hd__lpflow_clkinvkapwr_8 -dont_use sky130_fd_sc_hd__lpflow_decapkapwr_12 -dont_use sky130_fd_sc_hd__lpflow_decapkapwr_3 -dont_use sky130_fd_sc_hd__lpflow_decapkapwr_4 -dont_use sky130_fd_sc_hd__lpflow_decapkapwr_6 -dont_use sky130_fd_sc_hd__lpflow_decapkapwr_8 -dont_use sky130_fd_sc_hd__lpflow_inputiso0n_1 -dont_use sky130_fd_sc_hd__lpflow_inputiso0p_1 -dont_use sky130_fd_sc_hd__lpflow_inputiso1n_1 -dont_use sky130_fd_sc_hd__lpflow_inputiso1p_1 -dont_use sky130_fd_sc_hd__lpflow_inputisolatch_1 -dont_use sky130_fd_sc_hd__lpflow_isobufsrc_1 -dont_use sky130_fd_sc_hd__lpflow_isobufsrc_16 -dont_use sky130_fd_sc_hd__lpflow_isobufsrc_2 -dont_use sky130_fd_sc_hd__lpflow_isobufsrc_4 -dont_use sky130_fd_sc_hd__lpflow_isobufsrc_8 -dont_use sky130_fd_sc_hd__lpflow_isobufsrckapwr_16 -dont_use sky130_fd_sc_hd__lpflow_lsbuf_lh_hl_isowell_tap_1 -dont_use sky130_fd_sc_hd__lpflow_lsbuf_lh_hl_isowell_tap_2 -dont_use sky130_fd_sc_hd__lpflow_lsbuf_lh_hl_isowell_tap_4 -dont_use sky130_fd_sc_hd__lpflow_lsbuf_lh_isowell_4 -dont_use sky130_fd_sc_hd__lpflow_lsbuf_lh_isowell_tap_1 -dont_use sky130_fd_sc_hd__lpflow_lsbuf_lh_isowell_tap_2 -dont_use sky130_fd_sc_hd__lpflow_lsbuf_lh_isowell_tap_4 -constr /Users/shubhanshu/Desktop/Nebula/digital/artifacts/model_ppa_v2_20260913_2305/pnr_openrouter_nemotron-ultra/objects/sky130hd/nebula_bench_v2/openrouter_nemotron-ultra/abc.constr
18. Executing ABC pass (technology mapping using ABC).
18.1. Extracting gate netlist of module `$paramod$72f83d20332db853f52d52010cdb396e42162176\asynchronous_fifo_gen' to `<abc-temp-dir>/input.blif'..
18.1.1. Executed ABC.
18.1.2. Re-integrating ABC results.
18.2. Extracting gate netlist of module `$paramod$e9b0330b32c707496d2ac0891b99a36ab486e931\asynchronous_fifo_gen' to `<abc-temp-dir>/input.blif'..
18.2.1. Executed ABC.
18.2.2. Re-integrating ABC results.
18.3. Extracting gate netlist of module `\alu' to `<abc-temp-dir>/input.blif'..
18.3.1. Executed ABC.
18.3.2. Re-integrating ABC results.
18.4. Extracting gate netlist of module `\alu_src_a_mux' to `<abc-temp-dir>/input.blif'..
18.4.1. Executed ABC.
18.4.2. Re-integrating ABC results.
18.5. Extracting gate netlist of module `\alu_src_b_mux' to `<abc-temp-dir>/input.blif'..
18.5.1. Executed ABC.
18.5.2. Re-integrating ABC results.
18.6. Extracting gate netlist of module `\arbiter' to `<abc-temp-dir>/input.blif'..
18.6.1. Executed ABC.
18.6.2. Re-integrating ABC results.
18.7. Extracting gate netlist of module `\axi_interconnect_2m_8s' to `<abc-temp-dir>/input.blif'..
18.7.1. Executed ABC.
18.7.2. Re-integrating ABC results.
18.8. Extracting gate netlist of module `\axi_lite_dma_config' to `<abc-temp-dir>/input.blif'..
18.8.1. Executed ABC.
18.8.2. Re-integrating ABC results.
18.9. Extracting gate netlist of module `\axi_lite_dot' to `<abc-temp-dir>/input.blif'..
18.9.1. Executed ABC.
18.9.2. Re-integrating ABC results.
18.10. Extracting gate netlist of module `\axi_lite_gpio' to `<abc-temp-dir>/input.blif'..
18.10.1. Executed ABC.
18.10.2. Re-integrating ABC results.
18.11. Extracting gate netlist of module `\axi_lite_master' to `<abc-temp-dir>/input.blif'..
18.11.1. Executed ABC.
18.11.2. Re-integrating ABC results.
18.12. Extracting gate netlist of module `\axi_lite_timer' to `<abc-temp-dir>/input.blif'..
18.12.1. Executed ABC.
18.12.2. Re-integrating ABC results.
18.13. Extracting gate netlist of module `\axi_lite_uart' to `<abc-temp-dir>/input.blif'..
18.13.1. Executed ABC.
18.13.2. Re-integrating ABC results.
18.14. Extracting gate netlist of module `\bin_to_bcd_32' to `<abc-temp-dir>/input.blif'..
18.14.1. Executed ABC.
18.14.2. Re-integrating ABC results.
18.15. Extracting gate netlist of module `\branch_comp_decoder' to `<abc-temp-dir>/input.blif'..
18.15.1. Executed ABC.
18.15.2. Re-integrating ABC results.
18.16. Extracting gate netlist of module `\branch_comprator' to `<abc-temp-dir>/input.blif'..
18.16.1. Executed ABC.
18.16.2. Re-integrating ABC results.
18.17. Extracting gate netlist of module `\branch_predictor' to `<abc-temp-dir>/input.blif'..
18.17.1. Executed ABC.
18.17.2. Re-integrating ABC results.
18.18. Extracting gate netlist of module `\clk_div_mux' to `<abc-temp-dir>/input.blif'..
18.18.1. Executed ABC.
18.18.2. Re-integrating ABC results.
18.19. Extracting gate netlist of module `\clk_gate' to `<abc-temp-dir>/input.blif'..
18.19.1. Executed ABC.
18.19.2. Re-integrating ABC results.
18.20. Extracting gate netlist of module `\control_unit' to `<abc-temp-dir>/input.blif'..
18.20.1. Executed ABC.
18.20.2. Re-integrating ABC results.
18.21. Extracting gate netlist of module `\csr_regfile' to `<abc-temp-dir>/input.blif'..
18.21.1. Executed ABC.
18.21.2. Re-integrating ABC results.
18.22. Extracting gate netlist of module `\data_clipper' to `<abc-temp-dir>/input.blif'..
18.22.1. Executed ABC.
18.22.2. Re-integrating ABC results.
18.23. Extracting gate netlist of module `\data_extender' to `<abc-temp-dir>/input.blif'..
18.23.1. Executed ABC.
18.23.2. Re-integrating ABC results.
18.24. Extracting gate netlist of module `\data_forwarding_unit' to `<abc-temp-dir>/input.blif'..
18.24.1. Executed ABC.
18.24.2. Re-integrating ABC results.
18.25. Extracting gate netlist of module `\div_restoring_32' to `<abc-temp-dir>/input.blif'..
18.25.1. Executed ABC.
18.25.2. Re-integrating ABC results.
18.26. Extracting gate netlist of module `\dma_controller' to `<abc-temp-dir>/input.blif'..
18.26.1. Executed ABC.
18.26.2. Re-integrating ABC results.
18.27. Extracting gate netlist of module `\dmem' to `<abc-temp-dir>/input.blif'..
18.27.1. Executed ABC.
18.27.2. Re-integrating ABC results.
18.28. Extracting gate netlist of module `\execution_stage' to `<abc-temp-dir>/input.blif'..
18.28.1. Executed ABC.
18.28.2. Re-integrating ABC results.
18.29. Extracting gate netlist of module `\fp4_dot_unit' to `<abc-temp-dir>/input.blif'..
18.29.1. Executed ABC.
18.30. Extracting gate netlist of module `\fp4_mul' to `<abc-temp-dir>/input.blif'..
18.30.1. Executed ABC.
18.30.2. Re-integrating ABC results.
18.31. Extracting gate netlist of module `\fp8_adder' to `<abc-temp-dir>/input.blif'..
18.31.1. Executed ABC.
18.31.2. Re-integrating ABC results.
18.32. Extracting gate netlist of module `\gpio_controller' to `<abc-temp-dir>/input.blif'..
18.32.1. Executed ABC.
18.32.2. Re-integrating ABC results.
18.33. Extracting gate netlist of module `\hazard_detection_unit' to `<abc-temp-dir>/input.blif'..
18.33.1. Executed ABC.
18.33.2. Re-integrating ABC results.
18.34. Extracting gate netlist of module `\i_rom_32x256' to `<abc-temp-dir>/input.blif'..
18.34.1. Executed ABC.
18.34.2. Re-integrating ABC results.
18.35. Extracting gate netlist of module `\id_memory_256x64_wrap' to `<abc-temp-dir>/input.blif'..
18.35.1. Executed ABC.
18.35.2. Re-integrating ABC results.
18.36. Extracting gate netlist of module `\immediate_generator' to `<abc-temp-dir>/input.blif'..
18.36.1. Executed ABC.
18.36.2. Re-integrating ABC results.
18.37. Extracting gate netlist of module `\instruction_decode_stage' to `<abc-temp-dir>/input.blif'..
18.37.1. Executed ABC.
18.37.2. Re-integrating ABC results.
18.38. Extracting gate netlist of module `\instruction_fetch_stage' to `<abc-temp-dir>/input.blif'..
18.38.1. Executed ABC.
18.38.2. Re-integrating ABC results.
18.39. Extracting gate netlist of module `\interrupt_control_unit' to `<abc-temp-dir>/input.blif'..
18.39.1. Executed ABC.
18.39.2. Re-integrating ABC results.
18.40. Extracting gate netlist of module `\isqrt_restoring_32' to `<abc-temp-dir>/input.blif'..
18.40.1. Executed ABC.
18.40.2. Re-integrating ABC results.
18.41. Extracting gate netlist of module `\l1_cache_axi_master' to `<abc-temp-dir>/input.blif'..
18.41.1. Executed ABC.
18.41.2. Re-integrating ABC results.
18.42. Extracting gate netlist of module `\l1_d_cache_8kb' to `<abc-temp-dir>/input.blif'..
18.42.1. Executed ABC.
18.42.2. Re-integrating ABC results.
18.43. Extracting gate netlist of module `\l1_i_cache_8kb' to `<abc-temp-dir>/input.blif'..
18.43.1. Executed ABC.
18.43.2. Re-integrating ABC results.
18.44. Extracting gate netlist of module `\mem_axi_slave' to `<abc-temp-dir>/input.blif'..
18.44.1. Executed ABC.
18.44.2. Re-integrating ABC results.
18.45. Extracting gate netlist of module `\memory_stage' to `<abc-temp-dir>/input.blif'..
18.45.1. Executed ABC.
18.46. Extracting gate netlist of module `\mult_array_32' to `<abc-temp-dir>/input.blif'..
18.46.1. Executed ABC.
18.46.2. Re-integrating ABC results.
18.47. Extracting gate netlist of module `\multiplier_pipelined' to `<abc-temp-dir>/input.blif'..
18.47.1. Executed ABC.
18.47.2. Re-integrating ABC results.
18.48. Extracting gate netlist of module `\pipeline_reg_ex_mem' to `<abc-temp-dir>/input.blif'..
18.48.1. Executed ABC.
18.48.2. Re-integrating ABC results.
18.49. Extracting gate netlist of module `\pipeline_reg_id_ex' to `<abc-temp-dir>/input.blif'..
18.49.1. Executed ABC.
18.49.2. Re-integrating ABC results.
18.50. Extracting gate netlist of module `\pipeline_reg_if_id' to `<abc-temp-dir>/input.blif'..
18.50.1. Executed ABC.
18.50.2. Re-integrating ABC results.
18.51. Extracting gate netlist of module `\pipeline_reg_mem_wb' to `<abc-temp-dir>/input.blif'..
18.51.1. Executed ABC.
18.51.2. Re-integrating ABC results.
18.52. Extracting gate netlist of module `\processor_top' to `<abc-temp-dir>/input.blif'..
18.52.1. Executed ABC.
18.52.2. Re-integrating ABC results.
18.53. Extracting gate netlist of module `\read_buffer_d_cache' to `<abc-temp-dir>/input.blif'..
18.53.1. Executed ABC.
18.53.2. Re-integrating ABC results.
18.54. Extracting gate netlist of module `\read_buffer_i_cache' to `<abc-temp-dir>/input.blif'..
18.54.1. Executed ABC.
18.54.2. Re-integrating ABC results.
18.55. Extracting gate netlist of module `\register_file' to `<abc-temp-dir>/input.blif'..
18.55.1. Executed ABC.
18.55.2. Re-integrating ABC results.
18.56. Extracting gate netlist of module `\soc_top' to `<abc-temp-dir>/input.blif'..
18.56.1. Executed ABC.
18.56.2. Re-integrating ABC results.
18.57. Extracting gate netlist of module `\tag_memory_92x64_wrap' to `<abc-temp-dir>/input.blif'..
18.57.1. Executed ABC.
18.57.2. Re-integrating ABC results.
18.58. Extracting gate netlist of module `\timer' to `<abc-temp-dir>/input.blif'..
18.58.1. Executed ABC.
18.58.2. Re-integrating ABC results.
18.59. Extracting gate netlist of module `\uart_controller' to `<abc-temp-dir>/input.blif'..
18.59.1. Executed ABC.
18.59.2. Re-integrating ABC results.
18.60. Extracting gate netlist of module `\write_back_stage' to `<abc-temp-dir>/input.blif'..
18.60.1. Executed ABC.
18.60.2. Re-integrating ABC results.
Took 92 seconds: abc -script /Users/shubhanshu/Desktop/Nebula/digital/orfs/flow/scripts/abc_speed.script -liberty /Users/shubhanshu/Desktop/Nebula/digital/orfs/flow/platforms/sky130hd/lib/sky130_fd_sc_hd__tt_025C_1v80.lib -dont_use sky130_fd_sc_hd__probe_p_8 -dont_use sky130_fd_sc_hd__probec_p_8 -dont_use sky130_fd_sc_hd__lpflow_bleeder_1 -dont_use sky130_fd_sc_hd__lpflow_clkbufkapwr_1 -dont_use sky130_fd_sc_hd__lpflow_clkbufkapwr_16 -dont_use sky130_fd_sc_hd__lpflow_clkbufkapwr_2 -dont_use sky130_fd_sc_hd__lpflow_clkbufkapwr_4 -dont_use sky130_fd_sc_hd__lpflow_clkbufkapwr_8 -dont_use sky130_fd_sc_hd__lpflow_clkinvkapwr_1 -dont_use sky130_fd_sc_hd__lpflow_clkinvkapwr_16 -dont_use sky130_fd_sc_hd__lpflow_clkinvkapwr_2 -dont_use sky130_fd_sc_hd__lpflow_clkinvkapwr_4 -dont_use sky130_fd_sc_hd__lpflow_clkinvkapwr_8 -dont_use sky130_fd_sc_hd__lpflow_decapkapwr_12 -dont_use sky130_fd_sc_hd__lpflow_decapkapwr_3 -dont_use sky130_fd_sc_hd__lpflow_decapkapwr_4 -dont_use sky130_fd_sc_hd__lpflow_decapkapwr_6 -dont_use sky130_fd_sc_hd__lpflow_decapkapwr_8 -dont_use sky130_fd_sc_hd__lpflow_inputiso0n_1 -dont_use sky130_fd_sc_hd__lpflow_inputiso0p_1 -dont_use sky130_fd_sc_hd__lpflow_inputiso1n_1 -dont_use sky130_fd_sc_hd__lpflow_inputiso1p_1 -dont_use sky130_fd_sc_hd__lpflow_inputisolatch_1 -dont_use sky130_fd_sc_hd__lpflow_isobufsrc_1 -dont_use sky130_fd_sc_hd__lpflow_isobufsrc_16 -dont_use sky130_fd_sc_hd__lpflow_isobufsrc_2 -dont_use sky130_fd_sc_hd__lpflow_isobufsrc_4 -dont_use sky130_fd_sc_hd__lpflow_isobufsrc_8 -dont_use sky130_fd_sc_hd__lpflow_isobufsrckapwr_16 -dont_use sky130_fd_sc_hd__lpflow_lsbuf_lh_hl_isowell_tap_1 -dont_use sky130_fd_sc_hd__lpflow_lsbuf_lh_hl_isowell_tap_2 -dont_use sky130_fd_sc_hd__lpflow_lsbuf_lh_hl_isowell_tap_4 -dont_use sky130_fd_sc_hd__lpflow_lsbuf_lh_isowell_4 -dont_use sky130_fd_sc_hd__lpflow_lsbuf_lh_isowell_tap_1 -dont_use sky130_fd_sc_hd__lpflow_lsbuf_lh_isowell_tap_2 -dont_use sky130_fd_sc_hd__lpflow_lsbuf_lh_isowell_tap_4 -constr /Users/shubhanshu/Desktop/Nebula/digital/artifacts/model_ppa_v2_20260913_2305/pnr_openrouter_nemotron-ultra/objects/sky130hd/nebula_bench_v2/openrouter_nemotron-ultra/abc.constr
19. Executing SPLITNETS pass (splitting up multi-bit signals).
20. Executing OPT_CLEAN pass (remove unused cells and wires).
21. Executing HILOMAP pass (mapping to constant drivers).
22. Executing INSBUF pass (insert buffer cells for connected wires).
23. Executing CHECK pass (checking for obvious problems).
24. Printing statistics.
25. Executing CHECK pass (checking for obvious problems).
26. Executing Verilog backend.
26.1. Executing BMUXMAP pass.
26.2. Executing DEMUXMAP pass.
Warnings: 238 unique messages, 470 total
End of script. Logfile hash: ab2f1cdc74, time: 142.80s, user: 51.61s, system: 0.49s, MEM: 647.61 MB peak
Yosys 0.67+ (git sha1 b88b73a99, Release, AppleClang /usr/bin/c++ 21.0.0.21000101) [github.com/The-OpenROAD-Project/yosys at HEAD]
Time spent: 64% 1x abc (92 sec), 23% 1x extract_fa (33 sec), ...
Elapsed time: 2:22.85[h:]min:sec. CPU time: user 139.11 sys 4.61 (100%). Peak memory: 663232KB.
Log                       Ext     Elapsed/s Peak Memory/MB sha1sum result [0:20)
1_2_yosys                 .v            142            647 43bb20456b3d2c1d2e5d
cp /Users/shubhanshu/Desktop/Nebula/digital/orfs/flow/designs/sky130hd/nebula_bench_v2/constraint.sdc /Users/shubhanshu/Desktop/Nebula/digital/artifacts/model_ppa_v2_20260913_2305/pnr_openrouter_nemotron-ultra/results/sky130hd/nebula_bench_v2/openrouter_nemotron-ultra/1_2_yosys.sdc
OpenROAD 7cfb2105c93c35ce73de9cf4f538de1c9bf8115a 
Features included (+) or not (-): +GPU -GUI +Python
This program is licensed under the BSD-3 license. See the LICENSE file for details.
Components of this program may be licensed under more restrictive licenses which must be honored.
[INFO ORD-0030] Using 12 thread(s).
mkdir -p /Users/shubhanshu/Desktop/Nebula/digital/artifacts/model_ppa_v2_20260913_2305/pnr_openrouter_nemotron-ultra/objects/sky130hd/nebula_bench_v2/openrouter_nemotron-ultra
/Users/shubhanshu/Desktop/Nebula/digital/orfs/flow/scripts/flow.sh 1_synth synth_odb
Running synth_odb.tcl, stage 1_synth
read_liberty /Users/shubhanshu/Desktop/Nebula/digital/orfs/flow/platforms/sky130hd/lib/sky130_fd_sc_hd__tt_025C_1v80.lib
[INFO ODB-0227] LEF file: /Users/shubhanshu/Desktop/Nebula/digital/orfs/flow/platforms/sky130hd/lef/sky130_fd_sc_hd.tlef, created 13 layers, 25 vias
[INFO ODB-0227] LEF file: /Users/shubhanshu/Desktop/Nebula/digital/orfs/flow/platforms/sky130hd/lef/sky130_fd_sc_hd_merged.lef, created 441 library cells
link_design soc_top
read_sdc /Users/shubhanshu/Desktop/Nebula/digital/artifacts/model_ppa_v2_20260913_2305/pnr_openrouter_nemotron-ultra/results/sky130hd/nebula_bench_v2/openrouter_nemotron-ultra/1_2_yosys.sdc
source /Users/shubhanshu/Desktop/Nebula/digital/orfs/flow/platforms/sky130hd/setRC.tcl
eliminate_dead_logic
Removed 2183 unused instances and 2780 unused nets.
Design area 1614928 um^2 100% utilization.
write_db /Users/shubhanshu/Desktop/Nebula/digital/artifacts/model_ppa_v2_20260913_2305/pnr_openrouter_nemotron-ultra/results/sky130hd/nebula_bench_v2/openrouter_nemotron-ultra/1_synth.odb
write_sdc -no_timestamp /Users/shubhanshu/Desktop/Nebula/digital/artifacts/model_ppa_v2_20260913_2305/pnr_openrouter_nemotron-ultra/results/sky130hd/nebula_bench_v2/openrouter_nemotron-ultra/1_synth.sdc
Elapsed time: 0:02.55[h:]min:sec. CPU time: user 2.34 sys 0.17 (98%). Peak memory: 470624KB.
Log                       Ext     Elapsed/s Peak Memory/MB sha1sum result [0:20)
1_synth                   .odb            2            459 62406a5a94a1ef707aae
1_synth                   .sdc                             8347297830167474f4cc
/Users/shubhanshu/Desktop/Nebula/digital/orfs/flow/scripts/flow.sh 2_1_floorplan floorplan
Running floorplan.tcl, stage 2_1_floorplan
read_liberty /Users/shubhanshu/Desktop/Nebula/digital/orfs/flow/platforms/sky130hd/lib/sky130_fd_sc_hd__tt_025C_1v80.lib
read_db /Users/shubhanshu/Desktop/Nebula/digital/artifacts/model_ppa_v2_20260913_2305/pnr_openrouter_nemotron-ultra/results/sky130hd/nebula_bench_v2/openrouter_nemotron-ultra/1_synth.odb
read_sdc /Users/shubhanshu/Desktop/Nebula/digital/artifacts/model_ppa_v2_20260913_2305/pnr_openrouter_nemotron-ultra/results/sky130hd/nebula_bench_v2/openrouter_nemotron-ultra/1_synth.sdc
source /Users/shubhanshu/Desktop/Nebula/digital/orfs/flow/platforms/sky130hd/setRC.tcl
Master sky130_ef_sc_hd__decap_12 is loaded but not used in the design

==========================================================================
Floorplan check_setup
--------------------------------------------------------------------------
number instances in verilog is 126634
[WARNING IFP-0028] Core area lower left (10.000, 10.000) snapped to (10.120, 10.880).
[INFO IFP-0001] Added 690 rows of 4086 site unithd.
[INFO IFP-0100] Die BBox:  (  0.000  0.000 ) ( 1900.000 1900.000 ) um
[INFO IFP-0101] Core BBox: ( 10.120 10.880 ) ( 1889.680 1887.680 ) um
[INFO IFP-0102] Core area:                      3527558.208 um^2
[INFO IFP-0103] Total instances area:           1614927.594 um^2
[INFO IFP-0104] Effective utilization:                0.458
[INFO IFP-0105] Number of instances:                 126634
source /Users/shubhanshu/Desktop/Nebula/digital/orfs/flow/platforms/sky130hd/make_tracks.tcl
source /Users/shubhanshu/Desktop/Nebula/digital/orfs/flow/platforms/sky130hd/fastroute.tcl
Repair tie lo fanout...
[INFO RSZ-0042] Inserted 428 tie sky130_fd_sc_hd__conb_1 instances.
Repair tie hi fanout...
[INFO RSZ-0042] Inserted 35 tie sky130_fd_sc_hd__conb_1 instances.
[INFO RSZ-0026] Removed 9785 buffers.
Default units for flow
 time 1ns
 capacitance 1pF
 resistance 1kohm
 voltage 1v
 current 1mA
 power 1nW
 distance 1um
   Layer   | Unit Resistance | Unit Capacitance 
           |       (kohm/um) |          (pF/um)
------------------------------------------------
       li1 |        7.18e-02 |         1.50e-04
      met1 |        1.21e-03 |         1.72e-04
      met2 |        1.22e-03 |         1.36e-04
      met3 |        1.66e-04 |         2.15e-04
      met4 |        1.68e-04 |         1.48e-04
      met5 |        1.84e-05 |         1.54e-04
------------------------------------------------

   Layer   | Via Resistance 
           |         (kohm) 
----------------------------
      mcon |       9.25e-03 
       via |       4.50e-03 
      via2 |       3.37e-03 
      via3 |       3.77e-04 
      via4 |       5.80e-06 
----------------------------
Report metrics stage 2, floorplan final...

==========================================================================
floorplan final report_design_area
--------------------------------------------------------------------------
Design area 1567436 um^2 44% utilization.
write_db /Users/shubhanshu/Desktop/Nebula/digital/artifacts/model_ppa_v2_20260913_2305/pnr_openrouter_nemotron-ultra/results/sky130hd/nebula_bench_v2/openrouter_nemotron-ultra/2_1_floorplan.odb
write_sdc -no_timestamp /Users/shubhanshu/Desktop/Nebula/digital/artifacts/model_ppa_v2_20260913_2305/pnr_openrouter_nemotron-ultra/results/sky130hd/nebula_bench_v2/openrouter_nemotron-ultra/2_1_floorplan.sdc
Elapsed time: 0:36.19[h:]min:sec. CPU time: user 38.92 sys 18.15 (157%). Peak memory: 703280KB.
Log                       Ext     Elapsed/s Peak Memory/MB sha1sum result [0:20)
2_1_floorplan             .odb           36            686 3ccb4269cacdf23c41d5
2_1_floorplan             .sdc                             8347297830167474f4cc
/Users/shubhanshu/Desktop/Nebula/digital/orfs/flow/scripts/flow.sh 2_2_floorplan_macro macro_place
Running macro_place.tcl, stage 2_2_floorplan_macro
read_liberty /Users/shubhanshu/Desktop/Nebula/digital/orfs/flow/platforms/sky130hd/lib/sky130_fd_sc_hd__tt_025C_1v80.lib
read_db /Users/shubhanshu/Desktop/Nebula/digital/artifacts/model_ppa_v2_20260913_2305/pnr_openrouter_nemotron-ultra/results/sky130hd/nebula_bench_v2/openrouter_nemotron-ultra/2_1_floorplan.odb
read_sdc /Users/shubhanshu/Desktop/Nebula/digital/artifacts/model_ppa_v2_20260913_2305/pnr_openrouter_nemotron-ultra/results/sky130hd/nebula_bench_v2/openrouter_nemotron-ultra/2_1_floorplan.sdc
source /Users/shubhanshu/Desktop/Nebula/digital/orfs/flow/platforms/sky130hd/setRC.tcl
No macros found: Skipping macro_placement
Design area 1567436 um^2 44% utilization.
write_db /Users/shubhanshu/Desktop/Nebula/digital/artifacts/model_ppa_v2_20260913_2305/pnr_openrouter_nemotron-ultra/results/sky130hd/nebula_bench_v2/openrouter_nemotron-ultra/2_2_floorplan_macro.odb
Elapsed time: 0:01.08[h:]min:sec. CPU time: user 0.90 sys 0.16 (97%). Peak memory: 337408KB.
Log                       Ext     Elapsed/s Peak Memory/MB sha1sum result [0:20)
2_2_floorplan_macro       .odb            1            329 3ccb4269cacdf23c41d5
/Users/shubhanshu/Desktop/Nebula/digital/orfs/flow/scripts/flow.sh 2_3_floorplan_tapcell tapcell
Running tapcell.tcl, stage 2_3_floorplan_tapcell
read_liberty /Users/shubhanshu/Desktop/Nebula/digital/orfs/flow/platforms/sky130hd/lib/sky130_fd_sc_hd__tt_025C_1v80.lib
read_db /Users/shubhanshu/Desktop/Nebula/digital/artifacts/model_ppa_v2_20260913_2305/pnr_openrouter_nemotron-ultra/results/sky130hd/nebula_bench_v2/openrouter_nemotron-ultra/2_2_floorplan_macro.odb
read_sdc /Users/shubhanshu/Desktop/Nebula/digital/artifacts/model_ppa_v2_20260913_2305/pnr_openrouter_nemotron-ultra/results/sky130hd/nebula_bench_v2/openrouter_nemotron-ultra/2_1_floorplan.sdc
source /Users/shubhanshu/Desktop/Nebula/digital/orfs/flow/platforms/sky130hd/setRC.tcl
[INFO TAP-0005] Inserted 47056 tapcells.
Design area 1626312 um^2 46% utilization.
write_db /Users/shubhanshu/Desktop/Nebula/digital/artifacts/model_ppa_v2_20260913_2305/pnr_openrouter_nemotron-ultra/results/sky130hd/nebula_bench_v2/openrouter_nemotron-ultra/2_3_floorplan_tapcell.odb
Elapsed time: 0:01.04[h:]min:sec. CPU time: user 0.85 sys 0.15 (97%). Peak memory: 280928KB.
Log                       Ext     Elapsed/s Peak Memory/MB sha1sum result [0:20)
2_3_floorplan_tapcell     .odb            1            274 094c75a957c407df51aa
/Users/shubhanshu/Desktop/Nebula/digital/orfs/flow/scripts/flow.sh 2_4_floorplan_pdn pdn
Running pdn.tcl, stage 2_4_floorplan_pdn
read_liberty /Users/shubhanshu/Desktop/Nebula/digital/orfs/flow/platforms/sky130hd/lib/sky130_fd_sc_hd__tt_025C_1v80.lib
read_db /Users/shubhanshu/Desktop/Nebula/digital/artifacts/model_ppa_v2_20260913_2305/pnr_openrouter_nemotron-ultra/results/sky130hd/nebula_bench_v2/openrouter_nemotron-ultra/2_3_floorplan_tapcell.odb
read_sdc /Users/shubhanshu/Desktop/Nebula/digital/artifacts/model_ppa_v2_20260913_2305/pnr_openrouter_nemotron-ultra/results/sky130hd/nebula_bench_v2/openrouter_nemotron-ultra/2_1_floorplan.sdc
source /Users/shubhanshu/Desktop/Nebula/digital/orfs/flow/platforms/sky130hd/setRC.tcl
[WARNING PDN-1051] No instances found for grid (CORE_macro_grid_1).
[WARNING PDN-1051] No instances found for grid (CORE_macro_grid_2).
[INFO PDN-0001] Inserting grid: grid
[INFO PDN-0500] Runtime: 1.42s
Design area 1626312 um^2 46% utilization.
write_db /Users/shubhanshu/Desktop/Nebula/digital/artifacts/model_ppa_v2_20260913_2305/pnr_openrouter_nemotron-ultra/results/sky130hd/nebula_bench_v2/openrouter_nemotron-ultra/2_4_floorplan_pdn.odb
Elapsed time: 0:06.37[h:]min:sec. CPU time: user 6.13 sys 0.21 (99%). Peak memory: 608672KB.
Log                       Ext     Elapsed/s Peak Memory/MB sha1sum result [0:20)
2_4_floorplan_pdn         .odb            6            594 eaba865045dacc7fe725
cp /Users/shubhanshu/Desktop/Nebula/digital/artifacts/model_ppa_v2_20260913_2305/pnr_openrouter_nemotron-ultra/results/sky130hd/nebula_bench_v2/openrouter_nemotron-ultra/2_4_floorplan_pdn.odb /Users/shubhanshu/Desktop/Nebula/digital/artifacts/model_ppa_v2_20260913_2305/pnr_openrouter_nemotron-ultra/results/sky130hd/nebula_bench_v2/openrouter_nemotron-ultra/2_floorplan.odb
cp /Users/shubhanshu/Desktop/Nebula/digital/artifacts/model_ppa_v2_20260913_2305/pnr_openrouter_nemotron-ultra/results/sky130hd/nebula_bench_v2/openrouter_nemotron-ultra/2_1_floorplan.sdc /Users/shubhanshu/Desktop/Nebula/digital/artifacts/model_ppa_v2_20260913_2305/pnr_openrouter_nemotron-ultra/results/sky130hd/nebula_bench_v2/openrouter_nemotron-ultra/2_floorplan.sdc
/Users/shubhanshu/Desktop/Nebula/digital/orfs/flow/scripts/flow.sh 3_1_place_gp_skip_io global_place_skip_io
Running global_place_skip_io.tcl, stage 3_1_place_gp_skip_io
read_liberty /Users/shubhanshu/Desktop/Nebula/digital/orfs/flow/platforms/sky130hd/lib/sky130_fd_sc_hd__tt_025C_1v80.lib
read_db /Users/shubhanshu/Desktop/Nebula/digital/artifacts/model_ppa_v2_20260913_2305/pnr_openrouter_nemotron-ultra/results/sky130hd/nebula_bench_v2/openrouter_nemotron-ultra/2_floorplan.odb
read_sdc /Users/shubhanshu/Desktop/Nebula/digital/artifacts/model_ppa_v2_20260913_2305/pnr_openrouter_nemotron-ultra/results/sky130hd/nebula_bench_v2/openrouter_nemotron-ultra/2_floorplan.sdc
source /Users/shubhanshu/Desktop/Nebula/digital/orfs/flow/platforms/sky130hd/setRC.tcl
[INFO GPL-0022] Initialize gpl and calculate uniform density.
Placement density is 0.5510000085830689, computed from PLACE_DENSITY_LB_ADDON  0.10 and lower bound 0.49000000953674316
global_placement -skip_io -density 0.5510000085830689 -pad_left 0 -pad_right 0
[INFO GPL-0001] ---- Initialize GPL Main Data Structures
[INFO GPL-0002] DBU: 1000
[INFO GPL-0003] SiteSize: (  0.460  2.720 ) um
[INFO GPL-0004] CoreBBox: ( 10.120 10.880 ) ( 1889.680 1887.680 ) um
[INFO GPL-0016] Core area:                  3527558.208 um^2
[INFO GPL-0036] Movable instances area:     1567435.795 um^2
[INFO GPL-0037] Total instances area:       1626312.262 um^2
[INFO GPL-0035] Pin density area adjust:    103039.381 um^2
[INFO GPL-0032] ---- Initialize Region: Top-level
[INFO GPL-0006] Number of instances:            164354
[INFO GPL-0007] Movable instances:              117298
[INFO GPL-0008] Fixed instances:                 47056
[INFO GPL-0009] Dummy instances:                     0
[INFO GPL-0010] Number of nets:                 121029
[INFO GPL-0011] Number of pins:                 461686
[INFO GPL-0012] Die BBox:       (  0.000  0.000 ) ( 1900.000 1900.000 ) um
[INFO GPL-0013] Placement BBox: ( 10.120 10.880 ) ( 1889.680 1887.680 ) um
[INFO GPL-0014] Region name: top-level.
[INFO GPL-0015] Region area:                3527558.208 um^2
[INFO GPL-0017] Fixed instances area:        58876.467 um^2
[INFO GPL-0018] Movable instances area:     1670475.176 um^2
[INFO GPL-0019] Utilization:                    48.159 %
[INFO GPL-0020] Standard cells area:        1670475.176 um^2
[INFO GPL-0021] Large instances area:            0.000 um^2
[INFO GPL-0005] ---- Execute Conjugate Gradient Initial Placement.
[INFO GPL-0051] Source of initial instance position counters:
	Odb location = 0	Core center = 117298	Region center = 0
[INFO GPL-0033] ---- Initialize Nesterov Region: Top-level
[INFO GPL-0023] Placement target density:       0.5510
[INFO GPL-0024] Movable insts average area:     14.241 um^2
[INFO GPL-0025] Ideal bin area:                 25.846 um^2
[INFO GPL-0026] Ideal bin count:                136482
[INFO GPL-0027] Total bin area:             3527558.208 um^2
[INFO GPL-0028] Bin count (X, Y):         256 ,    256
[INFO GPL-0029] Bin size (W * H):       7.342 *  7.331 um
[INFO GPL-0030] Number of bins:                  65536
[INFO GPL-0084] ---- Execute Nesterov Global Placement.
[INFO GPL-0031] HPWL: Half-Perimeter Wirelength
Iteration | Overflow |     HPWL (um) |  HPWL(%) |   Penalty | Group
---------------------------------------------------------------
        0 |   0.9997 |  2.924895e+05 |   +0.00% |  3.15e-16 |      
       10 |   0.9996 |  1.442416e+05 |  -50.68% |  5.13e-16 |      
       20 |   0.9996 |  1.380807e+05 |   -4.27% |  8.35e-16 |      
       30 |   0.9996 |  1.365774e+05 |   -1.09% |  1.36e-15 |      
       40 |   0.9996 |  1.363275e+05 |   -0.18% |  2.22e-15 |      
       50 |   0.9996 |  1.360701e+05 |   -0.19% |  3.61e-15 |      
       60 |   0.9995 |  1.359399e+05 |   -0.10% |  5.88e-15 |      
       70 |   0.9995 |  1.370971e+05 |   +0.85% |  9.58e-15 |      
       80 |   0.9995 |  1.432483e+05 |   +4.49% |  1.56e-14 |      
       90 |   0.9993 |  1.594943e+05 |  +11.34% |  2.54e-14 |      
      100 |   0.9990 |  1.907091e+05 |  +19.57% |  4.12e-14 |      
      110 |   0.9983 |  2.425284e+05 |  +27.17% |  6.67e-14 |      
      120 |   0.9971 |  3.069531e+05 |  +26.56% |  1.08e-13 |      
      130 |   0.9954 |  3.775857e+05 |  +23.01% |  1.74e-13 |      
      140 |   0.9929 |  4.554027e+05 |  +20.61% |  2.82e-13 |      
      150 |   0.9892 |  5.464656e+05 |  +20.00% |  4.54e-13 |      
      160 |   0.9843 |  6.543555e+05 |  +19.74% |  7.32e-13 |      
      170 |   0.9770 |  7.835592e+05 |  +19.75% |  1.18e-12 |      
      180 |   0.9664 |  9.439106e+05 |  +20.46% |  1.88e-12 |      
      190 |   0.9520 |  1.142727e+06 |  +21.06% |  3.00e-12 |      
      200 |   0.9347 |  1.375774e+06 |  +20.39% |  4.77e-12 |      
      210 |   0.9147 |  1.617651e+06 |  +17.58% |  7.56e-12 |      
      220 |   0.8912 |  1.854482e+06 |  +14.64% |  1.20e-11 |      
      230 |   0.8628 |  2.093344e+06 |  +12.88% |  1.90e-11 |      
      240 |   0.8297 |  2.310017e+06 |  +10.35% |  3.03e-11 |      
      250 |   0.7941 |  2.512623e+06 |   +8.77% |  4.83e-11 |      
      260 |   0.7613 |  2.662969e+06 |   +5.98% |  7.72e-11 |      
      270 |   0.7229 |  2.768361e+06 |   +3.96% |  1.24e-10 |      
      280 |   0.6874 |  2.857165e+06 |   +3.21% |  2.01e-10 |      
      290 |   0.6526 |  2.908406e+06 |   +1.79% |  3.25e-10 |      
      300 |   0.6102 |  2.944434e+06 |   +1.24% |  5.27e-10 |      
      310 |   0.5718 |  3.033575e+06 |   +3.03% |  8.50e-10 |      
      320 |   0.5336 |  3.091064e+06 |   +1.90% |  1.38e-09 |      
      330 |   0.4946 |  3.128663e+06 |   +1.22% |  2.23e-09 |      
      340 |   0.4588 |  3.121403e+06 |   -0.23% |  3.63e-09 |      
      350 |   0.4232 |  3.103210e+06 |   -0.58% |  5.91e-09 |      
      360 |   0.3835 |  3.068442e+06 |   -1.12% |  9.63e-09 |      
      370 |   0.3477 |  3.032520e+06 |   -1.17% |  1.57e-08 |      
      380 |   0.3140 |  2.990160e+06 |   -1.40% |  2.33e-08 |      
      390 |   0.2831 |  2.964067e+06 |   -0.87% |  3.44e-08 |      
      400 |   0.2505 |  2.945902e+06 |   -0.61% |  5.06e-08 |      
      410 |   0.2214 |  2.934857e+06 |   -0.37% |  7.46e-08 |      
      420 |   0.1936 |  2.929151e+06 |   -0.19% |  1.10e-07 |      
      430 |   0.1674 |  2.928494e+06 |   -0.02% |  1.62e-07 |      
      440 |   0.1445 |  2.931098e+06 |   +0.09% |  2.38e-07 |      
      450 |   0.1239 |  2.935906e+06 |   +0.16% |  3.51e-07 |      
      460 |   0.1063 |  2.943410e+06 |   +0.26% |  5.17e-07 |      
      464 |   0.0999 |  2.946969e+06 |          |  6.27e-07 |      
---------------------------------------------------------------
[INFO GPL-1001] Global placement finished at iteration 464
[INFO GPL-1002] Placed Cell Area            1670475.1762
[INFO GPL-1003] Available Free Area         3468681.7408
[INFO GPL-1004] Minimum Feasible Density        0.4900 (cell_area / free_area)
[INFO GPL-1006]   Suggested Target Densities:
[INFO GPL-1007]     - For 90% usage of free space: 0.5351
[INFO GPL-1008]     - For 80% usage of free space: 0.6020
[INFO GPL-1009]     - For 50% usage of free space: 0.9632
[INFO GPL-1014] Final placement area: 1670475.18 (+0.00%)
Took 7 seconds: global_placement -skip_io -density 0.5510000085830689 -pad_left 0 -pad_right 0
Design area 1626312 um^2 46% utilization.
write_db /Users/shubhanshu/Desktop/Nebula/digital/artifacts/model_ppa_v2_20260913_2305/pnr_openrouter_nemotron-ultra/results/sky130hd/nebula_bench_v2/openrouter_nemotron-ultra/3_1_place_gp_skip_io.odb
Elapsed time: 0:08.75[h:]min:sec. CPU time: user 19.05 sys 1.23 (231%). Peak memory: 573488KB.
Log                       Ext     Elapsed/s Peak Memory/MB sha1sum result [0:20)
3_1_place_gp_skip_io      .odb            8            560 66cac0fba7d99f25618d
/Users/shubhanshu/Desktop/Nebula/digital/orfs/flow/scripts/flow.sh 3_2_place_iop io_placement
Running io_placement.tcl, stage 3_2_place_iop
read_liberty /Users/shubhanshu/Desktop/Nebula/digital/orfs/flow/platforms/sky130hd/lib/sky130_fd_sc_hd__tt_025C_1v80.lib
read_db /Users/shubhanshu/Desktop/Nebula/digital/artifacts/model_ppa_v2_20260913_2305/pnr_openrouter_nemotron-ultra/results/sky130hd/nebula_bench_v2/openrouter_nemotron-ultra/3_1_place_gp_skip_io.odb
read_sdc /Users/shubhanshu/Desktop/Nebula/digital/artifacts/model_ppa_v2_20260913_2305/pnr_openrouter_nemotron-ultra/results/sky130hd/nebula_bench_v2/openrouter_nemotron-ultra/2_floorplan.sdc
source /Users/shubhanshu/Desktop/Nebula/digital/orfs/flow/platforms/sky130hd/setRC.tcl
place_pins -hor_layers met3 -ver_layers met2
Found 0 macro blocks.
Using 2 tracks default min distance between IO pins.
[INFO PPL-0001] Number of available slots 6912
[INFO PPL-0002] Number of I/O             38
[INFO PPL-0003] Number of I/O w/sink      38
[INFO PPL-0004] Number of I/O w/o sink    0
[INFO PPL-0005] Slots per section         200
[INFO PPL-0008] Successfully assigned pins to sections.
[INFO PPL-0012] I/O nets HPWL: 34748.41 um.
Design area 1626312 um^2 46% utilization.
write_db /Users/shubhanshu/Desktop/Nebula/digital/artifacts/model_ppa_v2_20260913_2305/pnr_openrouter_nemotron-ultra/results/sky130hd/nebula_bench_v2/openrouter_nemotron-ultra/3_2_place_iop.odb
Elapsed time: 0:01.23[h:]min:sec. CPU time: user 1.01 sys 0.19 (97%). Peak memory: 402384KB.
Log                       Ext     Elapsed/s Peak Memory/MB sha1sum result [0:20)
3_2_place_iop             .odb            1            392 da76166e520000d7390c
/Users/shubhanshu/Desktop/Nebula/digital/orfs/flow/scripts/flow.sh 3_3_place_gp global_place
Running global_place.tcl, stage 3_3_place_gp
read_liberty /Users/shubhanshu/Desktop/Nebula/digital/orfs/flow/platforms/sky130hd/lib/sky130_fd_sc_hd__tt_025C_1v80.lib
read_db /Users/shubhanshu/Desktop/Nebula/digital/artifacts/model_ppa_v2_20260913_2305/pnr_openrouter_nemotron-ultra/results/sky130hd/nebula_bench_v2/openrouter_nemotron-ultra/3_2_place_iop.odb
read_sdc /Users/shubhanshu/Desktop/Nebula/digital/artifacts/model_ppa_v2_20260913_2305/pnr_openrouter_nemotron-ultra/results/sky130hd/nebula_bench_v2/openrouter_nemotron-ultra/2_floorplan.sdc
source /Users/shubhanshu/Desktop/Nebula/digital/orfs/flow/platforms/sky130hd/setRC.tcl
[INFO RSZ-0026] Removed 0 buffers.
Perform port buffering...
[INFO RSZ-0027] Inserted 1 sky130_fd_sc_hd__clkdlybuf4s50_1 input buffers.
[INFO RSZ-0028] Inserted 32 sky130_fd_sc_hd__clkdlybuf4s50_1 output buffers.
[INFO GPL-0022] Initialize gpl and calculate uniform density.
Placement density is 0.5510000085830689, computed from PLACE_DENSITY_LB_ADDON  0.10 and lower bound 0.49000000953674316
global_placement -density 0.5510000085830689 -pad_left 0 -pad_right 0 -routability_driven -timing_driven -force_center_initial_place -min_phi_coef 0.95 -max_phi_coef 1.05
[INFO GPL-0001] ---- Initialize GPL Main Data Structures
[INFO GPL-0002] DBU: 1000
[INFO GPL-0003] SiteSize: (  0.460  2.720 ) um
[INFO GPL-0004] CoreBBox: ( 10.120 10.880 ) ( 1889.680 1887.680 ) um
[INFO GPL-0016] Core area:                  3527558.208 um^2
[INFO GPL-0036] Movable instances area:     1567766.112 um^2
[INFO GPL-0037] Total instances area:       1626642.579 um^2
[INFO GPL-0035] Pin density area adjust:    103053.903 um^2
[INFO GPL-0032] ---- Initialize Region: Top-level
[INFO GPL-0006] Number of instances:            164387
[INFO GPL-0007] Movable instances:              117331
[INFO GPL-0008] Fixed instances:                 47056
[INFO GPL-0009] Dummy instances:                     0
[INFO GPL-0010] Number of nets:                 121062
[INFO GPL-0011] Number of pins:                 461790
[INFO GPL-0012] Die BBox:       (  0.000  0.000 ) ( 1900.000 1900.000 ) um
[INFO GPL-0013] Placement BBox: ( 10.120 10.880 ) ( 1889.680 1887.680 ) um
[INFO GPL-0014] Region name: top-level.
[INFO GPL-0015] Region area:                3527558.208 um^2
[INFO GPL-0017] Fixed instances area:        58876.467 um^2
[INFO GPL-0018] Movable instances area:     1670820.015 um^2
[INFO GPL-0019] Utilization:                    48.169 %
[INFO GPL-0020] Standard cells area:        1670820.015 um^2
[INFO GPL-0021] Large instances area:            0.000 um^2
[INFO GPL-0005] ---- Execute Conjugate Gradient Initial Placement.
[INFO GPL-0051] Source of initial instance position counters:
	Odb location = 0	Core center = 117331	Region center = 0
[InitialPlace]  Iter: 1 conjugate gradient residual: 0.00174122 HPWL: 4005119196
[InitialPlace]  Iter: 2 conjugate gradient residual: 0.00167962 HPWL: 1206144788
[InitialPlace]  Iter: 3 conjugate gradient residual: 0.00140627 HPWL: 1216240120
[InitialPlace]  Iter: 4 conjugate gradient residual: 0.00124628 HPWL: 1220448139
[InitialPlace]  Iter: 5 conjugate gradient residual: 0.00139742 HPWL: 1219444943
[InitialPlace]  Iter: 6 conjugate gradient residual: 0.00366683 HPWL: 1221615624
[InitialPlace]  Iter: 7 conjugate gradient residual: 0.00130633 HPWL: 1220332922
[InitialPlace]  Iter: 8 conjugate gradient residual: 0.00329840 HPWL: 1221952249
[InitialPlace]  Iter: 9 conjugate gradient residual: 0.00121227 HPWL: 1220359641
[InitialPlace]  Iter: 10 conjugate gradient residual: 0.00125341 HPWL: 1221759344
[InitialPlace]  Iter: 11 conjugate gradient residual: 0.00134481 HPWL: 1220398819
[InitialPlace]  Iter: 12 conjugate gradient residual: 0.00429635 HPWL: 1221864174
[InitialPlace]  Iter: 13 conjugate gradient residual: 0.00136755 HPWL: 1220399158
[InitialPlace]  Iter: 14 conjugate gradient residual: 0.00138101 HPWL: 1221328075
[InitialPlace]  Iter: 15 conjugate gradient residual: 0.00118594 HPWL: 1219871725
[InitialPlace]  Iter: 16 conjugate gradient residual: 0.00146519 HPWL: 1221378647
[InitialPlace]  Iter: 17 conjugate gradient residual: 0.00132785 HPWL: 1219952637
[InitialPlace]  Iter: 18 conjugate gradient residual: 0.00953446 HPWL: 1221446491
[InitialPlace]  Iter: 19 conjugate gradient residual: 0.00141359 HPWL: 1221463544
[InitialPlace]  Iter: 20 conjugate gradient residual: 0.00196777 HPWL: 1221272073
[INFO GPL-0033] ---- Initialize Nesterov Region: Top-level
[INFO GPL-0023] Placement target density:       0.5510
[INFO GPL-0024] Movable insts average area:     14.240 um^2
[INFO GPL-0025] Ideal bin area:                 25.844 um^2
[INFO GPL-0026] Ideal bin count:                136492
[INFO GPL-0027] Total bin area:             3527558.208 um^2
[INFO GPL-0028] Bin count (X, Y):         256 ,    256
[INFO GPL-0029] Bin size (W * H):       7.342 *  7.331 um
[INFO GPL-0030] Number of bins:                  65536
[INFO GPL-0084] ---- Execute Nesterov Global Placement.
[INFO GPL-0031] HPWL: Half-Perimeter Wirelength
Iteration | Overflow |     HPWL (um) |  HPWL(%) |   Penalty | Group
---------------------------------------------------------------
        0 |   0.9992 |  1.768383e+05 |   +0.00% |  6.07e-18 |      
       10 |   0.9976 |  2.134948e+05 |  +20.73% |  9.83e-18 |      
       20 |   0.9970 |  2.372583e+05 |  +11.13% |  1.60e-17 |      
       30 |   0.9968 |  2.524500e+05 |   +6.40% |  2.60e-17 |      
       40 |   0.9967 |  2.645773e+05 |   +4.80% |  4.23e-17 |      
       50 |   0.9967 |  2.708669e+05 |   +2.38% |  6.88e-17 |      
       60 |   0.9966 |  2.733318e+05 |   +0.91% |  1.12e-16 |      
       70 |   0.9966 |  2.746146e+05 |   +0.47% |  1.82e-16 |      
       80 |   0.9965 |  2.758882e+05 |   +0.46% |  2.97e-16 |      
       90 |   0.9965 |  2.774549e+05 |   +0.57% |  4.84e-16 |      
      100 |   0.9965 |  2.793496e+05 |   +0.68% |  7.88e-16 |      
      110 |   0.9964 |  2.814321e+05 |   +0.75% |  1.28e-15 |      
      120 |   0.9964 |  2.836661e+05 |   +0.79% |  2.09e-15 |      
      130 |   0.9963 |  2.859219e+05 |   +0.80% |  3.40e-15 |      
      140 |   0.9962 |  2.880676e+05 |   +0.75% |  5.54e-15 |      
      150 |   0.9961 |  2.902825e+05 |   +0.77% |  9.03e-15 |      
      160 |   0.9959 |  2.931601e+05 |   +0.99% |  1.47e-14 |      
      170 |   0.9956 |  2.977967e+05 |   +1.58% |  2.39e-14 |      
      180 |   0.9953 |  3.058028e+05 |   +2.69% |  3.89e-14 |      
      190 |   0.9948 |  3.210237e+05 |   +4.98% |  6.33e-14 |      
      200 |   0.9938 |  3.486457e+05 |   +8.60% |  1.03e-13 |      
      210 |   0.9923 |  3.961983e+05 |  +13.64% |  1.67e-13 |      
      220 |   0.9897 |  4.650192e+05 |  +17.37% |  2.70e-13 |      
      230 |   0.9859 |  5.505613e+05 |  +18.40% |  4.35e-13 |      
      240 |   0.9808 |  6.511700e+05 |  +18.27% |  7.01e-13 |      
      250 |   0.9736 |  7.727269e+05 |  +18.67% |  1.13e-12 |      
      260 |   0.9642 |  9.295590e+05 |  +20.30% |  1.81e-12 |      
      270 |   0.9513 |  1.126928e+06 |  +21.23% |  2.88e-12 |      
      280 |   0.9346 |  1.351997e+06 |  +19.97% |  4.58e-12 |      
      290 |   0.9145 |  1.593637e+06 |  +17.87% |  7.27e-12 |      
      300 |   0.8900 |  1.836447e+06 |  +15.24% |  1.15e-11 |      
      310 |   0.8625 |  2.079770e+06 |  +13.25% |  1.83e-11 |      
      320 |   0.8328 |  2.309460e+06 |  +11.04% |  2.90e-11 |      
      330 |   0.7994 |  2.550350e+06 |  +10.43% |  4.61e-11 |      
      340 |   0.7612 |  2.773034e+06 |   +8.73% |  7.32e-11 |      
      350 |   0.7255 |  2.951944e+06 |   +6.45% |  1.17e-10 |      
      360 |   0.6865 |  3.083693e+06 |   +4.46% |  1.87e-10 |      
      370 |   0.6463 |  3.131259e+06 |   +1.54% |  3.04e-10 |      
[INFO GPL-0100] Timing-driven iteration 1/2, virtual: false.
[INFO GPL-0101]    Iter: 374, overflow: 0.635, keep resizer changes at: 1, HPWL: 3143180826
Iteration |   Area    | Resized | Buffers | Nets repaired | Remaining
---------------------------------------------------------------------
        0 |     +0.0% |       0 |       0 |             0 |    121525
    final |     +4.1% |    1970 |    6836 |          1875 |         0
---------------------------------------------------------------------
[INFO RSZ-0034] Found 1497 slew violations.
[INFO RSZ-0035] Found 1462 fanout violations.
[INFO RSZ-0036] Found 56 capacitance violations.
[INFO RSZ-0039] Resized 1970 instances.
[INFO RSZ-0038] Inserted 6836 buffers in 1875 nets.
   Iter   |    Area   | Removed | Inserted |   Pins
          |           | Buffers | Buffers  | Remaining
-------------------------------------------------------
        0 |     +0.0% |       0 |        0 |    119957
    11900 |     +1.2% |     107 |     2840 |    108057
    23800 |     +2.6% |     200 |     5894 |     96157
    35700 |     +4.6% |    1689 |     9783 |     84257
    47600 |     +5.6% |    3024 |    12877 |     72357
    59500 |     +6.2% |    3411 |    14496 |     60457
    71400 |     +6.5% |    3864 |    15554 |     48557
    83300 |     +6.7% |    4477 |    16677 |     36657
    95200 |     +6.9% |    6192 |    19200 |     24757
   107100 |     +6.9% |    6408 |    19480 |     12857
   119000 |     +6.9% |    6464 |    19546 |       957
    final |     +6.9% |    6836 |    19895 |         0
-------------------------------------------------------
[INFO GPL-0106] Timing-driven: worst slack -1.402956e-07
[INFO GPL-0107] Timing-driven: repair_design delta area: 182333.469 um^2 (+10.91%)
[INFO GPL-0108] Timing-driven: repair_design, gpl delta gcells: 19895 (+16.96%)
[INFO GPL-0109] Timing-driven: repair_design, gcells created: 26731, deleted: 6836
[INFO GPL-0110] Timing-driven: new target density: 0.60356563
[INFO GPL-0038] Routability snapshot saved at iter = 378
      377 |   0.5932 |  4.594624e+06 |          |           |      
Iteration | Overflow |     HPWL (um) |  HPWL(%) |   Penalty | Group
---------------------------------------------------------------
      380 |   0.5858 |  4.723210e+06 |  +50.84% |  4.28e-10 |      
      390 |   0.5913 |  4.709187e+06 |   -0.30% |  6.92e-10 |      
      400 |   0.5697 |  4.839467e+06 |   +2.77% |  1.11e-09 |      
      410 |   0.5225 |  4.921029e+06 |   +1.69% |  1.79e-09 |      
      420 |   0.4727 |  4.972612e+06 |   +1.05% |  2.91e-09 |      
      430 |   0.4331 |  5.058214e+06 |   +1.72% |  4.69e-09 |      
      440 |   0.3883 |  5.178507e+06 |   +2.38% |  7.54e-09 |      
      450 |   0.3530 |  5.234134e+06 |   +1.07% |  1.22e-08 |      
      460 |   0.3171 |  5.239859e+06 |   +0.11% |  1.83e-08 |      
[INFO GPL-0040] Routability iteration: 1
[WARNING GRT-0281] Net clk1 has a large fanout of 28504 terminals.
[WARNING GRT-0281] Net clk_s2 has a large fanout of 1071 terminals.
[WARNING GRT-0281] Net clk_s8 has a large fanout of 2138 terminals.
[INFO GPL-0041] Total routing overflow: 830.7710
[INFO GPL-0042] Number of overflowed tiles: 5328 (7.05%)
[INFO GPL-0043] Average top 0.5% routing congestion: 1.6432
[INFO GPL-0044] Average top 1.0% routing congestion: 1.5006
[INFO GPL-0045] Average top 2.0% routing congestion: 1.3689
[INFO GPL-0046] Average top 5.0% routing congestion: 1.2106
[INFO GPL-0047] Routability iteration weighted routing congestion: 1.5719
[INFO GPL-0048] Routing congestion (1.5719) lower than previous minimum (1e+30). Updating minimum.
[INFO GPL-0086] Inflated area:              130114.258 um^2 (+7.02%)
[INFO GPL-0052] Placement target density:       0.6036
[INFO GPL-0076] Removing fillers, count: Before: 16169, After: 7419 (-54.12%)
[INFO GPL-0077] Filler area (um^2)     : Before: 240423.654, After: 110314.261 (-54.12%)
[INFO GPL-0078] Removed fillers count: 8750, area removed: 130105.106 um^2. Remaining area to be compensated by modifying density: 9.154 um^2
[INFO GPL-0058] White space area:           3468681.741 um^2 (+0.00%)
[INFO GPL-0059] Movable instances area:     2093577.142 um^2 (+0.00%)
[INFO GPL-0060] Total filler area:          110314.261 um^2 (-54.12%)
[INFO GPL-0061] Total non-inflated area:    2093582.003 um^2 (+0.00%)
[INFO GPL-0062] Total inflated area:        2223696.264 um^2 (+0.00%)
[INFO GPL-0063] New Target Density:             0.6036
[INFO GPL-0087] Routability end iteration: increase inflation and revert back to snapshot.
Iteration | Overflow |     HPWL (um) |  HPWL(%) |   Penalty | Group
---------------------------------------------------------------
      470 |   0.6059 |  4.737572e+06 |   -9.59% |  4.55e-10 |      
      480 |   0.5972 |  4.820457e+06 |   +1.75% |  6.64e-10 |      
      490 |   0.5749 |  4.967443e+06 |   +3.05% |  9.66e-10 |      
      500 |   0.5402 |  5.030503e+06 |   +1.27% |  1.41e-09 |      
      510 |   0.5046 |  5.051101e+06 |   +0.41% |  2.08e-09 |      
      520 |   0.4711 |  5.135206e+06 |   +1.67% |  3.04e-09 |      
      530 |   0.4336 |  5.270786e+06 |   +2.64% |  4.43e-09 |      
      540 |   0.4012 |  5.317241e+06 |   +0.88% |  6.49e-09 |      
      550 |   0.3713 |  5.382762e+06 |   +1.23% |  9.52e-09 |      
      560 |   0.3414 |  5.407503e+06 |   +0.46% |  1.40e-08 |      
      570 |   0.3087 |  5.424625e+06 |   +0.32% |  2.06e-08 |      
[INFO GPL-0040] Routability iteration: 2
[INFO GPL-0041] Total routing overflow: 308.5921
[INFO GPL-0042] Number of overflowed tiles: 3544 (4.69%)
[INFO GPL-0043] Average top 0.5% routing congestion: 1.2655
[INFO GPL-0044] Average top 1.0% routing congestion: 1.2139
[INFO GPL-0045] Average top 2.0% routing congestion: 1.1592
[INFO GPL-0046] Average top 5.0% routing congestion: 1.0814
[INFO GPL-0047] Routability iteration weighted routing congestion: 1.2397
[INFO GPL-0048] Routing congestion (1.2397) lower than previous minimum (1.572). Updating minimum.
[INFO GPL-0086] Inflated area:               43223.707 um^2 (+2.18%)
[INFO GPL-0052] Placement target density:       0.6036
[INFO GPL-0076] Removing fillers, count: Before: 7419, After: 4513 (-39.17%)
[INFO GPL-0077] Filler area (um^2)     : Before: 110314.261, After: 67104.497 (-39.17%)
[INFO GPL-0078] Removed fillers count: 2906, area removed: 43209.764 um^2. Remaining area to be compensated by modifying density: 13.943 um^2
[INFO GPL-0058] White space area:           3468681.741 um^2 (+0.00%)
[INFO GPL-0059] Movable instances area:     2093577.142 um^2 (+0.00%)
[INFO GPL-0060] Total filler area:           67104.497 um^2 (-39.17%)
[INFO GPL-0061] Total non-inflated area:    2093595.946 um^2 (+0.00%)
[INFO GPL-0062] Total inflated area:        2136819.654 um^2 (+0.00%)
[INFO GPL-0063] New Target Density:             0.6036
[INFO GPL-0087] Routability end iteration: increase inflation and revert back to snapshot.
Iteration | Overflow |     HPWL (um) |  HPWL(%) |   Penalty | Group
---------------------------------------------------------------
      580 |   0.6086 |  4.760031e+06 |  -12.25% |  4.89e-10 |      
      590 |   0.5925 |  4.899406e+06 |   +2.93% |  7.12e-10 |      
      600 |   0.5672 |  5.050971e+06 |   +3.09% |  1.03e-09 |      
      610 |   0.5346 |  5.121475e+06 |   +1.40% |  1.51e-09 |      
      620 |   0.5009 |  5.143127e+06 |   +0.42% |  2.23e-09 |      
      630 |   0.4657 |  5.263330e+06 |   +2.34% |  3.25e-09 |      
      640 |   0.4263 |  5.413300e+06 |   +2.85% |  4.72e-09 |      
      650 |   0.3955 |  5.423977e+06 |   +0.20% |  6.94e-09 |      
      660 |   0.3646 |  5.529683e+06 |   +1.95% |  1.01e-08 |      
      670 |   0.3358 |  5.528108e+06 |   -0.03% |  1.49e-08 |      
      680 |   0.3019 |  5.571742e+06 |   +0.79% |  2.19e-08 |      
[INFO GPL-0040] Routability iteration: 3
[INFO GPL-0041] Total routing overflow: 251.2352
[INFO GPL-0042] Number of overflowed tiles: 3319 (4.39%)
[INFO GPL-0043] Average top 0.5% routing congestion: 1.2257
[INFO GPL-0044] Average top 1.0% routing congestion: 1.1804
[INFO GPL-0045] Average top 2.0% routing congestion: 1.1331
[INFO GPL-0046] Average top 5.0% routing congestion: 1.0657
[INFO GPL-0047] Routability iteration weighted routing congestion: 1.2030
[INFO GPL-0048] Routing congestion (1.2030) lower than previous minimum (1.24). Updating minimum.
[INFO GPL-0086] Inflated area:               34989.164 um^2 (+1.73%)
[INFO GPL-0052] Placement target density:       0.6036
[INFO GPL-0076] Removing fillers, count: Before: 4513, After: 2160 (-52.14%)
[INFO GPL-0077] Filler area (um^2)     : Before: 67104.497, After: 32117.375 (-52.14%)
[INFO GPL-0078] Removed fillers count: 2353, area removed: 34987.122 um^2. Remaining area to be compensated by modifying density: 2.041 um^2
[INFO GPL-0058] White space area:           3468681.741 um^2 (+0.00%)
[INFO GPL-0059] Movable instances area:     2093577.142 um^2 (+0.00%)
[INFO GPL-0060] Total filler area:           32117.375 um^2 (-52.14%)
[INFO GPL-0061] Total non-inflated area:    2093597.987 um^2 (+0.00%)
[INFO GPL-0062] Total inflated area:        2128587.150 um^2 (+0.00%)
[INFO GPL-0063] New Target Density:             0.6036
[INFO GPL-0087] Routability end iteration: increase inflation and revert back to snapshot.
Iteration | Overflow |     HPWL (um) |  HPWL(%) |   Penalty | Group
---------------------------------------------------------------
      690 |   0.6079 |  4.804441e+06 |  -13.77% |  5.26e-10 |      
      700 |   0.5861 |  4.979194e+06 |   +3.64% |  7.63e-10 |      
      710 |   0.5600 |  5.128965e+06 |   +3.01% |  1.11e-09 |      
      720 |   0.5290 |  5.199652e+06 |   +1.38% |  1.62e-09 |      
      730 |   0.4950 |  5.232773e+06 |   +0.64% |  2.38e-09 |      
      740 |   0.4591 |  5.391655e+06 |   +3.04% |  3.47e-09 |      
      750 |   0.4215 |  5.515548e+06 |   +2.30% |  5.05e-09 |      
      760 |   0.3892 |  5.525608e+06 |   +0.18% |  7.43e-09 |      
      770 |   0.3578 |  5.676309e+06 |   +2.73% |  1.08e-08 |      
      780 |   0.3337 |  5.652144e+06 |   -0.43% |  1.59e-08 |      
      790 |   0.2970 |  5.714605e+06 |   +1.11% |  2.33e-08 |      
[INFO GPL-0040] Routability iteration: 4
[INFO GPL-0041] Total routing overflow: 232.4478
[INFO GPL-0042] Number of overflowed tiles: 3389 (4.48%)
[INFO GPL-0043] Average top 0.5% routing congestion: 1.2030
[INFO GPL-0044] Average top 1.0% routing congestion: 1.1628
[INFO GPL-0045] Average top 2.0% routing congestion: 1.1212
[INFO GPL-0046] Average top 5.0% routing congestion: 1.0610
[INFO GPL-0047] Routability iteration weighted routing congestion: 1.1829
[INFO GPL-0048] Routing congestion (1.1829) lower than previous minimum (1.203). Updating minimum.
[INFO GPL-0086] Inflated area:               30670.406 um^2 (+1.49%)
[INFO GPL-0052] Placement target density:       0.6036
[INFO GPL-0076] Removing fillers, count: Before: 2160, After: 98 (-95.46%)
[INFO GPL-0077] Filler area (um^2)     : Before: 32117.375, After: 1457.177 (-95.46%)
[INFO GPL-0078] Removed fillers count: 2062, area removed: 30660.198 um^2. Remaining area to be compensated by modifying density: 10.208 um^2
[INFO GPL-0058] White space area:           3468681.741 um^2 (+0.00%)
[INFO GPL-0059] Movable instances area:     2093577.142 um^2 (+0.00%)
[INFO GPL-0060] Total filler area:            1457.177 um^2 (-95.46%)
[INFO GPL-0061] Total non-inflated area:    2093608.195 um^2 (+0.00%)
[INFO GPL-0062] Total inflated area:        2124278.601 um^2 (+0.00%)
[INFO GPL-0063] New Target Density:             0.6036
[INFO GPL-0087] Routability end iteration: increase inflation and revert back to snapshot.
Iteration | Overflow |     HPWL (um) |  HPWL(%) |   Penalty | Group
---------------------------------------------------------------
      800 |   0.6072 |  4.839491e+06 |  -15.31% |  5.44e-10 |      
      810 |   0.5824 |  5.028281e+06 |   +3.90% |  7.89e-10 |      
      820 |   0.5585 |  5.186151e+06 |   +3.14% |  1.15e-09 |      
      830 |   0.5277 |  5.273425e+06 |   +1.68% |  1.67e-09 |      
      840 |   0.4932 |  5.322131e+06 |   +0.92% |  2.46e-09 |      
      850 |   0.4581 |  5.507767e+06 |   +3.49% |  3.57e-09 |      
      860 |   0.4206 |  5.596740e+06 |   +1.62% |  5.20e-09 |      
      870 |   0.3883 |  5.608268e+06 |   +0.21% |  7.64e-09 |      
      880 |   0.3581 |  5.795560e+06 |   +3.34% |  1.11e-08 |      
      890 |   0.3344 |  5.768053e+06 |   -0.47% |  1.63e-08 |      
[INFO GPL-0040] Routability iteration: 5
[INFO GPL-0041] Total routing overflow: 216.4987
[INFO GPL-0042] Number of overflowed tiles: 3350 (4.43%)
[INFO GPL-0043] Average top 0.5% routing congestion: 1.1880
[INFO GPL-0044] Average top 1.0% routing congestion: 1.1517
[INFO GPL-0045] Average top 2.0% routing congestion: 1.1130
[INFO GPL-0046] Average top 5.0% routing congestion: 1.0567
[INFO GPL-0047] Routability iteration weighted routing congestion: 1.1699
[INFO GPL-0048] Routing congestion (1.1699) lower than previous minimum (1.183). Updating minimum.
[INFO GPL-0086] Inflated area:               28362.840 um^2 (+1.36%)
[INFO GPL-0052] Placement target density:       0.6036
[INFO GPL-0076] Removing fillers, count: Before: 98, After: 0 (-100.00%)
[INFO GPL-0077] Filler area (um^2)     : Before: 1457.177, After: 0.000 (-100.00%)
[INFO GPL-0078] Removed fillers count: 98, area removed: 1457.177 um^2. Remaining area to be compensated by modifying density: 26905.662 um^2
[INFO GPL-0079] New target density: 0.61133134
[INFO GPL-0058] White space area:           3468681.741 um^2 (+0.00%)
[INFO GPL-0059] Movable instances area:     2120513.880 um^2 (+1.29%)
[INFO GPL-0060] Total filler area:               0.000 um^2 (-100.00%)
[INFO GPL-0061] Total non-inflated area:    2120513.857 um^2 (+1.29%)
[INFO GPL-0062] Total inflated area:        2148876.696 um^2 (+1.27%)
[INFO GPL-0063] New Target Density:             0.6113
[INFO GPL-0087] Routability end iteration: increase inflation and revert back to snapshot.
Iteration | Overflow |     HPWL (um) |  HPWL(%) |   Penalty | Group
---------------------------------------------------------------
      900 |   0.6319 |  4.571977e+06 |  -20.74% |  3.93e-10 |      
      910 |   0.6028 |  4.882072e+06 |   +6.78% |  5.64e-10 |      
      920 |   0.5780 |  5.076798e+06 |   +3.99% |  8.17e-10 |      
      930 |   0.5550 |  5.223052e+06 |   +2.88% |  1.19e-09 |      
      940 |   0.5234 |  5.305526e+06 |   +1.58% |  1.74e-09 |      
      950 |   0.4883 |  5.363959e+06 |   +1.10% |  2.55e-09 |      
      960 |   0.4523 |  5.568929e+06 |   +3.82% |  3.69e-09 |      
      970 |   0.4163 |  5.620913e+06 |   +0.93% |  5.39e-09 |      
      980 |   0.3821 |  5.671349e+06 |   +0.90% |  7.91e-09 |      
      990 |   0.3542 |  5.853255e+06 |   +3.21% |  1.15e-08 |      
     1000 |   0.3309 |  5.812410e+06 |   -0.70% |  1.69e-08 |      
[INFO GPL-0040] Routability iteration: 6
[INFO GPL-0041] Total routing overflow: 208.7177
[INFO GPL-0042] Number of overflowed tiles: 3381 (4.47%)
[INFO GPL-0043] Average top 0.5% routing congestion: 1.1761
[INFO GPL-0044] Average top 1.0% routing congestion: 1.1435
[INFO GPL-0045] Average top 2.0% routing congestion: 1.1078
[INFO GPL-0046] Average top 5.0% routing congestion: 1.0547
[INFO GPL-0047] Routability iteration weighted routing congestion: 1.1598
[INFO GPL-0048] Routing congestion (1.1598) lower than previous minimum (1.17). Updating minimum.
[INFO GPL-0086] Inflated area:               27950.244 um^2 (+1.32%)
[INFO GPL-0052] Placement target density:       0.6113
[INFO GPL-0076] Removing fillers, count: Before: 0, After: 0 (+0.00%)
[INFO GPL-0077] Filler area (um^2)     : Before: 0.000, After: 0.000 (+0.00%)
[INFO GPL-0078] Removed fillers count: 0, area removed: 0.000 um^2. Remaining area to be compensated by modifying density: 27950.243 um^2
[INFO GPL-0079] New target density: 0.6193892
[INFO GPL-0058] White space area:           3468681.741 um^2 (+0.00%)
[INFO GPL-0059] Movable instances area:     2148463.935 um^2 (+1.32%)
[INFO GPL-0060] Total filler area:               0.000 um^2 (+0.00%)
[INFO GPL-0061] Total non-inflated area:    2148464.100 um^2 (+1.32%)
[INFO GPL-0062] Total inflated area:        2176414.344 um^2 (+1.30%)
[INFO GPL-0063] New Target Density:             0.6194
[INFO GPL-0087] Routability end iteration: increase inflation and revert back to snapshot.
Iteration | Overflow |     HPWL (um) |  HPWL(%) |   Penalty | Group
---------------------------------------------------------------
     1010 |   0.6301 |  4.629159e+06 |  -20.36% |  4.08e-10 |      
     1020 |   0.5989 |  4.921743e+06 |   +6.32% |  5.84e-10 |      
     1030 |   0.5745 |  5.117421e+06 |   +3.98% |  8.46e-10 |      
     1040 |   0.5530 |  5.252214e+06 |   +2.63% |  1.23e-09 |      
     1050 |   0.5198 |  5.330446e+06 |   +1.49% |  1.80e-09 |      
     1060 |   0.4855 |  5.408291e+06 |   +1.46% |  2.64e-09 |      
     1070 |   0.4489 |  5.622512e+06 |   +3.96% |  3.81e-09 |      
     1080 |   0.4148 |  5.636732e+06 |   +0.25% |  5.59e-09 |      
     1090 |   0.3790 |  5.729669e+06 |   +1.65% |  8.18e-09 |      
     1100 |   0.3517 |  5.886154e+06 |   +2.73% |  1.19e-08 |      
     1110 |   0.3286 |  5.856647e+06 |   -0.50% |  1.75e-08 |      
[INFO GPL-0040] Routability iteration: 7
[INFO GPL-0041] Total routing overflow: 198.4496
[INFO GPL-0042] Number of overflowed tiles: 3320 (4.39%)
[INFO GPL-0043] Average top 0.5% routing congestion: 1.1686
[INFO GPL-0044] Average top 1.0% routing congestion: 1.1378
[INFO GPL-0045] Average top 2.0% routing congestion: 1.1040
[INFO GPL-0046] Average top 5.0% routing congestion: 1.0519
[INFO GPL-0047] Routability iteration weighted routing congestion: 1.1532
[INFO GPL-0048] Routing congestion (1.1532) lower than previous minimum (1.16). Updating minimum.
[INFO GPL-0086] Inflated area:               25997.988 um^2 (+1.21%)
[INFO GPL-0052] Placement target density:       0.6194
[INFO GPL-0076] Removing fillers, count: Before: 0, After: 0 (+0.00%)
[INFO GPL-0077] Filler area (um^2)     : Before: 0.000, After: 0.000 (+0.00%)
[INFO GPL-0078] Removed fillers count: 0, area removed: 0.000 um^2. Remaining area to be compensated by modifying density: 25997.988 um^2
[INFO GPL-0079] New target density: 0.6268843
[INFO GPL-0058] White space area:           3468681.741 um^2 (+0.00%)
[INFO GPL-0059] Movable instances area:     2174462.067 um^2 (+1.21%)
[INFO GPL-0060] Total filler area:               0.000 um^2 (+0.00%)
[INFO GPL-0061] Total non-inflated area:    2174462.088 um^2 (+1.21%)
[INFO GPL-0062] Total inflated area:        2200460.076 um^2 (+1.20%)
[INFO GPL-0063] New Target Density:             0.6269
[INFO GPL-0087] Routability end iteration: increase inflation and revert back to snapshot.
Iteration | Overflow |     HPWL (um) |  HPWL(%) |   Penalty | Group
---------------------------------------------------------------
     1120 |   0.6274 |  4.627391e+06 |  -20.99% |  4.22e-10 |      
     1130 |   0.5940 |  4.966909e+06 |   +7.34% |  6.05e-10 |      
     1140 |   0.5703 |  5.158421e+06 |   +3.86% |  8.77e-10 |      
     1150 |   0.5492 |  5.285758e+06 |   +2.47% |  1.28e-09 |      
     1160 |   0.5147 |  5.355449e+06 |   +1.32% |  1.87e-09 |      
     1170 |   0.4818 |  5.452283e+06 |   +1.81% |  2.73e-09 |      
     1180 |   0.4451 |  5.667727e+06 |   +3.95% |  3.95e-09 |      
     1190 |   0.4107 |  5.656419e+06 |   -0.20% |  5.80e-09 |      
     1200 |   0.3747 |  5.794780e+06 |   +2.45% |  8.45e-09 |      
     1210 |   0.3489 |  5.915146e+06 |   +2.08% |  1.23e-08 |      
     1220 |   0.3219 |  5.914965e+06 |   -0.00% |  1.81e-08 |      
[INFO GPL-0040] Routability iteration: 8
[INFO GPL-0041] Total routing overflow: 217.6276
[INFO GPL-0042] Number of overflowed tiles: 3396 (4.49%)
[INFO GPL-0043] Average top 0.5% routing congestion: 1.1961
[INFO GPL-0044] Average top 1.0% routing congestion: 1.1548
[INFO GPL-0045] Average top 2.0% routing congestion: 1.1140
[INFO GPL-0046] Average top 5.0% routing congestion: 1.0571
[INFO GPL-0047] Routability iteration weighted routing congestion: 1.1755
[INFO GPL-0049] Routing congestion (1.1755) higher than minimum (1.1532). Consecutive non-improvement count: 1.
[INFO GPL-0086] Inflated area:               28932.168 um^2 (+1.33%)
[INFO GPL-0052] Placement target density:       0.6269
[INFO GPL-0076] Removing fillers, count: Before: 0, After: 0 (+0.00%)
[INFO GPL-0077] Filler area (um^2)     : Before: 0.000, After: 0.000 (+0.00%)
[INFO GPL-0078] Removed fillers count: 0, area removed: 0.000 um^2. Remaining area to be compensated by modifying density: 28932.168 um^2
[INFO GPL-0079] New target density: 0.63522524
[INFO GPL-0058] White space area:           3468681.741 um^2 (+0.00%)
[INFO GPL-0059] Movable instances area:     2203394.245 um^2 (+1.33%)
[INFO GPL-0060] Total filler area:               0.000 um^2 (+0.00%)
[INFO GPL-0061] Total non-inflated area:    2203394.257 um^2 (+1.33%)
[INFO GPL-0062] Total inflated area:        2232326.425 um^2 (+1.31%)
[INFO GPL-0063] New Target Density:             0.6352
[INFO GPL-0087] Routability end iteration: increase inflation and revert back to snapshot.
Iteration | Overflow |     HPWL (um) |  HPWL(%) |   Penalty | Group
---------------------------------------------------------------
     1230 |   0.6251 |  4.690675e+06 |  -20.70% |  4.39e-10 |      
     1240 |   0.5892 |  5.017160e+06 |   +6.96% |  6.26e-10 |      
     1250 |   0.5684 |  5.202518e+06 |   +3.69% |  9.07e-10 |      
     1260 |   0.5460 |  5.320766e+06 |   +2.27% |  1.32e-09 |      
     1270 |   0.5121 |  5.386616e+06 |   +1.24% |  1.94e-09 |      
     1280 |   0.4777 |  5.516221e+06 |   +2.41% |  2.82e-09 |      
     1290 |   0.4403 |  5.713809e+06 |   +3.58% |  4.09e-09 |      
     1300 |   0.4057 |  5.681913e+06 |   -0.56% |  6.01e-09 |      
     1310 |   0.3698 |  5.867788e+06 |   +3.27% |  8.73e-09 |      
     1320 |   0.3469 |  5.947656e+06 |   +1.36% |  1.27e-08 |      
     1330 |   0.3174 |  5.971562e+06 |   +0.40% |  1.87e-08 |      
[INFO GPL-0040] Routability iteration: 9
[INFO GPL-0041] Total routing overflow: 222.2900
[INFO GPL-0042] Number of overflowed tiles: 3476 (4.60%)
[INFO GPL-0043] Average top 0.5% routing congestion: 1.1904
[INFO GPL-0044] Average top 1.0% routing congestion: 1.1534
[INFO GPL-0045] Average top 2.0% routing congestion: 1.1148
[INFO GPL-0046] Average top 5.0% routing congestion: 1.0585
[INFO GPL-0047] Routability iteration weighted routing congestion: 1.1719
[INFO GPL-0049] Routing congestion (1.1719) higher than minimum (1.1532). Consecutive non-improvement count: 2.
[INFO GPL-0086] Inflated area:               28989.910 um^2 (+1.32%)
[INFO GPL-0052] Placement target density:       0.6352
[INFO GPL-0076] Removing fillers, count: Before: 0, After: 0 (+0.00%)
[INFO GPL-0077] Filler area (um^2)     : Before: 0.000, After: 0.000 (+0.00%)
[INFO GPL-0078] Removed fillers count: 0, area removed: 0.000 um^2. Remaining area to be compensated by modifying density: 28989.909 um^2
[INFO GPL-0079] New target density: 0.6435829
[INFO GPL-0058] White space area:           3468681.741 um^2 (+0.00%)
[INFO GPL-0059] Movable instances area:     2232384.225 um^2 (+1.32%)
[INFO GPL-0060] Total filler area:               0.000 um^2 (+0.00%)
[INFO GPL-0061] Total non-inflated area:    2232384.166 um^2 (+1.32%)
[INFO GPL-0062] Total inflated area:        2261374.075 um^2 (+1.30%)
[INFO GPL-0063] New Target Density:             0.6436
[INFO GPL-0087] Routability end iteration: increase inflation and revert back to snapshot.
Iteration | Overflow |     HPWL (um) |  HPWL(%) |   Penalty | Group
---------------------------------------------------------------
     1340 |   0.6171 |  4.815342e+06 |  -19.36% |  4.69e-10 |      
     1350 |   0.5816 |  5.084996e+06 |   +5.60% |  6.73e-10 |      
     1360 |   0.5647 |  5.250453e+06 |   +3.25% |  9.76e-10 |      
     1370 |   0.5384 |  5.362382e+06 |   +2.13% |  1.42e-09 |      
     1380 |   0.5037 |  5.427456e+06 |   +1.21% |  2.09e-09 |      
     1390 |   0.4693 |  5.603327e+06 |   +3.24% |  3.03e-09 |      
     1400 |   0.4298 |  5.750580e+06 |   +2.63% |  4.40e-09 |      
     1410 |   0.3977 |  5.724485e+06 |   -0.45% |  6.47e-09 |      
     1420 |   0.3637 |  5.963226e+06 |   +4.17% |  9.35e-09 |      
     1430 |   0.3424 |  5.979817e+06 |   +0.28% |  1.37e-08 |      
     1440 |   0.3073 |  6.031662e+06 |   +0.87% |  2.01e-08 |      
[INFO GPL-0040] Routability iteration: 10
[INFO GPL-0041] Total routing overflow: 208.3870
[INFO GPL-0042] Number of overflowed tiles: 3568 (4.72%)
[INFO GPL-0043] Average top 0.5% routing congestion: 1.1728
[INFO GPL-0044] Average top 1.0% routing congestion: 1.1401
[INFO GPL-0045] Average top 2.0% routing congestion: 1.1055
[INFO GPL-0046] Average top 5.0% routing congestion: 1.0550
[INFO GPL-0047] Routability iteration weighted routing congestion: 1.1564
[INFO GPL-0049] Routing congestion (1.1564) higher than minimum (1.1532). Consecutive non-improvement count: 3.
[INFO GPL-0086] Inflated area:               27715.732 um^2 (+1.24%)
[INFO GPL-0052] Placement target density:       0.6436
[INFO GPL-0076] Removing fillers, count: Before: 0, After: 0 (+0.00%)
[INFO GPL-0077] Filler area (um^2)     : Before: 0.000, After: 0.000 (+0.00%)
[INFO GPL-0078] Removed fillers count: 0, area removed: 0.000 um^2. Remaining area to be compensated by modifying density: 27715.731 um^2
[INFO GPL-0079] New target density: 0.6515731
[INFO GPL-0054] No improvement in routing congestion for 3 consecutive iterations (limit is 3).
[INFO GPL-0055] Reverting inflation values and target density from the iteration with minimum observed routing congestion.
[INFO GPL-0056] Minimum observed routing congestion: 1.1532
[INFO GPL-0057] Target density at minimum routing congestion: 0.6194
[INFO GPL-0080] Restoring 0 previously removed fillers.
[INFO GPL-0089] Routability finished. Reverting to minimal observed routing congestion, could not reach target.
Iteration | Overflow |     HPWL (um) |  HPWL(%) |   Penalty | Group
---------------------------------------------------------------
     1450 |   0.5936 |  4.766434e+06 |  -20.98% |  5.07e-10 |      
     1460 |   0.5728 |  4.960419e+06 |   +4.07% |  7.35e-10 |      
     1470 |   0.5500 |  5.143600e+06 |   +3.69% |  1.06e-09 |      
     1480 |   0.5214 |  5.258897e+06 |   +2.24% |  1.55e-09 |      
     1490 |   0.4865 |  5.318728e+06 |   +1.14% |  2.27e-09 |      
     1500 |   0.4537 |  5.488992e+06 |   +3.20% |  3.31e-09 |      
     1510 |   0.4150 |  5.648518e+06 |   +2.91% |  4.80e-09 |      
     1520 |   0.3851 |  5.626856e+06 |   -0.38% |  7.06e-09 |      
     1530 |   0.3508 |  5.828974e+06 |   +3.59% |  1.02e-08 |      
     1540 |   0.3285 |  5.844578e+06 |   +0.27% |  1.50e-08 |      
     1550 |   0.2949 |  5.912236e+06 |   +1.16% |  2.19e-08 |      
     1560 |   0.2646 |  5.854387e+06 |   -0.98% |  3.23e-08 |      
     1570 |   0.2433 |  5.802425e+06 |   -0.89% |  4.76e-08 |      
     1580 |   0.2173 |  5.734068e+06 |   -1.18% |  7.01e-08 |      
     1590 |   0.1945 |  5.649401e+06 |   -1.48% |  1.03e-07 |      
[INFO GPL-0100] Timing-driven iteration 2/2, virtual: false.
[INFO GPL-0101]    Iter: 1591, overflow: 0.195, keep resizer changes at: 1, HPWL: 5649401339
Iteration |   Area    | Resized | Buffers | Nets repaired | Remaining
---------------------------------------------------------------------
        0 |     +0.0% |       0 |       0 |             0 |    141420
    final |     +0.2% |     188 |     180 |           232 |         0
---------------------------------------------------------------------
[INFO RSZ-0034] Found 230 slew violations.
[INFO RSZ-0036] Found 28 capacitance violations.
[INFO RSZ-0039] Resized 188 instances.
[INFO RSZ-0038] Inserted 180 buffers in 232 nets.
   Iter   |    Area   | Removed | Inserted |   Pins
          |           | Buffers | Buffers  | Remaining
-------------------------------------------------------
        0 |     +0.0% |       0 |        0 |    119957
    11900 |     +0.3% |    2842 |     3634 |    108057
    23800 |     +0.6% |    5915 |     7403 |     96157
    35700 |     -0.8% |    9830 |     9683 |     84257
    47600 |     -1.7% |   12952 |    11545 |     72357
    59500 |     -2.1% |   14618 |    12408 |     60457
    71400 |     -2.2% |   15713 |    13242 |     48557
    83300 |     -2.4% |   16854 |    14124 |     36657
    95200 |     -2.6% |   19387 |    16328 |     24757
   107100 |     -2.6% |   19663 |    16594 |     12857
   119000 |     -2.6% |   19729 |    16667 |       957
    final |     -2.6% |   20075 |    17016 |         0
-------------------------------------------------------
[INFO GPL-0106] Timing-driven: worst slack -1.6594683e-07
[INFO GPL-0107] Timing-driven: repair_design delta area: -90139.203 um^2 (-4.04%)
[INFO GPL-0108] Timing-driven: repair_design, gpl delta gcells: -2879 (-2.10%)
[INFO GPL-0109] Timing-driven: repair_design, gcells created: 17196, deleted: 20075
[INFO GPL-0110] Timing-driven: new target density: 0.61759627
Iteration | Overflow |     HPWL (um) |  HPWL(%) |   Penalty | Group
---------------------------------------------------------------
     1600 |   0.1574 |  5.513440e+06 |   -2.41% |  1.49e-07 |      
     1610 |   0.1419 |  5.329673e+06 |   -3.33% |  2.20e-07 |      
     1620 |   0.1244 |  5.260838e+06 |   -1.29% |  3.23e-07 |      
     1630 |   0.1031 |  5.222872e+06 |   -0.72% |  4.76e-07 |      
     1632 |   0.0997 |  5.215529e+06 |          |  5.35e-07 |      
---------------------------------------------------------------
[INFO GPL-1001] Global placement finished at iteration 1632
[INFO GPL-1017] Routability mode iteration count: 1161
[INFO GPL-1005] Routability final weighted congestion: 1.0697
[INFO GPL-1002] Placed Cell Area            2058324.8994
[INFO GPL-1003] Available Free Area         3468681.7408
[INFO GPL-1004] Minimum Feasible Density        0.4900 (cell_area / free_area)
[INFO GPL-1006]   Suggested Target Densities:
[INFO GPL-1007]     - For 90% usage of free space: 0.6593
[INFO GPL-1008]     - For 80% usage of free space: 0.7418
[INFO GPL-1011] Original area (um^2): 1670820.02
[INFO GPL-1012] Total routability artificial inflation: 295310.62 (+17.67%)
[INFO GPL-1013] Total timing-driven delta area: 92194.26 (+5.52%)
[INFO GPL-1014] Final placement area: 2058324.90 (+23.19%)
Took 123 seconds: global_placement -density 0.5510000085830689 -pad_left 0 -pad_right 0 -routability_driven -timing_driven -force_center_initial_place -min_phi_coef 0.95 -max_phi_coef 1.05
estimate_parasitics -placement
Report metrics stage 3, global place...

==========================================================================
global place report_design_area
--------------------------------------------------------------------------
Design area 1765727 um^2 50% utilization.
write_db /Users/shubhanshu/Desktop/Nebula/digital/artifacts/model_ppa_v2_20260913_2305/pnr_openrouter_nemotron-ultra/results/sky130hd/nebula_bench_v2/openrouter_nemotron-ultra/3_3_place_gp.odb
Elapsed time: 2:43.26[h:]min:sec. CPU time: user 239.53 sys 159.41 (244%). Peak memory: 1689504KB.
Log                       Ext     Elapsed/s Peak Memory/MB sha1sum result [0:20)
3_3_place_gp              .odb          163           1649 e0a22c45579a61377159
/Users/shubhanshu/Desktop/Nebula/digital/orfs/flow/scripts/flow.sh 3_4_place_resized resize
Running resize.tcl, stage 3_4_place_resized
read_liberty /Users/shubhanshu/Desktop/Nebula/digital/orfs/flow/platforms/sky130hd/lib/sky130_fd_sc_hd__tt_025C_1v80.lib
read_db /Users/shubhanshu/Desktop/Nebula/digital/artifacts/model_ppa_v2_20260913_2305/pnr_openrouter_nemotron-ultra/results/sky130hd/nebula_bench_v2/openrouter_nemotron-ultra/3_3_place_gp.odb
read_sdc /Users/shubhanshu/Desktop/Nebula/digital/artifacts/model_ppa_v2_20260913_2305/pnr_openrouter_nemotron-ultra/results/sky130hd/nebula_bench_v2/openrouter_nemotron-ultra/2_floorplan.sdc
source /Users/shubhanshu/Desktop/Nebula/digital/orfs/flow/platforms/sky130hd/setRC.tcl
estimate_parasitics -placement
Perform buffer insertion and gate resizing...
repair_design -verbose -match_cell_footprint
Iteration |   Area    | Resized | Buffers | Nets repaired | Remaining
---------------------------------------------------------------------
        0 |     +0.0% |       0 |       0 |             0 |    138541
     1000 |     +0.0% |       0 |       0 |             0 |    137541
     2000 |     +0.0% |       0 |       0 |             0 |    136541
     3000 |     +0.0% |       0 |       0 |             0 |    135541
     4000 |     +0.0% |       0 |       0 |             0 |    134541
     5000 |     +0.0% |       0 |       0 |             0 |    133541
     6000 |     +0.0% |       0 |       0 |             0 |    132541
     7000 |     +0.0% |       0 |       0 |             0 |    131541
     8000 |     +0.0% |       0 |       0 |             0 |    130541
     9000 |     +0.0% |       0 |       0 |             0 |    129541
    10000 |     +0.0% |       0 |       0 |             0 |    128541
    11000 |     +0.0% |       0 |       0 |             0 |    127541
    12000 |     +0.0% |       0 |       0 |             0 |    126541
    13000 |     +0.0% |       0 |       0 |             0 |    125541
    14000 |     +0.0% |       0 |       0 |             0 |    124541
    15000 |     +0.0% |       0 |       0 |             0 |    123541
    16000 |     +0.0% |       0 |       0 |             0 |    122541
    17000 |     +0.0% |       0 |       0 |             0 |    121541
    18000 |     +0.0% |       0 |       0 |             0 |    120541
    19000 |     +0.0% |       0 |       0 |             0 |    119541
    20000 |     +0.0% |       0 |       0 |             0 |    118541
    21000 |     +0.0% |       0 |       0 |             0 |    117541
    22000 |     +0.0% |       0 |       0 |             0 |    116541
    23000 |     +0.0% |       0 |       0 |             0 |    115541
    24000 |     +0.0% |       0 |       0 |             0 |    114541
    25000 |     +0.0% |       0 |       0 |             0 |    113541
    26000 |     +0.0% |       0 |       0 |             0 |    112541
    27000 |     +0.0% |       0 |       0 |             0 |    111541
    28000 |     +0.0% |       0 |       0 |             0 |    110541
    29000 |     +0.0% |       0 |       0 |             0 |    109541
    30000 |     +0.0% |       0 |       0 |             0 |    108541
    31000 |     +0.0% |       0 |       0 |             0 |    107541
    32000 |     +0.0% |       0 |       0 |             0 |    106541
    33000 |     +0.0% |       0 |       0 |             0 |    105541
    34000 |     +0.0% |       0 |       0 |             0 |    104541
    35000 |     +0.0% |       0 |       0 |             0 |    103541
    36000 |     +0.0% |       0 |       0 |             0 |    102541
    37000 |     +0.0% |       1 |       1 |             1 |    101541
    38000 |     +0.0% |       1 |       1 |             1 |    100541
    39000 |     +0.0% |       1 |       1 |             1 |     99541
    40000 |     +0.0% |       1 |       1 |             1 |     98541
    41000 |     +0.0% |       2 |       1 |             2 |     97541
    42000 |     +0.0% |       2 |       1 |             2 |     96541
    43000 |     +0.0% |       7 |       5 |             7 |     95541
    44000 |     +0.0% |       7 |       5 |             7 |     94541
    45000 |     +0.0% |       7 |       5 |             7 |     93541
    46000 |     +0.0% |       7 |       5 |             7 |     92541
    47000 |     +0.0% |       7 |       5 |             7 |     91541
    48000 |     +0.0% |       7 |       5 |             7 |     90541
    49000 |     +0.0% |       7 |       5 |             7 |     89541
    50000 |     +0.0% |       7 |       5 |             7 |     88541
    51000 |     +0.0% |       7 |       5 |             7 |     87541
    52000 |     +0.0% |       7 |       5 |             7 |     86541
    53000 |     +0.0% |       7 |       5 |             7 |     85541
    54000 |     +0.0% |       8 |       5 |             8 |     84541
    55000 |     +0.0% |       8 |       5 |             8 |     83541
    56000 |     +0.0% |       8 |       5 |             8 |     82541
    57000 |     +0.0% |      11 |       5 |            11 |     81541
    58000 |     +0.0% |      11 |       5 |            11 |     80541
    59000 |     +0.0% |      12 |       5 |            12 |     79541
    60000 |     +0.0% |      12 |       5 |            12 |     78541
    61000 |     +0.0% |      12 |       6 |            13 |     77541
    62000 |     +0.0% |      12 |       6 |            13 |     76541
    63000 |     +0.0% |      12 |       6 |            13 |     75541
    64000 |     +0.0% |      12 |       6 |            13 |     74541
    65000 |     +0.0% |      12 |       6 |            13 |     73541
    66000 |     +0.0% |      12 |       6 |            13 |     72541
    67000 |     +0.0% |      12 |       6 |            13 |     71541
    68000 |     +0.0% |      13 |       7 |            14 |     70541
    69000 |     +0.0% |      13 |       7 |            14 |     69541
    70000 |     +0.0% |      13 |       7 |            14 |     68541
    71000 |     +0.0% |      13 |       7 |            14 |     67541
    72000 |     +0.0% |      13 |       7 |            14 |     66541
    73000 |     +0.0% |      13 |       7 |            14 |     65541
    74000 |     +0.0% |      13 |       7 |            14 |     64541
    75000 |     +0.0% |      13 |       8 |            15 |     63541
    76000 |     +0.0% |      13 |       8 |            15 |     62541
    77000 |     +0.0% |      13 |       8 |            15 |     61541
    78000 |     +0.0% |      13 |       8 |            15 |     60541
    79000 |     +0.0% |      13 |       8 |            15 |     59541
    80000 |     +0.0% |      13 |       8 |            15 |     58541
    81000 |     +0.0% |      13 |       8 |            15 |     57541
    82000 |     +0.0% |      13 |       8 |            15 |     56541
    83000 |     +0.0% |      13 |       8 |            15 |     55541
    84000 |     +0.0% |      13 |       8 |            15 |     54541
    85000 |     +0.0% |      14 |       8 |            16 |     53541
    86000 |     +0.0% |      16 |       9 |            18 |     52541
    87000 |     +0.0% |      16 |       9 |            18 |     51541
    88000 |     +0.0% |      16 |       9 |            18 |     50541
    89000 |     +0.0% |      16 |       9 |            18 |     49541
    90000 |     +0.0% |      17 |       9 |            19 |     48541
    91000 |     +0.0% |      17 |       9 |            19 |     47541
    92000 |     +0.0% |      17 |       9 |            19 |     46541
    93000 |     +0.0% |      17 |       9 |            19 |     45541
    94000 |     +0.0% |      17 |       9 |            19 |     44541
    95000 |     +0.0% |      18 |      10 |            20 |     43541
    96000 |     +0.0% |      18 |      10 |            20 |     42541
    97000 |     +0.0% |      18 |      10 |            20 |     41541
    98000 |     +0.0% |      18 |      10 |            20 |     40541
    99000 |     +0.0% |      19 |      10 |            21 |     39541
   100000 |     +0.0% |      19 |      10 |            21 |     38541
   101000 |     +0.0% |      19 |      10 |            21 |     37541
   102000 |     +0.0% |      19 |      10 |            21 |     36541
   103000 |     +0.0% |      19 |      10 |            21 |     35541
   104000 |     +0.0% |      19 |      10 |            21 |     34541
   105000 |     +0.0% |      19 |      10 |            21 |     33541
   106000 |     +0.0% |      19 |      10 |            21 |     32541
   107000 |     +0.0% |      19 |      10 |            21 |     31541
   108000 |     +0.0% |      19 |      10 |            21 |     30541
   109000 |     +0.0% |      21 |      12 |            23 |     29541
   110000 |     +0.0% |      21 |      12 |            23 |     28541
   111000 |     +0.0% |      21 |      12 |            23 |     27541
   112000 |     +0.0% |      21 |      12 |            23 |     26541
   113000 |     +0.0% |      21 |      12 |            23 |     25541
   114000 |     +0.0% |      21 |      12 |            23 |     24541
   115000 |     +0.0% |      21 |      12 |            23 |     23541
   116000 |     +0.0% |      21 |      12 |            23 |     22541
   117000 |     +0.0% |      21 |      12 |            23 |     21541
   118000 |     +0.0% |      21 |      12 |            23 |     20541
   119000 |     +0.0% |      21 |      12 |            23 |     19541
   120000 |     +0.0% |      21 |      12 |            23 |     18541
   121000 |     +0.0% |      21 |      12 |            23 |     17541
   122000 |     +0.0% |      21 |      12 |            23 |     16541
   123000 |     +0.0% |      21 |      12 |            23 |     15541
   124000 |     +0.0% |      21 |      12 |            23 |     14541
   125000 |     +0.0% |      21 |      12 |            23 |     13541
   126000 |     +0.0% |      21 |      12 |            23 |     12541
   127000 |     +0.0% |      21 |      12 |            23 |     11541
   128000 |     +0.0% |      21 |      12 |            23 |     10541
   129000 |     +0.0% |      21 |      12 |            23 |      9541
   130000 |     +0.0% |      21 |      12 |            23 |      8541
   131000 |     +0.0% |      21 |      12 |            23 |      7541
   132000 |     +0.0% |      21 |      12 |            23 |      6541
   133000 |     +0.0% |      21 |      12 |            23 |      5541
   134000 |     +0.0% |      21 |      12 |            23 |      4541
   135000 |     +0.0% |      21 |      12 |            23 |      3541
   136000 |     +0.0% |      21 |      12 |            23 |      2541
   137000 |     +0.0% |      21 |      12 |            23 |      1541
   138000 |     +0.0% |      21 |      12 |            23 |       541
    final |     +0.0% |      21 |      12 |            23 |         0
---------------------------------------------------------------------
[INFO RSZ-0034] Found 22 slew violations.
[INFO RSZ-0036] Found 1 capacitance violations.
[INFO RSZ-0039] Resized 21 instances.
[INFO RSZ-0038] Inserted 12 buffers in 23 nets.
[INFO RSZ-0504] Runtime: 10.60s
Took 11 seconds: repair_design -verbose -match_cell_footprint
Floating nets: 
Report metrics stage 3, resizer...

==========================================================================
resizer report_design_area
--------------------------------------------------------------------------
Design area 1766010 um^2 50% utilization.
Instance count before 181403, after 181415
Pin count before 496247, after 496271
write_db /Users/shubhanshu/Desktop/Nebula/digital/artifacts/model_ppa_v2_20260913_2305/pnr_openrouter_nemotron-ultra/results/sky130hd/nebula_bench_v2/openrouter_nemotron-ultra/3_4_place_resized.odb
Elapsed time: 1:02.26[h:]min:sec. CPU time: user 70.88 sys 49.12 (192%). Peak memory: 949088KB.
Log                       Ext     Elapsed/s Peak Memory/MB sha1sum result [0:20)
3_4_place_resized         .odb           62            926 f38f5936bd28fa947c42
/Users/shubhanshu/Desktop/Nebula/digital/orfs/flow/scripts/flow.sh 3_5_place_dp detail_place
Running detail_place.tcl, stage 3_5_place_dp
read_liberty /Users/shubhanshu/Desktop/Nebula/digital/orfs/flow/platforms/sky130hd/lib/sky130_fd_sc_hd__tt_025C_1v80.lib
read_db /Users/shubhanshu/Desktop/Nebula/digital/artifacts/model_ppa_v2_20260913_2305/pnr_openrouter_nemotron-ultra/results/sky130hd/nebula_bench_v2/openrouter_nemotron-ultra/3_4_place_resized.odb
read_sdc /Users/shubhanshu/Desktop/Nebula/digital/artifacts/model_ppa_v2_20260913_2305/pnr_openrouter_nemotron-ultra/results/sky130hd/nebula_bench_v2/openrouter_nemotron-ultra/2_floorplan.sdc
source /Users/shubhanshu/Desktop/Nebula/digital/orfs/flow/platforms/sky130hd/setRC.tcl
detailed_placement
[INFO DPL-0006] Core area: 3527558.21 um^2
[INFO DPL-0007] Movable instances area: 1707133.53 um^2
[INFO DPL-0008] Fixed instances area within core: 58876.47 um^2
[INFO DPL-0009] Utilization: 50.1%
[INFO DPL-0005] Diamond search max displacement: +/- 500 sites horizontally, +/- 100 rows vertically.
[INFO DPL-1102] Legalizing using negotiation legalizer.
[INFO DPL-1103] Negotiation base search window: +/-20 sites horizontally, +/-5 rows vertically 
	Automatic search window extension enabled.
	Search window extendable up to the max displacement cap of +/-500 sites, +/-100 rows near walls.
[INFO DPL-1104] NegotiationLegalizer DRC penalty: 5.
[INFO DPL-0392] Negotiation cell height distribution (1 unique row-count(s)):
[INFO DPL-0393]   height 1 row(s): 181415 cells
          |      Total |  Illegal |  Illegal
Iteration | Violations |    Cells |    Sites
---------------------------------------------
        0 |       6045 |      1211 |      4822
        1 |        208 |        36 |       172
        2 |         20 |         2 |        18
        3 |         24 |         2 |        22
        4 |          8 |         2 |         6
        5 |          0 |         0 |         0
Negotiation phase 1 converged at iteration 5.
[INFO DPL-0500] Runtime: 2.52s
Placement Analysis
---------------------------------
total displacement     451713.9 u
average displacement        2.5 u
max displacement           33.2 u
original HPWL         5218199.8 u
legalized HPWL        5557224.5 u
delta HPWL                    6 %

improve_placement -max_displacement "5 1"
Detailed placement improvement.
[INFO DPL-0401] Setting random seed to 1.
[INFO DPL-0402] Setting maximum displacement 5 1 to 13600 2720 units.
[INFO DPL-0320] Collected 47094 fixed cells.
[INFO DPL-0318] Collected 134359 single height cells.
[INFO DPL-0321] Collected 0 wide cells.
[INFO DPL-0322] Image (10120, 10880) - (1889680, 1887680)
[INFO DPL-0310] Assigned 134359 cells into segments.  Movement in X-direction is 0.000000, movement in Y-direction is 0.000000.
[INFO DPL-0313] Found 0 cells in wrong regions.
[INFO DPL-0315] Found 0 row alignment problems.
[INFO DPL-0314] Found 0 site alignment problems.
[INFO DPL-0311] Found 0 overlaps between adjacent cells.
[INFO DPL-0312] Found 0 edge spacing violations and 0 padding violations.
[INFO DPL-0303] Running algorithm for independent set matching.
[INFO DPL-0300] Set matching objective is wirelength.
[INFO DPL-0301] Pass   1 of matching; objective is 5.557856e+09.
[INFO DPL-0302] End of matching; objective is 5.555535e+09, improvement is 0.04 percent.
[INFO DPL-0303] Running algorithm for global swaps.
[INFO DPL-0306] Pass   1 of global swaps; hpwl is 5.472494e+09.
[INFO DPL-0306] Pass   2 of global swaps; hpwl is 5.457484e+09.
[INFO DPL-0307] End of global swaps; objective is 5.457484e+09, improvement is 1.76 percent.
[INFO DPL-0303] Running algorithm for vertical swaps.
[INFO DPL-0308] Pass   1 of vertical swaps; hpwl is 5.437319e+09.
[INFO DPL-0309] End of vertical swaps; objective is 5.437319e+09, improvement is 0.37 percent.
[INFO DPL-0303] Running algorithm for reordering.
[INFO DPL-0304] Pass   1 of reordering; objective is 5.435305e+09.
[INFO DPL-0305] End of reordering; objective is 5.435305e+09, improvement is 0.04 percent.
[INFO DPL-0303] Running algorithm for random improvement.
[INFO DPL-0324] Random improver is using random generator.
[INFO DPL-0325] Random improver is using hpwl objective.
[INFO DPL-0326] Random improver cost string is (a).
[INFO DPL-0332] End of pass, Generator random called 2687180 times.
[INFO DPL-0335] Generator random, Cumulative attempts 2687180, swaps 308125, moves 783725 since last reset.
[INFO DPL-0333] End of pass, Objective hpwl, Initial cost 5.423827e+09, Scratch cost 5.366641e+09, Incremental cost 5.366641e+09, Mismatch? N
[INFO DPL-0338] End of pass, Total cost is 5.366641e+09.
[INFO DPL-0327] Pass   1 of random improver; improvement in cost is 1.05 percent.
[INFO DPL-0332] End of pass, Generator random called 2687180 times.
[INFO DPL-0335] Generator random, Cumulative attempts 5374360, swaps 601078, moves 1561098 since last reset.
[INFO DPL-0333] End of pass, Objective hpwl, Initial cost 5.366641e+09, Scratch cost 5.347177e+09, Incremental cost 5.347177e+09, Mismatch? N
[INFO DPL-0338] End of pass, Total cost is 5.347177e+09.
[INFO DPL-0327] Pass   2 of random improver; improvement in cost is 0.36 percent.
[INFO DPL-0328] End of random improver; improvement is 1.413207 percent.
[INFO DPL-0380] Cell flipping.
[INFO DPL-0382] Changed 0 cell orientations for row compatibility.
[INFO DPL-0383] Performed 32994 cell flips.
[INFO DPL-0384] End of flipping; objective is 5.303976e+09, improvement is 1.02 percent.
[INFO DPL-0313] Found 0 cells in wrong regions.
[INFO DPL-0315] Found 0 row alignment problems.
[INFO DPL-0314] Found 0 site alignment problems.
[INFO DPL-0311] Found 0 overlaps between adjacent cells.
[INFO DPL-0312] Found 0 edge spacing violations and 0 padding violations.
Detailed Improvement Results
------------------------------------------
Original HPWL          5557224.5 u ( 2572643.8,  2984580.7)
Final HPWL             5302796.7 u ( 2473665.6,  2829131.1)
Delta HPWL                  -4.6 % (      -3.8,       -5.2)

Took 31 seconds: improve_placement -max_displacement "5 1"
optimize_mirroring
[INFO DPL-0020] Mirrored 6116 instances
[INFO DPL-0021] HPWL before          5302796.7 u
[INFO DPL-0022] HPWL after           5301138.7 u
[INFO DPL-0023] HPWL delta               -0.0 %
[INFO FLW-0012] Placement violations .
estimate_parasitics -placement
Report metrics stage 3, detailed place...

==========================================================================
detailed place report_design_area
--------------------------------------------------------------------------
Design area 1766010 um^2 50% utilization.
write_db /Users/shubhanshu/Desktop/Nebula/digital/artifacts/model_ppa_v2_20260913_2305/pnr_openrouter_nemotron-ultra/results/sky130hd/nebula_bench_v2/openrouter_nemotron-ultra/3_5_place_dp.odb
write_sdc -no_timestamp /Users/shubhanshu/Desktop/Nebula/digital/artifacts/model_ppa_v2_20260913_2305/pnr_openrouter_nemotron-ultra/results/sky130hd/nebula_bench_v2/openrouter_nemotron-ultra/3_place.sdc
Elapsed time: 1:27.96[h:]min:sec. CPU time: user 95.63 sys 40.99 (155%). Peak memory: 1390352KB.
Log                       Ext     Elapsed/s Peak Memory/MB sha1sum result [0:20)
3_5_place_dp              .odb           87           1357 8e66666d0fcee8590a6e
cp /Users/shubhanshu/Desktop/Nebula/digital/artifacts/model_ppa_v2_20260913_2305/pnr_openrouter_nemotron-ultra/results/sky130hd/nebula_bench_v2/openrouter_nemotron-ultra/3_5_place_dp.odb /Users/shubhanshu/Desktop/Nebula/digital/artifacts/model_ppa_v2_20260913_2305/pnr_openrouter_nemotron-ultra/results/sky130hd/nebula_bench_v2/openrouter_nemotron-ultra/3_place.odb
/Users/shubhanshu/Desktop/Nebula/digital/orfs/flow/scripts/flow.sh 4_1_cts cts
Running cts.tcl, stage 4_1_cts
read_liberty /Users/shubhanshu/Desktop/Nebula/digital/orfs/flow/platforms/sky130hd/lib/sky130_fd_sc_hd__tt_025C_1v80.lib
read_db /Users/shubhanshu/Desktop/Nebula/digital/artifacts/model_ppa_v2_20260913_2305/pnr_openrouter_nemotron-ultra/results/sky130hd/nebula_bench_v2/openrouter_nemotron-ultra/3_place.odb
read_sdc /Users/shubhanshu/Desktop/Nebula/digital/artifacts/model_ppa_v2_20260913_2305/pnr_openrouter_nemotron-ultra/results/sky130hd/nebula_bench_v2/openrouter_nemotron-ultra/3_place.sdc
source /Users/shubhanshu/Desktop/Nebula/digital/orfs/flow/platforms/sky130hd/setRC.tcl
clock_tree_synthesis -sink_clustering_enable -repair_clock_nets
[INFO CTS-0050] Root buffer is sky130_fd_sc_hd__clkbuf_16.
[INFO CTS-0051] Sink buffer is sky130_fd_sc_hd__clkbuf_16.
[INFO CTS-0052] The following clock buffers will be used for CTS:
                    sky130_fd_sc_hd__clkbuf_16
[INFO CTS-0049] Characterization buffer is sky130_fd_sc_hd__clkbuf_16.
[INFO CTS-0007] Net "clk1" found for clock "clk1".
[INFO CTS-0011]  Clock net "clk1" for macros has 2 sinks.
[INFO CTS-0011]  Clock net "clk1_regs" for registers has 28501 sinks.
[INFO CTS-0007] Net "clk2" found for clock "clk2".
[WARNING CTS-0041] Net "clk2" has 1 sinks. Skipping...
[INFO CTS-0007] Net "clk3" found for clock "clk3".
[WARNING CTS-0041] Net "clk3" has 1 sinks. Skipping...
[INFO CTS-0007] Net "clk4" found for clock "clk4".
[WARNING CTS-0041] Net "clk4" has 1 sinks. Skipping...
[INFO CTS-0007] Net "clk5" found for clock "clk5".
[WARNING CTS-0041] Net "clk5" has 1 sinks. Skipping...
[INFO CTS-0007] Net "clk_s1_gate" found for clock "clk_s1_gate".
[INFO CTS-0011]  Clock net "clk_s1_gate" for macros has 1 sinks.
[INFO CTS-0011]  Clock net "clk_s1_gate_regs" for registers has 3 sinks.
[INFO CTS-0007] Net "clk_s2_gate" found for clock "clk_s2_gate".
[INFO CTS-0011]  Clock net "clk_s2_gate" for macros has 1 sinks.
[INFO CTS-0011]  Clock net "clk_s2_gate_regs" for registers has 3 sinks.
[INFO CTS-0007] Net "clk_s5_gate" found for clock "clk_s5_gate".
[INFO CTS-0011]  Clock net "clk_s5_gate" for macros has 1 sinks.
[INFO CTS-0011]  Clock net "clk_s5_gate_regs" for registers has 3 sinks.
[INFO CTS-0007] Net "clk_s4_gate" found for clock "clk_s4_gate".
[INFO CTS-0011]  Clock net "clk_s4_gate" for macros has 1 sinks.
[INFO CTS-0011]  Clock net "clk_s4_gate_regs" for registers has 3 sinks.
[INFO CTS-0007] Net "clk_s3" found for clock "clk_s3".
[INFO CTS-0010]  Clock net "clk_s3" has 431 sinks.
[INFO CTS-0007] Net "clk_s8" found for clock "clk_s8".
[INFO CTS-0010]  Clock net "clk_s8" has 2137 sinks.
[INFO CTS-0007] Net "clk_s1" found for clock "clk_s1".
[INFO CTS-0010]  Clock net "clk_s1" has 703 sinks.
[INFO CTS-0007] Net "clk_s2" found for clock "clk_s2".
[INFO CTS-0010]  Clock net "clk_s2" has 1070 sinks.
[INFO CTS-0007] Net "clk_s5" found for clock "clk_s5".
[INFO CTS-0010]  Clock net "clk_s5" has 557 sinks.
[INFO CTS-0007] Net "clk_s4" found for clock "clk_s4".
[INFO CTS-0010]  Clock net "clk_s4" has 750 sinks.
[INFO CTS-0008] TritonCTS found 16 clock nets.
[INFO CTS-0097] Characterization used 1 buffer(s) types.
[INFO CTS-0201] 0 blockages from hard placement blockages and placed macros will be used.
[INFO CTS-0027] Generating H-Tree topology for net clk1.
[INFO CTS-0028]  Total number of sinks: 2.
[INFO CTS-0060]  Macro  sinks will be clustered in groups of up to 4 and based on buffer max cap.
[INFO CTS-0030]  Number of static layers: 0.
[INFO CTS-0020]  Wire segment unit: 13600  dbu (13 um).
[INFO CTS-0023]  Original sink region: [(465396, 1146487), (823769, 1589832)].
[INFO CTS-0024]  Normalized sink region: [(34.2203, 84.3005), (60.5712, 116.899)].
[INFO CTS-0025]     Width:  26.3510.
[INFO CTS-0026]     Height: 32.5989.
 Level 1
    Direction: Vertical
    Sinks per sub-region: 1
    Sub-region size: 26.3510 X 16.2994
[INFO CTS-0034]     Segment length (rounded): 8.
[INFO CTS-0038]  Stop criterion found. Sink region hpwl is smaller than max wirelength (1911.535 um) and max number of sinks is 15.
[INFO CTS-0035]  Number of sinks covered: 2.
[INFO CTS-0201] 0 blockages from hard placement blockages and placed macros will be used.
[INFO CTS-0027] Generating H-Tree topology for net clk1_regs.
[INFO CTS-0028]  Total number of sinks: 28501.
[INFO CTS-0060]  Register sinks will be clustered in groups of up to 20 and based on buffer max cap.
[INFO CTS-0030]  Number of static layers: 0.
[INFO CTS-0020]  Wire segment unit: 13600  dbu (13 um).
[INFO CTS-0204] A clustering solution was found from clustering size of 20 and max clustering diameter of 242.
[INFO CTS-0205] Better solution may be possible if either -sink_clustering_size, -sink_clustering_max_diameter, or both options are omitted to enable automatic clustering.
[INFO CTS-0019]  Total number of sinks after clustering: 2720.
[INFO CTS-0024]  Normalized sink region: [(0.907721, 1.4116), (137.881, 138.219)].
[INFO CTS-0025]     Width:  136.9731.
[INFO CTS-0026]     Height: 136.8075.
 Level 1
    Direction: Horizontal
    Sinks per sub-region: 1360
    Sub-region size: 68.4865 X 136.8075
[INFO CTS-0034]     Segment length (rounded): 34.
 Level 2
    Direction: Vertical
    Sinks per sub-region: 680
    Sub-region size: 68.4865 X 68.4038
[INFO CTS-0034]     Segment length (rounded): 34.
 Level 3
    Direction: Horizontal
    Sinks per sub-region: 340
    Sub-region size: 34.2433 X 68.4038
[INFO CTS-0034]     Segment length (rounded): 18.
 Level 4
    Direction: Vertical
    Sinks per sub-region: 170
    Sub-region size: 34.2433 X 34.2019
[INFO CTS-0034]     Segment length (rounded): 18.
 Level 5
    Direction: Horizontal
    Sinks per sub-region: 85
    Sub-region size: 17.1216 X 34.2019
[INFO CTS-0034]     Segment length (rounded): 8.
 Level 6
    Direction: Vertical
    Sinks per sub-region: 43
    Sub-region size: 17.1216 X 17.1009
[INFO CTS-0034]     Segment length (rounded): 8.
 Level 7
    Direction: Horizontal
    Sinks per sub-region: 22
    Sub-region size: 8.5608 X 17.1009
[INFO CTS-0034]     Segment length (rounded): 4.
 Level 8
    Direction: Vertical
    Sinks per sub-region: 11
    Sub-region size: 8.5608 X 8.5505
[INFO CTS-0034]     Segment length (rounded): 4.
[INFO CTS-0038]  Stop criterion found. Sink region hpwl is smaller than max wirelength (1911.535 um) and max number of sinks is 15.
[INFO CTS-0035]  Number of sinks covered: 2720.
[INFO CTS-0201] 0 blockages from hard placement blockages and placed macros will be used.
[INFO CTS-0027] Generating H-Tree topology for net clk_s1_gate.
[INFO CTS-0028]  Total number of sinks: 1.
[INFO CTS-0060]  Macro  sinks will be clustered in groups of up to 4 and based on buffer max cap.
[INFO CTS-0030]  Number of static layers: 0.
[INFO CTS-0020]  Wire segment unit: 13600  dbu (13 um).
[INFO CTS-0023]  Original sink region: [(171087, 1390893), (171087, 1390893)].
[INFO CTS-0024]  Normalized sink region: [(12.5799, 102.272), (12.5799, 102.272)].
[INFO CTS-0025]     Width:  0.0000.
[INFO CTS-0026]     Height: 0.0000.
 Level 1
    Direction: Vertical
    Sinks per sub-region: 1
    Sub-region size: 0.0000 X 0.0000
[INFO CTS-0034]     Segment length (rounded): 1.
[INFO CTS-0038]  Stop criterion found. Sink region hpwl is smaller than max wirelength (1911.535 um) and max number of sinks is 15.
[INFO CTS-0035]  Number of sinks covered: 1.
[INFO CTS-0201] 0 blockages from hard placement blockages and placed macros will be used.
[INFO CTS-0027] Generating H-Tree topology for net clk_s1_gate_regs.
[INFO CTS-0028]  Total number of sinks: 3.
[INFO CTS-0060]  Register sinks will be clustered in groups of up to 20 and based on buffer max cap.
[INFO CTS-0030]  Number of static layers: 0.
[INFO CTS-0020]  Wire segment unit: 13600  dbu (13 um).
[INFO CTS-0023]  Original sink region: [(1130485, 1222700), (1138765, 1230740)].
[INFO CTS-0024]  Normalized sink region: [(83.1239, 89.9044), (83.7327, 90.4956)].
[INFO CTS-0025]     Width:  0.6088.
[INFO CTS-0026]     Height: 0.5912.
 Level 1
    Direction: Horizontal
    Sinks per sub-region: 2
    Sub-region size: 0.3044 X 0.5912
[INFO CTS-0034]     Segment length (rounded): 1.
[INFO CTS-0038]  Stop criterion found. Sink region hpwl is smaller than max wirelength (1911.535 um) and max number of sinks is 15.
[INFO CTS-0035]  Number of sinks covered: 3.
[INFO CTS-0201] 0 blockages from hard placement blockages and placed macros will be used.
[INFO CTS-0027] Generating H-Tree topology for net clk_s2_gate.
[INFO CTS-0028]  Total number of sinks: 1.
[INFO CTS-0060]  Macro  sinks will be clustered in groups of up to 4 and based on buffer max cap.
[INFO CTS-0030]  Number of static layers: 0.
[INFO CTS-0020]  Wire segment unit: 13600  dbu (13 um).
[INFO CTS-0023]  Original sink region: [(567480, 1618073), (567480, 1618073)].
[INFO CTS-0024]  Normalized sink region: [(41.7265, 118.976), (41.7265, 118.976)].
[INFO CTS-0025]     Width:  0.0000.
[INFO CTS-0026]     Height: 0.0000.
 Level 1
    Direction: Vertical
    Sinks per sub-region: 1
    Sub-region size: 0.0000 X 0.0000
[INFO CTS-0034]     Segment length (rounded): 1.
[INFO CTS-0038]  Stop criterion found. Sink region hpwl is smaller than max wirelength (1911.535 um) and max number of sinks is 15.
[INFO CTS-0035]  Number of sinks covered: 1.
[INFO CTS-0201] 0 blockages from hard placement blockages and placed macros will be used.
[INFO CTS-0027] Generating H-Tree topology for net clk_s2_gate_regs.
[INFO CTS-0028]  Total number of sinks: 3.
[INFO CTS-0060]  Register sinks will be clustered in groups of up to 20 and based on buffer max cap.
[INFO CTS-0030]  Number of static layers: 0.
[INFO CTS-0020]  Wire segment unit: 13600  dbu (13 um).
[INFO CTS-0023]  Original sink region: [(1127265, 1315180), (1133705, 1328660)].
[INFO CTS-0024]  Normalized sink region: [(82.8871, 96.7044), (83.3607, 97.6956)].
[INFO CTS-0025]     Width:  0.4735.
[INFO CTS-0026]     Height: 0.9912.
 Level 1
    Direction: Vertical
    Sinks per sub-region: 2
    Sub-region size: 0.4735 X 0.4956
[INFO CTS-0034]     Segment length (rounded): 1.
[INFO CTS-0038]  Stop criterion found. Sink region hpwl is smaller than max wirelength (1911.535 um) and max number of sinks is 15.
[INFO CTS-0035]  Number of sinks covered: 3.
[INFO CTS-0201] 0 blockages from hard placement blockages and placed macros will be used.
[INFO CTS-0027] Generating H-Tree topology for net clk_s5_gate.
[INFO CTS-0028]  Total number of sinks: 1.
[INFO CTS-0060]  Macro  sinks will be clustered in groups of up to 4 and based on buffer max cap.
[INFO CTS-0030]  Number of static layers: 0.
[INFO CTS-0020]  Wire segment unit: 13600  dbu (13 um).
[INFO CTS-0023]  Original sink region: [(809567, 1180926), (809567, 1180926)].
[INFO CTS-0024]  Normalized sink region: [(59.527, 86.8328), (59.527, 86.8328)].
[INFO CTS-0025]     Width:  0.0000.
[INFO CTS-0026]     Height: 0.0000.
 Level 1
    Direction: Vertical
    Sinks per sub-region: 1
    Sub-region size: 0.0000 X 0.0000
[INFO CTS-0034]     Segment length (rounded): 1.
[INFO CTS-0038]  Stop criterion found. Sink region hpwl is smaller than max wirelength (1911.535 um) and max number of sinks is 15.
[INFO CTS-0035]  Number of sinks covered: 1.
[INFO CTS-0201] 0 blockages from hard placement blockages and placed macros will be used.
[INFO CTS-0027] Generating H-Tree topology for net clk_s5_gate_regs.
[INFO CTS-0028]  Total number of sinks: 3.
[INFO CTS-0060]  Register sinks will be clustered in groups of up to 20 and based on buffer max cap.
[INFO CTS-0030]  Number of static layers: 0.
[INFO CTS-0020]  Wire segment unit: 13600  dbu (13 um).
[INFO CTS-0023]  Original sink region: [(1083565, 1323220), (1085405, 1339540)].
[INFO CTS-0024]  Normalized sink region: [(79.6739, 97.2956), (79.8092, 98.4956)].
[INFO CTS-0025]     Width:  0.1353.
[INFO CTS-0026]     Height: 1.2000.
 Level 1
    Direction: Vertical
    Sinks per sub-region: 2
    Sub-region size: 0.1353 X 0.6000
[INFO CTS-0034]     Segment length (rounded): 1.
[INFO CTS-0038]  Stop criterion found. Sink region hpwl is smaller than max wirelength (1911.535 um) and max number of sinks is 15.
[INFO CTS-0035]  Number of sinks covered: 3.
[INFO CTS-0201] 0 blockages from hard placement blockages and placed macros will be used.
[INFO CTS-0027] Generating H-Tree topology for net clk_s4_gate.
[INFO CTS-0028]  Total number of sinks: 1.
[INFO CTS-0060]  Macro  sinks will be clustered in groups of up to 4 and based on buffer max cap.
[INFO CTS-0030]  Number of static layers: 0.
[INFO CTS-0020]  Wire segment unit: 13600  dbu (13 um).
[INFO CTS-0023]  Original sink region: [(431817, 1135213), (431817, 1135213)].
[INFO CTS-0024]  Normalized sink region: [(31.7512, 83.4715), (31.7512, 83.4715)].
[INFO CTS-0025]     Width:  0.0000.
[INFO CTS-0026]     Height: 0.0000.
 Level 1
    Direction: Vertical
    Sinks per sub-region: 1
    Sub-region size: 0.0000 X 0.0000
[INFO CTS-0034]     Segment length (rounded): 1.
[INFO CTS-0038]  Stop criterion found. Sink region hpwl is smaller than max wirelength (1911.535 um) and max number of sinks is 15.
[INFO CTS-0035]  Number of sinks covered: 1.
[INFO CTS-0201] 0 blockages from hard placement blockages and placed macros will be used.
[INFO CTS-0027] Generating H-Tree topology for net clk_s4_gate_regs.
[INFO CTS-0028]  Total number of sinks: 3.
[INFO CTS-0060]  Register sinks will be clustered in groups of up to 20 and based on buffer max cap.
[INFO CTS-0030]  Number of static layers: 0.
[INFO CTS-0020]  Wire segment unit: 13600  dbu (13 um).
[INFO CTS-0023]  Original sink region: [(1134555, 1279700), (1136855, 1293420)].
[INFO CTS-0024]  Normalized sink region: [(83.4232, 94.0956), (83.5923, 95.1044)].
[INFO CTS-0025]     Width:  0.1691.
[INFO CTS-0026]     Height: 1.0088.
 Level 1
    Direction: Vertical
    Sinks per sub-region: 2
    Sub-region size: 0.1691 X 0.5044
[INFO CTS-0034]     Segment length (rounded): 1.
[INFO CTS-0038]  Stop criterion found. Sink region hpwl is smaller than max wirelength (1911.535 um) and max number of sinks is 15.
[INFO CTS-0035]  Number of sinks covered: 3.
[INFO CTS-0201] 0 blockages from hard placement blockages and placed macros will be used.
[INFO CTS-0027] Generating H-Tree topology for net clk_s3.
[INFO CTS-0028]  Total number of sinks: 431.
[INFO CTS-0060]  Register sinks will be clustered in groups of up to 20 and based on buffer max cap.
[INFO CTS-0030]  Number of static layers: 0.
[INFO CTS-0020]  Wire segment unit: 13600  dbu (13 um).
[INFO CTS-0204] A clustering solution was found from clustering size of 20 and max clustering diameter of 107.
[INFO CTS-0205] Better solution may be possible if either -sink_clustering_size, -sink_clustering_max_diameter, or both options are omitted to enable automatic clustering.
[INFO CTS-0019]  Total number of sinks after clustering: 42.
[INFO CTS-0024]  Normalized sink region: [(53.903, 69.8806), (68.5556, 97.4996)].
[INFO CTS-0025]     Width:  14.6526.
[INFO CTS-0026]     Height: 27.6190.
 Level 1
    Direction: Vertical
    Sinks per sub-region: 21
    Sub-region size: 14.6526 X 13.8095
[INFO CTS-0034]     Segment length (rounded): 6.
 Level 2
    Direction: Horizontal
    Sinks per sub-region: 11
    Sub-region size: 7.3263 X 13.8095
[INFO CTS-0034]     Segment length (rounded): 4.
[INFO CTS-0038]  Stop criterion found. Sink region hpwl is smaller than max wirelength (1911.535 um) and max number of sinks is 15.
[INFO CTS-0035]  Number of sinks covered: 42.
[INFO CTS-0201] 0 blockages from hard placement blockages and placed macros will be used.
[INFO CTS-0027] Generating H-Tree topology for net clk_s8.
[INFO CTS-0028]  Total number of sinks: 2137.
[INFO CTS-0060]  Register sinks will be clustered in groups of up to 20 and based on buffer max cap.
[INFO CTS-0030]  Number of static layers: 0.
[INFO CTS-0020]  Wire segment unit: 13600  dbu (13 um).
[INFO CTS-0204] A clustering solution was found from clustering size of 20 and max clustering diameter of 225.
[INFO CTS-0205] Better solution may be possible if either -sink_clustering_size, -sink_clustering_max_diameter, or both options are omitted to enable automatic clustering.
[INFO CTS-0019]  Total number of sinks after clustering: 187.
[INFO CTS-0024]  Normalized sink region: [(1.22449, 96.2096), (64.9821, 138.3)].
[INFO CTS-0025]     Width:  63.7576.
[INFO CTS-0026]     Height: 42.0904.
 Level 1
    Direction: Horizontal
    Sinks per sub-region: 94
    Sub-region size: 31.8788 X 42.0904
[INFO CTS-0034]     Segment length (rounded): 16.
 Level 2
    Direction: Vertical
    Sinks per sub-region: 47
    Sub-region size: 31.8788 X 21.0452
[INFO CTS-0034]     Segment length (rounded): 10.
 Level 3
    Direction: Horizontal
    Sinks per sub-region: 24
    Sub-region size: 15.9394 X 21.0452
[INFO CTS-0034]     Segment length (rounded): 8.
 Level 4
    Direction: Vertical
    Sinks per sub-region: 12
    Sub-region size: 15.9394 X 10.5226
[INFO CTS-0034]     Segment length (rounded): 6.
[INFO CTS-0038]  Stop criterion found. Sink region hpwl is smaller than max wirelength (1911.535 um) and max number of sinks is 15.
[INFO CTS-0035]  Number of sinks covered: 187.
[INFO CTS-0201] 0 blockages from hard placement blockages and placed macros will be used.
[INFO CTS-0027] Generating H-Tree topology for net clk_s1.
[INFO CTS-0028]  Total number of sinks: 703.
[INFO CTS-0060]  Register sinks will be clustered in groups of up to 20 and based on buffer max cap.
[INFO CTS-0030]  Number of static layers: 0.
[INFO CTS-0020]  Wire segment unit: 13600  dbu (13 um).
[INFO CTS-0204] A clustering solution was found from clustering size of 20 and max clustering diameter of 102.
[INFO CTS-0205] Better solution may be possible if either -sink_clustering_size, -sink_clustering_max_diameter, or both options are omitted to enable automatic clustering.
[INFO CTS-0019]  Total number of sinks after clustering: 66.
[INFO CTS-0024]  Normalized sink region: [(1.22129, 89.5015), (23.5372, 114.956)].
[INFO CTS-0025]     Width:  22.3159.
[INFO CTS-0026]     Height: 25.4543.
 Level 1
    Direction: Vertical
    Sinks per sub-region: 33
    Sub-region size: 22.3159 X 12.7271
[INFO CTS-0034]     Segment length (rounded): 6.
 Level 2
    Direction: Horizontal
    Sinks per sub-region: 17
    Sub-region size: 11.1579 X 12.7271
[INFO CTS-0034]     Segment length (rounded): 6.
 Level 3
    Direction: Vertical
    Sinks per sub-region: 9
    Sub-region size: 11.1579 X 6.3636
[INFO CTS-0034]     Segment length (rounded): 4.
[INFO CTS-0038]  Stop criterion found. Sink region hpwl is smaller than max wirelength (1911.535 um) and max number of sinks is 15.
[INFO CTS-0035]  Number of sinks covered: 66.
[INFO CTS-0201] 0 blockages from hard placement blockages and placed macros will be used.
[INFO CTS-0027] Generating H-Tree topology for net clk_s2.
[INFO CTS-0028]  Total number of sinks: 1070.
[INFO CTS-0060]  Register sinks will be clustered in groups of up to 20 and based on buffer max cap.
[INFO CTS-0030]  Number of static layers: 0.
[INFO CTS-0020]  Wire segment unit: 13600  dbu (13 um).
[INFO CTS-0204] A clustering solution was found from clustering size of 20 and max clustering diameter of 181.
[INFO CTS-0205] Better solution may be possible if either -sink_clustering_size, -sink_clustering_max_diameter, or both options are omitted to enable automatic clustering.
[INFO CTS-0019]  Total number of sinks after clustering: 96.
[INFO CTS-0024]  Normalized sink region: [(29.5774, 100.551), (51.9376, 137.915)].
[INFO CTS-0025]     Width:  22.3602.
[INFO CTS-0026]     Height: 37.3643.
 Level 1
    Direction: Vertical
    Sinks per sub-region: 48
    Sub-region size: 22.3602 X 18.6822
[INFO CTS-0034]     Segment length (rounded): 10.
 Level 2
    Direction: Horizontal
    Sinks per sub-region: 24
    Sub-region size: 11.1801 X 18.6822
[INFO CTS-0034]     Segment length (rounded): 6.
 Level 3
    Direction: Vertical
    Sinks per sub-region: 12
    Sub-region size: 11.1801 X 9.3411
[INFO CTS-0034]     Segment length (rounded): 4.
[INFO CTS-0038]  Stop criterion found. Sink region hpwl is smaller than max wirelength (1911.535 um) and max number of sinks is 15.
[INFO CTS-0035]  Number of sinks covered: 96.
[INFO CTS-0201] 0 blockages from hard placement blockages and placed macros will be used.
[INFO CTS-0027] Generating H-Tree topology for net clk_s5.
[INFO CTS-0028]  Total number of sinks: 557.
[INFO CTS-0060]  Register sinks will be clustered in groups of up to 20 and based on buffer max cap.
[INFO CTS-0030]  Number of static layers: 0.
[INFO CTS-0020]  Wire segment unit: 13600  dbu (13 um).
[INFO CTS-0204] A clustering solution was found from clustering size of 20 and max clustering diameter of 55.
[INFO CTS-0205] Better solution may be possible if either -sink_clustering_size, -sink_clustering_max_diameter, or both options are omitted to enable automatic clustering.
[INFO CTS-0019]  Total number of sinks after clustering: 47.
[INFO CTS-0024]  Normalized sink region: [(44.007, 57.9739), (74.8597, 115.468)].
[INFO CTS-0025]     Width:  30.8527.
[INFO CTS-0026]     Height: 57.4943.
 Level 1
    Direction: Vertical
    Sinks per sub-region: 24
    Sub-region size: 30.8527 X 28.7471
[INFO CTS-0034]     Segment length (rounded): 14.
 Level 2
    Direction: Horizontal
    Sinks per sub-region: 12
    Sub-region size: 15.4263 X 28.7471
[INFO CTS-0034]     Segment length (rounded): 8.
[INFO CTS-0038]  Stop criterion found. Sink region hpwl is smaller than max wirelength (1911.535 um) and max number of sinks is 15.
[INFO CTS-0035]  Number of sinks covered: 47.
[INFO CTS-0201] 0 blockages from hard placement blockages and placed macros will be used.
[INFO CTS-0027] Generating H-Tree topology for net clk_s4.
[INFO CTS-0028]  Total number of sinks: 750.
[INFO CTS-0060]  Register sinks will be clustered in groups of up to 20 and based on buffer max cap.
[INFO CTS-0030]  Number of static layers: 0.
[INFO CTS-0020]  Wire segment unit: 13600  dbu (13 um).
[INFO CTS-0204] A clustering solution was found from clustering size of 20 and max clustering diameter of 67.
[INFO CTS-0205] Better solution may be possible if either -sink_clustering_size, -sink_clustering_max_diameter, or both options are omitted to enable automatic clustering.
[INFO CTS-0019]  Total number of sinks after clustering: 64.
[INFO CTS-0024]  Normalized sink region: [(11.4138, 73.88), (52.0139, 93.0415)].
[INFO CTS-0025]     Width:  40.6001.
[INFO CTS-0026]     Height: 19.1615.
 Level 1
    Direction: Horizontal
    Sinks per sub-region: 32
    Sub-region size: 20.3000 X 19.1615
[INFO CTS-0034]     Segment length (rounded): 10.
 Level 2
    Direction: Vertical
    Sinks per sub-region: 16
    Sub-region size: 20.3000 X 9.5808
[INFO CTS-0034]     Segment length (rounded): 4.
 Level 3
    Direction: Horizontal
    Sinks per sub-region: 8
    Sub-region size: 10.1500 X 9.5808
[INFO CTS-0034]     Segment length (rounded): 6.
[INFO CTS-0038]  Stop criterion found. Sink region hpwl is smaller than max wirelength (1911.535 um) and max number of sinks is 15.
[INFO CTS-0035]  Number of sinks covered: 64.
[INFO CTS-0018]     Created 3 clock buffers.
[INFO CTS-0012]     Minimum number of buffers in the clock path: 2.
[INFO CTS-0013]     Maximum number of buffers in the clock path: 2.
[INFO CTS-0015]     Created 3 clock nets.
[INFO CTS-0016]     Fanout distribution for the current clock = 1:2..
[INFO CTS-0017]     Max level of the clock tree: 1.
[INFO CTS-0018]     Created 3007 clock buffers.
[INFO CTS-0012]     Minimum number of buffers in the clock path: 7.
[INFO CTS-0013]     Maximum number of buffers in the clock path: 7.
[INFO CTS-0015]     Created 3007 clock nets.
[INFO CTS-0016]     Fanout distribution for the current clock = 2:4, 3:11, 4:18, 5:29, 6:41, 7:62, 8:153, 9:357, 10:698, 11:803, 12:524, 13:191, 14:47, 15:21, 16:7, 17:6, 18:2, 19:1, 20:1..
[INFO CTS-0017]     Max level of the clock tree: 8.
[INFO CTS-0018]     Created 2 clock buffers.
[INFO CTS-0012]     Minimum number of buffers in the clock path: 2.
[INFO CTS-0013]     Maximum number of buffers in the clock path: 2.
[INFO CTS-0015]     Created 2 clock nets.
[INFO CTS-0016]     Fanout distribution for the current clock = 1:1..
[INFO CTS-0017]     Max level of the clock tree: 1.
[INFO CTS-0018]     Created 3 clock buffers.
[INFO CTS-0012]     Minimum number of buffers in the clock path: 2.
[INFO CTS-0013]     Maximum number of buffers in the clock path: 2.
[INFO CTS-0015]     Created 3 clock nets.
[INFO CTS-0016]     Fanout distribution for the current clock = 1:1, 2:1..
[INFO CTS-0017]     Max level of the clock tree: 1.
[INFO CTS-0018]     Created 2 clock buffers.
[INFO CTS-0012]     Minimum number of buffers in the clock path: 2.
[INFO CTS-0013]     Maximum number of buffers in the clock path: 2.
[INFO CTS-0015]     Created 2 clock nets.
[INFO CTS-0016]     Fanout distribution for the current clock = 1:1..
[INFO CTS-0017]     Max level of the clock tree: 1.
[INFO CTS-0018]     Created 3 clock buffers.
[INFO CTS-0012]     Minimum number of buffers in the clock path: 2.
[INFO CTS-0013]     Maximum number of buffers in the clock path: 2.
[INFO CTS-0015]     Created 3 clock nets.
[INFO CTS-0016]     Fanout distribution for the current clock = 1:1, 2:1..
[INFO CTS-0017]     Max level of the clock tree: 1.
[INFO CTS-0018]     Created 2 clock buffers.
[INFO CTS-0012]     Minimum number of buffers in the clock path: 2.
[INFO CTS-0013]     Maximum number of buffers in the clock path: 2.
[INFO CTS-0015]     Created 2 clock nets.
[INFO CTS-0016]     Fanout distribution for the current clock = 1:1..
[INFO CTS-0017]     Max level of the clock tree: 1.
[INFO CTS-0018]     Created 3 clock buffers.
[INFO CTS-0012]     Minimum number of buffers in the clock path: 2.
[INFO CTS-0013]     Maximum number of buffers in the clock path: 2.
[INFO CTS-0015]     Created 3 clock nets.
[INFO CTS-0016]     Fanout distribution for the current clock = 1:1, 2:1..
[INFO CTS-0017]     Max level of the clock tree: 1.
[INFO CTS-0018]     Created 2 clock buffers.
[INFO CTS-0012]     Minimum number of buffers in the clock path: 2.
[INFO CTS-0013]     Maximum number of buffers in the clock path: 2.
[INFO CTS-0015]     Created 2 clock nets.
[INFO CTS-0016]     Fanout distribution for the current clock = 1:1..
[INFO CTS-0017]     Max level of the clock tree: 1.
[INFO CTS-0018]     Created 3 clock buffers.
[INFO CTS-0012]     Minimum number of buffers in the clock path: 2.
[INFO CTS-0013]     Maximum number of buffers in the clock path: 2.
[INFO CTS-0015]     Created 3 clock nets.
[INFO CTS-0016]     Fanout distribution for the current clock = 1:1, 2:1..
[INFO CTS-0017]     Max level of the clock tree: 1.
[INFO CTS-0018]     Created 47 clock buffers.
[INFO CTS-0012]     Minimum number of buffers in the clock path: 3.
[INFO CTS-0013]     Maximum number of buffers in the clock path: 3.
[INFO CTS-0015]     Created 47 clock nets.
[INFO CTS-0016]     Fanout distribution for the current clock = 7:2, 8:4, 9:7, 10:10, 11:16, 12:5, 14:2..
[INFO CTS-0017]     Max level of the clock tree: 2.
[INFO CTS-0018]     Created 208 clock buffers.
[INFO CTS-0012]     Minimum number of buffers in the clock path: 4.
[INFO CTS-0013]     Maximum number of buffers in the clock path: 4.
[INFO CTS-0015]     Created 208 clock nets.
[INFO CTS-0016]     Fanout distribution for the current clock = 2:2, 3:3, 4:3, 5:3, 6:1, 7:5, 8:6, 9:4, 10:12, 11:32, 12:65, 13:44, 14:18, 15:3, 16:1, 22:1..
[INFO CTS-0017]     Max level of the clock tree: 4.
[INFO CTS-0018]     Created 75 clock buffers.
[INFO CTS-0012]     Minimum number of buffers in the clock path: 3.
[INFO CTS-0013]     Maximum number of buffers in the clock path: 3.
[INFO CTS-0015]     Created 75 clock nets.
[INFO CTS-0016]     Fanout distribution for the current clock = 4:1, 5:2, 6:4, 7:1, 8:3, 9:11, 10:12, 11:13, 12:17, 13:6, 14:4..
[INFO CTS-0017]     Max level of the clock tree: 3.
[INFO CTS-0018]     Created 105 clock buffers.
[INFO CTS-0012]     Minimum number of buffers in the clock path: 3.
[INFO CTS-0013]     Maximum number of buffers in the clock path: 3.
[INFO CTS-0015]     Created 105 clock nets.
[INFO CTS-0016]     Fanout distribution for the current clock = 3:1, 4:1, 6:2, 7:1, 8:5, 9:12, 10:11, 11:20, 12:21, 13:15, 14:12, 15:2, 17:1..
[INFO CTS-0017]     Max level of the clock tree: 3.
[INFO CTS-0018]     Created 52 clock buffers.
[INFO CTS-0012]     Minimum number of buffers in the clock path: 3.
[INFO CTS-0013]     Maximum number of buffers in the clock path: 3.
[INFO CTS-0015]     Created 52 clock nets.
[INFO CTS-0016]     Fanout distribution for the current clock = 4:1, 6:2, 7:2, 8:1, 9:1, 10:4, 11:7, 12:12, 13:7, 14:6, 15:7, 16:1..
[INFO CTS-0017]     Max level of the clock tree: 2.
[INFO CTS-0018]     Created 73 clock buffers.
[INFO CTS-0012]     Minimum number of buffers in the clock path: 3.
[INFO CTS-0013]     Maximum number of buffers in the clock path: 3.
[INFO CTS-0015]     Created 73 clock nets.
[INFO CTS-0016]     Fanout distribution for the current clock = 2:1, 3:1, 5:1, 6:3, 7:2, 8:6, 9:3, 10:4, 11:8, 12:13, 13:12, 14:13, 15:5..
[INFO CTS-0017]     Max level of the clock tree: 3.
[INFO CTS-0098] Clock net "clk1"
[INFO CTS-0099]  Sinks 2
[INFO CTS-0100]  Leaf buffers 0
[INFO CTS-0101]  Average sink wire length 2395.41 um
[INFO CTS-0102]  Path depth 2 - 2
[INFO CTS-0207]  Dummy loads inserted 0
[INFO CTS-0098] Clock net "clk1_regs"
[INFO CTS-0099]  Sinks 31150
[INFO CTS-0100]  Leaf buffers 2720
[INFO CTS-0101]  Average sink wire length 1618.28 um
[INFO CTS-0102]  Path depth 6 - 7
[INFO CTS-0207]  Dummy loads inserted 2649
[INFO CTS-0124] Clock net "clk_s1_gate"
[INFO CTS-0125]  Sinks 1
[INFO CTS-0098] Clock net "clk_s1_gate_regs"
[INFO CTS-0099]  Sinks 4
[INFO CTS-0100]  Leaf buffers 0
[INFO CTS-0101]  Average sink wire length 25.73 um
[INFO CTS-0102]  Path depth 2 - 2
[INFO CTS-0207]  Dummy loads inserted 1
[INFO CTS-0124] Clock net "clk_s2_gate"
[INFO CTS-0125]  Sinks 1
[INFO CTS-0098] Clock net "clk_s2_gate_regs"
[INFO CTS-0099]  Sinks 4
[INFO CTS-0100]  Leaf buffers 0
[INFO CTS-0101]  Average sink wire length 29.97 um
[INFO CTS-0102]  Path depth 2 - 2
[INFO CTS-0207]  Dummy loads inserted 1
[INFO CTS-0124] Clock net "clk_s5_gate"
[INFO CTS-0125]  Sinks 1
[INFO CTS-0098] Clock net "clk_s5_gate_regs"
[INFO CTS-0099]  Sinks 4
[INFO CTS-0100]  Leaf buffers 0
[INFO CTS-0101]  Average sink wire length 31.96 um
[INFO CTS-0102]  Path depth 2 - 2
[INFO CTS-0207]  Dummy loads inserted 1
[INFO CTS-0124] Clock net "clk_s4_gate"
[INFO CTS-0125]  Sinks 1
[INFO CTS-0098] Clock net "clk_s4_gate_regs"
[INFO CTS-0099]  Sinks 4
[INFO CTS-0100]  Leaf buffers 0
[INFO CTS-0101]  Average sink wire length 35.98 um
[INFO CTS-0102]  Path depth 2 - 2
[INFO CTS-0207]  Dummy loads inserted 1
[INFO CTS-0098] Clock net "clk_s3"
[INFO CTS-0099]  Sinks 467
[INFO CTS-0100]  Leaf buffers 42
[INFO CTS-0101]  Average sink wire length 207.12 um
[INFO CTS-0102]  Path depth 2 - 3
[INFO CTS-0207]  Dummy loads inserted 36
[INFO CTS-0098] Clock net "clk_s8"
[INFO CTS-0099]  Sinks 2305
[INFO CTS-0100]  Leaf buffers 187
[INFO CTS-0101]  Average sink wire length 525.79 um
[INFO CTS-0102]  Path depth 3 - 4
[INFO CTS-0207]  Dummy loads inserted 168
[INFO CTS-0098] Clock net "clk_s1"
[INFO CTS-0099]  Sinks 764
[INFO CTS-0100]  Leaf buffers 66
[INFO CTS-0101]  Average sink wire length 201.40 um
[INFO CTS-0102]  Path depth 2 - 3
[INFO CTS-0207]  Dummy loads inserted 61
[INFO CTS-0098] Clock net "clk_s2"
[INFO CTS-0099]  Sinks 1155
[INFO CTS-0100]  Leaf buffers 96
[INFO CTS-0101]  Average sink wire length 296.71 um
[INFO CTS-0102]  Path depth 2 - 3
[INFO CTS-0207]  Dummy loads inserted 85
[INFO CTS-0098] Clock net "clk_s5"
[INFO CTS-0099]  Sinks 599
[INFO CTS-0100]  Leaf buffers 47
[INFO CTS-0101]  Average sink wire length 436.26 um
[INFO CTS-0102]  Path depth 2 - 3
[INFO CTS-0207]  Dummy loads inserted 42
[INFO CTS-0098] Clock net "clk_s4"
[INFO CTS-0099]  Sinks 812
[INFO CTS-0100]  Leaf buffers 64
[INFO CTS-0101]  Average sink wire length 254.99 um
[INFO CTS-0102]  Path depth 2 - 3
[INFO CTS-0207]  Dummy loads inserted 62
[INFO RSZ-0047] Found 1 long wires.
[INFO RSZ-0048] Inserted 1 buffers in 1 nets.
[INFO CTS-0033] Balancing latency for clock clk_s4_gate
[WARNING CTS-0179] No paths found for pin uart_0/fifo_uart_r/mem\[2\]\[18\]$_DFFE_PP_/CLK.
[WARNING CTS-0179] No paths found for pin uart_0/fifo_uart_r/mem\[6\]\[18\]$_DFFE_PP_/CLK.
[WARNING CTS-0179] No paths found for pin uart_0/fifo_uart_r/mem\[7\]\[3\]$_DFFE_PP_/CLK.
[WARNING CTS-0179] No paths found for pin uart_0/fifo_uart_r/mem\[5\]\[18\]$_DFFE_PP_/CLK.
[WARNING CTS-0179] No paths found for pin uart_0/fifo_uart_r/mem\[0\]\[3\]$_DFFE_PP_/CLK.
[WARNING CTS-0179] No paths found for pin uart_0/fifo_uart_r/mem\[0\]\[16\]$_DFFE_PP_/CLK.
[WARNING CTS-0179] No paths found for pin uart_0/fifo_uart_r/mem\[1\]\[18\]$_DFFE_PP_/CLK.
[WARNING CTS-0179] No paths found for pin uart_0/fifo_uart_r/mem\[10\]\[18\]$_DFFE_PP_/CLK.
[WARNING CTS-0179] No paths found for pin uart_0/fifo_uart_r/mem\[12\]\[18\]$_DFFE_PP_/CLK.
[WARNING CTS-0179] No paths found for pin uart_0/fifo_uart_r/mem\[14\]\[18\]$_DFFE_PP_/CLK.
[WARNING CTS-0179] No paths found for pin uart_0/fifo_uart_r/mem\[6\]\[21\]$_DFFE_PP_/CLK.
[WARNING CTS-0179] No paths found for pin uart_0/fifo_uart_r/mem\[8\]\[18\]$_DFFE_PP_/CLK.
[WARNING CTS-0179] No paths found for pin uart_0/fifo_uart_r/mem\[1\]\[8\]$_DFFE_PP_/CLK.
[WARNING CTS-0179] No paths found for pin uart_0/fifo_uart_r/mem\[7\]\[21\]$_DFFE_PP_/CLK.
[WARNING CTS-0179] No paths found for pin uart_0/fifo_uart_r/mem\[13\]\[8\]$_DFFE_PP_/CLK.
[WARNING CTS-0179] No paths found for pin uart_0/fifo_uart_r/mem\[0\]\[8\]$_DFFE_PP_/CLK.
[WARNING CTS-0179] No paths found for pin uart_0/fifo_uart_r/mem\[4\]\[8\]$_DFFE_PP_/CLK.
[WARNING CTS-0179] No paths found for pin uart_0/fifo_uart_r/mem\[5\]\[8\]$_DFFE_PP_/CLK.
[WARNING CTS-0179] No paths found for pin uart_0/fifo_uart_r/mem\[10\]\[5\]$_DFFE_PP_/CLK.
[WARNING CTS-0179] No paths found for pin uart_0/fifo_uart_r/mem\[12\]\[5\]$_DFFE_PP_/CLK.
[WARNING CTS-0179] No paths found for pin uart_0/fifo_uart_r/mem\[0\]\[18\]$_DFFE_PP_/CLK.
[WARNING CTS-0179] No paths found for pin uart_0/fifo_uart_r/mem\[13\]\[6\]$_DFFE_PP_/CLK.
[WARNING CTS-0179] No paths found for pin uart_0/fifo_uart_r/mem\[9\]\[6\]$_DFFE_PP_/CLK.
[WARNING CTS-0179] No paths found for pin uart_0/fifo_uart_r/mem\[11\]\[6\]$_DFFE_PP_/CLK.
[WARNING CTS-0179] No paths found for pin uart_0/fifo_uart_r/mem\[15\]\[6\]$_DFFE_PP_/CLK.
[WARNING CTS-0179] No paths found for pin uart_0/fifo_uart_r/mem\[4\]\[18\]$_DFFE_PP_/CLK.
[WARNING CTS-0179] No paths found for pin uart_0/fifo_uart_r/mem\[1\]\[16\]$_DFFE_PP_/CLK.
[WARNING CTS-0179] No paths found for pin uart_0/fifo_uart_r/mem\[13\]\[7\]$_DFFE_PP_/CLK.
[WARNING CTS-0179] No paths found for pin uart_0/fifo_uart_r/mem\[11\]\[17\]$_DFFE_PP_/CLK.
[WARNING CTS-0179] No paths found for pin uart_0/fifo_uart_r/mem\[8\]\[7\]$_DFFE_PP_/CLK.
[WARNING CTS-0179] No paths found for pin uart_0/fifo_uart_r/mem\[9\]\[17\]$_DFFE_PP_/CLK.
[WARNING CTS-0179] No paths found for pin uart_0/fifo_uart_r/mem\[15\]\[10\]$_DFFE_PP_/CLK.
[WARNING CTS-0179] No paths found for pin uart_0/fifo_uart_r/mem\[8\]\[5\]$_DFFE_PP_/CLK.
[WARNING CTS-0179] No paths found for pin uart_0/fifo_uart_r/mem\[11\]\[10\]$_DFFE_PP_/CLK.
[WARNING CTS-0179] No paths found for pin uart_0/fifo_uart_r/mem\[5\]\[10\]$_DFFE_PP_/CLK.
[WARNING CTS-0179] No paths found for pin uart_0/fifo_uart_r/mem\[7\]\[10\]$_DFFE_PP_/CLK.
[WARNING CTS-0179] No paths found for pin uart_0/fifo_uart_r/mem\[6\]\[10\]$_DFFE_PP_/CLK.
[WARNING CTS-0179] No paths found for pin uart_0/fifo_uart_r/mem\[12\]\[10\]$_DFFE_PP_/CLK.
[WARNING CTS-0179] No paths found for pin uart_0/fifo_uart_r/mem\[15\]\[5\]$_DFFE_PP_/CLK.
[WARNING CTS-0179] No paths found for pin uart_0/fifo_uart_r/mem\[13\]\[5\]$_DFFE_PP_/CLK.
[WARNING CTS-0179] No paths found for pin uart_0/fifo_uart_r/mem\[12\]\[23\]$_DFFE_PP_/CLK.
[WARNING CTS-0179] No paths found for pin uart_0/fifo_uart_r/mem\[4\]\[1\]$_DFFE_PP_/CLK.
[WARNING CTS-0179] No paths found for pin uart_0/fifo_uart_r/mem\[5\]\[1\]$_DFFE_PP_/CLK.
[WARNING CTS-0179] No paths found for pin uart_0/fifo_uart_r/mem\[2\]\[1\]$_DFFE_PP_/CLK.
[WARNING CTS-0179] No paths found for pin uart_0/fifo_uart_r/mem\[1\]\[1\]$_DFFE_PP_/CLK.
[WARNING CTS-0179] No paths found for pin uart_0/fifo_uart_r/mem\[3\]\[1\]$_DFFE_PP_/CLK.
[WARNING CTS-0179] No paths found for pin uart_0/fifo_uart_r/mem\[7\]\[1\]$_DFFE_PP_/CLK.
[WARNING CTS-0179] No paths found for pin uart_0/fifo_uart_r/mem\[6\]\[1\]$_DFFE_PP_/CLK.
[WARNING CTS-0179] No paths found for pin uart_0/fifo_uart_r/mem\[2\]\[0\]$_DFFE_PP_/CLK.
[WARNING CTS-0179] No paths found for pin uart_0/fifo_uart_r/mem\[3\]\[0\]$_DFFE_PP_/CLK.
[WARNING CTS-0179] No paths found for pin uart_0/fifo_uart_r/mem\[7\]\[0\]$_DFFE_PP_/CLK.
[WARNING CTS-0179] No paths found for pin uart_0/fifo_uart_r/mem\[6\]\[0\]$_DFFE_PP_/CLK.
[WARNING CTS-0179] No paths found for pin uart_0/fifo_uart_r/mem\[11\]\[25\]$_DFFE_PP_/CLK.
[WARNING CTS-0179] No paths found for pin uart_0/fifo_uart_r/mem\[9\]\[25\]$_DFFE_PP_/CLK.
[WARNING CTS-0179] No paths found for pin uart_0/fifo_uart_r/mem\[15\]\[25\]$_DFFE_PP_/CLK.
[WARNING CTS-0179] No paths found for pin uart_0/fifo_uart_r/mem\[9\]\[9\]$_DFFE_PP_/CLK.
[WARNING CTS-0179] No paths found for pin uart_0/fifo_uart_r/mem\[13\]\[9\]$_DFFE_PP_/CLK.
[WARNING CTS-0179] No paths found for pin uart_0/fifo_uart_r/mem\[15\]\[9\]$_DFFE_PP_/CLK.
[WARNING CTS-0179] No paths found for pin uart_0/fifo_uart_r/mem\[11\]\[9\]$_DFFE_PP_/CLK.
[WARNING CTS-0179] No paths found for pin uart_0/fifo_uart_r/mem\[15\]\[21\]$_DFFE_PP_/CLK.
[WARNING CTS-0179] No paths found for pin uart_0/fifo_uart_r/mem\[15\]\[0\]$_DFFE_PP_/CLK.
[WARNING CTS-0179] No paths found for pin uart_0/fifo_uart_r/mem\[13\]\[25\]$_DFFE_PP_/CLK.
[WARNING CTS-0179] No paths found for pin uart_0/fifo_uart_r/mem\[12\]\[0\]$_DFFE_PP_/CLK.
[WARNING CTS-0179] No paths found for pin uart_0/fifo_uart_r/mem\[11\]\[0\]$_DFFE_PP_/CLK.
[WARNING CTS-0179] No paths found for pin uart_0/fifo_uart_r/mem\[13\]\[0\]$_DFFE_PP_/CLK.
[WARNING CTS-0179] No paths found for pin uart_0/fifo_uart_r/mem\[11\]\[21\]$_DFFE_PP_/CLK.
[WARNING CTS-0179] No paths found for pin uart_0/fifo_uart_r/mem\[9\]\[21\]$_DFFE_PP_/CLK.
[WARNING CTS-0179] No paths found for pin uart_0/fifo_uart_r/mem\[10\]\[21\]$_DFFE_PP_/CLK.
[WARNING CTS-0179] No paths found for pin uart_0/fifo_uart_r/mem\[9\]\[0\]$_DFFE_PP_/CLK.
[WARNING CTS-0179] No paths found for pin uart_0/fifo_uart_r/mem\[6\]\[25\]$_DFFE_PP_/CLK.
[WARNING CTS-0179] No paths found for pin uart_0/fifo_uart_r/mem\[3\]\[25\]$_DFFE_PP_/CLK.
[WARNING CTS-0179] No paths found for pin uart_0/fifo_uart_r/mem\[10\]\[0\]$_DFFE_PP_/CLK.
[WARNING CTS-0179] No paths found for pin uart_0/fifo_uart_r/mem\[14\]\[0\]$_DFFE_PP_/CLK.
[WARNING CTS-0179] No paths found for pin uart_0/fifo_uart_r/mem\[8\]\[0\]$_DFFE_PP_/CLK.
[WARNING CTS-0179] No paths found for pin uart_0/fifo_uart_r/mem\[14\]\[1\]$_DFFE_PP_/CLK.
[WARNING CTS-0179] No paths found for pin uart_0/fifo_uart_r/mem\[5\]\[0\]$_DFFE_PP_/CLK.
[WARNING CTS-0179] No paths found for pin uart_0/fifo_uart_r/mem\[1\]\[0\]$_DFFE_PP_/CLK.
[WARNING CTS-0179] No paths found for pin uart_0/fifo_uart_r/mem\[4\]\[0\]$_DFFE_PP_/CLK.
[WARNING CTS-0179] No paths found for pin uart_0/fifo_uart_r/mem\[8\]\[1\]$_DFFE_PP_/CLK.
[WARNING CTS-0179] No paths found for pin uart_0/fifo_uart_r/mem\[10\]\[1\]$_DFFE_PP_/CLK.
[WARNING CTS-0179] No paths found for pin uart_0/fifo_uart_r/mem\[12\]\[1\]$_DFFE_PP_/CLK.
[WARNING CTS-0179] No paths found for pin uart_0/fifo_uart_r/mem\[9\]\[4\]$_DFFE_PP_/CLK.
[WARNING CTS-0179] No paths found for pin uart_0/fifo_uart_r/mem\[11\]\[4\]$_DFFE_PP_/CLK.
[WARNING CTS-0179] No paths found for pin uart_0/fifo_uart_r/mem\[1\]\[25\]$_DFFE_PP_/CLK.
[WARNING CTS-0179] No paths found for pin uart_0/fifo_uart_r/mem\[2\]\[25\]$_DFFE_PP_/CLK.
[WARNING CTS-0179] No paths found for pin uart_0/fifo_uart_r/mem\[4\]\[25\]$_DFFE_PP_/CLK.
[WARNING CTS-0179] No paths found for pin uart_0/fifo_uart_r/mem\[12\]\[21\]$_DFFE_PP_/CLK.
[WARNING CTS-0179] No paths found for pin uart_0/fifo_uart_r/mem\[14\]\[21\]$_DFFE_PP_/CLK.
[WARNING CTS-0179] No paths found for pin uart_0/fifo_uart_r/mem\[8\]\[21\]$_DFFE_PP_/CLK.
[WARNING CTS-0179] No paths found for pin uart_0/fifo_uart_r/mem\[1\]\[9\]$_DFFE_PP_/CLK.
[WARNING CTS-0179] No paths found for pin uart_0/fifo_uart_r/mem\[5\]\[9\]$_DFFE_PP_/CLK.
[WARNING CTS-0179] No paths found for pin uart_0/fifo_uart_r/mem\[0\]\[9\]$_DFFE_PP_/CLK.
[WARNING CTS-0179] No paths found for pin uart_0/fifo_uart_r/mem\[5\]\[25\]$_DFFE_PP_/CLK.
[WARNING CTS-0179] No paths found for pin uart_0/fifo_uart_r/mem\[0\]\[25\]$_DFFE_PP_/CLK.
[WARNING CTS-0179] No paths found for pin uart_0/fifo_uart_r/mem\[7\]\[25\]$_DFFE_PP_/CLK.
[WARNING CTS-0179] No paths found for pin uart_0/fifo_uart_r/mem\[14\]\[8\]$_DFFE_PP_/CLK.
[WARNING CTS-0179] No paths found for pin uart_0/fifo_uart_r/mem\[4\]\[9\]$_DFFE_PP_/CLK.
[WARNING CTS-0179] No paths found for pin uart_0/fifo_uart_r/mem\[9\]\[8\]$_DFFE_PP_/CLK.
[WARNING CTS-0179] No paths found for pin uart_0/fifo_uart_r/mem\[11\]\[8\]$_DFFE_PP_/CLK.
[WARNING CTS-0179] No paths found for pin uart_0/fifo_uart_r/mem\[15\]\[8\]$_DFFE_PP_/CLK.
[WARNING CTS-0179] No paths found for pin uart_0/fifo_uart_r/mem\[2\]\[21\]$_DFFE_PP_/CLK.
[WARNING CTS-0179] No paths found for pin uart_0/fifo_uart_r/mem\[3\]\[21\]$_DFFE_PP_/CLK.
[WARNING CTS-0179] No paths found for pin uart_0/fifo_uart_r/mem\[4\]\[21\]$_DFFE_PP_/CLK.
[WARNING CTS-0179] No paths found for pin uart_0/fifo_uart_r/mem\[5\]\[21\]$_DFFE_PP_/CLK.
[WARNING CTS-0179] No paths found for pin uart_0/fifo_uart_r/mem\[0\]\[21\]$_DFFE_PP_/CLK.
[WARNING CTS-0179] No paths found for pin uart_0/fifo_uart_r/mem\[1\]\[21\]$_DFFE_PP_/CLK.
[WARNING CTS-0179] No paths found for pin uart_0/fifo_uart_r/mem\[14\]\[11\]$_DFFE_PP_/CLK.
[WARNING CTS-0179] No paths found for pin uart_0/fifo_uart_r/mem\[10\]\[11\]$_DFFE_PP_/CLK.
[WARNING CTS-0179] No paths found for pin uart_0/fifo_uart_r/mem\[12\]\[11\]$_DFFE_PP_/CLK.
[WARNING CTS-0179] No paths found for pin uart_0/fifo_uart_r/mem\[8\]\[9\]$_DFFE_PP_/CLK.
[WARNING CTS-0179] No paths found for pin uart_0/fifo_uart_r/mem\[12\]\[9\]$_DFFE_PP_/CLK.
[WARNING CTS-0179] No paths found for pin uart_0/fifo_uart_r/mem\[8\]\[11\]$_DFFE_PP_/CLK.
[WARNING CTS-0179] No paths found for pin uart_0/fifo_uart_r/mem\[10\]\[9\]$_DFFE_PP_/CLK.
[WARNING CTS-0179] No paths found for pin uart_0/fifo_uart_r/mem\[14\]\[9\]$_DFFE_PP_/CLK.
[WARNING CTS-0179] No paths found for pin uart_0/fifo_uart_r/mem\[14\]\[25\]$_DFFE_PP_/CLK.
[WARNING CTS-0179] No paths found for pin uart_0/fifo_uart_r/mem\[8\]\[25\]$_DFFE_PP_/CLK.
[WARNING CTS-0179] No paths found for pin uart_0/fifo_uart_r/mem\[12\]\[25\]$_DFFE_PP_/CLK.
[WARNING CTS-0179] No paths found for pin uart_0/fifo_uart_r/mem\[10\]\[25\]$_DFFE_PP_/CLK.
[WARNING CTS-0179] No paths found for pin uart_0/fifo_uart_r/mem\[1\]\[3\]$_DFFE_PP_/CLK.
[WARNING CTS-0179] No paths found for pin uart_0/fifo_uart_r/mem\[2\]\[13\]$_DFFE_PP_/CLK.
[WARNING CTS-0179] No paths found for pin uart_0/fifo_uart_r/mem\[1\]\[20\]$_DFFE_PP_/CLK.
[WARNING CTS-0179] No paths found for pin uart_0/fifo_uart_r/mem\[3\]\[13\]$_DFFE_PP_/CLK.
[WARNING CTS-0179] No paths found for pin uart_0/fifo_uart_r/mem\[0\]\[20\]$_DFFE_PP_/CLK.
[WARNING CTS-0179] No paths found for pin uart_0/fifo_uart_r/mem\[15\]\[13\]$_DFFE_PP_/CLK.
[WARNING CTS-0179] No paths found for pin uart_0/fifo_uart_r/mem\[13\]\[13\]$_DFFE_PP_/CLK.
[WARNING CTS-0179] No paths found for pin uart_0/fifo_uart_r/mem\[11\]\[13\]$_DFFE_PP_/CLK.
[WARNING CTS-0179] No paths found for pin uart_0/fifo_uart_r/mem\[9\]\[13\]$_DFFE_PP_/CLK.
[WARNING CTS-0179] No paths found for pin uart_0/fifo_uart_r/mem\[3\]\[3\]$_DFFE_PP_/CLK.
[WARNING CTS-0179] No paths found for pin uart_0/fifo_uart_r/mem\[2\]\[3\]$_DFFE_PP_/CLK.
[WARNING CTS-0179] No paths found for pin uart_0/fifo_uart_r/mem\[6\]\[3\]$_DFFE_PP_/CLK.
[WARNING CTS-0179] No paths found for pin uart_0/fifo_uart_r/mem\[3\]\[18\]$_DFFE_PP_/CLK.
[WARNING CTS-0179] No paths found for pin uart_0/fifo_uart_r/mem\[7\]\[18\]$_DFFE_PP_/CLK.
[WARNING CTS-0179] No paths found for pin uart_0/fifo_uart_r/mem\[13\]\[18\]$_DFFE_PP_/CLK.
[WARNING CTS-0179] No paths found for pin uart_0/fifo_uart_r/mem\[0\]\[11\]$_DFFE_PP_/CLK.
[WARNING CTS-0179] No paths found for pin uart_0/fifo_uart_r/mem\[2\]\[9\]$_DFFE_PP_/CLK.
[WARNING CTS-0179] No paths found for pin uart_0/fifo_uart_r/mem\[4\]\[11\]$_DFFE_PP_/CLK.
[WARNING CTS-0179] No paths found for pin uart_0/fifo_uart_r/mem\[5\]\[11\]$_DFFE_PP_/CLK.
[WARNING CTS-0179] No paths found for pin uart_0/fifo_uart_r/mem\[6\]\[12\]$_DFFE_PP_/CLK.
[WARNING CTS-0179] No paths found for pin uart_0/fifo_uart_r/mem\[7\]\[12\]$_DFFE_PP_/CLK.
[WARNING CTS-0179] No paths found for pin uart_0/fifo_uart_r/mem\[15\]\[18\]$_DFFE_PP_/CLK.
[WARNING CTS-0179] No paths found for pin uart_0/fifo_uart_r/mem\[11\]\[18\]$_DFFE_PP_/CLK.
[WARNING CTS-0179] No paths found for pin uart_0/fifo_uart_r/mem\[5\]\[12\]$_DFFE_PP_/CLK.
[WARNING CTS-0179] No paths found for pin uart_0/fifo_uart_r/mem\[9\]\[18\]$_DFFE_PP_/CLK.
[WARNING CTS-0179] No paths found for pin uart_0/fifo_uart_r/mem\[1\]\[12\]$_DFFE_PP_/CLK.
[WARNING CTS-0179] No paths found for pin uart_0/fifo_uart_r/mem\[4\]\[12\]$_DFFE_PP_/CLK.
[WARNING CTS-0179] No paths found for pin uart_0/fifo_uart_r/mem\[9\]\[16\]$_DFFE_PP_/CLK.
[WARNING CTS-0179] No paths found for pin uart_0/fifo_uart_r/mem\[0\]\[12\]$_DFFE_PP_/CLK.
[WARNING CTS-0179] No paths found for pin uart_0/fifo_uart_r/mem\[11\]\[12\]$_DFFE_PP_/CLK.
[WARNING CTS-0179] No paths found for pin uart_0/fifo_uart_r/mem\[13\]\[12\]$_DFFE_PP_/CLK.
[WARNING CTS-0179] No paths found for pin uart_0/fifo_uart_r/mem\[14\]\[12\]$_DFFE_PP_/CLK.
[WARNING CTS-0179] No paths found for pin uart_0/fifo_uart_r/mem\[2\]\[12\]$_DFFE_PP_/CLK.
[WARNING CTS-0179] No paths found for pin uart_0/fifo_uart_r/mem\[6\]\[11\]$_DFFE_PP_/CLK.
[WARNING CTS-0179] No paths found for pin uart_0/fifo_uart_r/mem\[9\]\[12\]$_DFFE_PP_/CLK.
[WARNING CTS-0179] No paths found for pin uart_0/fifo_uart_r/mem\[3\]\[12\]$_DFFE_PP_/CLK.
[WARNING CTS-0179] No paths found for pin uart_0/fifo_uart_r/mem\[3\]\[11\]$_DFFE_PP_/CLK.
[WARNING CTS-0179] No paths found for pin uart_0/fifo_uart_r/mem\[1\]\[11\]$_DFFE_PP_/CLK.
[WARNING CTS-0179] No paths found for pin uart_0/fifo_uart_r/mem\[3\]\[9\]$_DFFE_PP_/CLK.
[WARNING CTS-0179] No paths found for pin uart_0/fifo_uart_r/mem\[7\]\[9\]$_DFFE_PP_/CLK.
[WARNING CTS-0179] No paths found for pin uart_0/fifo_uart_r/mem\[6\]\[9\]$_DFFE_PP_/CLK.
[WARNING CTS-0179] No paths found for pin uart_0/fifo_uart_r/mem\[13\]\[21\]$_DFFE_PP_/CLK.
[WARNING CTS-0179] No paths found for pin uart_0/fifo_uart_r/mem\[2\]\[11\]$_DFFE_PP_/CLK.
[WARNING CTS-0179] No paths found for pin uart_0/fifo_uart_r/mem\[7\]\[11\]$_DFFE_PP_/CLK.
[WARNING CTS-0179] No paths found for pin uart_0/fifo_uart_r/mem\[13\]\[11\]$_DFFE_PP_/CLK.
[WARNING CTS-0179] No paths found for pin uart_0/fifo_uart_r/mem\[11\]\[11\]$_DFFE_PP_/CLK.
[WARNING CTS-0179] No paths found for pin uart_0/fifo_uart_r/mem\[15\]\[11\]$_DFFE_PP_/CLK.
[WARNING CTS-0179] No paths found for pin uart_0/fifo_uart_r/mem\[9\]\[11\]$_DFFE_PP_/CLK.
[WARNING CTS-0179] No paths found for pin uart_0/fifo_uart_r/mem\[8\]\[12\]$_DFFE_PP_/CLK.
[WARNING CTS-0179] No paths found for pin uart_0/fifo_uart_r/mem\[12\]\[16\]$_DFFE_PP_/CLK.
[WARNING CTS-0179] No paths found for pin uart_0/fifo_uart_r/mem\[14\]\[16\]$_DFFE_PP_/CLK.
[WARNING CTS-0179] No paths found for pin uart_0/fifo_uart_r/mem\[12\]\[12\]$_DFFE_PP_/CLK.
[WARNING CTS-0179] No paths found for pin uart_0/fifo_uart_r/mem\[10\]\[12\]$_DFFE_PP_/CLK.
[WARNING CTS-0179] No paths found for pin uart_0/fifo_uart_r/mem\[15\]\[12\]$_DFFE_PP_/CLK.
[WARNING CTS-0179] No paths found for pin uart_0/fifo_uart_r/mem\[8\]\[16\]$_DFFE_PP_/CLK.
[WARNING CTS-0179] No paths found for pin uart_0/fifo_uart_r/mem\[15\]\[16\]$_DFFE_PP_/CLK.
[WARNING CTS-0179] No paths found for pin uart_0/fifo_uart_r/mem\[10\]\[16\]$_DFFE_PP_/CLK.
[WARNING CTS-0179] No paths found for pin uart_0/fifo_uart_r/mem\[11\]\[16\]$_DFFE_PP_/CLK.
[WARNING CTS-0179] No paths found for pin uart_0/fifo_uart_r/mem\[13\]\[16\]$_DFFE_PP_/CLK.
[WARNING CTS-0179] No paths found for pin uart_0/fifo_uart_r/mem\[14\]\[3\]$_DFFE_PP_/CLK.
[WARNING CTS-0179] No paths found for pin uart_0/fifo_uart_r/mem\[10\]\[3\]$_DFFE_PP_/CLK.
[WARNING CTS-0179] No paths found for pin uart_0/fifo_uart_r/mem\[11\]\[3\]$_DFFE_PP_/CLK.
[WARNING CTS-0179] No paths found for pin uart_0/fifo_uart_r/mem\[12\]\[3\]$_DFFE_PP_/CLK.
[WARNING CTS-0179] No paths found for pin uart_0/fifo_uart_r/mem\[13\]\[3\]$_DFFE_PP_/CLK.
[WARNING CTS-0179] No paths found for pin uart_0/fifo_uart_r/mem\[15\]\[3\]$_DFFE_PP_/CLK.
[WARNING CTS-0179] No paths found for pin uart_0/fifo_uart_r/mem\[9\]\[3\]$_DFFE_PP_/CLK.
[WARNING CTS-0179] No paths found for pin uart_0/fifo_uart_r/mem\[8\]\[3\]$_DFFE_PP_/CLK.
[WARNING CTS-0179] No paths found for pin uart_0/fifo_uart_w/counter_2\[3\]$_SDFFE_PP0P_/CLK.
[WARNING CTS-0179] No paths found for pin uart_0/fifo_uart_w/synchronizers_2_clk_2\[3\]$_SDFF_PP0_/CLK.
[WARNING CTS-0179] No paths found for pin uart_0/fifo_uart_w/counter_2\[2\]$_SDFFE_PP0P_/CLK.
[WARNING CTS-0179] No paths found for pin uart_0/fifo_uart_w/counter_2\[0\]$_SDFFE_PP0P_/CLK.
[WARNING CTS-0179] No paths found for pin uart_0/fifo_uart_w/synchronizers_2_clk_2\[2\]$_SDFF_PP0_/CLK.
[WARNING CTS-0179] No paths found for pin uart_0/fifo_uart_w/counter_2\[1\]$_SDFFE_PP0P_/CLK.
[WARNING CTS-0179] No paths found for pin uart_0/fifo_uart_w/counter_2\[4\]$_SDFFE_PP0P_/CLK.
[WARNING CTS-0179] No paths found for pin uart_0/fifo_uart_w/synchronizers_2_clk_2\[4\]$_SDFF_PP0_/CLK.
[WARNING CTS-0179] No paths found for pin uart_0/fifo_uart_w/synchronizers_2_clk_2\[0\]$_SDFF_PP0_/CLK.
[WARNING CTS-0179] No paths found for pin uart_0/fifo_uart_w/synchronizers_1_clk_2\[2\]$_SDFF_PP0_/CLK.
[WARNING CTS-0179] No paths found for pin uart_0/fifo_uart_w/synchronizers_1_clk_2\[0\]$_SDFF_PP0_/CLK.
[WARNING CTS-0179] No paths found for pin uart_0/fifo_uart_w/synchronizers_1_clk_2\[4\]$_SDFF_PP0_/CLK.
[WARNING CTS-0179] No paths found for pin uart_0/fifo_uart_w/synchronizers_1_clk_2\[1\]$_SDFF_PP0_/CLK.
[WARNING CTS-0179] No paths found for pin uart_0/fifo_uart_w/synchronizers_2_clk_2\[1\]$_SDFF_PP0_/CLK.
[WARNING CTS-0179] No paths found for pin uart_0/fifo_uart_w/synchronizers_1_clk_2\[3\]$_SDFF_PP0_/CLK.
[WARNING CTS-0179] No paths found for pin uart_0/fifo_uart_r/mem\[3\]\[28\]$_DFFE_PP_/CLK.
[WARNING CTS-0179] No paths found for pin uart_0/fifo_uart_r/mem\[7\]\[28\]$_DFFE_PP_/CLK.
[WARNING CTS-0179] No paths found for pin uart_0/fifo_uart_r/mem\[11\]\[28\]$_DFFE_PP_/CLK.
[WARNING CTS-0179] No paths found for pin uart_0/fifo_uart_r/mem\[14\]\[28\]$_DFFE_PP_/CLK.
[WARNING CTS-0179] No paths found for pin uart_0/fifo_uart_r/mem\[10\]\[28\]$_DFFE_PP_/CLK.
[WARNING CTS-0179] No paths found for pin uart_0/fifo_uart_r/mem\[12\]\[28\]$_DFFE_PP_/CLK.
[WARNING CTS-0179] No paths found for pin uart_0/fifo_uart_r/mem\[11\]\[27\]$_DFFE_PP_/CLK.
[WARNING CTS-0179] No paths found for pin uart_0/fifo_uart_r/mem\[9\]\[27\]$_DFFE_PP_/CLK.
[WARNING CTS-0179] No paths found for pin uart_0/fifo_uart_r/mem\[11\]\[22\]$_DFFE_PP_/CLK.
[WARNING CTS-0179] No paths found for pin uart_0/fifo_uart_r/mem\[15\]\[22\]$_DFFE_PP_/CLK.
[WARNING CTS-0179] No paths found for pin uart_0/fifo_uart_r/mem\[9\]\[24\]$_DFFE_PP_/CLK.
[WARNING CTS-0179] No paths found for pin uart_0/fifo_uart_r/mem\[15\]\[24\]$_DFFE_PP_/CLK.
[WARNING CTS-0179] No paths found for pin uart_0/fifo_uart_r/mem\[11\]\[24\]$_DFFE_PP_/CLK.
[WARNING CTS-0179] No paths found for pin uart_0/fifo_uart_r/mem\[13\]\[24\]$_DFFE_PP_/CLK.
[WARNING CTS-0179] No paths found for pin uart_0/fifo_uart_r/mem\[0\]\[28\]$_DFFE_PP_/CLK.
[WARNING CTS-0179] No paths found for pin uart_0/fifo_uart_r/mem\[4\]\[28\]$_DFFE_PP_/CLK.
[WARNING CTS-0179] No paths found for pin uart_0/fifo_uart_r/mem\[9\]\[28\]$_DFFE_PP_/CLK.
[WARNING CTS-0179] No paths found for pin uart_0/fifo_uart_r/mem\[15\]\[28\]$_DFFE_PP_/CLK.
[WARNING CTS-0179] No paths found for pin uart_0/fifo_uart_r/mem\[5\]\[28\]$_DFFE_PP_/CLK.
[WARNING CTS-0179] No paths found for pin uart_0/fifo_uart_r/mem\[13\]\[28\]$_DFFE_PP_/CLK.
[WARNING CTS-0179] No paths found for pin uart_0/fifo_uart_r/mem\[2\]\[10\]$_DFFE_PP_/CLK.
[WARNING CTS-0179] No paths found for pin uart_0/fifo_uart_r/mem\[6\]\[31\]$_DFFE_PP_/CLK.
[WARNING CTS-0179] No paths found for pin uart_0/fifo_uart_r/mem\[2\]\[31\]$_DFFE_PP_/CLK.
[WARNING CTS-0179] No paths found for pin uart_0/fifo_uart_r/mem\[3\]\[31\]$_DFFE_PP_/CLK.
[WARNING CTS-0179] No paths found for pin uart_0/fifo_uart_r/mem\[1\]\[28\]$_DFFE_PP_/CLK.
[WARNING CTS-0179] No paths found for pin uart_0/fifo_uart_r/mem\[7\]\[31\]$_DFFE_PP_/CLK.
[WARNING CTS-0179] No paths found for pin uart_0/fifo_uart_r/mem\[13\]\[22\]$_DFFE_PP_/CLK.
[WARNING CTS-0179] No paths found for pin uart_0/fifo_uart_r/mem\[9\]\[22\]$_DFFE_PP_/CLK.
[WARNING CTS-0179] No paths found for pin uart_0/fifo_uart_r/mem\[12\]\[22\]$_DFFE_PP_/CLK.
[WARNING CTS-0179] No paths found for pin uart_0/fifo_uart_r/mem\[12\]\[24\]$_DFFE_PP_/CLK.
[WARNING CTS-0179] No paths found for pin uart_0/fifo_uart_r/mem\[10\]\[22\]$_DFFE_PP_/CLK.
[WARNING CTS-0179] No paths found for pin uart_0/fifo_uart_r/mem\[10\]\[24\]$_DFFE_PP_/CLK.
[WARNING CTS-0179] No paths found for pin uart_0/fifo_uart_r/mem\[3\]\[22\]$_DFFE_PP_/CLK.
[WARNING CTS-0179] No paths found for pin uart_0/fifo_uart_r/mem\[2\]\[24\]$_DFFE_PP_/CLK.
[WARNING CTS-0179] No paths found for pin uart_0/fifo_uart_r/mem\[3\]\[24\]$_DFFE_PP_/CLK.
[WARNING CTS-0179] No paths found for pin uart_0/fifo_uart_r/mem\[4\]\[24\]$_DFFE_PP_/CLK.
[WARNING CTS-0179] No paths found for pin uart_0/fifo_uart_r/mem\[6\]\[24\]$_DFFE_PP_/CLK.
[WARNING CTS-0179] No paths found for pin uart_0/fifo_uart_r/mem\[7\]\[24\]$_DFFE_PP_/CLK.
[WARNING CTS-0179] No paths found for pin uart_0/fifo_uart_r/mem\[0\]\[22\]$_DFFE_PP_/CLK.
[WARNING CTS-0179] No paths found for pin uart_0/fifo_uart_r/mem\[2\]\[22\]$_DFFE_PP_/CLK.
[WARNING CTS-0179] No paths found for pin uart_0/fifo_uart_r/mem\[1\]\[22\]$_DFFE_PP_/CLK.
[WARNING CTS-0179] No paths found for pin uart_0/fifo_uart_r/mem\[7\]\[22\]$_DFFE_PP_/CLK.
[WARNING CTS-0179] No paths found for pin uart_0/fifo_uart_r/mem\[6\]\[22\]$_DFFE_PP_/CLK.
[WARNING CTS-0179] No paths found for pin uart_0/fifo_uart_r/mem\[8\]\[24\]$_DFFE_PP_/CLK.
[WARNING CTS-0179] No paths found for pin uart_0/fifo_uart_r/mem\[8\]\[22\]$_DFFE_PP_/CLK.
[WARNING CTS-0179] No paths found for pin uart_0/fifo_uart_r/mem\[14\]\[24\]$_DFFE_PP_/CLK.
[WARNING CTS-0179] No paths found for pin uart_0/fifo_uart_r/mem\[8\]\[27\]$_DFFE_PP_/CLK.
[WARNING CTS-0179] No paths found for pin uart_0/fifo_uart_r/mem\[5\]\[22\]$_DFFE_PP_/CLK.
[WARNING CTS-0179] No paths found for pin uart_0/fifo_uart_r/mem\[2\]\[27\]$_DFFE_PP_/CLK.
[WARNING CTS-0179] No paths found for pin uart_0/fifo_uart_r/mem\[4\]\[22\]$_DFFE_PP_/CLK.
[WARNING CTS-0179] No paths found for pin uart_0/fifo_uart_r/mem\[5\]\[27\]$_DFFE_PP_/CLK.
[WARNING CTS-0179] No paths found for pin uart_0/fifo_uart_r/mem\[4\]\[27\]$_DFFE_PP_/CLK.
[WARNING CTS-0179] No paths found for pin uart_0/fifo_uart_r/mem\[1\]\[27\]$_DFFE_PP_/CLK.
[WARNING CTS-0179] No paths found for pin uart_0/fifo_uart_r/mem\[6\]\[30\]$_DFFE_PP_/CLK.
[WARNING CTS-0179] No paths found for pin uart_0/fifo_uart_r/mem\[5\]\[24\]$_DFFE_PP_/CLK.
[WARNING CTS-0179] No paths found for pin uart_0/fifo_uart_r/mem\[0\]\[24\]$_DFFE_PP_/CLK.
[WARNING CTS-0179] No paths found for pin uart_0/fifo_uart_r/mem\[1\]\[24\]$_DFFE_PP_/CLK.
[WARNING CTS-0179] No paths found for pin uart_0/fifo_uart_r/mem\[7\]\[30\]$_DFFE_PP_/CLK.
[WARNING CTS-0179] No paths found for pin uart_0/fifo_uart_r/mem\[1\]\[26\]$_DFFE_PP_/CLK.
[WARNING CTS-0179] No paths found for pin uart_0/fifo_uart_r/mem\[2\]\[26\]$_DFFE_PP_/CLK.
[WARNING CTS-0179] No paths found for pin uart_0/fifo_uart_r/mem\[4\]\[26\]$_DFFE_PP_/CLK.
[WARNING CTS-0179] No paths found for pin uart_0/fifo_uart_r/mem\[3\]\[30\]$_DFFE_PP_/CLK.
[WARNING CTS-0179] No paths found for pin uart_0/fifo_uart_r/mem\[2\]\[30\]$_DFFE_PP_/CLK.
[WARNING CTS-0179] No paths found for pin uart_0/fifo_uart_r/mem\[0\]\[30\]$_DFFE_PP_/CLK.
[WARNING CTS-0179] No paths found for pin uart_0/fifo_uart_r/mem\[1\]\[30\]$_DFFE_PP_/CLK.
[WARNING CTS-0179] No paths found for pin uart_0/fifo_uart_r/mem\[4\]\[30\]$_DFFE_PP_/CLK.
[WARNING CTS-0179] No paths found for pin uart_0/fifo_uart_r/mem\[5\]\[30\]$_DFFE_PP_/CLK.
[WARNING CTS-0179] No paths found for pin uart_0/fifo_uart_r/mem\[0\]\[26\]$_DFFE_PP_/CLK.
[WARNING CTS-0179] No paths found for pin uart_0/fifo_uart_r/mem\[6\]\[29\]$_DFFE_PP_/CLK.
[WARNING CTS-0179] No paths found for pin uart_0/fifo_uart_r/mem\[3\]\[26\]$_DFFE_PP_/CLK.
[WARNING CTS-0179] No paths found for pin uart_0/fifo_uart_r/mem\[7\]\[26\]$_DFFE_PP_/CLK.
[WARNING CTS-0179] No paths found for pin uart_0/fifo_uart_r/mem\[5\]\[26\]$_DFFE_PP_/CLK.
[WARNING CTS-0179] No paths found for pin uart_0/fifo_uart_r/mem\[6\]\[26\]$_DFFE_PP_/CLK.
[WARNING CTS-0179] No paths found for pin uart_0/fifo_uart_r/mem\[0\]\[27\]$_DFFE_PP_/CLK.
[WARNING CTS-0179] No paths found for pin uart_0/fifo_uart_r/mem\[4\]\[29\]$_DFFE_PP_/CLK.
[WARNING CTS-0179] No paths found for pin uart_0/fifo_uart_r/mem\[0\]\[29\]$_DFFE_PP_/CLK.
[WARNING CTS-0179] No paths found for pin uart_0/fifo_uart_r/mem\[10\]\[29\]$_DFFE_PP_/CLK.
[WARNING CTS-0179] No paths found for pin uart_0/fifo_uart_r/mem\[8\]\[26\]$_DFFE_PP_/CLK.
[WARNING CTS-0179] No paths found for pin uart_0/fifo_uart_r/mem\[14\]\[29\]$_DFFE_PP_/CLK.
[WARNING CTS-0179] No paths found for pin uart_0/fifo_uart_r/mem\[10\]\[30\]$_DFFE_PP_/CLK.
[WARNING CTS-0179] No paths found for pin uart_0/fifo_uart_r/mem\[12\]\[29\]$_DFFE_PP_/CLK.
[WARNING CTS-0179] No paths found for pin uart_0/fifo_uart_r/mem\[8\]\[29\]$_DFFE_PP_/CLK.
[WARNING CTS-0179] No paths found for pin uart_0/fifo_uart_r/mem\[7\]\[27\]$_DFFE_PP_/CLK.
[WARNING CTS-0179] No paths found for pin uart_0/fifo_uart_r/mem\[3\]\[27\]$_DFFE_PP_/CLK.
[WARNING CTS-0179] No paths found for pin uart_0/fifo_uart_r/mem\[6\]\[27\]$_DFFE_PP_/CLK.
[WARNING CTS-0179] No paths found for pin uart_0/fifo_uart_r/mem\[10\]\[27\]$_DFFE_PP_/CLK.
[WARNING CTS-0179] No paths found for pin uart_0/fifo_uart_r/mem\[14\]\[27\]$_DFFE_PP_/CLK.
[WARNING CTS-0179] No paths found for pin uart_0/fifo_uart_r/mem\[12\]\[27\]$_DFFE_PP_/CLK.
[WARNING CTS-0179] No paths found for pin uart_0/fifo_uart_r/mem\[14\]\[22\]$_DFFE_PP_/CLK.
[WARNING CTS-0179] No paths found for pin uart_0/fifo_uart_r/mem\[12\]\[30\]$_DFFE_PP_/CLK.
[WARNING CTS-0179] No paths found for pin uart_0/fifo_uart_r/mem\[8\]\[30\]$_DFFE_PP_/CLK.
[WARNING CTS-0179] No paths found for pin uart_0/fifo_uart_r/mem\[8\]\[28\]$_DFFE_PP_/CLK.
[WARNING CTS-0179] No paths found for pin uart_0/fifo_uart_r/mem\[15\]\[27\]$_DFFE_PP_/CLK.
[WARNING CTS-0179] No paths found for pin uart_0/fifo_uart_r/mem\[13\]\[27\]$_DFFE_PP_/CLK.
[WARNING CTS-0179] No paths found for pin uart_0/fifo_uart_r/mem\[11\]\[30\]$_DFFE_PP_/CLK.
[WARNING CTS-0179] No paths found for pin uart_0/fifo_uart_r/mem\[14\]\[30\]$_DFFE_PP_/CLK.
[WARNING CTS-0179] No paths found for pin uart_0/fifo_uart_r/mem\[9\]\[29\]$_DFFE_PP_/CLK.
[WARNING CTS-0179] No paths found for pin uart_0/fifo_uart_r/mem\[13\]\[29\]$_DFFE_PP_/CLK.
[WARNING CTS-0179] No paths found for pin uart_0/fifo_uart_r/mem\[11\]\[29\]$_DFFE_PP_/CLK.
[WARNING CTS-0179] No paths found for pin uart_0/fifo_uart_r/mem\[15\]\[29\]$_DFFE_PP_/CLK.
[WARNING CTS-0179] No paths found for pin uart_0/fifo_uart_r/mem\[15\]\[30\]$_DFFE_PP_/CLK.
[WARNING CTS-0179] No paths found for pin uart_0/fifo_uart_r/mem\[9\]\[2\]$_DFFE_PP_/CLK.
[WARNING CTS-0179] No paths found for pin uart_0/fifo_uart_r/mem\[9\]\[30\]$_DFFE_PP_/CLK.
[WARNING CTS-0179] No paths found for pin uart_0/fifo_uart_r/mem\[13\]\[30\]$_DFFE_PP_/CLK.
[WARNING CTS-0179] No paths found for pin uart_0/fifo_uart_r/mem\[10\]\[31\]$_DFFE_PP_/CLK.
[WARNING CTS-0179] No paths found for pin uart_0/fifo_uart_r/mem\[8\]\[31\]$_DFFE_PP_/CLK.
[WARNING CTS-0179] No paths found for pin uart_0/fifo_uart_r/mem\[8\]\[8\]$_DFFE_PP_/CLK.
[WARNING CTS-0179] No paths found for pin uart_0/fifo_uart_r/mem\[3\]\[8\]$_DFFE_PP_/CLK.
[WARNING CTS-0179] No paths found for pin uart_0/fifo_uart_r/mem\[12\]\[8\]$_DFFE_PP_/CLK.
[WARNING CTS-0179] No paths found for pin uart_0/fifo_uart_r/mem\[10\]\[8\]$_DFFE_PP_/CLK.
[WARNING CTS-0179] No paths found for pin uart_0/fifo_uart_r/mem\[12\]\[31\]$_DFFE_PP_/CLK.
[WARNING CTS-0179] No paths found for pin uart_0/fifo_uart_r/mem\[14\]\[31\]$_DFFE_PP_/CLK.
[WARNING CTS-0179] No paths found for pin uart_0/fifo_uart_r/mem\[13\]\[4\]$_DFFE_PP_/CLK.
[WARNING CTS-0179] No paths found for pin uart_0/fifo_uart_r/mem\[15\]\[4\]$_DFFE_PP_/CLK.
[WARNING CTS-0179] No paths found for pin uart_0/fifo_uart_r/mem\[13\]\[2\]$_DFFE_PP_/CLK.
[WARNING CTS-0179] No paths found for pin uart_0/fifo_uart_r/mem\[11\]\[2\]$_DFFE_PP_/CLK.
[WARNING CTS-0179] No paths found for pin uart_0/fifo_uart_r/mem\[10\]\[2\]$_DFFE_PP_/CLK.
[WARNING CTS-0179] No paths found for pin uart_0/fifo_uart_r/mem\[15\]\[2\]$_DFFE_PP_/CLK.
[WARNING CTS-0179] No paths found for pin uart_0/fifo_uart_r/mem\[14\]\[2\]$_DFFE_PP_/CLK.
[WARNING CTS-0179] No paths found for pin uart_0/fifo_uart_r/mem\[8\]\[2\]$_DFFE_PP_/CLK.
[WARNING CTS-0179] No paths found for pin uart_0/fifo_uart_r/mem\[12\]\[2\]$_DFFE_PP_/CLK.
[WARNING CTS-0179] No paths found for pin uart_0/fifo_uart_r/mem\[13\]\[26\]$_DFFE_PP_/CLK.
[WARNING CTS-0179] No paths found for pin uart_0/fifo_uart_r/mem\[13\]\[23\]$_DFFE_PP_/CLK.
[WARNING CTS-0179] No paths found for pin uart_0/fifo_uart_r/mem\[9\]\[1\]$_DFFE_PP_/CLK.
[WARNING CTS-0179] No paths found for pin uart_0/fifo_uart_r/mem\[13\]\[1\]$_DFFE_PP_/CLK.
[WARNING CTS-0179] No paths found for pin uart_0/fifo_uart_r/mem\[11\]\[1\]$_DFFE_PP_/CLK.
[WARNING CTS-0179] No paths found for pin uart_0/fifo_uart_r/mem\[15\]\[1\]$_DFFE_PP_/CLK.
[WARNING CTS-0179] No paths found for pin uart_0/fifo_uart_r/mem\[15\]\[23\]$_DFFE_PP_/CLK.
[WARNING CTS-0179] No paths found for pin uart_0/fifo_uart_r/mem\[14\]\[4\]$_DFFE_PP_/CLK.
[WARNING CTS-0179] No paths found for pin uart_0/fifo_uart_r/mem\[12\]\[4\]$_DFFE_PP_/CLK.
[WARNING CTS-0179] No paths found for pin uart_0/fifo_uart_r/mem\[0\]\[0\]$_DFFE_PP_/CLK.
[WARNING CTS-0179] No paths found for pin uart_0/fifo_uart_r/mem\[10\]\[4\]$_DFFE_PP_/CLK.
[WARNING CTS-0179] No paths found for pin uart_0/fifo_uart_r/mem\[11\]\[23\]$_DFFE_PP_/CLK.
[WARNING CTS-0179] No paths found for pin uart_0/fifo_uart_r/mem\[10\]\[23\]$_DFFE_PP_/CLK.
[WARNING CTS-0179] No paths found for pin uart_0/fifo_uart_r/mem\[14\]\[23\]$_DFFE_PP_/CLK.
[WARNING CTS-0179] No paths found for pin uart_0/fifo_uart_r/mem\[8\]\[4\]$_DFFE_PP_/CLK.
[WARNING CTS-0179] No paths found for pin uart_0/fifo_uart_r/mem\[9\]\[23\]$_DFFE_PP_/CLK.
[WARNING CTS-0179] No paths found for pin uart_0/fifo_uart_r/mem\[8\]\[23\]$_DFFE_PP_/CLK.
[WARNING CTS-0179] No paths found for pin uart_0/fifo_uart_r/mem\[3\]\[23\]$_DFFE_PP_/CLK.
[WARNING CTS-0179] No paths found for pin uart_0/fifo_uart_r/mem\[6\]\[23\]$_DFFE_PP_/CLK.
[WARNING CTS-0179] No paths found for pin uart_0/fifo_uart_r/mem\[12\]\[26\]$_DFFE_PP_/CLK.
[WARNING CTS-0179] No paths found for pin uart_0/fifo_uart_r/mem\[11\]\[26\]$_DFFE_PP_/CLK.
[WARNING CTS-0179] No paths found for pin uart_0/fifo_uart_r/mem\[10\]\[26\]$_DFFE_PP_/CLK.
[WARNING CTS-0179] No paths found for pin uart_0/fifo_uart_r/mem\[14\]\[26\]$_DFFE_PP_/CLK.
[WARNING CTS-0179] No paths found for pin uart_0/fifo_uart_r/mem\[15\]\[26\]$_DFFE_PP_/CLK.
[WARNING CTS-0179] No paths found for pin uart_0/fifo_uart_r/mem\[9\]\[26\]$_DFFE_PP_/CLK.
[WARNING CTS-0179] No paths found for pin uart_0/fifo_uart_r/mem\[1\]\[29\]$_DFFE_PP_/CLK.
[WARNING CTS-0179] No paths found for pin uart_0/fifo_uart_r/mem\[5\]\[29\]$_DFFE_PP_/CLK.
[WARNING CTS-0179] No paths found for pin uart_0/fifo_uart_r/mem\[7\]\[23\]$_DFFE_PP_/CLK.
[WARNING CTS-0179] No paths found for pin uart_0/fifo_uart_r/mem\[2\]\[23\]$_DFFE_PP_/CLK.
[WARNING CTS-0179] No paths found for pin uart_0/fifo_uart_r/mem\[7\]\[4\]$_DFFE_PP_/CLK.
[WARNING CTS-0179] No paths found for pin uart_0/fifo_uart_r/mem\[2\]\[29\]$_DFFE_PP_/CLK.
[WARNING CTS-0179] No paths found for pin uart_0/fifo_uart_r/mem\[7\]\[29\]$_DFFE_PP_/CLK.
[WARNING CTS-0179] No paths found for pin uart_0/fifo_uart_r/mem\[3\]\[29\]$_DFFE_PP_/CLK.
[WARNING CTS-0179] No paths found for pin uart_0/fifo_uart_r/mem\[4\]\[2\]$_DFFE_PP_/CLK.
[WARNING CTS-0179] No paths found for pin uart_0/fifo_uart_r/mem\[1\]\[2\]$_DFFE_PP_/CLK.
[WARNING CTS-0179] No paths found for pin uart_0/fifo_uart_r/mem\[6\]\[2\]$_DFFE_PP_/CLK.
[WARNING CTS-0179] No paths found for pin uart_0/fifo_uart_r/mem\[0\]\[2\]$_DFFE_PP_/CLK.
[WARNING CTS-0179] No paths found for pin uart_0/fifo_uart_r/mem\[5\]\[2\]$_DFFE_PP_/CLK.
[WARNING CTS-0179] No paths found for pin uart_0/fifo_uart_r/mem\[3\]\[2\]$_DFFE_PP_/CLK.
[WARNING CTS-0179] No paths found for pin uart_0/fifo_uart_r/mem\[3\]\[4\]$_DFFE_PP_/CLK.
[WARNING CTS-0179] No paths found for pin uart_0/fifo_uart_r/mem\[6\]\[4\]$_DFFE_PP_/CLK.
[WARNING CTS-0179] No paths found for pin uart_0/fifo_uart_r/mem\[2\]\[4\]$_DFFE_PP_/CLK.
[WARNING CTS-0179] No paths found for pin uart_0/fifo_uart_r/mem\[0\]\[4\]$_DFFE_PP_/CLK.
[WARNING CTS-0179] No paths found for pin uart_0/fifo_uart_r/mem\[7\]\[2\]$_DFFE_PP_/CLK.
[WARNING CTS-0179] No paths found for pin uart_0/fifo_uart_r/mem\[2\]\[2\]$_DFFE_PP_/CLK.
[WARNING CTS-0179] No paths found for pin uart_0/fifo_uart_r/mem\[1\]\[4\]$_DFFE_PP_/CLK.
[WARNING CTS-0179] No paths found for pin uart_0/fifo_uart_r/mem\[5\]\[4\]$_DFFE_PP_/CLK.
[WARNING CTS-0179] No paths found for pin uart_0/fifo_uart_r/mem\[0\]\[23\]$_DFFE_PP_/CLK.
[WARNING CTS-0179] No paths found for pin uart_0/fifo_uart_r/mem\[4\]\[4\]$_DFFE_PP_/CLK.
[WARNING CTS-0179] No paths found for pin uart_0/fifo_uart_r/mem\[5\]\[23\]$_DFFE_PP_/CLK.
[WARNING CTS-0179] No paths found for pin uart_0/fifo_uart_r/mem\[4\]\[23\]$_DFFE_PP_/CLK.
[WARNING CTS-0179] No paths found for pin uart_0/fifo_uart_r/mem\[1\]\[23\]$_DFFE_PP_/CLK.
[WARNING CTS-0179] No paths found for pin uart_0/fifo_uart_r/mem\[0\]\[1\]$_DFFE_PP_/CLK.
[WARNING CTS-0179] No paths found for pin uart_0/fifo_uart_r/mem\[2\]\[20\]$_DFFE_PP_/CLK.
[WARNING CTS-0179] No paths found for pin uart_0/fifo_uart_r/mem\[6\]\[20\]$_DFFE_PP_/CLK.
[WARNING CTS-0179] No paths found for pin uart_0/fifo_uart_r/mem\[7\]\[20\]$_DFFE_PP_/CLK.
[WARNING CTS-0179] No paths found for pin uart_0/fifo_uart_r/mem\[12\]\[15\]$_DFFE_PP_/CLK.
[WARNING CTS-0179] No paths found for pin uart_0/fifo_uart_r/mem\[14\]\[19\]$_DFFE_PP_/CLK.
[WARNING CTS-0179] No paths found for pin uart_0/fifo_uart_r/mem\[5\]\[20\]$_DFFE_PP_/CLK.
[WARNING CTS-0179] No paths found for pin uart_0/fifo_uart_r/mem\[4\]\[20\]$_DFFE_PP_/CLK.
[WARNING CTS-0179] No paths found for pin uart_0/fifo_uart_r/mem\[7\]\[13\]$_DFFE_PP_/CLK.
[WARNING CTS-0179] No paths found for pin uart_0/fifo_uart_r/mem\[8\]\[19\]$_DFFE_PP_/CLK.
[WARNING CTS-0179] No paths found for pin uart_0/fifo_uart_r/mem\[5\]\[3\]$_DFFE_PP_/CLK.
[WARNING CTS-0179] No paths found for pin uart_0/fifo_uart_r/mem\[6\]\[13\]$_DFFE_PP_/CLK.
[WARNING CTS-0179] No paths found for pin uart_0/fifo_uart_r/mem\[4\]\[3\]$_DFFE_PP_/CLK.
[WARNING CTS-0179] No paths found for pin uart_0/fifo_uart_r/mem\[8\]\[17\]$_DFFE_PP_/CLK.
[WARNING CTS-0179] No paths found for pin uart_0/fifo_uart_r/mem\[15\]\[17\]$_DFFE_PP_/CLK.
[WARNING CTS-0179] No paths found for pin uart_0/fifo_uart_r/mem\[10\]\[17\]$_DFFE_PP_/CLK.
[WARNING CTS-0179] No paths found for pin uart_0/fifo_uart_r/mem\[14\]\[17\]$_DFFE_PP_/CLK.
[WARNING CTS-0179] No paths found for pin uart_0/fifo_uart_r/mem\[13\]\[17\]$_DFFE_PP_/CLK.
[WARNING CTS-0179] No paths found for pin uart_0/fifo_uart_r/mem\[9\]\[7\]$_DFFE_PP_/CLK.
[WARNING CTS-0179] No paths found for pin uart_0/fifo_uart_r/mem\[10\]\[7\]$_DFFE_PP_/CLK.
[WARNING CTS-0179] No paths found for pin uart_0/fifo_uart_r/mem\[14\]\[7\]$_DFFE_PP_/CLK.
[WARNING CTS-0179] No paths found for pin uart_0/fifo_uart_r/mem\[12\]\[7\]$_DFFE_PP_/CLK.
[WARNING CTS-0179] No paths found for pin uart_0/fifo_uart_r/mem\[12\]\[17\]$_DFFE_PP_/CLK.
[WARNING CTS-0179] No paths found for pin uart_0/fifo_uart_r/mem\[6\]\[7\]$_DFFE_PP_/CLK.
[WARNING CTS-0179] No paths found for pin uart_0/fifo_uart_r/mem\[3\]\[7\]$_DFFE_PP_/CLK.
[WARNING CTS-0179] No paths found for pin uart_0/fifo_uart_r/mem\[14\]\[6\]$_DFFE_PP_/CLK.
[WARNING CTS-0179] No paths found for pin uart_0/fifo_uart_r/mem\[10\]\[6\]$_DFFE_PP_/CLK.
[WARNING CTS-0179] No paths found for pin uart_0/fifo_uart_r/mem\[12\]\[6\]$_DFFE_PP_/CLK.
[WARNING CTS-0179] No paths found for pin uart_0/fifo_uart_r/mem\[0\]\[17\]$_DFFE_PP_/CLK.
[WARNING CTS-0179] No paths found for pin uart_0/fifo_uart_r/mem\[4\]\[17\]$_DFFE_PP_/CLK.
[WARNING CTS-0179] No paths found for pin uart_0/fifo_uart_r/mem\[8\]\[6\]$_DFFE_PP_/CLK.
[WARNING CTS-0179] No paths found for pin uart_0/fifo_uart_r/mem\[2\]\[16\]$_DFFE_PP_/CLK.
[WARNING CTS-0179] No paths found for pin uart_0/fifo_uart_r/mem\[3\]\[16\]$_DFFE_PP_/CLK.
[WARNING CTS-0179] No paths found for pin uart_0/fifo_uart_r/mem\[4\]\[16\]$_DFFE_PP_/CLK.
[WARNING CTS-0179] No paths found for pin uart_0/fifo_uart_r/mem\[5\]\[16\]$_DFFE_PP_/CLK.
[WARNING CTS-0179] No paths found for pin uart_0/fifo_uart_r/mem\[7\]\[16\]$_DFFE_PP_/CLK.
[WARNING CTS-0179] No paths found for pin uart_0/fifo_uart_r/mem\[6\]\[16\]$_DFFE_PP_/CLK.
[WARNING CTS-0179] No paths found for pin uart_0/fifo_uart_r/mem\[1\]\[17\]$_DFFE_PP_/CLK.
[WARNING CTS-0179] No paths found for pin uart_0/fifo_uart_r/mem\[7\]\[15\]$_DFFE_PP_/CLK.
[WARNING CTS-0179] No paths found for pin uart_0/fifo_uart_r/mem\[13\]\[14\]$_DFFE_PP_/CLK.
[WARNING CTS-0179] No paths found for pin uart_0/fifo_uart_r/mem\[3\]\[15\]$_DFFE_PP_/CLK.
[WARNING CTS-0179] No paths found for pin uart_0/fifo_uart_r/mem\[6\]\[15\]$_DFFE_PP_/CLK.
[WARNING CTS-0179] No paths found for pin uart_0/fifo_uart_r/mem\[2\]\[15\]$_DFFE_PP_/CLK.
[WARNING CTS-0179] No paths found for pin uart_0/fifo_uart_r/mem\[7\]\[19\]$_DFFE_PP_/CLK.
[WARNING CTS-0179] No paths found for pin uart_0/fifo_uart_r/mem\[6\]\[19\]$_DFFE_PP_/CLK.
[WARNING CTS-0179] No paths found for pin uart_0/fifo_uart_r/mem\[2\]\[19\]$_DFFE_PP_/CLK.
[WARNING CTS-0179] No paths found for pin uart_0/fifo_uart_r/mem\[5\]\[17\]$_DFFE_PP_/CLK.
[WARNING CTS-0179] No paths found for pin uart_0/fifo_uart_r/mem\[4\]\[19\]$_DFFE_PP_/CLK.
[WARNING CTS-0179] No paths found for pin uart_0/fifo_uart_r/mem\[5\]\[19\]$_DFFE_PP_/CLK.
[WARNING CTS-0179] No paths found for pin uart_0/fifo_uart_r/mem\[7\]\[7\]$_DFFE_PP_/CLK.
[WARNING CTS-0179] No paths found for pin uart_0/fifo_uart_r/mem\[2\]\[7\]$_DFFE_PP_/CLK.
[WARNING CTS-0179] No paths found for pin uart_0/fifo_uart_r/mem\[0\]\[19\]$_DFFE_PP_/CLK.
[WARNING CTS-0179] No paths found for pin uart_0/fifo_uart_r/mem\[4\]\[7\]$_DFFE_PP_/CLK.
[WARNING CTS-0179] No paths found for pin uart_0/fifo_uart_r/mem\[1\]\[19\]$_DFFE_PP_/CLK.
[WARNING CTS-0179] No paths found for pin uart_0/fifo_uart_r/mem\[3\]\[17\]$_DFFE_PP_/CLK.
[WARNING CTS-0179] No paths found for pin uart_0/fifo_uart_r/mem\[7\]\[17\]$_DFFE_PP_/CLK.
[WARNING CTS-0179] No paths found for pin uart_0/fifo_uart_r/mem\[2\]\[17\]$_DFFE_PP_/CLK.
[WARNING CTS-0179] No paths found for pin uart_0/fifo_uart_r/mem\[6\]\[17\]$_DFFE_PP_/CLK.
[WARNING CTS-0179] No paths found for pin uart_0/fifo_uart_r/mem\[0\]\[14\]$_DFFE_PP_/CLK.
[WARNING CTS-0179] No paths found for pin uart_0/fifo_uart_r/mem\[9\]\[14\]$_DFFE_PP_/CLK.
[WARNING CTS-0179] No paths found for pin uart_0/fifo_uart_r/mem\[3\]\[19\]$_DFFE_PP_/CLK.
[WARNING CTS-0179] No paths found for pin uart_0/fifo_uart_r/mem\[11\]\[14\]$_DFFE_PP_/CLK.
[WARNING CTS-0179] No paths found for pin uart_0/fifo_uart_r/mem\[15\]\[14\]$_DFFE_PP_/CLK.
[WARNING CTS-0179] No paths found for pin uart_0/fifo_uart_r/mem\[6\]\[14\]$_DFFE_PP_/CLK.
[WARNING CTS-0179] No paths found for pin uart_0/fifo_uart_r/mem\[7\]\[14\]$_DFFE_PP_/CLK.
[WARNING CTS-0179] No paths found for pin uart_0/fifo_uart_r/mem\[2\]\[14\]$_DFFE_PP_/CLK.
[WARNING CTS-0179] No paths found for pin uart_0/fifo_uart_r/mem\[3\]\[14\]$_DFFE_PP_/CLK.
[WARNING CTS-0179] No paths found for pin uart_0/fifo_uart_r/mem\[4\]\[14\]$_DFFE_PP_/CLK.
[WARNING CTS-0179] No paths found for pin uart_0/fifo_uart_r/mem\[1\]\[14\]$_DFFE_PP_/CLK.
[WARNING CTS-0179] No paths found for pin uart_0/fifo_uart_r/mem\[5\]\[14\]$_DFFE_PP_/CLK.
[WARNING CTS-0179] No paths found for pin uart_0/fifo_uart_r/mem\[5\]\[7\]$_DFFE_PP_/CLK.
[WARNING CTS-0179] No paths found for pin uart_0/fifo_uart_r/mem\[6\]\[5\]$_DFFE_PP_/CLK.
[WARNING CTS-0179] No paths found for pin uart_0/fifo_uart_r/mem\[1\]\[7\]$_DFFE_PP_/CLK.
[WARNING CTS-0179] No paths found for pin uart_0/fifo_uart_r/mem\[7\]\[5\]$_DFFE_PP_/CLK.
[WARNING CTS-0179] No paths found for pin uart_0/fifo_uart_r/mem\[6\]\[6\]$_DFFE_PP_/CLK.
[WARNING CTS-0179] No paths found for pin uart_0/fifo_uart_r/mem\[0\]\[7\]$_DFFE_PP_/CLK.
[WARNING CTS-0179] No paths found for pin uart_0/fifo_uart_r/mem\[3\]\[5\]$_DFFE_PP_/CLK.
[WARNING CTS-0179] No paths found for pin uart_0/fifo_uart_r/mem\[2\]\[6\]$_DFFE_PP_/CLK.
[WARNING CTS-0179] No paths found for pin uart_0/fifo_uart_r/mem\[7\]\[6\]$_DFFE_PP_/CLK.
[WARNING CTS-0179] No paths found for pin uart_0/fifo_uart_r/mem\[5\]\[31\]$_DFFE_PP_/CLK.
[WARNING CTS-0179] No paths found for pin uart_0/fifo_uart_r/mem\[1\]\[5\]$_DFFE_PP_/CLK.
[WARNING CTS-0179] No paths found for pin uart_0/fifo_uart_r/mem\[0\]\[5\]$_DFFE_PP_/CLK.
[WARNING CTS-0179] No paths found for pin uart_0/fifo_uart_r/mem\[4\]\[31\]$_DFFE_PP_/CLK.
[WARNING CTS-0179] No paths found for pin uart_0/fifo_uart_r/mem\[1\]\[31\]$_DFFE_PP_/CLK.
[WARNING CTS-0179] No paths found for pin uart_0/fifo_uart_r/mem\[0\]\[31\]$_DFFE_PP_/CLK.
[WARNING CTS-0179] No paths found for pin uart_0/fifo_uart_r/mem\[0\]\[10\]$_DFFE_PP_/CLK.
[WARNING CTS-0179] No paths found for pin uart_0/fifo_uart_r/mem\[3\]\[10\]$_DFFE_PP_/CLK.
[WARNING CTS-0179] No paths found for pin uart_0/fifo_uart_r/mem\[9\]\[10\]$_DFFE_PP_/CLK.
[WARNING CTS-0179] No paths found for pin uart_0/fifo_uart_r/mem\[4\]\[5\]$_DFFE_PP_/CLK.
[WARNING CTS-0179] No paths found for pin uart_0/fifo_uart_r/mem\[0\]\[6\]$_DFFE_PP_/CLK.
[WARNING CTS-0179] No paths found for pin uart_0/fifo_uart_r/mem\[4\]\[10\]$_DFFE_PP_/CLK.
[WARNING CTS-0179] No paths found for pin uart_0/fifo_uart_r/mem\[1\]\[10\]$_DFFE_PP_/CLK.
[WARNING CTS-0179] No paths found for pin uart_0/fifo_uart_r/mem\[5\]\[5\]$_DFFE_PP_/CLK.
[WARNING CTS-0179] No paths found for pin uart_0/fifo_uart_r/mem\[5\]\[6\]$_DFFE_PP_/CLK.
[WARNING CTS-0179] No paths found for pin uart_0/fifo_uart_r/mem\[4\]\[6\]$_DFFE_PP_/CLK.
[WARNING CTS-0179] No paths found for pin uart_0/fifo_uart_r/mem\[1\]\[6\]$_DFFE_PP_/CLK.
[WARNING CTS-0179] No paths found for pin uart_0/fifo_uart_r/mem\[13\]\[10\]$_DFFE_PP_/CLK.
[WARNING CTS-0179] No paths found for pin uart_0/fifo_uart_r/mem\[11\]\[7\]$_DFFE_PP_/CLK.
[WARNING CTS-0179] No paths found for pin uart_0/fifo_uart_r/mem\[15\]\[7\]$_DFFE_PP_/CLK.
[WARNING CTS-0179] No paths found for pin uart_0/fifo_uart_r/mem\[3\]\[6\]$_DFFE_PP_/CLK.
[WARNING CTS-0179] No paths found for pin uart_0/fifo_uart_r/mem\[2\]\[5\]$_DFFE_PP_/CLK.
[WARNING CTS-0179] No paths found for pin uart_0/fifo_uart_r/mem\[14\]\[5\]$_DFFE_PP_/CLK.
[WARNING CTS-0179] No paths found for pin uart_0/fifo_uart_r/mem\[11\]\[5\]$_DFFE_PP_/CLK.
[WARNING CTS-0179] No paths found for pin uart_0/fifo_uart_r/mem\[9\]\[5\]$_DFFE_PP_/CLK.
[WARNING CTS-0179] No paths found for pin uart_0/fifo_uart_r/mem\[6\]\[8\]$_DFFE_PP_/CLK.
[WARNING CTS-0179] No paths found for pin uart_0/fifo_uart_r/mem\[7\]\[8\]$_DFFE_PP_/CLK.
[WARNING CTS-0179] No paths found for pin uart_0/fifo_uart_r/mem\[2\]\[8\]$_DFFE_PP_/CLK.
[WARNING CTS-0179] No paths found for pin uart_0/fifo_uart_r/mem\[8\]\[10\]$_DFFE_PP_/CLK.
[WARNING CTS-0179] No paths found for pin uart_0/fifo_uart_r/mem\[14\]\[10\]$_DFFE_PP_/CLK.
[WARNING CTS-0179] No paths found for pin uart_0/fifo_uart_r/mem\[10\]\[10\]$_DFFE_PP_/CLK.
[WARNING CTS-0179] No paths found for pin uart_0/fifo_uart_r/mem\[13\]\[31\]$_DFFE_PP_/CLK.
[WARNING CTS-0179] No paths found for pin uart_0/fifo_uart_r/mem\[15\]\[31\]$_DFFE_PP_/CLK.
[WARNING CTS-0179] No paths found for pin uart_0/fifo_uart_r/mem\[9\]\[31\]$_DFFE_PP_/CLK.
[WARNING CTS-0179] No paths found for pin uart_0/fifo_uart_r/mem\[11\]\[31\]$_DFFE_PP_/CLK.
[WARNING CTS-0179] No paths found for pin uart_0/fifo_uart_r/mem\[2\]\[28\]$_DFFE_PP_/CLK.
[WARNING CTS-0179] No paths found for pin uart_0/fifo_uart_r/mem\[6\]\[28\]$_DFFE_PP_/CLK.
[WARNING CTS-0179] No paths found for pin uart_0/fifo_uart_r/synchronizers_1_clk_1\[0\]$_SDFF_PP0_/CLK.
[WARNING CTS-0179] No paths found for pin uart_0/fifo_uart_r/synchronizers_2_clk_1\[0\]$_SDFF_PP0_/CLK.
[WARNING CTS-0179] No paths found for pin uart_0/uart_0/uart_control_reg\[23\]$_SDFFE_PP0P_/CLK.
[WARNING CTS-0179] No paths found for pin uart_0/uart_0/uart_bcd_in_reg\[25\]$_SDFFE_PP0P_/CLK.
[WARNING CTS-0179] No paths found for pin uart_0/uart_0/uart_divider_reg\[25\]$_SDFFE_PP0P_/CLK.
[WARNING CTS-0179] No paths found for pin uart_0/uart_0/rx_valid$_SDFF_PP0_/CLK.
[WARNING CTS-0179] No paths found for pin uart_0/uart_0/uart_divider_reg\[31\]$_SDFFE_PP0P_/CLK.
[WARNING CTS-0179] No paths found for pin uart_0/uart_0/uart_control_reg\[24\]$_SDFFE_PP0P_/CLK.
[WARNING CTS-0179] No paths found for pin uart_0/uart_0/rx_overrun$_SDFF_PP0_/CLK.
[WARNING CTS-0179] No paths found for pin uart_0/uart_0/uart_divider_reg\[0\]$_SDFFE_PP0P_/CLK.
[WARNING CTS-0179] No paths found for pin uart_0/uart_0/uart_control_reg\[21\]$_SDFFE_PP0P_/CLK.
[WARNING CTS-0179] No paths found for pin uart_0/uart_0/uart_bcd_in_reg\[31\]$_SDFFE_PP0P_/CLK.
[WARNING CTS-0179] No paths found for pin uart_0/fifo_uart_r/mem\[15\]\[20\]$_DFFE_PP_/CLK.
[WARNING CTS-0179] No paths found for pin uart_0/fifo_uart_r/mem\[9\]\[20\]$_DFFE_PP_/CLK.
[WARNING CTS-0179] No paths found for pin uart_0/fifo_uart_r/mem\[1\]\[13\]$_DFFE_PP_/CLK.
[WARNING CTS-0179] No paths found for pin uart_0/fifo_uart_r/mem\[14\]\[20\]$_DFFE_PP_/CLK.
[WARNING CTS-0179] No paths found for pin uart_0/fifo_uart_r/mem\[12\]\[13\]$_DFFE_PP_/CLK.
[WARNING CTS-0179] No paths found for pin uart_0/fifo_uart_r/mem\[8\]\[13\]$_DFFE_PP_/CLK.
[WARNING CTS-0179] No paths found for pin uart_0/fifo_uart_r/mem\[10\]\[13\]$_DFFE_PP_/CLK.
[WARNING CTS-0179] No paths found for pin uart_0/fifo_uart_r/mem\[14\]\[13\]$_DFFE_PP_/CLK.
[WARNING CTS-0179] No paths found for pin uart_0/fifo_uart_r/mem\[10\]\[20\]$_DFFE_PP_/CLK.
[WARNING CTS-0179] No paths found for pin uart_0/fifo_uart_r/mem\[8\]\[20\]$_DFFE_PP_/CLK.
[WARNING CTS-0179] No paths found for pin uart_0/fifo_uart_r/mem\[0\]\[13\]$_DFFE_PP_/CLK.
[WARNING CTS-0179] No paths found for pin uart_0/fifo_uart_r/mem\[4\]\[13\]$_DFFE_PP_/CLK.
[WARNING CTS-0179] No paths found for pin uart_0/fifo_uart_r/mem\[5\]\[13\]$_DFFE_PP_/CLK.
[WARNING CTS-0179] No paths found for pin uart_0/fifo_uart_r/mem\[12\]\[20\]$_DFFE_PP_/CLK.
[WARNING CTS-0179] No paths found for pin uart_0/fifo_uart_r/mem\[11\]\[20\]$_DFFE_PP_/CLK.
[WARNING CTS-0179] No paths found for pin uart_0/fifo_uart_r/mem\[13\]\[20\]$_DFFE_PP_/CLK.
[WARNING CTS-0179] No paths found for pin uart_0/fifo_uart_r/counter_1\[1\]$_SDFFE_PP0P_/CLK.
[WARNING CTS-0179] No paths found for pin uart_0/fifo_uart_r/counter_1\[0\]$_SDFFE_PP0P_/CLK.
[WARNING CTS-0179] No paths found for pin uart_0/fifo_uart_r/mem\[3\]\[20\]$_DFFE_PP_/CLK.
[WARNING CTS-0179] No paths found for pin uart_0/uart_0/tx_shift\[6\]$_SDFFE_PP1P_/CLK.
[WARNING CTS-0179] No paths found for pin uart_0/uart_0/uart_bcd_reg\[24\]$_SDFF_PP0_/CLK.
[WARNING CTS-0179] No paths found for pin uart_0/uart_0/uart_control_reg\[0\]$_SDFFE_PP0P_/CLK.
[WARNING CTS-0179] No paths found for pin uart_0/uart_0/uart_divider_reg\[20\]$_SDFFE_PP0P_/CLK.
[WARNING CTS-0179] No paths found for pin uart_0/uart_0/uart_control_reg\[20\]$_SDFFE_PP0P_/CLK.
[WARNING CTS-0179] No paths found for pin uart_0/uart_0/uart_control_reg\[22\]$_SDFFE_PP0P_/CLK.
[WARNING CTS-0179] No paths found for pin uart_0/uart_0/uart_bcd_in_reg\[20\]$_SDFFE_PP0P_/CLK.
[WARNING CTS-0179] No paths found for pin uart_0/uart_0/uart_control_reg\[7\]$_SDFFE_PP0P_/CLK.
[WARNING CTS-0179] No paths found for pin uart_0/uart_0/uart_divider_reg\[6\]$_SDFFE_PP0P_/CLK.
[WARNING CTS-0179] No paths found for pin uart_0/uart_0/uart_divider_reg\[17\]$_SDFFE_PP0P_/CLK.
[WARNING CTS-0179] No paths found for pin uart_0/uart_0/uart_divider_reg\[2\]$_SDFFE_PP0P_/CLK.
[WARNING CTS-0179] No paths found for pin uart_0/uart_0/uart_divider_reg\[7\]$_SDFFE_PP0P_/CLK.
[WARNING CTS-0179] No paths found for pin uart_0/uart_0/uart_bcd_reg\[21\]$_SDFF_PP0_/CLK.
[WARNING CTS-0179] No paths found for pin uart_0/uart_0/uart_bcd_in_reg\[3\]$_SDFFE_PP0P_/CLK.
[WARNING CTS-0179] No paths found for pin uart_0/uart_0/uart_bcd_in_reg\[16\]$_SDFFE_PP0P_/CLK.
[WARNING CTS-0179] No paths found for pin uart_0/uart_0/uart_divider_reg\[18\]$_SDFFE_PP0P_/CLK.
[WARNING CTS-0179] No paths found for pin uart_0/uart_0/uart_bcd_in_reg\[18\]$_SDFFE_PP0P_/CLK.
[WARNING CTS-0179] No paths found for pin uart_0/uart_0/tx_shift\[5\]$_SDFFE_PP1P_/CLK.
[WARNING CTS-0179] No paths found for pin uart_0/uart_0/tx_shift\[3\]$_SDFFE_PP1P_/CLK.
[WARNING CTS-0179] No paths found for pin uart_0/uart_0/tx_cnt\[3\]$_SDFFE_PP0P_/CLK.
[WARNING CTS-0179] No paths found for pin uart_0/uart_0/uart_divider_reg\[12\]$_SDFFE_PP0P_/CLK.
[WARNING CTS-0179] No paths found for pin uart_0/uart_0/uart_bcd_in_reg\[14\]$_SDFFE_PP0P_/CLK.
[WARNING CTS-0179] No paths found for pin uart_0/uart_0/uart_bcd_reg\[23\]$_SDFF_PP0_/CLK.
[WARNING CTS-0179] No paths found for pin uart_0/uart_0/uart_divider_reg\[5\]$_SDFFE_PP0P_/CLK.
[WARNING CTS-0179] No paths found for pin uart_0/uart_0/uart_divider_reg\[3\]$_SDFFE_PP0P_/CLK.
[WARNING CTS-0179] No paths found for pin uart_0/uart_0/uart_bcd_in_reg\[13\]$_SDFFE_PP0P_/CLK.
[WARNING CTS-0179] No paths found for pin uart_0/uart_0/uart_divider_reg\[4\]$_SDFFE_PP0P_/CLK.
[WARNING CTS-0179] No paths found for pin uart_0/uart_0/uart_divider_reg\[1\]$_SDFFE_PP0P_/CLK.
[WARNING CTS-0179] No paths found for pin uart_0/uart_0/uart_bcd_in_reg\[17\]$_SDFFE_PP0P_/CLK.
[WARNING CTS-0179] No paths found for pin uart_0/uart_0/uart_control_reg\[5\]$_SDFFE_PP0P_/CLK.
[WARNING CTS-0179] No paths found for pin uart_0/uart_0/tx_cnt\[11\]$_SDFFE_PP0P_/CLK.
[WARNING CTS-0179] No paths found for pin uart_0/uart_0/tx_cnt\[14\]$_SDFFE_PP0P_/CLK.
[WARNING CTS-0179] No paths found for pin uart_0/uart_0/tx_cnt\[10\]$_SDFFE_PP0P_/CLK.
[WARNING CTS-0179] No paths found for pin uart_0/uart_0/uart_bcd_reg\[19\]$_SDFF_PP0_/CLK.
[WARNING CTS-0179] No paths found for pin uart_0/uart_0/uart_bcd_reg\[17\]$_SDFF_PP0_/CLK.
[WARNING CTS-0179] No paths found for pin uart_0/uart_0/uart_bcd_reg\[13\]$_SDFF_PP0_/CLK.
[WARNING CTS-0179] No paths found for pin uart_0/uart_0/uart_bcd_reg\[15\]$_SDFF_PP0_/CLK.
[WARNING CTS-0179] No paths found for pin uart_0/uart_0/uart_bcd_reg\[14\]$_SDFF_PP0_/CLK.
[WARNING CTS-0179] No paths found for pin uart_0/uart_0/tx_bit_cnt\[1\]$_SDFFE_PP0P_/CLK.
[WARNING CTS-0179] No paths found for pin uart_0/uart_0/uart_bcd_reg\[16\]$_SDFF_PP0_/CLK.
[WARNING CTS-0179] No paths found for pin uart_0/uart_0/uart_control_reg\[13\]$_SDFFE_PP0P_/CLK.
[WARNING CTS-0179] No paths found for pin uart_0/uart_0/uart_control_reg\[10\]$_SDFFE_PP0P_/CLK.
[WARNING CTS-0179] No paths found for pin uart_0/uart_0/uart_control_reg\[12\]$_SDFFE_PP0P_/CLK.
[WARNING CTS-0179] No paths found for pin uart_0/uart_0/uart_control_reg\[14\]$_SDFFE_PP0P_/CLK.
[WARNING CTS-0179] No paths found for pin uart_0/uart_0/uart_bcd_reg\[9\]$_SDFF_PP0_/CLK.
[WARNING CTS-0179] No paths found for pin uart_0/uart_0/uart_bcd_reg\[12\]$_SDFF_PP0_/CLK.
[WARNING CTS-0179] No paths found for pin uart_0/uart_0/uart_bcd_reg\[18\]$_SDFF_PP0_/CLK.
[WARNING CTS-0179] No paths found for pin uart_0/uart_0/tx_bit_cnt\[0\]$_SDFFE_PP0P_/CLK.
[WARNING CTS-0179] No paths found for pin uart_0/uart_0/uart_bcd_reg\[10\]$_SDFF_PP0_/CLK.
[WARNING CTS-0179] No paths found for pin uart_0/uart_0/uart_control_reg\[9\]$_SDFFE_PP0P_/CLK.
[WARNING CTS-0179] No paths found for pin uart_0/uart_0/uart_control_reg\[15\]$_SDFFE_PP0P_/CLK.
[WARNING CTS-0179] No paths found for pin uart_0/uart_0/tx_bit_cnt\[3\]$_SDFFE_PP0P_/CLK.
[WARNING CTS-0179] No paths found for pin uart_0/uart_0/tx_busy$_SDFF_PP0_/CLK.
[WARNING CTS-0179] No paths found for pin uart_0/uart_0/tx_bit_cnt\[2\]$_SDFFE_PP0P_/CLK.
[WARNING CTS-0179] No paths found for pin uart_0/uart_0/uart_bcd_reg\[11\]$_SDFF_PP0_/CLK.
[WARNING CTS-0179] No paths found for pin uart_0/uart_0/tx_cnt\[6\]$_SDFFE_PP0P_/CLK.
[WARNING CTS-0179] No paths found for pin uart_0/uart_0/uart_bcd_reg\[20\]$_SDFF_PP0_/CLK.
[WARNING CTS-0179] No paths found for pin uart_0/uart_0/uart_control_reg\[11\]$_SDFFE_PP0P_/CLK.
[WARNING CTS-0179] No paths found for pin uart_0/uart_0/tx_shift\[1\]$_SDFFE_PP1P_/CLK.
[WARNING CTS-0179] No paths found for pin uart_0/uart_0/uart_divider_reg\[9\]$_SDFFE_PP0P_/CLK.
[WARNING CTS-0179] No paths found for pin uart_0/uart_0/tx_shift\[2\]$_SDFFE_PP1P_/CLK.
[WARNING CTS-0179] No paths found for pin uart_0/uart_0/tx_shift\[4\]$_SDFFE_PP1P_/CLK.
[WARNING CTS-0179] No paths found for pin uart_0/uart_0/tx_shift\[8\]$_SDFFE_PP1P_/CLK.
[WARNING CTS-0179] No paths found for pin uart_0/uart_0/tx_shift\[7\]$_SDFFE_PP1P_/CLK.
[WARNING CTS-0179] No paths found for pin uart_0/uart_0/uart_control_reg\[18\]$_SDFFE_PP0P_/CLK.
[WARNING CTS-0179] No paths found for pin uart_0/uart_0/uart_control_reg\[17\]$_SDFFE_PP0P_/CLK.
[WARNING CTS-0179] No paths found for pin uart_0/uart_0/tx_shift\[0\]$_SDFFE_PP1P_/CLK.
[WARNING CTS-0179] No paths found for pin uart_0/uart_0/uart_control_reg\[16\]$_SDFFE_PP0P_/CLK.
[WARNING CTS-0179] No paths found for pin uart_0/uart_0/uart_divider_reg\[10\]$_SDFFE_PP0P_/CLK.
[WARNING CTS-0179] No paths found for pin uart_0/uart_0/uart_divider_reg\[11\]$_SDFFE_PP0P_/CLK.
[WARNING CTS-0179] No paths found for pin uart_0/uart_0/uart_divider_reg\[16\]$_SDFFE_PP0P_/CLK.
[WARNING CTS-0179] No paths found for pin uart_0/uart_0/uart_bcd_in_reg\[9\]$_SDFFE_PP0P_/CLK.
[WARNING CTS-0179] No paths found for pin uart_0/uart_0/tx_cnt\[1\]$_SDFFE_PP0P_/CLK.
[WARNING CTS-0179] No paths found for pin uart_0/uart_0/uart_divider_reg\[14\]$_SDFFE_PP0P_/CLK.
[WARNING CTS-0179] No paths found for pin uart_0/uart_0/tx_cnt\[0\]$_SDFFE_PP0P_/CLK.
[WARNING CTS-0179] No paths found for pin uart_0/uart_0/tx_cnt\[4\]$_SDFFE_PP0P_/CLK.
[WARNING CTS-0179] No paths found for pin uart_0/uart_0/uart_bcd_in_reg\[11\]$_SDFFE_PP0P_/CLK.
[WARNING CTS-0179] No paths found for pin uart_0/uart_0/uart_divider_reg\[13\]$_SDFFE_PP0P_/CLK.
[WARNING CTS-0179] No paths found for pin uart_0/uart_0/uart_divider_reg\[8\]$_SDFFE_PP0P_/CLK.
[WARNING CTS-0179] No paths found for pin uart_0/uart_0/tx_cnt\[5\]$_SDFFE_PP0P_/CLK.
[WARNING CTS-0179] No paths found for pin uart_0/uart_0/tx_cnt\[7\]$_SDFFE_PP0P_/CLK.
[WARNING CTS-0179] No paths found for pin uart_0/uart_0/uart_bcd_reg\[22\]$_SDFF_PP0_/CLK.
[WARNING CTS-0179] No paths found for pin uart_0/uart_0/tx_cnt\[2\]$_SDFFE_PP0P_/CLK.
[WARNING CTS-0179] No paths found for pin uart_0/uart_0/tx_cnt\[8\]$_SDFFE_PP0P_/CLK.
[WARNING CTS-0179] No paths found for pin uart_0/uart_0/tx_cnt\[15\]$_SDFFE_PP0P_/CLK.
[WARNING CTS-0179] No paths found for pin uart_0/uart_0/tx_cnt\[9\]$_SDFFE_PP0P_/CLK.
[WARNING CTS-0179] No paths found for pin uart_0/uart_0/tx_cnt\[13\]$_SDFFE_PP0P_/CLK.
[WARNING CTS-0179] No paths found for pin uart_0/uart_0/tx_cnt\[12\]$_SDFFE_PP0P_/CLK.
[WARNING CTS-0179] No paths found for pin uart_0/uart_0/rx_data_reg\[2\]$_SDFFE_PP0P_/CLK.
[WARNING CTS-0179] No paths found for pin uart_0/uart_0/rx_shift\[4\]$_SDFFE_PP0P_/CLK.
[WARNING CTS-0179] No paths found for pin uart_0/uart_0/rx_shift\[1\]$_SDFFE_PP0P_/CLK.
[WARNING CTS-0179] No paths found for pin uart_0/uart_0/rx_shift\[5\]$_SDFFE_PP0P_/CLK.
[WARNING CTS-0179] No paths found for pin uart_0/uart_0/rx_data_reg\[5\]$_SDFFE_PP0P_/CLK.
[WARNING CTS-0179] No paths found for pin uart_0/uart_0/rx_shift\[6\]$_SDFFE_PP0P_/CLK.
[WARNING CTS-0179] No paths found for pin uart_0/uart_0/rx_data_reg\[6\]$_SDFFE_PP0P_/CLK.
[WARNING CTS-0179] No paths found for pin uart_0/uart_0/rx_shift\[7\]$_SDFFE_PP0P_/CLK.
[WARNING CTS-0179] No paths found for pin uart_0/uart_0/rx_data_reg\[4\]$_SDFFE_PP0P_/CLK.
[WARNING CTS-0179] No paths found for pin uart_0/uart_0/rx_data_reg\[0\]$_SDFFE_PP0P_/CLK.
[WARNING CTS-0179] No paths found for pin uart_0/uart_0/uart_bcd_in_reg\[22\]$_SDFFE_PP0P_/CLK.
[WARNING CTS-0179] No paths found for pin uart_0/uart_0/uart_divider_reg\[28\]$_SDFFE_PP0P_/CLK.
[WARNING CTS-0179] No paths found for pin uart_0/uart_0/uart_bcd_in_reg\[28\]$_SDFFE_PP0P_/CLK.
[WARNING CTS-0179] No paths found for pin uart_0/uart_0/rx_shift\[0\]$_SDFFE_PP0P_/CLK.
[WARNING CTS-0179] No paths found for pin uart_0/uart_0/uart_bcd_in_reg\[30\]$_SDFFE_PP0P_/CLK.
[WARNING CTS-0179] No paths found for pin uart_0/uart_0/rx_data_reg\[3\]$_SDFFE_PP0P_/CLK.
[WARNING CTS-0179] No paths found for pin uart_0/uart_0/rx_shift\[3\]$_SDFFE_PP0P_/CLK.
[WARNING CTS-0179] No paths found for pin uart_0/uart_0/rx_shift\[2\]$_SDFFE_PP0P_/CLK.
[WARNING CTS-0179] No paths found for pin uart_0/fifo_uart_r/mem\[11\]\[19\]$_DFFE_PP_/CLK.
[WARNING CTS-0179] No paths found for pin uart_0/fifo_uart_r/mem\[13\]\[19\]$_DFFE_PP_/CLK.
[WARNING CTS-0179] No paths found for pin uart_0/fifo_uart_r/mem\[15\]\[19\]$_DFFE_PP_/CLK.
[WARNING CTS-0179] No paths found for pin uart_0/fifo_uart_r/mem\[9\]\[19\]$_DFFE_PP_/CLK.
[WARNING CTS-0179] No paths found for pin uart_0/fifo_uart_r/counter_1\[4\]$_SDFFE_PP0P_/CLK.
[WARNING CTS-0179] No paths found for pin uart_0/fifo_uart_r/synchronizers_2_clk_1\[4\]$_SDFF_PP0_/CLK.
[WARNING CTS-0179] No paths found for pin uart_0/uart_0/uart_divider_reg\[23\]$_SDFFE_PP0P_/CLK.
[WARNING CTS-0179] No paths found for pin uart_0/uart_0/uart_divider_reg\[22\]$_SDFFE_PP0P_/CLK.
[WARNING CTS-0179] No paths found for pin uart_0/uart_0/uart_divider_reg\[24\]$_SDFFE_PP0P_/CLK.
[WARNING CTS-0179] No paths found for pin uart_0/uart_0/uart_bcd_in_reg\[24\]$_SDFFE_PP0P_/CLK.
[WARNING CTS-0179] No paths found for pin uart_0/uart_0/uart_bcd_in_reg\[27\]$_SDFFE_PP0P_/CLK.
[WARNING CTS-0179] No paths found for pin uart_0/uart_0/uart_divider_reg\[27\]$_SDFFE_PP0P_/CLK.
[WARNING CTS-0179] No paths found for pin uart_0/uart_0/rx_data_reg\[1\]$_SDFFE_PP0P_/CLK.
[WARNING CTS-0179] No paths found for pin uart_0/uart_0/uart_divider_reg\[30\]$_SDFFE_PP0P_/CLK.
[WARNING CTS-0179] No paths found for pin uart_0/uart_0/uart_bcd_in_reg\[0\]$_SDFFE_PP0P_/CLK.
[WARNING CTS-0179] No paths found for pin uart_0/uart_0/uart_bcd_in_reg\[23\]$_SDFFE_PP0P_/CLK.
[WARNING CTS-0179] No paths found for pin uart_0/fifo_uart_r/synchronizers_1_clk_1\[4\]$_SDFF_PP0_/CLK.
[WARNING CTS-0179] No paths found for pin uart_0/fifo_uart_r/synchronizers_1_clk_1\[1\]$_SDFF_PP0_/CLK.
[WARNING CTS-0179] No paths found for pin uart_0/fifo_uart_r/mem\[15\]\[15\]$_DFFE_PP_/CLK.
[WARNING CTS-0179] No paths found for pin uart_0/fifo_uart_r/mem\[13\]\[15\]$_DFFE_PP_/CLK.
[WARNING CTS-0179] No paths found for pin uart_0/fifo_uart_r/mem\[11\]\[15\]$_DFFE_PP_/CLK.
[WARNING CTS-0179] No paths found for pin uart_0/fifo_uart_r/synchronizers_2_clk_1\[1\]$_SDFF_PP0_/CLK.
[WARNING CTS-0179] No paths found for pin uart_0/fifo_uart_r/synchronizers_1_clk_1\[3\]$_SDFF_PP0_/CLK.
[WARNING CTS-0179] No paths found for pin uart_0/fifo_uart_r/mem\[9\]\[15\]$_DFFE_PP_/CLK.
[WARNING CTS-0179] No paths found for pin uart_0/fifo_uart_r/synchronizers_2_clk_1\[3\]$_SDFF_PP0_/CLK.
[WARNING CTS-0179] No paths found for pin uart_0/fifo_uart_r/synchronizers_2_clk_1\[2\]$_SDFF_PP0_/CLK.
[WARNING CTS-0179] No paths found for pin uart_0/uart_0/uart_divider_reg\[26\]$_SDFFE_PP0P_/CLK.
[WARNING CTS-0179] No paths found for pin uart_0/uart_0/uart_divider_reg\[29\]$_SDFFE_PP0P_/CLK.
[WARNING CTS-0179] No paths found for pin uart_0/uart_0/uart_bcd_in_reg\[26\]$_SDFFE_PP0P_/CLK.
[WARNING CTS-0179] No paths found for pin uart_0/uart_0/uart_bcd_reg\[28\]$_SDFF_PP0_/CLK.
[WARNING CTS-0179] No paths found for pin uart_0/uart_0/uart_control_reg\[28\]$_SDFFE_PP0P_/CLK.
[WARNING CTS-0179] No paths found for pin uart_0/uart_0/uart_bcd_in_reg\[19\]$_SDFFE_PP0P_/CLK.
[WARNING CTS-0179] No paths found for pin uart_0/uart_0/uart_control_reg\[30\]$_SDFFE_PP0P_/CLK.
[WARNING CTS-0179] No paths found for pin uart_0/uart_0/uart_bcd_in_reg\[29\]$_SDFFE_PP0P_/CLK.
[WARNING CTS-0179] No paths found for pin uart_0/uart_0/uart_control_reg\[29\]$_SDFFE_PP0P_/CLK.
[WARNING CTS-0179] No paths found for pin uart_0/uart_0/uart_control_reg\[27\]$_SDFFE_PP0P_/CLK.
[WARNING CTS-0179] No paths found for pin uart_0/uart_0/uart_bcd_reg\[0\]$_SDFF_PP0_/CLK.
[WARNING CTS-0179] No paths found for pin uart_0/uart_0/rx_data_reg\[7\]$_SDFFE_PP0P_/CLK.
[WARNING CTS-0179] No paths found for pin uart_0/uart_0/uart_bcd_reg\[5\]$_SDFF_PP0_/CLK.
[WARNING CTS-0179] No paths found for pin uart_0/uart_0/uart_bcd_reg\[7\]$_SDFF_PP0_/CLK.
[WARNING CTS-0179] No paths found for pin uart_0/uart_0/uart_bcd_reg\[6\]$_SDFF_PP0_/CLK.
[WARNING CTS-0179] No paths found for pin uart_0/uart_0/uart_bcd_in_reg\[2\]$_SDFFE_PP0P_/CLK.
[WARNING CTS-0179] No paths found for pin uart_0/uart_0/uart_bcd_reg\[26\]$_SDFF_PP0_/CLK.
[WARNING CTS-0179] No paths found for pin uart_0/uart_0/uart_control_reg\[25\]$_SDFFE_PP0P_/CLK.
[WARNING CTS-0179] No paths found for pin uart_0/uart_0/uart_control_reg\[31\]$_SDFFE_PP0P_/CLK.
[WARNING CTS-0179] No paths found for pin uart_0/uart_0/uart_control_reg\[3\]$_SDFFE_PP0P_/CLK.
[WARNING CTS-0179] No paths found for pin uart_0/uart_0/uart_divider_reg\[19\]$_SDFFE_PP0P_/CLK.
[WARNING CTS-0179] No paths found for pin uart_0/uart_0/uart_control_reg\[26\]$_SDFFE_PP0P_/CLK.
[WARNING CTS-0179] No paths found for pin uart_0/uart_0/uart_bcd_in_reg\[21\]$_SDFFE_PP0P_/CLK.
[WARNING CTS-0179] No paths found for pin uart_0/fifo_uart_r/synchronizers_1_clk_1\[2\]$_SDFF_PP0_/CLK.
[WARNING CTS-0179] No paths found for pin uart_0/fifo_uart_r/counter_1\[3\]$_SDFFE_PP0P_/CLK.
[WARNING CTS-0179] No paths found for pin uart_0/fifo_uart_r/counter_1\[2\]$_SDFFE_PP0P_/CLK.
[WARNING CTS-0179] No paths found for pin uart_0/uart_0/uart_divider_reg\[21\]$_SDFFE_PP0P_/CLK.
[WARNING CTS-0179] No paths found for pin uart_0/fifo_uart_r/mem\[10\]\[19\]$_DFFE_PP_/CLK.
[WARNING CTS-0179] No paths found for pin uart_0/fifo_uart_r/mem\[8\]\[14\]$_DFFE_PP_/CLK.
[WARNING CTS-0179] No paths found for pin uart_0/fifo_uart_r/mem\[12\]\[19\]$_DFFE_PP_/CLK.
[WARNING CTS-0179] No paths found for pin uart_0/fifo_uart_r/mem\[8\]\[15\]$_DFFE_PP_/CLK.
[WARNING CTS-0179] No paths found for pin uart_0/fifo_uart_r/mem\[14\]\[15\]$_DFFE_PP_/CLK.
[WARNING CTS-0179] No paths found for pin uart_0/fifo_uart_r/mem\[10\]\[15\]$_DFFE_PP_/CLK.
[WARNING CTS-0179] No paths found for pin uart_0/fifo_uart_r/mem\[0\]\[15\]$_DFFE_PP_/CLK.
[WARNING CTS-0179] No paths found for pin uart_0/fifo_uart_r/mem\[4\]\[15\]$_DFFE_PP_/CLK.
[WARNING CTS-0179] No paths found for pin uart_0/fifo_uart_r/mem\[12\]\[14\]$_DFFE_PP_/CLK.
[WARNING CTS-0179] No paths found for pin uart_0/fifo_uart_r/mem\[1\]\[15\]$_DFFE_PP_/CLK.
[WARNING CTS-0179] No paths found for pin uart_0/fifo_uart_r/mem\[10\]\[14\]$_DFFE_PP_/CLK.
[WARNING CTS-0179] No paths found for pin uart_0/fifo_uart_r/mem\[14\]\[14\]$_DFFE_PP_/CLK.
[WARNING CTS-0179] No paths found for pin uart_0/fifo_uart_r/mem\[5\]\[15\]$_DFFE_PP_/CLK.
[WARNING CTS-0179] No paths found for pin uart_0/uart_0/uart_bcd_reg\[31\]$_SDFF_PP0_/CLK.
[WARNING CTS-0179] No paths found for pin uart_0/uart_0/rx_bit_cnt\[2\]$_SDFFE_PP0P_/CLK.
[WARNING CTS-0179] No paths found for pin uart_0/uart_0/uart_bcd_reg\[27\]$_SDFF_PP0_/CLK.
[WARNING CTS-0179] No paths found for pin uart_0/uart_0/uart_bcd_reg\[30\]$_SDFF_PP0_/CLK.
[WARNING CTS-0179] No paths found for pin uart_0/uart_0/uart_bcd_reg\[33\]$_SDFF_PP0_/CLK.
[WARNING CTS-0179] No paths found for pin uart_0/uart_0/uart_bcd_reg\[37\]$_SDFF_PP0_/CLK.
[WARNING CTS-0179] No paths found for pin uart_0/uart_0/uart_bcd_reg\[35\]$_SDFF_PP0_/CLK.
[WARNING CTS-0179] No paths found for pin uart_0/uart_0/uart_bcd_reg\[36\]$_SDFF_PP0_/CLK.
[WARNING CTS-0179] No paths found for pin uart_0/uart_0/uart_bcd_reg\[32\]$_SDFF_PP0_/CLK.
[WARNING CTS-0179] No paths found for pin uart_0/uart_0/uart_bcd_reg\[29\]$_SDFF_PP0_/CLK.
[WARNING CTS-0179] No paths found for pin uart_0/uart_0/uart_bcd_reg\[34\]$_SDFF_PP0_/CLK.
[WARNING CTS-0179] No paths found for pin uart_0/uart_0/uart_bcd_reg\[39\]$_SDFF_PP0_/CLK.
[WARNING CTS-0179] No paths found for pin uart_0/uart_0/uart_bcd_reg\[38\]$_SDFF_PP0_/CLK.
[WARNING CTS-0179] No paths found for pin uart_0/uart_0/rx_cnt\[14\]$_SDFFE_PP0P_/CLK.
[WARNING CTS-0179] No paths found for pin uart_0/uart_0/rx_cnt\[13\]$_SDFFE_PP0P_/CLK.
[WARNING CTS-0179] No paths found for pin uart_0/uart_0/rx_cnt\[15\]$_SDFFE_PP0P_/CLK.
[WARNING CTS-0179] No paths found for pin uart_0/uart_0/rx_cnt\[4\]$_SDFFE_PP0P_/CLK.
[WARNING CTS-0179] No paths found for pin uart_0/uart_0/rx_cnt\[6\]$_SDFFE_PP0P_/CLK.
[WARNING CTS-0179] No paths found for pin uart_0/uart_0/rx_cnt\[5\]$_SDFFE_PP0P_/CLK.
[WARNING CTS-0179] No paths found for pin uart_0/uart_0/rx_cnt\[3\]$_SDFFE_PP0P_/CLK.
[WARNING CTS-0179] No paths found for pin uart_0/uart_0/rx_cnt\[1\]$_SDFFE_PP0P_/CLK.
[WARNING CTS-0179] No paths found for pin uart_0/uart_0/rx_cnt\[0\]$_SDFFE_PP0P_/CLK.
[WARNING CTS-0179] No paths found for pin uart_0/uart_0/rx_cnt\[8\]$_SDFFE_PP0P_/CLK.
[WARNING CTS-0179] No paths found for pin uart_0/uart_0/rx_cnt\[7\]$_SDFFE_PP0P_/CLK.
[WARNING CTS-0179] No paths found for pin uart_0/uart_0/uart_bcd_reg\[1\]$_SDFF_PP0_/CLK.
[WARNING CTS-0179] No paths found for pin uart_0/uart_0/uart_bcd_reg\[4\]$_SDFF_PP0_/CLK.
[WARNING CTS-0179] No paths found for pin uart_0/uart_0/uart_bcd_reg\[3\]$_SDFF_PP0_/CLK.
[WARNING CTS-0179] No paths found for pin uart_0/uart_0/uart_bcd_reg\[2\]$_SDFF_PP0_/CLK.
[WARNING CTS-0179] No paths found for pin uart_0/uart_0/rx_cnt\[9\]$_SDFFE_PP0P_/CLK.
[WARNING CTS-0179] No paths found for pin uart_0/uart_0/rx_cnt\[10\]$_SDFFE_PP0P_/CLK.
[WARNING CTS-0179] No paths found for pin uart_0/uart_0/rx_cnt\[2\]$_SDFFE_PP0P_/CLK.
[WARNING CTS-0179] No paths found for pin uart_0/uart_0/rx_cnt\[11\]$_SDFFE_PP0P_/CLK.
[WARNING CTS-0179] No paths found for pin uart_0/uart_0/rx_cnt\[12\]$_SDFFE_PP0P_/CLK.
[WARNING CTS-0179] No paths found for pin uart_0/uart_0/uart_bcd_reg\[25\]$_SDFF_PP0_/CLK.
[WARNING CTS-0179] No paths found for pin uart_0/uart_0/uart_bcd_reg\[8\]$_SDFF_PP0_/CLK.
[WARNING CTS-0179] No paths found for pin uart_0/uart_0/uart_bcd_in_reg\[1\]$_SDFFE_PP0P_/CLK.
[WARNING CTS-0179] No paths found for pin uart_0/uart_0/rx_sync\[1\]$_SDFF_PP1_/CLK.
[WARNING CTS-0179] No paths found for pin uart_0/uart_0/rx_sync\[0\]$_SDFF_PP1_/CLK.
[WARNING CTS-0179] No paths found for pin uart_0/uart_0/uart_control_reg\[6\]$_SDFFE_PP0P_/CLK.
[WARNING CTS-0179] No paths found for pin uart_0/uart_0/uart_bcd_in_reg\[6\]$_SDFFE_PP0P_/CLK.
[WARNING CTS-0179] No paths found for pin uart_0/uart_0/uart_control_reg\[4\]$_SDFFE_PP0P_/CLK.
[WARNING CTS-0179] No paths found for pin uart_0/uart_0/uart_control_reg\[1\]$_SDFFE_PP0P_/CLK.
[WARNING CTS-0179] No paths found for pin uart_0/uart_0/uart_bcd_in_reg\[10\]$_SDFFE_PP0P_/CLK.
[WARNING CTS-0179] No paths found for pin uart_0/uart_0/uart_bcd_in_reg\[7\]$_SDFFE_PP0P_/CLK.
[WARNING CTS-0179] No paths found for pin uart_0/uart_0/uart_control_reg\[2\]$_SDFFE_PP0P_/CLK.
[WARNING CTS-0179] No paths found for pin uart_0/uart_0/uart_control_reg\[19\]$_SDFFE_PP0P_/CLK.
[WARNING CTS-0179] No paths found for pin uart_0/uart_0/uart_bcd_in_reg\[5\]$_SDFFE_PP0P_/CLK.
[WARNING CTS-0179] No paths found for pin uart_0/uart_0/uart_bcd_in_reg\[4\]$_SDFFE_PP0P_/CLK.
[WARNING CTS-0179] No paths found for pin uart_0/uart_0/uart_control_reg\[8\]$_SDFFE_PP0P_/CLK.
[WARNING CTS-0179] No paths found for pin uart_0/uart_0/uart_divider_reg\[15\]$_SDFFE_PP0P_/CLK.
[WARNING CTS-0179] No paths found for pin uart_0/uart_0/uart_bcd_in_reg\[12\]$_SDFFE_PP0P_/CLK.
[WARNING CTS-0179] No paths found for pin uart_0/uart_0/uart_bcd_in_reg\[8\]$_SDFFE_PP0P_/CLK.
[WARNING CTS-0179] No paths found for pin uart_0/uart_0/rx_busy$_SDFF_PP0_/CLK.
[WARNING CTS-0179] No paths found for pin uart_0/uart_0/frame_err$_SDFF_PP0_/CLK.
[WARNING CTS-0179] No paths found for pin uart_0/uart_0/uart_bcd_in_reg\[15\]$_SDFFE_PP0P_/CLK.
[WARNING CTS-0179] No paths found for pin uart_0/uart_0/rx_bit_cnt\[3\]$_SDFFE_PP0P_/CLK.
[WARNING CTS-0179] No paths found for pin uart_0/uart_0/rx_bit_cnt\[1\]$_SDFFE_PP0P_/CLK.
[WARNING CTS-0179] No paths found for pin uart_0/uart_0/rx_bit_cnt\[0\]$_SDFFE_PP0P_/CLK.
[INFO CTS-0036]  inserted 0 delay buffers
[INFO CTS-0033] Balancing latency for clock clk_s5_gate
[WARNING CTS-0179] No paths found for pin dot_0/fifo_timer_r/mem\[13\]\[3\]$_DFFE_PP_/CLK.
[WARNING CTS-0179] No paths found for pin dot_0/fifo_timer_r/mem\[9\]\[3\]$_DFFE_PP_/CLK.
[WARNING CTS-0179] No paths found for pin dot_0/fifo_timer_r/mem\[11\]\[3\]$_DFFE_PP_/CLK.
[WARNING CTS-0179] No paths found for pin dot_0/fifo_timer_r/mem\[15\]\[3\]$_DFFE_PP_/CLK.
[WARNING CTS-0179] No paths found for pin dot_0/fifo_timer_r/mem\[15\]\[6\]$_DFFE_PP_/CLK.
[WARNING CTS-0179] No paths found for pin dot_0/fifo_timer_r/mem\[13\]\[6\]$_DFFE_PP_/CLK.
[WARNING CTS-0179] No paths found for pin dot_0/fifo_timer_r/mem\[11\]\[6\]$_DFFE_PP_/CLK.
[WARNING CTS-0179] No paths found for pin dot_0/fifo_timer_r/mem\[14\]\[6\]$_DFFE_PP_/CLK.
[WARNING CTS-0179] No paths found for pin dot_0/fifo_timer_r/mem\[12\]\[6\]$_DFFE_PP_/CLK.
[WARNING CTS-0179] No paths found for pin dot_0/fifo_timer_r/mem\[10\]\[6\]$_DFFE_PP_/CLK.
[WARNING CTS-0179] No paths found for pin dot_0/fifo_timer_r/mem\[8\]\[6\]$_DFFE_PP_/CLK.
[WARNING CTS-0179] No paths found for pin dot_0/fifo_timer_r/mem\[9\]\[2\]$_DFFE_PP_/CLK.
[WARNING CTS-0179] No paths found for pin dot_0/fifo_timer_r/mem\[14\]\[2\]$_DFFE_PP_/CLK.
[WARNING CTS-0179] No paths found for pin dot_0/fifo_timer_r/mem\[9\]\[0\]$_DFFE_PP_/CLK.
[WARNING CTS-0179] No paths found for pin dot_0/fifo_timer_r/mem\[9\]\[6\]$_DFFE_PP_/CLK.
[WARNING CTS-0179] No paths found for pin dot_0/fifo_timer_r/mem\[11\]\[2\]$_DFFE_PP_/CLK.
[WARNING CTS-0179] No paths found for pin dot_0/fifo_timer_r/mem\[9\]\[5\]$_DFFE_PP_/CLK.
[WARNING CTS-0179] No paths found for pin dot_0/fifo_timer_r/mem\[12\]\[5\]$_DFFE_PP_/CLK.
[WARNING CTS-0179] No paths found for pin dot_0/fifo_timer_r/mem\[14\]\[5\]$_DFFE_PP_/CLK.
[WARNING CTS-0179] No paths found for pin dot_0/fifo_timer_r/mem\[8\]\[2\]$_DFFE_PP_/CLK.
[WARNING CTS-0179] No paths found for pin dot_0/fifo_timer_r/mem\[1\]\[0\]$_DFFE_PP_/CLK.
[WARNING CTS-0179] No paths found for pin dot_0/fifo_timer_r/mem\[0\]\[0\]$_DFFE_PP_/CLK.
[WARNING CTS-0179] No paths found for pin dot_0/fifo_timer_r/mem\[0\]\[2\]$_DFFE_PP_/CLK.
[WARNING CTS-0179] No paths found for pin dot_0/fifo_timer_r/mem\[5\]\[0\]$_DFFE_PP_/CLK.
[WARNING CTS-0179] No paths found for pin dot_0/fifo_timer_r/mem\[4\]\[0\]$_DFFE_PP_/CLK.
[WARNING CTS-0179] No paths found for pin dot_0/fifo_timer_r/mem\[2\]\[2\]$_DFFE_PP_/CLK.
[WARNING CTS-0179] No paths found for pin dot_0/fifo_timer_r/mem\[4\]\[2\]$_DFFE_PP_/CLK.
[WARNING CTS-0179] No paths found for pin dot_0/fifo_timer_r/mem\[1\]\[2\]$_DFFE_PP_/CLK.
[WARNING CTS-0179] No paths found for pin dot_0/fifo_timer_r/mem\[5\]\[2\]$_DFFE_PP_/CLK.
[WARNING CTS-0179] No paths found for pin dot_0/fifo_timer_r/mem\[1\]\[5\]$_DFFE_PP_/CLK.
[WARNING CTS-0179] No paths found for pin dot_0/fifo_timer_r/mem\[1\]\[13\]$_DFFE_PP_/CLK.
[WARNING CTS-0179] No paths found for pin dot_0/fifo_timer_r/mem\[5\]\[5\]$_DFFE_PP_/CLK.
[WARNING CTS-0179] No paths found for pin dot_0/fifo_timer_r/mem\[0\]\[5\]$_DFFE_PP_/CLK.
[WARNING CTS-0179] No paths found for pin dot_0/fifo_timer_r/mem\[4\]\[5\]$_DFFE_PP_/CLK.
[WARNING CTS-0179] No paths found for pin dot_0/fifo_timer_r/mem\[2\]\[5\]$_DFFE_PP_/CLK.
[WARNING CTS-0179] No paths found for pin dot_0/fifo_timer_r/mem\[2\]\[30\]$_DFFE_PP_/CLK.
[WARNING CTS-0179] No paths found for pin dot_0/fifo_timer_r/mem\[1\]\[7\]$_DFFE_PP_/CLK.
[WARNING CTS-0179] No paths found for pin dot_0/fifo_timer_r/mem\[5\]\[7\]$_DFFE_PP_/CLK.
[WARNING CTS-0179] No paths found for pin dot_0/fifo_timer_r/mem\[2\]\[13\]$_DFFE_PP_/CLK.
[WARNING CTS-0179] No paths found for pin dot_0/fifo_timer_r/mem\[7\]\[7\]$_DFFE_PP_/CLK.
[WARNING CTS-0179] No paths found for pin dot_0/fifo_timer_r/mem\[3\]\[13\]$_DFFE_PP_/CLK.
[WARNING CTS-0179] No paths found for pin dot_0/fifo_timer_r/mem\[0\]\[7\]$_DFFE_PP_/CLK.
[WARNING CTS-0179] No paths found for pin dot_0/fifo_timer_r/mem\[5\]\[13\]$_DFFE_PP_/CLK.
[WARNING CTS-0179] No paths found for pin dot_0/fifo_timer_r/mem\[0\]\[13\]$_DFFE_PP_/CLK.
[WARNING CTS-0179] No paths found for pin dot_0/fifo_timer_r/mem\[4\]\[13\]$_DFFE_PP_/CLK.
[WARNING CTS-0179] No paths found for pin dot_0/fifo_timer_r/mem\[8\]\[14\]$_DFFE_PP_/CLK.
[WARNING CTS-0179] No paths found for pin dot_0/fifo_timer_r/mem\[10\]\[14\]$_DFFE_PP_/CLK.
[WARNING CTS-0179] No paths found for pin dot_0/fifo_timer_r/mem\[0\]\[30\]$_DFFE_PP_/CLK.
[WARNING CTS-0179] No paths found for pin dot_0/fifo_timer_r/mem\[1\]\[30\]$_DFFE_PP_/CLK.
[WARNING CTS-0179] No paths found for pin dot_0/fifo_timer_r/mem\[4\]\[30\]$_DFFE_PP_/CLK.
[WARNING CTS-0179] No paths found for pin dot_0/fifo_timer_r/mem\[5\]\[30\]$_DFFE_PP_/CLK.
[WARNING CTS-0179] No paths found for pin dot_0/fifo_timer_r/mem\[6\]\[30\]$_DFFE_PP_/CLK.
[WARNING CTS-0179] No paths found for pin dot_0/fifo_timer_r/mem\[2\]\[14\]$_DFFE_PP_/CLK.
[WARNING CTS-0179] No paths found for pin dot_0/fifo_timer_r/mem\[3\]\[14\]$_DFFE_PP_/CLK.
[WARNING CTS-0179] No paths found for pin dot_0/fifo_timer_r/mem\[8\]\[7\]$_DFFE_PP_/CLK.
[WARNING CTS-0179] No paths found for pin dot_0/fifo_timer_r/mem\[10\]\[7\]$_DFFE_PP_/CLK.
[WARNING CTS-0179] No paths found for pin dot_0/fifo_timer_r/mem\[14\]\[7\]$_DFFE_PP_/CLK.
[WARNING CTS-0179] No paths found for pin dot_0/fifo_timer_r/mem\[1\]\[31\]$_DFFE_PP_/CLK.
[WARNING CTS-0179] No paths found for pin dot_0/fifo_timer_r/mem\[0\]\[31\]$_DFFE_PP_/CLK.
[WARNING CTS-0179] No paths found for pin dot_0/fifo_timer_r/mem\[14\]\[13\]$_DFFE_PP_/CLK.
[WARNING CTS-0179] No paths found for pin dot_0/fifo_timer_r/mem\[6\]\[14\]$_DFFE_PP_/CLK.
[WARNING CTS-0179] No paths found for pin dot_0/fifo_timer_r/mem\[12\]\[7\]$_DFFE_PP_/CLK.
[WARNING CTS-0179] No paths found for pin dot_0/fifo_timer_r/mem\[7\]\[14\]$_DFFE_PP_/CLK.
[WARNING CTS-0179] No paths found for pin dot_0/fifo_timer_r/mem\[5\]\[14\]$_DFFE_PP_/CLK.
[WARNING CTS-0179] No paths found for pin dot_0/fifo_timer_r/mem\[0\]\[14\]$_DFFE_PP_/CLK.
[WARNING CTS-0179] No paths found for pin dot_0/fifo_timer_r/mem\[1\]\[14\]$_DFFE_PP_/CLK.
[WARNING CTS-0179] No paths found for pin dot_0/fifo_timer_r/mem\[4\]\[14\]$_DFFE_PP_/CLK.
[WARNING CTS-0179] No paths found for pin dot_0/fifo_timer_r/mem\[9\]\[30\]$_DFFE_PP_/CLK.
[WARNING CTS-0179] No paths found for pin dot_0/fifo_timer_r/mem\[9\]\[14\]$_DFFE_PP_/CLK.
[WARNING CTS-0179] No paths found for pin dot_0/fifo_timer_r/mem\[10\]\[30\]$_DFFE_PP_/CLK.
[WARNING CTS-0179] No paths found for pin dot_0/fifo_timer_r/mem\[15\]\[14\]$_DFFE_PP_/CLK.
[WARNING CTS-0179] No paths found for pin dot_0/fifo_timer_r/mem\[8\]\[30\]$_DFFE_PP_/CLK.
[WARNING CTS-0179] No paths found for pin dot_0/fifo_timer_r/mem\[13\]\[14\]$_DFFE_PP_/CLK.
[WARNING CTS-0179] No paths found for pin dot_0/fifo_timer_r/mem\[11\]\[14\]$_DFFE_PP_/CLK.
[WARNING CTS-0179] No paths found for pin dot_0/fifo_timer_r/mem\[14\]\[14\]$_DFFE_PP_/CLK.
[WARNING CTS-0179] No paths found for pin dot_0/fifo_timer_r/mem\[12\]\[14\]$_DFFE_PP_/CLK.
[WARNING CTS-0179] No paths found for pin dot_0/fifo_timer_r/mem\[12\]\[30\]$_DFFE_PP_/CLK.
[WARNING CTS-0179] No paths found for pin dot_0/fifo_timer_r/mem\[10\]\[10\]$_DFFE_PP_/CLK.
[WARNING CTS-0179] No paths found for pin dot_0/fifo_timer_r/mem\[14\]\[10\]$_DFFE_PP_/CLK.
[WARNING CTS-0179] No paths found for pin dot_0/fifo_timer_r/mem\[1\]\[11\]$_DFFE_PP_/CLK.
[WARNING CTS-0179] No paths found for pin dot_0/fifo_timer_r/mem\[4\]\[11\]$_DFFE_PP_/CLK.
[WARNING CTS-0179] No paths found for pin dot_0/fifo_timer_r/mem\[5\]\[11\]$_DFFE_PP_/CLK.
[WARNING CTS-0179] No paths found for pin dot_0/fifo_timer_r/mem\[0\]\[11\]$_DFFE_PP_/CLK.
[WARNING CTS-0179] No paths found for pin dot_0/fifo_timer_r/mem\[10\]\[11\]$_DFFE_PP_/CLK.
[WARNING CTS-0179] No paths found for pin dot_0/fifo_timer_r/mem\[14\]\[11\]$_DFFE_PP_/CLK.
[WARNING CTS-0179] No paths found for pin dot_0/fifo_timer_r/mem\[8\]\[11\]$_DFFE_PP_/CLK.
[WARNING CTS-0179] No paths found for pin dot_0/fifo_timer_r/mem\[15\]\[31\]$_DFFE_PP_/CLK.
[WARNING CTS-0179] No paths found for pin dot_0/fifo_timer_r/mem\[12\]\[13\]$_DFFE_PP_/CLK.
[WARNING CTS-0179] No paths found for pin dot_0/fifo_timer_r/mem\[9\]\[31\]$_DFFE_PP_/CLK.
[WARNING CTS-0179] No paths found for pin dot_0/fifo_timer_r/mem\[9\]\[13\]$_DFFE_PP_/CLK.
[WARNING CTS-0179] No paths found for pin dot_0/fifo_timer_r/mem\[11\]\[13\]$_DFFE_PP_/CLK.
[WARNING CTS-0179] No paths found for pin dot_0/fifo_timer_r/mem\[13\]\[13\]$_DFFE_PP_/CLK.
[WARNING CTS-0179] No paths found for pin dot_0/fifo_timer_r/mem\[15\]\[13\]$_DFFE_PP_/CLK.
[WARNING CTS-0179] No paths found for pin dot_0/fifo_timer_r/mem\[15\]\[30\]$_DFFE_PP_/CLK.
[WARNING CTS-0179] No paths found for pin dot_0/fifo_timer_r/mem\[11\]\[30\]$_DFFE_PP_/CLK.
[WARNING CTS-0179] No paths found for pin dot_0/fifo_timer_r/mem\[13\]\[30\]$_DFFE_PP_/CLK.
[WARNING CTS-0179] No paths found for pin dot_0/fifo_timer_r/mem\[11\]\[7\]$_DFFE_PP_/CLK.
[WARNING CTS-0179] No paths found for pin dot_0/fifo_timer_r/mem\[8\]\[31\]$_DFFE_PP_/CLK.
[WARNING CTS-0179] No paths found for pin dot_0/fifo_timer_r/mem\[8\]\[13\]$_DFFE_PP_/CLK.
[WARNING CTS-0179] No paths found for pin dot_0/fifo_timer_r/mem\[10\]\[13\]$_DFFE_PP_/CLK.
[WARNING CTS-0179] No paths found for pin dot_0/fifo_timer_r/mem\[13\]\[7\]$_DFFE_PP_/CLK.
[WARNING CTS-0179] No paths found for pin dot_0/fifo_timer_r/mem\[15\]\[7\]$_DFFE_PP_/CLK.
[WARNING CTS-0179] No paths found for pin dot_0/fifo_timer_r/mem\[9\]\[7\]$_DFFE_PP_/CLK.
[WARNING CTS-0179] No paths found for pin dot_0/fifo_timer_r/mem\[5\]\[31\]$_DFFE_PP_/CLK.
[WARNING CTS-0179] No paths found for pin dot_0/fifo_timer_r/mem\[4\]\[31\]$_DFFE_PP_/CLK.
[WARNING CTS-0179] No paths found for pin dot_0/fifo_timer_r/mem\[11\]\[5\]$_DFFE_PP_/CLK.
[WARNING CTS-0179] No paths found for pin dot_0/fifo_timer_r/mem\[15\]\[5\]$_DFFE_PP_/CLK.
[WARNING CTS-0179] No paths found for pin dot_0/fifo_timer_r/mem\[13\]\[2\]$_DFFE_PP_/CLK.
[WARNING CTS-0179] No paths found for pin dot_0/fifo_timer_r/mem\[15\]\[2\]$_DFFE_PP_/CLK.
[WARNING CTS-0179] No paths found for pin dot_0/fifo_timer_r/mem\[13\]\[5\]$_DFFE_PP_/CLK.
[WARNING CTS-0179] No paths found for pin dot_0/fifo_timer_r/mem\[10\]\[0\]$_DFFE_PP_/CLK.
[WARNING CTS-0179] No paths found for pin dot_0/fifo_timer_r/mem\[8\]\[0\]$_DFFE_PP_/CLK.
[WARNING CTS-0179] No paths found for pin dot_0/fifo_timer_r/mem\[10\]\[4\]$_DFFE_PP_/CLK.
[WARNING CTS-0179] No paths found for pin dot_0/fifo_timer_r/mem\[8\]\[4\]$_DFFE_PP_/CLK.
[WARNING CTS-0179] No paths found for pin dot_0/fifo_timer_r/mem\[14\]\[0\]$_DFFE_PP_/CLK.
[WARNING CTS-0179] No paths found for pin dot_0/fifo_timer_r/mem\[15\]\[0\]$_DFFE_PP_/CLK.
[WARNING CTS-0179] No paths found for pin dot_0/fifo_timer_r/mem\[13\]\[0\]$_DFFE_PP_/CLK.
[WARNING CTS-0179] No paths found for pin dot_0/fifo_timer_r/mem\[11\]\[0\]$_DFFE_PP_/CLK.
[WARNING CTS-0179] No paths found for pin dot_0/fifo_timer_r/mem\[12\]\[0\]$_DFFE_PP_/CLK.
[WARNING CTS-0179] No paths found for pin dot_0/fifo_timer_r/mem\[14\]\[31\]$_DFFE_PP_/CLK.
[WARNING CTS-0179] No paths found for pin dot_0/fifo_timer_r/mem\[12\]\[31\]$_DFFE_PP_/CLK.
[WARNING CTS-0179] No paths found for pin dot_0/fifo_timer_r/mem\[10\]\[31\]$_DFFE_PP_/CLK.
[WARNING CTS-0179] No paths found for pin dot_0/fifo_timer_r/mem\[11\]\[31\]$_DFFE_PP_/CLK.
[WARNING CTS-0179] No paths found for pin dot_0/fifo_timer_r/mem\[13\]\[31\]$_DFFE_PP_/CLK.
[WARNING CTS-0179] No paths found for pin dot_0/fifo_timer_r/mem\[11\]\[17\]$_DFFE_PP_/CLK.
[WARNING CTS-0179] No paths found for pin dot_0/fifo_timer_r/mem\[10\]\[17\]$_DFFE_PP_/CLK.
[WARNING CTS-0179] No paths found for pin dot_0/fifo_timer_r/mem\[8\]\[17\]$_DFFE_PP_/CLK.
[WARNING CTS-0179] No paths found for pin dot_0/fifo_timer_r/mem\[14\]\[17\]$_DFFE_PP_/CLK.
[WARNING CTS-0179] No paths found for pin dot_0/fifo_timer_r/mem\[12\]\[17\]$_DFFE_PP_/CLK.
[WARNING CTS-0179] No paths found for pin dot_0/fifo_timer_r/mem\[13\]\[17\]$_DFFE_PP_/CLK.
[WARNING CTS-0179] No paths found for pin dot_0/fifo_timer_r/mem\[15\]\[17\]$_DFFE_PP_/CLK.
[WARNING CTS-0179] No paths found for pin dot_0/fifo_timer_r/mem\[9\]\[17\]$_DFFE_PP_/CLK.
[WARNING CTS-0179] No paths found for pin dot_0/fifo_timer_r/mem\[12\]\[1\]$_DFFE_PP_/CLK.
[WARNING CTS-0179] No paths found for pin dot_0/fifo_timer_r/mem\[15\]\[1\]$_DFFE_PP_/CLK.
[WARNING CTS-0179] No paths found for pin dot_0/fifo_timer_r/mem\[14\]\[1\]$_DFFE_PP_/CLK.
[WARNING CTS-0179] No paths found for pin dot_0/fifo_timer_r/mem\[8\]\[1\]$_DFFE_PP_/CLK.
[WARNING CTS-0179] No paths found for pin dot_0/fifo_timer_r/mem\[10\]\[1\]$_DFFE_PP_/CLK.
[WARNING CTS-0179] No paths found for pin dot_0/fifo_timer_r/mem\[14\]\[4\]$_DFFE_PP_/CLK.
[WARNING CTS-0179] No paths found for pin dot_0/fifo_timer_r/mem\[12\]\[4\]$_DFFE_PP_/CLK.
[WARNING CTS-0179] No paths found for pin dot_0/fifo_timer_r/mem\[9\]\[4\]$_DFFE_PP_/CLK.
[WARNING CTS-0179] No paths found for pin dot_0/fifo_timer_r/mem\[13\]\[4\]$_DFFE_PP_/CLK.
[WARNING CTS-0179] No paths found for pin dot_0/fifo_timer_r/mem\[15\]\[4\]$_DFFE_PP_/CLK.
[WARNING CTS-0179] No paths found for pin dot_0/fifo_timer_r/mem\[11\]\[4\]$_DFFE_PP_/CLK.
[WARNING CTS-0179] No paths found for pin dot_0/fifo_timer_r/mem\[9\]\[1\]$_DFFE_PP_/CLK.
[WARNING CTS-0179] No paths found for pin dot_0/fifo_timer_r/mem\[11\]\[1\]$_DFFE_PP_/CLK.
[WARNING CTS-0179] No paths found for pin dot_0/fifo_timer_r/mem\[13\]\[1\]$_DFFE_PP_/CLK.
[WARNING CTS-0179] No paths found for pin dot_0/fifo_timer_r/mem\[0\]\[4\]$_DFFE_PP_/CLK.
[WARNING CTS-0179] No paths found for pin dot_0/fifo_timer_r/mem\[1\]\[4\]$_DFFE_PP_/CLK.
[WARNING CTS-0179] No paths found for pin dot_0/fifo_timer_r/mem\[5\]\[4\]$_DFFE_PP_/CLK.
[WARNING CTS-0179] No paths found for pin dot_0/fifo_timer_r/mem\[1\]\[3\]$_DFFE_PP_/CLK.
[WARNING CTS-0179] No paths found for pin dot_0/fifo_timer_r/mem\[0\]\[3\]$_DFFE_PP_/CLK.
[WARNING CTS-0179] No paths found for pin dot_0/fifo_timer_r/mem\[7\]\[3\]$_DFFE_PP_/CLK.
[WARNING CTS-0179] No paths found for pin dot_0/fifo_timer_r/mem\[4\]\[4\]$_DFFE_PP_/CLK.
[WARNING CTS-0179] No paths found for pin dot_0/fifo_timer_r/mem\[4\]\[17\]$_DFFE_PP_/CLK.
[WARNING CTS-0179] No paths found for pin dot_0/fifo_timer_r/mem\[3\]\[4\]$_DFFE_PP_/CLK.
[WARNING CTS-0179] No paths found for pin dot_0/fifo_timer_r/mem\[6\]\[4\]$_DFFE_PP_/CLK.
[WARNING CTS-0179] No paths found for pin dot_0/fifo_timer_r/mem\[7\]\[4\]$_DFFE_PP_/CLK.
[WARNING CTS-0179] No paths found for pin dot_0/fifo_timer_r/mem\[2\]\[4\]$_DFFE_PP_/CLK.
[WARNING CTS-0179] No paths found for pin dot_0/fifo_timer_r/mem\[0\]\[17\]$_DFFE_PP_/CLK.
[WARNING CTS-0179] No paths found for pin dot_0/fifo_timer_r/mem\[3\]\[17\]$_DFFE_PP_/CLK.
[WARNING CTS-0179] No paths found for pin dot_0/fifo_timer_r/mem\[11\]\[11\]$_DFFE_PP_/CLK.
[WARNING CTS-0179] No paths found for pin dot_0/fifo_timer_r/mem\[2\]\[17\]$_DFFE_PP_/CLK.
[WARNING CTS-0179] No paths found for pin dot_0/fifo_timer_r/mem\[1\]\[17\]$_DFFE_PP_/CLK.
[WARNING CTS-0179] No paths found for pin dot_0/fifo_timer_r/mem\[5\]\[17\]$_DFFE_PP_/CLK.
[WARNING CTS-0179] No paths found for pin dot_0/fifo_timer_r/mem\[7\]\[17\]$_DFFE_PP_/CLK.
[WARNING CTS-0179] No paths found for pin dot_0/fifo_timer_r/mem\[6\]\[11\]$_DFFE_PP_/CLK.
[WARNING CTS-0179] No paths found for pin dot_0/fifo_timer_r/mem\[0\]\[20\]$_DFFE_PP_/CLK.
[WARNING CTS-0179] No paths found for pin dot_0/fifo_timer_r/mem\[2\]\[28\]$_DFFE_PP_/CLK.
[WARNING CTS-0179] No paths found for pin dot_0/fifo_timer_r/mem\[13\]\[11\]$_DFFE_PP_/CLK.
[WARNING CTS-0179] No paths found for pin dot_0/fifo_timer_r/mem\[15\]\[11\]$_DFFE_PP_/CLK.
[WARNING CTS-0179] No paths found for pin dot_0/fifo_timer_r/mem\[7\]\[11\]$_DFFE_PP_/CLK.
[WARNING CTS-0179] No paths found for pin dot_0/fifo_timer_r/mem\[9\]\[11\]$_DFFE_PP_/CLK.
[WARNING CTS-0179] No paths found for pin dot_0/fifo_timer_r/mem\[12\]\[11\]$_DFFE_PP_/CLK.
[WARNING CTS-0179] No paths found for pin dot_0/fifo_timer_r/mem\[2\]\[11\]$_DFFE_PP_/CLK.
[WARNING CTS-0179] No paths found for pin dot_0/fifo_timer_r/mem\[4\]\[27\]$_DFFE_PP_/CLK.
[WARNING CTS-0179] No paths found for pin dot_0/fifo_timer_r/mem\[3\]\[11\]$_DFFE_PP_/CLK.
[WARNING CTS-0179] No paths found for pin dot_0/fifo_timer_r/mem\[5\]\[27\]$_DFFE_PP_/CLK.
[WARNING CTS-0179] No paths found for pin dot_0/fifo_timer_r/mem\[3\]\[8\]$_DFFE_PP_/CLK.
[WARNING CTS-0179] No paths found for pin dot_0/fifo_timer_r/mem\[2\]\[27\]$_DFFE_PP_/CLK.
[WARNING CTS-0179] No paths found for pin dot_0/fifo_timer_r/mem\[0\]\[8\]$_DFFE_PP_/CLK.
[WARNING CTS-0179] No paths found for pin dot_0/fifo_timer_r/mem\[0\]\[27\]$_DFFE_PP_/CLK.
[WARNING CTS-0179] No paths found for pin dot_0/fifo_timer_r/mem\[1\]\[27\]$_DFFE_PP_/CLK.
[WARNING CTS-0179] No paths found for pin dot_0/fifo_timer_r/mem\[1\]\[8\]$_DFFE_PP_/CLK.
[WARNING CTS-0179] No paths found for pin dot_0/fifo_timer_r/mem\[5\]\[8\]$_DFFE_PP_/CLK.
[WARNING CTS-0179] No paths found for pin dot_0/fifo_timer_r/mem\[4\]\[8\]$_DFFE_PP_/CLK.
[WARNING CTS-0179] No paths found for pin dot_0/fifo_timer_r/mem\[9\]\[8\]$_DFFE_PP_/CLK.
[WARNING CTS-0179] No paths found for pin dot_0/fifo_timer_r/mem\[13\]\[8\]$_DFFE_PP_/CLK.
[WARNING CTS-0179] No paths found for pin dot_0/fifo_timer_r/mem\[12\]\[8\]$_DFFE_PP_/CLK.
[WARNING CTS-0179] No paths found for pin dot_0/fifo_timer_r/mem\[6\]\[8\]$_DFFE_PP_/CLK.
[WARNING CTS-0179] No paths found for pin dot_0/fifo_timer_r/mem\[7\]\[8\]$_DFFE_PP_/CLK.
[WARNING CTS-0179] No paths found for pin dot_0/fifo_timer_r/mem\[10\]\[2\]$_DFFE_PP_/CLK.
[WARNING CTS-0179] No paths found for pin dot_0/fifo_timer_r/mem\[12\]\[2\]$_DFFE_PP_/CLK.
[WARNING CTS-0179] No paths found for pin dot_0/fifo_timer_r/mem\[14\]\[3\]$_DFFE_PP_/CLK.
[WARNING CTS-0179] No paths found for pin dot_0/fifo_timer_r/mem\[10\]\[3\]$_DFFE_PP_/CLK.
[WARNING CTS-0179] No paths found for pin dot_0/fifo_timer_r/mem\[6\]\[0\]$_DFFE_PP_/CLK.
[WARNING CTS-0179] No paths found for pin dot_0/fifo_timer_r/mem\[7\]\[0\]$_DFFE_PP_/CLK.
[WARNING CTS-0179] No paths found for pin dot_0/fifo_timer_r/mem\[2\]\[0\]$_DFFE_PP_/CLK.
[WARNING CTS-0179] No paths found for pin dot_0/fifo_timer_r/mem\[7\]\[6\]$_DFFE_PP_/CLK.
[WARNING CTS-0179] No paths found for pin dot_0/fifo_timer_r/mem\[6\]\[6\]$_DFFE_PP_/CLK.
[WARNING CTS-0179] No paths found for pin dot_0/fifo_timer_r/mem\[3\]\[6\]$_DFFE_PP_/CLK.
[WARNING CTS-0179] No paths found for pin dot_0/fifo_timer_r/mem\[8\]\[3\]$_DFFE_PP_/CLK.
[WARNING CTS-0179] No paths found for pin dot_0/fifo_timer_r/mem\[12\]\[3\]$_DFFE_PP_/CLK.
[WARNING CTS-0179] No paths found for pin dot_0/fifo_timer_r/mem\[0\]\[6\]$_DFFE_PP_/CLK.
[WARNING CTS-0179] No paths found for pin dot_0/fifo_timer_r/mem\[3\]\[5\]$_DFFE_PP_/CLK.
[WARNING CTS-0179] No paths found for pin dot_0/fifo_timer_r/mem\[1\]\[6\]$_DFFE_PP_/CLK.
[WARNING CTS-0179] No paths found for pin dot_0/fifo_timer_r/mem\[5\]\[6\]$_DFFE_PP_/CLK.
[WARNING CTS-0179] No paths found for pin dot_0/fifo_timer_r/mem\[4\]\[6\]$_DFFE_PP_/CLK.
[WARNING CTS-0179] No paths found for pin dot_0/fifo_timer_r/mem\[2\]\[6\]$_DFFE_PP_/CLK.
[WARNING CTS-0179] No paths found for pin dot_0/fifo_timer_r/mem\[6\]\[2\]$_DFFE_PP_/CLK.
[WARNING CTS-0179] No paths found for pin dot_0/fifo_timer_r/mem\[3\]\[0\]$_DFFE_PP_/CLK.
[WARNING CTS-0179] No paths found for pin dot_0/fifo_timer_r/mem\[7\]\[2\]$_DFFE_PP_/CLK.
[WARNING CTS-0179] No paths found for pin dot_0/fifo_timer_r/mem\[3\]\[2\]$_DFFE_PP_/CLK.
[WARNING CTS-0179] No paths found for pin dot_0/fifo_timer_r/mem\[6\]\[5\]$_DFFE_PP_/CLK.
[WARNING CTS-0179] No paths found for pin dot_0/fifo_timer_r/mem\[7\]\[5\]$_DFFE_PP_/CLK.
[WARNING CTS-0179] No paths found for pin dot_0/fifo_timer_r/mem\[8\]\[5\]$_DFFE_PP_/CLK.
[WARNING CTS-0179] No paths found for pin dot_0/fifo_timer_r/mem\[10\]\[5\]$_DFFE_PP_/CLK.
[WARNING CTS-0179] No paths found for pin dot_0/fifo_timer_r/mem\[6\]\[31\]$_DFFE_PP_/CLK.
[WARNING CTS-0179] No paths found for pin dot_0/fifo_timer_r/mem\[2\]\[31\]$_DFFE_PP_/CLK.
[WARNING CTS-0179] No paths found for pin dot_0/fifo_timer_r/mem\[7\]\[31\]$_DFFE_PP_/CLK.
[WARNING CTS-0179] No paths found for pin dot_0/fifo_timer_r/mem\[3\]\[31\]$_DFFE_PP_/CLK.
[WARNING CTS-0179] No paths found for pin dot_0/fifo_timer_r/mem\[6\]\[7\]$_DFFE_PP_/CLK.
[WARNING CTS-0179] No paths found for pin dot_0/fifo_timer_r/mem\[6\]\[13\]$_DFFE_PP_/CLK.
[WARNING CTS-0179] No paths found for pin dot_0/fifo_timer_r/mem\[7\]\[13\]$_DFFE_PP_/CLK.
[WARNING CTS-0179] No paths found for pin dot_0/fifo_timer_r/mem\[4\]\[7\]$_DFFE_PP_/CLK.
[WARNING CTS-0179] No paths found for pin dot_0/fifo_timer_r/mem\[2\]\[7\]$_DFFE_PP_/CLK.
[WARNING CTS-0179] No paths found for pin dot_0/fifo_timer_r/mem\[3\]\[7\]$_DFFE_PP_/CLK.
[WARNING CTS-0179] No paths found for pin dot_0/fifo_timer_r/mem\[7\]\[30\]$_DFFE_PP_/CLK.
[WARNING CTS-0179] No paths found for pin dot_0/fifo_timer_r/mem\[3\]\[30\]$_DFFE_PP_/CLK.
[WARNING CTS-0179] No paths found for pin dot_0/fifo_timer_r/mem\[8\]\[10\]$_DFFE_PP_/CLK.
[WARNING CTS-0179] No paths found for pin dot_0/fifo_timer_r/mem\[12\]\[10\]$_DFFE_PP_/CLK.
[WARNING CTS-0179] No paths found for pin dot_0/fifo_timer_r/mem\[13\]\[10\]$_DFFE_PP_/CLK.
[WARNING CTS-0179] No paths found for pin dot_0/fifo_timer_r/mem\[15\]\[10\]$_DFFE_PP_/CLK.
[WARNING CTS-0179] No paths found for pin dot_0/fifo_timer_r/mem\[11\]\[10\]$_DFFE_PP_/CLK.
[WARNING CTS-0179] No paths found for pin dot_0/fifo_timer_r/mem\[9\]\[10\]$_DFFE_PP_/CLK.
[WARNING CTS-0179] No paths found for pin dot_0/fifo_timer_r/mem\[14\]\[30\]$_DFFE_PP_/CLK.
[WARNING CTS-0179] No paths found for pin dot_0/fifo_timer_r/mem\[1\]\[10\]$_DFFE_PP_/CLK.
[WARNING CTS-0179] No paths found for pin dot_0/fifo_timer_r/mem\[0\]\[10\]$_DFFE_PP_/CLK.
[WARNING CTS-0179] No paths found for pin dot_0/fifo_timer_r/mem\[5\]\[10\]$_DFFE_PP_/CLK.
[WARNING CTS-0179] No paths found for pin dot_0/fifo_timer_r/mem\[4\]\[10\]$_DFFE_PP_/CLK.
[WARNING CTS-0179] No paths found for pin dot_0/fifo_timer_r/mem\[3\]\[10\]$_DFFE_PP_/CLK.
[WARNING CTS-0179] No paths found for pin dot_0/fifo_timer_r/mem\[6\]\[10\]$_DFFE_PP_/CLK.
[WARNING CTS-0179] No paths found for pin dot_0/fifo_timer_r/mem\[7\]\[10\]$_DFFE_PP_/CLK.
[WARNING CTS-0179] No paths found for pin dot_0/fifo_timer_r/mem\[2\]\[10\]$_DFFE_PP_/CLK.
[WARNING CTS-0179] No paths found for pin dot_0/fifo_timer_r/mem\[3\]\[28\]$_DFFE_PP_/CLK.
[WARNING CTS-0179] No paths found for pin dot_0/fifo_timer_r/mem\[0\]\[28\]$_DFFE_PP_/CLK.
[WARNING CTS-0179] No paths found for pin dot_0/fifo_timer_r/mem\[6\]\[17\]$_DFFE_PP_/CLK.
[WARNING CTS-0179] No paths found for pin dot_0/fifo_timer_r/mem\[2\]\[3\]$_DFFE_PP_/CLK.
[WARNING CTS-0179] No paths found for pin dot_0/fifo_timer_r/mem\[3\]\[3\]$_DFFE_PP_/CLK.
[WARNING CTS-0179] No paths found for pin dot_0/fifo_timer_r/mem\[6\]\[3\]$_DFFE_PP_/CLK.
[WARNING CTS-0179] No paths found for pin dot_0/fifo_timer_r/mem\[5\]\[28\]$_DFFE_PP_/CLK.
[WARNING CTS-0179] message limit (1000) reached. This message will no longer print.
[INFO CTS-0036]  inserted 0 delay buffers
[INFO CTS-0033] Balancing latency for clock clk_s2_gate
[INFO CTS-0036]  inserted 0 delay buffers
[INFO CTS-0033] Balancing latency for clock clk_s1_gate
[INFO CTS-0036]  inserted 0 delay buffers
[INFO CTS-0033] Balancing latency for clock clk1
[INFO CTS-0036]  inserted 0 delay buffers
[INFO CTS-0500] Runtime: 9.01s
Took 9 seconds: clock_tree_synthesis -sink_clustering_enable -repair_clock_nets
estimate_parasitics -placement
detailed_placement
[INFO DPL-0006] Core area: 3527558.21 um^2
[INFO DPL-0007] Movable instances area: 1826606.86 um^2
[INFO DPL-0008] Fixed instances area within core: 58876.47 um^2
[INFO DPL-0009] Utilization: 53.5%
[INFO DPL-0005] Diamond search max displacement: +/- 500 sites horizontally, +/- 100 rows vertically.
[INFO DPL-1102] Legalizing using negotiation legalizer.
[INFO DPL-1103] Negotiation base search window: +/-20 sites horizontally, +/-5 rows vertically 
	Automatic search window extension enabled.
	Search window extendable up to the max displacement cap of +/-500 sites, +/-100 rows near walls.
[INFO DPL-1104] NegotiationLegalizer DRC penalty: 5.
[INFO DPL-0392] Negotiation cell height distribution (1 unique row-count(s)):
[INFO DPL-0393]   height 1 row(s): 188118 cells
          |      Total |  Illegal |  Illegal
Iteration | Violations |    Cells |    Sites
---------------------------------------------
        0 |       2050 |       377 |      1673
        1 |        386 |        56 |       330
        2 |         55 |         7 |        48
        3 |         31 |         3 |        28
        4 |          0 |         0 |         0
Negotiation phase 1 converged at iteration 4.
[INFO DPL-0500] Runtime: 1.88s
Placement Analysis
---------------------------------
total displacement     157400.0 u
average displacement        0.8 u
max displacement           29.6 u
original HPWL         5585164.9 u
legalized HPWL        5659456.4 u
delta HPWL                    1 %

estimate_parasitics -placement
repair_timing -setup_margin 0 -hold_margin 0 -repair_tns 0 -match_cell_footprint -verbose
[INFO RSZ-0100] Repair move sequence: UnbufferMove SizeUpMove SwapPinsMove BufferMove CloneMove SplitLoadMove 
[INFO RSZ-0094] Found 922 endpoints with setup violations.
[INFO RSZ-0099] Repairing 1 out of 922 (0.00%) violating endpoints...
   Iter   | Removed | Resized | Inserted | Cloned |  Pin  |   Area   |    WNS   |   StTNS    |   EnTNS    |  Viol  |  Worst  
          | Buffers |  Gates  | Buffers  |  Gates | Swaps |          |          |            |            | Endpts | St/EnPt 
------------------------------------------------------------------------------------------------------------------------------
       0* |       0 |       0 |        0 |      0 |     0 |    +0.0% | -164.947 |   -21931.5 |  -118198.1 |    922 | soc_obs\[25\]$_SDFF_PP0_/D
      10* |       0 |       8 |        0 |      0 |     1 |    +0.0% | -163.899 |   -21799.5 |  -117843.3 |    922 | soc_obs\[16\]$_SDFF_PP0_/D
      20* |       0 |      17 |        0 |      0 |     2 |    +0.0% | -163.343 |   -21742.8 |  -117457.3 |    922 | soc_obs\[25\]$_SDFF_PP0_/D
      30* |       0 |      26 |        0 |      0 |     3 |    +0.0% | -162.799 |   -21674.5 |  -117163.6 |    922 | soc_obs\[25\]$_SDFF_PP0_/D
      40* |       0 |      36 |        0 |      0 |     3 |    +0.0% | -161.902 |   -21557.9 |  -116532.3 |    922 | soc_obs\[25\]$_SDFF_PP0_/D
      50* |       0 |      46 |        0 |      0 |     3 |    +0.0% | -161.258 |   -21485.8 |  -116078.4 |    922 | soc_obs\[25\]$_SDFF_PP0_/D
      60* |       0 |      56 |        0 |      0 |     3 |    +0.0% | -160.922 |   -21448.4 |  -115881.9 |    922 | soc_obs\[30\]$_SDFF_PP0_/D
      70* |       0 |      65 |        1 |      0 |     3 |    +0.0% | -160.391 |   -21380.7 |  -115527.5 |    922 | soc_obs\[22\]$_SDFF_PP0_/D
      80* |       0 |      75 |        1 |      0 |     3 |    +0.0% | -159.906 |   -21324.0 |  -115182.5 |    922 | soc_obs\[27\]$_SDFF_PP0_/D
      90* |       0 |      84 |        1 |      0 |     4 |    +0.0% | -159.260 |   -21230.3 |  -114728.4 |    922 | soc_obs\[27\]$_SDFF_PP0_/D
     100* |       0 |      94 |        1 |      0 |     4 |    +0.0% | -158.640 |   -21150.5 |  -114292.2 |    922 | soc_obs\[27\]$_SDFF_PP0_/D
     110* |       0 |     103 |        3 |      0 |     4 |    +0.0% | -157.929 |   -21043.1 |  -113781.2 |    922 | soc_obs\[30\]$_SDFF_PP0_/D
     120* |       0 |     111 |        3 |      0 |     6 |    +0.0% | -157.383 |   -20971.0 |  -113418.1 |    922 | soc_obs\[27\]$_SDFF_PP0_/D
     130* |       0 |     120 |        3 |      0 |     7 |    +0.0% | -156.881 |   -20900.6 |  -113064.4 |    922 | soc_obs\[27\]$_SDFF_PP0_/D
     140* |       0 |     129 |        3 |      0 |     8 |    +0.0% | -156.465 |   -20840.1 |  -112771.6 |    922 | soc_obs\[27\]$_SDFF_PP0_/D
     150* |       0 |     139 |        3 |      0 |     8 |    +0.0% | -155.913 |   -20766.4 |  -112383.0 |    922 | soc_obs\[27\]$_SDFF_PP0_/D
     160* |       0 |     147 |        3 |      0 |    10 |    +0.0% | -155.490 |   -20709.2 |  -112085.4 |    922 | soc_obs\[27\]$_SDFF_PP0_/D
     170* |       0 |     156 |        4 |      0 |    10 |    +0.0% | -154.846 |   -20616.6 |  -111631.7 |    922 | soc_obs\[27\]$_SDFF_PP0_/D
     180* |       0 |     166 |        4 |      0 |    10 |    +0.0% | -154.290 |   -20542.8 |  -111238.7 |    922 | soc_obs\[27\]$_SDFF_PP0_/D
     190* |       0 |     173 |        8 |      0 |    11 |    +0.0% | -153.946 |   -20496.9 |  -110995.0 |    922 | soc_obs\[30\]$_SDFF_PP0_/D
     200* |       0 |     180 |        9 |      0 |    13 |    +0.0% | -153.589 |   -20447.3 |  -110744.0 |    922 | soc_obs\[30\]$_SDFF_PP0_/D
     210* |       0 |     185 |       10 |      0 |    17 |    +0.0% | -153.216 |   -20408.3 |  -110481.0 |    922 | soc_obs\[30\]$_SDFF_PP0_/D
     220* |       0 |     194 |       10 |      0 |    18 |    +0.0% | -152.818 |   -20354.7 |  -110200.8 |    922 | soc_obs\[30\]$_SDFF_PP0_/D
     230* |       0 |     201 |       11 |      0 |    20 |    +0.0% | -152.362 |   -20289.3 |  -109880.2 |    922 | soc_obs\[30\]$_SDFF_PP0_/D
     240* |       0 |     211 |       11 |      0 |    20 |    +0.0% | -151.801 |   -20213.5 |  -109484.7 |    922 | soc_obs\[30\]$_SDFF_PP0_/D
     250* |       0 |     221 |       11 |      0 |    20 |    +0.0% | -151.286 |   -20141.6 |  -109104.2 |    922 | soc_obs\[30\]$_SDFF_PP0_/D
     260* |       0 |     229 |       12 |      0 |    21 |    +0.0% | -150.845 |   -20077.4 |  -108780.6 |    922 | soc_obs\[30\]$_SDFF_PP0_/D
     270* |       0 |     237 |       13 |      0 |    22 |    +0.0% | -150.386 |   -20015.9 |  -108483.3 |    922 | soc_obs\[30\]$_SDFF_PP0_/D
     280* |       0 |     247 |       13 |      0 |    22 |    +0.0% | -149.977 |   -19954.7 |  -108203.5 |    922 | soc_obs\[27\]$_SDFF_PP0_/D
     290* |       0 |     254 |       14 |      1 |    23 |    +0.0% | -149.512 |   -19889.3 |  -107884.5 |    922 | soc_obs\[27\]$_SDFF_PP0_/D
     300* |       0 |     264 |       14 |      1 |    23 |    +0.0% | -148.958 |   -19806.5 |  -107494.9 |    922 | soc_obs\[27\]$_SDFF_PP0_/D
     310* |       0 |     271 |       15 |      1 |    25 |    +0.0% | -148.713 |   -19774.3 |  -107322.5 |    922 | soc_obs\[27\]$_SDFF_PP0_/D
     320* |       0 |     280 |       15 |      1 |    26 |    +0.0% | -148.243 |   -19713.8 |  -106991.2 |    922 | soc_obs\[27\]$_SDFF_PP0_/D
     330* |       0 |     286 |       17 |      1 |    28 |    +0.0% | -147.970 |   -19672.1 |  -106800.1 |    922 | soc_obs\[27\]$_SDFF_PP0_/D
     340* |       0 |     296 |       17 |      1 |    28 |    +0.0% | -147.462 |   -19610.1 |  -106442.2 |    922 | soc_obs\[27\]$_SDFF_PP0_/D
     350* |       0 |     303 |       18 |      1 |    30 |    +0.0% | -147.204 |   -19575.5 |  -106234.9 |    922 | soc_obs\[30\]$_SDFF_PP0_/D
     360* |       0 |     310 |       19 |      1 |    32 |    +0.0% | -146.817 |   -19526.0 |  -105972.6 |    922 | soc_obs\[30\]$_SDFF_PP0_/D
     370* |       0 |     318 |       20 |      1 |    33 |    +0.0% | -146.427 |   -19474.9 |  -105697.5 |    922 | soc_obs\[30\]$_SDFF_PP0_/D
     380* |       0 |     323 |       23 |      1 |    36 |    +0.0% | -146.264 |   -19456.3 |  -105583.1 |    922 | soc_obs\[30\]$_SDFF_PP0_/D
     390* |       0 |     332 |       23 |      1 |    37 |    +0.0% | -145.826 |   -19396.0 |  -105280.1 |    922 | soc_obs\[30\]$_SDFF_PP0_/D
     400* |       0 |     342 |       23 |      1 |    37 |    +0.0% | -145.624 |   -19368.4 |  -105137.6 |    922 | soc_obs\[30\]$_SDFF_PP0_/D
     410* |       0 |     351 |       23 |      1 |    38 |    +0.0% | -145.244 |   -19316.7 |  -104870.3 |    922 | soc_obs\[30\]$_SDFF_PP0_/D
     420* |       0 |     355 |       23 |      1 |    44 |    +0.0% | -145.003 |   -19289.5 |  -104700.8 |    922 | soc_obs\[30\]$_SDFF_PP0_/D
     430* |       0 |     361 |       24 |      1 |    47 |    +0.0% | -144.692 |   -19248.3 |  -104481.9 |    922 | soc_obs\[30\]$_SDFF_PP0_/D
     440* |       0 |     368 |       24 |      1 |    50 |    +0.0% | -144.385 |   -19209.7 |  -104265.3 |    922 | soc_obs\[30\]$_SDFF_PP0_/D
     450* |       0 |     376 |       24 |      1 |    52 |    +0.0% | -144.084 |   -19168.0 |  -104054.0 |    922 | soc_obs\[30\]$_SDFF_PP0_/D
     460* |       0 |     383 |       25 |      1 |    54 |    +0.0% | -143.869 |   -19137.6 |  -103902.1 |    922 | soc_obs\[30\]$_SDFF_PP0_/D
     470* |       0 |     391 |       25 |      1 |    56 |    +0.0% | -143.615 |   -19102.3 |  -103723.2 |    922 | soc_obs\[30\]$_SDFF_PP0_/D
     480* |       0 |     397 |       26 |      1 |    59 |    +0.1% | -143.363 |   -19070.0 |  -103546.5 |    922 | soc_obs\[30\]$_SDFF_PP0_/D
     490* |       0 |     404 |       26 |      1 |    62 |    +0.1% | -143.103 |   -19032.5 |  -103364.4 |    922 | soc_obs\[30\]$_SDFF_PP0_/D
     500* |       0 |     406 |       30 |      1 |    66 |    +0.1% | -143.056 |   -19026.9 |  -103331.8 |    922 | soc_obs\[30\]$_SDFF_PP0_/D
     510* |       0 |     411 |       32 |      1 |    69 |    +0.1% | -142.911 |   -19003.4 |  -103229.1 |    922 | soc_obs\[30\]$_SDFF_PP0_/D
     520* |       0 |     419 |       33 |      1 |    70 |    +0.1% | -142.641 |   -18968.4 |  -103039.5 |    922 | soc_obs\[30\]$_SDFF_PP0_/D
     530* |       0 |     424 |       35 |      1 |    73 |    +0.1% | -142.487 |   -18945.7 |  -102930.8 |    922 | soc_obs\[30\]$_SDFF_PP0_/D
     540* |       0 |     424 |       41 |      1 |    77 |    +0.1% | -142.491 |   -18946.0 |  -102933.5 |    922 | soc_obs\[30\]$_SDFF_PP0_/D
     550* |       0 |     428 |       43 |      1 |    81 |    +0.1% | -142.523 |   -18950.2 |  -102956.2 |    922 | soc_obs\[30\]$_SDFF_PP0_/D
     560* |       0 |     433 |       43 |      1 |    86 |    +0.1% | -142.312 |   -18923.0 |  -102807.8 |    922 | soc_obs\[30\]$_SDFF_PP0_/D
     570* |       0 |     436 |       47 |      1 |    89 |    +0.1% | -142.222 |   -18910.4 |  -102744.1 |    922 | soc_obs\[30\]$_SDFF_PP0_/D
     580* |       0 |     442 |       48 |      1 |    92 |    +0.1% | -142.000 |   -18883.0 |  -102587.6 |    922 | soc_obs\[30\]$_SDFF_PP0_/D
     590* |       0 |     448 |       48 |      1 |    96 |    +0.1% | -141.800 |   -18859.5 |  -102447.1 |    922 | soc_obs\[30\]$_SDFF_PP0_/D
     600* |       0 |     454 |       48 |      1 |   100 |    +0.1% | -141.625 |   -18839.8 |  -102323.3 |    922 | soc_obs\[30\]$_SDFF_PP0_/D
     610* |       0 |     461 |       49 |      1 |   102 |    +0.1% | -141.452 |   -18821.5 |  -102207.2 |    922 | soc_obs\[30\]$_SDFF_PP0_/D
     620* |       0 |     469 |       49 |      1 |   104 |    +0.1% | -141.262 |   -18801.4 |  -102074.0 |    922 | soc_obs\[30\]$_SDFF_PP0_/D
     630* |       0 |     470 |       50 |      1 |   112 |    +0.1% | -141.275 |   -18803.5 |  -102082.7 |    922 | soc_obs\[30\]$_SDFF_PP0_/D
     640* |       0 |     470 |       55 |      1 |   117 |    +0.1% | -141.313 |   -18809.2 |  -102109.4 |    922 | soc_obs\[30\]$_SDFF_PP0_/D
     650* |       0 |     476 |       56 |      1 |   120 |    +0.1% | -141.121 |   -18784.1 |  -101974.6 |    922 | soc_obs\[30\]$_SDFF_PP0_/D
     660* |       0 |     480 |       58 |      1 |   124 |    +0.1% | -141.069 |   -18775.7 |  -101919.1 |    922 | soc_obs\[30\]$_SDFF_PP0_/D
     670* |       0 |     487 |       58 |      1 |   127 |    +0.1% | -140.937 |   -18754.7 |  -101854.6 |    922 | soc_obs\[27\]$_SDFF_PP0_/D
     680* |       0 |     495 |       58 |      1 |   129 |    +0.1% | -140.805 |   -18733.3 |  -101781.0 |    922 | soc_obs\[30\]$_SDFF_PP0_/D
     690* |       0 |     497 |       60 |      1 |   135 |    +0.1% | -140.867 |   -18741.3 |  -101824.7 |    922 | soc_obs\[30\]$_SDFF_PP0_/D
     700* |       0 |     504 |       61 |      1 |   137 |    +0.1% | -140.660 |   -18716.9 |  -101693.1 |    922 | soc_obs\[30\]$_SDFF_PP0_/D
     710* |       0 |     510 |       62 |      1 |   140 |    +0.1% | -140.507 |   -18699.5 |  -101584.8 |    922 | soc_obs\[30\]$_SDFF_PP0_/D
     720* |       0 |     514 |       65 |      1 |   143 |    +0.1% | -140.449 |   -18691.3 |  -101544.5 |    922 | soc_obs\[30\]$_SDFF_PP0_/D
     730* |       0 |     518 |       68 |      1 |   146 |    +0.1% | -140.453 |   -18692.3 |  -101547.3 |    922 | soc_obs\[30\]$_SDFF_PP0_/D
     740* |       0 |     524 |       69 |      1 |   149 |    +0.1% | -140.378 |   -18684.5 |  -101488.5 |    922 | soc_obs\[30\]$_SDFF_PP0_/D
     750* |       0 |     524 |       79 |      1 |   149 |    +0.1% | -140.378 |   -18684.5 |  -101488.5 |    922 | soc_obs\[30\]$_SDFF_PP0_/D
     760* |       0 |     524 |       88 |      1 |   150 |    +0.1% | -140.381 |   -18685.1 |  -101491.1 |    922 | soc_obs\[30\]$_SDFF_PP0_/D
     770* |       0 |     524 |       98 |      1 |   150 |    +0.1% | -140.381 |   -18685.1 |  -101491.1 |    922 | soc_obs\[30\]$_SDFF_PP0_/D
     780* |       0 |     524 |      108 |      1 |   150 |    +0.1% | -140.381 |   -18685.1 |  -101491.1 |    922 | soc_obs\[30\]$_SDFF_PP0_/D
     788* |       0 |     524 |       68 |      1 |   148 |    +0.1% | -140.369 |   -18683.2 |  -101488.2 |    922 | soc_obs\[30\]$_SDFF_PP0_/D
     788* |       0 |     524 |       68 |      1 |   148 |    +0.1% | -140.369 |   -18683.2 |  -101488.2 |    922 | soc_obs\[30\]$_SDFF_PP0_/D
     789+ |       0 |     524 |       68 |      1 |   148 |    +0.1% | -140.369 |   -18683.2 |  -101488.2 |    922 | soc_obs\[30\]$_SDFF_PP0_/D
     790+ |       0 |     524 |       68 |      1 |   148 |    +0.1% | -140.369 |   -18683.2 |  -101488.2 |    922 | soc_obs\[30\]$_SDFF_PP0_/D
     790+ |       0 |     524 |       68 |      1 |   148 |    +0.1% | -140.369 |   -18683.2 |  -101488.2 |    922 | soc_obs\[30\]$_SDFF_PP0_/D
     794+ |       0 |     527 |       68 |      1 |   148 |    +0.1% | -140.369 |   -18683.2 |  -101483.7 |    922 | soc_obs\[30\]$_SDFF_PP0_/D
     796+ |       0 |     528 |       68 |      1 |   148 |    +0.1% | -140.369 |   -18683.2 |  -101481.1 |    922 | soc_obs\[30\]$_SDFF_PP0_/D
     797+ |       0 |     528 |       68 |      1 |   148 |    +0.1% | -140.369 |   -18683.2 |  -101481.1 |    922 | soc_obs\[30\]$_SDFF_PP0_/D
     800+ |       0 |     530 |       68 |      1 |   148 |    +0.1% | -140.369 |   -18683.2 |  -101480.0 |    922 | soc_obs\[30\]$_SDFF_PP0_/D
     804+ |       0 |     534 |       68 |      1 |   148 |    +0.1% | -140.369 |   -18683.2 |  -101478.3 |    922 | soc_obs\[30\]$_SDFF_PP0_/D
     807+ |       0 |     535 |       68 |      1 |   149 |    +0.1% | -140.369 |   -18683.2 |  -101476.8 |    922 | soc_obs\[30\]$_SDFF_PP0_/D
     808+ |       0 |     535 |       68 |      1 |   149 |    +0.1% | -140.369 |   -18683.2 |  -101476.8 |    922 | soc_obs\[30\]$_SDFF_PP0_/D
     810+ |       0 |     535 |       68 |      1 |   150 |    +0.1% | -140.369 |   -18683.2 |  -101476.7 |    922 | soc_obs\[30\]$_SDFF_PP0_/D
     814+ |       0 |     539 |       68 |      1 |   150 |    +0.1% | -140.369 |   -18683.2 |  -101472.3 |    922 | soc_obs\[30\]$_SDFF_PP0_/D
     817+ |       0 |     540 |       68 |      1 |   151 |    +0.1% | -140.369 |   -18683.2 |  -101472.2 |    922 | soc_obs\[30\]$_SDFF_PP0_/D
     820+ |       0 |     542 |       68 |      1 |   151 |    +0.1% | -140.369 |   -18683.2 |  -101472.1 |    922 | soc_obs\[30\]$_SDFF_PP0_/D
     823+ |       0 |     545 |       68 |      1 |   151 |    +0.1% | -140.369 |   -18683.2 |  -101471.4 |    922 | soc_obs\[30\]$_SDFF_PP0_/D
     827+ |       0 |     548 |       68 |      1 |   151 |    +0.1% | -140.369 |   -18683.2 |  -101471.2 |    922 | soc_obs\[30\]$_SDFF_PP0_/D
     830+ |       0 |     550 |       68 |      1 |   151 |    +0.1% | -140.369 |   -18683.2 |  -101470.9 |    922 | soc_obs\[30\]$_SDFF_PP0_/D
     836+ |       0 |     553 |       68 |      1 |   154 |    +0.1% | -140.369 |   -18683.2 |  -101462.2 |    922 | soc_obs\[30\]$_SDFF_PP0_/D
     840+ |       0 |     556 |       68 |      1 |   154 |    +0.1% | -140.369 |   -18683.2 |  -101459.4 |    922 | soc_obs\[30\]$_SDFF_PP0_/D
     841+ |       0 |     557 |       68 |      1 |   154 |    +0.1% | -140.369 |   -18683.2 |  -101459.0 |    922 | soc_obs\[30\]$_SDFF_PP0_/D
     844+ |       0 |     559 |       68 |      1 |   154 |    +0.1% | -140.369 |   -18683.2 |  -101458.8 |    922 | soc_obs\[30\]$_SDFF_PP0_/D
     845+ |       0 |     559 |       68 |      1 |   154 |    +0.1% | -140.369 |   -18683.2 |  -101458.8 |    922 | soc_obs\[30\]$_SDFF_PP0_/D
     850+ |       0 |     563 |       68 |      1 |   154 |    +0.1% | -140.369 |   -18683.2 |  -101451.0 |    922 | soc_obs\[30\]$_SDFF_PP0_/D
     853+ |       0 |     565 |       68 |      1 |   155 |    +0.1% | -140.369 |   -18683.2 |  -101449.3 |    922 | soc_obs\[27\]$_SDFF_PP0_/D
     856+ |       0 |     566 |       68 |      1 |   156 |    +0.1% | -140.369 |   -18683.2 |  -101447.9 |    922 | soc_obs\[27\]$_SDFF_PP0_/D
     860+ |       0 |     568 |       68 |      1 |   157 |    +0.1% | -140.369 |   -18683.2 |  -101447.6 |    922 | soc_obs\[27\]$_SDFF_PP0_/D
     860+ |       0 |     568 |       68 |      1 |   157 |    +0.1% | -140.369 |   -18683.2 |  -101447.6 |    922 | soc_obs\[27\]$_SDFF_PP0_/D
     865+ |       0 |     571 |       68 |      1 |   158 |    +0.1% | -140.369 |   -18683.2 |  -101447.4 |    922 | soc_obs\[27\]$_SDFF_PP0_/D
     870+ |       0 |     573 |       68 |      1 |   160 |    +0.1% | -140.369 |   -18683.2 |  -101443.5 |    922 | soc_obs\[27\]$_SDFF_PP0_/D
     870+ |       0 |     573 |       68 |      1 |   160 |    +0.1% | -140.369 |   -18683.2 |  -101443.5 |    922 | soc_obs\[27\]$_SDFF_PP0_/D
     876+ |       0 |     576 |       68 |      1 |   162 |    +0.1% | -140.369 |   -18683.2 |  -101443.0 |    922 | soc_obs\[27\]$_SDFF_PP0_/D
     880+ |       0 |     579 |       68 |      1 |   162 |    +0.1% | -140.369 |   -18683.2 |  -101441.0 |    922 | soc_obs\[27\]$_SDFF_PP0_/D
     881+ |       0 |     580 |       68 |      1 |   162 |    +0.1% | -140.369 |   -18683.2 |  -101441.0 |    922 | soc_obs\[27\]$_SDFF_PP0_/D
     883+ |       0 |     581 |       68 |      1 |   162 |    +0.1% | -140.369 |   -18683.2 |  -101440.9 |    922 | soc_obs\[27\]$_SDFF_PP0_/D
     884+ |       0 |     581 |       68 |      1 |   162 |    +0.1% | -140.369 |   -18683.2 |  -101440.9 |    922 | soc_obs\[27\]$_SDFF_PP0_/D
     885+ |       0 |     581 |       68 |      1 |   162 |    +0.1% | -140.369 |   -18683.2 |  -101440.9 |    922 | soc_obs\[27\]$_SDFF_PP0_/D
     890+ |       0 |     584 |       68 |      1 |   163 |    +0.1% | -140.369 |   -18683.2 |  -101440.7 |    922 | soc_obs\[27\]$_SDFF_PP0_/D
     891+ |       0 |     585 |       68 |      1 |   163 |    +0.1% | -140.369 |   -18683.2 |  -101439.8 |    922 | soc_obs\[27\]$_SDFF_PP0_/D
     892+ |       0 |     585 |       68 |      1 |   163 |    +0.1% | -140.369 |   -18683.2 |  -101439.8 |    922 | soc_obs\[27\]$_SDFF_PP0_/D
     898+ |       0 |     590 |       68 |      1 |   163 |    +0.1% | -140.369 |   -18683.2 |  -101434.6 |    922 | soc_obs\[27\]$_SDFF_PP0_/D
     899+ |       0 |     590 |       68 |      1 |   163 |    +0.1% | -140.369 |   -18683.2 |  -101434.6 |    922 | soc_obs\[27\]$_SDFF_PP0_/D
     900+ |       0 |     590 |       68 |      1 |   163 |    +0.1% | -140.369 |   -18683.2 |  -101434.6 |    922 | soc_obs\[27\]$_SDFF_PP0_/D
     901+ |       0 |     591 |       68 |      1 |   163 |    +0.1% | -140.369 |   -18683.2 |  -101432.9 |    922 | soc_obs\[27\]$_SDFF_PP0_/D
     902+ |       0 |     591 |       68 |      1 |   163 |    +0.1% | -140.369 |   -18683.2 |  -101432.9 |    922 | soc_obs\[27\]$_SDFF_PP0_/D
     906+ |       0 |     592 |       68 |      1 |   165 |    +0.1% | -140.369 |   -18683.2 |  -101432.9 |    922 | soc_obs\[27\]$_SDFF_PP0_/D
     910+ |       0 |     594 |       68 |      1 |   166 |    +0.1% | -140.369 |   -18683.2 |  -101432.8 |    922 | soc_obs\[27\]$_SDFF_PP0_/D
     910+ |       0 |     594 |       68 |      1 |   166 |    +0.1% | -140.369 |   -18683.2 |  -101432.8 |    922 | soc_obs\[27\]$_SDFF_PP0_/D
     914+ |       0 |     597 |       68 |      1 |   166 |    +0.1% | -140.369 |   -18683.2 |  -101430.0 |    922 | soc_obs\[27\]$_SDFF_PP0_/D
     915+ |       0 |     597 |       68 |      1 |   166 |    +0.1% | -140.369 |   -18683.2 |  -101430.0 |    922 | soc_obs\[27\]$_SDFF_PP0_/D
     916+ |       0 |     597 |       68 |      1 |   166 |    +0.1% | -140.369 |   -18683.2 |  -101430.0 |    922 | soc_obs\[27\]$_SDFF_PP0_/D
     917+ |       0 |     597 |       68 |      1 |   166 |    +0.1% | -140.369 |   -18683.2 |  -101430.0 |    922 | soc_obs\[27\]$_SDFF_PP0_/D
     920+ |       0 |     599 |       68 |      1 |   166 |    +0.1% | -140.369 |   -18683.2 |  -101429.9 |    922 | soc_obs\[27\]$_SDFF_PP0_/D
     921+ |       0 |     599 |       68 |      1 |   167 |    +0.1% | -140.369 |   -18683.2 |  -101429.9 |    922 | soc_obs\[27\]$_SDFF_PP0_/D
     922+ |       0 |     599 |       68 |      1 |   167 |    +0.1% | -140.369 |   -18683.2 |  -101429.9 |    922 | soc_obs\[27\]$_SDFF_PP0_/D
     925+ |       0 |     601 |       68 |      1 |   167 |    +0.1% | -140.369 |   -18683.2 |  -101429.8 |    922 | soc_obs\[27\]$_SDFF_PP0_/D
     926+ |       0 |     601 |       68 |      1 |   167 |    +0.1% | -140.369 |   -18683.2 |  -101429.8 |    922 | soc_obs\[27\]$_SDFF_PP0_/D
     927+ |       0 |     601 |       68 |      1 |   167 |    +0.1% | -140.369 |   -18683.2 |  -101429.8 |    922 | soc_obs\[27\]$_SDFF_PP0_/D
     928+ |       0 |     601 |       68 |      1 |   167 |    +0.1% | -140.369 |   -18683.2 |  -101429.8 |    922 | soc_obs\[27\]$_SDFF_PP0_/D
     929+ |       0 |     601 |       68 |      1 |   167 |    +0.1% | -140.369 |   -18683.2 |  -101429.8 |    922 | soc_obs\[27\]$_SDFF_PP0_/D
     930+ |       0 |     601 |       68 |      1 |   167 |    +0.1% | -140.369 |   -18683.2 |  -101429.8 |    922 | soc_obs\[27\]$_SDFF_PP0_/D
     930+ |       0 |     601 |       68 |      1 |   167 |    +0.1% | -140.369 |   -18683.2 |  -101429.8 |    922 | soc_obs\[27\]$_SDFF_PP0_/D
     931+ |       0 |     601 |       68 |      1 |   167 |    +0.1% | -140.369 |   -18683.2 |  -101429.8 |    922 | soc_obs\[27\]$_SDFF_PP0_/D
     932+ |       0 |     601 |       68 |      1 |   167 |    +0.1% | -140.369 |   -18683.2 |  -101429.8 |    922 | soc_obs\[27\]$_SDFF_PP0_/D
     933+ |       0 |     601 |       68 |      1 |   167 |    +0.1% | -140.369 |   -18683.2 |  -101429.8 |    922 | soc_obs\[27\]$_SDFF_PP0_/D
     934+ |       0 |     601 |       68 |      1 |   167 |    +0.1% | -140.369 |   -18683.2 |  -101429.8 |    922 | soc_obs\[27\]$_SDFF_PP0_/D
     935+ |       0 |     601 |       68 |      1 |   167 |    +0.1% | -140.369 |   -18683.2 |  -101429.8 |    922 | soc_obs\[27\]$_SDFF_PP0_/D
     936+ |       0 |     601 |       68 |      1 |   167 |    +0.1% | -140.369 |   -18683.2 |  -101429.8 |    922 | soc_obs\[27\]$_SDFF_PP0_/D
     937+ |       0 |     601 |       68 |      1 |   167 |    +0.1% | -140.369 |   -18683.2 |  -101429.8 |    922 | soc_obs\[27\]$_SDFF_PP0_/D
     938+ |       0 |     601 |       68 |      1 |   167 |    +0.1% | -140.369 |   -18683.2 |  -101429.8 |    922 | soc_obs\[27\]$_SDFF_PP0_/D
     940+ |       0 |     602 |       68 |      1 |   167 |    +0.1% | -140.369 |   -18683.2 |  -101428.8 |    922 | soc_obs\[27\]$_SDFF_PP0_/D
     940+ |       0 |     602 |       68 |      1 |   167 |    +0.1% | -140.369 |   -18683.2 |  -101428.8 |    922 | soc_obs\[27\]$_SDFF_PP0_/D
     942+ |       0 |     602 |       68 |      1 |   168 |    +0.1% | -140.369 |   -18683.2 |  -101428.8 |    922 | soc_obs\[27\]$_SDFF_PP0_/D
     943+ |       0 |     602 |       68 |      1 |   168 |    +0.1% | -140.369 |   -18683.2 |  -101428.8 |    922 | soc_obs\[27\]$_SDFF_PP0_/D
     944+ |       0 |     602 |       68 |      1 |   168 |    +0.1% | -140.369 |   -18683.2 |  -101428.8 |    922 | soc_obs\[27\]$_SDFF_PP0_/D
     945+ |       0 |     602 |       68 |      1 |   168 |    +0.1% | -140.369 |   -18683.2 |  -101428.8 |    922 | soc_obs\[27\]$_SDFF_PP0_/D
     946+ |       0 |     602 |       68 |      1 |   168 |    +0.1% | -140.369 |   -18683.2 |  -101428.8 |    922 | soc_obs\[27\]$_SDFF_PP0_/D
     947+ |       0 |     602 |       68 |      1 |   168 |    +0.1% | -140.369 |   -18683.2 |  -101428.8 |    922 | soc_obs\[27\]$_SDFF_PP0_/D
     950+ |       0 |     604 |       68 |      1 |   168 |    +0.1% | -140.369 |   -18683.2 |  -101427.6 |    922 | soc_obs\[27\]$_SDFF_PP0_/D
     954+ |       0 |     608 |       68 |      1 |   168 |    +0.1% | -140.369 |   -18683.2 |  -101426.7 |    922 | soc_obs\[27\]$_SDFF_PP0_/D
     955+ |       0 |     608 |       68 |      1 |   168 |    +0.1% | -140.369 |   -18683.2 |  -101426.7 |    922 | soc_obs\[27\]$_SDFF_PP0_/D
     956+ |       0 |     608 |       68 |      1 |   168 |    +0.1% | -140.369 |   -18683.2 |  -101426.7 |    922 | soc_obs\[27\]$_SDFF_PP0_/D
     957+ |       0 |     608 |       68 |      1 |   168 |    +0.1% | -140.369 |   -18683.2 |  -101426.7 |    922 | soc_obs\[27\]$_SDFF_PP0_/D
     958+ |       0 |     608 |       68 |      1 |   168 |    +0.1% | -140.369 |   -18683.2 |  -101426.7 |    922 | soc_obs\[27\]$_SDFF_PP0_/D
     959+ |       0 |     608 |       68 |      1 |   168 |    +0.1% | -140.369 |   -18683.2 |  -101426.7 |    922 | soc_obs\[27\]$_SDFF_PP0_/D
     960+ |       0 |     608 |       68 |      1 |   168 |    +0.1% | -140.369 |   -18683.2 |  -101426.7 |    922 | soc_obs\[27\]$_SDFF_PP0_/D
     960+ |       0 |     608 |       68 |      1 |   168 |    +0.1% | -140.369 |   -18683.2 |  -101426.7 |    922 | soc_obs\[27\]$_SDFF_PP0_/D
     961+ |       0 |     608 |       68 |      1 |   168 |    +0.1% | -140.369 |   -18683.2 |  -101426.7 |    922 | soc_obs\[27\]$_SDFF_PP0_/D
     962+ |       0 |     608 |       68 |      1 |   168 |    +0.1% | -140.369 |   -18683.2 |  -101426.7 |    922 | soc_obs\[27\]$_SDFF_PP0_/D
     963+ |       0 |     608 |       68 |      1 |   168 |    +0.1% | -140.369 |   -18683.2 |  -101426.7 |    922 | soc_obs\[27\]$_SDFF_PP0_/D
     968+ |       0 |     610 |       68 |      1 |   170 |    +0.1% | -140.369 |   -18683.2 |  -101424.6 |    922 | soc_obs\[27\]$_SDFF_PP0_/D
     969+ |       0 |     610 |       68 |      1 |   170 |    +0.1% | -140.369 |   -18683.2 |  -101424.6 |    922 | soc_obs\[27\]$_SDFF_PP0_/D
     970+ |       0 |     610 |       68 |      1 |   170 |    +0.1% | -140.369 |   -18683.2 |  -101424.6 |    922 | soc_obs\[27\]$_SDFF_PP0_/D
     970+ |       0 |     610 |       68 |      1 |   170 |    +0.1% | -140.369 |   -18683.2 |  -101424.6 |    922 | soc_obs\[27\]$_SDFF_PP0_/D
     971+ |       0 |     610 |       68 |      1 |   170 |    +0.1% | -140.369 |   -18683.2 |  -101424.6 |    922 | soc_obs\[27\]$_SDFF_PP0_/D
     972+ |       0 |     610 |       68 |      1 |   170 |    +0.1% | -140.369 |   -18683.2 |  -101424.6 |    922 | soc_obs\[27\]$_SDFF_PP0_/D
     973+ |       0 |     610 |       68 |      1 |   170 |    +0.1% | -140.369 |   -18683.2 |  -101424.6 |    922 | soc_obs\[27\]$_SDFF_PP0_/D
     974+ |       0 |     610 |       68 |      1 |   170 |    +0.1% | -140.369 |   -18683.2 |  -101424.6 |    922 | soc_obs\[27\]$_SDFF_PP0_/D
     975+ |       0 |     610 |       68 |      1 |   170 |    +0.1% | -140.369 |   -18683.2 |  -101424.6 |    922 | soc_obs\[27\]$_SDFF_PP0_/D
     976+ |       0 |     610 |       68 |      1 |   170 |    +0.1% | -140.369 |   -18683.2 |  -101424.6 |    922 | soc_obs\[27\]$_SDFF_PP0_/D
     977+ |       0 |     610 |       68 |      1 |   170 |    +0.1% | -140.369 |   -18683.2 |  -101424.6 |    922 | soc_obs\[27\]$_SDFF_PP0_/D
     978+ |       0 |     610 |       68 |      1 |   170 |    +0.1% | -140.369 |   -18683.2 |  -101424.6 |    922 | soc_obs\[27\]$_SDFF_PP0_/D
     979+ |       0 |     610 |       68 |      1 |   170 |    +0.1% | -140.369 |   -18683.2 |  -101424.6 |    922 | soc_obs\[27\]$_SDFF_PP0_/D
     980+ |       0 |     610 |       68 |      1 |   170 |    +0.1% | -140.369 |   -18683.2 |  -101424.6 |    922 | soc_obs\[27\]$_SDFF_PP0_/D
     980+ |       0 |     610 |       68 |      1 |   170 |    +0.1% | -140.369 |   -18683.2 |  -101424.6 |    922 | soc_obs\[27\]$_SDFF_PP0_/D
     981+ |       0 |     610 |       68 |      1 |   170 |    +0.1% | -140.369 |   -18683.2 |  -101424.6 |    922 | soc_obs\[27\]$_SDFF_PP0_/D
     982+ |       0 |     610 |       68 |      1 |   170 |    +0.1% | -140.369 |   -18683.2 |  -101424.6 |    922 | soc_obs\[27\]$_SDFF_PP0_/D
     983+ |       0 |     610 |       68 |      1 |   170 |    +0.1% | -140.369 |   -18683.2 |  -101424.6 |    922 | soc_obs\[27\]$_SDFF_PP0_/D
     984+ |       0 |     610 |       68 |      1 |   170 |    +0.1% | -140.369 |   -18683.2 |  -101424.6 |    922 | soc_obs\[27\]$_SDFF_PP0_/D
     985+ |       0 |     610 |       68 |      1 |   170 |    +0.1% | -140.369 |   -18683.2 |  -101424.6 |    922 | soc_obs\[27\]$_SDFF_PP0_/D
     986+ |       0 |     610 |       68 |      1 |   170 |    +0.1% | -140.369 |   -18683.2 |  -101424.6 |    922 | soc_obs\[27\]$_SDFF_PP0_/D
     987+ |       0 |     610 |       68 |      1 |   170 |    +0.1% | -140.369 |   -18683.2 |  -101424.6 |    922 | soc_obs\[27\]$_SDFF_PP0_/D
     988+ |       0 |     610 |       68 |      1 |   170 |    +0.1% | -140.369 |   -18683.2 |  -101424.6 |    922 | soc_obs\[27\]$_SDFF_PP0_/D
     989+ |       0 |     610 |       68 |      1 |   170 |    +0.1% | -140.369 |   -18683.2 |  -101424.6 |    922 | soc_obs\[27\]$_SDFF_PP0_/D
     990+ |       0 |     610 |       68 |      1 |   170 |    +0.1% | -140.369 |   -18683.2 |  -101424.6 |    922 | soc_obs\[27\]$_SDFF_PP0_/D
     990+ |       0 |     610 |       68 |      1 |   170 |    +0.1% | -140.369 |   -18683.2 |  -101424.6 |    922 | soc_obs\[27\]$_SDFF_PP0_/D
     991+ |       0 |     610 |       68 |      1 |   170 |    +0.1% | -140.369 |   -18683.2 |  -101424.6 |    922 | soc_obs\[27\]$_SDFF_PP0_/D
     992+ |       0 |     610 |       68 |      1 |   170 |    +0.1% | -140.369 |   -18683.2 |  -101424.6 |    922 | soc_obs\[27\]$_SDFF_PP0_/D
     993+ |       0 |     610 |       68 |      1 |   170 |    +0.1% | -140.369 |   -18683.2 |  -101424.6 |    922 | soc_obs\[27\]$_SDFF_PP0_/D
     994+ |       0 |     610 |       68 |      1 |   170 |    +0.1% | -140.369 |   -18683.2 |  -101424.6 |    922 | soc_obs\[27\]$_SDFF_PP0_/D
     999+ |       0 |     613 |       68 |      1 |   171 |    +0.1% | -140.369 |   -18683.2 |  -101422.9 |    922 | soc_obs\[27\]$_SDFF_PP0_/D
    1000+ |       0 |     613 |       68 |      1 |   171 |    +0.1% | -140.369 |   -18683.2 |  -101422.9 |    922 | soc_obs\[27\]$_SDFF_PP0_/D
    1000+ |       0 |     613 |       68 |      1 |   171 |    +0.1% | -140.369 |   -18683.2 |  -101422.9 |    922 | soc_obs\[27\]$_SDFF_PP0_/D
    1001+ |       0 |     613 |       68 |      1 |   171 |    +0.1% | -140.369 |   -18683.2 |  -101422.9 |    922 | soc_obs\[27\]$_SDFF_PP0_/D
    1002+ |       0 |     613 |       68 |      1 |   171 |    +0.1% | -140.369 |   -18683.2 |  -101422.9 |    922 | soc_obs\[27\]$_SDFF_PP0_/D
    1003+ |       0 |     613 |       68 |      1 |   171 |    +0.1% | -140.369 |   -18683.2 |  -101422.9 |    922 | soc_obs\[27\]$_SDFF_PP0_/D
    1007+ |       0 |     615 |       68 |      1 |   172 |    +0.1% | -140.369 |   -18683.2 |  -101420.8 |    922 | soc_obs\[27\]$_SDFF_PP0_/D
    1008+ |       0 |     615 |       68 |      1 |   172 |    +0.1% | -140.369 |   -18683.2 |  -101420.8 |    922 | soc_obs\[27\]$_SDFF_PP0_/D
    1009+ |       0 |     615 |       68 |      1 |   172 |    +0.1% | -140.369 |   -18683.2 |  -101420.8 |    922 | soc_obs\[27\]$_SDFF_PP0_/D
    1010+ |       0 |     615 |       68 |      1 |   172 |    +0.1% | -140.369 |   -18683.2 |  -101420.8 |    922 | soc_obs\[27\]$_SDFF_PP0_/D
    1010+ |       0 |     615 |       68 |      1 |   172 |    +0.1% | -140.369 |   -18683.2 |  -101420.8 |    922 | soc_obs\[27\]$_SDFF_PP0_/D
    1011+ |       0 |     615 |       68 |      1 |   172 |    +0.1% | -140.369 |   -18683.2 |  -101420.8 |    922 | soc_obs\[27\]$_SDFF_PP0_/D
    1015+ |       0 |     618 |       68 |      1 |   172 |    +0.1% | -140.369 |   -18683.2 |  -101419.6 |    922 | soc_obs\[27\]$_SDFF_PP0_/D
    1016+ |       0 |     618 |       68 |      1 |   172 |    +0.1% | -140.369 |   -18683.2 |  -101419.6 |    922 | soc_obs\[27\]$_SDFF_PP0_/D
    1017+ |       0 |     618 |       68 |      1 |   172 |    +0.1% | -140.369 |   -18683.2 |  -101419.6 |    922 | soc_obs\[27\]$_SDFF_PP0_/D
    1018+ |       0 |     618 |       68 |      1 |   172 |    +0.1% | -140.369 |   -18683.2 |  -101419.6 |    922 | soc_obs\[27\]$_SDFF_PP0_/D
    1020+ |       0 |     619 |       68 |      1 |   172 |    +0.1% | -140.369 |   -18683.2 |  -101418.7 |    922 | soc_obs\[27\]$_SDFF_PP0_/D
    1021+ |       0 |     620 |       68 |      1 |   172 |    +0.1% | -140.369 |   -18683.2 |  -101418.2 |    922 | soc_obs\[27\]$_SDFF_PP0_/D
    1022+ |       0 |     620 |       68 |      1 |   172 |    +0.1% | -140.369 |   -18683.2 |  -101418.2 |    922 | soc_obs\[27\]$_SDFF_PP0_/D
    1023+ |       0 |     620 |       68 |      1 |   172 |    +0.1% | -140.369 |   -18683.2 |  -101418.2 |    922 | soc_obs\[27\]$_SDFF_PP0_/D
    1024+ |       0 |     620 |       68 |      1 |   172 |    +0.1% | -140.369 |   -18683.2 |  -101418.2 |    922 | soc_obs\[27\]$_SDFF_PP0_/D
    1025+ |       0 |     620 |       68 |      1 |   172 |    +0.1% | -140.369 |   -18683.2 |  -101418.2 |    922 | soc_obs\[27\]$_SDFF_PP0_/D
    1026+ |       0 |     620 |       68 |      1 |   172 |    +0.1% | -140.369 |   -18683.2 |  -101418.2 |    922 | soc_obs\[27\]$_SDFF_PP0_/D
    1027+ |       0 |     620 |       68 |      1 |   172 |    +0.1% | -140.369 |   -18683.2 |  -101418.2 |    922 | soc_obs\[27\]$_SDFF_PP0_/D
    1029+ |       0 |     621 |       68 |      1 |   172 |    +0.1% | -140.369 |   -18683.2 |  -101418.1 |    922 | soc_obs\[27\]$_SDFF_PP0_/D
    1030+ |       0 |     621 |       68 |      1 |   172 |    +0.1% | -140.369 |   -18683.2 |  -101418.1 |    922 | soc_obs\[27\]$_SDFF_PP0_/D
    1030+ |       0 |     621 |       68 |      1 |   172 |    +0.1% | -140.369 |   -18683.2 |  -101418.1 |    922 | soc_obs\[27\]$_SDFF_PP0_/D
    1031+ |       0 |     621 |       68 |      1 |   172 |    +0.1% | -140.369 |   -18683.2 |  -101418.1 |    922 | soc_obs\[27\]$_SDFF_PP0_/D
    1036+ |       0 |     625 |       68 |      1 |   172 |    +0.1% | -140.369 |   -18683.2 |  -101415.1 |    922 | soc_obs\[27\]$_SDFF_PP0_/D
    1037+ |       0 |     625 |       68 |      1 |   172 |    +0.1% | -140.369 |   -18683.2 |  -101415.1 |    922 | soc_obs\[27\]$_SDFF_PP0_/D
    1038+ |       0 |     625 |       68 |      1 |   172 |    +0.1% | -140.369 |   -18683.2 |  -101415.1 |    922 | soc_obs\[27\]$_SDFF_PP0_/D
    1039+ |       0 |     625 |       68 |      1 |   172 |    +0.1% | -140.369 |   -18683.2 |  -101415.1 |    922 | soc_obs\[27\]$_SDFF_PP0_/D
    1040+ |       0 |     625 |       68 |      1 |   172 |    +0.1% | -140.369 |   -18683.2 |  -101415.1 |    922 | soc_obs\[27\]$_SDFF_PP0_/D
    1040+ |       0 |     625 |       68 |      1 |   172 |    +0.1% | -140.369 |   -18683.2 |  -101415.1 |    922 | soc_obs\[27\]$_SDFF_PP0_/D
    1041+ |       0 |     625 |       68 |      1 |   172 |    +0.1% | -140.369 |   -18683.2 |  -101415.1 |    922 | soc_obs\[27\]$_SDFF_PP0_/D
    1046+ |       0 |     628 |       68 |      1 |   173 |    +0.1% | -140.369 |   -18683.2 |  -101412.1 |    922 | soc_obs\[27\]$_SDFF_PP0_/D
    1047+ |       0 |     628 |       68 |      1 |   173 |    +0.1% | -140.369 |   -18683.2 |  -101412.1 |    922 | soc_obs\[27\]$_SDFF_PP0_/D
    1048+ |       0 |     628 |       68 |      1 |   173 |    +0.1% | -140.369 |   -18683.2 |  -101412.1 |    922 | soc_obs\[27\]$_SDFF_PP0_/D
    1049+ |       0 |     628 |       68 |      1 |   173 |    +0.1% | -140.369 |   -18683.2 |  -101412.1 |    922 | soc_obs\[27\]$_SDFF_PP0_/D
    1050+ |       0 |     628 |       68 |      1 |   173 |    +0.1% | -140.369 |   -18683.2 |  -101412.1 |    922 | soc_obs\[27\]$_SDFF_PP0_/D
    1050+ |       0 |     628 |       68 |      1 |   173 |    +0.1% | -140.369 |   -18683.2 |  -101412.1 |    922 | soc_obs\[27\]$_SDFF_PP0_/D
    1051+ |       0 |     628 |       68 |      1 |   173 |    +0.1% | -140.369 |   -18683.2 |  -101412.1 |    922 | soc_obs\[27\]$_SDFF_PP0_/D
    1052+ |       0 |     628 |       68 |      1 |   173 |    +0.1% | -140.369 |   -18683.2 |  -101412.1 |    922 | soc_obs\[27\]$_SDFF_PP0_/D
    1053+ |       0 |     628 |       68 |      1 |   173 |    +0.1% | -140.369 |   -18683.2 |  -101412.1 |    922 | soc_obs\[27\]$_SDFF_PP0_/D
    1054+ |       0 |     628 |       68 |      1 |   173 |    +0.1% | -140.369 |   -18683.2 |  -101412.1 |    922 | soc_obs\[27\]$_SDFF_PP0_/D
    1060+ |       0 |     633 |       68 |      1 |   173 |    +0.1% | -140.369 |   -18683.2 |  -101408.6 |    922 | soc_obs\[27\]$_SDFF_PP0_/D
    1060+ |       0 |     633 |       68 |      1 |   173 |    +0.1% | -140.369 |   -18683.2 |  -101408.6 |    922 | soc_obs\[27\]$_SDFF_PP0_/D
    1061+ |       0 |     633 |       68 |      1 |   173 |    +0.1% | -140.369 |   -18683.2 |  -101408.6 |    922 | soc_obs\[27\]$_SDFF_PP0_/D
    1062+ |       0 |     633 |       68 |      1 |   173 |    +0.1% | -140.369 |   -18683.2 |  -101408.6 |    922 | soc_obs\[27\]$_SDFF_PP0_/D
    1063+ |       0 |     633 |       68 |      1 |   173 |    +0.1% | -140.369 |   -18683.2 |  -101408.6 |    922 | soc_obs\[27\]$_SDFF_PP0_/D
    1064+ |       0 |     633 |       68 |      1 |   173 |    +0.1% | -140.369 |   -18683.2 |  -101408.6 |    922 | soc_obs\[27\]$_SDFF_PP0_/D
    1065+ |       0 |     633 |       68 |      1 |   173 |    +0.1% | -140.369 |   -18683.2 |  -101408.6 |    922 | soc_obs\[27\]$_SDFF_PP0_/D
    1066+ |       0 |     633 |       68 |      1 |   173 |    +0.1% | -140.369 |   -18683.2 |  -101408.6 |    922 | soc_obs\[27\]$_SDFF_PP0_/D
    1067+ |       0 |     633 |       68 |      1 |   173 |    +0.1% | -140.369 |   -18683.2 |  -101408.6 |    922 | soc_obs\[27\]$_SDFF_PP0_/D
    1068+ |       0 |     633 |       68 |      1 |   173 |    +0.1% | -140.369 |   -18683.2 |  -101408.6 |    922 | soc_obs\[27\]$_SDFF_PP0_/D
    1069+ |       0 |     633 |       68 |      1 |   173 |    +0.1% | -140.369 |   -18683.2 |  -101408.6 |    922 | soc_obs\[27\]$_SDFF_PP0_/D
    1070+ |       0 |     633 |       68 |      1 |   173 |    +0.1% | -140.369 |   -18683.2 |  -101408.6 |    922 | soc_obs\[27\]$_SDFF_PP0_/D
    1070+ |       0 |     633 |       68 |      1 |   173 |    +0.1% | -140.369 |   -18683.2 |  -101408.6 |    922 | soc_obs\[27\]$_SDFF_PP0_/D
    1071+ |       0 |     633 |       68 |      1 |   173 |    +0.1% | -140.369 |   -18683.2 |  -101408.6 |    922 | soc_obs\[27\]$_SDFF_PP0_/D
    1072+ |       0 |     633 |       68 |      1 |   173 |    +0.1% | -140.369 |   -18683.2 |  -101408.6 |    922 | soc_obs\[27\]$_SDFF_PP0_/D
    1073+ |       0 |     633 |       68 |      1 |   173 |    +0.1% | -140.369 |   -18683.2 |  -101408.6 |    922 | soc_obs\[27\]$_SDFF_PP0_/D
    1074+ |       0 |     633 |       68 |      1 |   173 |    +0.1% | -140.369 |   -18683.2 |  -101408.6 |    922 | soc_obs\[27\]$_SDFF_PP0_/D
    1075+ |       0 |     633 |       68 |      1 |   173 |    +0.1% | -140.369 |   -18683.2 |  -101408.6 |    922 | soc_obs\[27\]$_SDFF_PP0_/D
    1076+ |       0 |     633 |       68 |      1 |   173 |    +0.1% | -140.369 |   -18683.2 |  -101408.6 |    922 | soc_obs\[27\]$_SDFF_PP0_/D
    1077+ |       0 |     633 |       68 |      1 |   173 |    +0.1% | -140.369 |   -18683.2 |  -101408.6 |    922 | soc_obs\[27\]$_SDFF_PP0_/D
    1078+ |       0 |     633 |       68 |      1 |   173 |    +0.1% | -140.369 |   -18683.2 |  -101408.6 |    922 | soc_obs\[27\]$_SDFF_PP0_/D
    1079+ |       0 |     633 |       68 |      1 |   173 |    +0.1% | -140.369 |   -18683.2 |  -101408.6 |    922 | soc_obs\[27\]$_SDFF_PP0_/D
    1080+ |       0 |     633 |       68 |      1 |   173 |    +0.1% | -140.369 |   -18683.2 |  -101408.6 |    922 | soc_obs\[27\]$_SDFF_PP0_/D
    1080+ |       0 |     633 |       68 |      1 |   173 |    +0.1% | -140.369 |   -18683.2 |  -101408.6 |    922 | soc_obs\[27\]$_SDFF_PP0_/D
    1081+ |       0 |     633 |       68 |      1 |   173 |    +0.1% | -140.369 |   -18683.2 |  -101408.6 |    922 | soc_obs\[27\]$_SDFF_PP0_/D
    1082+ |       0 |     633 |       68 |      1 |   173 |    +0.1% | -140.369 |   -18683.2 |  -101408.6 |    922 | soc_obs\[27\]$_SDFF_PP0_/D
    1083+ |       0 |     633 |       68 |      1 |   173 |    +0.1% | -140.369 |   -18683.2 |  -101408.6 |    922 | soc_obs\[27\]$_SDFF_PP0_/D
    1089+ |       0 |     637 |       68 |      1 |   174 |    +0.1% | -140.369 |   -18683.2 |  -101404.8 |    922 | soc_obs\[27\]$_SDFF_PP0_/D
    1090+ |       0 |     637 |       68 |      1 |   174 |    +0.1% | -140.369 |   -18683.2 |  -101404.8 |    922 | soc_obs\[27\]$_SDFF_PP0_/D
    1090+ |       0 |     637 |       68 |      1 |   174 |    +0.1% | -140.369 |   -18683.2 |  -101404.8 |    922 | soc_obs\[27\]$_SDFF_PP0_/D
    1091+ |       0 |     637 |       68 |      1 |   174 |    +0.1% | -140.369 |   -18683.2 |  -101404.8 |    922 | soc_obs\[27\]$_SDFF_PP0_/D
    1092+ |       0 |     637 |       68 |      1 |   174 |    +0.1% | -140.369 |   -18683.2 |  -101404.8 |    922 | soc_obs\[27\]$_SDFF_PP0_/D
    1093+ |       0 |     637 |       68 |      1 |   174 |    +0.1% | -140.369 |   -18683.2 |  -101404.8 |    922 | soc_obs\[27\]$_SDFF_PP0_/D
    1094+ |       0 |     637 |       68 |      1 |   174 |    +0.1% | -140.369 |   -18683.2 |  -101404.8 |    922 | soc_obs\[27\]$_SDFF_PP0_/D
    1095+ |       0 |     637 |       68 |      1 |   174 |    +0.1% | -140.369 |   -18683.2 |  -101404.8 |    922 | soc_obs\[27\]$_SDFF_PP0_/D
    1100+ |       0 |     640 |       68 |      1 |   175 |    +0.1% | -140.369 |   -18683.2 |  -101401.7 |    922 | soc_obs\[27\]$_SDFF_PP0_/D
    1101+ |       0 |     640 |       68 |      1 |   175 |    +0.1% | -140.369 |   -18683.2 |  -101401.7 |    922 | soc_obs\[27\]$_SDFF_PP0_/D
    1102+ |       0 |     640 |       68 |      1 |   175 |    +0.1% | -140.369 |   -18683.2 |  -101401.7 |    922 | soc_obs\[27\]$_SDFF_PP0_/D
    1105+ |       0 |     642 |       68 |      1 |   175 |    +0.1% | -140.369 |   -18683.2 |  -101401.4 |    922 | soc_obs\[27\]$_SDFF_PP0_/D
    1106+ |       0 |     642 |       68 |      1 |   175 |    +0.1% | -140.369 |   -18683.2 |  -101401.4 |    922 | soc_obs\[27\]$_SDFF_PP0_/D
    1107+ |       0 |     642 |       68 |      1 |   175 |    +0.1% | -140.369 |   -18683.2 |  -101401.4 |    922 | soc_obs\[27\]$_SDFF_PP0_/D
    1108+ |       0 |     642 |       68 |      1 |   175 |    +0.1% | -140.369 |   -18683.2 |  -101401.4 |    922 | soc_obs\[27\]$_SDFF_PP0_/D
    1109+ |       0 |     642 |       68 |      1 |   175 |    +0.1% | -140.369 |   -18683.2 |  -101401.4 |    922 | soc_obs\[27\]$_SDFF_PP0_/D
    1110+ |       0 |     642 |       68 |      1 |   175 |    +0.1% | -140.369 |   -18683.2 |  -101401.4 |    922 | soc_obs\[27\]$_SDFF_PP0_/D
    1114+ |       0 |     644 |       68 |      1 |   177 |    +0.1% | -140.369 |   -18683.2 |  -101399.8 |    922 | soc_obs\[27\]$_SDFF_PP0_/D
    1115+ |       0 |     644 |       68 |      1 |   177 |    +0.1% | -140.369 |   -18683.2 |  -101399.8 |    922 | soc_obs\[27\]$_SDFF_PP0_/D
    1116+ |       0 |     644 |       68 |      1 |   177 |    +0.1% | -140.369 |   -18683.2 |  -101399.8 |    922 | soc_obs\[27\]$_SDFF_PP0_/D
    1117+ |       0 |     644 |       68 |      1 |   177 |    +0.1% | -140.369 |   -18683.2 |  -101399.8 |    922 | soc_obs\[27\]$_SDFF_PP0_/D
    1118+ |       0 |     644 |       68 |      1 |   177 |    +0.1% | -140.369 |   -18683.2 |  -101399.8 |    922 | soc_obs\[27\]$_SDFF_PP0_/D
    1119+ |       0 |     644 |       68 |      1 |   177 |    +0.1% | -140.369 |   -18683.2 |  -101399.8 |    922 | soc_obs\[27\]$_SDFF_PP0_/D
    1120+ |       0 |     644 |       68 |      1 |   177 |    +0.1% | -140.369 |   -18683.2 |  -101399.8 |    922 | soc_obs\[27\]$_SDFF_PP0_/D
    1120+ |       0 |     644 |       68 |      1 |   177 |    +0.1% | -140.369 |   -18683.2 |  -101399.8 |    922 | soc_obs\[27\]$_SDFF_PP0_/D
    1121+ |       0 |     644 |       68 |      1 |   177 |    +0.1% | -140.369 |   -18683.2 |  -101399.8 |    922 | soc_obs\[27\]$_SDFF_PP0_/D
    1122+ |       0 |     644 |       68 |      1 |   177 |    +0.1% | -140.369 |   -18683.2 |  -101399.8 |    922 | soc_obs\[27\]$_SDFF_PP0_/D
    1123+ |       0 |     644 |       68 |      1 |   177 |    +0.1% | -140.369 |   -18683.2 |  -101399.8 |    922 | soc_obs\[27\]$_SDFF_PP0_/D
    1124+ |       0 |     644 |       68 |      1 |   177 |    +0.1% | -140.369 |   -18683.2 |  -101399.8 |    922 | soc_obs\[27\]$_SDFF_PP0_/D
    1125+ |       0 |     644 |       68 |      1 |   177 |    +0.1% | -140.369 |   -18683.2 |  -101399.8 |    922 | soc_obs\[27\]$_SDFF_PP0_/D
    1126+ |       0 |     644 |       68 |      1 |   177 |    +0.1% | -140.369 |   -18683.2 |  -101399.8 |    922 | soc_obs\[27\]$_SDFF_PP0_/D
    1127+ |       0 |     644 |       68 |      1 |   177 |    +0.1% | -140.369 |   -18683.2 |  -101399.8 |    922 | soc_obs\[27\]$_SDFF_PP0_/D
    1130+ |       0 |     646 |       68 |      1 |   177 |    +0.1% | -140.369 |   -18683.2 |  -101398.8 |    922 | soc_obs\[27\]$_SDFF_PP0_/D
    1130+ |       0 |     646 |       68 |      1 |   177 |    +0.1% | -140.369 |   -18683.2 |  -101398.8 |    922 | soc_obs\[27\]$_SDFF_PP0_/D
    1131+ |       0 |     646 |       68 |      1 |   177 |    +0.1% | -140.369 |   -18683.2 |  -101398.8 |    922 | soc_obs\[27\]$_SDFF_PP0_/D
    1132+ |       0 |     646 |       68 |      1 |   177 |    +0.1% | -140.369 |   -18683.2 |  -101398.8 |    922 | soc_obs\[27\]$_SDFF_PP0_/D
    1133+ |       0 |     646 |       68 |      1 |   177 |    +0.1% | -140.369 |   -18683.2 |  -101398.8 |    922 | soc_obs\[27\]$_SDFF_PP0_/D
    1134+ |       0 |     646 |       68 |      1 |   177 |    +0.1% | -140.369 |   -18683.2 |  -101398.8 |    922 | soc_obs\[27\]$_SDFF_PP0_/D
    1135+ |       0 |     646 |       68 |      1 |   177 |    +0.1% | -140.369 |   -18683.2 |  -101398.8 |    922 | soc_obs\[27\]$_SDFF_PP0_/D
    1136+ |       0 |     646 |       68 |      1 |   177 |    +0.1% | -140.369 |   -18683.2 |  -101398.8 |    922 | soc_obs\[27\]$_SDFF_PP0_/D
    1137+ |       0 |     646 |       68 |      1 |   177 |    +0.1% | -140.369 |   -18683.2 |  -101398.8 |    922 | soc_obs\[27\]$_SDFF_PP0_/D
    1138+ |       0 |     646 |       68 |      1 |   177 |    +0.1% | -140.369 |   -18683.2 |  -101398.8 |    922 | soc_obs\[27\]$_SDFF_PP0_/D
    1139+ |       0 |     646 |       68 |      1 |   177 |    +0.1% | -140.369 |   -18683.2 |  -101398.8 |    922 | soc_obs\[27\]$_SDFF_PP0_/D
    1140+ |       0 |     646 |       68 |      1 |   177 |    +0.1% | -140.369 |   -18683.2 |  -101398.8 |    922 | soc_obs\[27\]$_SDFF_PP0_/D
    1140+ |       0 |     646 |       68 |      1 |   177 |    +0.1% | -140.369 |   -18683.2 |  -101398.8 |    922 | soc_obs\[27\]$_SDFF_PP0_/D
    1141+ |       0 |     646 |       68 |      1 |   177 |    +0.1% | -140.369 |   -18683.2 |  -101398.8 |    922 | soc_obs\[27\]$_SDFF_PP0_/D
    1142+ |       0 |     646 |       68 |      1 |   177 |    +0.1% | -140.369 |   -18683.2 |  -101398.8 |    922 | soc_obs\[27\]$_SDFF_PP0_/D
    1147+ |       0 |     650 |       68 |      1 |   177 |    +0.1% | -140.369 |   -18683.2 |  -101397.5 |    922 | soc_obs\[27\]$_SDFF_PP0_/D
    1148+ |       0 |     650 |       68 |      1 |   177 |    +0.1% | -140.369 |   -18683.2 |  -101397.5 |    922 | soc_obs\[27\]$_SDFF_PP0_/D
    1149+ |       0 |     650 |       68 |      1 |   177 |    +0.1% | -140.369 |   -18683.2 |  -101397.5 |    922 | soc_obs\[27\]$_SDFF_PP0_/D
    1150+ |       0 |     650 |       68 |      1 |   177 |    +0.1% | -140.369 |   -18683.2 |  -101397.5 |    922 | soc_obs\[27\]$_SDFF_PP0_/D
    1150+ |       0 |     650 |       68 |      1 |   177 |    +0.1% | -140.369 |   -18683.2 |  -101397.5 |    922 | soc_obs\[27\]$_SDFF_PP0_/D
    1151+ |       0 |     650 |       68 |      1 |   177 |    +0.1% | -140.369 |   -18683.2 |  -101397.5 |    922 | soc_obs\[27\]$_SDFF_PP0_/D
    1152+ |       0 |     650 |       68 |      1 |   177 |    +0.1% | -140.369 |   -18683.2 |  -101397.5 |    922 | soc_obs\[27\]$_SDFF_PP0_/D
    1153+ |       0 |     650 |       68 |      1 |   177 |    +0.1% | -140.369 |   -18683.2 |  -101397.5 |    922 | soc_obs\[27\]$_SDFF_PP0_/D
    1154+ |       0 |     650 |       68 |      1 |   177 |    +0.1% | -140.369 |   -18683.2 |  -101397.5 |    922 | soc_obs\[27\]$_SDFF_PP0_/D
    1155+ |       0 |     650 |       68 |      1 |   177 |    +0.1% | -140.369 |   -18683.2 |  -101397.5 |    922 | soc_obs\[27\]$_SDFF_PP0_/D
    1156+ |       0 |     650 |       68 |      1 |   177 |    +0.1% | -140.369 |   -18683.2 |  -101397.5 |    922 | soc_obs\[27\]$_SDFF_PP0_/D
    1157+ |       0 |     650 |       68 |      1 |   177 |    +0.1% | -140.369 |   -18683.2 |  -101397.5 |    922 | soc_obs\[27\]$_SDFF_PP0_/D
    1158+ |       0 |     650 |       68 |      1 |   177 |    +0.1% | -140.369 |   -18683.2 |  -101397.5 |    922 | soc_obs\[27\]$_SDFF_PP0_/D
    1159+ |       0 |     650 |       68 |      1 |   177 |    +0.1% | -140.369 |   -18683.2 |  -101397.5 |    922 | soc_obs\[27\]$_SDFF_PP0_/D
    1160+ |       0 |     650 |       68 |      1 |   177 |    +0.1% | -140.369 |   -18683.2 |  -101397.5 |    922 | soc_obs\[27\]$_SDFF_PP0_/D
    1160+ |       0 |     650 |       68 |      1 |   177 |    +0.1% | -140.369 |   -18683.2 |  -101397.5 |    922 | soc_obs\[27\]$_SDFF_PP0_/D
    1161+ |       0 |     650 |       68 |      1 |   177 |    +0.1% | -140.369 |   -18683.2 |  -101397.5 |    922 | soc_obs\[27\]$_SDFF_PP0_/D
    1162+ |       0 |     650 |       68 |      1 |   177 |    +0.1% | -140.369 |   -18683.2 |  -101397.5 |    922 | soc_obs\[27\]$_SDFF_PP0_/D
    1163+ |       0 |     650 |       68 |      1 |   177 |    +0.1% | -140.369 |   -18683.2 |  -101397.5 |    922 | soc_obs\[27\]$_SDFF_PP0_/D
    1164+ |       0 |     650 |       68 |      1 |   177 |    +0.1% | -140.369 |   -18683.2 |  -101397.5 |    922 | soc_obs\[27\]$_SDFF_PP0_/D
    1165+ |       0 |     650 |       68 |      1 |   177 |    +0.1% | -140.369 |   -18683.2 |  -101397.5 |    922 | soc_obs\[27\]$_SDFF_PP0_/D
    1166+ |       0 |     650 |       68 |      1 |   177 |    +0.1% | -140.369 |   -18683.2 |  -101397.5 |    922 | soc_obs\[27\]$_SDFF_PP0_/D
    1167+ |       0 |     650 |       68 |      1 |   177 |    +0.1% | -140.369 |   -18683.2 |  -101397.5 |    922 | soc_obs\[27\]$_SDFF_PP0_/D
    1168+ |       0 |     650 |       68 |      1 |   177 |    +0.1% | -140.369 |   -18683.2 |  -101397.5 |    922 | soc_obs\[27\]$_SDFF_PP0_/D
    1169+ |       0 |     650 |       68 |      1 |   177 |    +0.1% | -140.369 |   -18683.2 |  -101397.5 |    922 | soc_obs\[27\]$_SDFF_PP0_/D
    1170+ |       0 |     650 |       68 |      1 |   177 |    +0.1% | -140.369 |   -18683.2 |  -101397.5 |    922 | soc_obs\[27\]$_SDFF_PP0_/D
    1170+ |       0 |     650 |       68 |      1 |   177 |    +0.1% | -140.369 |   -18683.2 |  -101397.5 |    922 | soc_obs\[27\]$_SDFF_PP0_/D
    1171+ |       0 |     650 |       68 |      1 |   177 |    +0.1% | -140.369 |   -18683.2 |  -101397.5 |    922 | soc_obs\[27\]$_SDFF_PP0_/D
    1172+ |       0 |     650 |       68 |      1 |   177 |    +0.1% | -140.369 |   -18683.2 |  -101397.5 |    922 | soc_obs\[27\]$_SDFF_PP0_/D
    1173+ |       0 |     650 |       68 |      1 |   177 |    +0.1% | -140.369 |   -18683.2 |  -101397.5 |    922 | soc_obs\[27\]$_SDFF_PP0_/D
    1174+ |       0 |     650 |       68 |      1 |   177 |    +0.1% | -140.369 |   -18683.2 |  -101397.5 |    922 | soc_obs\[27\]$_SDFF_PP0_/D
    1175+ |       0 |     650 |       68 |      1 |   177 |    +0.1% | -140.369 |   -18683.2 |  -101397.5 |    922 | soc_obs\[27\]$_SDFF_PP0_/D
    1179+ |       0 |     653 |       68 |      1 |   177 |    +0.1% | -140.369 |   -18683.2 |  -101395.7 |    922 | soc_obs\[27\]$_SDFF_PP0_/D
    1180+ |       0 |     653 |       68 |      1 |   177 |    +0.1% | -140.369 |   -18683.2 |  -101395.7 |    922 | soc_obs\[27\]$_SDFF_PP0_/D
    1180+ |       0 |     653 |       68 |      1 |   177 |    +0.1% | -140.369 |   -18683.2 |  -101395.7 |    922 | soc_obs\[27\]$_SDFF_PP0_/D
    1181+ |       0 |     653 |       68 |      1 |   177 |    +0.1% | -140.369 |   -18683.2 |  -101395.7 |    922 | soc_obs\[27\]$_SDFF_PP0_/D
    1182+ |       0 |     653 |       68 |      1 |   177 |    +0.1% | -140.369 |   -18683.2 |  -101395.7 |    922 | soc_obs\[27\]$_SDFF_PP0_/D
    1189+ |       0 |     659 |       68 |      1 |   177 |    +0.1% | -140.369 |   -18683.2 |  -101390.8 |    922 | soc_obs\[27\]$_SDFF_PP0_/D
    1190+ |       0 |     659 |       68 |      1 |   177 |    +0.1% | -140.369 |   -18683.2 |  -101390.8 |    922 | soc_obs\[27\]$_SDFF_PP0_/D
    1190+ |       0 |     659 |       68 |      1 |   177 |    +0.1% | -140.369 |   -18683.2 |  -101390.8 |    922 | soc_obs\[27\]$_SDFF_PP0_/D
    1191+ |       0 |     659 |       68 |      1 |   177 |    +0.1% | -140.369 |   -18683.2 |  -101390.8 |    922 | soc_obs\[27\]$_SDFF_PP0_/D
    1192+ |       0 |     659 |       68 |      1 |   177 |    +0.1% | -140.369 |   -18683.2 |  -101390.8 |    922 | soc_obs\[27\]$_SDFF_PP0_/D
    1193+ |       0 |     659 |       68 |      1 |   177 |    +0.1% | -140.369 |   -18683.2 |  -101390.8 |    922 | soc_obs\[27\]$_SDFF_PP0_/D
    1194+ |       0 |     659 |       68 |      1 |   177 |    +0.1% | -140.369 |   -18683.2 |  -101390.8 |    922 | soc_obs\[27\]$_SDFF_PP0_/D
    1195+ |       0 |     659 |       68 |      1 |   177 |    +0.1% | -140.369 |   -18683.2 |  -101390.8 |    922 | soc_obs\[27\]$_SDFF_PP0_/D
    1200+ |       0 |     663 |       68 |      1 |   177 |    +0.1% | -140.369 |   -18683.2 |  -101388.4 |    922 | soc_obs\[27\]$_SDFF_PP0_/D
    final |       0 |     663 |       68 |      1 |   177 |    +0.1% | -140.369 |   -18683.2 |  -101388.4 |    922 | soc_obs\[27\]$_SDFF_PP0_/D
------------------------------------------------------------------------------------------------------------------------------
[INFO RSZ-0040] Inserted 68 buffers.
[INFO RSZ-0051] Resized 663 instances: 663 up, 0 up match, 0 down, 0 VT
[INFO RSZ-0043] Swapped pins on 177 instances.
[INFO RSZ-0049] Cloned 1 instances.
[WARNING RSZ-0062] Unable to repair all setup violations.
[INFO RSZ-0505] Runtime: 202.78s
[INFO RSZ-0046] Found 4454 endpoints with hold violations.
Iteration | Resized | Buffers | Cloned Gates |   Area   |   WNS   |   TNS   | Endpoint
--------------------------------------------------------------------------------------
        0 |       0 |       0 |            0 |    +0.0% |  -2.721 | -5134.078 | memory_axi_0/addr_reg[9]$_SDFFE_PP0P_/D
       10 |       0 |      25 |            0 |    +0.0% |  -2.581 | -5129.201 | memory_axi_0/addr_reg[20]$_SDFFE_PP0P_/D
       20 |       0 |      46 |            0 |    +0.0% |  -2.546 | -5127.307 | memory_axi_0/addr_reg[22]$_SDFFE_PP0P_/D
       30 |       0 |      69 |            0 |    +0.0% |  -2.546 | -3744.511 | memory_axi_0/addr_reg[22]$_SDFFE_PP0P_/D
       40 |       0 |      95 |            0 |    +0.1% |  -2.546 | -3399.521 | memory_axi_0/addr_reg[22]$_SDFFE_PP0P_/D
       50 |       2 |     119 |            0 |    +0.1% |  -2.546 | -3166.253 | memory_axi_0/addr_reg[22]$_SDFFE_PP0P_/D
       60 |       2 |     136 |            0 |    +0.1% |  -2.546 | -2915.802 | memory_axi_0/addr_reg[22]$_SDFFE_PP0P_/D
       70 |       2 |     148 |            0 |    +0.1% |  -2.546 | -2725.964 | memory_axi_0/addr_reg[22]$_SDFFE_PP0P_/D
       80 |       2 |     150 |            0 |    +0.1% |  -2.546 | -2719.049 | memory_axi_0/addr_reg[22]$_SDFFE_PP0P_/D
       90 |       2 |     152 |            0 |    +0.1% |  -2.546 | -2718.821 | memory_axi_0/addr_reg[22]$_SDFFE_PP0P_/D
      100 |       2 |     168 |            0 |    +0.1% |  -2.546 | -2505.733 | memory_axi_0/addr_reg[22]$_SDFFE_PP0P_/D
      110 |       2 |     176 |            0 |    +0.1% |  -2.546 | -2389.895 | memory_axi_0/addr_reg[22]$_SDFFE_PP0P_/D
      120 |       2 |     178 |            0 |    +0.1% |  -2.546 | -2389.862 | memory_axi_0/addr_reg[22]$_SDFFE_PP0P_/D
      130 |       2 |     190 |            0 |    +0.1% |  -2.546 | -2160.659 | memory_axi_0/addr_reg[22]$_SDFFE_PP0P_/D
      140 |       2 |     192 |            0 |    +0.1% |  -2.546 | -2115.723 | memory_axi_0/addr_reg[22]$_SDFFE_PP0P_/D
      150 |       2 |     192 |            0 |    +0.1% |  -2.546 | -2115.723 | memory_axi_0/addr_reg[22]$_SDFFE_PP0P_/D
      160 |       2 |     198 |            0 |    +0.1% |  -2.546 | -1995.073 | memory_axi_0/addr_reg[22]$_SDFFE_PP0P_/D
      170 |       2 |     203 |            0 |    +0.1% |  -2.546 | -1881.617 | memory_axi_0/addr_reg[22]$_SDFFE_PP0P_/D
      180 |       2 |     203 |            0 |    +0.1% |  -2.546 | -1881.617 | memory_axi_0/addr_reg[22]$_SDFFE_PP0P_/D
      190 |       2 |     203 |            0 |    +0.1% |  -2.546 | -1881.617 | memory_axi_0/addr_reg[22]$_SDFFE_PP0P_/D
      200 |       2 |     208 |            0 |    +0.1% |  -2.546 | -1765.050 | memory_axi_0/addr_reg[22]$_SDFFE_PP0P_/D
      210 |       2 |     208 |            0 |    +0.1% |  -2.546 | -1765.050 | memory_axi_0/addr_reg[22]$_SDFFE_PP0P_/D
      220 |       2 |     213 |            0 |    +0.1% |  -2.546 | -1653.452 | memory_axi_0/addr_reg[22]$_SDFFE_PP0P_/D
      230 |       2 |     213 |            0 |    +0.1% |  -2.546 | -1653.452 | memory_axi_0/addr_reg[22]$_SDFFE_PP0P_/D
      240 |       2 |     213 |            0 |    +0.1% |  -2.546 | -1653.452 | memory_axi_0/addr_reg[22]$_SDFFE_PP0P_/D
      250 |       2 |     213 |            0 |    +0.1% |  -2.546 | -1653.452 | memory_axi_0/addr_reg[22]$_SDFFE_PP0P_/D
      260 |       3 |     223 |            0 |    +0.1% |  -2.546 | -1477.483 | memory_axi_0/addr_reg[22]$_SDFFE_PP0P_/D
      270 |       3 |     226 |            0 |    +0.1% |  -2.546 | -1436.697 | memory_axi_0/addr_reg[22]$_SDFFE_PP0P_/D
      280 |       3 |     226 |            0 |    +0.1% |  -2.546 | -1436.697 | memory_axi_0/addr_reg[22]$_SDFFE_PP0P_/D
      290 |       3 |     233 |            0 |    +0.1% |  -2.546 | -1303.000 | memory_axi_0/addr_reg[22]$_SDFFE_PP0P_/D
      300 |       3 |     233 |            0 |    +0.1% |  -2.546 | -1303.000 | memory_axi_0/addr_reg[22]$_SDFFE_PP0P_/D
      310 |       3 |     233 |            0 |    +0.1% |  -2.546 | -1303.000 | memory_axi_0/addr_reg[22]$_SDFFE_PP0P_/D
      320 |       3 |     233 |            0 |    +0.1% |  -2.546 | -1303.000 | memory_axi_0/addr_reg[22]$_SDFFE_PP0P_/D
      330 |       3 |     233 |            0 |    +0.1% |  -2.546 | -1303.000 | memory_axi_0/addr_reg[22]$_SDFFE_PP0P_/D
      340 |       3 |     233 |            0 |    +0.1% |  -2.546 | -1303.000 | memory_axi_0/addr_reg[22]$_SDFFE_PP0P_/D
      350 |       3 |     233 |            0 |    +0.1% |  -2.546 | -1303.000 | memory_axi_0/addr_reg[22]$_SDFFE_PP0P_/D
      360 |       3 |     233 |            0 |    +0.1% |  -2.546 | -1303.000 | memory_axi_0/addr_reg[22]$_SDFFE_PP0P_/D
      370 |       4 |     246 |            0 |    +0.1% |  -2.546 | -1028.383 | memory_axi_0/addr_reg[22]$_SDFFE_PP0P_/D
      380 |       4 |     252 |            0 |    +0.1% |  -2.546 | -899.690 | memory_axi_0/addr_reg[22]$_SDFFE_PP0P_/D
      390 |       4 |     252 |            0 |    +0.1% |  -2.546 | -899.690 | memory_axi_0/addr_reg[22]$_SDFFE_PP0P_/D
      400 |       4 |     252 |            0 |    +0.1% |  -2.546 | -899.690 | memory_axi_0/addr_reg[22]$_SDFFE_PP0P_/D
      410 |       4 |     252 |            0 |    +0.1% |  -2.546 | -899.690 | memory_axi_0/addr_reg[22]$_SDFFE_PP0P_/D
      420 |       4 |     252 |            0 |    +0.1% |  -2.546 | -899.690 | memory_axi_0/addr_reg[22]$_SDFFE_PP0P_/D
      430 |       4 |     252 |            0 |    +0.1% |  -2.546 | -899.690 | memory_axi_0/addr_reg[22]$_SDFFE_PP0P_/D
      440 |       4 |     252 |            0 |    +0.1% |  -2.546 | -899.690 | memory_axi_0/addr_reg[22]$_SDFFE_PP0P_/D
      450 |       4 |     252 |            0 |    +0.1% |  -2.546 | -899.690 | memory_axi_0/addr_reg[22]$_SDFFE_PP0P_/D
      460 |       4 |     252 |            0 |    +0.1% |  -2.546 | -899.690 | memory_axi_0/addr_reg[22]$_SDFFE_PP0P_/D
      470 |       4 |     258 |            0 |    +0.1% |  -2.546 | -794.001 | memory_axi_0/addr_reg[22]$_SDFFE_PP0P_/D
      480 |       4 |     258 |            0 |    +0.1% |  -2.546 | -794.001 | memory_axi_0/addr_reg[22]$_SDFFE_PP0P_/D
      490 |       4 |     258 |            0 |    +0.1% |  -2.546 | -794.001 | memory_axi_0/addr_reg[22]$_SDFFE_PP0P_/D
      500 |       4 |     258 |            0 |    +0.1% |  -2.546 | -794.001 | memory_axi_0/addr_reg[22]$_SDFFE_PP0P_/D
      510 |       4 |     258 |            0 |    +0.1% |  -2.546 | -794.001 | memory_axi_0/addr_reg[22]$_SDFFE_PP0P_/D
      520 |       4 |     258 |            0 |    +0.1% |  -2.546 | -794.001 | memory_axi_0/addr_reg[22]$_SDFFE_PP0P_/D
      530 |       4 |     258 |            0 |    +0.1% |  -2.546 | -794.001 | memory_axi_0/addr_reg[22]$_SDFFE_PP0P_/D
      540 |       4 |     258 |            0 |    +0.1% |  -2.546 | -794.001 | memory_axi_0/addr_reg[22]$_SDFFE_PP0P_/D
      550 |       4 |     258 |            0 |    +0.1% |  -2.546 | -794.001 | memory_axi_0/addr_reg[22]$_SDFFE_PP0P_/D
      560 |       4 |     258 |            0 |    +0.1% |  -2.546 | -794.001 | memory_axi_0/addr_reg[22]$_SDFFE_PP0P_/D
      570 |       4 |     258 |            0 |    +0.1% |  -2.546 | -794.001 | memory_axi_0/addr_reg[22]$_SDFFE_PP0P_/D
      580 |       4 |     258 |            0 |    +0.1% |  -2.546 | -794.001 | memory_axi_0/addr_reg[22]$_SDFFE_PP0P_/D
      590 |       4 |     258 |            0 |    +0.1% |  -2.546 | -794.001 | memory_axi_0/addr_reg[22]$_SDFFE_PP0P_/D
      600 |       4 |     262 |            0 |    +0.1% |  -2.546 | -693.093 | memory_axi_0/addr_reg[22]$_SDFFE_PP0P_/D
      610 |       4 |     262 |            0 |    +0.1% |  -2.546 | -693.093 | memory_axi_0/addr_reg[22]$_SDFFE_PP0P_/D
      620 |       4 |     262 |            0 |    +0.1% |  -2.546 | -693.093 | memory_axi_0/addr_reg[22]$_SDFFE_PP0P_/D
      630 |       4 |     262 |            0 |    +0.1% |  -2.546 | -693.093 | memory_axi_0/addr_reg[22]$_SDFFE_PP0P_/D
      640 |       4 |     262 |            0 |    +0.1% |  -2.546 | -693.093 | memory_axi_0/addr_reg[22]$_SDFFE_PP0P_/D
      650 |       4 |     262 |            0 |    +0.1% |  -2.546 | -693.093 | memory_axi_0/addr_reg[22]$_SDFFE_PP0P_/D
      660 |       5 |     269 |            0 |    +0.1% |  -2.546 | -602.838 | memory_axi_0/addr_reg[22]$_SDFFE_PP0P_/D
      670 |       5 |     269 |            0 |    +0.1% |  -2.546 | -602.838 | memory_axi_0/addr_reg[22]$_SDFFE_PP0P_/D
      680 |       6 |     277 |            0 |    +0.2% |  -2.546 | -412.776 | memory_axi_0/addr_reg[22]$_SDFFE_PP0P_/D
      690 |       6 |     280 |            0 |    +0.2% |  -2.546 | -409.653 | memory_axi_0/addr_reg[22]$_SDFFE_PP0P_/D
      700 |       6 |     280 |            0 |    +0.2% |  -2.546 | -409.653 | memory_axi_0/addr_reg[22]$_SDFFE_PP0P_/D
      710 |       6 |     280 |            0 |    +0.2% |  -2.546 | -409.653 | memory_axi_0/addr_reg[22]$_SDFFE_PP0P_/D
      720 |       6 |     280 |            0 |    +0.2% |  -2.546 | -409.653 | memory_axi_0/addr_reg[22]$_SDFFE_PP0P_/D
      730 |       6 |     280 |            0 |    +0.2% |  -2.546 | -409.653 | memory_axi_0/addr_reg[22]$_SDFFE_PP0P_/D
      740 |       6 |     280 |            0 |    +0.2% |  -2.546 | -409.653 | memory_axi_0/addr_reg[22]$_SDFFE_PP0P_/D
      750 |       6 |     280 |            0 |    +0.2% |  -2.546 | -409.653 | memory_axi_0/addr_reg[22]$_SDFFE_PP0P_/D
      760 |       6 |     280 |            0 |    +0.2% |  -2.546 | -409.653 | memory_axi_0/addr_reg[22]$_SDFFE_PP0P_/D
      770 |       6 |     280 |            0 |    +0.2% |  -2.546 | -409.653 | memory_axi_0/addr_reg[22]$_SDFFE_PP0P_/D
      780 |       6 |     280 |            0 |    +0.2% |  -2.546 | -409.653 | memory_axi_0/addr_reg[22]$_SDFFE_PP0P_/D
      790 |       6 |     280 |            0 |    +0.2% |  -2.546 | -409.653 | memory_axi_0/addr_reg[22]$_SDFFE_PP0P_/D
      800 |       6 |     280 |            0 |    +0.2% |  -2.546 | -409.653 | memory_axi_0/addr_reg[22]$_SDFFE_PP0P_/D
      810 |       6 |     280 |            0 |    +0.2% |  -2.546 | -409.653 | memory_axi_0/addr_reg[22]$_SDFFE_PP0P_/D
      820 |       6 |     280 |            0 |    +0.2% |  -2.546 | -409.653 | memory_axi_0/addr_reg[22]$_SDFFE_PP0P_/D
      830 |       6 |     280 |            0 |    +0.2% |  -2.546 | -409.653 | memory_axi_0/addr_reg[22]$_SDFFE_PP0P_/D
      840 |       6 |     280 |            0 |    +0.2% |  -2.546 | -409.653 | memory_axi_0/addr_reg[22]$_SDFFE_PP0P_/D
      850 |       6 |     280 |            0 |    +0.2% |  -2.546 | -409.653 | memory_axi_0/addr_reg[22]$_SDFFE_PP0P_/D
      860 |       6 |     280 |            0 |    +0.2% |  -2.546 | -409.653 | memory_axi_0/addr_reg[22]$_SDFFE_PP0P_/D
      870 |       6 |     280 |            0 |    +0.2% |  -2.546 | -409.653 | memory_axi_0/addr_reg[22]$_SDFFE_PP0P_/D
      880 |       6 |     280 |            0 |    +0.2% |  -2.546 | -409.653 | memory_axi_0/addr_reg[22]$_SDFFE_PP0P_/D
      890 |       6 |     280 |            0 |    +0.2% |  -2.546 | -409.653 | memory_axi_0/addr_reg[22]$_SDFFE_PP0P_/D
      900 |       6 |     280 |            0 |    +0.2% |  -2.546 | -409.653 | memory_axi_0/addr_reg[22]$_SDFFE_PP0P_/D
      910 |       6 |     280 |            0 |    +0.2% |  -2.546 | -409.653 | memory_axi_0/addr_reg[22]$_SDFFE_PP0P_/D
      920 |       6 |     280 |            0 |    +0.2% |  -2.546 | -409.653 | memory_axi_0/addr_reg[22]$_SDFFE_PP0P_/D
      930 |       6 |     280 |            0 |    +0.2% |  -2.546 | -409.653 | memory_axi_0/addr_reg[22]$_SDFFE_PP0P_/D
      940 |       6 |     280 |            0 |    +0.2% |  -2.546 | -409.653 | memory_axi_0/addr_reg[22]$_SDFFE_PP0P_/D
      950 |       6 |     280 |            0 |    +0.2% |  -2.546 | -409.653 | memory_axi_0/addr_reg[22]$_SDFFE_PP0P_/D
      960 |       6 |     280 |            0 |    +0.2% |  -2.546 | -409.653 | memory_axi_0/addr_reg[22]$_SDFFE_PP0P_/D
      970 |       6 |     280 |            0 |    +0.2% |  -2.546 | -409.653 | memory_axi_0/addr_reg[22]$_SDFFE_PP0P_/D
      980 |       6 |     280 |            0 |    +0.2% |  -2.546 | -409.653 | memory_axi_0/addr_reg[22]$_SDFFE_PP0P_/D
      990 |       6 |     280 |            0 |    +0.2% |  -2.546 | -409.653 | memory_axi_0/addr_reg[22]$_SDFFE_PP0P_/D
     1000 |       6 |     280 |            0 |    +0.2% |  -2.546 | -409.653 | memory_axi_0/addr_reg[22]$_SDFFE_PP0P_/D
     1010 |       6 |     280 |            0 |    +0.2% |  -2.546 | -409.653 | memory_axi_0/addr_reg[22]$_SDFFE_PP0P_/D
     1020 |       6 |     280 |            0 |    +0.2% |  -2.546 | -409.653 | memory_axi_0/addr_reg[22]$_SDFFE_PP0P_/D
     1030 |       6 |     280 |            0 |    +0.2% |  -2.546 | -409.653 | memory_axi_0/addr_reg[22]$_SDFFE_PP0P_/D
     1040 |       6 |     280 |            0 |    +0.2% |  -2.546 | -409.653 | memory_axi_0/addr_reg[22]$_SDFFE_PP0P_/D
     1050 |       6 |     280 |            0 |    +0.2% |  -2.546 | -409.653 | memory_axi_0/addr_reg[22]$_SDFFE_PP0P_/D
     1060 |       6 |     280 |            0 |    +0.2% |  -2.546 | -409.653 | memory_axi_0/addr_reg[22]$_SDFFE_PP0P_/D
     1070 |       6 |     280 |            0 |    +0.2% |  -2.546 | -409.653 | memory_axi_0/addr_reg[22]$_SDFFE_PP0P_/D
     1080 |       6 |     280 |            0 |    +0.2% |  -2.546 | -409.653 | memory_axi_0/addr_reg[22]$_SDFFE_PP0P_/D
     1090 |       6 |     280 |            0 |    +0.2% |  -2.546 | -409.653 | memory_axi_0/addr_reg[22]$_SDFFE_PP0P_/D
     1100 |       6 |     280 |            0 |    +0.2% |  -2.546 | -409.653 | memory_axi_0/addr_reg[22]$_SDFFE_PP0P_/D
     1110 |       6 |     280 |            0 |    +0.2% |  -2.546 | -409.653 | memory_axi_0/addr_reg[22]$_SDFFE_PP0P_/D
     1120 |       6 |     280 |            0 |    +0.2% |  -2.546 | -409.653 | memory_axi_0/addr_reg[22]$_SDFFE_PP0P_/D
     1130 |       6 |     280 |            0 |    +0.2% |  -2.546 | -409.653 | memory_axi_0/addr_reg[22]$_SDFFE_PP0P_/D
     1140 |       6 |     280 |            0 |    +0.2% |  -2.546 | -409.653 | memory_axi_0/addr_reg[22]$_SDFFE_PP0P_/D
     1150 |       6 |     280 |            0 |    +0.2% |  -2.546 | -409.653 | memory_axi_0/addr_reg[22]$_SDFFE_PP0P_/D
     1160 |       6 |     280 |            0 |    +0.2% |  -2.546 | -409.653 | memory_axi_0/addr_reg[22]$_SDFFE_PP0P_/D
     1170 |       6 |     280 |            0 |    +0.2% |  -2.546 | -409.653 | memory_axi_0/addr_reg[22]$_SDFFE_PP0P_/D
     1180 |       6 |     280 |            0 |    +0.2% |  -2.546 | -409.653 | memory_axi_0/addr_reg[22]$_SDFFE_PP0P_/D
     1190 |       6 |     280 |            0 |    +0.2% |  -2.546 | -409.653 | memory_axi_0/addr_reg[22]$_SDFFE_PP0P_/D
     1200 |       6 |     280 |            0 |    +0.2% |  -2.546 | -409.653 | memory_axi_0/addr_reg[22]$_SDFFE_PP0P_/D
     1210 |       6 |     280 |            0 |    +0.2% |  -2.546 | -409.653 | memory_axi_0/addr_reg[22]$_SDFFE_PP0P_/D
     1220 |       6 |     280 |            0 |    +0.2% |  -2.546 | -409.653 | memory_axi_0/addr_reg[22]$_SDFFE_PP0P_/D
     1230 |       6 |     280 |            0 |    +0.2% |  -2.546 | -409.653 | memory_axi_0/addr_reg[22]$_SDFFE_PP0P_/D
     1240 |       6 |     280 |            0 |    +0.2% |  -2.546 | -409.653 | memory_axi_0/addr_reg[22]$_SDFFE_PP0P_/D
     1250 |       6 |     280 |            0 |    +0.2% |  -2.546 | -409.653 | memory_axi_0/addr_reg[22]$_SDFFE_PP0P_/D
     1260 |       6 |     280 |            0 |    +0.2% |  -2.546 | -409.653 | memory_axi_0/addr_reg[22]$_SDFFE_PP0P_/D
     1270 |       6 |     280 |            0 |    +0.2% |  -2.546 | -409.653 | memory_axi_0/addr_reg[22]$_SDFFE_PP0P_/D
     1280 |       6 |     280 |            0 |    +0.2% |  -2.546 | -409.653 | memory_axi_0/addr_reg[22]$_SDFFE_PP0P_/D
     1290 |       6 |     280 |            0 |    +0.2% |  -2.546 | -409.653 | memory_axi_0/addr_reg[22]$_SDFFE_PP0P_/D
     1300 |       6 |     280 |            0 |    +0.2% |  -2.546 | -409.653 | memory_axi_0/addr_reg[22]$_SDFFE_PP0P_/D
     1310 |       6 |     280 |            0 |    +0.2% |  -2.546 | -409.653 | memory_axi_0/addr_reg[22]$_SDFFE_PP0P_/D
     1320 |       6 |     280 |            0 |    +0.2% |  -2.546 | -409.653 | memory_axi_0/addr_reg[22]$_SDFFE_PP0P_/D
     1330 |       6 |     280 |            0 |    +0.2% |  -2.546 | -409.653 | memory_axi_0/addr_reg[22]$_SDFFE_PP0P_/D
     1340 |       6 |     280 |            0 |    +0.2% |  -2.546 | -409.653 | memory_axi_0/addr_reg[22]$_SDFFE_PP0P_/D
     1350 |       6 |     280 |            0 |    +0.2% |  -2.546 | -409.653 | memory_axi_0/addr_reg[22]$_SDFFE_PP0P_/D
     1360 |       6 |     280 |            0 |    +0.2% |  -2.546 | -409.653 | memory_axi_0/addr_reg[22]$_SDFFE_PP0P_/D
     1370 |       6 |     280 |            0 |    +0.2% |  -2.546 | -409.653 | memory_axi_0/addr_reg[22]$_SDFFE_PP0P_/D
     1380 |       6 |     280 |            0 |    +0.2% |  -2.546 | -409.653 | memory_axi_0/addr_reg[22]$_SDFFE_PP0P_/D
     1390 |       6 |     280 |            0 |    +0.2% |  -2.546 | -409.653 | memory_axi_0/addr_reg[22]$_SDFFE_PP0P_/D
     1400 |       6 |     280 |            0 |    +0.2% |  -2.546 | -409.653 | memory_axi_0/addr_reg[22]$_SDFFE_PP0P_/D
     1410 |       6 |     280 |            0 |    +0.2% |  -2.546 | -409.653 | memory_axi_0/addr_reg[22]$_SDFFE_PP0P_/D
     1420 |       6 |     280 |            0 |    +0.2% |  -2.546 | -409.653 | memory_axi_0/addr_reg[22]$_SDFFE_PP0P_/D
     1430 |       6 |     280 |            0 |    +0.2% |  -2.546 | -409.653 | memory_axi_0/addr_reg[22]$_SDFFE_PP0P_/D
     1440 |       6 |     280 |            0 |    +0.2% |  -2.546 | -409.653 | memory_axi_0/addr_reg[22]$_SDFFE_PP0P_/D
     1450 |       6 |     280 |            0 |    +0.2% |  -2.546 | -409.653 | memory_axi_0/addr_reg[22]$_SDFFE_PP0P_/D
     1460 |       6 |     280 |            0 |    +0.2% |  -2.546 | -409.653 | memory_axi_0/addr_reg[22]$_SDFFE_PP0P_/D
     1470 |       6 |     280 |            0 |    +0.2% |  -2.546 | -409.653 | memory_axi_0/addr_reg[22]$_SDFFE_PP0P_/D
     1480 |       6 |     280 |            0 |    +0.2% |  -2.546 | -409.653 | memory_axi_0/addr_reg[22]$_SDFFE_PP0P_/D
     1490 |       6 |     280 |            0 |    +0.2% |  -2.546 | -409.653 | memory_axi_0/addr_reg[22]$_SDFFE_PP0P_/D
     1500 |       6 |     280 |            0 |    +0.2% |  -2.546 | -409.653 | memory_axi_0/addr_reg[22]$_SDFFE_PP0P_/D
     1510 |       6 |     280 |            0 |    +0.2% |  -2.546 | -409.653 | memory_axi_0/addr_reg[22]$_SDFFE_PP0P_/D
     1520 |       6 |     280 |            0 |    +0.2% |  -2.546 | -409.653 | memory_axi_0/addr_reg[22]$_SDFFE_PP0P_/D
     1530 |       6 |     280 |            0 |    +0.2% |  -2.546 | -409.653 | memory_axi_0/addr_reg[22]$_SDFFE_PP0P_/D
     1540 |       6 |     280 |            0 |    +0.2% |  -2.546 | -409.653 | memory_axi_0/addr_reg[22]$_SDFFE_PP0P_/D
     1550 |       6 |     280 |            0 |    +0.2% |  -2.546 | -409.653 | memory_axi_0/addr_reg[22]$_SDFFE_PP0P_/D
     1560 |       6 |     280 |            0 |    +0.2% |  -2.546 | -409.653 | memory_axi_0/addr_reg[22]$_SDFFE_PP0P_/D
     1570 |       6 |     280 |            0 |    +0.2% |  -2.546 | -409.653 | memory_axi_0/addr_reg[22]$_SDFFE_PP0P_/D
     1580 |       6 |     280 |            0 |    +0.2% |  -2.546 | -409.653 | memory_axi_0/addr_reg[22]$_SDFFE_PP0P_/D
     1590 |       6 |     280 |            0 |    +0.2% |  -2.546 | -409.653 | memory_axi_0/addr_reg[22]$_SDFFE_PP0P_/D
     1600 |       6 |     280 |            0 |    +0.2% |  -2.546 | -409.653 | memory_axi_0/addr_reg[22]$_SDFFE_PP0P_/D
     1610 |       6 |     280 |            0 |    +0.2% |  -2.546 | -409.653 | memory_axi_0/addr_reg[22]$_SDFFE_PP0P_/D
     1620 |       6 |     280 |            0 |    +0.2% |  -2.546 | -409.653 | memory_axi_0/addr_reg[22]$_SDFFE_PP0P_/D
     1630 |       6 |     280 |            0 |    +0.2% |  -2.546 | -409.653 | memory_axi_0/addr_reg[22]$_SDFFE_PP0P_/D
     1640 |       6 |     280 |            0 |    +0.2% |  -2.546 | -409.653 | memory_axi_0/addr_reg[22]$_SDFFE_PP0P_/D
     1650 |       6 |     280 |            0 |    +0.2% |  -2.546 | -409.653 | memory_axi_0/addr_reg[22]$_SDFFE_PP0P_/D
     1660 |       6 |     280 |            0 |    +0.2% |  -2.546 | -409.653 | memory_axi_0/addr_reg[22]$_SDFFE_PP0P_/D
     1670 |       6 |     280 |            0 |    +0.2% |  -2.546 | -409.653 | memory_axi_0/addr_reg[22]$_SDFFE_PP0P_/D
     1680 |       6 |     280 |            0 |    +0.2% |  -2.546 | -409.653 | memory_axi_0/addr_reg[22]$_SDFFE_PP0P_/D
     1690 |       6 |     280 |            0 |    +0.2% |  -2.546 | -409.653 | memory_axi_0/addr_reg[22]$_SDFFE_PP0P_/D
     1700 |       6 |     280 |            0 |    +0.2% |  -2.546 | -409.653 | memory_axi_0/addr_reg[22]$_SDFFE_PP0P_/D
     1710 |       7 |     286 |            0 |    +0.2% |  -2.546 | -335.480 | memory_axi_0/addr_reg[22]$_SDFFE_PP0P_/D
     1720 |       7 |     286 |            0 |    +0.2% |  -2.546 | -335.480 | memory_axi_0/addr_reg[22]$_SDFFE_PP0P_/D
     1730 |       7 |     286 |            0 |    +0.2% |  -2.546 | -335.480 | memory_axi_0/addr_reg[22]$_SDFFE_PP0P_/D
     1740 |       7 |     286 |            0 |    +0.2% |  -2.546 | -335.480 | memory_axi_0/addr_reg[22]$_SDFFE_PP0P_/D
     1750 |       7 |     286 |            0 |    +0.2% |  -2.546 | -335.480 | memory_axi_0/addr_reg[22]$_SDFFE_PP0P_/D
     1760 |       7 |     286 |            0 |    +0.2% |  -2.546 | -335.480 | memory_axi_0/addr_reg[22]$_SDFFE_PP0P_/D
     1770 |       7 |     286 |            0 |    +0.2% |  -2.546 | -335.480 | memory_axi_0/addr_reg[22]$_SDFFE_PP0P_/D
     1780 |       7 |     286 |            0 |    +0.2% |  -2.546 | -335.480 | memory_axi_0/addr_reg[22]$_SDFFE_PP0P_/D
     1790 |       7 |     286 |            0 |    +0.2% |  -2.546 | -335.480 | memory_axi_0/addr_reg[22]$_SDFFE_PP0P_/D
     1800 |       7 |     286 |            0 |    +0.2% |  -2.546 | -335.480 | memory_axi_0/addr_reg[22]$_SDFFE_PP0P_/D
     1810 |       7 |     286 |            0 |    +0.2% |  -2.546 | -335.480 | memory_axi_0/addr_reg[22]$_SDFFE_PP0P_/D
     1820 |       7 |     286 |            0 |    +0.2% |  -2.546 | -335.480 | memory_axi_0/addr_reg[22]$_SDFFE_PP0P_/D
     1830 |       7 |     286 |            0 |    +0.2% |  -2.546 | -335.480 | memory_axi_0/addr_reg[22]$_SDFFE_PP0P_/D
     1840 |       7 |     286 |            0 |    +0.2% |  -2.546 | -335.480 | memory_axi_0/addr_reg[22]$_SDFFE_PP0P_/D
     1850 |       7 |     286 |            0 |    +0.2% |  -2.546 | -335.480 | memory_axi_0/addr_reg[22]$_SDFFE_PP0P_/D
     1860 |       7 |     286 |            0 |    +0.2% |  -2.546 | -335.480 | memory_axi_0/addr_reg[22]$_SDFFE_PP0P_/D
     1870 |       7 |     286 |            0 |    +0.2% |  -2.546 | -335.480 | memory_axi_0/addr_reg[22]$_SDFFE_PP0P_/D
     1880 |       7 |     286 |            0 |    +0.2% |  -2.546 | -335.480 | memory_axi_0/addr_reg[22]$_SDFFE_PP0P_/D
     1890 |       7 |     286 |            0 |    +0.2% |  -2.546 | -335.480 | memory_axi_0/addr_reg[22]$_SDFFE_PP0P_/D
     1900 |       7 |     286 |            0 |    +0.2% |  -2.546 | -335.480 | memory_axi_0/addr_reg[22]$_SDFFE_PP0P_/D
     1910 |       7 |     286 |            0 |    +0.2% |  -2.546 | -335.480 | memory_axi_0/addr_reg[22]$_SDFFE_PP0P_/D
     1920 |       7 |     286 |            0 |    +0.2% |  -2.546 | -335.480 | memory_axi_0/addr_reg[22]$_SDFFE_PP0P_/D
     1930 |       7 |     286 |            0 |    +0.2% |  -2.546 | -335.480 | memory_axi_0/addr_reg[22]$_SDFFE_PP0P_/D
     1940 |       7 |     286 |            0 |    +0.2% |  -2.546 | -335.480 | memory_axi_0/addr_reg[22]$_SDFFE_PP0P_/D
     1950 |       7 |     304 |            0 |    +0.2% |  -2.546 | -325.315 | memory_axi_0/addr_reg[22]$_SDFFE_PP0P_/D
     1960 |       7 |     309 |            0 |    +0.2% |  -2.546 | -322.556 | memory_axi_0/addr_reg[22]$_SDFFE_PP0P_/D
     1970 |       7 |     311 |            0 |    +0.2% |  -2.546 | -322.556 | memory_axi_0/addr_reg[22]$_SDFFE_PP0P_/D
     1980 |       7 |     321 |            0 |    +0.2% |  -2.546 | -315.288 | memory_axi_0/addr_reg[22]$_SDFFE_PP0P_/D
     1990 |       7 |     331 |            0 |    +0.2% |  -2.546 | -302.135 | memory_axi_0/addr_reg[22]$_SDFFE_PP0P_/D
     2000 |       7 |     342 |            0 |    +0.2% |  -2.546 | -285.197 | memory_axi_0/addr_reg[22]$_SDFFE_PP0P_/D
     2010 |       7 |     346 |            0 |    +0.2% |  -2.546 | -279.567 | memory_axi_0/addr_reg[22]$_SDFFE_PP0P_/D
     2020 |       7 |     346 |            0 |    +0.2% |  -2.546 | -279.567 | memory_axi_0/addr_reg[22]$_SDFFE_PP0P_/D
     2030 |       7 |     349 |            0 |    +0.2% |  -2.546 | -275.846 | memory_axi_0/addr_reg[22]$_SDFFE_PP0P_/D
     2040 |       7 |     360 |            0 |    +0.2% |  -2.546 | -262.170 | memory_axi_0/addr_reg[22]$_SDFFE_PP0P_/D
     2050 |       7 |     380 |            0 |    +0.2% |  -2.546 | -238.048 | memory_axi_0/addr_reg[22]$_SDFFE_PP0P_/D
     2060 |       7 |     390 |            0 |    +0.2% |  -2.546 | -225.422 | memory_axi_0/addr_reg[22]$_SDFFE_PP0P_/D
     2070 |       7 |     403 |            0 |    +0.2% |  -2.546 | -208.960 | memory_axi_0/addr_reg[22]$_SDFFE_PP0P_/D
     2080 |       7 |     407 |            0 |    +0.2% |  -2.546 | -203.916 | memory_axi_0/addr_reg[22]$_SDFFE_PP0P_/D
     2090 |       7 |     417 |            0 |    +0.2% |  -2.546 | -191.480 | memory_axi_0/addr_reg[22]$_SDFFE_PP0P_/D
     2100 |       7 |     425 |            0 |    +0.2% |  -2.546 | -181.536 | memory_axi_0/addr_reg[22]$_SDFFE_PP0P_/D
     2110 |       7 |     430 |            0 |    +0.2% |  -2.546 | -175.485 | memory_axi_0/addr_reg[22]$_SDFFE_PP0P_/D
     2120 |       7 |     432 |            0 |    +0.2% |  -2.546 | -172.918 | memory_axi_0/addr_reg[22]$_SDFFE_PP0P_/D
     2130 |       7 |     440 |            0 |    +0.2% |  -2.546 | -163.183 | memory_axi_0/addr_reg[22]$_SDFFE_PP0P_/D
     2140 |       7 |     442 |            0 |    +0.2% |  -2.546 | -160.632 | memory_axi_0/addr_reg[22]$_SDFFE_PP0P_/D
     2150 |       7 |     445 |            0 |    +0.2% |  -2.546 | -156.745 | memory_axi_0/addr_reg[22]$_SDFFE_PP0P_/D
     2160 |       7 |     446 |            0 |    +0.2% |  -2.546 | -154.522 | memory_axi_0/addr_reg[22]$_SDFFE_PP0P_/D
     2170 |       7 |     460 |            0 |    +0.2% |  -2.546 | -141.223 | memory_axi_0/addr_reg[22]$_SDFFE_PP0P_/D
     2180 |       7 |     460 |            0 |    +0.2% |  -2.546 | -141.223 | memory_axi_0/addr_reg[22]$_SDFFE_PP0P_/D
     2190 |       7 |     463 |            0 |    +0.2% |  -2.546 | -137.628 | memory_axi_0/addr_reg[22]$_SDFFE_PP0P_/D
     2200 |       7 |     465 |            0 |    +0.3% |  -2.546 | -135.290 | memory_axi_0/addr_reg[22]$_SDFFE_PP0P_/D
     2210 |       7 |     477 |            0 |    +0.3% |  -2.546 | -125.296 | memory_axi_0/addr_reg[22]$_SDFFE_PP0P_/D
     2220 |       7 |     477 |            0 |    +0.3% |  -2.546 | -125.296 | memory_axi_0/addr_reg[22]$_SDFFE_PP0P_/D
     2230 |       7 |     477 |            0 |    +0.3% |  -2.546 | -125.296 | memory_axi_0/addr_reg[22]$_SDFFE_PP0P_/D
     2240 |       7 |     480 |            0 |    +0.3% |  -2.546 | -124.196 | memory_axi_0/addr_reg[22]$_SDFFE_PP0P_/D
     2250 |       7 |     480 |            0 |    +0.3% |  -2.546 | -124.196 | memory_axi_0/addr_reg[22]$_SDFFE_PP0P_/D
     2260 |       7 |     480 |            0 |    +0.3% |  -2.546 | -124.196 | memory_axi_0/addr_reg[22]$_SDFFE_PP0P_/D
     2270 |       7 |     483 |            0 |    +0.3% |  -2.546 | -123.111 | memory_axi_0/addr_reg[22]$_SDFFE_PP0P_/D
     2280 |       7 |     489 |            0 |    +0.3% |  -2.546 | -112.193 | memory_axi_0/addr_reg[22]$_SDFFE_PP0P_/D
     2290 |       7 |     494 |            0 |    +0.3% |  -2.546 | -110.468 | memory_axi_0/addr_reg[22]$_SDFFE_PP0P_/D
     2300 |       7 |     494 |            0 |    +0.3% |  -2.546 | -110.468 | memory_axi_0/addr_reg[22]$_SDFFE_PP0P_/D
     2310 |       7 |     494 |            0 |    +0.3% |  -2.546 | -110.468 | memory_axi_0/addr_reg[22]$_SDFFE_PP0P_/D
     2320 |       7 |     494 |            0 |    +0.3% |  -2.546 | -110.468 | memory_axi_0/addr_reg[22]$_SDFFE_PP0P_/D
     2330 |       7 |     503 |            0 |    +0.3% |  -2.546 | -102.586 | memory_axi_0/addr_reg[22]$_SDFFE_PP0P_/D
     2340 |       7 |     503 |            0 |    +0.3% |  -2.546 | -102.586 | memory_axi_0/addr_reg[22]$_SDFFE_PP0P_/D
     2350 |       7 |     503 |            0 |    +0.3% |  -2.546 | -102.586 | memory_axi_0/addr_reg[22]$_SDFFE_PP0P_/D
     2360 |       7 |     504 |            0 |    +0.3% |  -2.546 | -101.625 | memory_axi_0/addr_reg[22]$_SDFFE_PP0P_/D
     2370 |       7 |     507 |            0 |    +0.3% |  -2.546 | -100.623 | memory_axi_0/addr_reg[22]$_SDFFE_PP0P_/D
     2380 |       7 |     507 |            0 |    +0.3% |  -2.546 | -100.623 | memory_axi_0/addr_reg[22]$_SDFFE_PP0P_/D
     2390 |       7 |     507 |            0 |    +0.3% |  -2.546 | -100.623 | memory_axi_0/addr_reg[22]$_SDFFE_PP0P_/D
     2400 |       7 |     510 |            0 |    +0.3% |  -2.546 | -99.653 | memory_axi_0/addr_reg[22]$_SDFFE_PP0P_/D
     2410 |       7 |     510 |            0 |    +0.3% |  -2.546 | -99.653 | memory_axi_0/addr_reg[22]$_SDFFE_PP0P_/D
     2420 |       7 |     510 |            0 |    +0.3% |  -2.546 | -99.653 | memory_axi_0/addr_reg[22]$_SDFFE_PP0P_/D
     2430 |       7 |     514 |            0 |    +0.3% |  -2.546 | -98.782 | memory_axi_0/addr_reg[22]$_SDFFE_PP0P_/D
     2440 |       7 |     514 |            0 |    +0.3% |  -2.546 | -98.782 | memory_axi_0/addr_reg[22]$_SDFFE_PP0P_/D
     2450 |       7 |     514 |            0 |    +0.3% |  -2.546 | -98.782 | memory_axi_0/addr_reg[22]$_SDFFE_PP0P_/D
     2460 |       7 |     514 |            0 |    +0.3% |  -2.546 | -98.782 | memory_axi_0/addr_reg[22]$_SDFFE_PP0P_/D
     2470 |       7 |     517 |            0 |    +0.3% |  -2.546 | -97.845 | memory_axi_0/addr_reg[22]$_SDFFE_PP0P_/D
     2480 |       7 |     517 |            0 |    +0.3% |  -2.546 | -97.845 | memory_axi_0/addr_reg[22]$_SDFFE_PP0P_/D
     2490 |       7 |     517 |            0 |    +0.3% |  -2.546 | -97.845 | memory_axi_0/addr_reg[22]$_SDFFE_PP0P_/D
     2500 |       7 |     521 |            0 |    +0.3% |  -2.546 | -96.937 | memory_axi_0/addr_reg[22]$_SDFFE_PP0P_/D
     2510 |       7 |     522 |            0 |    +0.3% |  -2.546 | -96.937 | memory_axi_0/addr_reg[22]$_SDFFE_PP0P_/D
     2520 |       7 |     525 |            0 |    +0.3% |  -2.546 | -96.131 | memory_axi_0/addr_reg[22]$_SDFFE_PP0P_/D
     2530 |       7 |     525 |            0 |    +0.3% |  -2.546 | -96.131 | memory_axi_0/addr_reg[22]$_SDFFE_PP0P_/D
     2540 |       7 |     525 |            0 |    +0.3% |  -2.546 | -96.131 | memory_axi_0/addr_reg[22]$_SDFFE_PP0P_/D
     2550 |       7 |     525 |            0 |    +0.3% |  -2.546 | -96.131 | memory_axi_0/addr_reg[22]$_SDFFE_PP0P_/D
     2560 |       7 |     525 |            0 |    +0.3% |  -2.546 | -96.131 | memory_axi_0/addr_reg[22]$_SDFFE_PP0P_/D
     2570 |       7 |     525 |            0 |    +0.3% |  -2.546 | -96.131 | memory_axi_0/addr_reg[22]$_SDFFE_PP0P_/D
     2580 |       7 |     525 |            0 |    +0.3% |  -2.546 | -96.131 | memory_axi_0/addr_reg[22]$_SDFFE_PP0P_/D
     2590 |       7 |     525 |            0 |    +0.3% |  -2.546 | -96.131 | memory_axi_0/addr_reg[22]$_SDFFE_PP0P_/D
     2600 |       7 |     525 |            0 |    +0.3% |  -2.546 | -96.131 | memory_axi_0/addr_reg[22]$_SDFFE_PP0P_/D
     2610 |       7 |     529 |            0 |    +0.3% |  -2.546 | -95.268 | memory_axi_0/addr_reg[22]$_SDFFE_PP0P_/D
     2620 |       7 |     529 |            0 |    +0.3% |  -2.546 | -95.268 | memory_axi_0/addr_reg[22]$_SDFFE_PP0P_/D
     2630 |       7 |     532 |            0 |    +0.3% |  -2.546 | -94.409 | memory_axi_0/addr_reg[22]$_SDFFE_PP0P_/D
     2640 |       7 |     532 |            0 |    +0.3% |  -2.546 | -94.409 | memory_axi_0/addr_reg[22]$_SDFFE_PP0P_/D
     2650 |       7 |     536 |            0 |    +0.3% |  -2.546 | -93.564 | memory_axi_0/addr_reg[22]$_SDFFE_PP0P_/D
     2660 |       7 |     540 |            0 |    +0.3% |  -2.546 | -92.720 | memory_axi_0/addr_reg[22]$_SDFFE_PP0P_/D
     2670 |       7 |     543 |            0 |    +0.3% |  -2.546 | -92.245 | memory_axi_0/addr_reg[22]$_SDFFE_PP0P_/D
     2680 |       7 |     547 |            0 |    +0.3% |  -2.546 | -91.432 | memory_axi_0/addr_reg[22]$_SDFFE_PP0P_/D
     2690 |       7 |     551 |            0 |    +0.3% |  -2.546 | -90.825 | memory_axi_0/addr_reg[22]$_SDFFE_PP0P_/D
     2700 |       7 |     551 |            0 |    +0.3% |  -2.546 | -90.825 | memory_axi_0/addr_reg[22]$_SDFFE_PP0P_/D
     2710 |       7 |     551 |            0 |    +0.3% |  -2.546 | -90.825 | memory_axi_0/addr_reg[22]$_SDFFE_PP0P_/D
     2720 |       7 |     551 |            0 |    +0.3% |  -2.546 | -90.825 | memory_axi_0/addr_reg[22]$_SDFFE_PP0P_/D
     2730 |       7 |     551 |            0 |    +0.3% |  -2.546 | -90.825 | memory_axi_0/addr_reg[22]$_SDFFE_PP0P_/D
     2740 |       7 |     551 |            0 |    +0.3% |  -2.546 | -90.825 | memory_axi_0/addr_reg[22]$_SDFFE_PP0P_/D
     2750 |       7 |     551 |            0 |    +0.3% |  -2.546 | -90.825 | memory_axi_0/addr_reg[22]$_SDFFE_PP0P_/D
     2760 |       7 |     551 |            0 |    +0.3% |  -2.546 | -90.825 | memory_axi_0/addr_reg[22]$_SDFFE_PP0P_/D
     2770 |       7 |     551 |            0 |    +0.3% |  -2.546 | -90.825 | memory_axi_0/addr_reg[22]$_SDFFE_PP0P_/D
     2780 |       7 |     551 |            0 |    +0.3% |  -2.546 | -90.825 | memory_axi_0/addr_reg[22]$_SDFFE_PP0P_/D
     2790 |       7 |     551 |            0 |    +0.3% |  -2.546 | -90.825 | memory_axi_0/addr_reg[22]$_SDFFE_PP0P_/D
     2800 |       7 |     551 |            0 |    +0.3% |  -2.546 | -90.825 | memory_axi_0/addr_reg[22]$_SDFFE_PP0P_/D
     2810 |       7 |     551 |            0 |    +0.3% |  -2.546 | -90.825 | memory_axi_0/addr_reg[22]$_SDFFE_PP0P_/D
     2820 |       7 |     551 |            0 |    +0.3% |  -2.546 | -90.825 | memory_axi_0/addr_reg[22]$_SDFFE_PP0P_/D
     2830 |       7 |     551 |            0 |    +0.3% |  -2.546 | -90.825 | memory_axi_0/addr_reg[22]$_SDFFE_PP0P_/D
     2840 |       7 |     551 |            0 |    +0.3% |  -2.546 | -90.825 | memory_axi_0/addr_reg[22]$_SDFFE_PP0P_/D
     2850 |       7 |     551 |            0 |    +0.3% |  -2.546 | -90.825 | memory_axi_0/addr_reg[22]$_SDFFE_PP0P_/D
     2860 |       7 |     555 |            0 |    +0.3% |  -2.546 | -90.084 | memory_axi_0/addr_reg[22]$_SDFFE_PP0P_/D
     2870 |       7 |     555 |            0 |    +0.3% |  -2.546 | -90.084 | memory_axi_0/addr_reg[22]$_SDFFE_PP0P_/D
     2880 |       7 |     555 |            0 |    +0.3% |  -2.546 | -90.084 | memory_axi_0/addr_reg[22]$_SDFFE_PP0P_/D
     2890 |       7 |     555 |            0 |    +0.3% |  -2.546 | -90.084 | memory_axi_0/addr_reg[22]$_SDFFE_PP0P_/D
     2900 |       7 |     555 |            0 |    +0.3% |  -2.546 | -90.084 | memory_axi_0/addr_reg[22]$_SDFFE_PP0P_/D
     2910 |       7 |     555 |            0 |    +0.3% |  -2.546 | -90.084 | memory_axi_0/addr_reg[22]$_SDFFE_PP0P_/D
     2920 |       7 |     555 |            0 |    +0.3% |  -2.546 | -90.084 | memory_axi_0/addr_reg[22]$_SDFFE_PP0P_/D
     2930 |       7 |     555 |            0 |    +0.3% |  -2.546 | -90.084 | memory_axi_0/addr_reg[22]$_SDFFE_PP0P_/D
     2940 |       7 |     555 |            0 |    +0.3% |  -2.546 | -90.084 | memory_axi_0/addr_reg[22]$_SDFFE_PP0P_/D
     2950 |       7 |     558 |            0 |    +0.3% |  -2.546 | -89.359 | memory_axi_0/addr_reg[22]$_SDFFE_PP0P_/D
     2960 |       7 |     558 |            0 |    +0.3% |  -2.546 | -89.359 | memory_axi_0/addr_reg[22]$_SDFFE_PP0P_/D
     2970 |       7 |     558 |            0 |    +0.3% |  -2.546 | -89.359 | memory_axi_0/addr_reg[22]$_SDFFE_PP0P_/D
     2980 |       7 |     558 |            0 |    +0.3% |  -2.546 | -89.359 | memory_axi_0/addr_reg[22]$_SDFFE_PP0P_/D
     2990 |       7 |     558 |            0 |    +0.3% |  -2.546 | -89.359 | memory_axi_0/addr_reg[22]$_SDFFE_PP0P_/D
     3000 |       7 |     558 |            0 |    +0.3% |  -2.546 | -89.359 | memory_axi_0/addr_reg[22]$_SDFFE_PP0P_/D
     3010 |       7 |     558 |            0 |    +0.3% |  -2.546 | -89.359 | memory_axi_0/addr_reg[22]$_SDFFE_PP0P_/D
     3020 |       7 |     558 |            0 |    +0.3% |  -2.546 | -89.359 | memory_axi_0/addr_reg[22]$_SDFFE_PP0P_/D
     3030 |       7 |     562 |            0 |    +0.3% |  -2.546 | -88.649 | memory_axi_0/addr_reg[22]$_SDFFE_PP0P_/D
     3040 |       7 |     562 |            0 |    +0.3% |  -2.546 | -88.649 | memory_axi_0/addr_reg[22]$_SDFFE_PP0P_/D
     3050 |       7 |     562 |            0 |    +0.3% |  -2.546 | -88.649 | memory_axi_0/addr_reg[22]$_SDFFE_PP0P_/D
     3060 |       7 |     562 |            0 |    +0.3% |  -2.546 | -88.649 | memory_axi_0/addr_reg[22]$_SDFFE_PP0P_/D
     3070 |       7 |     565 |            0 |    +0.3% |  -2.546 | -87.950 | memory_axi_0/addr_reg[22]$_SDFFE_PP0P_/D
     3080 |       7 |     565 |            0 |    +0.3% |  -2.546 | -87.950 | memory_axi_0/addr_reg[22]$_SDFFE_PP0P_/D
     3090 |       7 |     565 |            0 |    +0.3% |  -2.546 | -87.950 | memory_axi_0/addr_reg[22]$_SDFFE_PP0P_/D
     3100 |       7 |     565 |            0 |    +0.3% |  -2.546 | -87.950 | memory_axi_0/addr_reg[22]$_SDFFE_PP0P_/D
     3110 |       7 |     565 |            0 |    +0.3% |  -2.546 | -87.950 | memory_axi_0/addr_reg[22]$_SDFFE_PP0P_/D
     3120 |       7 |     565 |            0 |    +0.3% |  -2.546 | -87.950 | memory_axi_0/addr_reg[22]$_SDFFE_PP0P_/D
     3130 |       7 |     568 |            0 |    +0.3% |  -2.546 | -87.866 | memory_axi_0/addr_reg[22]$_SDFFE_PP0P_/D
     3140 |       7 |     568 |            0 |    +0.3% |  -2.546 | -87.866 | memory_axi_0/addr_reg[22]$_SDFFE_PP0P_/D
     3150 |       7 |     572 |            0 |    +0.3% |  -2.546 | -87.466 | memory_axi_0/addr_reg[22]$_SDFFE_PP0P_/D
     3160 |       7 |     572 |            0 |    +0.3% |  -2.546 | -87.466 | memory_axi_0/addr_reg[22]$_SDFFE_PP0P_/D
     3170 |       7 |     572 |            0 |    +0.3% |  -2.546 | -87.466 | memory_axi_0/addr_reg[22]$_SDFFE_PP0P_/D
     3180 |       7 |     572 |            0 |    +0.3% |  -2.546 | -87.466 | memory_axi_0/addr_reg[22]$_SDFFE_PP0P_/D
     3190 |       7 |     572 |            0 |    +0.3% |  -2.546 | -87.466 | memory_axi_0/addr_reg[22]$_SDFFE_PP0P_/D
     3200 |       7 |     572 |            0 |    +0.3% |  -2.546 | -87.466 | memory_axi_0/addr_reg[22]$_SDFFE_PP0P_/D
     3210 |       7 |     576 |            0 |    +0.3% |  -2.546 | -86.913 | memory_axi_0/addr_reg[22]$_SDFFE_PP0P_/D
     3220 |       7 |     580 |            0 |    +0.3% |  -2.546 | -86.424 | memory_axi_0/addr_reg[22]$_SDFFE_PP0P_/D
     3230 |       7 |     584 |            0 |    +0.3% |  -2.546 | -86.001 | memory_axi_0/addr_reg[22]$_SDFFE_PP0P_/D
     3240 |       7 |     591 |            0 |    +0.3% |  -2.546 | -84.968 | memory_axi_0/addr_reg[22]$_SDFFE_PP0P_/D
     3250 |       7 |     591 |            0 |    +0.3% |  -2.546 | -84.968 | memory_axi_0/addr_reg[22]$_SDFFE_PP0P_/D
     3260 |       7 |     591 |            0 |    +0.3% |  -2.546 | -84.968 | memory_axi_0/addr_reg[22]$_SDFFE_PP0P_/D
     3270 |       7 |     591 |            0 |    +0.3% |  -2.546 | -84.968 | memory_axi_0/addr_reg[22]$_SDFFE_PP0P_/D
     3280 |       7 |     591 |            0 |    +0.3% |  -2.546 | -84.968 | memory_axi_0/addr_reg[22]$_SDFFE_PP0P_/D
     3290 |       7 |     591 |            0 |    +0.3% |  -2.546 | -84.968 | memory_axi_0/addr_reg[22]$_SDFFE_PP0P_/D
     3300 |       7 |     591 |            0 |    +0.3% |  -2.546 | -84.968 | memory_axi_0/addr_reg[22]$_SDFFE_PP0P_/D
     3310 |       7 |     591 |            0 |    +0.3% |  -2.546 | -84.968 | memory_axi_0/addr_reg[22]$_SDFFE_PP0P_/D
     3320 |       7 |     591 |            0 |    +0.3% |  -2.546 | -84.968 | memory_axi_0/addr_reg[22]$_SDFFE_PP0P_/D
     3330 |       7 |     591 |            0 |    +0.3% |  -2.546 | -84.968 | memory_axi_0/addr_reg[22]$_SDFFE_PP0P_/D
     3340 |       7 |     595 |            0 |    +0.3% |  -2.546 | -84.381 | memory_axi_0/addr_reg[22]$_SDFFE_PP0P_/D
     3350 |       7 |     595 |            0 |    +0.3% |  -2.546 | -84.381 | memory_axi_0/addr_reg[22]$_SDFFE_PP0P_/D
     3360 |       7 |     595 |            0 |    +0.3% |  -2.546 | -84.381 | memory_axi_0/addr_reg[22]$_SDFFE_PP0P_/D
     3370 |       7 |     595 |            0 |    +0.3% |  -2.546 | -84.381 | memory_axi_0/addr_reg[22]$_SDFFE_PP0P_/D
     3380 |       7 |     595 |            0 |    +0.3% |  -2.546 | -84.381 | memory_axi_0/addr_reg[22]$_SDFFE_PP0P_/D
     3390 |       7 |     595 |            0 |    +0.3% |  -2.546 | -84.381 | memory_axi_0/addr_reg[22]$_SDFFE_PP0P_/D
     3400 |       7 |     595 |            0 |    +0.3% |  -2.546 | -84.381 | memory_axi_0/addr_reg[22]$_SDFFE_PP0P_/D
     3410 |       7 |     595 |            0 |    +0.3% |  -2.546 | -84.381 | memory_axi_0/addr_reg[22]$_SDFFE_PP0P_/D
     3420 |       7 |     595 |            0 |    +0.3% |  -2.546 | -84.381 | memory_axi_0/addr_reg[22]$_SDFFE_PP0P_/D
     3430 |       7 |     595 |            0 |    +0.3% |  -2.546 | -84.381 | memory_axi_0/addr_reg[22]$_SDFFE_PP0P_/D
     3440 |       7 |     595 |            0 |    +0.3% |  -2.546 | -84.381 | memory_axi_0/addr_reg[22]$_SDFFE_PP0P_/D
     3450 |       7 |     598 |            0 |    +0.3% |  -2.546 | -84.179 | memory_axi_0/addr_reg[22]$_SDFFE_PP0P_/D
     3460 |       7 |     598 |            0 |    +0.3% |  -2.546 | -84.179 | memory_axi_0/addr_reg[22]$_SDFFE_PP0P_/D
     3470 |       7 |     598 |            0 |    +0.3% |  -2.546 | -84.179 | memory_axi_0/addr_reg[22]$_SDFFE_PP0P_/D
     3480 |       7 |     598 |            0 |    +0.3% |  -2.546 | -84.179 | memory_axi_0/addr_reg[22]$_SDFFE_PP0P_/D
     3490 |       7 |     598 |            0 |    +0.3% |  -2.546 | -84.179 | memory_axi_0/addr_reg[22]$_SDFFE_PP0P_/D
     3500 |       7 |     598 |            0 |    +0.3% |  -2.546 | -84.179 | memory_axi_0/addr_reg[22]$_SDFFE_PP0P_/D
     3510 |       7 |     598 |            0 |    +0.3% |  -2.546 | -84.179 | memory_axi_0/addr_reg[22]$_SDFFE_PP0P_/D
     3520 |       7 |     598 |            0 |    +0.3% |  -2.546 | -84.179 | memory_axi_0/addr_reg[22]$_SDFFE_PP0P_/D
     3530 |       7 |     598 |            0 |    +0.3% |  -2.546 | -84.179 | memory_axi_0/addr_reg[22]$_SDFFE_PP0P_/D
     3540 |       7 |     598 |            0 |    +0.3% |  -2.546 | -84.179 | memory_axi_0/addr_reg[22]$_SDFFE_PP0P_/D
     3550 |       7 |     598 |            0 |    +0.3% |  -2.546 | -84.179 | memory_axi_0/addr_reg[22]$_SDFFE_PP0P_/D
     3560 |       7 |     598 |            0 |    +0.3% |  -2.546 | -84.179 | memory_axi_0/addr_reg[22]$_SDFFE_PP0P_/D
     3570 |       7 |     598 |            0 |    +0.3% |  -2.546 | -84.179 | memory_axi_0/addr_reg[22]$_SDFFE_PP0P_/D
     3580 |       7 |     598 |            0 |    +0.3% |  -2.546 | -84.179 | memory_axi_0/addr_reg[22]$_SDFFE_PP0P_/D
     3590 |       7 |     598 |            0 |    +0.3% |  -2.546 | -84.179 | memory_axi_0/addr_reg[22]$_SDFFE_PP0P_/D
     3600 |       7 |     598 |            0 |    +0.3% |  -2.546 | -84.179 | memory_axi_0/addr_reg[22]$_SDFFE_PP0P_/D
     3610 |       7 |     598 |            0 |    +0.3% |  -2.546 | -84.179 | memory_axi_0/addr_reg[22]$_SDFFE_PP0P_/D
     3620 |       7 |     605 |            0 |    +0.3% |  -2.546 | -82.717 | memory_axi_0/addr_reg[22]$_SDFFE_PP0P_/D
     3630 |       7 |     605 |            0 |    +0.3% |  -2.546 | -82.717 | memory_axi_0/addr_reg[22]$_SDFFE_PP0P_/D
     3640 |       7 |     605 |            0 |    +0.3% |  -2.546 | -82.717 | memory_axi_0/addr_reg[22]$_SDFFE_PP0P_/D
     3650 |       7 |     605 |            0 |    +0.3% |  -2.546 | -82.717 | memory_axi_0/addr_reg[22]$_SDFFE_PP0P_/D
     3660 |       7 |     605 |            0 |    +0.3% |  -2.546 | -82.717 | memory_axi_0/addr_reg[22]$_SDFFE_PP0P_/D
     3670 |       7 |     605 |            0 |    +0.3% |  -2.546 | -82.717 | memory_axi_0/addr_reg[22]$_SDFFE_PP0P_/D
     3680 |       7 |     605 |            0 |    +0.3% |  -2.546 | -82.717 | memory_axi_0/addr_reg[22]$_SDFFE_PP0P_/D
     3690 |       7 |     605 |            0 |    +0.3% |  -2.546 | -82.717 | memory_axi_0/addr_reg[22]$_SDFFE_PP0P_/D
     3700 |       7 |     605 |            0 |    +0.3% |  -2.546 | -82.717 | memory_axi_0/addr_reg[22]$_SDFFE_PP0P_/D
     3710 |       7 |     605 |            0 |    +0.3% |  -2.546 | -82.717 | memory_axi_0/addr_reg[22]$_SDFFE_PP0P_/D
     3720 |       7 |     605 |            0 |    +0.3% |  -2.546 | -82.717 | memory_axi_0/addr_reg[22]$_SDFFE_PP0P_/D
     3730 |       7 |     605 |            0 |    +0.3% |  -2.546 | -82.717 | memory_axi_0/addr_reg[22]$_SDFFE_PP0P_/D
     3740 |       7 |     605 |            0 |    +0.3% |  -2.546 | -82.717 | memory_axi_0/addr_reg[22]$_SDFFE_PP0P_/D
     3750 |       7 |     605 |            0 |    +0.3% |  -2.546 | -82.717 | memory_axi_0/addr_reg[22]$_SDFFE_PP0P_/D
     3760 |       7 |     605 |            0 |    +0.3% |  -2.546 | -82.717 | memory_axi_0/addr_reg[22]$_SDFFE_PP0P_/D
     3770 |       7 |     605 |            0 |    +0.3% |  -2.546 | -82.717 | memory_axi_0/addr_reg[22]$_SDFFE_PP0P_/D
     3780 |       7 |     605 |            0 |    +0.3% |  -2.546 | -82.717 | memory_axi_0/addr_reg[22]$_SDFFE_PP0P_/D
     3790 |       7 |     605 |            0 |    +0.3% |  -2.546 | -82.717 | memory_axi_0/addr_reg[22]$_SDFFE_PP0P_/D
     3800 |       7 |     605 |            0 |    +0.3% |  -2.546 | -82.717 | memory_axi_0/addr_reg[22]$_SDFFE_PP0P_/D
     3810 |       7 |     605 |            0 |    +0.3% |  -2.546 | -82.717 | memory_axi_0/addr_reg[22]$_SDFFE_PP0P_/D
     3820 |       7 |     605 |            0 |    +0.3% |  -2.546 | -82.717 | memory_axi_0/addr_reg[22]$_SDFFE_PP0P_/D
     3830 |       7 |     606 |            0 |    +0.3% |  -2.546 | -82.190 | memory_axi_0/addr_reg[22]$_SDFFE_PP0P_/D
     3840 |       7 |     606 |            0 |    +0.3% |  -2.546 | -82.190 | memory_axi_0/addr_reg[22]$_SDFFE_PP0P_/D
     3850 |       7 |     606 |            0 |    +0.3% |  -2.546 | -82.190 | memory_axi_0/addr_reg[22]$_SDFFE_PP0P_/D
     3860 |       7 |     606 |            0 |    +0.3% |  -2.546 | -82.190 | memory_axi_0/addr_reg[22]$_SDFFE_PP0P_/D
     3870 |       7 |     606 |            0 |    +0.3% |  -2.546 | -82.190 | memory_axi_0/addr_reg[22]$_SDFFE_PP0P_/D
     3880 |       7 |     606 |            0 |    +0.3% |  -2.546 | -82.190 | memory_axi_0/addr_reg[22]$_SDFFE_PP0P_/D
     3890 |       7 |     607 |            0 |    +0.3% |  -2.546 | -81.648 | memory_axi_0/addr_reg[22]$_SDFFE_PP0P_/D
     3900 |       7 |     607 |            0 |    +0.3% |  -2.546 | -81.648 | memory_axi_0/addr_reg[22]$_SDFFE_PP0P_/D
     3910 |       7 |     608 |            0 |    +0.3% |  -2.546 | -74.416 | memory_axi_0/addr_reg[22]$_SDFFE_PP0P_/D
     3920 |       7 |     609 |            0 |    +0.3% |  -2.546 | -73.878 | memory_axi_0/addr_reg[22]$_SDFFE_PP0P_/D
     3930 |       7 |     609 |            0 |    +0.3% |  -2.546 | -73.878 | memory_axi_0/addr_reg[22]$_SDFFE_PP0P_/D
     3940 |       7 |     609 |            0 |    +0.3% |  -2.546 | -73.878 | memory_axi_0/addr_reg[22]$_SDFFE_PP0P_/D
     3950 |       7 |     609 |            0 |    +0.3% |  -2.546 | -73.878 | memory_axi_0/addr_reg[22]$_SDFFE_PP0P_/D
     3960 |       7 |     609 |            0 |    +0.3% |  -2.546 | -73.878 | memory_axi_0/addr_reg[22]$_SDFFE_PP0P_/D
     3970 |       7 |     609 |            0 |    +0.3% |  -2.546 | -73.878 | memory_axi_0/addr_reg[22]$_SDFFE_PP0P_/D
     3980 |       7 |     609 |            0 |    +0.3% |  -2.546 | -73.878 | memory_axi_0/addr_reg[22]$_SDFFE_PP0P_/D
     3990 |       7 |     609 |            0 |    +0.3% |  -2.546 | -73.878 | memory_axi_0/addr_reg[22]$_SDFFE_PP0P_/D
     4000 |       7 |     609 |            0 |    +0.3% |  -2.546 | -73.878 | memory_axi_0/addr_reg[22]$_SDFFE_PP0P_/D
     4010 |       7 |     609 |            0 |    +0.3% |  -2.546 | -73.878 | memory_axi_0/addr_reg[22]$_SDFFE_PP0P_/D
     4020 |       7 |     609 |            0 |    +0.3% |  -2.546 | -73.878 | memory_axi_0/addr_reg[22]$_SDFFE_PP0P_/D
     4030 |       7 |     609 |            0 |    +0.3% |  -2.546 | -73.878 | memory_axi_0/addr_reg[22]$_SDFFE_PP0P_/D
     4040 |       7 |     609 |            0 |    +0.3% |  -2.546 | -73.878 | memory_axi_0/addr_reg[22]$_SDFFE_PP0P_/D
     4050 |       7 |     609 |            0 |    +0.3% |  -2.546 | -73.878 | memory_axi_0/addr_reg[22]$_SDFFE_PP0P_/D
     4060 |       7 |     609 |            0 |    +0.3% |  -2.546 | -73.878 | memory_axi_0/addr_reg[22]$_SDFFE_PP0P_/D
     4070 |       7 |     609 |            0 |    +0.3% |  -2.546 | -73.878 | memory_axi_0/addr_reg[22]$_SDFFE_PP0P_/D
     4080 |       7 |     609 |            0 |    +0.3% |  -2.546 | -73.878 | memory_axi_0/addr_reg[22]$_SDFFE_PP0P_/D
     4090 |       7 |     609 |            0 |    +0.3% |  -2.546 | -73.878 | memory_axi_0/addr_reg[22]$_SDFFE_PP0P_/D
     4100 |       7 |     609 |            0 |    +0.3% |  -2.546 | -73.878 | memory_axi_0/addr_reg[22]$_SDFFE_PP0P_/D
     4110 |       7 |     609 |            0 |    +0.3% |  -2.546 | -73.878 | memory_axi_0/addr_reg[22]$_SDFFE_PP0P_/D
     4120 |       7 |     609 |            0 |    +0.3% |  -2.546 | -73.878 | memory_axi_0/addr_reg[22]$_SDFFE_PP0P_/D
     4130 |       7 |     609 |            0 |    +0.3% |  -2.546 | -73.878 | memory_axi_0/addr_reg[22]$_SDFFE_PP0P_/D
     4140 |       7 |     609 |            0 |    +0.3% |  -2.546 | -73.878 | memory_axi_0/addr_reg[22]$_SDFFE_PP0P_/D
     4150 |       7 |     609 |            0 |    +0.3% |  -2.546 | -73.878 | memory_axi_0/addr_reg[22]$_SDFFE_PP0P_/D
     4160 |       7 |     609 |            0 |    +0.3% |  -2.546 | -73.878 | memory_axi_0/addr_reg[22]$_SDFFE_PP0P_/D
     4170 |       7 |     609 |            0 |    +0.3% |  -2.546 | -73.878 | memory_axi_0/addr_reg[22]$_SDFFE_PP0P_/D
     4180 |       7 |     609 |            0 |    +0.3% |  -2.546 | -73.878 | memory_axi_0/addr_reg[22]$_SDFFE_PP0P_/D
     4190 |       7 |     609 |            0 |    +0.3% |  -2.546 | -73.878 | memory_axi_0/addr_reg[22]$_SDFFE_PP0P_/D
     4200 |       7 |     609 |            0 |    +0.3% |  -2.546 | -73.878 | memory_axi_0/addr_reg[22]$_SDFFE_PP0P_/D
     4210 |       7 |     609 |            0 |    +0.3% |  -2.546 | -73.878 | memory_axi_0/addr_reg[22]$_SDFFE_PP0P_/D
     4220 |       7 |     609 |            0 |    +0.3% |  -2.546 | -73.878 | memory_axi_0/addr_reg[22]$_SDFFE_PP0P_/D
     4230 |       7 |     609 |            0 |    +0.3% |  -2.546 | -73.878 | memory_axi_0/addr_reg[22]$_SDFFE_PP0P_/D
     4240 |       7 |     609 |            0 |    +0.3% |  -2.546 | -73.878 | memory_axi_0/addr_reg[22]$_SDFFE_PP0P_/D
     4250 |       7 |     609 |            0 |    +0.3% |  -2.546 | -73.878 | memory_axi_0/addr_reg[22]$_SDFFE_PP0P_/D
     4260 |       7 |     609 |            0 |    +0.3% |  -2.546 | -73.878 | memory_axi_0/addr_reg[22]$_SDFFE_PP0P_/D
     4270 |       7 |     609 |            0 |    +0.3% |  -2.546 | -73.878 | memory_axi_0/addr_reg[22]$_SDFFE_PP0P_/D
     4280 |       7 |     609 |            0 |    +0.3% |  -2.546 | -73.878 | memory_axi_0/addr_reg[22]$_SDFFE_PP0P_/D
     4290 |       7 |     609 |            0 |    +0.3% |  -2.546 | -73.878 | memory_axi_0/addr_reg[22]$_SDFFE_PP0P_/D
     4300 |       7 |     609 |            0 |    +0.3% |  -2.546 | -73.878 | memory_axi_0/addr_reg[22]$_SDFFE_PP0P_/D
     4310 |       7 |     609 |            0 |    +0.3% |  -2.546 | -73.878 | memory_axi_0/addr_reg[22]$_SDFFE_PP0P_/D
     4320 |       7 |     609 |            0 |    +0.3% |  -2.546 | -73.878 | memory_axi_0/addr_reg[22]$_SDFFE_PP0P_/D
     4330 |       7 |     609 |            0 |    +0.3% |  -2.546 | -73.878 | memory_axi_0/addr_reg[22]$_SDFFE_PP0P_/D
     4340 |       7 |     609 |            0 |    +0.3% |  -2.546 | -73.878 | memory_axi_0/addr_reg[22]$_SDFFE_PP0P_/D
     4350 |       7 |     609 |            0 |    +0.3% |  -2.546 | -73.878 | memory_axi_0/addr_reg[22]$_SDFFE_PP0P_/D
     4360 |       7 |     609 |            0 |    +0.3% |  -2.546 | -73.878 | memory_axi_0/addr_reg[22]$_SDFFE_PP0P_/D
     4370 |       7 |     609 |            0 |    +0.3% |  -2.546 | -73.878 | memory_axi_0/addr_reg[22]$_SDFFE_PP0P_/D
     4380 |       7 |     609 |            0 |    +0.3% |  -2.546 | -73.878 | memory_axi_0/addr_reg[22]$_SDFFE_PP0P_/D
     4390 |       7 |     609 |            0 |    +0.3% |  -2.546 | -73.878 | memory_axi_0/addr_reg[22]$_SDFFE_PP0P_/D
     4400 |       7 |     609 |            0 |    +0.3% |  -2.546 | -73.878 | memory_axi_0/addr_reg[22]$_SDFFE_PP0P_/D
     4410 |       7 |     609 |            0 |    +0.3% |  -2.546 | -73.878 | memory_axi_0/addr_reg[22]$_SDFFE_PP0P_/D
     4420 |       7 |     612 |            0 |    +0.3% |  -2.546 | -72.550 | memory_axi_0/addr_reg[22]$_SDFFE_PP0P_/D
     4430 |       7 |     614 |            0 |    +0.3% |  -2.546 | -71.939 | memory_axi_0/addr_reg[22]$_SDFFE_PP0P_/D
     4440 |       7 |     614 |            0 |    +0.3% |  -2.546 | -71.939 | memory_axi_0/addr_reg[22]$_SDFFE_PP0P_/D
     4450 |       7 |     614 |            0 |    +0.3% |  -2.546 | -71.939 | memory_axi_0/addr_reg[22]$_SDFFE_PP0P_/D
     4460 |       7 |     625 |            0 |    +0.3% |  -2.444 | -66.075 | memory_axi_0/addr_reg[5]$_SDFFE_PP0P_/D
     4470 |       7 |     645 |            0 |    +0.3% |  -2.285 | -55.110 | memory_axi_0/addr_reg[19]$_SDFFE_PP0P_/D
     4480 |       7 |     666 |            0 |    +0.4% |  -1.955 | -44.263 | memory_axi_0/addr_reg[17]$_SDFFE_PP0P_/D
     4490 |       7 |     694 |            0 |    +0.4% |  -1.537 | -39.187 | memory_axi_0/addr_reg[22]$_SDFFE_PP0P_/D
     4500 |       7 |     726 |            0 |    +0.4% |  -1.315 | -36.414 | memory_axi_0/addr_reg[30]$_SDFFE_PP0P_/D
     4510 |       7 |     761 |            0 |    +0.4% |  -1.312 | -33.999 | memory_axi_0/addr_reg[22]$_SDFFE_PP0P_/D
     4520 |       7 |     794 |            0 |    +0.4% |  -1.312 | -31.769 | memory_axi_0/addr_reg[22]$_SDFFE_PP0P_/D
     4530 |       7 |     820 |            0 |    +0.4% |  -1.245 | -27.579 | memory_axi_0/addr_reg[25]$_SDFFE_PP0P_/D
     4540 |       7 |     858 |            0 |    +0.5% |  -1.034 | -16.429 | memory_axi_0/addr_reg[14]$_SDFFE_PP0P_/D
     4550 |       7 |     894 |            0 |    +0.5% |  -0.813 |  -7.044 | memory_axi_0/addr_reg[6]$_SDFFE_PP0P_/D
     4560 |       7 |     929 |            0 |    +0.5% |  -0.158 |  -0.915 | memory_axi_0/addr_reg[19]$_SDFFE_PP0P_/D
     4570 |       7 |     944 |            0 |    +0.5% |  -0.052 |  -0.052 | memory_axi_0/addr_reg[22]$_SDFFE_PP0P_/D
    final |       7 |     945 |            0 |    +0.5% |   0.001 |   0.000 | dma_config_0/dma_0/burst_length_dma[27]$_SDFFE_PP0P_/D
--------------------------------------------------------------------------------------
[INFO RSZ-0132] Resized 7 instances.
[INFO RSZ-0032] Inserted 945 hold buffers.
[INFO RSZ-0506] Runtime: 70.09s
Took 273 seconds: repair_timing -setup_margin 0 -hold_margin 0 -repair_tns 0 -match_cell_footprint -verbose
detailed_placement
[INFO DPL-0006] Core area: 3527558.21 um^2
[INFO DPL-0007] Movable instances area: 1838509.53 um^2
[INFO DPL-0008] Fixed instances area within core: 58876.47 um^2
[INFO DPL-0009] Utilization: 53.8%
[INFO DPL-0005] Diamond search max displacement: +/- 500 sites horizontally, +/- 100 rows vertically.
[INFO DPL-1102] Legalizing using negotiation legalizer.
[INFO DPL-1103] Negotiation base search window: +/-20 sites horizontally, +/-5 rows vertically 
	Automatic search window extension enabled.
	Search window extendable up to the max displacement cap of +/-500 sites, +/-100 rows near walls.
[INFO DPL-1104] NegotiationLegalizer DRC penalty: 5.
[INFO DPL-0392] Negotiation cell height distribution (1 unique row-count(s)):
[INFO DPL-0393]   height 1 row(s): 189132 cells
          |      Total |  Illegal |  Illegal
Iteration | Violations |    Cells |    Sites
---------------------------------------------
        0 |        331 |        75 |       256
        1 |         72 |        14 |        58
        2 |         28 |         6 |        22
        3 |         16 |         2 |        14
        4 |          0 |         0 |         0
Negotiation phase 1 converged at iteration 4.
[INFO DPL-0500] Runtime: 1.15s
Placement Analysis
---------------------------------
total displacement       6315.0 u
average displacement        0.0 u
max displacement           26.4 u
original HPWL         5678194.3 u
legalized HPWL        5683110.4 u
delta HPWL                    0 %

Report metrics stage 4, cts final...

==========================================================================
cts final report_design_area
--------------------------------------------------------------------------
Design area 1897386 um^2 54% utilization.
write_db /Users/shubhanshu/Desktop/Nebula/digital/artifacts/model_ppa_v2_20260913_2305/pnr_openrouter_nemotron-ultra/results/sky130hd/nebula_bench_v2/openrouter_nemotron-ultra/4_1_cts.odb
write_sdc -no_timestamp /Users/shubhanshu/Desktop/Nebula/digital/artifacts/model_ppa_v2_20260913_2305/pnr_openrouter_nemotron-ultra/results/sky130hd/nebula_bench_v2/openrouter_nemotron-ultra/4_cts.sdc
Elapsed time: 6:04.32[h:]min:sec. CPU time: user 594.24 sys 527.76 (307%). Peak memory: 1384560KB.
Log                       Ext     Elapsed/s Peak Memory/MB sha1sum result [0:20)
4_1_cts                   .odb          364           1352 7dbd5f59062364a05063
cp /Users/shubhanshu/Desktop/Nebula/digital/artifacts/model_ppa_v2_20260913_2305/pnr_openrouter_nemotron-ultra/results/sky130hd/nebula_bench_v2/openrouter_nemotron-ultra/4_1_cts.odb /Users/shubhanshu/Desktop/Nebula/digital/artifacts/model_ppa_v2_20260913_2305/pnr_openrouter_nemotron-ultra/results/sky130hd/nebula_bench_v2/openrouter_nemotron-ultra/4_cts.odb
/Users/shubhanshu/Desktop/Nebula/digital/orfs/flow/scripts/flow.sh 5_1_grt global_route
Running global_route.tcl, stage 5_1_grt
read_liberty /Users/shubhanshu/Desktop/Nebula/digital/orfs/flow/platforms/sky130hd/lib/sky130_fd_sc_hd__tt_025C_1v80.lib
read_db /Users/shubhanshu/Desktop/Nebula/digital/artifacts/model_ppa_v2_20260913_2305/pnr_openrouter_nemotron-ultra/results/sky130hd/nebula_bench_v2/openrouter_nemotron-ultra/4_cts.odb
read_sdc /Users/shubhanshu/Desktop/Nebula/digital/artifacts/model_ppa_v2_20260913_2305/pnr_openrouter_nemotron-ultra/results/sky130hd/nebula_bench_v2/openrouter_nemotron-ultra/4_cts.sdc
source /Users/shubhanshu/Desktop/Nebula/digital/orfs/flow/platforms/sky130hd/setRC.tcl
pin_access
[INFO DRT-0149] Reading tech and libs.
[WARNING DRT-0349] LEF58_ENCLOSURE with no CUTCLASS is not supported. Skipping for layer mcon
[WARNING DRT-0349] LEF58_ENCLOSURE with no CUTCLASS is not supported. Skipping for layer mcon
[WARNING DRT-0349] LEF58_ENCLOSURE with no CUTCLASS is not supported. Skipping for layer via
[WARNING DRT-0349] LEF58_ENCLOSURE with no CUTCLASS is not supported. Skipping for layer via
[WARNING DRT-0349] LEF58_ENCLOSURE with no CUTCLASS is not supported. Skipping for layer via2
[WARNING DRT-0349] LEF58_ENCLOSURE with no CUTCLASS is not supported. Skipping for layer via2
[WARNING DRT-0349] LEF58_ENCLOSURE with no CUTCLASS is not supported. Skipping for layer via3
[WARNING DRT-0349] LEF58_ENCLOSURE with no CUTCLASS is not supported. Skipping for layer via3
[WARNING DRT-0349] LEF58_ENCLOSURE with no CUTCLASS is not supported. Skipping for layer via4
[WARNING DRT-0349] LEF58_ENCLOSURE with no CUTCLASS is not supported. Skipping for layer via4

Units:                1000
Number of layers:     13
Number of macros:     441
Number of vias:       29
Number of viarulegen: 25

[INFO DRT-0150] Reading design.

Design:                   soc_top
Die area:                 ( 0 0 ) ( 1900000 1900000 )
Number of track patterns: 12
Number of DEF vias:       0
Number of components:     189132
Number of terminals:      40
Number of snets:          2
Number of nets:           142700

[INFO DRT-0167] List of default vias:
  Layer via
    default via: M1M2_PR
  Layer via2
    default via: M2M3_PR
  Layer via3
    default via: M3M4_PR
  Layer via4
    default via: M4M5_PR
[INFO DRT-0162] Library cell analysis.
[INFO DRT-0163] Instance analysis.
  Complete 100000 instances.
[INFO DRT-0164] Number of unique instances = 429.
[INFO DRT-0168] Init region query.
[INFO DRT-0018]   Complete 100000 insts.
[INFO DRT-0024]   Complete FR_MASTERSLICE.
[INFO DRT-0024]   Complete Fr_VIA.
[INFO DRT-0024]   Complete li1.
[INFO DRT-0024]   Complete mcon.
[INFO DRT-0024]   Complete met1.
[INFO DRT-0024]   Complete via.
[INFO DRT-0024]   Complete met2.
[INFO DRT-0024]   Complete via2.
[INFO DRT-0024]   Complete met3.
[INFO DRT-0024]   Complete via3.
[INFO DRT-0024]   Complete met4.
[INFO DRT-0024]   Complete via4.
[INFO DRT-0024]   Complete met5.
[INFO DRT-0033] FR_MASTERSLICE shape region query size = 0.
[INFO DRT-0033] FR_VIA shape region query size = 0.
[INFO DRT-0033] li1 shape region query size = 5353413.
[INFO DRT-0033] mcon shape region query size = 3375581.
[INFO DRT-0033] met1 shape region query size = 917274.
[INFO DRT-0033] via shape region query size = 238395.
[INFO DRT-0033] met2 shape region query size = 143074.
[INFO DRT-0033] via2 shape region query size = 190716.
[INFO DRT-0033] met3 shape region query size = 143038.
[INFO DRT-0033] via3 shape region query size = 190716.
[INFO DRT-0033] met4 shape region query size = 57339.
[INFO DRT-0033] via4 shape region query size = 9522.
[INFO DRT-0033] met5 shape region query size = 9798.
[INFO DRT-0165] Start pin access.
[INFO DRT-0076]   Complete 1000 pins.
[INFO DRT-0076]   Complete 2000 pins.
[INFO DRT-0076]   Complete 3000 pins.
[INFO DRT-0078]   Complete 3564 pins.
[INFO DRT-0079]   Complete 100 unique inst patterns.
[INFO DRT-0079]   Complete 200 unique inst patterns.
[INFO DRT-0079]   Complete 300 unique inst patterns.
[INFO DRT-0079]   Complete 400 unique inst patterns.
[INFO DRT-0081]   Complete 429 unique inst patterns.
[INFO DRT-0082]   Complete 10000 groups.
[INFO DRT-0082]   Complete 20000 groups.
[INFO DRT-0082]   Complete 30000 groups.
[INFO DRT-0082]   Complete 40000 groups.
[INFO DRT-0082]   Complete 50000 groups.
[INFO DRT-0082]   Complete 60000 groups.
[INFO DRT-0082]   Complete 70000 groups.
[INFO DRT-0082]   Complete 80000 groups.
[INFO DRT-0082]   Complete 90000 groups.
[INFO DRT-0082]   Complete 100000 groups.
[INFO DRT-0084]   Complete 102073 groups.
#scanned instances     = 189132
#unique  instances     = 429
#stdCellGenAp          = 14028
#stdCellValidPlanarAp  = 122
#stdCellValidViaAp     = 10437
#stdCellPinNoAp        = 6
#stdCellPinCnt         = 508139
#instTermValidViaApCnt = 0
#macroGenAp            = 0
#macroValidPlanarAp    = 0
#macroValidViaAp       = 0
#macroNoAp             = 0
[INFO DRT-0166] Complete pin access.
[INFO DRT-0267] cpu time = 01:09:13, elapsed time = 00:06:17, memory = 1672.94 (MB), peak = 1672.94 (MB)
Took 380 seconds: pin_access
global_route -congestion_report_file /Users/shubhanshu/Desktop/Nebula/digital/artifacts/model_ppa_v2_20260913_2305/pnr_openrouter_nemotron-ultra/reports/sky130hd/nebula_bench_v2/openrouter_nemotron-ultra/congestion.rpt -congestion_iterations 30 -congestion_report_iter_step 5 -verbose
[INFO GRT-0020] Min routing layer: met1
[INFO GRT-0021] Max routing layer: met5
[INFO GRT-0022] Global adjustment: 0%
[INFO GRT-0023] Grid origin: (0, 0)
[INFO GRT-0088] Layer li1     Track-Pitch = 0.4600  line-2-Via Pitch: 0.3400
[INFO GRT-0088] Layer met1    Track-Pitch = 0.3400  line-2-Via Pitch: 0.3400
[INFO GRT-0088] Layer met2    Track-Pitch = 0.4600  line-2-Via Pitch: 0.3500
[INFO GRT-0088] Layer met3    Track-Pitch = 0.6800  line-2-Via Pitch: 0.6150
[INFO GRT-0088] Layer met4    Track-Pitch = 0.9200  line-2-Via Pitch: 1.0400
[INFO GRT-0088] Layer met5    Track-Pitch = 3.4000  line-2-Via Pitch: 3.1100
[INFO GRT-0003] Macros: 0
[INFO GRT-0004] Blockages: 732263
[INFO GRT-0019] Found 3611 clock nets.
[INFO GRT-0001] Minimum degree: 2
[INFO GRT-0002] Maximum degree: 74

[INFO GRT-0053] Routing resources analysis:
          Routing      Original      Derated      Resource
Layer     Direction    Resources     Resources    Reduction (%)
---------------------------------------------------------------
li1        Vertical            0             0          0.00%
met1       Horizontal     833819        638962          23.37%
met2       Vertical       975464        749140          23.20%
met3       Horizontal     715531        559117          21.86%
met4       Vertical       482272        348498          27.74%
met5       Horizontal     106926         76728          28.24%
---------------------------------------------------------------

[INFO GRT-0101] Running extra iterations to remove congestion.
[INFO GRT-0102] Start extra iteration 1/30
[INFO GRT-0102] Start extra iteration 2/30
[INFO GRT-0102] Start extra iteration 3/30
[INFO GRT-0197] Via related to pin nodes: 926322
[INFO GRT-0198] Via related Steiner nodes: 32376
[INFO GRT-0199] Via filling finished.
[INFO GRT-0111] Final number of vias: 1224667
[INFO GRT-0112] Final usage 3D: 4705376

[INFO GRT-0096] Final congestion report:
Layer         Resource        Demand        Usage (%)    Max H / Max V / Total Congestion
---------------------------------------------------------------------------------------
li1                  0             0            0.00%             0 /  0 /  0
met1            638962        332648           52.06%             0 /  0 /  0
met2            749140        441654           58.95%             0 /  0 /  0
met3            559117        164270           29.38%             0 /  0 /  0
met4            348498         87233           25.03%             0 /  0 /  0
met5             76728          5570            7.26%             0 /  0 /  0
---------------------------------------------------------------------------------------
Total          2372445       1031375           43.47%             0 /  0 /  0

[INFO GRT-0018] Total wirelength: 10030937 um
[INFO GRT-0014] Routed nets: 142207
[INFO GRT-0303] Global routing runtime = 00:00:22
Took 23 seconds: global_route -congestion_report_file /Users/shubhanshu/Desktop/Nebula/digital/artifacts/model_ppa_v2_20260913_2305/pnr_openrouter_nemotron-ultra/reports/sky130hd/nebula_bench_v2/openrouter_nemotron-ultra/congestion.rpt -congestion_iterations 30 -congestion_report_iter_step 5 -verbose
estimate_parasitics -global_routing
Took 5 seconds: estimate_parasitics -global_routing
Perform buffer insertion and gate resizing...
repair_design -verbose
Iteration |   Area    | Resized | Buffers | Nets repaired | Remaining
---------------------------------------------------------------------
        0 |     +0.0% |       0 |       0 |             0 |    146270
     1000 |     +0.0% |       0 |       0 |             0 |    145270
     2000 |     +0.0% |       0 |       0 |             0 |    144270
     3000 |     +0.0% |       0 |       0 |             0 |    143270
     4000 |     +0.0% |       0 |       0 |             0 |    142270
     5000 |     +0.0% |       0 |       0 |             0 |    141270
     6000 |     +0.0% |       0 |       0 |             0 |    140270
     7000 |     +0.0% |       0 |       0 |             0 |    139270
     8000 |     +0.0% |       0 |       0 |             0 |    138270
     9000 |     +0.0% |       0 |       0 |             0 |    137270
    10000 |     +0.0% |       0 |       0 |             0 |    136270
[WARNING RSZ-0104] Net uart_0/uart_0/uart_decimal/_3258_ only has one pin. Check if it is intended to be dangling.
[WARNING RSZ-0104] Net uart_0/uart_0/uart_decimal/_3236_ only has one pin. Check if it is intended to be dangling.
[WARNING RSZ-0104] Net uart_0/uart_0/uart_decimal/_3227_ only has one pin. Check if it is intended to be dangling.
[WARNING RSZ-0104] Net dot_0/fp4_dot_0/add6/_0678_ only has one pin. Check if it is intended to be dangling.
[WARNING RSZ-0104] Net uart_0/uart_0/uart_decimal/_3248_ only has one pin. Check if it is intended to be dangling.
[WARNING RSZ-0104] Net uart_0/uart_0/uart_decimal/_3206_ only has one pin. Check if it is intended to be dangling.
[WARNING RSZ-0104] Net uart_0/uart_0/uart_decimal/_3289_ only has one pin. Check if it is intended to be dangling.
    11000 |     +0.0% |       0 |       0 |             0 |    135270
[WARNING RSZ-0104] Net uart_0/uart_0/uart_decimal/_3285_ only has one pin. Check if it is intended to be dangling.
[WARNING RSZ-0104] Net uart_0/uart_0/uart_decimal/_3160_ only has one pin. Check if it is intended to be dangling.
[WARNING RSZ-0104] Net uart_0/uart_0/uart_decimal/_3277_ only has one pin. Check if it is intended to be dangling.
[WARNING RSZ-0104] Net uart_0/uart_0/uart_decimal/_3272_ only has one pin. Check if it is intended to be dangling.
[WARNING RSZ-0104] Net uart_0/uart_0/uart_decimal/_3275_ only has one pin. Check if it is intended to be dangling.
[WARNING RSZ-0104] Net dot_0/fp4_dot_0/add6/_0677_ only has one pin. Check if it is intended to be dangling.
[WARNING RSZ-0104] Net uart_0/uart_0/uart_decimal/_3256_ only has one pin. Check if it is intended to be dangling.
[WARNING RSZ-0104] Net uart_0/uart_0/uart_decimal/_3261_ only has one pin. Check if it is intended to be dangling.
[WARNING RSZ-0104] Net uart_0/uart_0/uart_decimal/_3182_ only has one pin. Check if it is intended to be dangling.
[WARNING RSZ-0104] Net uart_0/uart_0/uart_decimal/_3249_ only has one pin. Check if it is intended to be dangling.
[WARNING RSZ-0104] Net uart_0/uart_0/uart_decimal/_3243_ only has one pin. Check if it is intended to be dangling.
[WARNING RSZ-0104] Net dot_0/fp4_dot_0/add6/_0681_ only has one pin. Check if it is intended to be dangling.
[WARNING RSZ-0104] Net uart_0/uart_0/uart_decimal/_3241_ only has one pin. Check if it is intended to be dangling.
[WARNING RSZ-0104] Net uart_0/uart_0/uart_decimal/_3209_ only has one pin. Check if it is intended to be dangling.
[WARNING RSZ-0104] Net uart_0/uart_0/uart_decimal/_3193_ only has one pin. Check if it is intended to be dangling.
[WARNING RSZ-0104] Net uart_0/uart_0/uart_decimal/_3200_ only has one pin. Check if it is intended to be dangling.
    12000 |     +0.0% |       0 |       0 |             0 |    134270
[WARNING RSZ-0104] Net uart_0/uart_0/uart_decimal/_3195_ only has one pin. Check if it is intended to be dangling.
[WARNING RSZ-0104] Net uart_0/uart_0/uart_decimal/_3213_ only has one pin. Check if it is intended to be dangling.
[WARNING RSZ-0104] Net uart_0/uart_0/uart_decimal/_3181_ only has one pin. Check if it is intended to be dangling.
[WARNING RSZ-0104] Net uart_0/uart_0/uart_decimal/_3157_ only has one pin. Check if it is intended to be dangling.
[WARNING RSZ-0104] Net uart_0/uart_0/uart_decimal/_3303_ only has one pin. Check if it is intended to be dangling.
[WARNING RSZ-0104] Net uart_0/uart_0/uart_decimal/_3268_ only has one pin. Check if it is intended to be dangling.
[WARNING RSZ-0104] Net uart_0/uart_0/uart_decimal/_3183_ only has one pin. Check if it is intended to be dangling.
[WARNING RSZ-0104] Net uart_0/uart_0/uart_decimal/_3280_ only has one pin. Check if it is intended to be dangling.
[WARNING RSZ-0104] Net uart_0/uart_0/uart_decimal/_3179_ only has one pin. Check if it is intended to be dangling.
[WARNING RSZ-0104] Net uart_0/uart_0/uart_decimal/_3171_ only has one pin. Check if it is intended to be dangling.
[WARNING RSZ-0104] Net uart_0/uart_0/uart_decimal/_3211_ only has one pin. Check if it is intended to be dangling.
[WARNING RSZ-0104] Net uart_0/uart_0/uart_decimal/_3279_ only has one pin. Check if it is intended to be dangling.
[WARNING RSZ-0104] Net uart_0/uart_0/uart_decimal/_3255_ only has one pin. Check if it is intended to be dangling.
[WARNING RSZ-0104] Net uart_0/uart_0/uart_decimal/_3224_ only has one pin. Check if it is intended to be dangling.
[WARNING RSZ-0104] Net uart_0/uart_0/uart_decimal/_3215_ only has one pin. Check if it is intended to be dangling.
[WARNING RSZ-0104] Net uart_0/uart_0/uart_decimal/_3176_ only has one pin. Check if it is intended to be dangling.
[WARNING RSZ-0104] Net uart_0/uart_0/uart_decimal/_3223_ only has one pin. Check if it is intended to be dangling.
[WARNING RSZ-0104] Net uart_0/uart_0/uart_decimal/_3163_ only has one pin. Check if it is intended to be dangling.
    13000 |     +0.0% |       0 |       0 |             0 |    133270
[WARNING RSZ-0104] Net uart_0/uart_0/uart_decimal/_3276_ only has one pin. Check if it is intended to be dangling.
[WARNING RSZ-0104] Net uart_0/uart_0/uart_decimal/_3233_ only has one pin. Check if it is intended to be dangling.
[WARNING RSZ-0104] Net uart_0/uart_0/uart_decimal/_3221_ only has one pin. Check if it is intended to be dangling.
[WARNING RSZ-0104] Net dot_0/fp4_dot_0/add6/_0676_ only has one pin. Check if it is intended to be dangling.
[WARNING RSZ-0104] Net uart_0/uart_0/uart_decimal/_3267_ only has one pin. Check if it is intended to be dangling.
[WARNING RSZ-0104] Net uart_0/uart_0/uart_decimal/_3231_ only has one pin. Check if it is intended to be dangling.
[WARNING RSZ-0104] Net uart_0/uart_0/uart_decimal/_3217_ only has one pin. Check if it is intended to be dangling.
[WARNING RSZ-0104] Net dot_0/fp4_dot_0/add6/_0682_ only has one pin. Check if it is intended to be dangling.
[WARNING RSZ-0104] Net uart_0/uart_0/uart_decimal/_3252_ only has one pin. Check if it is intended to be dangling.
[WARNING RSZ-0104] Net uart_0/uart_0/uart_decimal/_3194_ only has one pin. Check if it is intended to be dangling.
[WARNING RSZ-0104] Net uart_0/uart_0/uart_decimal/_3297_ only has one pin. Check if it is intended to be dangling.
[WARNING RSZ-0104] Net uart_0/uart_0/uart_decimal/_3168_ only has one pin. Check if it is intended to be dangling.
[WARNING RSZ-0104] Net uart_0/uart_0/uart_decimal/_3296_ only has one pin. Check if it is intended to be dangling.
[WARNING RSZ-0104] Net uart_0/uart_0/uart_decimal/_3271_ only has one pin. Check if it is intended to be dangling.
[WARNING RSZ-0104] Net uart_0/uart_0/uart_decimal/_3253_ only has one pin. Check if it is intended to be dangling.
[WARNING RSZ-0104] Net uart_0/uart_0/uart_decimal/_3205_ only has one pin. Check if it is intended to be dangling.
[WARNING RSZ-0104] Net uart_0/uart_0/uart_decimal/_3189_ only has one pin. Check if it is intended to be dangling.
[WARNING RSZ-0104] Net uart_0/uart_0/uart_decimal/_3170_ only has one pin. Check if it is intended to be dangling.
[WARNING RSZ-0104] Net uart_0/uart_0/uart_decimal/_3177_ only has one pin. Check if it is intended to be dangling.
[WARNING RSZ-0104] Net uart_0/uart_0/uart_decimal/_3161_ only has one pin. Check if it is intended to be dangling.
    14000 |     +0.0% |       0 |       0 |             0 |    132270
[WARNING RSZ-0104] Net dot_0/fp4_dot_0/add6/_0675_ only has one pin. Check if it is intended to be dangling.
[WARNING RSZ-0104] Net dot_0/fp4_dot_0/add6/_0680_ only has one pin. Check if it is intended to be dangling.
[WARNING RSZ-0104] Net dot_0/fp4_dot_0/add6/_0674_ only has one pin. Check if it is intended to be dangling.
[WARNING RSZ-0104] Net dot_0/fp4_dot_0/add6/_0679_ only has one pin. Check if it is intended to be dangling.
[WARNING RSZ-0104] Net uart_0/uart_0/uart_decimal/_3207_ only has one pin. Check if it is intended to be dangling.
[WARNING RSZ-0104] Net uart_0/uart_0/uart_decimal/_3300_ only has one pin. Check if it is intended to be dangling.
[WARNING RSZ-0104] Net uart_0/uart_0/uart_decimal/_3218_ only has one pin. Check if it is intended to be dangling.
[WARNING RSZ-0104] Net uart_0/uart_0/uart_decimal/_3153_ only has one pin. Check if it is intended to be dangling.
[WARNING RSZ-0104] Net uart_0/uart_0/uart_decimal/_3290_ only has one pin. Check if it is intended to be dangling.
[WARNING RSZ-0104] Net uart_0/uart_0/uart_decimal/_3202_ only has one pin. Check if it is intended to be dangling.
[WARNING RSZ-0104] Net uart_0/uart_0/uart_decimal/_3298_ only has one pin. Check if it is intended to be dangling.
[WARNING RSZ-0104] Net uart_0/uart_0/uart_decimal/_3178_ only has one pin. Check if it is intended to be dangling.
[WARNING RSZ-0104] Net uart_0/uart_0/uart_decimal/_3266_ only has one pin. Check if it is intended to be dangling.
[WARNING RSZ-0104] Net uart_0/uart_0/uart_decimal/_3265_ only has one pin. Check if it is intended to be dangling.
[WARNING RSZ-0104] Net uart_0/uart_0/uart_decimal/_3240_ only has one pin. Check if it is intended to be dangling.
[WARNING RSZ-0104] Net uart_0/uart_0/uart_decimal/_3260_ only has one pin. Check if it is intended to be dangling.
[WARNING RSZ-0104] Net uart_0/uart_0/uart_decimal/_3242_ only has one pin. Check if it is intended to be dangling.
[WARNING RSZ-0104] Net uart_0/uart_0/uart_decimal/_3187_ only has one pin. Check if it is intended to be dangling.
    15000 |     +0.0% |       0 |       0 |             0 |    131270
[WARNING RSZ-0104] Net uart_0/uart_0/uart_decimal/_3198_ only has one pin. Check if it is intended to be dangling.
[WARNING RSZ-0104] Net uart_0/uart_0/uart_decimal/_3283_ only has one pin. Check if it is intended to be dangling.
[WARNING RSZ-0104] Net uart_0/uart_0/uart_decimal/_3175_ only has one pin. Check if it is intended to be dangling.
[WARNING RSZ-0104] Net uart_0/uart_0/uart_decimal/_3169_ only has one pin. Check if it is intended to be dangling.
[WARNING RSZ-0104] Net uart_0/uart_0/uart_decimal/_3226_ only has one pin. Check if it is intended to be dangling.
[WARNING RSZ-0104] Net uart_0/uart_0/uart_decimal/_3154_ only has one pin. Check if it is intended to be dangling.
[WARNING RSZ-0104] Net dot_0/fp4_dot_0/add5/_0678_ only has one pin. Check if it is intended to be dangling.
[WARNING RSZ-0104] Net uart_0/uart_0/uart_decimal/_3174_ only has one pin. Check if it is intended to be dangling.
[WARNING RSZ-0104] Net uart_0/uart_0/uart_decimal/_3165_ only has one pin. Check if it is intended to be dangling.
[WARNING RSZ-0104] Net dot_0/fp4_dot_0/add4/_0678_ only has one pin. Check if it is intended to be dangling.
[WARNING RSZ-0104] Net uart_0/uart_0/uart_decimal/_3185_ only has one pin. Check if it is intended to be dangling.
    16000 |     +0.0% |       0 |       0 |             0 |    130270
[WARNING RSZ-0104] Net uart_0/uart_0/uart_decimal/_3302_ only has one pin. Check if it is intended to be dangling.
[WARNING RSZ-0104] Net uart_0/uart_0/uart_decimal/_3278_ only has one pin. Check if it is intended to be dangling.
[WARNING RSZ-0104] Net uart_0/uart_0/uart_decimal/_3273_ only has one pin. Check if it is intended to be dangling.
[WARNING RSZ-0104] Net uart_0/uart_0/uart_decimal/_3228_ only has one pin. Check if it is intended to be dangling.
[WARNING RSZ-0104] Net uart_0/uart_0/uart_decimal/_3286_ only has one pin. Check if it is intended to be dangling.
[WARNING RSZ-0104] Net uart_0/uart_0/uart_decimal/_3220_ only has one pin. Check if it is intended to be dangling.
[WARNING RSZ-0104] Net uart_0/uart_0/uart_decimal/_3251_ only has one pin. Check if it is intended to be dangling.
[WARNING RSZ-0104] Net uart_0/uart_0/uart_decimal/_3192_ only has one pin. Check if it is intended to be dangling.
[WARNING RSZ-0104] Net dot_0/fp4_dot_0/add4/_0677_ only has one pin. Check if it is intended to be dangling.
[WARNING RSZ-0104] Net dot_0/fp4_dot_0/add5/_0677_ only has one pin. Check if it is intended to be dangling.
[WARNING RSZ-0104] Net uart_0/uart_0/uart_decimal/_3282_ only has one pin. Check if it is intended to be dangling.
[WARNING RSZ-0104] Net uart_0/uart_0/uart_decimal/_3262_ only has one pin. Check if it is intended to be dangling.
[WARNING RSZ-0104] Net uart_0/uart_0/uart_decimal/_3238_ only has one pin. Check if it is intended to be dangling.
[WARNING RSZ-0104] Net uart_0/uart_0/uart_decimal/_3219_ only has one pin. Check if it is intended to be dangling.
[WARNING RSZ-0104] Net dot_0/fp4_dot_0/add4/_0681_ only has one pin. Check if it is intended to be dangling.
    17000 |     +0.0% |       0 |       0 |             0 |    129270
[WARNING RSZ-0104] Net dot_0/fp4_dot_0/add5/_0681_ only has one pin. Check if it is intended to be dangling.
[WARNING RSZ-0104] Net uart_0/uart_0/uart_decimal/_3305_ only has one pin. Check if it is intended to be dangling.
[WARNING RSZ-0104] Net uart_0/uart_0/uart_decimal/_3184_ only has one pin. Check if it is intended to be dangling.
[WARNING RSZ-0104] Net uart_0/uart_0/uart_decimal/_3281_ only has one pin. Check if it is intended to be dangling.
[WARNING RSZ-0104] Net uart_0/uart_0/uart_decimal/_3247_ only has one pin. Check if it is intended to be dangling.
[WARNING RSZ-0104] Net uart_0/uart_0/uart_decimal/_3237_ only has one pin. Check if it is intended to be dangling.
[WARNING RSZ-0104] Net uart_0/uart_0/uart_decimal/_3234_ only has one pin. Check if it is intended to be dangling.
[WARNING RSZ-0104] Net uart_0/uart_0/uart_decimal/_3159_ only has one pin. Check if it is intended to be dangling.
[WARNING RSZ-0104] Net uart_0/uart_0/uart_decimal/_3222_ only has one pin. Check if it is intended to be dangling.
[WARNING RSZ-0104] Net uart_0/uart_0/uart_decimal/_3264_ only has one pin. Check if it is intended to be dangling.
[WARNING RSZ-0104] Net uart_0/uart_0/uart_decimal/_3208_ only has one pin. Check if it is intended to be dangling.
[WARNING RSZ-0104] Net uart_0/uart_0/uart_decimal/_3190_ only has one pin. Check if it is intended to be dangling.
    18000 |     +0.0% |       0 |       0 |             0 |    128270
[WARNING RSZ-0104] Net uart_0/uart_0/uart_decimal/_3166_ only has one pin. Check if it is intended to be dangling.
[WARNING RSZ-0104] Net uart_0/uart_0/uart_decimal/_3232_ only has one pin. Check if it is intended to be dangling.
[WARNING RSZ-0104] Net uart_0/uart_0/uart_decimal/_3284_ only has one pin. Check if it is intended to be dangling.
[WARNING RSZ-0104] Net uart_0/uart_0/uart_decimal/_3246_ only has one pin. Check if it is intended to be dangling.
[WARNING RSZ-0104] Net uart_0/uart_0/uart_decimal/_3230_ only has one pin. Check if it is intended to be dangling.
[WARNING RSZ-0104] Net dot_0/fp4_dot_0/add5/_0676_ only has one pin. Check if it is intended to be dangling.
[WARNING RSZ-0104] Net dot_0/fp4_dot_0/add4/_0676_ only has one pin. Check if it is intended to be dangling.
[WARNING RSZ-0104] Net uart_0/uart_0/uart_decimal/_3245_ only has one pin. Check if it is intended to be dangling.
[WARNING RSZ-0104] Net dot_0/fp4_dot_0/add5/_0682_ only has one pin. Check if it is intended to be dangling.
[WARNING RSZ-0104] Net dot_0/fp4_dot_0/add4/_0682_ only has one pin. Check if it is intended to be dangling.
    19000 |     +0.0% |       0 |       0 |             0 |    127270
[WARNING RSZ-0104] Net uart_0/uart_0/uart_decimal/_3216_ only has one pin. Check if it is intended to be dangling.
[WARNING RSZ-0104] Net uart_0/uart_0/uart_decimal/_3287_ only has one pin. Check if it is intended to be dangling.
[WARNING RSZ-0104] Net uart_0/uart_0/uart_decimal/_3225_ only has one pin. Check if it is intended to be dangling.
[WARNING RSZ-0104] Net uart_0/uart_0/uart_decimal/_3263_ only has one pin. Check if it is intended to be dangling.
[WARNING RSZ-0104] Net uart_0/uart_0/uart_decimal/_3274_ only has one pin. Check if it is intended to be dangling.
[WARNING RSZ-0104] Net uart_0/uart_0/uart_decimal/_3204_ only has one pin. Check if it is intended to be dangling.
[WARNING RSZ-0104] Net uart_0/uart_0/uart_decimal/_3180_ only has one pin. Check if it is intended to be dangling.
[WARNING RSZ-0104] Net dot_0/fp4_dot_0/add5/_0675_ only has one pin. Check if it is intended to be dangling.
[WARNING RSZ-0104] Net dot_0/fp4_dot_0/add4/_0674_ only has one pin. Check if it is intended to be dangling.
[WARNING RSZ-0104] Net dot_0/fp4_dot_0/add5/_0680_ only has one pin. Check if it is intended to be dangling.
[WARNING RSZ-0104] Net dot_0/fp4_dot_0/add5/_0674_ only has one pin. Check if it is intended to be dangling.
[WARNING RSZ-0104] Net dot_0/fp4_dot_0/add4/_0679_ only has one pin. Check if it is intended to be dangling.
[WARNING RSZ-0104] Net dot_0/fp4_dot_0/add4/_0675_ only has one pin. Check if it is intended to be dangling.
[WARNING RSZ-0104] Net uart_0/uart_0/uart_decimal/_3186_ only has one pin. Check if it is intended to be dangling.
    20000 |     +0.0% |       0 |       0 |             0 |    126270
[WARNING RSZ-0104] Net dot_0/fp4_dot_0/add5/_0679_ only has one pin. Check if it is intended to be dangling.
[WARNING RSZ-0104] Net dot_0/fp4_dot_0/add4/_0680_ only has one pin. Check if it is intended to be dangling.
[WARNING RSZ-0104] Net uart_0/uart_0/uart_decimal/_3162_ only has one pin. Check if it is intended to be dangling.
[WARNING RSZ-0104] Net uart_0/uart_0/uart_decimal/_3269_ only has one pin. Check if it is intended to be dangling.
[WARNING RSZ-0104] Net uart_0/uart_0/uart_decimal/_3188_ only has one pin. Check if it is intended to be dangling.
[WARNING RSZ-0104] Net uart_0/uart_0/uart_decimal/_3291_ only has one pin. Check if it is intended to be dangling.
[WARNING RSZ-0104] Net uart_0/uart_0/uart_decimal/_3229_ only has one pin. Check if it is intended to be dangling.
[WARNING RSZ-0104] Net uart_0/uart_0/uart_decimal/_3158_ only has one pin. Check if it is intended to be dangling.
[WARNING RSZ-0104] Net uart_0/uart_0/uart_decimal/_3212_ only has one pin. Check if it is intended to be dangling.
[WARNING RSZ-0104] Net uart_0/uart_0/uart_decimal/_3173_ only has one pin. Check if it is intended to be dangling.
    21000 |     +0.0% |       0 |       0 |             0 |    125270
[WARNING RSZ-0104] Net uart_0/uart_0/uart_decimal/_3191_ only has one pin. Check if it is intended to be dangling.
[WARNING RSZ-0104] Net dot_0/fp4_dot_0/add2/_0678_ only has one pin. Check if it is intended to be dangling.
[WARNING RSZ-0104] Net dot_0/fp4_dot_0/add0/_0678_ only has one pin. Check if it is intended to be dangling.
[WARNING RSZ-0104] Net uart_0/uart_0/uart_decimal/_3214_ only has one pin. Check if it is intended to be dangling.
[WARNING RSZ-0104] Net uart_0/uart_0/uart_decimal/_3199_ only has one pin. Check if it is intended to be dangling.
[WARNING RSZ-0104] Net dot_0/fp4_dot_0/add3/_0678_ only has one pin. Check if it is intended to be dangling.
[WARNING RSZ-0104] Net dot_0/fp4_dot_0/add1/_0678_ only has one pin. Check if it is intended to be dangling.
[WARNING RSZ-0104] Net uart_0/uart_0/uart_decimal/_3294_ only has one pin. Check if it is intended to be dangling.
[WARNING RSZ-0104] Net uart_0/uart_0/uart_decimal/_3239_ only has one pin. Check if it is intended to be dangling.
    22000 |     +0.0% |       0 |       0 |             0 |    124270
[WARNING RSZ-0104] Net uart_0/uart_0/uart_decimal/_3270_ only has one pin. Check if it is intended to be dangling.
[WARNING RSZ-0104] Net uart_0/uart_0/uart_decimal/_3167_ only has one pin. Check if it is intended to be dangling.
[WARNING RSZ-0104] Net dot_0/fp4_dot_0/add2/_0677_ only has one pin. Check if it is intended to be dangling.
[WARNING RSZ-0104] Net uart_0/uart_0/uart_decimal/_3299_ only has one pin. Check if it is intended to be dangling.
[WARNING RSZ-0104] Net uart_0/uart_0/uart_decimal/_3197_ only has one pin. Check if it is intended to be dangling.
[WARNING RSZ-0104] Net dot_0/fp4_dot_0/add0/_0677_ only has one pin. Check if it is intended to be dangling.
[WARNING RSZ-0104] Net dot_0/fp4_dot_0/add3/_0677_ only has one pin. Check if it is intended to be dangling.
    23000 |     +0.0% |       0 |       0 |             0 |    123270
[WARNING RSZ-0104] Net dot_0/fp4_dot_0/add1/_0677_ only has one pin. Check if it is intended to be dangling.
[WARNING RSZ-0104] Net dot_0/fp4_dot_0/add2/_0681_ only has one pin. Check if it is intended to be dangling.
[WARNING RSZ-0104] Net uart_0/uart_0/uart_decimal/_3156_ only has one pin. Check if it is intended to be dangling.
[WARNING RSZ-0104] Net dot_0/fp4_dot_0/add3/_0681_ only has one pin. Check if it is intended to be dangling.
[WARNING RSZ-0104] Net uart_0/uart_0/uart_decimal/_3201_ only has one pin. Check if it is intended to be dangling.
[WARNING RSZ-0104] Net uart_0/uart_0/uart_decimal/_3164_ only has one pin. Check if it is intended to be dangling.
[WARNING RSZ-0104] Net dot_0/fp4_dot_0/add0/_0681_ only has one pin. Check if it is intended to be dangling.
[WARNING RSZ-0104] Net dot_0/fp4_dot_0/add1/_0681_ only has one pin. Check if it is intended to be dangling.
[WARNING RSZ-0104] Net uart_0/uart_0/uart_decimal/_3293_ only has one pin. Check if it is intended to be dangling.
    24000 |     +0.0% |       0 |       0 |             0 |    122270
[WARNING RSZ-0104] Net uart_0/uart_0/uart_decimal/_3257_ only has one pin. Check if it is intended to be dangling.
[WARNING RSZ-0104] Net uart_0/uart_0/uart_decimal/_3295_ only has one pin. Check if it is intended to be dangling.
[WARNING RSZ-0104] Net uart_0/uart_0/uart_decimal/_3210_ only has one pin. Check if it is intended to be dangling.
    25000 |     +0.0% |       0 |       0 |             0 |    121270
[WARNING RSZ-0104] Net uart_0/uart_0/uart_decimal/_3244_ only has one pin. Check if it is intended to be dangling.
[WARNING RSZ-0104] Net uart_0/uart_0/uart_decimal/_3254_ only has one pin. Check if it is intended to be dangling.
[WARNING RSZ-0104] Net dot_0/fp4_dot_0/add0/_0676_ only has one pin. Check if it is intended to be dangling.
[WARNING RSZ-0104] Net uart_0/uart_0/uart_decimal/_3259_ only has one pin. Check if it is intended to be dangling.
[WARNING RSZ-0104] Net dot_0/fp4_dot_0/add1/_0676_ only has one pin. Check if it is intended to be dangling.
[WARNING RSZ-0104] Net uart_0/uart_0/uart_decimal/_3203_ only has one pin. Check if it is intended to be dangling.
[WARNING RSZ-0104] Net dot_0/fp4_dot_0/add3/_0676_ only has one pin. Check if it is intended to be dangling.
[WARNING RSZ-0104] Net dot_0/fp4_dot_0/add2/_0676_ only has one pin. Check if it is intended to be dangling.
[WARNING RSZ-0104] Net dot_0/fp4_dot_0/add0/_0682_ only has one pin. Check if it is intended to be dangling.
[WARNING RSZ-0104] Net dot_0/fp4_dot_0/add3/_0682_ only has one pin. Check if it is intended to be dangling.
[WARNING RSZ-0104] Net dot_0/fp4_dot_0/add2/_0682_ only has one pin. Check if it is intended to be dangling.
[WARNING RSZ-0104] Net dot_0/fp4_dot_0/add1/_0682_ only has one pin. Check if it is intended to be dangling.
    26000 |     +0.0% |       0 |       0 |             0 |    120270
[WARNING RSZ-0104] Net uart_0/uart_0/uart_decimal/_3301_ only has one pin. Check if it is intended to be dangling.
[WARNING RSZ-0104] Net uart_0/uart_0/uart_decimal/_3292_ only has one pin. Check if it is intended to be dangling.
[WARNING RSZ-0104] Net dot_0/fp4_dot_0/add1/_0680_ only has one pin. Check if it is intended to be dangling.
[WARNING RSZ-0104] Net dot_0/fp4_dot_0/add1/_0679_ only has one pin. Check if it is intended to be dangling.
    27000 |     +0.0% |       0 |       0 |             0 |    119270
[WARNING RSZ-0104] Net dot_0/fp4_dot_0/add0/_0680_ only has one pin. Check if it is intended to be dangling.
[WARNING RSZ-0104] Net dot_0/fp4_dot_0/add0/_0679_ only has one pin. Check if it is intended to be dangling.
[WARNING RSZ-0104] Net dot_0/fp4_dot_0/add3/_0680_ only has one pin. Check if it is intended to be dangling.
[WARNING RSZ-0104] Net dot_0/fp4_dot_0/add3/_0675_ only has one pin. Check if it is intended to be dangling.
[WARNING RSZ-0104] Net dot_0/fp4_dot_0/add2/_0680_ only has one pin. Check if it is intended to be dangling.
[WARNING RSZ-0104] Net dot_0/fp4_dot_0/add2/_0679_ only has one pin. Check if it is intended to be dangling.
[WARNING RSZ-0104] Net dot_0/fp4_dot_0/add1/_0675_ only has one pin. Check if it is intended to be dangling.
[WARNING RSZ-0104] Net dot_0/fp4_dot_0/add1/_0674_ only has one pin. Check if it is intended to be dangling.
[WARNING RSZ-0104] Net dot_0/fp4_dot_0/add0/_0675_ only has one pin. Check if it is intended to be dangling.
[WARNING RSZ-0104] Net dot_0/fp4_dot_0/add0/_0674_ only has one pin. Check if it is intended to be dangling.
[WARNING RSZ-0104] Net dot_0/fp4_dot_0/add3/_0679_ only has one pin. Check if it is intended to be dangling.
[WARNING RSZ-0104] Net dot_0/fp4_dot_0/add3/_0674_ only has one pin. Check if it is intended to be dangling.
[WARNING RSZ-0104] Net dot_0/fp4_dot_0/add2/_0675_ only has one pin. Check if it is intended to be dangling.
[WARNING RSZ-0104] Net dot_0/fp4_dot_0/add2/_0674_ only has one pin. Check if it is intended to be dangling.
[WARNING RSZ-0104] Net uart_0/uart_0/uart_decimal/_3288_ only has one pin. Check if it is intended to be dangling.
[WARNING RSZ-0104] Net uart_0/uart_0/uart_decimal/_3155_ only has one pin. Check if it is intended to be dangling.
    28000 |     +0.0% |       0 |       0 |             0 |    118270
    29000 |     +0.0% |       0 |       0 |             0 |    117270
[WARNING RSZ-0104] Net uart_0/uart_0/uart_decimal/_3304_ only has one pin. Check if it is intended to be dangling.
    30000 |     +0.0% |       0 |       0 |             0 |    116270
[WARNING RSZ-0104] Net uart_0/uart_0/uart_decimal/_3250_ only has one pin. Check if it is intended to be dangling.
    31000 |     +0.0% |       0 |       0 |             0 |    115270
    32000 |     +0.0% |       1 |       0 |             1 |    114270
[WARNING RSZ-0104] Net dot_0/fp4_dot_0/fp4_2/_37_ only has one pin. Check if it is intended to be dangling.
    33000 |     +0.0% |       1 |       0 |             1 |    113270
    34000 |     +0.0% |       1 |       0 |             1 |    112270
[WARNING RSZ-0104] Net dot_0/fp4_dot_0/fp4_5/_37_ only has one pin. Check if it is intended to be dangling.
[WARNING RSZ-0104] Net dot_0/fp4_dot_0/fp4_5/_35_ only has one pin. Check if it is intended to be dangling.
[WARNING RSZ-0104] Net dot_0/fp4_dot_0/fp4_3/_35_ only has one pin. Check if it is intended to be dangling.
[WARNING RSZ-0104] Net dot_0/fp4_dot_0/fp4_3/_34_ only has one pin. Check if it is intended to be dangling.
[WARNING RSZ-0104] Net dot_0/fp4_dot_0/fp4_2/_36_ only has one pin. Check if it is intended to be dangling.
[WARNING RSZ-0104] Net dot_0/fp4_dot_0/fp4_2/_35_ only has one pin. Check if it is intended to be dangling.
[WARNING RSZ-0104] Net dot_0/fp4_dot_0/fp4_2/_34_ only has one pin. Check if it is intended to be dangling.
[WARNING RSZ-0104] Net dot_0/fp4_dot_0/fp4_1/_37_ only has one pin. Check if it is intended to be dangling.
[WARNING RSZ-0104] Net dot_0/fp4_dot_0/fp4_1/_36_ only has one pin. Check if it is intended to be dangling.
[WARNING RSZ-0104] Net dot_0/fp4_dot_0/fp4_1/_35_ only has one pin. Check if it is intended to be dangling.
[WARNING RSZ-0104] Net dot_0/fp4_dot_0/fp4_1/_34_ only has one pin. Check if it is intended to be dangling.
[WARNING RSZ-0104] Net dot_0/fp4_dot_0/fp4_0/_37_ only has one pin. Check if it is intended to be dangling.
[WARNING RSZ-0104] Net dot_0/fp4_dot_0/fp4_0/_36_ only has one pin. Check if it is intended to be dangling.
[WARNING RSZ-0104] Net dot_0/fp4_dot_0/fp4_0/_35_ only has one pin. Check if it is intended to be dangling.
[WARNING RSZ-0104] Net dot_0/fp4_dot_0/fp4_0/_34_ only has one pin. Check if it is intended to be dangling.
    35000 |     +0.0% |       1 |       0 |             1 |    111270
    36000 |     +0.0% |       1 |       0 |             1 |    110270
[WARNING RSZ-0104] Net dot_0/fp4_dot_0/fp4_7/_37_ only has one pin. Check if it is intended to be dangling.
[WARNING RSZ-0104] Net dot_0/fp4_dot_0/fp4_7/_36_ only has one pin. Check if it is intended to be dangling.
[WARNING RSZ-0104] Net dot_0/fp4_dot_0/fp4_7/_35_ only has one pin. Check if it is intended to be dangling.
[WARNING RSZ-0104] Net dot_0/fp4_dot_0/fp4_7/_34_ only has one pin. Check if it is intended to be dangling.
[WARNING RSZ-0104] Net dot_0/fp4_dot_0/fp4_5/_36_ only has one pin. Check if it is intended to be dangling.
[WARNING RSZ-0104] Net dot_0/fp4_dot_0/fp4_5/_34_ only has one pin. Check if it is intended to be dangling.
[WARNING RSZ-0104] Net dot_0/fp4_dot_0/fp4_4/_37_ only has one pin. Check if it is intended to be dangling.
[WARNING RSZ-0104] Net dot_0/fp4_dot_0/fp4_4/_36_ only has one pin. Check if it is intended to be dangling.
[WARNING RSZ-0104] Net dot_0/fp4_dot_0/fp4_4/_35_ only has one pin. Check if it is intended to be dangling.
[WARNING RSZ-0104] Net dot_0/fp4_dot_0/fp4_4/_34_ only has one pin. Check if it is intended to be dangling.
[WARNING RSZ-0104] Net dot_0/fp4_dot_0/fp4_3/_37_ only has one pin. Check if it is intended to be dangling.
    37000 |     +0.0% |       1 |       0 |             1 |    109270
    38000 |     +0.0% |       2 |       0 |             2 |    108270
[WARNING RSZ-0104] Net dot_0/fp4_dot_0/fp4_6/_37_ only has one pin. Check if it is intended to be dangling.
[WARNING RSZ-0104] Net dot_0/fp4_dot_0/fp4_6/_36_ only has one pin. Check if it is intended to be dangling.
[WARNING RSZ-0104] Net dot_0/fp4_dot_0/fp4_6/_35_ only has one pin. Check if it is intended to be dangling.
[WARNING RSZ-0104] Net dot_0/fp4_dot_0/fp4_6/_34_ only has one pin. Check if it is intended to be dangling.
[WARNING RSZ-0104] Net dot_0/fp4_dot_0/fp4_3/_36_ only has one pin. Check if it is intended to be dangling.
    39000 |     +0.0% |       2 |       0 |             2 |    107270
    40000 |     +0.0% |       2 |       0 |             2 |    106270
[WARNING RSZ-0104] Net uart_0/uart_0/uart_decimal/_3172_ only has one pin. Check if it is intended to be dangling.
[WARNING RSZ-0104] Net timer_0/timer_0/timer_rate_mul/_0044_ only has one pin. Check if it is intended to be dangling.
[WARNING RSZ-0104] Net gpio_0/gpio_0/gpio_magnitude/_2752_ only has one pin. Check if it is intended to be dangling.
    41000 |     +0.0% |       2 |       0 |             2 |    105270
    42000 |     +0.0% |       2 |       0 |             2 |    104270
[WARNING RSZ-0104] Net timer_0/timer_0/timer_rate_mul/_0655_ only has one pin. Check if it is intended to be dangling.
    43000 |     +0.0% |       2 |       0 |             2 |    103270
[WARNING RSZ-0104] Net gpio_0/gpio_0/gpio_magnitude/_2765_ only has one pin. Check if it is intended to be dangling.
[WARNING RSZ-0104] Net gpio_0/gpio_0/gpio_magnitude/_2760_ only has one pin. Check if it is intended to be dangling.
[WARNING RSZ-0104] Net gpio_0/gpio_0/gpio_magnitude/_2758_ only has one pin. Check if it is intended to be dangling.
[WARNING RSZ-0104] Net gpio_0/gpio_0/gpio_magnitude/_2755_ only has one pin. Check if it is intended to be dangling.
    44000 |     +0.0% |       3 |       0 |             3 |    102270
[WARNING RSZ-0104] Net timer_0/timer_0/timer_rate_mul/_0659_ only has one pin. Check if it is intended to be dangling.
    45000 |     +0.0% |       3 |       0 |             3 |    101270
[WARNING RSZ-0104] Net gpio_0/gpio_0/gpio_magnitude/_2770_ only has one pin. Check if it is intended to be dangling.
[WARNING RSZ-0104] Net gpio_0/gpio_0/gpio_magnitude/_2764_ only has one pin. Check if it is intended to be dangling.
[WARNING RSZ-0104] Net gpio_0/gpio_0/gpio_magnitude/_2761_ only has one pin. Check if it is intended to be dangling.
[WARNING RSZ-0104] Net gpio_0/gpio_0/gpio_magnitude/_2757_ only has one pin. Check if it is intended to be dangling.
[WARNING RSZ-0104] Net gpio_0/gpio_0/gpio_magnitude/_2754_ only has one pin. Check if it is intended to be dangling.
[WARNING RSZ-0104] Net gpio_0/gpio_0/gpio_magnitude/_2751_ only has one pin. Check if it is intended to be dangling.
    46000 |     +0.0% |       3 |       0 |             3 |    100270
[WARNING RSZ-0104] Net timer_0/timer_0/timer_rate_mul/_0768_ only has one pin. Check if it is intended to be dangling.
    47000 |     +0.0% |       3 |       0 |             3 |     99270
    48000 |     +0.0% |       3 |       0 |             3 |     98270
[WARNING RSZ-0104] Net gpio_0/gpio_0/gpio_magnitude/_2771_ only has one pin. Check if it is intended to be dangling.
[WARNING RSZ-0104] Net gpio_0/gpio_0/gpio_magnitude/_2759_ only has one pin. Check if it is intended to be dangling.
    49000 |     +0.0% |       3 |       0 |             3 |     97270
[WARNING RSZ-0104] Net uart_0/uart_0/uart_decimal/_3196_ only has one pin. Check if it is intended to be dangling.
[WARNING RSZ-0104] Net timer_0/timer_0/timer_rate_mul/_1604_ only has one pin. Check if it is intended to be dangling.
[WARNING RSZ-0104] Net timer_0/timer_0/timer_rate_mul/_0762_ only has one pin. Check if it is intended to be dangling.
    50000 |     +0.0% |       3 |       0 |             3 |     96270
    51000 |     +0.0% |       3 |       0 |             3 |     95270
[WARNING RSZ-0104] Net gpio_0/gpio_0/gpio_magnitude/_2762_ only has one pin. Check if it is intended to be dangling.
    52000 |     +0.0% |       3 |       0 |             3 |     94270
[WARNING RSZ-0104] Net timer_0/timer_0/timer_rate_mul/_1598_ only has one pin. Check if it is intended to be dangling.
[WARNING RSZ-0104] Net timer_0/timer_0/timer_rate_mul/_1599_ only has one pin. Check if it is intended to be dangling.
    53000 |     +0.0% |       3 |       0 |             3 |     93270
    54000 |     +0.0% |       3 |       0 |             3 |     92270
[WARNING RSZ-0104] Net timer_0/timer_0/timer_rate_mul/_2345_ only has one pin. Check if it is intended to be dangling.
[WARNING RSZ-0104] Net timer_0/timer_0/timer_rate_mul/_1685_ only has one pin. Check if it is intended to be dangling.
[WARNING RSZ-0104] Net timer_0/timer_0/timer_rate_mul/_0952_ only has one pin. Check if it is intended to be dangling.
    55000 |     +0.0% |       4 |       1 |             5 |     91270
    56000 |     +0.0% |       4 |       1 |             5 |     90270
    57000 |     +0.0% |       5 |       1 |             6 |     89270
[WARNING RSZ-0104] Net timer_0/timer_0/timer_rate_mul/_0657_ only has one pin. Check if it is intended to be dangling.
[WARNING RSZ-0104] Net timer_0/timer_0/timer_rate_mul/_2391_ only has one pin. Check if it is intended to be dangling.
[WARNING RSZ-0104] Net timer_0/timer_0/timer_rate_mul/_2392_ only has one pin. Check if it is intended to be dangling.
[WARNING RSZ-0104] Net timer_0/timer_0/timer_rate_mul/_1686_ only has one pin. Check if it is intended to be dangling.
[WARNING RSZ-0104] Net timer_0/timer_0/timer_rate_mul/_1115_ only has one pin. Check if it is intended to be dangling.
    58000 |     +0.0% |       5 |       1 |             6 |     88270
    59000 |     +0.0% |       6 |       3 |             8 |     87270
[WARNING RSZ-0104] Net timer_0/timer_0/timer_rate_mul/_2546_ only has one pin. Check if it is intended to be dangling.
[WARNING RSZ-0104] Net timer_0/timer_0/timer_rate_mul/_2510_ only has one pin. Check if it is intended to be dangling.
[WARNING RSZ-0104] Net timer_0/timer_0/timer_rate_mul/_2511_ only has one pin. Check if it is intended to be dangling.
[WARNING RSZ-0104] Net timer_0/timer_0/timer_rate_mul/_2450_ only has one pin. Check if it is intended to be dangling.
[WARNING RSZ-0104] Net timer_0/timer_0/timer_rate_mul/_2180_ only has one pin. Check if it is intended to be dangling.
[WARNING RSZ-0104] Net timer_0/timer_0/timer_rate_mul/_1801_ only has one pin. Check if it is intended to be dangling.
[WARNING RSZ-0104] Net timer_0/timer_0/timer_rate_mul/_1802_ only has one pin. Check if it is intended to be dangling.
[WARNING RSZ-0104] Net timer_0/timer_0/timer_rate_mul/_1287_ only has one pin. Check if it is intended to be dangling.
    60000 |     +0.0% |       6 |       3 |             8 |     86270
    61000 |     +0.0% |       6 |       3 |             8 |     85270
    62000 |     +0.0% |       7 |       3 |             9 |     84270
[WARNING RSZ-0104] Net timer_0/timer_0/timer_rate_mul/_2541_ only has one pin. Check if it is intended to be dangling.
[WARNING RSZ-0104] Net timer_0/timer_0/timer_rate_mul/_2276_ only has one pin. Check if it is intended to be dangling.
[WARNING RSZ-0104] Net timer_0/timer_0/timer_rate_mul/_2277_ only has one pin. Check if it is intended to be dangling.
[WARNING RSZ-0104] Net timer_0/timer_0/timer_rate_mul/_2076_ only has one pin. Check if it is intended to be dangling.
[WARNING RSZ-0104] Net timer_0/timer_0/timer_rate_mul/_1942_ only has one pin. Check if it is intended to be dangling.
[WARNING RSZ-0104] Net timer_0/timer_0/timer_rate_mul/_1943_ only has one pin. Check if it is intended to be dangling.
[WARNING RSZ-0104] Net timer_0/timer_0/timer_rate_mul/_1458_ only has one pin. Check if it is intended to be dangling.
    63000 |     +0.0% |       7 |       3 |             9 |     83270
    64000 |     +0.0% |       8 |       3 |            10 |     82270
[WARNING RSZ-0104] Net gpio_0/gpio_0/gpio_magnitude/_2782_ only has one pin. Check if it is intended to be dangling.
[WARNING RSZ-0104] Net gpio_0/gpio_0/gpio_magnitude/_2781_ only has one pin. Check if it is intended to be dangling.
[WARNING RSZ-0104] Net gpio_0/gpio_0/gpio_magnitude/_2774_ only has one pin. Check if it is intended to be dangling.
[WARNING RSZ-0104] Net gpio_0/gpio_0/gpio_magnitude/_2773_ only has one pin. Check if it is intended to be dangling.
[WARNING RSZ-0104] Net gpio_0/gpio_0/gpio_magnitude/_2772_ only has one pin. Check if it is intended to be dangling.
[WARNING RSZ-0104] Net gpio_0/gpio_0/gpio_magnitude/_2768_ only has one pin. Check if it is intended to be dangling.
[WARNING RSZ-0104] Net gpio_0/gpio_0/gpio_magnitude/_2767_ only has one pin. Check if it is intended to be dangling.
[WARNING RSZ-0104] Net gpio_0/gpio_0/gpio_magnitude/_2766_ only has one pin. Check if it is intended to be dangling.
[WARNING RSZ-0104] Net gpio_0/gpio_0/gpio_magnitude/_2753_ only has one pin. Check if it is intended to be dangling.
[WARNING RSZ-0104] Net dot_0/fifo_timer_r/_361_ only has one pin. Check if it is intended to be dangling.
[WARNING RSZ-0104] Net dot_0/fifo_timer_r/_360_ only has one pin. Check if it is intended to be dangling.
[WARNING RSZ-0104] Net dot_0/fifo_timer_r/_358_ only has one pin. Check if it is intended to be dangling.
[WARNING RSZ-0104] Net dot_0/fifo_timer_r/_357_ only has one pin. Check if it is intended to be dangling.
    65000 |     +0.0% |       8 |       3 |            10 |     81270
[WARNING RSZ-0104] Net uart_0/uart_0/uart_decimal/_3235_ only has one pin. Check if it is intended to be dangling.
[WARNING RSZ-0104] Net uart_0/uart_0/_0910_ only has one pin. Check if it is intended to be dangling.
[WARNING RSZ-0104] Net uart_0/uart_0/_0909_ only has one pin. Check if it is intended to be dangling.
[WARNING RSZ-0104] Net uart_0/fifo_uart_r/_361_ only has one pin. Check if it is intended to be dangling.
[WARNING RSZ-0104] Net uart_0/fifo_uart_r/_360_ only has one pin. Check if it is intended to be dangling.
[WARNING RSZ-0104] Net uart_0/fifo_uart_r/_358_ only has one pin. Check if it is intended to be dangling.
[WARNING RSZ-0104] Net uart_0/fifo_uart_r/_357_ only has one pin. Check if it is intended to be dangling.
    66000 |     +0.0% |       8 |       3 |            10 |     80270
[WARNING RSZ-0104] Net timer_0/fifo_timer_r/_361_ only has one pin. Check if it is intended to be dangling.
[WARNING RSZ-0104] Net timer_0/fifo_timer_r/_360_ only has one pin. Check if it is intended to be dangling.
[WARNING RSZ-0104] Net timer_0/fifo_timer_r/_358_ only has one pin. Check if it is intended to be dangling.
[WARNING RSZ-0104] Net timer_0/fifo_timer_r/_357_ only has one pin. Check if it is intended to be dangling.
    67000 |     +0.0% |       8 |       3 |            10 |     79270
    68000 |     +0.0% |       8 |       3 |            10 |     78270
[WARNING RSZ-0104] Net gpio_0/gpio_0/gpio_magnitude/_2780_ only has one pin. Check if it is intended to be dangling.
[WARNING RSZ-0104] Net gpio_0/gpio_0/gpio_magnitude/_2779_ only has one pin. Check if it is intended to be dangling.
[WARNING RSZ-0104] Net gpio_0/gpio_0/gpio_magnitude/_2778_ only has one pin. Check if it is intended to be dangling.
[WARNING RSZ-0104] Net gpio_0/gpio_0/gpio_magnitude/_2777_ only has one pin. Check if it is intended to be dangling.
[WARNING RSZ-0104] Net gpio_0/gpio_0/gpio_magnitude/_2776_ only has one pin. Check if it is intended to be dangling.
[WARNING RSZ-0104] Net gpio_0/gpio_0/gpio_magnitude/_2775_ only has one pin. Check if it is intended to be dangling.
[WARNING RSZ-0104] Net gpio_0/gpio_0/gpio_magnitude/_0299_ only has one pin. Check if it is intended to be dangling.
[WARNING RSZ-0104] Net gpio_0/gpio_0/gpio_magnitude/_2769_ only has one pin. Check if it is intended to be dangling.
[WARNING RSZ-0104] Net gpio_0/gpio_0/gpio_magnitude/_2763_ only has one pin. Check if it is intended to be dangling.
[WARNING RSZ-0104] Net gpio_0/gpio_0/gpio_magnitude/_2756_ only has one pin. Check if it is intended to be dangling.
[WARNING RSZ-0104] Net gpio_0/gpio_0/_2065_ only has one pin. Check if it is intended to be dangling.
[WARNING RSZ-0104] Net gpio_0/gpio_0/_2064_ only has one pin. Check if it is intended to be dangling.
[WARNING RSZ-0104] Net gpio_0/gpio_0/_2063_ only has one pin. Check if it is intended to be dangling.
[WARNING RSZ-0104] Net gpio_0/gpio_0/_2062_ only has one pin. Check if it is intended to be dangling.
[WARNING RSZ-0104] Net gpio_0/gpio_0/_2061_ only has one pin. Check if it is intended to be dangling.
[WARNING RSZ-0104] Net gpio_0/gpio_0/_2060_ only has one pin. Check if it is intended to be dangling.
[WARNING RSZ-0104] Net gpio_0/gpio_0/_2059_ only has one pin. Check if it is intended to be dangling.
[WARNING RSZ-0104] Net gpio_0/gpio_0/_2058_ only has one pin. Check if it is intended to be dangling.
[WARNING RSZ-0104] Net gpio_0/gpio_0/_2057_ only has one pin. Check if it is intended to be dangling.
[WARNING RSZ-0104] Net gpio_0/gpio_0/_2056_ only has one pin. Check if it is intended to be dangling.
[WARNING RSZ-0104] Net gpio_0/gpio_0/_2055_ only has one pin. Check if it is intended to be dangling.
[WARNING RSZ-0104] Net gpio_0/gpio_0/_2054_ only has one pin. Check if it is intended to be dangling.
[WARNING RSZ-0104] Net gpio_0/gpio_0/_2053_ only has one pin. Check if it is intended to be dangling.
[WARNING RSZ-0104] Net gpio_0/gpio_0/_2052_ only has one pin. Check if it is intended to be dangling.
[WARNING RSZ-0104] Net gpio_0/gpio_0/_2051_ only has one pin. Check if it is intended to be dangling.
[WARNING RSZ-0104] Net gpio_0/gpio_0/_2050_ only has one pin. Check if it is intended to be dangling.
[WARNING RSZ-0104] Net gpio_0/gpio_0/_2049_ only has one pin. Check if it is intended to be dangling.
[WARNING RSZ-0104] Net gpio_0/gpio_0/_2048_ only has one pin. Check if it is intended to be dangling.
[WARNING RSZ-0104] Net gpio_0/gpio_0/_2047_ only has one pin. Check if it is intended to be dangling.
[WARNING RSZ-0104] Net gpio_0/gpio_0/_2046_ only has one pin. Check if it is intended to be dangling.
[WARNING RSZ-0104] Net gpio_0/gpio_0/_2045_ only has one pin. Check if it is intended to be dangling.
[WARNING RSZ-0104] Net gpio_0/gpio_0/_2044_ only has one pin. Check if it is intended to be dangling.
[WARNING RSZ-0104] Net gpio_0/gpio_0/_2043_ only has one pin. Check if it is intended to be dangling.
[WARNING RSZ-0104] Net gpio_0/gpio_0/_2042_ only has one pin. Check if it is intended to be dangling.
[WARNING RSZ-0104] Net gpio_0/gpio_0/_2041_ only has one pin. Check if it is intended to be dangling.
[WARNING RSZ-0104] Net gpio_0/gpio_0/_2040_ only has one pin. Check if it is intended to be dangling.
[WARNING RSZ-0104] Net gpio_0/gpio_0/_2039_ only has one pin. Check if it is intended to be dangling.
[WARNING RSZ-0104] Net gpio_0/gpio_0/_2038_ only has one pin. Check if it is intended to be dangling.
[WARNING RSZ-0104] Net gpio_0/gpio_0/_2037_ only has one pin. Check if it is intended to be dangling.
[WARNING RSZ-0104] Net gpio_0/gpio_0/_2036_ only has one pin. Check if it is intended to be dangling.
[WARNING RSZ-0104] Net gpio_0/gpio_0/_2035_ only has one pin. Check if it is intended to be dangling.
[WARNING RSZ-0104] Net gpio_0/gpio_0/_2034_ only has one pin. Check if it is intended to be dangling.
[WARNING RSZ-0104] Net gpio_0/gpio_0/_2033_ only has one pin. Check if it is intended to be dangling.
[WARNING RSZ-0104] Net gpio_0/gpio_0/_2031_ only has one pin. Check if it is intended to be dangling.
[WARNING RSZ-0104] Net gpio_0/gpio_0/_2030_ only has one pin. Check if it is intended to be dangling.
[WARNING RSZ-0104] Net gpio_0/gpio_0/_2029_ only has one pin. Check if it is intended to be dangling.
[WARNING RSZ-0104] Net gpio_0/fifo_timer_r/_361_ only has one pin. Check if it is intended to be dangling.
[WARNING RSZ-0104] Net gpio_0/fifo_timer_r/_360_ only has one pin. Check if it is intended to be dangling.
[WARNING RSZ-0104] Net gpio_0/fifo_timer_r/_358_ only has one pin. Check if it is intended to be dangling.
[WARNING RSZ-0104] Net gpio_0/fifo_timer_r/_357_ only has one pin. Check if it is intended to be dangling.
    69000 |     +0.0% |       8 |       3 |            10 |     77270
[WARNING RSZ-0104] Net dot_0/fifo_timer_r/_362_ only has one pin. Check if it is intended to be dangling.
[WARNING RSZ-0104] Net dot_0/fifo_timer_r/_359_ only has one pin. Check if it is intended to be dangling.
    70000 |     +0.0% |       8 |       3 |            10 |     76270
[WARNING RSZ-0104] Net uart_0/uart_0/_0911_ only has one pin. Check if it is intended to be dangling.
[WARNING RSZ-0104] Net uart_0/fifo_uart_r/_362_ only has one pin. Check if it is intended to be dangling.
[WARNING RSZ-0104] Net uart_0/fifo_uart_r/_359_ only has one pin. Check if it is intended to be dangling.
[WARNING RSZ-0104] Net timer_0/fifo_timer_r/_362_ only has one pin. Check if it is intended to be dangling.
[WARNING RSZ-0104] Net timer_0/fifo_timer_r/_359_ only has one pin. Check if it is intended to be dangling.
    71000 |     +0.0% |      10 |       3 |            12 |     75270
    72000 |     +0.0% |      10 |       3 |            12 |     74270
[WARNING RSZ-0104] Net processor_0/ex_stage/alu_ex/_1505_ only has one pin. Check if it is intended to be dangling.
    73000 |     +0.0% |      10 |       3 |            12 |     73270
[WARNING RSZ-0104] Net gpio_0/gpio_0/_2032_ only has one pin. Check if it is intended to be dangling.
[WARNING RSZ-0104] Net gpio_0/fifo_timer_r/_362_ only has one pin. Check if it is intended to be dangling.
[WARNING RSZ-0104] Net gpio_0/fifo_timer_r/_359_ only has one pin. Check if it is intended to be dangling.
    74000 |     +0.0% |      10 |       3 |            12 |     72270
    75000 |     +0.0% |      10 |       3 |            12 |     71270
[WARNING RSZ-0104] Net d_cache_0/_3097_ only has one pin. Check if it is intended to be dangling.
[WARNING RSZ-0104] Net d_cache_0/_3095_ only has one pin. Check if it is intended to be dangling.
    76000 |     +0.0% |      10 |       3 |            12 |     70270
    77000 |     +0.0% |      11 |       4 |            13 |     69270
    78000 |     +0.0% |      11 |       4 |            13 |     68270
    79000 |     +0.0% |      11 |       4 |            13 |     67270
[WARNING RSZ-0104] Net processor_0/ex_stage/alu_ex/_1526_ only has one pin. Check if it is intended to be dangling.
[WARNING RSZ-0104] Net processor_0/ex_stage/alu_ex/_1525_ only has one pin. Check if it is intended to be dangling.
[WARNING RSZ-0104] Net processor_0/ex_stage/alu_ex/_1514_ only has one pin. Check if it is intended to be dangling.
[WARNING RSZ-0104] Net processor_0/ex_stage/alu_ex/_1513_ only has one pin. Check if it is intended to be dangling.
[WARNING RSZ-0104] Net processor_0/ex_stage/alu_ex/_1499_ only has one pin. Check if it is intended to be dangling.
    80000 |     +0.0% |      11 |       5 |            14 |     66270
    81000 |     +0.0% |      11 |       5 |            14 |     65270
    82000 |     +0.0% |      11 |       5 |            14 |     64270
    83000 |     +0.0% |      11 |       5 |            14 |     63270
[WARNING RSZ-0104] Net d_cache_0/_3096_ only has one pin. Check if it is intended to be dangling.
[WARNING RSZ-0104] Net d_cache_0/_3094_ only has one pin. Check if it is intended to be dangling.
    84000 |     +0.0% |      12 |       5 |            15 |     62270
    85000 |     +0.0% |      12 |       5 |            15 |     61270
[WARNING RSZ-0104] Net processor_0/ex_stage/alu_ex/_1546_ only has one pin. Check if it is intended to be dangling.
[WARNING RSZ-0104] Net processor_0/ex_stage/alu_ex/_1542_ only has one pin. Check if it is intended to be dangling.
[WARNING RSZ-0104] Net processor_0/ex_stage/alu_ex/_1541_ only has one pin. Check if it is intended to be dangling.
[WARNING RSZ-0104] Net processor_0/ex_stage/alu_ex/_1540_ only has one pin. Check if it is intended to be dangling.
[WARNING RSZ-0104] Net processor_0/ex_stage/alu_ex/_1539_ only has one pin. Check if it is intended to be dangling.
[WARNING RSZ-0104] Net processor_0/ex_stage/alu_ex/_1536_ only has one pin. Check if it is intended to be dangling.
[WARNING RSZ-0104] Net processor_0/ex_stage/alu_ex/_1535_ only has one pin. Check if it is intended to be dangling.
[WARNING RSZ-0104] Net processor_0/ex_stage/alu_ex/_1534_ only has one pin. Check if it is intended to be dangling.
[WARNING RSZ-0104] Net processor_0/ex_stage/alu_ex/_1533_ only has one pin. Check if it is intended to be dangling.
[WARNING RSZ-0104] Net processor_0/ex_stage/alu_ex/_1532_ only has one pin. Check if it is intended to be dangling.
[WARNING RSZ-0104] Net processor_0/ex_stage/alu_ex/_1531_ only has one pin. Check if it is intended to be dangling.
[WARNING RSZ-0104] Net processor_0/ex_stage/alu_ex/_1530_ only has one pin. Check if it is intended to be dangling.
[WARNING RSZ-0104] Net processor_0/ex_stage/alu_ex/_1529_ only has one pin. Check if it is intended to be dangling.
[WARNING RSZ-0104] Net processor_0/ex_stage/alu_ex/_1524_ only has one pin. Check if it is intended to be dangling.
[WARNING RSZ-0104] Net processor_0/ex_stage/alu_ex/_1523_ only has one pin. Check if it is intended to be dangling.
[WARNING RSZ-0104] Net processor_0/ex_stage/alu_ex/_1521_ only has one pin. Check if it is intended to be dangling.
[WARNING RSZ-0104] Net processor_0/ex_stage/alu_ex/_1518_ only has one pin. Check if it is intended to be dangling.
[WARNING RSZ-0104] Net processor_0/ex_stage/alu_ex/_1517_ only has one pin. Check if it is intended to be dangling.
[WARNING RSZ-0104] Net processor_0/ex_stage/alu_ex/_1506_ only has one pin. Check if it is intended to be dangling.
[WARNING RSZ-0104] Net processor_0/ex_stage/alu_ex/_1504_ only has one pin. Check if it is intended to be dangling.
[WARNING RSZ-0104] Net processor_0/ex_stage/alu_ex/_1501_ only has one pin. Check if it is intended to be dangling.
[WARNING RSZ-0104] Net processor_0/ex_stage/alu_ex/_1500_ only has one pin. Check if it is intended to be dangling.
[WARNING RSZ-0104] Net processor_0/ex_stage/alu_ex/_1495_ only has one pin. Check if it is intended to be dangling.
[WARNING RSZ-0104] Net processor_0/ex_stage/alu_ex/_1494_ only has one pin. Check if it is intended to be dangling.
[WARNING RSZ-0104] Net processor_0/ex_stage/alu_ex/_1493_ only has one pin. Check if it is intended to be dangling.
    86000 |     +0.0% |      12 |       5 |            15 |     60270
    87000 |     +0.0% |      12 |       5 |            15 |     59270
[WARNING RSZ-0104] Net d_cache_0/_3101_ only has one pin. Check if it is intended to be dangling.
[WARNING RSZ-0104] Net d_cache_0/_3099_ only has one pin. Check if it is intended to be dangling.
[WARNING RSZ-0104] Net d_cache_0/_3098_ only has one pin. Check if it is intended to be dangling.
[WARNING RSZ-0104] Net d_cache_0/_3093_ only has one pin. Check if it is intended to be dangling.
    88000 |     +0.0% |      12 |       5 |            15 |     58270
    89000 |     +0.0% |      12 |       5 |            15 |     57270
[WARNING RSZ-0104] Net processor_0/if_stage/i_cache_0/_1754_ only has one pin. Check if it is intended to be dangling.
[WARNING RSZ-0104] Net processor_0/if_stage/i_cache_0/_1752_ only has one pin. Check if it is intended to be dangling.
[WARNING RSZ-0104] Net processor_0/if_stage/i_cache_0/_1750_ only has one pin. Check if it is intended to be dangling.
    90000 |     +0.0% |      12 |       5 |            15 |     56270
[WARNING RSZ-0104] Net processor_0/ex_stage/alu_ex/_1547_ only has one pin. Check if it is intended to be dangling.
[WARNING RSZ-0104] Net processor_0/ex_stage/alu_ex/_1545_ only has one pin. Check if it is intended to be dangling.
[WARNING RSZ-0104] Net processor_0/ex_stage/alu_ex/_1544_ only has one pin. Check if it is intended to be dangling.
[WARNING RSZ-0104] Net processor_0/ex_stage/alu_ex/_1543_ only has one pin. Check if it is intended to be dangling.
[WARNING RSZ-0104] Net processor_0/ex_stage/alu_ex/_1528_ only has one pin. Check if it is intended to be dangling.
[WARNING RSZ-0104] Net processor_0/ex_stage/alu_ex/_1527_ only has one pin. Check if it is intended to be dangling.
[WARNING RSZ-0104] Net processor_0/ex_stage/alu_ex/_1522_ only has one pin. Check if it is intended to be dangling.
[WARNING RSZ-0104] Net processor_0/ex_stage/alu_ex/_1519_ only has one pin. Check if it is intended to be dangling.
[WARNING RSZ-0104] Net processor_0/ex_stage/alu_ex/_1516_ only has one pin. Check if it is intended to be dangling.
[WARNING RSZ-0104] Net processor_0/ex_stage/alu_ex/_1515_ only has one pin. Check if it is intended to be dangling.
[WARNING RSZ-0104] Net processor_0/ex_stage/alu_ex/_1512_ only has one pin. Check if it is intended to be dangling.
[WARNING RSZ-0104] Net processor_0/ex_stage/alu_ex/_1511_ only has one pin. Check if it is intended to be dangling.
[WARNING RSZ-0104] Net processor_0/ex_stage/alu_ex/_1507_ only has one pin. Check if it is intended to be dangling.
[WARNING RSZ-0104] Net processor_0/ex_stage/alu_ex/_1498_ only has one pin. Check if it is intended to be dangling.
[WARNING RSZ-0104] Net processor_0/ex_stage/alu_ex/_1497_ only has one pin. Check if it is intended to be dangling.
[WARNING RSZ-0104] Net processor_0/ex_stage/alu_ex/_1496_ only has one pin. Check if it is intended to be dangling.
    91000 |     +0.0% |      12 |       5 |            15 |     55270
    92000 |     +0.0% |      12 |       5 |            15 |     54270
[WARNING RSZ-0104] Net d_cache_0/_3100_ only has one pin. Check if it is intended to be dangling.
[WARNING RSZ-0104] Net d_cache_0/_3092_ only has one pin. Check if it is intended to be dangling.
    93000 |     +0.0% |      12 |       5 |            15 |     53270
[WARNING RSZ-0104] Net processor_0/if_stage/i_cache_0/_1753_ only has one pin. Check if it is intended to be dangling.
[WARNING RSZ-0104] Net processor_0/if_stage/i_cache_0/_1751_ only has one pin. Check if it is intended to be dangling.
[WARNING RSZ-0104] Net processor_0/if_stage/i_cache_0/_1749_ only has one pin. Check if it is intended to be dangling.
    94000 |     +0.0% |      13 |       6 |            16 |     52270
[WARNING RSZ-0104] Net processor_0/ex_stage/alu_ex/_1520_ only has one pin. Check if it is intended to be dangling.
[WARNING RSZ-0104] Net processor_0/ex_stage/alu_ex/_1510_ only has one pin. Check if it is intended to be dangling.
[WARNING RSZ-0104] Net processor_0/ex_stage/alu_ex/_1509_ only has one pin. Check if it is intended to be dangling.
[WARNING RSZ-0104] Net processor_0/ex_stage/alu_ex/_1508_ only has one pin. Check if it is intended to be dangling.
[WARNING RSZ-0104] Net processor_0/ex_stage/alu_ex/_1503_ only has one pin. Check if it is intended to be dangling.
[WARNING RSZ-0104] Net processor_0/ex_stage/alu_ex/_1502_ only has one pin. Check if it is intended to be dangling.
    95000 |     +0.0% |      13 |       6 |            16 |     51270
    96000 |     +0.0% |      13 |       6 |            16 |     50270
[WARNING RSZ-0104] Net processor_0/id_stage/csr_regfile_id/_1169_ only has one pin. Check if it is intended to be dangling.
[WARNING RSZ-0104] Net processor_0/id_stage/csr_regfile_id/_1168_ only has one pin. Check if it is intended to be dangling.
    97000 |     +0.0% |      13 |       6 |            16 |     49270
[WARNING RSZ-0104] Net processor_0/ex_stage/alu_ex/_1548_ only has one pin. Check if it is intended to be dangling.
[WARNING RSZ-0104] Net processor_0/ex_stage/alu_ex/_1538_ only has one pin. Check if it is intended to be dangling.
[WARNING RSZ-0104] Net processor_0/ex_stage/alu_ex/_1537_ only has one pin. Check if it is intended to be dangling.
    98000 |     +0.0% |      13 |       6 |            16 |     48270
    99000 |     +0.0% |      13 |       6 |            16 |     47270
   100000 |     +0.0% |      13 |       6 |            16 |     46270
   101000 |     +0.0% |      19 |       9 |            22 |     45270
   102000 |     +0.0% |      19 |       9 |            22 |     44270
[WARNING RSZ-0104] Net processor_0/id_stage/csr_regfile_id/_1170_ only has one pin. Check if it is intended to be dangling.
   103000 |     +0.0% |      22 |       9 |            25 |     43270
[WARNING RSZ-0104] Net d_cache_axi_0/_2077_ only has one pin. Check if it is intended to be dangling.
   104000 |     +0.0% |      22 |       9 |            25 |     42270
   105000 |     +0.0% |      22 |       9 |            25 |     41270
   106000 |     +0.0% |      23 |       9 |            26 |     40270
   107000 |     +0.0% |      23 |       9 |            26 |     39270
[WARNING RSZ-0104] Net processor_0/branch_comp_id/_158_ only has one pin. Check if it is intended to be dangling.
[WARNING RSZ-0104] Net processor_0/branch_comp_id/_157_ only has one pin. Check if it is intended to be dangling.
[WARNING RSZ-0104] Net uart_0/fifo_uart_w/_429_ only has one pin. Check if it is intended to be dangling.
[WARNING RSZ-0104] Net uart_0/fifo_uart_w/_428_ only has one pin. Check if it is intended to be dangling.
[WARNING RSZ-0104] Net uart_0/fifo_uart_w/_426_ only has one pin. Check if it is intended to be dangling.
[WARNING RSZ-0104] Net uart_0/fifo_uart_w/_425_ only has one pin. Check if it is intended to be dangling.
[WARNING RSZ-0104] Net timer_0/fifo_timer_w/_429_ only has one pin. Check if it is intended to be dangling.
[WARNING RSZ-0104] Net timer_0/fifo_timer_w/_428_ only has one pin. Check if it is intended to be dangling.
[WARNING RSZ-0104] Net timer_0/fifo_timer_w/_426_ only has one pin. Check if it is intended to be dangling.
[WARNING RSZ-0104] Net timer_0/fifo_timer_w/_425_ only has one pin. Check if it is intended to be dangling.
   108000 |     +0.0% |      23 |      10 |            27 |     38270
[WARNING RSZ-0104] Net processor_0/if_stage/branch_pred_if/_4281_ only has one pin. Check if it is intended to be dangling.
[WARNING RSZ-0104] Net processor_0/if_stage/branch_pred_if/_4280_ only has one pin. Check if it is intended to be dangling.
   109000 |     +0.0% |      23 |      10 |            27 |     37270
[WARNING RSZ-0104] Net processor_0/ex_stage/data_clip_ex/_08_ only has one pin. Check if it is intended to be dangling.
[WARNING RSZ-0104] Net processor_0/ex_stage/data_clip_ex/_07_ only has one pin. Check if it is intended to be dangling.
[WARNING RSZ-0104] Net gpio_0/fifo_timer_w/_429_ only has one pin. Check if it is intended to be dangling.
[WARNING RSZ-0104] Net gpio_0/fifo_timer_w/_428_ only has one pin. Check if it is intended to be dangling.
[WARNING RSZ-0104] Net gpio_0/fifo_timer_w/_426_ only has one pin. Check if it is intended to be dangling.
[WARNING RSZ-0104] Net gpio_0/fifo_timer_w/_425_ only has one pin. Check if it is intended to be dangling.
[WARNING RSZ-0104] Net dot_0/fifo_timer_w2/_361_ only has one pin. Check if it is intended to be dangling.
[WARNING RSZ-0104] Net dot_0/fifo_timer_w2/_360_ only has one pin. Check if it is intended to be dangling.
[WARNING RSZ-0104] Net dot_0/fifo_timer_w2/_358_ only has one pin. Check if it is intended to be dangling.
[WARNING RSZ-0104] Net dot_0/fifo_timer_w2/_357_ only has one pin. Check if it is intended to be dangling.
[WARNING RSZ-0104] Net dot_0/fifo_timer_w1/_361_ only has one pin. Check if it is intended to be dangling.
[WARNING RSZ-0104] Net dot_0/fifo_timer_w1/_360_ only has one pin. Check if it is intended to be dangling.
[WARNING RSZ-0104] Net dot_0/fifo_timer_w1/_358_ only has one pin. Check if it is intended to be dangling.
[WARNING RSZ-0104] Net dot_0/fifo_timer_w1/_357_ only has one pin. Check if it is intended to be dangling.
[WARNING RSZ-0104] Net d_cache_axi_0/_2076_ only has one pin. Check if it is intended to be dangling.
[WARNING RSZ-0104] Net d_cache_axi_0/_2075_ only has one pin. Check if it is intended to be dangling.
[WARNING RSZ-0104] Net d_cache_axi_0/_2074_ only has one pin. Check if it is intended to be dangling.
[WARNING RSZ-0104] Net uart_0/fifo_uart_w/_430_ only has one pin. Check if it is intended to be dangling.
[WARNING RSZ-0104] Net uart_0/fifo_uart_w/_427_ only has one pin. Check if it is intended to be dangling.
[WARNING RSZ-0104] Net timer_0/fifo_timer_w/_430_ only has one pin. Check if it is intended to be dangling.
[WARNING RSZ-0104] Net timer_0/fifo_timer_w/_427_ only has one pin. Check if it is intended to be dangling.
   110000 |     +0.0% |      23 |      10 |            27 |     36270
[WARNING RSZ-0104] Net processor_0/if_stage/branch_pred_if/_4283_ only has one pin. Check if it is intended to be dangling.
[WARNING RSZ-0104] Net processor_0/if_stage/branch_pred_if/_4282_ only has one pin. Check if it is intended to be dangling.
[WARNING RSZ-0104] Net gpio_0/fifo_timer_w/_430_ only has one pin. Check if it is intended to be dangling.
[WARNING RSZ-0104] Net gpio_0/fifo_timer_w/_427_ only has one pin. Check if it is intended to be dangling.
[WARNING RSZ-0104] Net dot_0/fifo_timer_w2/_362_ only has one pin. Check if it is intended to be dangling.
[WARNING RSZ-0104] Net dot_0/fifo_timer_w2/_359_ only has one pin. Check if it is intended to be dangling.
[WARNING RSZ-0104] Net dot_0/fifo_timer_w1/_362_ only has one pin. Check if it is intended to be dangling.
[WARNING RSZ-0104] Net dot_0/fifo_timer_w1/_359_ only has one pin. Check if it is intended to be dangling.
   111000 |     +0.0% |      23 |      10 |            27 |     35270
   112000 |     +0.0% |      23 |      10 |            27 |     34270
   113000 |     +0.0% |      23 |      10 |            27 |     33270
   114000 |     +0.0% |      23 |      10 |            27 |     32270
   115000 |     +0.0% |      23 |      10 |            27 |     31270
   116000 |     +0.0% |      23 |      10 |            27 |     30270
   117000 |     +0.0% |      23 |      10 |            27 |     29270
   118000 |     +0.0% |      23 |      10 |            27 |     28270
   119000 |     +0.0% |      23 |      10 |            27 |     27270
   120000 |     +0.0% |      23 |      10 |            27 |     26270
   121000 |     +0.0% |      23 |      10 |            27 |     25270
   122000 |     +0.0% |      23 |      10 |            27 |     24270
   123000 |     +0.0% |      23 |      10 |            27 |     23270
   124000 |     +0.0% |      23 |      10 |            27 |     22270
   125000 |     +0.0% |      23 |      10 |            27 |     21270
   126000 |     +0.0% |      23 |      10 |            27 |     20270
   127000 |     +0.0% |      23 |      10 |            27 |     19270
   128000 |     +0.0% |      23 |      10 |            27 |     18270
   129000 |     +0.0% |      23 |      10 |            27 |     17270
   130000 |     +0.0% |      23 |      10 |            27 |     16270
   131000 |     +0.0% |      23 |      10 |            27 |     15270
   132000 |     +0.0% |      23 |      10 |            27 |     14270
   133000 |     +0.0% |      23 |      10 |            27 |     13270
   134000 |     +0.0% |      23 |      10 |            27 |     12270
   135000 |     +0.0% |      23 |      10 |            27 |     11270
   136000 |     +0.0% |      23 |      10 |            27 |     10270
   137000 |     +0.0% |      23 |      10 |            27 |      9270
   138000 |     +0.0% |      23 |      10 |            27 |      8270
   139000 |     +0.0% |      23 |      10 |            27 |      7270
   140000 |     +0.0% |      23 |      10 |            27 |      6270
   141000 |     +0.0% |      23 |      10 |            27 |      5270
   142000 |     +0.0% |      24 |      10 |            28 |      4270
   143000 |     +0.0% |      29 |      11 |            33 |      3270
   144000 |     +0.0% |      29 |      11 |            33 |      2270
   145000 |     +0.0% |      29 |      11 |            33 |      1270
   146000 |     +0.0% |      29 |      11 |            33 |       270
    final |     +0.0% |      29 |      11 |            33 |         0
---------------------------------------------------------------------
[INFO RSZ-0034] Found 29 slew violations.
[INFO RSZ-0036] Found 5 capacitance violations.
[INFO RSZ-0039] Resized 29 instances.
[INFO RSZ-0038] Inserted 11 buffers in 33 nets.
[INFO RSZ-0504] Runtime: 13.48s
Took 13 seconds: repair_design -verbose
global_route -start_incremental
detailed_placement
[INFO DPL-0006] Core area: 3527558.21 um^2
[INFO DPL-0007] Movable instances area: 1838773.53 um^2
[INFO DPL-0008] Fixed instances area within core: 58876.47 um^2
[INFO DPL-0009] Utilization: 53.8%
[INFO DPL-0005] Diamond search max displacement: +/- 500 sites horizontally, +/- 100 rows vertically.
[INFO DPL-1102] Legalizing using negotiation legalizer.
[INFO DPL-1103] Negotiation base search window: +/-20 sites horizontally, +/-5 rows vertically 
	Automatic search window extension enabled.
	Search window extendable up to the max displacement cap of +/-500 sites, +/-100 rows near walls.
[INFO DPL-1104] NegotiationLegalizer DRC penalty: 5.
[INFO DPL-0392] Negotiation cell height distribution (1 unique row-count(s)):
[INFO DPL-0393]   height 1 row(s): 189143 cells
          |      Total |  Illegal |  Illegal
Iteration | Violations |    Cells |    Sites
---------------------------------------------
        0 |         12 |         4 |         8
        1 |          0 |         0 |         0
Negotiation phase 1 converged at iteration 1.
[INFO DPL-0500] Runtime: 0.87s
Placement Analysis
---------------------------------
total displacement        115.8 u
average displacement        0.0 u
max displacement           16.3 u
original HPWL         5683434.1 u
legalized HPWL        5683486.7 u
delta HPWL                    0 %

global_route -end_incremental -congestion_report_file /Users/shubhanshu/Desktop/Nebula/digital/artifacts/model_ppa_v2_20260913_2305/pnr_openrouter_nemotron-ultra/reports/sky130hd/nebula_bench_v2/openrouter_nemotron-ultra/congestion_post_repair_design.rpt
Repair setup and hold violations...
estimate_parasitics -global_routing
repair_timing -setup_margin 0 -hold_margin 0 -repair_tns 0 -verbose
[INFO RSZ-0100] Repair move sequence: UnbufferMove SizeUpMove SwapPinsMove BufferMove CloneMove SplitLoadMove 
[INFO RSZ-0094] Found 4485 endpoints with setup violations.
[INFO RSZ-0099] Repairing 1 out of 4485 (0.00%) violating endpoints...
   Iter   | Removed | Resized | Inserted | Cloned |  Pin  |   Area   |    WNS   |   StTNS    |   EnTNS    |  Viol  |  Worst  
          | Buffers |  Gates  | Buffers  |  Gates | Swaps |          |          |            |            | Endpts | St/EnPt 
------------------------------------------------------------------------------------------------------------------------------
       0* |       0 |       0 |        0 |      0 |     0 |    +0.0% | -154.571 |   -20783.0 |  -115201.0 |   4485 | soc_obs\[27\]$_SDFF_PP0_/D
      10* |       0 |       7 |        0 |      0 |     2 |    +0.0% | -154.201 |   -20735.9 |  -114941.0 |   4485 | soc_obs\[27\]$_SDFF_PP0_/D
      20* |       0 |      15 |        0 |      0 |     4 |    +0.0% | -153.670 |   -20668.9 |  -114567.0 |   4485 | soc_obs\[27\]$_SDFF_PP0_/D
      30* |       0 |      21 |        0 |      0 |     8 |    +0.0% | -153.415 |   -20637.6 |  -114387.3 |   4485 | soc_obs\[27\]$_SDFF_PP0_/D
      40* |       0 |      25 |        1 |      0 |    13 |    +0.0% | -153.169 |   -20610.1 |  -114214.6 |   4485 | soc_obs\[27\]$_SDFF_PP0_/D
      50* |       0 |      34 |        1 |      0 |    14 |    +0.0% | -152.829 |   -20560.5 |  -113981.2 |   4485 | soc_obs\[27\]$_SDFF_PP0_/D
      60* |       0 |      42 |        2 |      0 |    15 |    +0.0% | -152.505 |   -20517.5 |  -113753.2 |   4485 | soc_obs\[27\]$_SDFF_PP0_/D
      70* |       0 |      48 |        2 |      0 |    19 |    +0.0% | -152.176 |   -20474.1 |  -113521.4 |   4485 | soc_obs\[27\]$_SDFF_PP0_/D
      80* |       0 |      54 |        2 |      0 |    23 |    +0.0% | -151.898 |   -20437.8 |  -113326.0 |   4485 | soc_obs\[27\]$_SDFF_PP0_/D
      90* |       0 |      59 |        2 |      0 |    28 |    +0.0% | -151.596 |   -20397.6 |  -113112.9 |   4485 | soc_obs\[27\]$_SDFF_PP0_/D
     100* |       0 |      68 |        2 |      0 |    29 |    +0.0% | -151.253 |   -20349.7 |  -112879.1 |   4485 | soc_obs\[27\]$_SDFF_PP0_/D
     110* |       0 |      71 |        4 |      0 |    34 |    +0.0% | -151.093 |   -20326.1 |  -112775.6 |   4485 | soc_obs\[27\]$_SDFF_PP0_/D
     120* |       0 |      79 |        4 |      0 |    36 |    +0.0% | -150.664 |   -20261.3 |  -112473.6 |   4485 | soc_obs\[27\]$_SDFF_PP0_/D
     130* |       0 |      87 |        4 |      0 |    38 |    +0.0% | -150.308 |   -20208.7 |  -112234.9 |   4485 | soc_obs\[27\]$_SDFF_PP0_/D
     140* |       0 |      91 |        4 |      0 |    44 |    +0.0% | -150.126 |   -20180.8 |  -112106.8 |   4485 | soc_obs\[27\]$_SDFF_PP0_/D
     150* |       0 |      94 |        4 |      0 |    51 |    +0.0% | -149.919 |   -20151.7 |  -111961.1 |   4485 | soc_obs\[27\]$_SDFF_PP0_/D
     160* |       0 |     102 |        6 |      0 |    51 |    +0.0% | -149.793 |   -20139.7 |  -111877.1 |   4485 | soc_obs\[27\]$_SDFF_PP0_/D
     170* |       0 |     108 |        7 |      0 |    54 |    +0.0% | -149.561 |   -20107.8 |  -111714.2 |   4485 | soc_obs\[27\]$_SDFF_PP0_/D
     180* |       0 |     111 |        7 |      0 |    61 |    +0.0% | -149.542 |   -20106.4 |  -111647.9 |   4485 | soc_obs\[30\]$_SDFF_PP0_/D
     190* |       0 |     115 |        8 |      0 |    66 |    +0.0% | -149.410 |   -20087.2 |  -111555.0 |   4485 | soc_obs\[30\]$_SDFF_PP0_/D
     200* |       0 |     124 |        8 |      0 |    67 |    +0.0% | -148.981 |   -20023.3 |  -111252.8 |   4485 | soc_obs\[30\]$_SDFF_PP0_/D
     210* |       0 |     127 |        8 |      0 |    74 |    +0.0% | -148.806 |   -20004.3 |  -111130.1 |   4485 | soc_obs\[30\]$_SDFF_PP0_/D
     220* |       0 |     131 |        8 |      0 |    80 |    +0.0% | -148.575 |   -19974.8 |  -110967.2 |   4485 | soc_obs\[30\]$_SDFF_PP0_/D
     230* |       0 |     134 |       10 |      0 |    85 |    +0.0% | -148.386 |   -19950.6 |  -110834.2 |   4485 | soc_obs\[30\]$_SDFF_PP0_/D
     240* |       0 |     141 |       10 |      0 |    88 |    +0.0% | -148.190 |   -19922.7 |  -110696.3 |   4485 | soc_obs\[30\]$_SDFF_PP0_/D
     250* |       0 |     148 |       10 |      0 |    91 |    +0.0% | -147.896 |   -19879.1 |  -110488.9 |   4485 | soc_obs\[30\]$_SDFF_PP0_/D
     260* |       0 |     153 |       10 |      0 |    96 |    +0.0% | -147.867 |   -19874.6 |  -110468.8 |   4485 | soc_obs\[30\]$_SDFF_PP0_/D
     270* |       0 |     158 |       11 |      0 |   100 |    +0.0% | -147.738 |   -19858.0 |  -110378.0 |   4485 | soc_obs\[30\]$_SDFF_PP0_/D
     280* |       0 |     163 |       12 |      0 |   104 |    +0.0% | -147.581 |   -19835.2 |  -110307.2 |   4485 | soc_obs\[30\]$_SDFF_PP0_/D
     290* |       0 |     165 |       14 |      0 |   110 |    +0.0% | -147.459 |   -19822.8 |  -110221.5 |   4485 | soc_obs\[30\]$_SDFF_PP0_/D
     300* |       0 |     170 |       14 |      0 |   115 |    +0.0% | -147.309 |   -19804.4 |  -110126.9 |   4485 | soc_obs\[30\]$_SDFF_PP0_/D
     310* |       0 |     174 |       14 |      0 |   121 |    +0.0% | -147.252 |   -19795.7 |  -110086.6 |   4485 | soc_obs\[30\]$_SDFF_PP0_/D
     320* |       0 |     179 |       18 |      0 |   122 |    +0.0% | -146.983 |   -19759.1 |  -109897.4 |   4485 | soc_obs\[30\]$_SDFF_PP0_/D
     330* |       0 |     186 |       18 |      0 |   125 |    +0.0% | -146.751 |   -19730.5 |  -109733.9 |   4485 | soc_obs\[30\]$_SDFF_PP0_/D
     340* |       0 |     192 |       18 |      0 |   129 |    +0.0% | -146.592 |   -19704.5 |  -109617.6 |   4485 | soc_obs\[30\]$_SDFF_PP0_/D
     350* |       0 |     194 |       19 |      0 |   136 |    +0.0% | -146.499 |   -19693.3 |  -109552.0 |   4485 | soc_obs\[30\]$_SDFF_PP0_/D
     360* |       0 |     199 |       19 |      0 |   141 |    +0.0% | -146.233 |   -19654.4 |  -109364.6 |   4485 | soc_obs\[30\]$_SDFF_PP0_/D
     370* |       0 |     205 |       20 |      0 |   144 |    +0.0% | -145.964 |   -19617.9 |  -109175.5 |   4485 | soc_obs\[30\]$_SDFF_PP0_/D
     380* |       0 |     213 |       20 |      0 |   146 |    +0.0% | -145.591 |   -19573.4 |  -108912.5 |   4485 | soc_obs\[30\]$_SDFF_PP0_/D
     390* |       0 |     219 |       21 |      0 |   149 |    +0.0% | -145.399 |   -19552.2 |  -108777.4 |   4485 | soc_obs\[30\]$_SDFF_PP0_/D
     400* |       0 |     229 |       21 |      0 |   149 |    +0.1% | -145.255 |   -19538.1 |  -108676.0 |   4485 | soc_obs\[30\]$_SDFF_PP0_/D
     410* |       0 |     237 |       21 |      0 |   151 |    +0.1% | -145.037 |   -19511.7 |  -108522.7 |   4485 | soc_obs\[30\]$_SDFF_PP0_/D
     420* |       0 |     243 |       21 |      0 |   155 |    +0.1% | -144.872 |   -19490.5 |  -108401.0 |   4485 | soc_obs\[30\]$_SDFF_PP0_/D
     430* |       0 |     249 |       22 |      0 |   158 |    +0.1% | -144.639 |   -19456.0 |  -108219.8 |   4485 | soc_obs\[30\]$_SDFF_PP0_/D
     440* |       0 |     254 |       23 |      0 |   162 |    +0.1% | -144.628 |   -19453.5 |  -108226.9 |   4485 | soc_obs\[30\]$_SDFF_PP0_/D
     450* |       0 |     263 |       27 |      0 |   162 |    +0.1% | -144.410 |   -19427.7 |  -108079.1 |   4485 | soc_obs\[30\]$_SDFF_PP0_/D
     460* |       0 |     267 |       29 |      0 |   166 |    +0.1% | -144.291 |   -19414.4 |  -107995.9 |   4485 | soc_obs\[30\]$_SDFF_PP0_/D
     470* |       0 |     274 |       30 |      0 |   168 |    +0.1% | -143.956 |   -19367.9 |  -107771.1 |   4485 | soc_obs\[30\]$_SDFF_PP0_/D
     480* |       0 |     282 |       30 |      0 |   170 |    +0.1% | -143.729 |   -19339.4 |  -107585.5 |   4485 | soc_obs\[30\]$_SDFF_PP0_/D
     490* |       0 |     290 |       30 |      0 |   172 |    +0.1% | -143.498 |   -19310.0 |  -107423.3 |   4485 | soc_obs\[30\]$_SDFF_PP0_/D
     500* |       0 |     292 |       31 |      0 |   179 |    +0.1% | -143.443 |   -19302.0 |  -107384.6 |   4485 | soc_obs\[30\]$_SDFF_PP0_/D
     510* |       0 |     297 |       33 |      0 |   182 |    +0.1% | -143.222 |   -19274.2 |  -107228.6 |   4485 | soc_obs\[30\]$_SDFF_PP0_/D
     520* |       0 |     301 |       35 |      1 |   186 |    +0.1% | -143.109 |   -19254.0 |  -107149.6 |   4485 | soc_obs\[30\]$_SDFF_PP0_/D
     530* |       0 |     309 |       36 |      1 |   187 |    +0.1% | -142.950 |   -19232.2 |  -107052.3 |   4485 | soc_obs\[30\]$_SDFF_PP0_/D
     540* |       0 |     314 |       38 |      1 |   190 |    +0.1% | -142.847 |   -19223.3 |  -106982.1 |   4485 | soc_obs\[27\]$_SDFF_PP0_/D
     550* |       0 |     322 |       38 |      1 |   192 |    +0.1% | -142.689 |   -19199.0 |  -106862.8 |   4485 | soc_obs\[30\]$_SDFF_PP0_/D
     560* |       0 |     328 |       38 |      1 |   196 |    +0.1% | -142.429 |   -19157.9 |  -106673.5 |   4485 | soc_obs\[30\]$_SDFF_PP0_/D
     570* |       0 |     336 |       39 |      1 |   197 |    +0.1% | -142.212 |   -19127.6 |  -106520.4 |   4485 | soc_obs\[30\]$_SDFF_PP0_/D
     580* |       0 |     340 |       40 |      1 |   202 |    +0.1% | -142.064 |   -19108.7 |  -106416.5 |   4485 | soc_obs\[30\]$_SDFF_PP0_/D
     590* |       0 |     349 |       40 |      1 |   203 |    +0.1% | -141.673 |   -19066.5 |  -106141.5 |   4485 | soc_obs\[30\]$_SDFF_PP0_/D
     600* |       0 |     353 |       41 |      1 |   208 |    +0.1% | -141.741 |   -19074.7 |  -106189.3 |   4485 | soc_obs\[30\]$_SDFF_PP0_/D
     610* |       0 |     359 |       43 |      1 |   210 |    +0.1% | -141.698 |   -19070.3 |  -106158.9 |   4485 | soc_obs\[30\]$_SDFF_PP0_/D
     620* |       0 |     366 |       43 |      2 |   212 |    +0.1% | -141.678 |   -19068.9 |  -106144.8 |   4485 | soc_obs\[30\]$_SDFF_PP0_/D
     630* |       0 |     371 |       44 |      2 |   216 |    +0.1% | -141.543 |   -19049.4 |  -106058.3 |   4485 | soc_obs\[30\]$_SDFF_PP0_/D
     640* |       0 |     377 |       45 |      2 |   219 |    +0.1% | -141.281 |   -19018.2 |  -105874.0 |   4485 | soc_obs\[30\]$_SDFF_PP0_/D
     650* |       0 |     384 |       46 |      2 |   221 |    +0.1% | -141.138 |   -18997.4 |  -105773.6 |   4485 | soc_obs\[30\]$_SDFF_PP0_/D
     660* |       0 |     388 |       47 |      2 |   226 |    +0.1% | -141.096 |   -18993.9 |  -105743.7 |   4485 | soc_obs\[30\]$_SDFF_PP0_/D
     670* |       0 |     392 |       48 |      2 |   231 |    +0.1% | -140.897 |   -18969.2 |  -105604.1 |   4485 | soc_obs\[30\]$_SDFF_PP0_/D
     680* |       0 |     399 |       50 |      2 |   232 |    +0.1% | -140.725 |   -18943.3 |  -105490.1 |   4485 | soc_obs\[30\]$_SDFF_PP0_/D
     690* |       0 |     405 |       51 |      2 |   235 |    +0.1% | -140.698 |   -18938.1 |  -105471.6 |   4485 | soc_obs\[30\]$_SDFF_PP0_/D
     700* |       0 |     411 |       51 |      2 |   239 |    +0.1% | -140.621 |   -18930.9 |  -105416.8 |   4485 | soc_obs\[30\]$_SDFF_PP0_/D
     710* |       0 |     416 |       53 |      2 |   242 |    +0.1% | -140.582 |   -18926.9 |  -105389.4 |   4485 | soc_obs\[30\]$_SDFF_PP0_/D
     720* |       0 |     423 |       53 |      2 |   245 |    +0.1% | -140.400 |   -18900.7 |  -105250.0 |   4485 | soc_obs\[30\]$_SDFF_PP0_/D
     730* |       0 |     428 |       54 |      2 |   249 |    +0.1% | -140.379 |   -18898.6 |  -105234.9 |   4485 | soc_obs\[30\]$_SDFF_PP0_/D
     740* |       0 |     435 |       54 |      2 |   252 |    +0.1% | -140.223 |   -18878.2 |  -105136.3 |   4485 | soc_obs\[30\]$_SDFF_PP0_/D
     750* |       0 |     440 |       56 |      2 |   255 |    +0.1% | -140.066 |   -18858.4 |  -105025.4 |   4485 | soc_obs\[30\]$_SDFF_PP0_/D
     760* |       0 |     447 |       56 |      2 |   258 |    +0.1% | -139.847 |   -18828.8 |  -104844.8 |   4485 | soc_obs\[30\]$_SDFF_PP0_/D
     770* |       0 |     453 |       57 |      2 |   261 |    +0.1% | -139.563 |   -18785.8 |  -104645.3 |   4485 | soc_obs\[30\]$_SDFF_PP0_/D
     780* |       0 |     458 |       58 |      2 |   265 |    +0.1% | -139.522 |   -18779.2 |  -104616.4 |   4485 | soc_obs\[30\]$_SDFF_PP0_/D
     790* |       0 |     463 |       58 |      2 |   270 |    +0.1% | -139.476 |   -18774.5 |  -104584.0 |   4485 | soc_obs\[30\]$_SDFF_PP0_/D
     800* |       0 |     469 |       58 |      2 |   274 |    +0.1% | -139.452 |   -18772.0 |  -104567.1 |   4485 | soc_obs\[30\]$_SDFF_PP0_/D
     810* |       0 |     478 |       58 |      2 |   275 |    +0.1% | -139.309 |   -18751.5 |  -104466.5 |   4485 | soc_obs\[30\]$_SDFF_PP0_/D
     820* |       0 |     483 |       59 |      2 |   279 |    +0.1% | -139.229 |   -18740.5 |  -104409.7 |   4485 | soc_obs\[30\]$_SDFF_PP0_/D
     830* |       0 |     488 |       60 |      2 |   283 |    +0.1% | -139.198 |   -18736.1 |  -104388.1 |   4485 | soc_obs\[30\]$_SDFF_PP0_/D
     840* |       1 |     492 |       63 |      2 |   285 |    +0.1% | -139.058 |   -18716.5 |  -104322.8 |   4485 | soc_obs\[25\]$_SDFF_PP0_/D
     850* |       1 |     497 |       66 |      2 |   287 |    +0.1% | -139.053 |   -18715.7 |  -104361.7 |   4485 | soc_obs\[7\]$_SDFF_PP0_/D
     860* |       1 |     500 |       66 |      2 |   294 |    +0.1% | -139.053 |   -18715.5 |  -104351.0 |   4485 | soc_obs\[28\]$_SDFF_PP0_/D
     870* |       1 |     502 |       68 |      2 |   300 |    +0.1% | -138.993 |   -18706.2 |  -104322.9 |   4485 | soc_obs\[30\]$_SDFF_PP0_/D
     880* |       1 |     506 |       70 |      2 |   304 |    +0.1% | -138.928 |   -18696.4 |  -104306.8 |   4485 | soc_obs\[30\]$_SDFF_PP0_/D
     890* |       1 |     512 |       72 |      2 |   306 |    +0.1% | -138.913 |   -18695.0 |  -104296.8 |   4485 | soc_obs\[30\]$_SDFF_PP0_/D
     900* |       1 |     518 |       73 |      2 |   309 |    +0.1% | -138.825 |   -18680.2 |  -104234.3 |   4485 | soc_obs\[30\]$_SDFF_PP0_/D
     910* |       2 |     522 |       75 |      2 |   312 |    +0.1% | -138.760 |   -18672.1 |  -104207.8 |   4485 | soc_obs\[22\]$_SDFF_PP0_/D
     920* |       2 |     528 |       75 |      2 |   316 |    +0.1% | -138.804 |   -18677.6 |  -104243.6 |   4485 | soc_obs\[7\]$_SDFF_PP0_/D
     930* |       2 |     531 |       75 |      2 |   323 |    +0.1% | -138.922 |   -18695.1 |  -104325.8 |   4485 | soc_obs\[7\]$_SDFF_PP0_/D
     940* |       2 |     535 |       76 |      2 |   328 |    +0.1% | -138.813 |   -18683.0 |  -104254.9 |   4485 | soc_obs\[7\]$_SDFF_PP0_/D
     950* |       2 |     540 |       76 |      2 |   333 |    +0.1% | -138.814 |   -18679.0 |  -104255.1 |   4485 | soc_obs\[7\]$_SDFF_PP0_/D
     956* |       1 |     521 |       75 |      2 |   310 |    +0.1% | -138.735 |   -18668.0 |  -104178.9 |   4485 | soc_obs\[25\]$_SDFF_PP0_/D
     956* |       1 |     521 |       75 |      2 |   310 |    +0.1% | -138.735 |   -18668.0 |  -104178.9 |   4485 | soc_obs\[25\]$_SDFF_PP0_/D
     960+ |       1 |     523 |       75 |      2 |   311 |    +0.1% | -138.715 |   -18664.7 |  -104177.2 |   4485 | soc_obs\[30\]$_SDFF_PP0_/D
     962+ |       1 |     525 |       75 |      2 |   311 |    +0.1% | -138.700 |   -18663.5 |  -104166.5 |   4485 | soc_obs\[30\]$_SDFF_PP0_/D
     963+ |       1 |     525 |       75 |      2 |   311 |    +0.1% | -138.700 |   -18663.5 |  -104166.5 |   4485 | soc_obs\[30\]$_SDFF_PP0_/D
     964+ |       1 |     525 |       75 |      2 |   311 |    +0.1% | -138.700 |   -18663.5 |  -104166.5 |   4485 | soc_obs\[30\]$_SDFF_PP0_/D
     965+ |       1 |     525 |       75 |      2 |   311 |    +0.1% | -138.700 |   -18663.5 |  -104166.5 |   4485 | soc_obs\[30\]$_SDFF_PP0_/D
     966+ |       1 |     525 |       75 |      2 |   311 |    +0.1% | -138.700 |   -18663.5 |  -104166.5 |   4485 | soc_obs\[30\]$_SDFF_PP0_/D
     968+ |       1 |     526 |       75 |      2 |   311 |    +0.1% | -138.700 |   -18663.5 |  -104166.5 |   4485 | soc_obs\[30\]$_SDFF_PP0_/D
     970+ |       1 |     527 |       75 |      2 |   311 |    +0.1% | -138.700 |   -18663.5 |  -104166.3 |   4485 | soc_obs\[30\]$_SDFF_PP0_/D
     971+ |       1 |     528 |       75 |      2 |   311 |    +0.1% | -138.700 |   -18663.5 |  -104166.3 |   4485 | soc_obs\[30\]$_SDFF_PP0_/D
     972+ |       1 |     528 |       75 |      2 |   311 |    +0.1% | -138.700 |   -18663.5 |  -104166.3 |   4485 | soc_obs\[30\]$_SDFF_PP0_/D
     973+ |       1 |     528 |       75 |      2 |   311 |    +0.1% | -138.700 |   -18663.5 |  -104166.3 |   4485 | soc_obs\[30\]$_SDFF_PP0_/D
     977+ |       1 |     529 |       75 |      2 |   313 |    +0.1% | -138.700 |   -18663.3 |  -104147.8 |   4485 | soc_obs\[30\]$_SDFF_PP0_/D
     980+ |       1 |     530 |       75 |      2 |   314 |    +0.1% | -138.700 |   -18663.3 |  -104145.7 |   4485 | soc_obs\[30\]$_SDFF_PP0_/D
     981+ |       1 |     531 |       75 |      2 |   314 |    +0.1% | -138.700 |   -18663.3 |  -104145.0 |   4485 | soc_obs\[30\]$_SDFF_PP0_/D
     984+ |       1 |     533 |       75 |      2 |   314 |    +0.1% | -138.700 |   -18663.1 |  -104117.8 |   4485 | soc_obs\[30\]$_SDFF_PP0_/D
     986+ |       1 |     533 |       75 |      2 |   315 |    +0.1% | -138.700 |   -18663.1 |  -104117.8 |   4485 | soc_obs\[30\]$_SDFF_PP0_/D
     990+ |       1 |     536 |       75 |      2 |   315 |    +0.1% | -138.700 |   -18663.1 |  -104117.2 |   4485 | soc_obs\[30\]$_SDFF_PP0_/D
     991+ |       1 |     537 |       75 |      2 |   315 |    +0.1% | -138.700 |   -18663.1 |  -104115.9 |   4485 | soc_obs\[30\]$_SDFF_PP0_/D
     994+ |       1 |     538 |       75 |      2 |   316 |    +0.1% | -138.700 |   -18663.1 |  -104112.4 |   4485 | soc_obs\[30\]$_SDFF_PP0_/D
     999+ |       1 |     540 |       75 |      2 |   318 |    +0.1% | -138.700 |   -18663.1 |  -104112.4 |   4485 | soc_obs\[30\]$_SDFF_PP0_/D
    1000+ |       1 |     540 |       75 |      2 |   318 |    +0.1% | -138.700 |   -18663.1 |  -104112.4 |   4485 | soc_obs\[30\]$_SDFF_PP0_/D
    1002+ |       1 |     541 |       75 |      2 |   319 |    +0.1% | -138.700 |   -18663.1 |  -104111.1 |   4485 | soc_obs\[30\]$_SDFF_PP0_/D
    1008+ |       1 |     546 |       75 |      2 |   319 |    +0.1% | -138.700 |   -18663.1 |  -104095.5 |   4485 | soc_obs\[30\]$_SDFF_PP0_/D
    1010+ |       1 |     547 |       75 |      2 |   319 |    +0.1% | -138.700 |   -18663.1 |  -104094.1 |   4485 | soc_obs\[30\]$_SDFF_PP0_/D
    1012+ |       1 |     549 |       75 |      2 |   319 |    +0.1% | -138.700 |   -18663.1 |  -104093.3 |   4485 | soc_obs\[30\]$_SDFF_PP0_/D
    1017+ |       1 |     552 |       75 |      2 |   320 |    +0.1% | -138.700 |   -18663.1 |  -104093.2 |   4485 | soc_obs\[30\]$_SDFF_PP0_/D
    1020+ |       1 |     554 |       75 |      2 |   320 |    +0.1% | -138.700 |   -18663.1 |  -104093.1 |   4485 | soc_obs\[30\]$_SDFF_PP0_/D
    1020+ |       1 |     554 |       75 |      2 |   320 |    +0.1% | -138.700 |   -18663.1 |  -104093.1 |   4485 | soc_obs\[30\]$_SDFF_PP0_/D
    1021+ |       1 |     554 |       75 |      2 |   320 |    +0.1% | -138.700 |   -18663.1 |  -104093.1 |   4485 | soc_obs\[30\]$_SDFF_PP0_/D
    1025+ |       1 |     556 |       75 |      2 |   321 |    +0.1% | -138.700 |   -18663.1 |  -104091.3 |   4485 | soc_obs\[30\]$_SDFF_PP0_/D
    1026+ |       1 |     556 |       75 |      2 |   321 |    +0.1% | -138.700 |   -18663.1 |  -104091.3 |   4485 | soc_obs\[30\]$_SDFF_PP0_/D
    1028+ |       1 |     557 |       75 |      2 |   321 |    +0.1% | -138.700 |   -18663.1 |  -104091.3 |   4485 | soc_obs\[30\]$_SDFF_PP0_/D
    1030+ |       1 |     558 |       75 |      2 |   321 |    +0.1% | -138.700 |   -18663.1 |  -104090.1 |   4485 | soc_obs\[30\]$_SDFF_PP0_/D
    1032+ |       1 |     560 |       75 |      2 |   321 |    +0.1% | -138.700 |   -18663.1 |  -104089.8 |   4485 | soc_obs\[30\]$_SDFF_PP0_/D
    1033+ |       1 |     560 |       75 |      2 |   321 |    +0.1% | -138.700 |   -18663.1 |  -104089.8 |   4485 | soc_obs\[30\]$_SDFF_PP0_/D
    1037+ |       1 |     562 |       75 |      2 |   322 |    +0.1% | -138.700 |   -18663.1 |  -104088.3 |   4485 | soc_obs\[30\]$_SDFF_PP0_/D
    1038+ |       1 |     562 |       75 |      2 |   322 |    +0.1% | -138.700 |   -18663.1 |  -104088.3 |   4485 | soc_obs\[30\]$_SDFF_PP0_/D
    1039+ |       1 |     562 |       75 |      2 |   322 |    +0.1% | -138.700 |   -18663.1 |  -104088.3 |   4485 | soc_obs\[30\]$_SDFF_PP0_/D
    1040+ |       1 |     562 |       75 |      2 |   322 |    +0.1% | -138.700 |   -18663.1 |  -104088.3 |   4485 | soc_obs\[30\]$_SDFF_PP0_/D
    1040+ |       1 |     562 |       75 |      2 |   322 |    +0.1% | -138.700 |   -18663.1 |  -104088.3 |   4485 | soc_obs\[30\]$_SDFF_PP0_/D
    1043+ |       1 |     564 |       75 |      2 |   322 |    +0.1% | -138.700 |   -18663.1 |  -104088.1 |   4485 | soc_obs\[30\]$_SDFF_PP0_/D
    1048+ |       1 |     566 |       75 |      2 |   324 |    +0.1% | -138.700 |   -18663.1 |  -104085.9 |   4485 | soc_obs\[30\]$_SDFF_PP0_/D
    1050+ |       1 |     567 |       75 |      2 |   324 |    +0.1% | -138.700 |   -18663.1 |  -104085.8 |   4485 | soc_obs\[30\]$_SDFF_PP0_/D
    1050+ |       1 |     567 |       75 |      2 |   324 |    +0.1% | -138.700 |   -18663.1 |  -104085.8 |   4485 | soc_obs\[30\]$_SDFF_PP0_/D
    1051+ |       1 |     567 |       75 |      2 |   324 |    +0.1% | -138.700 |   -18663.1 |  -104085.8 |   4485 | soc_obs\[30\]$_SDFF_PP0_/D
    1052+ |       1 |     567 |       75 |      2 |   324 |    +0.1% | -138.700 |   -18663.1 |  -104085.8 |   4485 | soc_obs\[30\]$_SDFF_PP0_/D
    1053+ |       1 |     567 |       75 |      2 |   324 |    +0.1% | -138.700 |   -18663.1 |  -104085.8 |   4485 | soc_obs\[30\]$_SDFF_PP0_/D
    1055+ |       1 |     568 |       75 |      2 |   324 |    +0.1% | -138.700 |   -18663.1 |  -104085.8 |   4485 | soc_obs\[30\]$_SDFF_PP0_/D
    1056+ |       1 |     568 |       75 |      2 |   324 |    +0.1% | -138.700 |   -18663.1 |  -104085.8 |   4485 | soc_obs\[30\]$_SDFF_PP0_/D
    1059+ |       1 |     570 |       75 |      2 |   324 |    +0.1% | -138.700 |   -18663.1 |  -104084.9 |   4485 | soc_obs\[30\]$_SDFF_PP0_/D
    1060+ |       1 |     570 |       75 |      2 |   324 |    +0.1% | -138.700 |   -18663.1 |  -104084.9 |   4485 | soc_obs\[30\]$_SDFF_PP0_/D
    1065+ |       1 |     572 |       75 |      2 |   327 |    +0.1% | -138.700 |   -18663.1 |  -104081.5 |   4485 | soc_obs\[30\]$_SDFF_PP0_/D
    1066+ |       1 |     572 |       75 |      2 |   327 |    +0.1% | -138.700 |   -18663.1 |  -104081.5 |   4485 | soc_obs\[30\]$_SDFF_PP0_/D
    1068+ |       1 |     573 |       75 |      2 |   327 |    +0.1% | -138.700 |   -18663.0 |  -104055.4 |   4485 | soc_obs\[30\]$_SDFF_PP0_/D
    1069+ |       1 |     573 |       75 |      2 |   327 |    +0.1% | -138.700 |   -18663.0 |  -104055.4 |   4485 | soc_obs\[30\]$_SDFF_PP0_/D
    1070+ |       1 |     573 |       75 |      2 |   327 |    +0.1% | -138.700 |   -18663.0 |  -104055.4 |   4485 | soc_obs\[30\]$_SDFF_PP0_/D
    1070+ |       1 |     573 |       75 |      2 |   327 |    +0.1% | -138.700 |   -18663.0 |  -104055.4 |   4485 | soc_obs\[30\]$_SDFF_PP0_/D
    1071+ |       1 |     573 |       75 |      2 |   327 |    +0.1% | -138.700 |   -18663.0 |  -104055.4 |   4485 | soc_obs\[30\]$_SDFF_PP0_/D
    1072+ |       1 |     573 |       75 |      2 |   327 |    +0.1% | -138.700 |   -18663.0 |  -104055.4 |   4485 | soc_obs\[30\]$_SDFF_PP0_/D
    1073+ |       1 |     573 |       75 |      2 |   327 |    +0.1% | -138.700 |   -18663.0 |  -104055.4 |   4485 | soc_obs\[30\]$_SDFF_PP0_/D
    1074+ |       1 |     573 |       75 |      2 |   327 |    +0.1% | -138.700 |   -18663.0 |  -104055.4 |   4485 | soc_obs\[30\]$_SDFF_PP0_/D
    1075+ |       1 |     573 |       75 |      2 |   327 |    +0.1% | -138.700 |   -18663.0 |  -104055.4 |   4485 | soc_obs\[30\]$_SDFF_PP0_/D
    1076+ |       1 |     573 |       75 |      2 |   327 |    +0.1% | -138.700 |   -18663.0 |  -104055.4 |   4485 | soc_obs\[30\]$_SDFF_PP0_/D
    1077+ |       1 |     573 |       75 |      2 |   327 |    +0.1% | -138.700 |   -18663.0 |  -104055.4 |   4485 | soc_obs\[30\]$_SDFF_PP0_/D
    1078+ |       1 |     573 |       75 |      2 |   327 |    +0.1% | -138.700 |   -18663.0 |  -104055.4 |   4485 | soc_obs\[30\]$_SDFF_PP0_/D
    1079+ |       1 |     573 |       75 |      2 |   327 |    +0.1% | -138.700 |   -18663.0 |  -104055.4 |   4485 | soc_obs\[30\]$_SDFF_PP0_/D
    1080+ |       1 |     573 |       75 |      2 |   327 |    +0.1% | -138.700 |   -18663.0 |  -104055.4 |   4485 | soc_obs\[30\]$_SDFF_PP0_/D
    1080+ |       1 |     573 |       75 |      2 |   327 |    +0.1% | -138.700 |   -18663.0 |  -104055.4 |   4485 | soc_obs\[30\]$_SDFF_PP0_/D
    1081+ |       1 |     573 |       75 |      2 |   327 |    +0.1% | -138.700 |   -18663.0 |  -104055.4 |   4485 | soc_obs\[30\]$_SDFF_PP0_/D
    1082+ |       1 |     573 |       75 |      2 |   327 |    +0.1% | -138.700 |   -18663.0 |  -104055.4 |   4485 | soc_obs\[30\]$_SDFF_PP0_/D
    1083+ |       1 |     573 |       75 |      2 |   327 |    +0.1% | -138.700 |   -18663.0 |  -104055.4 |   4485 | soc_obs\[30\]$_SDFF_PP0_/D
    1084+ |       1 |     573 |       75 |      2 |   327 |    +0.1% | -138.700 |   -18663.0 |  -104055.4 |   4485 | soc_obs\[30\]$_SDFF_PP0_/D
    1085+ |       1 |     573 |       75 |      2 |   327 |    +0.1% | -138.700 |   -18663.0 |  -104055.4 |   4485 | soc_obs\[30\]$_SDFF_PP0_/D
    1086+ |       1 |     573 |       75 |      2 |   327 |    +0.1% | -138.700 |   -18663.0 |  -104055.4 |   4485 | soc_obs\[30\]$_SDFF_PP0_/D
    1087+ |       1 |     573 |       75 |      2 |   327 |    +0.1% | -138.700 |   -18663.0 |  -104055.4 |   4485 | soc_obs\[30\]$_SDFF_PP0_/D
    1088+ |       1 |     573 |       75 |      2 |   327 |    +0.1% | -138.700 |   -18663.0 |  -104055.4 |   4485 | soc_obs\[30\]$_SDFF_PP0_/D
    1089+ |       1 |     573 |       75 |      2 |   327 |    +0.1% | -138.700 |   -18663.0 |  -104055.4 |   4485 | soc_obs\[30\]$_SDFF_PP0_/D
    1090+ |       1 |     573 |       75 |      2 |   327 |    +0.1% | -138.700 |   -18663.0 |  -104055.4 |   4485 | soc_obs\[30\]$_SDFF_PP0_/D
    1090+ |       1 |     573 |       75 |      2 |   327 |    +0.1% | -138.700 |   -18663.0 |  -104055.4 |   4485 | soc_obs\[30\]$_SDFF_PP0_/D
    1091+ |       1 |     573 |       75 |      2 |   327 |    +0.1% | -138.700 |   -18663.0 |  -104055.4 |   4485 | soc_obs\[30\]$_SDFF_PP0_/D
    1095+ |       1 |     575 |       75 |      2 |   328 |    +0.1% | -138.700 |   -18663.0 |  -104055.3 |   4485 | soc_obs\[30\]$_SDFF_PP0_/D
    1096+ |       1 |     575 |       75 |      2 |   328 |    +0.1% | -138.700 |   -18663.0 |  -104055.3 |   4485 | soc_obs\[30\]$_SDFF_PP0_/D
    1097+ |       1 |     575 |       75 |      2 |   328 |    +0.1% | -138.700 |   -18663.0 |  -104055.3 |   4485 | soc_obs\[30\]$_SDFF_PP0_/D
    1098+ |       1 |     575 |       75 |      2 |   328 |    +0.1% | -138.700 |   -18663.0 |  -104055.3 |   4485 | soc_obs\[30\]$_SDFF_PP0_/D
    1099+ |       1 |     575 |       75 |      2 |   328 |    +0.1% | -138.700 |   -18663.0 |  -104055.3 |   4485 | soc_obs\[30\]$_SDFF_PP0_/D
    1100+ |       1 |     575 |       75 |      2 |   328 |    +0.1% | -138.700 |   -18663.0 |  -104055.3 |   4485 | soc_obs\[30\]$_SDFF_PP0_/D
    1101+ |       1 |     575 |       75 |      2 |   328 |    +0.1% | -138.700 |   -18663.0 |  -104055.3 |   4485 | soc_obs\[30\]$_SDFF_PP0_/D
    1102+ |       1 |     575 |       75 |      2 |   328 |    +0.1% | -138.700 |   -18663.0 |  -104055.3 |   4485 | soc_obs\[30\]$_SDFF_PP0_/D
    1103+ |       1 |     575 |       75 |      2 |   328 |    +0.1% | -138.700 |   -18663.0 |  -104055.3 |   4485 | soc_obs\[30\]$_SDFF_PP0_/D
    1104+ |       1 |     575 |       75 |      2 |   328 |    +0.1% | -138.700 |   -18663.0 |  -104055.3 |   4485 | soc_obs\[30\]$_SDFF_PP0_/D
    1105+ |       1 |     575 |       75 |      2 |   328 |    +0.1% | -138.700 |   -18663.0 |  -104055.3 |   4485 | soc_obs\[30\]$_SDFF_PP0_/D
    1106+ |       1 |     575 |       75 |      2 |   328 |    +0.1% | -138.700 |   -18663.0 |  -104055.3 |   4485 | soc_obs\[30\]$_SDFF_PP0_/D
    1107+ |       1 |     575 |       75 |      2 |   328 |    +0.1% | -138.700 |   -18663.0 |  -104055.3 |   4485 | soc_obs\[30\]$_SDFF_PP0_/D
    1108+ |       1 |     575 |       75 |      2 |   328 |    +0.1% | -138.700 |   -18663.0 |  -104055.3 |   4485 | soc_obs\[30\]$_SDFF_PP0_/D
    1109+ |       1 |     575 |       75 |      2 |   328 |    +0.1% | -138.700 |   -18663.0 |  -104055.3 |   4485 | soc_obs\[30\]$_SDFF_PP0_/D
    1110+ |       1 |     575 |       75 |      2 |   328 |    +0.1% | -138.700 |   -18663.0 |  -104055.3 |   4485 | soc_obs\[30\]$_SDFF_PP0_/D
    1110+ |       1 |     575 |       75 |      2 |   328 |    +0.1% | -138.700 |   -18663.0 |  -104055.3 |   4485 | soc_obs\[30\]$_SDFF_PP0_/D
    1111+ |       1 |     575 |       75 |      2 |   328 |    +0.1% | -138.700 |   -18663.0 |  -104055.3 |   4485 | soc_obs\[30\]$_SDFF_PP0_/D
    1112+ |       1 |     575 |       75 |      2 |   328 |    +0.1% | -138.700 |   -18663.0 |  -104055.3 |   4485 | soc_obs\[30\]$_SDFF_PP0_/D
    1113+ |       1 |     575 |       75 |      2 |   328 |    +0.1% | -138.700 |   -18663.0 |  -104055.3 |   4485 | soc_obs\[30\]$_SDFF_PP0_/D
    1114+ |       1 |     575 |       75 |      2 |   328 |    +0.1% | -138.700 |   -18663.0 |  -104055.3 |   4485 | soc_obs\[30\]$_SDFF_PP0_/D
    1115+ |       1 |     575 |       75 |      2 |   328 |    +0.1% | -138.700 |   -18663.0 |  -104055.3 |   4485 | soc_obs\[30\]$_SDFF_PP0_/D
    1116+ |       1 |     575 |       75 |      2 |   328 |    +0.1% | -138.700 |   -18663.0 |  -104055.3 |   4485 | soc_obs\[30\]$_SDFF_PP0_/D
    1117+ |       1 |     575 |       75 |      2 |   328 |    +0.1% | -138.700 |   -18663.0 |  -104055.3 |   4485 | soc_obs\[30\]$_SDFF_PP0_/D
    1118+ |       1 |     575 |       75 |      2 |   328 |    +0.1% | -138.700 |   -18663.0 |  -104055.3 |   4485 | soc_obs\[30\]$_SDFF_PP0_/D
    1119+ |       1 |     575 |       75 |      2 |   328 |    +0.1% | -138.700 |   -18663.0 |  -104055.3 |   4485 | soc_obs\[30\]$_SDFF_PP0_/D
    1120+ |       1 |     575 |       75 |      2 |   328 |    +0.1% | -138.700 |   -18663.0 |  -104055.3 |   4485 | soc_obs\[30\]$_SDFF_PP0_/D
    1120+ |       1 |     575 |       75 |      2 |   328 |    +0.1% | -138.700 |   -18663.0 |  -104055.3 |   4485 | soc_obs\[30\]$_SDFF_PP0_/D
    1121+ |       1 |     575 |       75 |      2 |   328 |    +0.1% | -138.700 |   -18663.0 |  -104055.3 |   4485 | soc_obs\[30\]$_SDFF_PP0_/D
    1122+ |       1 |     575 |       75 |      2 |   328 |    +0.1% | -138.700 |   -18663.0 |  -104055.3 |   4485 | soc_obs\[30\]$_SDFF_PP0_/D
    1123+ |       1 |     575 |       75 |      2 |   328 |    +0.1% | -138.700 |   -18663.0 |  -104055.3 |   4485 | soc_obs\[30\]$_SDFF_PP0_/D
    1124+ |       1 |     575 |       75 |      2 |   328 |    +0.1% | -138.700 |   -18663.0 |  -104055.3 |   4485 | soc_obs\[30\]$_SDFF_PP0_/D
    1125+ |       1 |     575 |       75 |      2 |   328 |    +0.1% | -138.700 |   -18663.0 |  -104055.3 |   4485 | soc_obs\[30\]$_SDFF_PP0_/D
    1126+ |       1 |     575 |       75 |      2 |   328 |    +0.1% | -138.700 |   -18663.0 |  -104055.3 |   4485 | soc_obs\[30\]$_SDFF_PP0_/D
    1127+ |       1 |     575 |       75 |      2 |   328 |    +0.1% | -138.700 |   -18663.0 |  -104055.3 |   4485 | soc_obs\[30\]$_SDFF_PP0_/D
    1128+ |       1 |     575 |       75 |      2 |   328 |    +0.1% | -138.700 |   -18663.0 |  -104055.3 |   4485 | soc_obs\[30\]$_SDFF_PP0_/D
    1129+ |       1 |     575 |       75 |      2 |   328 |    +0.1% | -138.700 |   -18663.0 |  -104055.3 |   4485 | soc_obs\[30\]$_SDFF_PP0_/D
    1130+ |       1 |     575 |       75 |      2 |   328 |    +0.1% | -138.700 |   -18663.0 |  -104055.3 |   4485 | soc_obs\[30\]$_SDFF_PP0_/D
    1130+ |       1 |     575 |       75 |      2 |   328 |    +0.1% | -138.700 |   -18663.0 |  -104055.3 |   4485 | soc_obs\[30\]$_SDFF_PP0_/D
    1131+ |       1 |     575 |       75 |      2 |   328 |    +0.1% | -138.700 |   -18663.0 |  -104055.3 |   4485 | soc_obs\[30\]$_SDFF_PP0_/D
    1132+ |       1 |     575 |       75 |      2 |   328 |    +0.1% | -138.700 |   -18663.0 |  -104055.3 |   4485 | soc_obs\[30\]$_SDFF_PP0_/D
    1133+ |       1 |     575 |       75 |      2 |   328 |    +0.1% | -138.700 |   -18663.0 |  -104055.3 |   4485 | soc_obs\[30\]$_SDFF_PP0_/D
    1134+ |       1 |     575 |       75 |      2 |   328 |    +0.1% | -138.700 |   -18663.0 |  -104055.3 |   4485 | soc_obs\[30\]$_SDFF_PP0_/D
    1135+ |       1 |     575 |       75 |      2 |   328 |    +0.1% | -138.700 |   -18663.0 |  -104055.3 |   4485 | soc_obs\[30\]$_SDFF_PP0_/D
    1136+ |       1 |     575 |       75 |      2 |   328 |    +0.1% | -138.700 |   -18663.0 |  -104055.3 |   4485 | soc_obs\[30\]$_SDFF_PP0_/D
    1137+ |       1 |     575 |       75 |      2 |   328 |    +0.1% | -138.700 |   -18663.0 |  -104055.3 |   4485 | soc_obs\[30\]$_SDFF_PP0_/D
    1138+ |       1 |     575 |       75 |      2 |   328 |    +0.1% | -138.700 |   -18663.0 |  -104055.3 |   4485 | soc_obs\[30\]$_SDFF_PP0_/D
    1140+ |       1 |     576 |       75 |      2 |   328 |    +0.1% | -138.700 |   -18663.0 |  -104054.6 |   4485 | soc_obs\[30\]$_SDFF_PP0_/D
    1144+ |       1 |     580 |       75 |      2 |   328 |    +0.1% | -138.700 |   -18663.0 |  -104052.2 |   4485 | soc_obs\[30\]$_SDFF_PP0_/D
    1145+ |       1 |     580 |       75 |      2 |   328 |    +0.1% | -138.700 |   -18663.0 |  -104052.2 |   4485 | soc_obs\[30\]$_SDFF_PP0_/D
    1146+ |       1 |     580 |       75 |      2 |   328 |    +0.1% | -138.700 |   -18663.0 |  -104052.2 |   4485 | soc_obs\[30\]$_SDFF_PP0_/D
    1147+ |       1 |     580 |       75 |      2 |   328 |    +0.1% | -138.700 |   -18663.0 |  -104052.2 |   4485 | soc_obs\[30\]$_SDFF_PP0_/D
    1148+ |       1 |     580 |       75 |      2 |   328 |    +0.1% | -138.700 |   -18663.0 |  -104052.2 |   4485 | soc_obs\[30\]$_SDFF_PP0_/D
    1149+ |       1 |     580 |       75 |      2 |   328 |    +0.1% | -138.700 |   -18663.0 |  -104052.2 |   4485 | soc_obs\[30\]$_SDFF_PP0_/D
    1150+ |       1 |     580 |       75 |      2 |   328 |    +0.1% | -138.700 |   -18663.0 |  -104052.2 |   4485 | soc_obs\[30\]$_SDFF_PP0_/D
    1151+ |       1 |     580 |       75 |      2 |   329 |    +0.1% | -138.700 |   -18663.0 |  -104052.2 |   4485 | soc_obs\[30\]$_SDFF_PP0_/D
    1152+ |       1 |     580 |       75 |      2 |   329 |    +0.1% | -138.700 |   -18663.0 |  -104052.2 |   4485 | soc_obs\[30\]$_SDFF_PP0_/D
    1153+ |       1 |     580 |       75 |      2 |   329 |    +0.1% | -138.700 |   -18663.0 |  -104052.2 |   4485 | soc_obs\[30\]$_SDFF_PP0_/D
    1154+ |       1 |     580 |       75 |      2 |   329 |    +0.1% | -138.700 |   -18663.0 |  -104052.2 |   4485 | soc_obs\[30\]$_SDFF_PP0_/D
    1155+ |       1 |     580 |       75 |      2 |   329 |    +0.1% | -138.700 |   -18663.0 |  -104052.2 |   4485 | soc_obs\[30\]$_SDFF_PP0_/D
    1156+ |       1 |     580 |       75 |      2 |   329 |    +0.1% | -138.700 |   -18663.0 |  -104052.2 |   4485 | soc_obs\[30\]$_SDFF_PP0_/D
    1157+ |       1 |     580 |       75 |      2 |   329 |    +0.1% | -138.700 |   -18663.0 |  -104052.2 |   4485 | soc_obs\[30\]$_SDFF_PP0_/D
    1158+ |       1 |     580 |       75 |      2 |   329 |    +0.1% | -138.700 |   -18663.0 |  -104052.2 |   4485 | soc_obs\[30\]$_SDFF_PP0_/D
    1159+ |       1 |     580 |       75 |      2 |   329 |    +0.1% | -138.700 |   -18663.0 |  -104052.2 |   4485 | soc_obs\[30\]$_SDFF_PP0_/D
    1160+ |       1 |     580 |       75 |      2 |   329 |    +0.1% | -138.700 |   -18663.0 |  -104052.2 |   4485 | soc_obs\[30\]$_SDFF_PP0_/D
    1160+ |       1 |     580 |       75 |      2 |   329 |    +0.1% | -138.700 |   -18663.0 |  -104052.2 |   4485 | soc_obs\[30\]$_SDFF_PP0_/D
    1161+ |       1 |     580 |       75 |      2 |   329 |    +0.1% | -138.700 |   -18663.0 |  -104052.2 |   4485 | soc_obs\[30\]$_SDFF_PP0_/D
    1162+ |       1 |     580 |       75 |      2 |   329 |    +0.1% | -138.700 |   -18663.0 |  -104052.2 |   4485 | soc_obs\[30\]$_SDFF_PP0_/D
    1163+ |       1 |     580 |       75 |      2 |   329 |    +0.1% | -138.700 |   -18663.0 |  -104052.2 |   4485 | soc_obs\[30\]$_SDFF_PP0_/D
    1164+ |       1 |     580 |       75 |      2 |   329 |    +0.1% | -138.700 |   -18663.0 |  -104052.2 |   4485 | soc_obs\[30\]$_SDFF_PP0_/D
    1165+ |       1 |     580 |       75 |      2 |   329 |    +0.1% | -138.700 |   -18663.0 |  -104052.2 |   4485 | soc_obs\[30\]$_SDFF_PP0_/D
    1166+ |       1 |     580 |       75 |      2 |   329 |    +0.1% | -138.700 |   -18663.0 |  -104052.2 |   4485 | soc_obs\[30\]$_SDFF_PP0_/D
    1167+ |       1 |     580 |       75 |      2 |   329 |    +0.1% | -138.700 |   -18663.0 |  -104052.2 |   4485 | soc_obs\[30\]$_SDFF_PP0_/D
    1168+ |       1 |     580 |       75 |      2 |   329 |    +0.1% | -138.700 |   -18663.0 |  -104052.2 |   4485 | soc_obs\[30\]$_SDFF_PP0_/D
    1169+ |       1 |     580 |       75 |      2 |   329 |    +0.1% | -138.700 |   -18663.0 |  -104052.2 |   4485 | soc_obs\[30\]$_SDFF_PP0_/D
    1170+ |       1 |     580 |       75 |      2 |   329 |    +0.1% | -138.700 |   -18663.0 |  -104052.2 |   4485 | soc_obs\[30\]$_SDFF_PP0_/D
    1170+ |       1 |     580 |       75 |      2 |   329 |    +0.1% | -138.700 |   -18663.0 |  -104052.2 |   4485 | soc_obs\[30\]$_SDFF_PP0_/D
    1171+ |       1 |     580 |       75 |      2 |   329 |    +0.1% | -138.700 |   -18663.0 |  -104052.2 |   4485 | soc_obs\[30\]$_SDFF_PP0_/D
    1172+ |       1 |     580 |       75 |      2 |   329 |    +0.1% | -138.700 |   -18663.0 |  -104052.2 |   4485 | soc_obs\[30\]$_SDFF_PP0_/D
    1173+ |       1 |     580 |       75 |      2 |   329 |    +0.1% | -138.700 |   -18663.0 |  -104052.2 |   4485 | soc_obs\[30\]$_SDFF_PP0_/D
    1174+ |       1 |     580 |       75 |      2 |   329 |    +0.1% | -138.700 |   -18663.0 |  -104052.2 |   4485 | soc_obs\[30\]$_SDFF_PP0_/D
    1175+ |       1 |     580 |       75 |      2 |   329 |    +0.1% | -138.700 |   -18663.0 |  -104052.2 |   4485 | soc_obs\[30\]$_SDFF_PP0_/D
    1176+ |       1 |     580 |       75 |      2 |   329 |    +0.1% | -138.700 |   -18663.0 |  -104052.2 |   4485 | soc_obs\[30\]$_SDFF_PP0_/D
    1177+ |       1 |     580 |       75 |      2 |   329 |    +0.1% | -138.700 |   -18663.0 |  -104052.2 |   4485 | soc_obs\[30\]$_SDFF_PP0_/D
    1178+ |       1 |     580 |       75 |      2 |   329 |    +0.1% | -138.700 |   -18663.0 |  -104052.2 |   4485 | soc_obs\[30\]$_SDFF_PP0_/D
    1179+ |       1 |     580 |       75 |      2 |   329 |    +0.1% | -138.700 |   -18663.0 |  -104052.2 |   4485 | soc_obs\[30\]$_SDFF_PP0_/D
    1180+ |       1 |     580 |       75 |      2 |   329 |    +0.1% | -138.700 |   -18663.0 |  -104052.2 |   4485 | soc_obs\[30\]$_SDFF_PP0_/D
    1180+ |       1 |     580 |       75 |      2 |   329 |    +0.1% | -138.700 |   -18663.0 |  -104052.2 |   4485 | soc_obs\[30\]$_SDFF_PP0_/D
    1181+ |       1 |     580 |       75 |      2 |   329 |    +0.1% | -138.700 |   -18663.0 |  -104052.2 |   4485 | soc_obs\[30\]$_SDFF_PP0_/D
    1182+ |       1 |     580 |       75 |      2 |   329 |    +0.1% | -138.700 |   -18663.0 |  -104052.2 |   4485 | soc_obs\[30\]$_SDFF_PP0_/D
    1183+ |       1 |     580 |       75 |      2 |   329 |    +0.1% | -138.700 |   -18663.0 |  -104052.2 |   4485 | soc_obs\[30\]$_SDFF_PP0_/D
    1184+ |       1 |     580 |       75 |      2 |   329 |    +0.1% | -138.700 |   -18663.0 |  -104052.2 |   4485 | soc_obs\[30\]$_SDFF_PP0_/D
    1185+ |       1 |     580 |       75 |      2 |   329 |    +0.1% | -138.700 |   -18663.0 |  -104052.2 |   4485 | soc_obs\[30\]$_SDFF_PP0_/D
    1186+ |       1 |     580 |       75 |      2 |   329 |    +0.1% | -138.700 |   -18663.0 |  -104052.2 |   4485 | soc_obs\[30\]$_SDFF_PP0_/D
    1187+ |       1 |     580 |       75 |      2 |   329 |    +0.1% | -138.700 |   -18663.0 |  -104052.2 |   4485 | soc_obs\[30\]$_SDFF_PP0_/D
    1188+ |       1 |     580 |       75 |      2 |   329 |    +0.1% | -138.700 |   -18663.0 |  -104052.2 |   4485 | soc_obs\[30\]$_SDFF_PP0_/D
    1189+ |       1 |     580 |       75 |      2 |   329 |    +0.1% | -138.700 |   -18663.0 |  -104052.2 |   4485 | soc_obs\[30\]$_SDFF_PP0_/D
    1190+ |       1 |     580 |       75 |      2 |   329 |    +0.1% | -138.700 |   -18663.0 |  -104052.2 |   4485 | soc_obs\[30\]$_SDFF_PP0_/D
    1190+ |       1 |     580 |       75 |      2 |   329 |    +0.1% | -138.700 |   -18663.0 |  -104052.2 |   4485 | soc_obs\[30\]$_SDFF_PP0_/D
    1191+ |       1 |     580 |       75 |      2 |   329 |    +0.1% | -138.700 |   -18663.0 |  -104052.2 |   4485 | soc_obs\[30\]$_SDFF_PP0_/D
    1192+ |       1 |     580 |       75 |      2 |   329 |    +0.1% | -138.700 |   -18663.0 |  -104052.2 |   4485 | soc_obs\[30\]$_SDFF_PP0_/D
    1198+ |       1 |     585 |       75 |      2 |   329 |    +0.1% | -138.700 |   -18663.0 |  -104041.1 |   4485 | soc_obs\[30\]$_SDFF_PP0_/D
    1200+ |       1 |     586 |       75 |      2 |   329 |    +0.1% | -138.700 |   -18663.0 |  -104013.2 |   4485 | soc_obs\[30\]$_SDFF_PP0_/D
    final |       1 |     586 |       75 |      2 |   329 |    +0.1% | -138.700 |   -18663.0 |  -104013.2 |   4485 | soc_obs\[30\]$_SDFF_PP0_/D
------------------------------------------------------------------------------------------------------------------------------
[INFO RSZ-0059] Removed 1 buffers.
[INFO RSZ-0040] Inserted 75 buffers.
[INFO RSZ-0051] Resized 586 instances: 586 up, 0 up match, 0 down, 0 VT
[INFO RSZ-0043] Swapped pins on 329 instances.
[INFO RSZ-0049] Cloned 2 instances.
[WARNING RSZ-0062] Unable to repair all setup violations.
[INFO RSZ-0505] Runtime: 251.72s
[INFO RSZ-0046] Found 4 endpoints with hold violations.
Iteration | Resized | Buffers | Cloned Gates |   Area   |   WNS   |   TNS   | Endpoint
--------------------------------------------------------------------------------------
        0 |       0 |       0 |            0 |    +0.0% |  -0.045 |  -0.136 | dma_config_0/dma_0/burst_length_dma[27]$_SDFFE_PP0P_/D
    final |       0 |       1 |            0 |    +0.0% |   0.007 |   0.000 | dma_config_0/dma_0/buffer_dma[29]$_SDFFE_PP0P_/D
--------------------------------------------------------------------------------------
[INFO RSZ-0032] Inserted 1 hold buffers.
[INFO RSZ-0506] Runtime: 1.75s
Took 254 seconds: repair_timing -setup_margin 0 -hold_margin 0 -repair_tns 0 -verbose
global_route -start_incremental
detailed_placement
[INFO DPL-0006] Core area: 3527558.21 um^2
[INFO DPL-0007] Movable instances area: 1841625.01 um^2
[INFO DPL-0008] Fixed instances area within core: 58876.47 um^2
[INFO DPL-0009] Utilization: 53.9%
[INFO DPL-0005] Diamond search max displacement: +/- 500 sites horizontally, +/- 100 rows vertically.
[INFO DPL-1102] Legalizing using negotiation legalizer.
[INFO DPL-1103] Negotiation base search window: +/-20 sites horizontally, +/-5 rows vertically 
	Automatic search window extension enabled.
	Search window extendable up to the max displacement cap of +/-500 sites, +/-100 rows near walls.
[INFO DPL-1104] NegotiationLegalizer DRC penalty: 5.
[INFO DPL-0392] Negotiation cell height distribution (1 unique row-count(s)):
[INFO DPL-0393]   height 1 row(s): 189220 cells
          |      Total |  Illegal |  Illegal
Iteration | Violations |    Cells |    Sites
---------------------------------------------
        0 |         14 |         4 |        10
        1 |          0 |         0 |         0
Negotiation phase 1 converged at iteration 1.
[INFO DPL-0500] Runtime: 0.90s
Placement Analysis
---------------------------------
total displacement       1319.7 u
average displacement        0.0 u
max displacement           18.2 u
original HPWL         5684587.4 u
legalized HPWL        5686553.8 u
delta HPWL                    0 %

check_placement -verbose
global_route -end_incremental -congestion_report_file /Users/shubhanshu/Desktop/Nebula/digital/artifacts/model_ppa_v2_20260913_2305/pnr_openrouter_nemotron-ultra/reports/sky130hd/nebula_bench_v2/openrouter_nemotron-ultra/congestion_post_repair_timing.rpt
estimate_parasitics -global_routing
global_route -start_incremental
global_route -end_incremental -congestion_report_file /Users/shubhanshu/Desktop/Nebula/digital/artifacts/model_ppa_v2_20260913_2305/pnr_openrouter_nemotron-ultra/reports/sky130hd/nebula_bench_v2/openrouter_nemotron-ultra/congestion_post_recover_power.rpt
Repair antennas...
[INFO GRT-0012] Found 752 antenna violations.
[INFO GRT-0302] Inserted 925 jumpers for 621 nets.
[INFO GRT-0012] Found 231 antenna violations.
[WARNING GRT-0243] Unable to repair antennas on net with diodes.
[INFO DPL-0006] Core area: 3527558.21 um^2
[INFO DPL-0007] Movable instances area: 1838206.74 um^2
[INFO DPL-0008] Fixed instances area within core: 64414.28 um^2
[INFO DPL-0009] Utilization: 53.9%
[INFO DPL-0005] Diamond search max displacement: +/- 500 sites horizontally, +/- 100 rows vertically.
[INFO DPL-1102] Legalizing using negotiation legalizer.
[INFO DPL-1103] Negotiation base search window: +/-20 sites horizontally, +/-5 rows vertically 
	Automatic search window extension enabled.
	Search window extendable up to the max displacement cap of +/-500 sites, +/-100 rows near walls.
[INFO DPL-1104] NegotiationLegalizer DRC penalty: 5.
[INFO DPL-0392] Negotiation cell height distribution (1 unique row-count(s)):
[INFO DPL-0393]   height 1 row(s): 190067 cells
          |      Total |  Illegal |  Illegal
Iteration | Violations |    Cells |    Sites
---------------------------------------------
        0 |       1201 |       104 |      1029
        1 |        873 |        65 |       737
        2 |        608 |        56 |       550
        3 |        366 |        37 |       327
        4 |        288 |        30 |       256
        5 |        138 |        17 |       119
        6 |         85 |        13 |        70
        7 |        121 |        12 |       107
        8 |         83 |         8 |        73
        9 |         27 |         6 |        19
       10 |          5 |         1 |         2
       13 |          5 |         1 |         2
[WARNING DPL-0700] Negotiation phase 1: violations stuck at 5 for 3 consecutive iterations.
Using old diamond search for 1 remaining illegal cells.
diamond recovery: recovered 1/1 stuck cells.
Negotiation phase 2: isolation point active, 1000 iterations.
      400 |          0 |         0 |         0
Negotiation phase 2 converged at iteration 0.
[INFO DPL-0500] Runtime: 1.92s
[INFO GRT-0015] Inserted 847 diodes.
[WARNING GRT-0297] Disabling NDR for 3 congested nets
[WARNING GRT-0273] Disabled NDR (to reduce congestion) for net: clk_s1_gate
[WARNING GRT-0273] Disabled NDR (to reduce congestion) for net: clk_s2_gate
[WARNING GRT-0273] Disabled NDR (to reduce congestion) for net: clk_s4_gate
[INFO GRT-0012] Found 77 antenna violations.
[INFO GRT-0302] Inserted 85 jumpers for 47 nets.
[INFO GRT-0012] Found 38 antenna violations.
[INFO DPL-0006] Core area: 3527558.21 um^2
[INFO DPL-0007] Movable instances area: 1843337.91 um^2
[INFO DPL-0008] Fixed instances area within core: 59693.50 um^2
[INFO DPL-0009] Utilization: 53.9%
[INFO DPL-0005] Diamond search max displacement: +/- 500 sites horizontally, +/- 100 rows vertically.
[INFO DPL-1102] Legalizing using negotiation legalizer.
[INFO DPL-1103] Negotiation base search window: +/-20 sites horizontally, +/-5 rows vertically 
	Automatic search window extension enabled.
	Search window extendable up to the max displacement cap of +/-500 sites, +/-100 rows near walls.
[INFO DPL-1104] NegotiationLegalizer DRC penalty: 5.
[INFO DPL-0392] Negotiation cell height distribution (1 unique row-count(s)):
[INFO DPL-0393]   height 1 row(s): 190231 cells
          |      Total |  Illegal |  Illegal
Iteration | Violations |    Cells |    Sites
---------------------------------------------
        0 |          0 |         0 |         0
Negotiation phase 1 converged at iteration 0.
[INFO DPL-0500] Runtime: 0.82s
[INFO GRT-0015] Inserted 164 diodes.
[INFO GRT-0012] Found 11 antenna violations.
[INFO GRT-0302] Inserted 4 jumpers for 3 nets.
[INFO GRT-0012] Found 8 antenna violations.
[INFO DPL-0006] Core area: 3527558.21 um^2
[INFO DPL-0007] Movable instances area: 1844084.87 um^2
[INFO DPL-0008] Fixed instances area within core: 59081.66 um^2
[INFO DPL-0009] Utilization: 54.0%
[INFO DPL-0005] Diamond search max displacement: +/- 500 sites horizontally, +/- 100 rows vertically.
[INFO DPL-1102] Legalizing using negotiation legalizer.
[INFO DPL-1103] Negotiation base search window: +/-20 sites horizontally, +/-5 rows vertically 
	Automatic search window extension enabled.
	Search window extendable up to the max displacement cap of +/-500 sites, +/-100 rows near walls.
[INFO DPL-1104] NegotiationLegalizer DRC penalty: 5.
[INFO DPL-0392] Negotiation cell height distribution (1 unique row-count(s)):
[INFO DPL-0393]   height 1 row(s): 190285 cells
          |      Total |  Illegal |  Illegal
Iteration | Violations |    Cells |    Sites
---------------------------------------------
        0 |         12 |         4 |         8
        1 |          0 |         0 |         0
Negotiation phase 1 converged at iteration 1.
[INFO DPL-0500] Runtime: 0.96s
[INFO GRT-0015] Inserted 54 diodes.
[INFO GRT-0012] Found 2 antenna violations.
[INFO GRT-0302] Inserted 1 jumpers for 1 nets.
[INFO GRT-0012] Found 1 antenna violations.
[INFO DPL-0006] Core area: 3527558.21 um^2
[INFO DPL-0007] Movable instances area: 1844283.81 um^2
[INFO DPL-0008] Fixed instances area within core: 58907.75 um^2
[INFO DPL-0009] Utilization: 54.0%
[INFO DPL-0005] Diamond search max displacement: +/- 500 sites horizontally, +/- 100 rows vertically.
[INFO DPL-1102] Legalizing using negotiation legalizer.
[INFO DPL-1103] Negotiation base search window: +/-20 sites horizontally, +/-5 rows vertically 
	Automatic search window extension enabled.
	Search window extendable up to the max displacement cap of +/-500 sites, +/-100 rows near walls.
[INFO DPL-1104] NegotiationLegalizer DRC penalty: 5.
[INFO DPL-0392] Negotiation cell height distribution (1 unique row-count(s)):
[INFO DPL-0393]   height 1 row(s): 190295 cells
          |      Total |  Illegal |  Illegal
Iteration | Violations |    Cells |    Sites
---------------------------------------------
        0 |         18 |         6 |        12
        1 |          0 |         0 |         0
Negotiation phase 1 converged at iteration 1.
[INFO DPL-0500] Runtime: 0.97s
[INFO GRT-0015] Inserted 10 diodes.
[INFO GRT-0012] Found 1 antenna violations.
[INFO GRT-0302] Inserted 1 jumpers for 1 nets.
[INFO GRT-0012] Found 0 antenna violations.
[INFO ANT-0002] Found 0 net violations.
[INFO ANT-0001] Found 0 pin violations.
Estimate parasitics...
estimate_parasitics -global_routing
Report metrics stage 5, global route...

==========================================================================
global route report_design_area
--------------------------------------------------------------------------
Design area 1903192 um^2 54% utilization.
[INFO FLW-0007] clock clk1 period 10.000000
[WARNING FLW-0010] more than one clock found. Skipping sdc update.
[INFO FLW-0011] Path endpoint path count 62251
write_db /Users/shubhanshu/Desktop/Nebula/digital/artifacts/model_ppa_v2_20260913_2305/pnr_openrouter_nemotron-ultra/results/sky130hd/nebula_bench_v2/openrouter_nemotron-ultra/5_1_grt.odb
write_sdc -no_timestamp /Users/shubhanshu/Desktop/Nebula/digital/artifacts/model_ppa_v2_20260913_2305/pnr_openrouter_nemotron-ultra/results/sky130hd/nebula_bench_v2/openrouter_nemotron-ultra/5_1_grt.sdc
Elapsed time: 14:03.87[h:]min:sec. CPU time: user 5414.55 sys 561.79 (708%). Peak memory: 3226896KB.
Log                       Ext     Elapsed/s Peak Memory/MB sha1sum result [0:20)
5_1_grt                   .odb          843           3151 d466658784cbdb89356e
5_1_grt                   .sdc                             376092be514172b839b9
/Users/shubhanshu/Desktop/Nebula/digital/orfs/flow/scripts/flow.sh 5_2_route detail_route
Running detail_route.tcl, stage 5_2_route
read_liberty /Users/shubhanshu/Desktop/Nebula/digital/orfs/flow/platforms/sky130hd/lib/sky130_fd_sc_hd__tt_025C_1v80.lib
read_db /Users/shubhanshu/Desktop/Nebula/digital/artifacts/model_ppa_v2_20260913_2305/pnr_openrouter_nemotron-ultra/results/sky130hd/nebula_bench_v2/openrouter_nemotron-ultra/5_1_grt.odb
read_sdc /Users/shubhanshu/Desktop/Nebula/digital/artifacts/model_ppa_v2_20260913_2305/pnr_openrouter_nemotron-ultra/results/sky130hd/nebula_bench_v2/openrouter_nemotron-ultra/5_1_grt.sdc
source /Users/shubhanshu/Desktop/Nebula/digital/orfs/flow/platforms/sky130hd/setRC.tcl
detailed_route -output_drc /Users/shubhanshu/Desktop/Nebula/digital/artifacts/model_ppa_v2_20260913_2305/pnr_openrouter_nemotron-ultra/reports/sky130hd/nebula_bench_v2/openrouter_nemotron-ultra/5_route_drc.rpt -output_maze /Users/shubhanshu/Desktop/Nebula/digital/artifacts/model_ppa_v2_20260913_2305/pnr_openrouter_nemotron-ultra/results/sky130hd/nebula_bench_v2/openrouter_nemotron-ultra/maze.log -droute_end_iter 64 -verbose 1 -drc_report_iter_step 5
[INFO DRT-0149] Reading tech and libs.
[WARNING DRT-0349] LEF58_ENCLOSURE with no CUTCLASS is not supported. Skipping for layer mcon
[WARNING DRT-0349] LEF58_ENCLOSURE with no CUTCLASS is not supported. Skipping for layer mcon
[WARNING DRT-0349] LEF58_ENCLOSURE with no CUTCLASS is not supported. Skipping for layer via
[WARNING DRT-0349] LEF58_ENCLOSURE with no CUTCLASS is not supported. Skipping for layer via
[WARNING DRT-0349] LEF58_ENCLOSURE with no CUTCLASS is not supported. Skipping for layer via2
[WARNING DRT-0349] LEF58_ENCLOSURE with no CUTCLASS is not supported. Skipping for layer via2
[WARNING DRT-0349] LEF58_ENCLOSURE with no CUTCLASS is not supported. Skipping for layer via3
[WARNING DRT-0349] LEF58_ENCLOSURE with no CUTCLASS is not supported. Skipping for layer via3
[WARNING DRT-0349] LEF58_ENCLOSURE with no CUTCLASS is not supported. Skipping for layer via4
[WARNING DRT-0349] LEF58_ENCLOSURE with no CUTCLASS is not supported. Skipping for layer via4

Units:                1000
Number of layers:     13
Number of macros:     441
Number of vias:       29
Number of viarulegen: 25

[INFO DRT-0150] Reading design.

Design:                   soc_top
Die area:                 ( 0 0 ) ( 1900000 1900000 )
Number of track patterns: 12
Number of DEF vias:       0
Number of components:     190295
Number of terminals:      40
Number of snets:          2
Number of nets:           142788

[INFO DRT-0167] List of default vias:
  Layer via
    default via: M1M2_PR
  Layer via2
    default via: M2M3_PR
  Layer via3
    default via: M3M4_PR
  Layer via4
    default via: M4M5_PR
[INFO DRT-0162] Library cell analysis.
[INFO DRT-0163] Instance analysis.
  Complete 100000 instances.
[INFO DRT-0164] Number of unique instances = 447.
[INFO DRT-0168] Init region query.
[INFO DRT-0018]   Complete 100000 insts.
[INFO DRT-0024]   Complete FR_MASTERSLICE.
[INFO DRT-0024]   Complete Fr_VIA.
[INFO DRT-0024]   Complete li1.
[INFO DRT-0024]   Complete mcon.
[INFO DRT-0024]   Complete met1.
[INFO DRT-0024]   Complete via.
[INFO DRT-0024]   Complete met2.
[INFO DRT-0024]   Complete via2.
[INFO DRT-0024]   Complete met3.
[INFO DRT-0024]   Complete via3.
[INFO DRT-0024]   Complete met4.
[INFO DRT-0024]   Complete via4.
[INFO DRT-0024]   Complete met5.
[INFO DRT-0033] FR_MASTERSLICE shape region query size = 0.
[INFO DRT-0033] FR_VIA shape region query size = 0.
[INFO DRT-0033] li1 shape region query size = 5363190.
[INFO DRT-0033] mcon shape region query size = 3384905.
[INFO DRT-0033] met1 shape region query size = 919674.
[INFO DRT-0033] via shape region query size = 238395.
[INFO DRT-0033] met2 shape region query size = 143074.
[INFO DRT-0033] via2 shape region query size = 190716.
[INFO DRT-0033] met3 shape region query size = 143038.
[INFO DRT-0033] via3 shape region query size = 190716.
[INFO DRT-0033] met4 shape region query size = 57339.
[INFO DRT-0033] via4 shape region query size = 9522.
[INFO DRT-0033] met5 shape region query size = 9798.
[INFO DRT-0165] Start pin access.
[INFO DRT-0076]   Complete 1000 pins.
[INFO DRT-0076]   Complete 2000 pins.
[INFO DRT-0076]   Complete 3000 pins.
[INFO DRT-0078]   Complete 3709 pins.
[INFO DRT-0079]   Complete 100 unique inst patterns.
[INFO DRT-0079]   Complete 200 unique inst patterns.
[INFO DRT-0079]   Complete 300 unique inst patterns.
[INFO DRT-0079]   Complete 400 unique inst patterns.
[INFO DRT-0081]   Complete 447 unique inst patterns.
[INFO DRT-0082]   Complete 10000 groups.
[INFO DRT-0082]   Complete 20000 groups.
[INFO DRT-0082]   Complete 30000 groups.
[INFO DRT-0082]   Complete 40000 groups.
[INFO DRT-0082]   Complete 50000 groups.
[INFO DRT-0082]   Complete 60000 groups.
[INFO DRT-0082]   Complete 70000 groups.
[INFO DRT-0082]   Complete 80000 groups.
[INFO DRT-0082]   Complete 90000 groups.
[INFO DRT-0082]   Complete 100000 groups.
[INFO DRT-0084]   Complete 102580 groups.
#scanned instances     = 190295
#unique  instances     = 447
#stdCellGenAp          = 14573
#stdCellValidPlanarAp  = 122
#stdCellValidViaAp     = 10839
#stdCellPinNoAp        = 6
#stdCellPinCnt         = 508315
#instTermValidViaApCnt = 0
#macroGenAp            = 0
#macroValidPlanarAp    = 0
#macroValidViaAp       = 0
#macroNoAp             = 0
[INFO DRT-0166] Complete pin access.
[INFO DRT-0267] cpu time = 01:04:44, elapsed time = 00:06:04, memory = 1748.73 (MB), peak = 2238.89 (MB)
[INFO DRT-0156] guideIn read 100000 guides.
[INFO DRT-0156] guideIn read 200000 guides.
[INFO DRT-0156] guideIn read 300000 guides.
[INFO DRT-0156] guideIn read 400000 guides.
[INFO DRT-0156] guideIn read 500000 guides.
[INFO DRT-0156] guideIn read 600000 guides.
[INFO DRT-0156] guideIn read 700000 guides.
[INFO DRT-0156] guideIn read 800000 guides.
[INFO DRT-0156] guideIn read 900000 guides.
[INFO DRT-0156] guideIn read 1000000 guides.

[INFO DRT-0157] Number of guides:     1329979

[INFO DRT-0169] Post process guides.
[INFO DRT-0176] GCELLGRID X 0 DO 275 STEP 6900 ;
[INFO DRT-0177] GCELLGRID Y 0 DO 275 STEP 6900 ;
[INFO DRT-0026]   Complete 100000 origin guides.
[INFO DRT-0026]   Complete 200000 origin guides.
[INFO DRT-0026]   Complete 300000 origin guides.
[INFO DRT-0026]   Complete 400000 origin guides.
[INFO DRT-0026]   Complete 500000 origin guides.
[INFO DRT-0026]   Complete 600000 origin guides.
[INFO DRT-0026]   Complete 700000 origin guides.
[INFO DRT-0026]   Complete 800000 origin guides.
[INFO DRT-0026]   Complete 900000 origin guides.
[INFO DRT-0027]   Complete 1000000 origin guides.
[INFO DRT-0028]   Complete FR_MASTERSLICE.
[INFO DRT-0028]   Complete Fr_VIA.
[INFO DRT-0028]   Complete li1.
[INFO DRT-0028]   Complete mcon.
[INFO DRT-0028]   Complete met1.
[INFO DRT-0028]   Complete via.
[INFO DRT-0028]   Complete met2.
[INFO DRT-0028]   Complete via2.
[INFO DRT-0028]   Complete met3.
[INFO DRT-0028]   Complete via3.
[INFO DRT-0028]   Complete met4.
[INFO DRT-0028]   Complete via4.
[INFO DRT-0028]   Complete met5.
  complete 100000 nets.
[INFO DRT-0178] Init guide query.
[INFO DRT-0029]   Complete 100000 nets (guide).
[INFO DRT-0035]   Complete FR_MASTERSLICE (guide).
[INFO DRT-0035]   Complete Fr_VIA (guide).
[INFO DRT-0035]   Complete li1 (guide).
[INFO DRT-0035]   Complete mcon (guide).
[INFO DRT-0035]   Complete met1 (guide).
[INFO DRT-0035]   Complete via (guide).
[INFO DRT-0035]   Complete met2 (guide).
[INFO DRT-0035]   Complete via2 (guide).
[INFO DRT-0035]   Complete met3 (guide).
[INFO DRT-0035]   Complete via3 (guide).
[INFO DRT-0035]   Complete met4 (guide).
[INFO DRT-0035]   Complete via4 (guide).
[INFO DRT-0035]   Complete met5 (guide).
[INFO DRT-0036] FR_MASTERSLICE guide region query size = 0.
[INFO DRT-0036] FR_VIA guide region query size = 0.
[INFO DRT-0036] li1 guide region query size = 427737.
[INFO DRT-0036] mcon guide region query size = 0.
[INFO DRT-0036] met1 guide region query size = 386204.
[INFO DRT-0036] via guide region query size = 0.
[INFO DRT-0036] met2 guide region query size = 224310.
[INFO DRT-0036] via2 guide region query size = 0.
[INFO DRT-0036] met3 guide region query size = 35928.
[INFO DRT-0036] via3 guide region query size = 0.
[INFO DRT-0036] met4 guide region query size = 10418.
[INFO DRT-0036] via4 guide region query size = 0.
[INFO DRT-0036] met5 guide region query size = 656.
[INFO DRT-0179] Init gr pin query.
[INFO DRT-0267] cpu time = 00:00:05, elapsed time = 00:00:01, memory = 2299.56 (MB), peak = 2299.56 (MB)
[INFO DRT-0245] skipped writing guide updates to database.
[INFO DRT-0181] Start track assignment.
[INFO DRT-0184] Done with 662465 vertical wires in 6 frboxes and 422788 horizontal wires in 6 frboxes.
[INFO DRT-0186] Done with 86323 vertical wires in 6 frboxes and 126069 horizontal wires in 6 frboxes.
[INFO DRT-0182] Complete track assignment.
[INFO DRT-0267] cpu time = 00:01:09, elapsed time = 00:00:15, memory = 3882.19 (MB), peak = 4218.95 (MB)
[INFO DRT-0187] Start routing data preparation.
[INFO DRT-0267] cpu time = 00:00:00, elapsed time = 00:00:00, memory = 4005.03 (MB), peak = 4218.95 (MB)
[INFO DRT-0194] Start detail routing.
[INFO DRT-0195] Start 0th optimization iteration.
    Completing 10% with 0 violations.
    elapsed time = 00:00:40, memory = 4954.92 (MB).
    Completing 20% with 0 violations.
    elapsed time = 00:01:17, memory = 4312.84 (MB).
    Completing 30% with 24670 violations.
    elapsed time = 00:02:04, memory = 5218.62 (MB).
    Completing 40% with 24670 violations.
    elapsed time = 00:02:45, memory = 4486.44 (MB).
    Completing 50% with 24670 violations.
    elapsed time = 00:03:27, memory = 2865.36 (MB).
    Completing 60% with 48793 violations.
    elapsed time = 00:04:16, memory = 4997.19 (MB).
    Completing 70% with 48793 violations.
    elapsed time = 00:04:56, memory = 3763.12 (MB).
    Completing 80% with 72456 violations.
    elapsed time = 00:05:49, memory = 5230.27 (MB).
    Completing 90% with 72456 violations.
    elapsed time = 00:06:29, memory = 4391.78 (MB).
    Completing 100% with 95370 violations.
    elapsed time = 00:07:20, memory = 5166.30 (MB).
[INFO DRT-0199]   Number of violations = 110385.
Viol/Layer         li1   mcon   met1    via   met2   via2   met3   via3   met4   via4   met5
Cut Spacing          0    248      0      4      0      1      0      1      0      4      0
Metal Spacing        0      0  20750      0   5241      0   1131      0    135      0     63
Min Hole             0      0     48      0      5      0      0      0      0      0      0
NS Metal             0      0      5      0      0      0      0      0      0      0      0
Recheck            147      0   8766      0   4739      0    752      0    526      0     85
Short                0     10  53514     49  12422      3   1421      4    225      5     81
[INFO DRT-0267] cpu time = 01:15:29, elapsed time = 00:07:23, memory = 5551.27 (MB), peak = 6262.78 (MB)
Total wire length = 7438048 um.
Total wire length on LAYER li1 = 0 um.
Total wire length on LAYER met1 = 2531995 um.
Total wire length on LAYER met2 = 3178025 um.
Total wire length on LAYER met3 = 1133820 um.
Total wire length on LAYER met4 = 560379 um.
Total wire length on LAYER met5 = 33828 um.
Total number of vias = 1193199.
Up-via summary (total 1193199):

--------------------------
 FR_MASTERSLICE          0
            li1     509530
           met1     604915
           met2      60827
           met3      16906
           met4       1021
--------------------------
               1193199


[INFO DRT-0195] Start 1st optimization iteration.
    Completing 10% with 110385 violations.
    elapsed time = 00:00:37, memory = 5086.69 (MB).
    Completing 20% with 110385 violations.
    elapsed time = 00:01:16, memory = 3896.77 (MB).
    Completing 30% with 98398 violations.
    elapsed time = 00:02:00, memory = 5254.97 (MB).
    Completing 40% with 98398 violations.
    elapsed time = 00:02:43, memory = 4743.25 (MB).
    Completing 50% with 98398 violations.
    elapsed time = 00:03:18, memory = 3414.75 (MB).
    Completing 60% with 86828 violations.
    elapsed time = 00:04:05, memory = 5285.91 (MB).
    Completing 70% with 86828 violations.
    elapsed time = 00:04:42, memory = 4556.94 (MB).
    Completing 80% with 75213 violations.
    elapsed time = 00:05:29, memory = 5507.89 (MB).
    Completing 90% with 75213 violations.
    elapsed time = 00:06:08, memory = 4682.81 (MB).
    Completing 100% with 63606 violations.
    elapsed time = 00:06:57, memory = 6111.25 (MB).
[INFO DRT-0199]   Number of violations = 63606.
Viol/Layer        mcon   met1    via   met2   met3   met4   met5
Cut Spacing        181      0      2      0      0      0      0
Metal Spacing        0  15201      0   2455    558     30      3
Min Hole             0      7      0      3      0      0      0
NS Metal             0      3      0      0      0      0      0
Short                0  40086      5   4668    348     46     10
[INFO DRT-0267] cpu time = 01:12:18, elapsed time = 00:06:59, memory = 6166.52 (MB), peak = 6380.89 (MB)
Total wire length = 7386388 um.
Total wire length on LAYER li1 = 0 um.
Total wire length on LAYER met1 = 2510899 um.
Total wire length on LAYER met2 = 3155803 um.
Total wire length on LAYER met3 = 1129834 um.
Total wire length on LAYER met4 = 556681 um.
Total wire length on LAYER met5 = 33169 um.
Total number of vias = 1179497.
Up-via summary (total 1179497):

--------------------------
 FR_MASTERSLICE          0
            li1     509389
           met1     592313
           met2      60593
           met3      16286
           met4        916
--------------------------
               1179497


[INFO DRT-0195] Start 2nd optimization iteration.
    Completing 10% with 63606 violations.
    elapsed time = 00:00:36, memory = 5098.98 (MB).
    Completing 20% with 63606 violations.
    elapsed time = 00:01:13, memory = 3390.55 (MB).
    Completing 30% with 62478 violations.
    elapsed time = 00:01:56, memory = 4258.06 (MB).
    Completing 40% with 62478 violations.
    elapsed time = 00:02:40, memory = 4291.73 (MB).
    Completing 50% with 62478 violations.
    elapsed time = 00:03:20, memory = 1976.33 (MB).
    Completing 60% with 61231 violations.
    elapsed time = 00:04:06, memory = 4429.67 (MB).
    Completing 70% with 61231 violations.
    elapsed time = 00:04:43, memory = 3020.50 (MB).
    Completing 80% with 60366 violations.
    elapsed time = 00:05:31, memory = 4968.00 (MB).
    Completing 90% with 60366 violations.
    elapsed time = 00:06:12, memory = 4404.95 (MB).
    Completing 100% with 58801 violations.
    elapsed time = 00:07:00, memory = 5348.77 (MB).
[INFO DRT-0199]   Number of violations = 58810.
Viol/Layer         li1   mcon   met1    via   met2   met3   met4   met5
Cut Spacing          0    183      0      1      0      0      0      0
Metal Spacing        0      0  14507      0   2176    556     38      2
Min Hole             0      0      7      0      0      0      0      0
NS Metal             0      0      2      0      0      0      0      0
Recheck              1      0      8      0      0      0      0      0
Short                0      0  36800      7   4199    247     71      5
[INFO DRT-0267] cpu time = 01:10:03, elapsed time = 00:07:02, memory = 5749.89 (MB), peak = 6380.89 (MB)
Total wire length = 7372146 um.
Total wire length on LAYER li1 = 0 um.
Total wire length on LAYER met1 = 2504881 um.
Total wire length on LAYER met2 = 3151160 um.
Total wire length on LAYER met3 = 1127720 um.
Total wire length on LAYER met4 = 555313 um.
Total wire length on LAYER met5 = 33070 um.
Total number of vias = 1174363.
Up-via summary (total 1174363):

--------------------------
 FR_MASTERSLICE          0
            li1     509437
           met1     588110
           met2      59830
           met3      16057
           met4        929
--------------------------
               1174363


[INFO DRT-0195] Start 3rd optimization iteration.
    Completing 10% with 58810 violations.
    elapsed time = 00:00:36, memory = 4986.58 (MB).
    Completing 20% with 58810 violations.
    elapsed time = 00:01:11, memory = 3256.34 (MB).
    Completing 30% with 45979 violations.
    elapsed time = 00:01:57, memory = 5037.17 (MB).
    Completing 40% with 45979 violations.
    elapsed time = 00:02:35, memory = 4073.55 (MB).
    Completing 50% with 45979 violations.
    elapsed time = 00:03:13, memory = 2720.28 (MB).
    Completing 60% with 34466 violations.
    elapsed time = 00:03:57, memory = 4628.27 (MB).
    Completing 70% with 34466 violations.
    elapsed time = 00:04:31, memory = 3598.47 (MB).
    Completing 80% with 21606 violations.
    elapsed time = 00:05:17, memory = 4951.33 (MB).
    Completing 90% with 21606 violations.
    elapsed time = 00:05:52, memory = 4229.52 (MB).
    Completing 100% with 10152 violations.
    elapsed time = 00:06:38, memory = 5540.53 (MB).
[INFO DRT-0199]   Number of violations = 10152.
Viol/Layer        mcon   met1    via   met2   met3   met4   met5
Cut Spacing         38      0      8      0      0      0      0
Metal Spacing        0   3560      0    547     46      1      3
Min Hole             0      7      0      1      0      0      0
NS Metal             0      2      0      0      0      0      0
Short                0   5531      1    384     10      1     12
[INFO DRT-0267] cpu time = 01:06:46, elapsed time = 00:06:39, memory = 5634.27 (MB), peak = 6380.89 (MB)
Total wire length = 7372749 um.
Total wire length on LAYER li1 = 0 um.
Total wire length on LAYER met1 = 2411218 um.
Total wire length on LAYER met2 = 3144946 um.
Total wire length on LAYER met3 = 1215213 um.
Total wire length on LAYER met4 = 568486 um.
Total wire length on LAYER met5 = 32885 um.
Total number of vias = 1199406.
Up-via summary (total 1199406):

--------------------------
 FR_MASTERSLICE          0
            li1     509452
           met1     596121
           met2      75696
           met3      17255
           met4        882
--------------------------
               1199406


[INFO DRT-0195] Start 4th optimization iteration.
    Completing 10% with 10152 violations.
    elapsed time = 00:00:06, memory = 5581.16 (MB).
    Completing 20% with 10152 violations.
    elapsed time = 00:00:15, memory = 4886.02 (MB).
    Completing 30% with 8368 violations.
    elapsed time = 00:00:27, memory = 4955.75 (MB).
    Completing 40% with 8368 violations.
    elapsed time = 00:00:38, memory = 4730.55 (MB).
    Completing 50% with 8368 violations.
    elapsed time = 00:00:53, memory = 4221.64 (MB).
    Completing 60% with 6223 violations.
    elapsed time = 00:01:03, memory = 4599.28 (MB).
    Completing 70% with 6223 violations.
    elapsed time = 00:01:10, memory = 4745.48 (MB).
    Completing 80% with 3859 violations.
    elapsed time = 00:01:29, memory = 4606.34 (MB).
    Completing 90% with 3859 violations.
    elapsed time = 00:01:40, memory = 4630.17 (MB).
    Completing 100% with 1560 violations.
    elapsed time = 00:02:00, memory = 4740.02 (MB).
[INFO DRT-0199]   Number of violations = 1560.
Viol/Layer        mcon   met1   met2   met3   met4   met5
Cut Spacing         12      0      0      0      0      0
Metal Spacing        0    661     78      8      1      0
Min Hole             0      1      1      0      0      0
NS Metal             0      1      0      0      0      0
Short                0    737     53      0      3      4
[INFO DRT-0267] cpu time = 00:16:26, elapsed time = 00:02:00, memory = 5033.06 (MB), peak = 6380.89 (MB)
Total wire length = 7372526 um.
Total wire length on LAYER li1 = 0 um.
Total wire length on LAYER met1 = 2405010 um.
Total wire length on LAYER met2 = 3143984 um.
Total wire length on LAYER met3 = 1220925 um.
Total wire length on LAYER met4 = 569743 um.
Total wire length on LAYER met5 = 32860 um.
Total number of vias = 1200445.
Up-via summary (total 1200445):

--------------------------
 FR_MASTERSLICE          0
            li1     509466
           met1     596334
           met2      76427
           met3      17332
           met4        886
--------------------------
               1200445


[INFO DRT-0195] Start 5th optimization iteration.
    Completing 10% with 1560 violations.
    elapsed time = 00:00:00, memory = 5079.72 (MB).
    Completing 20% with 1560 violations.
    elapsed time = 00:00:03, memory = 5091.30 (MB).
    Completing 30% with 1274 violations.
    elapsed time = 00:00:12, memory = 4891.03 (MB).
    Completing 40% with 1274 violations.
    elapsed time = 00:00:14, memory = 4725.05 (MB).
    Completing 50% with 1274 violations.
    elapsed time = 00:00:32, memory = 4451.84 (MB).
    Completing 60% with 968 violations.
    elapsed time = 00:00:33, memory = 4433.12 (MB).
    Completing 70% with 968 violations.
    elapsed time = 00:00:36, memory = 4425.80 (MB).
    Completing 80% with 653 violations.
    elapsed time = 00:00:40, memory = 4451.44 (MB).
    Completing 90% with 653 violations.
    elapsed time = 00:00:42, memory = 4411.58 (MB).
    Completing 100% with 383 violations.
    elapsed time = 00:00:52, memory = 4229.55 (MB).
[INFO DRT-0199]   Number of violations = 383.
Viol/Layer        mcon   met1    via   met2   met3
Cut Spacing          3      0      1      0      0
Metal Spacing        0    167      0      8      3
Short                0    198      0      3      0
[INFO DRT-0267] cpu time = 00:04:32, elapsed time = 00:00:52, memory = 4263.78 (MB), peak = 6380.89 (MB)
Total wire length = 7372469 um.
Total wire length on LAYER li1 = 0 um.
Total wire length on LAYER met1 = 2404538 um.
Total wire length on LAYER met2 = 3143831 um.
Total wire length on LAYER met3 = 1221400 um.
Total wire length on LAYER met4 = 569877 um.
Total wire length on LAYER met5 = 32822 um.
Total number of vias = 1200457.
Up-via summary (total 1200457):

--------------------------
 FR_MASTERSLICE          0
            li1     509474
           met1     596281
           met2      76473
           met3      17345
           met4        884
--------------------------
               1200457


[INFO DRT-0195] Start 6th optimization iteration.
    Completing 10% with 383 violations.
    elapsed time = 00:00:00, memory = 4274.14 (MB).
    Completing 20% with 383 violations.
    elapsed time = 00:00:00, memory = 4265.95 (MB).
    Completing 30% with 346 violations.
    elapsed time = 00:00:04, memory = 3534.67 (MB).
    Completing 40% with 346 violations.
    elapsed time = 00:00:04, memory = 3535.20 (MB).
    Completing 50% with 346 violations.
    elapsed time = 00:00:19, memory = 3468.41 (MB).
    Completing 60% with 259 violations.
    elapsed time = 00:00:19, memory = 3468.92 (MB).
    Completing 70% with 259 violations.
    elapsed time = 00:00:20, memory = 3475.61 (MB).
    Completing 80% with 186 violations.
    elapsed time = 00:00:25, memory = 3476.98 (MB).
    Completing 90% with 186 violations.
    elapsed time = 00:00:25, memory = 3477.28 (MB).
    Completing 100% with 135 violations.
    elapsed time = 00:00:31, memory = 3480.44 (MB).
[INFO DRT-0199]   Number of violations = 135.
Viol/Layer        met1    via   met2   met3
Cut Spacing          0      1      0      0
Metal Spacing       66      0      3      3
Short               61      0      1      0
[INFO DRT-0267] cpu time = 00:01:51, elapsed time = 00:00:31, memory = 3482.62 (MB), peak = 6380.89 (MB)
Total wire length = 7372442 um.
Total wire length on LAYER li1 = 0 um.
Total wire length on LAYER met1 = 2404281 um.
Total wire length on LAYER met2 = 3143755 um.
Total wire length on LAYER met3 = 1221594 um.
Total wire length on LAYER met4 = 569989 um.
Total wire length on LAYER met5 = 32822 um.
Total number of vias = 1200460.
Up-via summary (total 1200460):

--------------------------
 FR_MASTERSLICE          0
            li1     509471
           met1     596261
           met2      76489
           met3      17355
           met4        884
--------------------------
               1200460


[INFO DRT-0195] Start 7th optimization iteration.
    Completing 10% with 135 violations.
    elapsed time = 00:00:00, memory = 3485.08 (MB).
    Completing 20% with 135 violations.
    elapsed time = 00:00:00, memory = 3485.12 (MB).
    Completing 30% with 120 violations.
    elapsed time = 00:00:03, memory = 3486.78 (MB).
    Completing 40% with 120 violations.
    elapsed time = 00:00:03, memory = 3486.81 (MB).
    Completing 50% with 120 violations.
    elapsed time = 00:00:12, memory = 3489.16 (MB).
    Completing 60% with 104 violations.
    elapsed time = 00:00:12, memory = 3489.28 (MB).
    Completing 70% with 104 violations.
    elapsed time = 00:00:12, memory = 3489.44 (MB).
    Completing 80% with 90 violations.
    elapsed time = 00:00:16, memory = 3293.84 (MB).
    Completing 90% with 90 violations.
    elapsed time = 00:00:16, memory = 3293.89 (MB).
    Completing 100% with 82 violations.
    elapsed time = 00:00:20, memory = 3276.64 (MB).
[INFO DRT-0199]   Number of violations = 82.
Viol/Layer        met1    via   met2
Cut Spacing          0      1      0
Metal Spacing       40      0      3
Short               38      0      0
[INFO DRT-0267] cpu time = 00:01:03, elapsed time = 00:00:20, memory = 3277.28 (MB), peak = 6380.89 (MB)
Total wire length = 7372443 um.
Total wire length on LAYER li1 = 0 um.
Total wire length on LAYER met1 = 2404285 um.
Total wire length on LAYER met2 = 3143751 um.
Total wire length on LAYER met3 = 1221592 um.
Total wire length on LAYER met4 = 569991 um.
Total wire length on LAYER met5 = 32822 um.
Total number of vias = 1200450.
Up-via summary (total 1200450):

--------------------------
 FR_MASTERSLICE          0
            li1     509470
           met1     596261
           met2      76482
           met3      17353
           met4        884
--------------------------
               1200450


[INFO DRT-0195] Start 8th guides tiles iteration.
    Completing 10% with 82 violations.
    elapsed time = 00:00:00, memory = 3219.53 (MB).
    Completing 20% with 82 violations.
    elapsed time = 00:00:00, memory = 3219.77 (MB).
    Completing 30% with 82 violations.
    elapsed time = 00:00:00, memory = 3219.80 (MB).
    Completing 40% with 82 violations.
    elapsed time = 00:00:00, memory = 3219.83 (MB).
    Completing 50% with 82 violations.
    elapsed time = 00:00:01, memory = 3219.84 (MB).
    Completing 60% with 41 violations.
    elapsed time = 00:00:01, memory = 3219.92 (MB).
    Completing 70% with 41 violations.
    elapsed time = 00:00:01, memory = 3220.77 (MB).
    Completing 80% with 41 violations.
    elapsed time = 00:00:01, memory = 3220.81 (MB).
    Completing 90% with 41 violations.
    elapsed time = 00:00:02, memory = 3221.16 (MB).
    Completing 100% with 27 violations.
    elapsed time = 00:00:02, memory = 3221.17 (MB).
[INFO DRT-0199]   Number of violations = 27.
Viol/Layer        met1   met2   met3
Metal Spacing       16      1      1
Short                9      0      0
[INFO DRT-0267] cpu time = 00:00:09, elapsed time = 00:00:02, memory = 3221.22 (MB), peak = 6380.89 (MB)
Total wire length = 7372427 um.
Total wire length on LAYER li1 = 0 um.
Total wire length on LAYER met1 = 2404275 um.
Total wire length on LAYER met2 = 3143744 um.
Total wire length on LAYER met3 = 1221593 um.
Total wire length on LAYER met4 = 569991 um.
Total wire length on LAYER met5 = 32822 um.
Total number of vias = 1200454.
Up-via summary (total 1200454):

--------------------------
 FR_MASTERSLICE          0
            li1     509471
           met1     596261
           met2      76485
           met3      17353
           met4        884
--------------------------
               1200454


[INFO DRT-0195] Start 9th guides tiles iteration.
    Completing 10% with 27 violations.
    elapsed time = 00:00:00, memory = 3221.25 (MB).
    Completing 20% with 27 violations.
    elapsed time = 00:00:00, memory = 3221.25 (MB).
    Completing 30% with 27 violations.
    elapsed time = 00:00:00, memory = 3221.25 (MB).
    Completing 40% with 27 violations.
    elapsed time = 00:00:00, memory = 3221.25 (MB).
    Completing 50% with 27 violations.
    elapsed time = 00:00:01, memory = 3221.25 (MB).
    Completing 60% with 25 violations.
    elapsed time = 00:00:01, memory = 3221.25 (MB).
    Completing 70% with 25 violations.
    elapsed time = 00:00:01, memory = 3221.25 (MB).
    Completing 80% with 25 violations.
    elapsed time = 00:00:01, memory = 3221.25 (MB).
    Completing 90% with 25 violations.
    elapsed time = 00:00:02, memory = 3221.25 (MB).
    Completing 100% with 25 violations.
    elapsed time = 00:00:02, memory = 3221.27 (MB).
[INFO DRT-0199]   Number of violations = 25.
Viol/Layer        met1   met2
Metal Spacing       16      1
Short                8      0
[INFO DRT-0267] cpu time = 00:00:06, elapsed time = 00:00:02, memory = 3221.27 (MB), peak = 6380.89 (MB)
Total wire length = 7372427 um.
Total wire length on LAYER li1 = 0 um.
Total wire length on LAYER met1 = 2404273 um.
Total wire length on LAYER met2 = 3143746 um.
Total wire length on LAYER met3 = 1221593 um.
Total wire length on LAYER met4 = 569991 um.
Total wire length on LAYER met5 = 32822 um.
Total number of vias = 1200456.
Up-via summary (total 1200456):

--------------------------
 FR_MASTERSLICE          0
            li1     509471
           met1     596263
           met2      76485
           met3      17353
           met4        884
--------------------------
               1200456


[INFO DRT-0195] Start 10th guides tiles iteration.
    Completing 10% with 25 violations.
    elapsed time = 00:00:00, memory = 3221.45 (MB).
    Completing 20% with 25 violations.
    elapsed time = 00:00:00, memory = 3221.62 (MB).
    Completing 30% with 25 violations.
    elapsed time = 00:00:00, memory = 3221.64 (MB).
    Completing 40% with 25 violations.
    elapsed time = 00:00:00, memory = 3221.64 (MB).
    Completing 50% with 25 violations.
    elapsed time = 00:00:00, memory = 3221.64 (MB).
    Completing 60% with 25 violations.
    elapsed time = 00:00:01, memory = 3172.88 (MB).
    Completing 70% with 20 violations.
    elapsed time = 00:00:01, memory = 3172.94 (MB).
    Completing 80% with 20 violations.
    elapsed time = 00:00:02, memory = 3172.94 (MB).
    Completing 90% with 20 violations.
    elapsed time = 00:00:02, memory = 3173.08 (MB).
    Completing 100% with 12 violations.
    elapsed time = 00:00:02, memory = 3173.08 (MB).
[INFO DRT-0199]   Number of violations = 12.
Viol/Layer        met1
Metal Spacing        7
Short                5
[INFO DRT-0267] cpu time = 00:00:04, elapsed time = 00:00:02, memory = 3173.12 (MB), peak = 6380.89 (MB)
Total wire length = 7372469 um.
Total wire length on LAYER li1 = 0 um.
Total wire length on LAYER met1 = 2404281 um.
Total wire length on LAYER met2 = 3143741 um.
Total wire length on LAYER met3 = 1221617 um.
Total wire length on LAYER met4 = 570008 um.
Total wire length on LAYER met5 = 32822 um.
Total number of vias = 1200476.
Up-via summary (total 1200476):

--------------------------
 FR_MASTERSLICE          0
            li1     509471
           met1     596270
           met2      76492
           met3      17359
           met4        884
--------------------------
               1200476


[INFO DRT-0195] Start 11th guides tiles iteration.
    Completing 10% with 12 violations.
    elapsed time = 00:00:00, memory = 3168.92 (MB).
    Completing 20% with 12 violations.
    elapsed time = 00:00:00, memory = 3168.92 (MB).
    Completing 40% with 12 violations.
    elapsed time = 00:00:00, memory = 3168.92 (MB).
    Completing 50% with 12 violations.
    elapsed time = 00:00:00, memory = 3168.92 (MB).
    Completing 70% with 12 violations.
    elapsed time = 00:00:01, memory = 2930.97 (MB).
    Completing 80% with 12 violations.
    elapsed time = 00:00:02, memory = 2930.97 (MB).
    Completing 100% with 11 violations.
    elapsed time = 00:00:02, memory = 2930.97 (MB).
[INFO DRT-0199]   Number of violations = 11.
Viol/Layer        met1
Metal Spacing        7
Short                4
[INFO DRT-0267] cpu time = 00:00:03, elapsed time = 00:00:02, memory = 2930.97 (MB), peak = 6380.89 (MB)
Total wire length = 7372470 um.
Total wire length on LAYER li1 = 0 um.
Total wire length on LAYER met1 = 2404282 um.
Total wire length on LAYER met2 = 3143740 um.
Total wire length on LAYER met3 = 1221617 um.
Total wire length on LAYER met4 = 570008 um.
Total wire length on LAYER met5 = 32822 um.
Total number of vias = 1200476.
Up-via summary (total 1200476):

--------------------------
 FR_MASTERSLICE          0
            li1     509471
           met1     596270
           met2      76492
           met3      17359
           met4        884
--------------------------
               1200476


[INFO DRT-0195] Start 12th guides tiles iteration.
    Completing 10% with 11 violations.
    elapsed time = 00:00:00, memory = 2930.97 (MB).
    Completing 20% with 11 violations.
    elapsed time = 00:00:00, memory = 2898.00 (MB).
    Completing 40% with 11 violations.
    elapsed time = 00:00:00, memory = 2890.66 (MB).
    Completing 50% with 11 violations.
    elapsed time = 00:00:00, memory = 2890.66 (MB).
    Completing 70% with 11 violations.
    elapsed time = 00:00:01, memory = 2890.66 (MB).
    Completing 80% with 11 violations.
    elapsed time = 00:00:01, memory = 2890.66 (MB).
    Completing 100% with 11 violations.
    elapsed time = 00:00:02, memory = 2890.66 (MB).
[INFO DRT-0199]   Number of violations = 11.
Viol/Layer        met1
Metal Spacing        7
Short                4
[INFO DRT-0267] cpu time = 00:00:03, elapsed time = 00:00:02, memory = 2890.75 (MB), peak = 6380.89 (MB)
Total wire length = 7372470 um.
Total wire length on LAYER li1 = 0 um.
Total wire length on LAYER met1 = 2404282 um.
Total wire length on LAYER met2 = 3143740 um.
Total wire length on LAYER met3 = 1221617 um.
Total wire length on LAYER met4 = 570008 um.
Total wire length on LAYER met5 = 32822 um.
Total number of vias = 1200476.
Up-via summary (total 1200476):

--------------------------
 FR_MASTERSLICE          0
            li1     509471
           met1     596270
           met2      76492
           met3      17359
           met4        884
--------------------------
               1200476


[INFO DRT-0195] Start 13th stubborn tiles iteration.
    Completing 10% with 11 violations.
    elapsed time = 00:00:04, memory = 2967.50 (MB).
    Completing 20% with 11 violations.
    elapsed time = 00:00:08, memory = 3172.33 (MB).
    Completing 30% with 11 violations.
    elapsed time = 00:00:12, memory = 3482.41 (MB).
    Completing 40% with 11 violations.
    elapsed time = 00:00:17, memory = 3577.53 (MB).
    Completing 50% with 11 violations.
    elapsed time = 00:00:21, memory = 3577.45 (MB).
    Completing 60% with 11 violations.
    elapsed time = 00:00:27, memory = 3804.41 (MB).
    Completing 70% with 11 violations.
    elapsed time = 00:00:36, memory = 4065.30 (MB).
    Completing 80% with 11 violations.
    elapsed time = 00:00:47, memory = 3882.12 (MB).
    Completing 90% with 11 violations.
    elapsed time = 00:01:11, memory = 3215.91 (MB).
    Completing 100% with 0 violations.
    elapsed time = 00:01:31, memory = 4499.91 (MB).
[INFO DRT-0199]   Number of violations = 0.
[INFO DRT-0267] cpu time = 00:15:08, elapsed time = 00:01:31, memory = 4560.06 (MB), peak = 6380.89 (MB)
Total wire length = 7372468 um.
Total wire length on LAYER li1 = 0 um.
Total wire length on LAYER met1 = 2404293 um.
Total wire length on LAYER met2 = 3143735 um.
Total wire length on LAYER met3 = 1221608 um.
Total wire length on LAYER met4 = 570008 um.
Total wire length on LAYER met5 = 32822 um.
Total number of vias = 1200479.
Up-via summary (total 1200479):

--------------------------
 FR_MASTERSLICE          0
            li1     509471
           met1     596275
           met2      76490
           met3      17359
           met4        884
--------------------------
               1200479


[INFO DRT-0198] Complete detail routing.
Total wire length = 7372468 um.
Total wire length on LAYER li1 = 0 um.
Total wire length on LAYER met1 = 2404293 um.
Total wire length on LAYER met2 = 3143735 um.
Total wire length on LAYER met3 = 1221608 um.
Total wire length on LAYER met4 = 570008 um.
Total wire length on LAYER met5 = 32822 um.
Total number of vias = 1200479.
Up-via summary (total 1200479):

--------------------------
 FR_MASTERSLICE          0
            li1     509471
           met1     596275
           met2      76490
           met3      17359
           met4        884
--------------------------
               1200479


[INFO DRT-0267] cpu time = 05:24:10, elapsed time = 00:33:37, memory = 4751.84 (MB), peak = 6380.89 (MB)

[INFO DRT-0180] Post processing.
[INFO DRT-0501] Runtime: 2404.09s
Took 2404 seconds: detailed_route -output_drc /Users/shubhanshu/Desktop/Nebula/digital/artifacts/model_ppa_v2_20260913_2305/pnr_openrouter_nemotron-ultra/reports/sky130hd/nebula_bench_v2/openrouter_nemotron-ultra/5_route_drc.rpt -output_maze /Users/shubhanshu/Desktop/Nebula/digital/artifacts/model_ppa_v2_20260913_2305/pnr_openrouter_nemotron-ultra/results/sky130hd/nebula_bench_v2/openrouter_nemotron-ultra/maze.log -droute_end_iter 64 -verbose 1 -drc_report_iter_step 5
[INFO GRT-0012] Found 297 antenna violations.
[WARNING GRT-0243] Unable to repair antennas on net with diodes.
[INFO DPL-0006] Core area: 3527558.21 um^2
[INFO DPL-0007] Movable instances area: 100.10 um^2
[INFO DPL-0008] Fixed instances area within core: 1904587.90 um^2
[INFO DPL-0009] Utilization: 54.0%
[INFO DPL-0005] Diamond search max displacement: +/- 500 sites horizontally, +/- 100 rows vertically.
[INFO DPL-1102] Legalizing using negotiation legalizer.
[INFO DPL-1103] Negotiation base search window: +/-20 sites horizontally, +/-5 rows vertically 
	Automatic search window extension enabled.
	Search window extendable up to the max displacement cap of +/-500 sites, +/-100 rows near walls.
[INFO DPL-1104] NegotiationLegalizer DRC penalty: 5.
[INFO DPL-0392] Negotiation cell height distribution (1 unique row-count(s)):
[INFO DPL-0393]   height 1 row(s): 190893 cells
          |      Total |  Illegal |  Illegal
Iteration | Violations |    Cells |    Sites
---------------------------------------------
        0 |          0 |         0 |         0
Negotiation phase 1 converged at iteration 0.
[INFO DPL-0500] Runtime: 0.71s
[INFO GRT-0015] Inserted 598 diodes.
[WARNING GRT-0273] Disabled NDR (to reduce congestion) for net: clk_s4_gate
[INFO DRT-0018]   Complete 100000 insts.
[INFO DRT-0024]   Complete FR_MASTERSLICE.
[INFO DRT-0024]   Complete Fr_VIA.
[INFO DRT-0024]   Complete li1.
[INFO DRT-0024]   Complete mcon.
[INFO DRT-0024]   Complete met1.
[INFO DRT-0024]   Complete via.
[INFO DRT-0024]   Complete met2.
[INFO DRT-0024]   Complete via2.
[INFO DRT-0024]   Complete met3.
[INFO DRT-0024]   Complete via3.
[INFO DRT-0024]   Complete met4.
[INFO DRT-0024]   Complete via4.
[INFO DRT-0024]   Complete met5.
[INFO DRT-0165] Start pin access.
[INFO DRT-0076]   Complete 1000 pins.
[INFO DRT-0076]   Complete 2000 pins.
[INFO DRT-0076]   Complete 3000 pins.
[INFO DRT-0078]   Complete 3709 pins.
[INFO DRT-0079]   Complete 100 unique inst patterns.
[INFO DRT-0079]   Complete 200 unique inst patterns.
[INFO DRT-0079]   Complete 300 unique inst patterns.
[INFO DRT-0079]   Complete 400 unique inst patterns.
[INFO DRT-0081]   Complete 447 unique inst patterns.
[INFO DRT-0082]   Complete 10000 groups.
[INFO DRT-0082]   Complete 20000 groups.
[INFO DRT-0082]   Complete 30000 groups.
[INFO DRT-0082]   Complete 40000 groups.
[INFO DRT-0082]   Complete 50000 groups.
[INFO DRT-0082]   Complete 60000 groups.
[INFO DRT-0082]   Complete 70000 groups.
[INFO DRT-0082]   Complete 80000 groups.
[INFO DRT-0082]   Complete 90000 groups.
[INFO DRT-0082]   Complete 100000 groups.
[INFO DRT-0084]   Complete 102686 groups.
#scanned instances     = 190893
#unique  instances     = 447
#stdCellGenAp          = 14573
#stdCellValidPlanarAp  = 122
#stdCellValidViaAp     = 10839
#stdCellPinNoAp        = 6
#stdCellPinCnt         = 508315
#instTermValidViaApCnt = 0
#macroGenAp            = 0
#macroValidPlanarAp    = 0
#macroValidViaAp       = 0
#macroNoAp             = 0
[INFO DRT-0166] Complete pin access.
[INFO DRT-0267] cpu time = 00:48:50, elapsed time = 00:04:31, memory = 3862.88 (MB), peak = 6380.89 (MB)
[INFO DRT-0156] guideIn read 100000 guides.
[INFO DRT-0156] guideIn read 200000 guides.
[INFO DRT-0156] guideIn read 300000 guides.
[INFO DRT-0156] guideIn read 400000 guides.
[INFO DRT-0156] guideIn read 500000 guides.
[INFO DRT-0156] guideIn read 600000 guides.
[INFO DRT-0156] guideIn read 700000 guides.
[INFO DRT-0156] guideIn read 800000 guides.
[INFO DRT-0156] guideIn read 900000 guides.
[INFO DRT-0156] guideIn read 1000000 guides.

[INFO DRT-0157] Number of guides:     1327291

[INFO DRT-0169] Post process guides.
[INFO DRT-0176] GCELLGRID X 0 DO 275 STEP 6900 ;
[INFO DRT-0177] GCELLGRID Y 0 DO 275 STEP 6900 ;
[INFO DRT-0026]   Complete 100000 origin guides.
[INFO DRT-0026]   Complete 200000 origin guides.
[INFO DRT-0026]   Complete 300000 origin guides.
[INFO DRT-0026]   Complete 400000 origin guides.
[INFO DRT-0026]   Complete 500000 origin guides.
[INFO DRT-0026]   Complete 600000 origin guides.
[INFO DRT-0026]   Complete 700000 origin guides.
[INFO DRT-0026]   Complete 800000 origin guides.
[INFO DRT-0026]   Complete 900000 origin guides.
[INFO DRT-0027]   Complete 1000000 origin guides.
[INFO DRT-0028]   Complete FR_MASTERSLICE.
[INFO DRT-0028]   Complete Fr_VIA.
[INFO DRT-0028]   Complete li1.
[INFO DRT-0028]   Complete mcon.
[INFO DRT-0028]   Complete met1.
[INFO DRT-0028]   Complete via.
[INFO DRT-0028]   Complete met2.
[INFO DRT-0028]   Complete via2.
[INFO DRT-0028]   Complete met3.
[INFO DRT-0028]   Complete via3.
[INFO DRT-0028]   Complete met4.
[INFO DRT-0028]   Complete via4.
[INFO DRT-0028]   Complete met5.
  complete 100000 nets.
[INFO DRT-0178] Init guide query.
[INFO DRT-0029]   Complete 100000 nets (guide).
[INFO DRT-0035]   Complete FR_MASTERSLICE (guide).
[INFO DRT-0035]   Complete Fr_VIA (guide).
[INFO DRT-0035]   Complete li1 (guide).
[INFO DRT-0035]   Complete mcon (guide).
[INFO DRT-0035]   Complete met1 (guide).
[INFO DRT-0035]   Complete via (guide).
[INFO DRT-0035]   Complete met2 (guide).
[INFO DRT-0035]   Complete via2 (guide).
[INFO DRT-0035]   Complete met3 (guide).
[INFO DRT-0035]   Complete via3 (guide).
[INFO DRT-0035]   Complete met4 (guide).
[INFO DRT-0035]   Complete via4 (guide).
[INFO DRT-0035]   Complete met5 (guide).
[INFO DRT-0036] FR_MASTERSLICE guide region query size = 0.
[INFO DRT-0036] FR_VIA guide region query size = 0.
[INFO DRT-0036] li1 guide region query size = 427947.
[INFO DRT-0036] mcon guide region query size = 0.
[INFO DRT-0036] met1 guide region query size = 386376.
[INFO DRT-0036] via guide region query size = 0.
[INFO DRT-0036] met2 guide region query size = 224035.
[INFO DRT-0036] via2 guide region query size = 0.
[INFO DRT-0036] met3 guide region query size = 34866.
[INFO DRT-0036] via3 guide region query size = 0.
[INFO DRT-0036] met4 guide region query size = 9541.
[INFO DRT-0036] via4 guide region query size = 0.
[INFO DRT-0036] met5 guide region query size = 463.
[INFO DRT-0179] Init gr pin query.
[INFO DRT-0267] cpu time = 00:00:04, elapsed time = 00:00:01, memory = 4038.22 (MB), peak = 6380.89 (MB)
[INFO DRT-0245] skipped writing guide updates to database.
[INFO DRT-0181] Start track assignment.
[INFO DRT-0184] Done with 661523 vertical wires in 6 frboxes and 421705 horizontal wires in 6 frboxes.
[INFO DRT-0186] Done with 87259 vertical wires in 6 frboxes and 126680 horizontal wires in 6 frboxes.
[INFO DRT-0182] Complete track assignment.
[INFO DRT-0267] cpu time = 00:01:07, elapsed time = 00:00:14, memory = 4444.38 (MB), peak = 6380.89 (MB)
[INFO DRT-0187] Start routing data preparation.
[INFO DRT-0267] cpu time = 00:00:01, elapsed time = 00:00:01, memory = 4316.42 (MB), peak = 6380.89 (MB)
[INFO DRT-0194] Start detail routing.
[INFO DRT-0195] Start 0th optimization iteration.
    Completing 10% with 0 violations.
    elapsed time = 00:00:13, memory = 4461.39 (MB).
    Completing 20% with 0 violations.
    elapsed time = 00:00:27, memory = 3568.11 (MB).
    Completing 30% with 6734 violations.
    elapsed time = 00:00:46, memory = 5182.69 (MB).
    Completing 40% with 6734 violations.
    elapsed time = 00:00:59, memory = 4845.62 (MB).
    Completing 50% with 6734 violations.
    elapsed time = 00:01:14, memory = 2974.36 (MB).
    Completing 60% with 12769 violations.
    elapsed time = 00:01:31, memory = 4486.62 (MB).
    Completing 70% with 12769 violations.
    elapsed time = 00:01:46, memory = 3779.98 (MB).
    Completing 80% with 18490 violations.
    elapsed time = 00:02:06, memory = 5136.00 (MB).
    Completing 90% with 18490 violations.
    elapsed time = 00:02:18, memory = 4588.42 (MB).
    Completing 100% with 23333 violations.
    elapsed time = 00:02:38, memory = 4982.05 (MB).
[INFO DRT-0199]   Number of violations = 26438.
Viol/Layer         li1   mcon   met1    via   met2   met3   met4   met5
Cut Spacing          0      8      0      1      0      0      0      0
Metal Spacing        0      0   1442      0   1451    615     43     10
Min Hole             0      0      5      0      1      0      0      0
Recheck              6      0    942      0   1302    686    158     11
Short                0      1   8833      4   8684   2050    179      6
[INFO DRT-0267] cpu time = 00:24:38, elapsed time = 00:02:38, memory = 5089.59 (MB), peak = 6380.89 (MB)
Total wire length = 7381886 um.
Total wire length on LAYER li1 = 0 um.
Total wire length on LAYER met1 = 2432125 um.
Total wire length on LAYER met2 = 3179951 um.
Total wire length on LAYER met3 = 1203139 um.
Total wire length on LAYER met4 = 537319 um.
Total wire length on LAYER met5 = 29349 um.
Total number of vias = 1201363.
Up-via summary (total 1201363):

--------------------------
 FR_MASTERSLICE          0
            li1     510239
           met1     599179
           met2      74949
           met3      16235
           met4        761
--------------------------
               1201363


[INFO DRT-0195] Start 1st optimization iteration.
    Completing 10% with 26438 violations.
    elapsed time = 00:00:11, memory = 4924.38 (MB).
    Completing 20% with 26438 violations.
    elapsed time = 00:00:22, memory = 4270.27 (MB).
    Completing 30% with 22633 violations.
    elapsed time = 00:00:39, memory = 5348.88 (MB).
    Completing 40% with 22633 violations.
    elapsed time = 00:00:51, memory = 4674.75 (MB).
    Completing 50% with 22633 violations.
    elapsed time = 00:01:02, memory = 3033.08 (MB).
    Completing 60% with 18455 violations.
    elapsed time = 00:01:19, memory = 5147.70 (MB).
    Completing 70% with 18455 violations.
    elapsed time = 00:01:30, memory = 4284.08 (MB).
    Completing 80% with 14788 violations.
    elapsed time = 00:01:48, memory = 5275.98 (MB).
    Completing 90% with 14788 violations.
    elapsed time = 00:01:58, memory = 4764.41 (MB).
    Completing 100% with 11701 violations.
    elapsed time = 00:02:17, memory = 4937.34 (MB).
[INFO DRT-0199]   Number of violations = 11701.
Viol/Layer        mcon   met1    via   met2   met3   met4
Cut Spacing          4      0      0      0      0      0
Metal Spacing        0   1109      0   1099    383     14
Short                0   5225      3   3161    655     48
[INFO DRT-0267] cpu time = 00:20:55, elapsed time = 00:02:17, memory = 5114.72 (MB), peak = 6380.89 (MB)
Total wire length = 7376681 um.
Total wire length on LAYER li1 = 0 um.
Total wire length on LAYER met1 = 2430132 um.
Total wire length on LAYER met2 = 3177270 um.
Total wire length on LAYER met3 = 1202398 um.
Total wire length on LAYER met4 = 537609 um.
Total wire length on LAYER met5 = 29269 um.
Total number of vias = 1200319.
Up-via summary (total 1200319):

--------------------------
 FR_MASTERSLICE          0
            li1     510266
           met1     598104
           met2      74946
           met3      16244
           met4        759
--------------------------
               1200319


[INFO DRT-0195] Start 2nd optimization iteration.
    Completing 10% with 11701 violations.
    elapsed time = 00:00:04, memory = 5560.38 (MB).
    Completing 20% with 11701 violations.
    elapsed time = 00:00:12, memory = 5047.42 (MB).
    Completing 30% with 11354 violations.
    elapsed time = 00:00:19, memory = 5024.64 (MB).
    Completing 40% with 11354 violations.
    elapsed time = 00:00:25, memory = 5082.31 (MB).
    Completing 50% with 11354 violations.
    elapsed time = 00:00:34, memory = 4926.84 (MB).
    Completing 60% with 11179 violations.
    elapsed time = 00:00:40, memory = 4869.12 (MB).
    Completing 70% with 11179 violations.
    elapsed time = 00:00:45, memory = 4916.16 (MB).
    Completing 80% with 10595 violations.
    elapsed time = 00:00:53, memory = 4960.88 (MB).
    Completing 90% with 10595 violations.
    elapsed time = 00:00:59, memory = 4864.77 (MB).
    Completing 100% with 10176 violations.
    elapsed time = 00:01:08, memory = 4993.50 (MB).
[INFO DRT-0199]   Number of violations = 10176.
Viol/Layer        mcon   met1    via   met2   met3   met4
Cut Spacing          5      0      0      0      0      0
Metal Spacing        0   1041      0   1011    355     26
Short                0   4318      1   2734    637     48
[INFO DRT-0267] cpu time = 00:11:18, elapsed time = 00:01:09, memory = 5069.88 (MB), peak = 6380.89 (MB)
Total wire length = 7375379 um.
Total wire length on LAYER li1 = 0 um.
Total wire length on LAYER met1 = 2429381 um.
Total wire length on LAYER met2 = 3176540 um.
Total wire length on LAYER met3 = 1202546 um.
Total wire length on LAYER met4 = 537645 um.
Total wire length on LAYER met5 = 29265 um.
Total number of vias = 1199846.
Up-via summary (total 1199846):

--------------------------
 FR_MASTERSLICE          0
            li1     510265
           met1     597754
           met2      74840
           met3      16228
           met4        759
--------------------------
               1199846


[INFO DRT-0195] Start 3rd optimization iteration.
    Completing 10% with 10176 violations.
    elapsed time = 00:00:05, memory = 5096.11 (MB).
    Completing 20% with 10176 violations.
    elapsed time = 00:00:13, memory = 4971.58 (MB).
    Completing 30% with 8111 violations.
    elapsed time = 00:00:34, memory = 4820.30 (MB).
    Completing 40% with 8111 violations.
    elapsed time = 00:00:42, memory = 4702.89 (MB).
    Completing 50% with 8111 violations.
    elapsed time = 00:00:56, memory = 4494.94 (MB).
    Completing 60% with 5845 violations.
    elapsed time = 00:01:02, memory = 3825.78 (MB).
    Completing 70% with 5845 violations.
    elapsed time = 00:01:10, memory = 4354.91 (MB).
    Completing 80% with 3374 violations.
    elapsed time = 00:01:24, memory = 4166.33 (MB).
    Completing 90% with 3374 violations.
    elapsed time = 00:01:30, memory = 4294.14 (MB).
    Completing 100% with 1179 violations.
    elapsed time = 00:01:50, memory = 3919.23 (MB).
[INFO DRT-0199]   Number of violations = 1182.
Viol/Layer        mcon   met1   met2   met3
Cut Spacing          2      0      0      0
Metal Spacing        0    258    122     52
Recheck              0      3      0      0
Short                0    550    161     34
[INFO DRT-0267] cpu time = 00:16:05, elapsed time = 00:01:50, memory = 4255.98 (MB), peak = 6380.89 (MB)
Total wire length = 7376185 um.
Total wire length on LAYER li1 = 0 um.
Total wire length on LAYER met1 = 2421065 um.
Total wire length on LAYER met2 = 3166434 um.
Total wire length on LAYER met3 = 1211121 um.
Total wire length on LAYER met4 = 548355 um.
Total wire length on LAYER met5 = 29208 um.
Total number of vias = 1205302.
Up-via summary (total 1205302):

--------------------------
 FR_MASTERSLICE          0
            li1     510272
           met1     599655
           met2      77587
           met3      17041
           met4        747
--------------------------
               1205302


[INFO DRT-0195] Start 4th optimization iteration.
    Completing 10% with 1182 violations.
    elapsed time = 00:00:00, memory = 4524.83 (MB).
    Completing 20% with 1182 violations.
    elapsed time = 00:00:01, memory = 4483.25 (MB).
    Completing 30% with 875 violations.
    elapsed time = 00:00:05, memory = 4479.64 (MB).
    Completing 40% with 875 violations.
    elapsed time = 00:00:05, memory = 4486.22 (MB).
    Completing 50% with 875 violations.
    elapsed time = 00:00:11, memory = 3923.84 (MB).
    Completing 60% with 518 violations.
    elapsed time = 00:00:12, memory = 3925.47 (MB).
    Completing 70% with 518 violations.
    elapsed time = 00:00:12, memory = 4253.45 (MB).
    Completing 80% with 351 violations.
    elapsed time = 00:00:14, memory = 4358.11 (MB).
    Completing 90% with 351 violations.
    elapsed time = 00:00:14, memory = 4444.92 (MB).
    Completing 100% with 88 violations.
    elapsed time = 00:00:18, memory = 4191.23 (MB).
[INFO DRT-0199]   Number of violations = 88.
Viol/Layer        mcon   met1   met2
Cut Spacing          1      0      0
Metal Spacing        0     27      9
Short                0     46      5
[INFO DRT-0267] cpu time = 00:02:10, elapsed time = 00:00:19, memory = 4221.81 (MB), peak = 6380.89 (MB)
Total wire length = 7376037 um.
Total wire length on LAYER li1 = 0 um.
Total wire length on LAYER met1 = 2419843 um.
Total wire length on LAYER met2 = 3165822 um.
Total wire length on LAYER met3 = 1212114 um.
Total wire length on LAYER met4 = 549063 um.
Total wire length on LAYER met5 = 29192 um.
Total number of vias = 1205468.
Up-via summary (total 1205468):

--------------------------
 FR_MASTERSLICE          0
            li1     510273
           met1     599638
           met2      77735
           met3      17075
           met4        747
--------------------------
               1205468


[INFO DRT-0195] Start 5th guides tiles iteration.
    Completing 10% with 88 violations.
    elapsed time = 00:00:00, memory = 4198.09 (MB).
    Completing 20% with 88 violations.
    elapsed time = 00:00:00, memory = 4192.52 (MB).
    Completing 30% with 88 violations.
    elapsed time = 00:00:00, memory = 4148.73 (MB).
    Completing 40% with 88 violations.
    elapsed time = 00:00:00, memory = 4133.36 (MB).
    Completing 50% with 88 violations.
    elapsed time = 00:00:03, memory = 3047.36 (MB).
    Completing 60% with 46 violations.
    elapsed time = 00:00:03, memory = 3047.53 (MB).
    Completing 70% with 46 violations.
    elapsed time = 00:00:03, memory = 3057.81 (MB).
    Completing 80% with 46 violations.
    elapsed time = 00:00:03, memory = 3057.81 (MB).
    Completing 90% with 27 violations.
    elapsed time = 00:00:04, memory = 3065.84 (MB).
    Completing 100% with 27 violations.
    elapsed time = 00:00:05, memory = 3065.92 (MB).
[INFO DRT-0199]   Number of violations = 27.
Viol/Layer        met1   met2
Metal Spacing        8      2
Short               16      1
[INFO DRT-0267] cpu time = 00:00:10, elapsed time = 00:00:05, memory = 3098.06 (MB), peak = 6380.89 (MB)
Total wire length = 7376062 um.
Total wire length on LAYER li1 = 0 um.
Total wire length on LAYER met1 = 2419742 um.
Total wire length on LAYER met2 = 3165660 um.
Total wire length on LAYER met3 = 1212192 um.
Total wire length on LAYER met4 = 549229 um.
Total wire length on LAYER met5 = 29237 um.
Total number of vias = 1205478.
Up-via summary (total 1205478):

--------------------------
 FR_MASTERSLICE          0
            li1     510272
           met1     599629
           met2      77744
           met3      17084
           met4        749
--------------------------
               1205478


[INFO DRT-0195] Start 6th guides tiles iteration.
    Completing 10% with 27 violations.
    elapsed time = 00:00:00, memory = 3104.06 (MB).
    Completing 20% with 27 violations.
    elapsed time = 00:00:00, memory = 3104.06 (MB).
    Completing 30% with 27 violations.
    elapsed time = 00:00:00, memory = 3104.06 (MB).
    Completing 40% with 27 violations.
    elapsed time = 00:00:00, memory = 3104.08 (MB).
    Completing 50% with 27 violations.
    elapsed time = 00:00:00, memory = 3104.08 (MB).
    Completing 60% with 27 violations.
    elapsed time = 00:00:00, memory = 3104.08 (MB).
    Completing 70% with 27 violations.
    elapsed time = 00:00:01, memory = 3104.33 (MB).
    Completing 80% with 27 violations.
    elapsed time = 00:00:01, memory = 2977.55 (MB).
    Completing 90% with 27 violations.
    elapsed time = 00:00:01, memory = 2840.75 (MB).
    Completing 100% with 27 violations.
    elapsed time = 00:00:02, memory = 2840.75 (MB).
[INFO DRT-0199]   Number of violations = 27.
Viol/Layer        met1   met2
Metal Spacing        8      2
Short               16      1
[INFO DRT-0267] cpu time = 00:00:05, elapsed time = 00:00:02, memory = 2840.75 (MB), peak = 6380.89 (MB)
Total wire length = 7376062 um.
Total wire length on LAYER li1 = 0 um.
Total wire length on LAYER met1 = 2419742 um.
Total wire length on LAYER met2 = 3165660 um.
Total wire length on LAYER met3 = 1212192 um.
Total wire length on LAYER met4 = 549229 um.
Total wire length on LAYER met5 = 29237 um.
Total number of vias = 1205478.
Up-via summary (total 1205478):

--------------------------
 FR_MASTERSLICE          0
            li1     510272
           met1     599629
           met2      77744
           met3      17084
           met4        749
--------------------------
               1205478


[INFO DRT-0195] Start 7th stubborn tiles iteration.
    Completing 10% with 27 violations.
    elapsed time = 00:00:05, memory = 3235.88 (MB).
    Completing 20% with 27 violations.
    elapsed time = 00:00:11, memory = 3488.97 (MB).
    Completing 30% with 27 violations.
    elapsed time = 00:00:19, memory = 3450.03 (MB).
    Completing 40% with 27 violations.
    elapsed time = 00:00:24, memory = 3524.25 (MB).
    Completing 50% with 27 violations.
    elapsed time = 00:00:33, memory = 3627.19 (MB).
    Completing 60% with 27 violations.
    elapsed time = 00:00:43, memory = 3749.28 (MB).
    Completing 70% with 27 violations.
    elapsed time = 00:00:57, memory = 3761.30 (MB).
    Completing 80% with 27 violations.
    elapsed time = 00:01:05, memory = 3052.30 (MB).
    Completing 90% with 27 violations.
    elapsed time = 00:01:23, memory = 2478.25 (MB).
    Completing 100% with 0 violations.
    elapsed time = 00:01:52, memory = 5030.20 (MB).
[INFO DRT-0199]   Number of violations = 0.
[INFO DRT-0267] cpu time = 00:18:36, elapsed time = 00:01:52, memory = 5084.97 (MB), peak = 6380.89 (MB)
Total wire length = 7376061 um.
Total wire length on LAYER li1 = 0 um.
Total wire length on LAYER met1 = 2419706 um.
Total wire length on LAYER met2 = 3165645 um.
Total wire length on LAYER met3 = 1212235 um.
Total wire length on LAYER met4 = 549235 um.
Total wire length on LAYER met5 = 29237 um.
Total number of vias = 1205495.
Up-via summary (total 1205495):

--------------------------
 FR_MASTERSLICE          0
            li1     510273
           met1     599632
           met2      77757
           met3      17084
           met4        749
--------------------------
               1205495


[INFO DRT-0198] Complete detail routing.
Total wire length = 7376061 um.
Total wire length on LAYER li1 = 0 um.
Total wire length on LAYER met1 = 2419706 um.
Total wire length on LAYER met2 = 3165645 um.
Total wire length on LAYER met3 = 1212235 um.
Total wire length on LAYER met4 = 549235 um.
Total wire length on LAYER met5 = 29237 um.
Total number of vias = 1205495.
Up-via summary (total 1205495):

--------------------------
 FR_MASTERSLICE          0
            li1     510273
           met1     599632
           met2      77757
           met3      17084
           met4        749
--------------------------
               1205495


[INFO DRT-0267] cpu time = 01:34:03, elapsed time = 00:10:18, memory = 5090.62 (MB), peak = 6380.89 (MB)

[INFO DRT-0180] Post processing.
[INFO DRT-0501] Runtime: 913.46s
[INFO ANT-0002] Found 64 net violations.
[INFO ANT-0001] Found 86 pin violations.
[INFO GRT-0012] Found 64 antenna violations.
[WARNING GRT-0243] Unable to repair antennas on net with diodes.
[INFO DPL-0006] Core area: 3527558.21 um^2
[INFO DPL-0007] Movable instances area: 120.12 um^2
[INFO DPL-0008] Fixed instances area within core: 1904963.26 um^2
[INFO DPL-0009] Utilization: 54.0%
[INFO DPL-0005] Diamond search max displacement: +/- 500 sites horizontally, +/- 100 rows vertically.
[INFO DPL-1102] Legalizing using negotiation legalizer.
[INFO DPL-1103] Negotiation base search window: +/-20 sites horizontally, +/-5 rows vertically 
	Automatic search window extension enabled.
	Search window extendable up to the max displacement cap of +/-500 sites, +/-100 rows near walls.
[INFO DPL-1104] NegotiationLegalizer DRC penalty: 5.
[INFO DPL-0392] Negotiation cell height distribution (1 unique row-count(s)):
[INFO DPL-0393]   height 1 row(s): 191051 cells
          |      Total |  Illegal |  Illegal
Iteration | Violations |    Cells |    Sites
---------------------------------------------
        0 |         62 |        18 |        35
        1 |          0 |         0 |         0
Negotiation phase 1 converged at iteration 1.
[INFO DPL-0500] Runtime: 0.81s
[INFO GRT-0015] Inserted 158 diodes.
[INFO DRT-0018]   Complete 100000 insts.
[INFO DRT-0024]   Complete FR_MASTERSLICE.
[INFO DRT-0024]   Complete Fr_VIA.
[INFO DRT-0024]   Complete li1.
[INFO DRT-0024]   Complete mcon.
[INFO DRT-0024]   Complete met1.
[INFO DRT-0024]   Complete via.
[INFO DRT-0024]   Complete met2.
[INFO DRT-0024]   Complete via2.
[INFO DRT-0024]   Complete met3.
[INFO DRT-0024]   Complete via3.
[INFO DRT-0024]   Complete met4.
[INFO DRT-0024]   Complete via4.
[INFO DRT-0024]   Complete met5.
[INFO DRT-0165] Start pin access.
[INFO DRT-0076]   Complete 1000 pins.
[INFO DRT-0076]   Complete 2000 pins.
[INFO DRT-0076]   Complete 3000 pins.
[INFO DRT-0078]   Complete 3709 pins.
[INFO DRT-0079]   Complete 100 unique inst patterns.
[INFO DRT-0079]   Complete 200 unique inst patterns.
[INFO DRT-0079]   Complete 300 unique inst patterns.
[INFO DRT-0079]   Complete 400 unique inst patterns.
[INFO DRT-0081]   Complete 447 unique inst patterns.
[INFO DRT-0082]   Complete 10000 groups.
[INFO DRT-0082]   Complete 20000 groups.
[INFO DRT-0082]   Complete 30000 groups.
[INFO DRT-0082]   Complete 40000 groups.
[INFO DRT-0082]   Complete 50000 groups.
[INFO DRT-0082]   Complete 60000 groups.
[INFO DRT-0082]   Complete 70000 groups.
[INFO DRT-0082]   Complete 80000 groups.
[INFO DRT-0082]   Complete 90000 groups.
[INFO DRT-0082]   Complete 100000 groups.
[INFO DRT-0084]   Complete 102712 groups.
#scanned instances     = 191051
#unique  instances     = 447
#stdCellGenAp          = 14573
#stdCellValidPlanarAp  = 122
#stdCellValidViaAp     = 10839
#stdCellPinNoAp        = 6
#stdCellPinCnt         = 508315
#instTermValidViaApCnt = 0
#macroGenAp            = 0
#macroValidPlanarAp    = 0
#macroValidViaAp       = 0
#macroNoAp             = 0
[INFO DRT-0166] Complete pin access.
[INFO DRT-0267] cpu time = 00:46:46, elapsed time = 00:04:13, memory = 2798.55 (MB), peak = 6380.89 (MB)
[INFO DRT-0156] guideIn read 100000 guides.
[INFO DRT-0156] guideIn read 200000 guides.
[INFO DRT-0156] guideIn read 300000 guides.
[INFO DRT-0156] guideIn read 400000 guides.
[INFO DRT-0156] guideIn read 500000 guides.
[INFO DRT-0156] guideIn read 600000 guides.
[INFO DRT-0156] guideIn read 700000 guides.
[INFO DRT-0156] guideIn read 800000 guides.
[INFO DRT-0156] guideIn read 900000 guides.
[INFO DRT-0156] guideIn read 1000000 guides.

[INFO DRT-0157] Number of guides:     1327156

[INFO DRT-0169] Post process guides.
[INFO DRT-0176] GCELLGRID X 0 DO 275 STEP 6900 ;
[INFO DRT-0177] GCELLGRID Y 0 DO 275 STEP 6900 ;
[INFO DRT-0026]   Complete 100000 origin guides.
[INFO DRT-0026]   Complete 200000 origin guides.
[INFO DRT-0026]   Complete 300000 origin guides.
[INFO DRT-0026]   Complete 400000 origin guides.
[INFO DRT-0026]   Complete 500000 origin guides.
[INFO DRT-0026]   Complete 600000 origin guides.
[INFO DRT-0026]   Complete 700000 origin guides.
[INFO DRT-0026]   Complete 800000 origin guides.
[INFO DRT-0026]   Complete 900000 origin guides.
[INFO DRT-0027]   Complete 1000000 origin guides.
[INFO DRT-0028]   Complete FR_MASTERSLICE.
[INFO DRT-0028]   Complete Fr_VIA.
[INFO DRT-0028]   Complete li1.
[INFO DRT-0028]   Complete mcon.
[INFO DRT-0028]   Complete met1.
[INFO DRT-0028]   Complete via.
[INFO DRT-0028]   Complete met2.
[INFO DRT-0028]   Complete via2.
[INFO DRT-0028]   Complete met3.
[INFO DRT-0028]   Complete via3.
[INFO DRT-0028]   Complete met4.
[INFO DRT-0028]   Complete via4.
[INFO DRT-0028]   Complete met5.
  complete 100000 nets.
[INFO DRT-0178] Init guide query.
[INFO DRT-0029]   Complete 100000 nets (guide).
[INFO DRT-0035]   Complete FR_MASTERSLICE (guide).
[INFO DRT-0035]   Complete Fr_VIA (guide).
[INFO DRT-0035]   Complete li1 (guide).
[INFO DRT-0035]   Complete mcon (guide).
[INFO DRT-0035]   Complete met1 (guide).
[INFO DRT-0035]   Complete via (guide).
[INFO DRT-0035]   Complete met2 (guide).
[INFO DRT-0035]   Complete via2 (guide).
[INFO DRT-0035]   Complete met3 (guide).
[INFO DRT-0035]   Complete via3 (guide).
[INFO DRT-0035]   Complete met4 (guide).
[INFO DRT-0035]   Complete via4 (guide).
[INFO DRT-0035]   Complete met5 (guide).
[INFO DRT-0036] FR_MASTERSLICE guide region query size = 0.
[INFO DRT-0036] FR_VIA guide region query size = 0.
[INFO DRT-0036] li1 guide region query size = 428018.
[INFO DRT-0036] mcon guide region query size = 0.
[INFO DRT-0036] met1 guide region query size = 386389.
[INFO DRT-0036] via guide region query size = 0.
[INFO DRT-0036] met2 guide region query size = 224004.
[INFO DRT-0036] via2 guide region query size = 0.
[INFO DRT-0036] met3 guide region query size = 34823.
[INFO DRT-0036] via3 guide region query size = 0.
[INFO DRT-0036] met4 guide region query size = 9491.
[INFO DRT-0036] via4 guide region query size = 0.
[INFO DRT-0036] met5 guide region query size = 447.
[INFO DRT-0179] Init gr pin query.
[INFO DRT-0267] cpu time = 00:00:04, elapsed time = 00:00:01, memory = 2922.64 (MB), peak = 6380.89 (MB)
[INFO DRT-0245] skipped writing guide updates to database.
[INFO DRT-0181] Start track assignment.
[INFO DRT-0184] Done with 661513 vertical wires in 6 frboxes and 421659 horizontal wires in 6 frboxes.
[INFO DRT-0186] Done with 87273 vertical wires in 6 frboxes and 126919 horizontal wires in 6 frboxes.
[INFO DRT-0182] Complete track assignment.
[INFO DRT-0267] cpu time = 00:01:08, elapsed time = 00:00:14, memory = 3958.86 (MB), peak = 6380.89 (MB)
[INFO DRT-0187] Start routing data preparation.
[INFO DRT-0267] cpu time = 00:00:01, elapsed time = 00:00:01, memory = 4075.52 (MB), peak = 6380.89 (MB)
[INFO DRT-0194] Start detail routing.
[INFO DRT-0195] Start 0th optimization iteration.
    Completing 10% with 0 violations.
    elapsed time = 00:00:09, memory = 4351.11 (MB).
    Completing 20% with 0 violations.
    elapsed time = 00:00:19, memory = 3099.34 (MB).
    Completing 30% with 1940 violations.
    elapsed time = 00:00:33, memory = 4863.55 (MB).
    Completing 40% with 1940 violations.
    elapsed time = 00:00:43, memory = 4469.94 (MB).
    Completing 50% with 1940 violations.
    elapsed time = 00:00:52, memory = 3105.67 (MB).
    Completing 60% with 3601 violations.
    elapsed time = 00:01:07, memory = 4916.75 (MB).
    Completing 70% with 3601 violations.
    elapsed time = 00:01:15, memory = 4359.95 (MB).
    Completing 80% with 5258 violations.
    elapsed time = 00:01:32, memory = 5112.38 (MB).
    Completing 90% with 5258 violations.
    elapsed time = 00:01:40, memory = 4769.05 (MB).
    Completing 100% with 6575 violations.
    elapsed time = 00:01:55, memory = 5041.98 (MB).
[INFO DRT-0199]   Number of violations = 7396.
Viol/Layer         li1   mcon   met1    via   met2   met3   met4   met5
Cut Spacing          0      1      0      2      0      0      0      0
Metal Spacing        0      0    468      0    496    233     18      4
Min Hole             0      0      1      0      1      0      0      0
NS Metal             0      0      1      0      0      0      0      0
Recheck              2      0    186      0    316    270     37     10
Short                0      1   2014      3   2384    872     70      6
[INFO DRT-0267] cpu time = 00:16:50, elapsed time = 00:01:55, memory = 5084.39 (MB), peak = 6380.89 (MB)
Total wire length = 7377992 um.
Total wire length on LAYER li1 = 0 um.
Total wire length on LAYER met1 = 2420781 um.
Total wire length on LAYER met2 = 3168904 um.
Total wire length on LAYER met3 = 1211394 um.
Total wire length on LAYER met4 = 546947 um.
Total wire length on LAYER met5 = 29963 um.
Total number of vias = 1204817.
Up-via summary (total 1204817):

--------------------------
 FR_MASTERSLICE          0
            li1     510466
           met1     599553
           met2      77196
           met3      16865
           met4        737
--------------------------
               1204817


[INFO DRT-0195] Start 1st optimization iteration.
    Completing 10% with 7396 violations.
    elapsed time = 00:00:09, memory = 5439.20 (MB).
    Completing 20% with 7396 violations.
    elapsed time = 00:00:17, memory = 4660.84 (MB).
    Completing 30% with 6470 violations.
    elapsed time = 00:00:30, memory = 5446.34 (MB).
    Completing 40% with 6470 violations.
    elapsed time = 00:00:39, memory = 4791.12 (MB).
    Completing 50% with 6470 violations.
    elapsed time = 00:00:49, memory = 3484.27 (MB).
    Completing 60% with 5216 violations.
    elapsed time = 00:01:03, memory = 5083.80 (MB).
    Completing 70% with 5216 violations.
    elapsed time = 00:01:11, memory = 4848.27 (MB).
    Completing 80% with 4158 violations.
    elapsed time = 00:01:26, memory = 5297.75 (MB).
    Completing 90% with 4158 violations.
    elapsed time = 00:01:34, memory = 4906.42 (MB).
    Completing 100% with 3062 violations.
    elapsed time = 00:01:49, memory = 5215.44 (MB).
[INFO DRT-0199]   Number of violations = 3062.
Viol/Layer        mcon   met1   met2   via2   met3   met4
Cut Spacing          2      0      0      2      0      0
Metal Spacing        0    303    374      0    127      0
Short                0   1123    823      0    302      6
[INFO DRT-0267] cpu time = 00:16:07, elapsed time = 00:01:49, memory = 5327.09 (MB), peak = 6380.89 (MB)
Total wire length = 7376661 um.
Total wire length on LAYER li1 = 0 um.
Total wire length on LAYER met1 = 2420219 um.
Total wire length on LAYER met2 = 3168172 um.
Total wire length on LAYER met3 = 1211172 um.
Total wire length on LAYER met4 = 547132 um.
Total wire length on LAYER met5 = 29964 um.
Total number of vias = 1204661.
Up-via summary (total 1204661):

--------------------------
 FR_MASTERSLICE          0
            li1     510467
           met1     599323
           met2      77256
           met3      16878
           met4        737
--------------------------
               1204661


[INFO DRT-0195] Start 2nd optimization iteration.
    Completing 10% with 3062 violations.
    elapsed time = 00:00:01, memory = 5530.06 (MB).
    Completing 20% with 3062 violations.
    elapsed time = 00:00:03, memory = 5406.70 (MB).
    Completing 30% with 2959 violations.
    elapsed time = 00:00:06, memory = 4986.42 (MB).
    Completing 40% with 2959 violations.
    elapsed time = 00:00:08, memory = 5321.36 (MB).
    Completing 50% with 2959 violations.
    elapsed time = 00:00:13, memory = 4940.03 (MB).
    Completing 60% with 2829 violations.
    elapsed time = 00:00:15, memory = 4993.25 (MB).
    Completing 70% with 2829 violations.
    elapsed time = 00:00:17, memory = 4927.30 (MB).
    Completing 80% with 2651 violations.
    elapsed time = 00:00:21, memory = 4951.89 (MB).
    Completing 90% with 2651 violations.
    elapsed time = 00:00:23, memory = 4936.20 (MB).
    Completing 100% with 2588 violations.
    elapsed time = 00:00:27, memory = 4895.16 (MB).
[INFO DRT-0199]   Number of violations = 2588.
Viol/Layer        mcon   met1   met2   via2   met3   met4
Cut Spacing          1      0      0      0      0      0
Metal Spacing        0    269    282      0    130      0
Short                0    983    662      1    254      6
[INFO DRT-0267] cpu time = 00:04:12, elapsed time = 00:00:27, memory = 4827.34 (MB), peak = 6380.89 (MB)
Total wire length = 7376374 um.
Total wire length on LAYER li1 = 0 um.
Total wire length on LAYER met1 = 2420167 um.
Total wire length on LAYER met2 = 3167891 um.
Total wire length on LAYER met3 = 1211087 um.
Total wire length on LAYER met4 = 547238 um.
Total wire length on LAYER met5 = 29989 um.
Total number of vias = 1204599.
Up-via summary (total 1204599):

--------------------------
 FR_MASTERSLICE          0
            li1     510467
           met1     599314
           met2      77210
           met3      16871
           met4        737
--------------------------
               1204599


[INFO DRT-0195] Start 3rd optimization iteration.
    Completing 10% with 2588 violations.
    elapsed time = 00:00:01, memory = 4864.44 (MB).
    Completing 20% with 2588 violations.
    elapsed time = 00:00:04, memory = 4852.20 (MB).
    Completing 30% with 1996 violations.
    elapsed time = 00:00:12, memory = 4411.44 (MB).
    Completing 40% with 1996 violations.
    elapsed time = 00:00:14, memory = 4642.86 (MB).
    Completing 50% with 1996 violations.
    elapsed time = 00:00:22, memory = 4732.09 (MB).
    Completing 60% with 1490 violations.
    elapsed time = 00:00:23, memory = 4738.22 (MB).
    Completing 70% with 1490 violations.
    elapsed time = 00:00:26, memory = 4694.14 (MB).
    Completing 80% with 896 violations.
    elapsed time = 00:00:33, memory = 4589.83 (MB).
    Completing 90% with 896 violations.
    elapsed time = 00:00:34, memory = 4375.05 (MB).
    Completing 100% with 378 violations.
    elapsed time = 00:00:46, memory = 3804.95 (MB).
[INFO DRT-0199]   Number of violations = 378.
Viol/Layer        met1    via   met2   met3
Cut Spacing          0      1      0      0
Metal Spacing       73      0     67     13
Short              123      0     77     24
[INFO DRT-0267] cpu time = 00:05:58, elapsed time = 00:00:46, memory = 3853.20 (MB), peak = 6380.89 (MB)
Total wire length = 7376716 um.
Total wire length on LAYER li1 = 0 um.
Total wire length on LAYER met1 = 2419305 um.
Total wire length on LAYER met2 = 3165017 um.
Total wire length on LAYER met3 = 1211871 um.
Total wire length on LAYER met4 = 550430 um.
Total wire length on LAYER met5 = 30091 um.
Total number of vias = 1206107.
Up-via summary (total 1206107):

--------------------------
 FR_MASTERSLICE          0
            li1     510474
           met1     599851
           met2      77934
           met3      17113
           met4        735
--------------------------
               1206107


[INFO DRT-0195] Start 4th optimization iteration.
    Completing 10% with 378 violations.
    elapsed time = 00:00:00, memory = 3853.22 (MB).
    Completing 20% with 378 violations.
    elapsed time = 00:00:00, memory = 3853.23 (MB).
    Completing 30% with 346 violations.
    elapsed time = 00:00:01, memory = 3741.33 (MB).
    Completing 40% with 346 violations.
    elapsed time = 00:00:01, memory = 3741.33 (MB).
    Completing 50% with 346 violations.
    elapsed time = 00:00:09, memory = 3755.41 (MB).
    Completing 60% with 236 violations.
    elapsed time = 00:00:09, memory = 3755.59 (MB).
    Completing 70% with 236 violations.
    elapsed time = 00:00:09, memory = 3755.59 (MB).
    Completing 80% with 135 violations.
    elapsed time = 00:00:13, memory = 4000.28 (MB).
    Completing 90% with 135 violations.
    elapsed time = 00:00:13, memory = 4000.28 (MB).
    Completing 100% with 92 violations.
    elapsed time = 00:00:17, memory = 4002.72 (MB).
[INFO DRT-0199]   Number of violations = 92.
Viol/Layer        met1   met2   met3
Metal Spacing       20      8      4
Short               36     15      9
[INFO DRT-0267] cpu time = 00:00:55, elapsed time = 00:00:17, memory = 4021.17 (MB), peak = 6380.89 (MB)
Total wire length = 7376691 um.
Total wire length on LAYER li1 = 0 um.
Total wire length on LAYER met1 = 2419116 um.
Total wire length on LAYER met2 = 3164731 um.
Total wire length on LAYER met3 = 1212002 um.
Total wire length on LAYER met4 = 550750 um.
Total wire length on LAYER met5 = 30091 um.
Total number of vias = 1206166.
Up-via summary (total 1206166):

--------------------------
 FR_MASTERSLICE          0
            li1     510479
           met1     599855
           met2      77967
           met3      17130
           met4        735
--------------------------
               1206166


[INFO DRT-0195] Start 5th guides tiles iteration.
    Completing 10% with 92 violations.
    elapsed time = 00:00:00, memory = 4131.67 (MB).
    Completing 20% with 92 violations.
    elapsed time = 00:00:00, memory = 4132.14 (MB).
    Completing 30% with 92 violations.
    elapsed time = 00:00:01, memory = 4132.33 (MB).
    Completing 40% with 51 violations.
    elapsed time = 00:00:01, memory = 4132.41 (MB).
    Completing 50% with 51 violations.
    elapsed time = 00:00:01, memory = 4132.41 (MB).
    Completing 60% with 51 violations.
    elapsed time = 00:00:01, memory = 4132.42 (MB).
    Completing 70% with 51 violations.
    elapsed time = 00:00:02, memory = 4129.45 (MB).
    Completing 80% with 36 violations.
    elapsed time = 00:00:03, memory = 4181.77 (MB).
    Completing 90% with 36 violations.
    elapsed time = 00:00:04, memory = 4085.53 (MB).
    Completing 100% with 21 violations.
    elapsed time = 00:00:05, memory = 4136.20 (MB).
[INFO DRT-0199]   Number of violations = 21.
Viol/Layer        met1   met2
Metal Spacing        6      3
Short               12      0
[INFO DRT-0267] cpu time = 00:00:10, elapsed time = 00:00:05, memory = 4135.75 (MB), peak = 6380.89 (MB)
Total wire length = 7376641 um.
Total wire length on LAYER li1 = 0 um.
Total wire length on LAYER met1 = 2419349 um.
Total wire length on LAYER met2 = 3164527 um.
Total wire length on LAYER met3 = 1211343 um.
Total wire length on LAYER met4 = 550946 um.
Total wire length on LAYER met5 = 30474 um.
Total number of vias = 1206162.
Up-via summary (total 1206162):

--------------------------
 FR_MASTERSLICE          0
            li1     510480
           met1     599853
           met2      77960
           met3      17132
           met4        737
--------------------------
               1206162


[INFO DRT-0195] Start 6th guides tiles iteration.
    Completing 10% with 21 violations.
    elapsed time = 00:00:00, memory = 4118.12 (MB).
    Completing 20% with 21 violations.
    elapsed time = 00:00:00, memory = 4118.12 (MB).
    Completing 40% with 21 violations.
    elapsed time = 00:00:00, memory = 4118.14 (MB).
    Completing 50% with 20 violations.
    elapsed time = 00:00:00, memory = 4118.14 (MB).
    Completing 70% with 20 violations.
    elapsed time = 00:00:00, memory = 4113.64 (MB).
    Completing 80% with 20 violations.
    elapsed time = 00:00:01, memory = 3871.42 (MB).
    Completing 100% with 20 violations.
    elapsed time = 00:00:03, memory = 3150.44 (MB).
[INFO DRT-0199]   Number of violations = 20.
Viol/Layer        met1   met2
Metal Spacing        6      2
Short               12      0
[INFO DRT-0267] cpu time = 00:00:03, elapsed time = 00:00:03, memory = 3153.70 (MB), peak = 6380.89 (MB)
Total wire length = 7376641 um.
Total wire length on LAYER li1 = 0 um.
Total wire length on LAYER met1 = 2419349 um.
Total wire length on LAYER met2 = 3164527 um.
Total wire length on LAYER met3 = 1211343 um.
Total wire length on LAYER met4 = 550946 um.
Total wire length on LAYER met5 = 30474 um.
Total number of vias = 1206162.
Up-via summary (total 1206162):

--------------------------
 FR_MASTERSLICE          0
            li1     510480
           met1     599853
           met2      77960
           met3      17132
           met4        737
--------------------------
               1206162


[INFO DRT-0195] Start 7th guides tiles iteration.
    Completing 20% with 20 violations.
    elapsed time = 00:00:00, memory = 3148.81 (MB).
    Completing 40% with 20 violations.
    elapsed time = 00:00:00, memory = 3148.81 (MB).
    Completing 60% with 20 violations.
    elapsed time = 00:00:00, memory = 3118.86 (MB).
    Completing 80% with 20 violations.
    elapsed time = 00:00:01, memory = 3063.92 (MB).
    Completing 100% with 20 violations.
    elapsed time = 00:00:03, memory = 3049.61 (MB).
[INFO DRT-0199]   Number of violations = 20.
Viol/Layer        met1   met2
Metal Spacing        6      2
Short               12      0
[INFO DRT-0267] cpu time = 00:00:03, elapsed time = 00:00:03, memory = 3049.61 (MB), peak = 6380.89 (MB)
Total wire length = 7376641 um.
Total wire length on LAYER li1 = 0 um.
Total wire length on LAYER met1 = 2419349 um.
Total wire length on LAYER met2 = 3164527 um.
Total wire length on LAYER met3 = 1211343 um.
Total wire length on LAYER met4 = 550946 um.
Total wire length on LAYER met5 = 30474 um.
Total number of vias = 1206162.
Up-via summary (total 1206162):

--------------------------
 FR_MASTERSLICE          0
            li1     510480
           met1     599853
           met2      77960
           met3      17132
           met4        737
--------------------------
               1206162


[INFO DRT-0195] Start 8th stubborn tiles iteration.
    Completing 10% with 20 violations.
    elapsed time = 00:00:05, memory = 3216.69 (MB).
    Completing 20% with 20 violations.
    elapsed time = 00:00:09, memory = 3327.08 (MB).
    Completing 30% with 20 violations.
    elapsed time = 00:00:11, memory = 3420.95 (MB).
    Completing 40% with 20 violations.
    elapsed time = 00:00:15, memory = 3475.53 (MB).
    Completing 50% with 20 violations.
    elapsed time = 00:00:18, memory = 3508.03 (MB).
    Completing 60% with 20 violations.
    elapsed time = 00:00:25, memory = 3273.16 (MB).
    Completing 70% with 20 violations.
    elapsed time = 00:00:30, memory = 3300.62 (MB).
    Completing 80% with 20 violations.
    elapsed time = 00:00:38, memory = 3490.70 (MB).
    Completing 90% with 20 violations.
    elapsed time = 00:00:43, memory = 3555.97 (MB).
    Completing 100% with 0 violations.
    elapsed time = 00:00:56, memory = 3776.42 (MB).
[INFO DRT-0199]   Number of violations = 0.
[INFO DRT-0267] cpu time = 00:08:29, elapsed time = 00:00:56, memory = 3777.33 (MB), peak = 6380.89 (MB)
Total wire length = 7376632 um.
Total wire length on LAYER li1 = 0 um.
Total wire length on LAYER met1 = 2419387 um.
Total wire length on LAYER met2 = 3164534 um.
Total wire length on LAYER met3 = 1211288 um.
Total wire length on LAYER met4 = 550946 um.
Total wire length on LAYER met5 = 30474 um.
Total number of vias = 1206158.
Up-via summary (total 1206158):

--------------------------
 FR_MASTERSLICE          0
            li1     510480
           met1     599860
           met2      77949
           met3      17132
           met4        737
--------------------------
               1206158


[INFO DRT-0198] Complete detail routing.
Total wire length = 7376632 um.
Total wire length on LAYER li1 = 0 um.
Total wire length on LAYER met1 = 2419387 um.
Total wire length on LAYER met2 = 3164534 um.
Total wire length on LAYER met3 = 1211288 um.
Total wire length on LAYER met4 = 550946 um.
Total wire length on LAYER met5 = 30474 um.
Total number of vias = 1206158.
Up-via summary (total 1206158):

--------------------------
 FR_MASTERSLICE          0
            li1     510480
           met1     599860
           met2      77949
           met3      17132
           met4        737
--------------------------
               1206158


[INFO DRT-0267] cpu time = 00:52:53, elapsed time = 00:06:27, memory = 3792.50 (MB), peak = 6380.89 (MB)

[INFO DRT-0180] Post processing.
[INFO DRT-0501] Runtime: 665.08s
[INFO ANT-0002] Found 15 net violations.
[INFO ANT-0001] Found 25 pin violations.
[INFO GRT-0012] Found 15 antenna violations.
[WARNING GRT-0243] Unable to repair antennas on net with diodes.
[INFO DPL-0006] Core area: 3527558.21 um^2
[INFO DPL-0007] Movable instances area: 75.07 um^2
[INFO DPL-0008] Fixed instances area within core: 1905218.51 um^2
[INFO DPL-0009] Utilization: 54.0%
[INFO DPL-0005] Diamond search max displacement: +/- 500 sites horizontally, +/- 100 rows vertically.
[INFO DPL-1102] Legalizing using negotiation legalizer.
[INFO DPL-1103] Negotiation base search window: +/-20 sites horizontally, +/-5 rows vertically 
	Automatic search window extension enabled.
	Search window extendable up to the max displacement cap of +/-500 sites, +/-100 rows near walls.
[INFO DPL-1104] NegotiationLegalizer DRC penalty: 5.
[INFO DPL-0392] Negotiation cell height distribution (1 unique row-count(s)):
[INFO DPL-0393]   height 1 row(s): 191135 cells
          |      Total |  Illegal |  Illegal
Iteration | Violations |    Cells |    Sites
---------------------------------------------
        0 |          0 |         0 |         0
Negotiation phase 1 converged at iteration 0.
[INFO DPL-0500] Runtime: 0.80s
[INFO GRT-0015] Inserted 84 diodes.
[INFO DRT-0018]   Complete 100000 insts.
[INFO DRT-0024]   Complete FR_MASTERSLICE.
[INFO DRT-0024]   Complete Fr_VIA.
[INFO DRT-0024]   Complete li1.
[INFO DRT-0024]   Complete mcon.
[INFO DRT-0024]   Complete met1.
[INFO DRT-0024]   Complete via.
[INFO DRT-0024]   Complete met2.
[INFO DRT-0024]   Complete via2.
[INFO DRT-0024]   Complete met3.
[INFO DRT-0024]   Complete via3.
[INFO DRT-0024]   Complete met4.
[INFO DRT-0024]   Complete via4.
[INFO DRT-0024]   Complete met5.
[INFO DRT-0165] Start pin access.
[INFO DRT-0076]   Complete 1000 pins.
[INFO DRT-0076]   Complete 2000 pins.
[INFO DRT-0076]   Complete 3000 pins.
[INFO DRT-0078]   Complete 3709 pins.
[INFO DRT-0079]   Complete 100 unique inst patterns.
[INFO DRT-0079]   Complete 200 unique inst patterns.
[INFO DRT-0079]   Complete 300 unique inst patterns.
[INFO DRT-0079]   Complete 400 unique inst patterns.
[INFO DRT-0081]   Complete 447 unique inst patterns.
[INFO DRT-0082]   Complete 10000 groups.
[INFO DRT-0082]   Complete 20000 groups.
[INFO DRT-0082]   Complete 30000 groups.
[INFO DRT-0082]   Complete 40000 groups.
[INFO DRT-0082]   Complete 50000 groups.
[INFO DRT-0082]   Complete 60000 groups.
[INFO DRT-0082]   Complete 70000 groups.
[INFO DRT-0082]   Complete 80000 groups.
[INFO DRT-0082]   Complete 90000 groups.
[INFO DRT-0082]   Complete 100000 groups.
[INFO DRT-0084]   Complete 102726 groups.
#scanned instances     = 191135
#unique  instances     = 447
#stdCellGenAp          = 14573
#stdCellValidPlanarAp  = 122
#stdCellValidViaAp     = 10839
#stdCellPinNoAp        = 6
#stdCellPinCnt         = 508315
#instTermValidViaApCnt = 0
#macroGenAp            = 0
#macroValidPlanarAp    = 0
#macroValidViaAp       = 0
#macroNoAp             = 0
[INFO DRT-0166] Complete pin access.
[INFO DRT-0267] cpu time = 00:46:42, elapsed time = 00:04:20, memory = 2914.69 (MB), peak = 6380.89 (MB)
[INFO DRT-0156] guideIn read 100000 guides.
[INFO DRT-0156] guideIn read 200000 guides.
[INFO DRT-0156] guideIn read 300000 guides.
[INFO DRT-0156] guideIn read 400000 guides.
[INFO DRT-0156] guideIn read 500000 guides.
[INFO DRT-0156] guideIn read 600000 guides.
[INFO DRT-0156] guideIn read 700000 guides.
[INFO DRT-0156] guideIn read 800000 guides.
[INFO DRT-0156] guideIn read 900000 guides.
[INFO DRT-0156] guideIn read 1000000 guides.

[INFO DRT-0157] Number of guides:     1327184

[INFO DRT-0169] Post process guides.
[INFO DRT-0176] GCELLGRID X 0 DO 275 STEP 6900 ;
[INFO DRT-0177] GCELLGRID Y 0 DO 275 STEP 6900 ;
[INFO DRT-0026]   Complete 100000 origin guides.
[INFO DRT-0026]   Complete 200000 origin guides.
[INFO DRT-0026]   Complete 300000 origin guides.
[INFO DRT-0026]   Complete 400000 origin guides.
[INFO DRT-0026]   Complete 500000 origin guides.
[INFO DRT-0026]   Complete 600000 origin guides.
[INFO DRT-0026]   Complete 700000 origin guides.
[INFO DRT-0026]   Complete 800000 origin guides.
[INFO DRT-0026]   Complete 900000 origin guides.
[INFO DRT-0027]   Complete 1000000 origin guides.
[INFO DRT-0028]   Complete FR_MASTERSLICE.
[INFO DRT-0028]   Complete Fr_VIA.
[INFO DRT-0028]   Complete li1.
[INFO DRT-0028]   Complete mcon.
[INFO DRT-0028]   Complete met1.
[INFO DRT-0028]   Complete via.
[INFO DRT-0028]   Complete met2.
[INFO DRT-0028]   Complete via2.
[INFO DRT-0028]   Complete met3.
[INFO DRT-0028]   Complete via3.
[INFO DRT-0028]   Complete met4.
[INFO DRT-0028]   Complete via4.
[INFO DRT-0028]   Complete met5.
  complete 100000 nets.
[INFO DRT-0178] Init guide query.
[INFO DRT-0029]   Complete 100000 nets (guide).
[INFO DRT-0035]   Complete FR_MASTERSLICE (guide).
[INFO DRT-0035]   Complete Fr_VIA (guide).
[INFO DRT-0035]   Complete li1 (guide).
[INFO DRT-0035]   Complete mcon (guide).
[INFO DRT-0035]   Complete met1 (guide).
[INFO DRT-0035]   Complete via (guide).
[INFO DRT-0035]   Complete met2 (guide).
[INFO DRT-0035]   Complete via2 (guide).
[INFO DRT-0035]   Complete met3 (guide).
[INFO DRT-0035]   Complete via3 (guide).
[INFO DRT-0035]   Complete met4 (guide).
[INFO DRT-0035]   Complete via4 (guide).
[INFO DRT-0035]   Complete met5 (guide).
[INFO DRT-0036] FR_MASTERSLICE guide region query size = 0.
[INFO DRT-0036] FR_VIA guide region query size = 0.
[INFO DRT-0036] li1 guide region query size = 428038.
[INFO DRT-0036] mcon guide region query size = 0.
[INFO DRT-0036] met1 guide region query size = 386404.
[INFO DRT-0036] via guide region query size = 0.
[INFO DRT-0036] met2 guide region query size = 223999.
[INFO DRT-0036] via2 guide region query size = 0.
[INFO DRT-0036] met3 guide region query size = 34819.
[INFO DRT-0036] via3 guide region query size = 0.
[INFO DRT-0036] met4 guide region query size = 9490.
[INFO DRT-0036] via4 guide region query size = 0.
[INFO DRT-0036] met5 guide region query size = 445.
[INFO DRT-0179] Init gr pin query.
[INFO DRT-0267] cpu time = 00:00:04, elapsed time = 00:00:01, memory = 3126.75 (MB), peak = 6380.89 (MB)
[INFO DRT-0245] skipped writing guide updates to database.
[INFO DRT-0181] Start track assignment.
[INFO DRT-0184] Done with 661527 vertical wires in 6 frboxes and 421668 horizontal wires in 6 frboxes.
[INFO DRT-0186] Done with 87151 vertical wires in 6 frboxes and 126716 horizontal wires in 6 frboxes.
[INFO DRT-0182] Complete track assignment.
[INFO DRT-0267] cpu time = 00:01:08, elapsed time = 00:00:14, memory = 3907.11 (MB), peak = 6380.89 (MB)
[INFO DRT-0187] Start routing data preparation.
[INFO DRT-0267] cpu time = 00:00:01, elapsed time = 00:00:01, memory = 4316.39 (MB), peak = 6380.89 (MB)
[INFO DRT-0194] Start detail routing.
[INFO DRT-0195] Start 0th optimization iteration.
    Completing 10% with 0 violations.
    elapsed time = 00:00:08, memory = 4474.58 (MB).
    Completing 20% with 0 violations.
    elapsed time = 00:00:17, memory = 3561.98 (MB).
    Completing 30% with 719 violations.
    elapsed time = 00:00:32, memory = 5305.02 (MB).
    Completing 40% with 719 violations.
    elapsed time = 00:00:40, memory = 4913.64 (MB).
    Completing 50% with 719 violations.
    elapsed time = 00:00:48, memory = 3584.66 (MB).
    Completing 60% with 1248 violations.
    elapsed time = 00:01:01, memory = 5251.52 (MB).
    Completing 70% with 1248 violations.
    elapsed time = 00:01:09, memory = 4458.67 (MB).
    Completing 80% with 1877 violations.
    elapsed time = 00:01:23, memory = 5377.64 (MB).
    Completing 90% with 1877 violations.
    elapsed time = 00:01:30, memory = 5019.22 (MB).
    Completing 100% with 2233 violations.
    elapsed time = 00:01:44, memory = 5532.64 (MB).
[INFO DRT-0199]   Number of violations = 2629.
Viol/Layer        met1    via   met2   met3   met4   met5
Metal Spacing      153      0    121     98     17      1
Min Hole             1      0      0      0      0      0
Recheck            100      0    129    135     24      8
Short              637      1    700    436     59      9
[INFO DRT-0267] cpu time = 00:15:14, elapsed time = 00:01:45, memory = 5592.48 (MB), peak = 6380.89 (MB)
Total wire length = 7377646 um.
Total wire length on LAYER li1 = 0 um.
Total wire length on LAYER met1 = 2420110 um.
Total wire length on LAYER met2 = 3165039 um.
Total wire length on LAYER met3 = 1211646 um.
Total wire length on LAYER met4 = 550697 um.
Total wire length on LAYER met5 = 30153 um.
Total number of vias = 1206079.
Up-via summary (total 1206079):

--------------------------
 FR_MASTERSLICE          0
            li1     510573
           met1     599921
           met2      77767
           met3      17083
           met4        735
--------------------------
               1206079


[INFO DRT-0195] Start 1st optimization iteration.
    Completing 10% with 2629 violations.
    elapsed time = 00:00:08, memory = 5724.56 (MB).
    Completing 20% with 2629 violations.
    elapsed time = 00:00:16, memory = 4918.09 (MB).
    Completing 30% with 2231 violations.
    elapsed time = 00:00:28, memory = 5783.39 (MB).
    Completing 40% with 2231 violations.
    elapsed time = 00:00:37, memory = 5583.59 (MB).
    Completing 50% with 2231 violations.
    elapsed time = 00:00:45, memory = 4647.12 (MB).
    Completing 60% with 1678 violations.
    elapsed time = 00:00:58, memory = 5723.12 (MB).
    Completing 70% with 1678 violations.
    elapsed time = 00:01:06, memory = 5168.39 (MB).
    Completing 80% with 1227 violations.
    elapsed time = 00:01:20, memory = 5840.05 (MB).
    Completing 90% with 1227 violations.
    elapsed time = 00:01:28, memory = 5349.25 (MB).
    Completing 100% with 760 violations.
    elapsed time = 00:01:40, memory = 5828.86 (MB).
[INFO DRT-0199]   Number of violations = 760.
Viol/Layer        met1    via   met2   met3   met4
Cut Spacing          0      1      0      0      0
Metal Spacing       63      0     70     50      0
Short              233      0    186    152      5
[INFO DRT-0267] cpu time = 00:14:57, elapsed time = 00:01:40, memory = 5815.06 (MB), peak = 6380.89 (MB)
Total wire length = 7376980 um.
Total wire length on LAYER li1 = 0 um.
Total wire length on LAYER met1 = 2419905 um.
Total wire length on LAYER met2 = 3164869 um.
Total wire length on LAYER met3 = 1211486 um.
Total wire length on LAYER met4 = 550579 um.
Total wire length on LAYER met5 = 30139 um.
Total number of vias = 1205981.
Up-via summary (total 1205981):

--------------------------
 FR_MASTERSLICE          0
            li1     510571
           met1     599815
           met2      77771
           met3      17089
           met4        735
--------------------------
               1205981


[INFO DRT-0195] Start 2nd optimization iteration.
    Completing 10% with 760 violations.
    elapsed time = 00:00:00, memory = 5919.84 (MB).
    Completing 20% with 760 violations.
    elapsed time = 00:00:01, memory = 5976.78 (MB).
    Completing 30% with 704 violations.
    elapsed time = 00:00:03, memory = 5688.22 (MB).
    Completing 40% with 704 violations.
    elapsed time = 00:00:03, memory = 5872.83 (MB).
    Completing 50% with 704 violations.
    elapsed time = 00:00:06, memory = 5714.03 (MB).
    Completing 60% with 707 violations.
    elapsed time = 00:00:06, memory = 5655.38 (MB).
    Completing 70% with 707 violations.
    elapsed time = 00:00:07, memory = 5700.08 (MB).
    Completing 80% with 670 violations.
    elapsed time = 00:00:09, memory = 5725.05 (MB).
    Completing 90% with 670 violations.
    elapsed time = 00:00:09, memory = 5731.56 (MB).
    Completing 100% with 608 violations.
    elapsed time = 00:00:12, memory = 5595.09 (MB).
[INFO DRT-0199]   Number of violations = 608.
Viol/Layer        met1   met2   met3   met4
Metal Spacing       63     59     32      2
Short              177    149    118      8
[INFO DRT-0267] cpu time = 00:01:43, elapsed time = 00:00:12, memory = 5642.97 (MB), peak = 6380.89 (MB)
Total wire length = 7376894 um.
Total wire length on LAYER li1 = 0 um.
Total wire length on LAYER met1 = 2419885 um.
Total wire length on LAYER met2 = 3164835 um.
Total wire length on LAYER met3 = 1211447 um.
Total wire length on LAYER met4 = 550604 um.
Total wire length on LAYER met5 = 30121 um.
Total number of vias = 1205975.
Up-via summary (total 1205975):

--------------------------
 FR_MASTERSLICE          0
            li1     510568
           met1     599813
           met2      77768
           met3      17091
           met4        735
--------------------------
               1205975


[INFO DRT-0195] Start 3rd optimization iteration.
    Completing 10% with 608 violations.
    elapsed time = 00:00:00, memory = 5641.09 (MB).
    Completing 20% with 608 violations.
    elapsed time = 00:00:01, memory = 5531.42 (MB).
    Completing 30% with 474 violations.
    elapsed time = 00:00:05, memory = 5034.28 (MB).
    Completing 40% with 474 violations.
    elapsed time = 00:00:05, memory = 5034.41 (MB).
    Completing 50% with 474 violations.
    elapsed time = 00:00:09, memory = 4691.69 (MB).
    Completing 60% with 415 violations.
    elapsed time = 00:00:09, memory = 4673.36 (MB).
    Completing 70% with 415 violations.
    elapsed time = 00:00:10, memory = 4639.83 (MB).
    Completing 80% with 202 violations.
    elapsed time = 00:00:14, memory = 4518.06 (MB).
    Completing 90% with 202 violations.
    elapsed time = 00:00:14, memory = 4518.11 (MB).
    Completing 100% with 87 violations.
    elapsed time = 00:00:17, memory = 4514.05 (MB).
[INFO DRT-0199]   Number of violations = 87.
Viol/Layer        met1   met2
Metal Spacing        8     15
Min Hole             1      0
Short               31     32
[INFO DRT-0267] cpu time = 00:01:38, elapsed time = 00:00:18, memory = 4538.30 (MB), peak = 6380.89 (MB)
Total wire length = 7376864 um.
Total wire length on LAYER li1 = 0 um.
Total wire length on LAYER met1 = 2419898 um.
Total wire length on LAYER met2 = 3164449 um.
Total wire length on LAYER met3 = 1211311 um.
Total wire length on LAYER met4 = 551071 um.
Total wire length on LAYER met5 = 30133 um.
Total number of vias = 1206290.
Up-via summary (total 1206290):

--------------------------
 FR_MASTERSLICE          0
            li1     510573
           met1     599895
           met2      77951
           met3      17136
           met4        735
--------------------------
               1206290


[INFO DRT-0195] Start 4th guides tiles iteration.
    Completing 10% with 87 violations.
    elapsed time = 00:00:00, memory = 4460.61 (MB).
    Completing 20% with 87 violations.
    elapsed time = 00:00:00, memory = 4460.61 (MB).
    Completing 30% with 87 violations.
    elapsed time = 00:00:00, memory = 4460.61 (MB).
    Completing 40% with 87 violations.
    elapsed time = 00:00:00, memory = 4460.61 (MB).
    Completing 50% with 87 violations.
    elapsed time = 00:00:04, memory = 4110.61 (MB).
    Completing 60% with 20 violations.
    elapsed time = 00:00:04, memory = 4111.03 (MB).
    Completing 70% with 20 violations.
    elapsed time = 00:00:04, memory = 4111.03 (MB).
    Completing 80% with 20 violations.
    elapsed time = 00:00:04, memory = 4111.03 (MB).
    Completing 90% with 20 violations.
    elapsed time = 00:00:04, memory = 4117.69 (MB).
    Completing 100% with 4 violations.
    elapsed time = 00:00:04, memory = 4118.20 (MB).
[INFO DRT-0199]   Number of violations = 4.
Viol/Layer        met1
Metal Spacing        3
Short                1
[INFO DRT-0267] cpu time = 00:00:07, elapsed time = 00:00:05, memory = 4139.72 (MB), peak = 6380.89 (MB)
Total wire length = 7376832 um.
Total wire length on LAYER li1 = 0 um.
Total wire length on LAYER met1 = 2419893 um.
Total wire length on LAYER met2 = 3164296 um.
Total wire length on LAYER met3 = 1211284 um.
Total wire length on LAYER met4 = 551224 um.
Total wire length on LAYER met5 = 30133 um.
Total number of vias = 1206326.
Up-via summary (total 1206326):

--------------------------
 FR_MASTERSLICE          0
            li1     510572
           met1     599920
           met2      77953
           met3      17146
           met4        735
--------------------------
               1206326


[INFO DRT-0195] Start 5th guides tiles iteration.
    Completing 50% with 4 violations.
    elapsed time = 00:00:00, memory = 4156.08 (MB).
    Completing 100% with 1 violations.
    elapsed time = 00:00:00, memory = 4156.08 (MB).
[INFO DRT-0199]   Number of violations = 1.
Viol/Layer        met1
Short                1
[INFO DRT-0267] cpu time = 00:00:00, elapsed time = 00:00:00, memory = 4156.64 (MB), peak = 6380.89 (MB)
Total wire length = 7376831 um.
Total wire length on LAYER li1 = 0 um.
Total wire length on LAYER met1 = 2419884 um.
Total wire length on LAYER met2 = 3164291 um.
Total wire length on LAYER met3 = 1211292 um.
Total wire length on LAYER met4 = 551229 um.
Total wire length on LAYER met5 = 30133 um.
Total number of vias = 1206323.
Up-via summary (total 1206323):

--------------------------
 FR_MASTERSLICE          0
            li1     510572
           met1     599917
           met2      77953
           met3      17146
           met4        735
--------------------------
               1206323


[INFO DRT-0195] Start 6th guides tiles iteration.
    Completing 100% with 1 violations.
    elapsed time = 00:00:00, memory = 4156.64 (MB).
[INFO DRT-0199]   Number of violations = 1.
Viol/Layer        met1
Short                1
[INFO DRT-0267] cpu time = 00:00:00, elapsed time = 00:00:00, memory = 4156.64 (MB), peak = 6380.89 (MB)
Total wire length = 7376831 um.
Total wire length on LAYER li1 = 0 um.
Total wire length on LAYER met1 = 2419884 um.
Total wire length on LAYER met2 = 3164291 um.
Total wire length on LAYER met3 = 1211292 um.
Total wire length on LAYER met4 = 551229 um.
Total wire length on LAYER met5 = 30133 um.
Total number of vias = 1206323.
Up-via summary (total 1206323):

--------------------------
 FR_MASTERSLICE          0
            li1     510572
           met1     599917
           met2      77953
           met3      17146
           met4        735
--------------------------
               1206323


[INFO DRT-0195] Start 7th stubborn tiles iteration.
    Completing 10% with 1 violations.
    elapsed time = 00:00:00, memory = 4404.48 (MB).
    Completing 20% with 1 violations.
    elapsed time = 00:00:01, memory = 4086.50 (MB).
    Completing 30% with 1 violations.
    elapsed time = 00:00:01, memory = 4042.31 (MB).
    Completing 40% with 1 violations.
    elapsed time = 00:00:02, memory = 4054.55 (MB).
    Completing 50% with 1 violations.
    elapsed time = 00:00:02, memory = 4057.50 (MB).
    Completing 60% with 1 violations.
    elapsed time = 00:00:02, memory = 4068.42 (MB).
    Completing 70% with 1 violations.
    elapsed time = 00:00:03, memory = 4167.38 (MB).
    Completing 80% with 1 violations.
    elapsed time = 00:00:03, memory = 4030.33 (MB).
    Completing 90% with 1 violations.
    elapsed time = 00:00:06, memory = 3977.88 (MB).
    Completing 100% with 0 violations.
    elapsed time = 00:00:10, memory = 3905.17 (MB).
[INFO DRT-0199]   Number of violations = 0.
[INFO DRT-0267] cpu time = 00:01:06, elapsed time = 00:00:10, memory = 3905.20 (MB), peak = 6380.89 (MB)
Total wire length = 7376831 um.
Total wire length on LAYER li1 = 0 um.
Total wire length on LAYER met1 = 2419883 um.
Total wire length on LAYER met2 = 3164292 um.
Total wire length on LAYER met3 = 1211292 um.
Total wire length on LAYER met4 = 551229 um.
Total wire length on LAYER met5 = 30133 um.
Total number of vias = 1206323.
Up-via summary (total 1206323):

--------------------------
 FR_MASTERSLICE          0
            li1     510572
           met1     599917
           met2      77953
           met3      17146
           met4        735
--------------------------
               1206323


[INFO DRT-0198] Complete detail routing.
Total wire length = 7376831 um.
Total wire length on LAYER li1 = 0 um.
Total wire length on LAYER met1 = 2419883 um.
Total wire length on LAYER met2 = 3164292 um.
Total wire length on LAYER met3 = 1211292 um.
Total wire length on LAYER met4 = 551229 um.
Total wire length on LAYER met5 = 30133 um.
Total number of vias = 1206323.
Up-via summary (total 1206323):

--------------------------
 FR_MASTERSLICE          0
            li1     510572
           met1     599917
           met2      77953
           met3      17146
           met4        735
--------------------------
               1206323


[INFO DRT-0267] cpu time = 00:34:50, elapsed time = 00:04:15, memory = 3905.23 (MB), peak = 6380.89 (MB)

[INFO DRT-0180] Post processing.
[INFO DRT-0501] Runtime: 540.05s
[INFO ANT-0002] Found 6 net violations.
[INFO ANT-0001] Found 7 pin violations.
[INFO GRT-0012] Found 6 antenna violations.
[INFO DPL-0006] Core area: 3527558.21 um^2
[INFO DPL-0007] Movable instances area: 17.52 um^2
[INFO DPL-0008] Fixed instances area within core: 1905361.14 um^2
[INFO DPL-0009] Utilization: 54.0%
[INFO DPL-0005] Diamond search max displacement: +/- 500 sites horizontally, +/- 100 rows vertically.
[INFO DPL-1102] Legalizing using negotiation legalizer.
[INFO DPL-1103] Negotiation base search window: +/-20 sites horizontally, +/-5 rows vertically 
	Automatic search window extension enabled.
	Search window extendable up to the max displacement cap of +/-500 sites, +/-100 rows near walls.
[INFO DPL-1104] NegotiationLegalizer DRC penalty: 5.
[INFO DPL-0392] Negotiation cell height distribution (1 unique row-count(s)):
[INFO DPL-0393]   height 1 row(s): 191169 cells
          |      Total |  Illegal |  Illegal
Iteration | Violations |    Cells |    Sites
---------------------------------------------
        0 |          0 |         0 |         0
Negotiation phase 1 converged at iteration 0.
[INFO DPL-0500] Runtime: 0.73s
[INFO GRT-0015] Inserted 34 diodes.
[INFO DRT-0018]   Complete 100000 insts.
[INFO DRT-0024]   Complete FR_MASTERSLICE.
[INFO DRT-0024]   Complete Fr_VIA.
[INFO DRT-0024]   Complete li1.
[INFO DRT-0024]   Complete mcon.
[INFO DRT-0024]   Complete met1.
[INFO DRT-0024]   Complete via.
[INFO DRT-0024]   Complete met2.
[INFO DRT-0024]   Complete via2.
[INFO DRT-0024]   Complete met3.
[INFO DRT-0024]   Complete via3.
[INFO DRT-0024]   Complete met4.
[INFO DRT-0024]   Complete via4.
[INFO DRT-0024]   Complete met5.
[INFO DRT-0165] Start pin access.
[INFO DRT-0076]   Complete 1000 pins.
[INFO DRT-0076]   Complete 2000 pins.
[INFO DRT-0076]   Complete 3000 pins.
[INFO DRT-0078]   Complete 3709 pins.
[INFO DRT-0079]   Complete 100 unique inst patterns.
[INFO DRT-0079]   Complete 200 unique inst patterns.
[INFO DRT-0079]   Complete 300 unique inst patterns.
[INFO DRT-0079]   Complete 400 unique inst patterns.
[INFO DRT-0081]   Complete 447 unique inst patterns.
[INFO DRT-0082]   Complete 10000 groups.
[INFO DRT-0082]   Complete 20000 groups.
[INFO DRT-0082]   Complete 30000 groups.
[INFO DRT-0082]   Complete 40000 groups.
[INFO DRT-0082]   Complete 50000 groups.
[INFO DRT-0082]   Complete 60000 groups.
[INFO DRT-0082]   Complete 70000 groups.
[INFO DRT-0082]   Complete 80000 groups.
[INFO DRT-0082]   Complete 90000 groups.
[INFO DRT-0082]   Complete 100000 groups.
[INFO DRT-0084]   Complete 102745 groups.
#scanned instances     = 191169
#unique  instances     = 447
#stdCellGenAp          = 14573
#stdCellValidPlanarAp  = 122
#stdCellValidViaAp     = 10839
#stdCellPinNoAp        = 6
#stdCellPinCnt         = 508315
#instTermValidViaApCnt = 0
#macroGenAp            = 0
#macroValidPlanarAp    = 0
#macroValidViaAp       = 0
#macroNoAp             = 0
[INFO DRT-0166] Complete pin access.
[INFO DRT-0267] cpu time = 00:48:10, elapsed time = 00:04:30, memory = 3566.75 (MB), peak = 6380.89 (MB)
[INFO DRT-0156] guideIn read 100000 guides.
[INFO DRT-0156] guideIn read 200000 guides.
[INFO DRT-0156] guideIn read 300000 guides.
[INFO DRT-0156] guideIn read 400000 guides.
[INFO DRT-0156] guideIn read 500000 guides.
[INFO DRT-0156] guideIn read 600000 guides.
[INFO DRT-0156] guideIn read 700000 guides.
[INFO DRT-0156] guideIn read 800000 guides.
[INFO DRT-0156] guideIn read 900000 guides.
[INFO DRT-0156] guideIn read 1000000 guides.

[INFO DRT-0157] Number of guides:     1327228

[INFO DRT-0169] Post process guides.
[INFO DRT-0176] GCELLGRID X 0 DO 275 STEP 6900 ;
[INFO DRT-0177] GCELLGRID Y 0 DO 275 STEP 6900 ;
[INFO DRT-0026]   Complete 100000 origin guides.
[INFO DRT-0026]   Complete 200000 origin guides.
[INFO DRT-0026]   Complete 300000 origin guides.
[INFO DRT-0026]   Complete 400000 origin guides.
[INFO DRT-0026]   Complete 500000 origin guides.
[INFO DRT-0026]   Complete 600000 origin guides.
[INFO DRT-0026]   Complete 700000 origin guides.
[INFO DRT-0026]   Complete 800000 origin guides.
[INFO DRT-0026]   Complete 900000 origin guides.
[INFO DRT-0027]   Complete 1000000 origin guides.
[INFO DRT-0028]   Complete FR_MASTERSLICE.
[INFO DRT-0028]   Complete Fr_VIA.
[INFO DRT-0028]   Complete li1.
[INFO DRT-0028]   Complete mcon.
[INFO DRT-0028]   Complete met1.
[INFO DRT-0028]   Complete via.
[INFO DRT-0028]   Complete met2.
[INFO DRT-0028]   Complete via2.
[INFO DRT-0028]   Complete met3.
[INFO DRT-0028]   Complete via3.
[INFO DRT-0028]   Complete met4.
[INFO DRT-0028]   Complete via4.
[INFO DRT-0028]   Complete met5.
  complete 100000 nets.
[INFO DRT-0178] Init guide query.
[INFO DRT-0029]   Complete 100000 nets (guide).
[INFO DRT-0035]   Complete FR_MASTERSLICE (guide).
[INFO DRT-0035]   Complete Fr_VIA (guide).
[INFO DRT-0035]   Complete li1 (guide).
[INFO DRT-0035]   Complete mcon (guide).
[INFO DRT-0035]   Complete met1 (guide).
[INFO DRT-0035]   Complete via (guide).
[INFO DRT-0035]   Complete met2 (guide).
[INFO DRT-0035]   Complete via2 (guide).
[INFO DRT-0035]   Complete met3 (guide).
[INFO DRT-0035]   Complete via3 (guide).
[INFO DRT-0035]   Complete met4 (guide).
[INFO DRT-0035]   Complete via4 (guide).
[INFO DRT-0035]   Complete met5 (guide).
[INFO DRT-0036] FR_MASTERSLICE guide region query size = 0.
[INFO DRT-0036] FR_VIA guide region query size = 0.
[INFO DRT-0036] li1 guide region query size = 428057.
[INFO DRT-0036] mcon guide region query size = 0.
[INFO DRT-0036] met1 guide region query size = 386421.
[INFO DRT-0036] via guide region query size = 0.
[INFO DRT-0036] met2 guide region query size = 224009.
[INFO DRT-0036] via2 guide region query size = 0.
[INFO DRT-0036] met3 guide region query size = 34816.
[INFO DRT-0036] via3 guide region query size = 0.
[INFO DRT-0036] met4 guide region query size = 9488.
[INFO DRT-0036] via4 guide region query size = 0.
[INFO DRT-0036] met5 guide region query size = 445.
[INFO DRT-0179] Init gr pin query.
[INFO DRT-0267] cpu time = 00:00:04, elapsed time = 00:00:01, memory = 3681.45 (MB), peak = 6380.89 (MB)
[INFO DRT-0245] skipped writing guide updates to database.
[INFO DRT-0181] Start track assignment.
[INFO DRT-0184] Done with 661554 vertical wires in 6 frboxes and 421682 horizontal wires in 6 frboxes.
[INFO DRT-0186] Done with 87453 vertical wires in 6 frboxes and 127045 horizontal wires in 6 frboxes.
[INFO DRT-0182] Complete track assignment.
[INFO DRT-0267] cpu time = 00:01:07, elapsed time = 00:00:14, memory = 4094.42 (MB), peak = 6380.89 (MB)
[INFO DRT-0187] Start routing data preparation.
[INFO DRT-0267] cpu time = 00:00:01, elapsed time = 00:00:01, memory = 4281.48 (MB), peak = 6380.89 (MB)
[INFO DRT-0194] Start detail routing.
[INFO DRT-0195] Start 0th optimization iteration.
    Completing 10% with 0 violations.
    elapsed time = 00:00:08, memory = 3729.48 (MB).
    Completing 20% with 0 violations.
    elapsed time = 00:00:16, memory = 4289.44 (MB).
    Completing 30% with 172 violations.
    elapsed time = 00:00:30, memory = 5129.55 (MB).
    Completing 40% with 172 violations.
    elapsed time = 00:00:38, memory = 4598.39 (MB).
    Completing 50% with 172 violations.
    elapsed time = 00:00:47, memory = 3349.66 (MB).
    Completing 60% with 426 violations.
    elapsed time = 00:00:59, memory = 5182.92 (MB).
    Completing 70% with 426 violations.
    elapsed time = 00:01:07, memory = 4606.02 (MB).
    Completing 80% with 605 violations.
    elapsed time = 00:01:21, memory = 4860.45 (MB).
    Completing 90% with 605 violations.
    elapsed time = 00:01:29, memory = 3673.25 (MB).
    Completing 100% with 801 violations.
    elapsed time = 00:01:43, memory = 4804.42 (MB).
[INFO DRT-0199]   Number of violations = 939.
Viol/Layer         li1   met1    via   met2   met3   met4
Metal Spacing        0     46      0     52     25      5
Recheck              1     28      0     55     54      0
Short                0    243      1    262    143     24
[INFO DRT-0267] cpu time = 00:14:37, elapsed time = 00:01:43, memory = 4834.12 (MB), peak = 6380.89 (MB)
Total wire length = 7377173 um.
Total wire length on LAYER li1 = 0 um.
Total wire length on LAYER met1 = 2420321 um.
Total wire length on LAYER met2 = 3164820 um.
Total wire length on LAYER met3 = 1210970 um.
Total wire length on LAYER met4 = 550675 um.
Total wire length on LAYER met5 = 30385 um.
Total number of vias = 1206344.
Up-via summary (total 1206344):

--------------------------
 FR_MASTERSLICE          0
            li1     510615
           met1     600000
           met2      77890
           met3      17104
           met4        735
--------------------------
               1206344


[INFO DRT-0195] Start 1st optimization iteration.
    Completing 10% with 939 violations.
    elapsed time = 00:00:08, memory = 5287.50 (MB).
    Completing 20% with 939 violations.
    elapsed time = 00:00:16, memory = 4746.48 (MB).
    Completing 30% with 786 violations.
    elapsed time = 00:00:29, memory = 5627.22 (MB).
    Completing 40% with 786 violations.
    elapsed time = 00:00:36, memory = 5165.11 (MB).
    Completing 50% with 786 violations.
    elapsed time = 00:00:45, memory = 3488.03 (MB).
    Completing 60% with 552 violations.
    elapsed time = 00:00:58, memory = 5383.92 (MB).
    Completing 70% with 552 violations.
    elapsed time = 00:01:06, memory = 4792.19 (MB).
    Completing 80% with 396 violations.
    elapsed time = 00:01:19, memory = 5627.69 (MB).
    Completing 90% with 396 violations.
    elapsed time = 00:01:26, memory = 5141.97 (MB).
    Completing 100% with 209 violations.
    elapsed time = 00:01:39, memory = 5488.44 (MB).
[INFO DRT-0199]   Number of violations = 209.
Viol/Layer        met1   met2   met3   met4
Metal Spacing       18     12     11      2
Short               99     46     15      6
[INFO DRT-0267] cpu time = 00:14:39, elapsed time = 00:01:40, memory = 5522.59 (MB), peak = 6380.89 (MB)
Total wire length = 7376898 um.
Total wire length on LAYER li1 = 0 um.
Total wire length on LAYER met1 = 2420291 um.
Total wire length on LAYER met2 = 3164670 um.
Total wire length on LAYER met3 = 1210912 um.
Total wire length on LAYER met4 = 550629 um.
Total wire length on LAYER met5 = 30394 um.
Total number of vias = 1206314.
Up-via summary (total 1206314):

--------------------------
 FR_MASTERSLICE          0
            li1     510613
           met1     599963
           met2      77898
           met3      17105
           met4        735
--------------------------
               1206314


[INFO DRT-0195] Start 2nd optimization iteration.
    Completing 10% with 209 violations.
    elapsed time = 00:00:00, memory = 5617.14 (MB).
    Completing 20% with 209 violations.
    elapsed time = 00:00:00, memory = 5617.98 (MB).
    Completing 30% with 209 violations.
    elapsed time = 00:00:01, memory = 5571.23 (MB).
    Completing 40% with 209 violations.
    elapsed time = 00:00:01, memory = 5571.48 (MB).
    Completing 50% with 209 violations.
    elapsed time = 00:00:02, memory = 5049.05 (MB).
    Completing 60% with 212 violations.
    elapsed time = 00:00:02, memory = 5049.50 (MB).
    Completing 70% with 212 violations.
    elapsed time = 00:00:02, memory = 5051.14 (MB).
    Completing 80% with 209 violations.
    elapsed time = 00:00:04, memory = 5135.98 (MB).
    Completing 90% with 209 violations.
    elapsed time = 00:00:04, memory = 5136.28 (MB).
    Completing 100% with 178 violations.
    elapsed time = 00:00:06, memory = 5180.42 (MB).
[INFO DRT-0199]   Number of violations = 178.
Viol/Layer        met1   met2   met3   met4
Metal Spacing       21     23      5      2
Short               73     41     10      3
[INFO DRT-0267] cpu time = 00:00:40, elapsed time = 00:00:06, memory = 5226.38 (MB), peak = 6380.89 (MB)
Total wire length = 7376870 um.
Total wire length on LAYER li1 = 0 um.
Total wire length on LAYER met1 = 2420249 um.
Total wire length on LAYER met2 = 3164681 um.
Total wire length on LAYER met3 = 1210926 um.
Total wire length on LAYER met4 = 550618 um.
Total wire length on LAYER met5 = 30394 um.
Total number of vias = 1206303.
Up-via summary (total 1206303):

--------------------------
 FR_MASTERSLICE          0
            li1     510614
           met1     599946
           met2      77900
           met3      17108
           met4        735
--------------------------
               1206303


[INFO DRT-0195] Start 3rd optimization iteration.
    Completing 10% with 178 violations.
    elapsed time = 00:00:00, memory = 5227.61 (MB).
    Completing 20% with 178 violations.
    elapsed time = 00:00:00, memory = 5227.69 (MB).
    Completing 30% with 167 violations.
    elapsed time = 00:00:02, memory = 5142.94 (MB).
    Completing 40% with 167 violations.
    elapsed time = 00:00:02, memory = 5143.14 (MB).
    Completing 50% with 167 violations.
    elapsed time = 00:00:05, memory = 5001.22 (MB).
    Completing 60% with 143 violations.
    elapsed time = 00:00:05, memory = 5001.52 (MB).
    Completing 70% with 143 violations.
    elapsed time = 00:00:05, memory = 5001.56 (MB).
    Completing 80% with 118 violations.
    elapsed time = 00:00:15, memory = 4719.41 (MB).
    Completing 90% with 118 violations.
    elapsed time = 00:00:15, memory = 4719.75 (MB).
    Completing 100% with 80 violations.
    elapsed time = 00:00:21, memory = 4609.25 (MB).
[INFO DRT-0199]   Number of violations = 80.
Viol/Layer        met1   met2
Metal Spacing        8     15
Short               35     22
[INFO DRT-0267] cpu time = 00:00:57, elapsed time = 00:00:21, memory = 4616.41 (MB), peak = 6380.89 (MB)
Total wire length = 7376885 um.
Total wire length on LAYER li1 = 0 um.
Total wire length on LAYER met1 = 2420056 um.
Total wire length on LAYER met2 = 3164619 um.
Total wire length on LAYER met3 = 1211112 um.
Total wire length on LAYER met4 = 550700 um.
Total wire length on LAYER met5 = 30397 um.
Total number of vias = 1206371.
Up-via summary (total 1206371):

--------------------------
 FR_MASTERSLICE          0
            li1     510615
           met1     599953
           met2      77945
           met3      17123
           met4        735
--------------------------
               1206371


[INFO DRT-0195] Start 4th guides tiles iteration.
    Completing 10% with 80 violations.
    elapsed time = 00:00:00, memory = 4618.50 (MB).
    Completing 20% with 80 violations.
    elapsed time = 00:00:00, memory = 4616.92 (MB).
    Completing 30% with 80 violations.
    elapsed time = 00:00:02, memory = 4166.22 (MB).
    Completing 40% with 15 violations.
    elapsed time = 00:00:03, memory = 4166.67 (MB).
    Completing 50% with 15 violations.
    elapsed time = 00:00:03, memory = 4166.67 (MB).
    Completing 60% with 15 violations.
    elapsed time = 00:00:03, memory = 4166.69 (MB).
    Completing 70% with 15 violations.
    elapsed time = 00:00:03, memory = 4166.89 (MB).
    Completing 80% with 11 violations.
    elapsed time = 00:00:04, memory = 4167.11 (MB).
    Completing 90% with 11 violations.
    elapsed time = 00:00:04, memory = 4167.22 (MB).
    Completing 100% with 10 violations.
    elapsed time = 00:00:04, memory = 4167.22 (MB).
[INFO DRT-0199]   Number of violations = 10.
Viol/Layer        met1
Metal Spacing        2
Short                8
[INFO DRT-0267] cpu time = 00:00:10, elapsed time = 00:00:04, memory = 4178.62 (MB), peak = 6380.89 (MB)
Total wire length = 7376908 um.
Total wire length on LAYER li1 = 0 um.
Total wire length on LAYER met1 = 2419992 um.
Total wire length on LAYER met2 = 3164313 um.
Total wire length on LAYER met3 = 1211181 um.
Total wire length on LAYER met4 = 551022 um.
Total wire length on LAYER met5 = 30397 um.
Total number of vias = 1206400.
Up-via summary (total 1206400):

--------------------------
 FR_MASTERSLICE          0
            li1     510616
           met1     599948
           met2      77965
           met3      17136
           met4        735
--------------------------
               1206400


[INFO DRT-0195] Start 5th guides tiles iteration.
    Completing 50% with 10 violations.
    elapsed time = 00:00:00, memory = 4178.62 (MB).
    Completing 100% with 0 violations.
    elapsed time = 00:00:00, memory = 4178.66 (MB).
[INFO DRT-0199]   Number of violations = 0.
[INFO DRT-0267] cpu time = 00:00:00, elapsed time = 00:00:00, memory = 4178.95 (MB), peak = 6380.89 (MB)
Total wire length = 7376898 um.
Total wire length on LAYER li1 = 0 um.
Total wire length on LAYER met1 = 2419988 um.
Total wire length on LAYER met2 = 3164312 um.
Total wire length on LAYER met3 = 1211177 um.
Total wire length on LAYER met4 = 551022 um.
Total wire length on LAYER met5 = 30397 um.
Total number of vias = 1206397.
Up-via summary (total 1206397):

--------------------------
 FR_MASTERSLICE          0
            li1     510617
           met1     599946
           met2      77963
           met3      17136
           met4        735
--------------------------
               1206397


[INFO DRT-0198] Complete detail routing.
Total wire length = 7376898 um.
Total wire length on LAYER li1 = 0 um.
Total wire length on LAYER met1 = 2419988 um.
Total wire length on LAYER met2 = 3164312 um.
Total wire length on LAYER met3 = 1211177 um.
Total wire length on LAYER met4 = 551022 um.
Total wire length on LAYER met5 = 30397 um.
Total number of vias = 1206397.
Up-via summary (total 1206397):

--------------------------
 FR_MASTERSLICE          0
            li1     510617
           met1     599946
           met2      77963
           met3      17136
           met4        735
--------------------------
               1206397


[INFO DRT-0267] cpu time = 00:31:06, elapsed time = 00:03:57, memory = 4179.03 (MB), peak = 6380.89 (MB)

[INFO DRT-0180] Post processing.
[INFO DRT-0501] Runtime: 529.94s
[INFO ANT-0002] Found 4 net violations.
[INFO ANT-0001] Found 4 pin violations.
[INFO GRT-0012] Found 4 antenna violations.
[INFO DPL-0006] Core area: 3527558.21 um^2
[INFO DPL-0007] Movable instances area: 2.50 um^2
[INFO DPL-0008] Fixed instances area within core: 1905388.67 um^2
[INFO DPL-0009] Utilization: 54.0%
[INFO DPL-0005] Diamond search max displacement: +/- 500 sites horizontally, +/- 100 rows vertically.
[INFO DPL-1102] Legalizing using negotiation legalizer.
[INFO DPL-1103] Negotiation base search window: +/-20 sites horizontally, +/-5 rows vertically 
	Automatic search window extension enabled.
	Search window extendable up to the max displacement cap of +/-500 sites, +/-100 rows near walls.
[INFO DPL-1104] NegotiationLegalizer DRC penalty: 5.
[INFO DPL-0392] Negotiation cell height distribution (1 unique row-count(s)):
[INFO DPL-0393]   height 1 row(s): 191174 cells
          |      Total |  Illegal |  Illegal
Iteration | Violations |    Cells |    Sites
---------------------------------------------
        0 |          0 |         0 |         0
Negotiation phase 1 converged at iteration 0.
[INFO DPL-0500] Runtime: 0.75s
[INFO GRT-0015] Inserted 5 diodes.
[INFO DRT-0018]   Complete 100000 insts.
[INFO DRT-0024]   Complete FR_MASTERSLICE.
[INFO DRT-0024]   Complete Fr_VIA.
[INFO DRT-0024]   Complete li1.
[INFO DRT-0024]   Complete mcon.
[INFO DRT-0024]   Complete met1.
[INFO DRT-0024]   Complete via.
[INFO DRT-0024]   Complete met2.
[INFO DRT-0024]   Complete via2.
[INFO DRT-0024]   Complete met3.
[INFO DRT-0024]   Complete via3.
[INFO DRT-0024]   Complete met4.
[INFO DRT-0024]   Complete via4.
[INFO DRT-0024]   Complete met5.
[INFO DRT-0165] Start pin access.
[INFO DRT-0076]   Complete 1000 pins.
[INFO DRT-0076]   Complete 2000 pins.
[INFO DRT-0076]   Complete 3000 pins.
[INFO DRT-0078]   Complete 3709 pins.
[INFO DRT-0079]   Complete 100 unique inst patterns.
[INFO DRT-0079]   Complete 200 unique inst patterns.
[INFO DRT-0079]   Complete 300 unique inst patterns.
[INFO DRT-0079]   Complete 400 unique inst patterns.
[INFO DRT-0081]   Complete 447 unique inst patterns.
[INFO DRT-0082]   Complete 10000 groups.
[INFO DRT-0082]   Complete 20000 groups.
[INFO DRT-0082]   Complete 30000 groups.
[INFO DRT-0082]   Complete 40000 groups.
[INFO DRT-0082]   Complete 50000 groups.
[INFO DRT-0082]   Complete 60000 groups.
[INFO DRT-0082]   Complete 70000 groups.
[INFO DRT-0082]   Complete 80000 groups.
[INFO DRT-0082]   Complete 90000 groups.
[INFO DRT-0082]   Complete 100000 groups.
[INFO DRT-0084]   Complete 102747 groups.
#scanned instances     = 191174
#unique  instances     = 447
#stdCellGenAp          = 14573
#stdCellValidPlanarAp  = 122
#stdCellValidViaAp     = 10839
#stdCellPinNoAp        = 6
#stdCellPinCnt         = 508315
#instTermValidViaApCnt = 0
#macroGenAp            = 0
#macroValidPlanarAp    = 0
#macroValidViaAp       = 0
#macroNoAp             = 0
[INFO DRT-0166] Complete pin access.
[INFO DRT-0267] cpu time = 00:46:41, elapsed time = 00:04:22, memory = 3277.95 (MB), peak = 6380.89 (MB)
[INFO DRT-0156] guideIn read 100000 guides.
[INFO DRT-0156] guideIn read 200000 guides.
[INFO DRT-0156] guideIn read 300000 guides.
[INFO DRT-0156] guideIn read 400000 guides.
[INFO DRT-0156] guideIn read 500000 guides.
[INFO DRT-0156] guideIn read 600000 guides.
[INFO DRT-0156] guideIn read 700000 guides.
[INFO DRT-0156] guideIn read 800000 guides.
[INFO DRT-0156] guideIn read 900000 guides.
[INFO DRT-0156] guideIn read 1000000 guides.

[INFO DRT-0157] Number of guides:     1327232

[INFO DRT-0169] Post process guides.
[INFO DRT-0176] GCELLGRID X 0 DO 275 STEP 6900 ;
[INFO DRT-0177] GCELLGRID Y 0 DO 275 STEP 6900 ;
[INFO DRT-0026]   Complete 100000 origin guides.
[INFO DRT-0026]   Complete 200000 origin guides.
[INFO DRT-0026]   Complete 300000 origin guides.
[INFO DRT-0026]   Complete 400000 origin guides.
[INFO DRT-0026]   Complete 500000 origin guides.
[INFO DRT-0026]   Complete 600000 origin guides.
[INFO DRT-0026]   Complete 700000 origin guides.
[INFO DRT-0026]   Complete 800000 origin guides.
[INFO DRT-0026]   Complete 900000 origin guides.
[INFO DRT-0027]   Complete 1000000 origin guides.
[INFO DRT-0028]   Complete FR_MASTERSLICE.
[INFO DRT-0028]   Complete Fr_VIA.
[INFO DRT-0028]   Complete li1.
[INFO DRT-0028]   Complete mcon.
[INFO DRT-0028]   Complete met1.
[INFO DRT-0028]   Complete via.
[INFO DRT-0028]   Complete met2.
[INFO DRT-0028]   Complete via2.
[INFO DRT-0028]   Complete met3.
[INFO DRT-0028]   Complete via3.
[INFO DRT-0028]   Complete met4.
[INFO DRT-0028]   Complete via4.
[INFO DRT-0028]   Complete met5.
  complete 100000 nets.
[INFO DRT-0178] Init guide query.
[INFO DRT-0029]   Complete 100000 nets (guide).
[INFO DRT-0035]   Complete FR_MASTERSLICE (guide).
[INFO DRT-0035]   Complete Fr_VIA (guide).
[INFO DRT-0035]   Complete li1 (guide).
[INFO DRT-0035]   Complete mcon (guide).
[INFO DRT-0035]   Complete met1 (guide).
[INFO DRT-0035]   Complete via (guide).
[INFO DRT-0035]   Complete met2 (guide).
[INFO DRT-0035]   Complete via2 (guide).
[INFO DRT-0035]   Complete met3 (guide).
[INFO DRT-0035]   Complete via3 (guide).
[INFO DRT-0035]   Complete met4 (guide).
[INFO DRT-0035]   Complete via4 (guide).
[INFO DRT-0035]   Complete met5 (guide).
[INFO DRT-0036] FR_MASTERSLICE guide region query size = 0.
[INFO DRT-0036] FR_VIA guide region query size = 0.
[INFO DRT-0036] li1 guide region query size = 428058.
[INFO DRT-0036] mcon guide region query size = 0.
[INFO DRT-0036] met1 guide region query size = 386421.
[INFO DRT-0036] via guide region query size = 0.
[INFO DRT-0036] met2 guide region query size = 224008.
[INFO DRT-0036] via2 guide region query size = 0.
[INFO DRT-0036] met3 guide region query size = 34818.
[INFO DRT-0036] via3 guide region query size = 0.
[INFO DRT-0036] met4 guide region query size = 9490.
[INFO DRT-0036] via4 guide region query size = 0.
[INFO DRT-0036] met5 guide region query size = 445.
[INFO DRT-0179] Init gr pin query.
[INFO DRT-0267] cpu time = 00:00:04, elapsed time = 00:00:01, memory = 3547.22 (MB), peak = 6380.89 (MB)
[INFO DRT-0245] skipped writing guide updates to database.
[INFO DRT-0181] Start track assignment.
[INFO DRT-0184] Done with 661556 vertical wires in 6 frboxes and 421684 horizontal wires in 6 frboxes.
[INFO DRT-0186] Done with 87130 vertical wires in 6 frboxes and 126720 horizontal wires in 6 frboxes.
[INFO DRT-0182] Complete track assignment.
[INFO DRT-0267] cpu time = 00:01:07, elapsed time = 00:00:14, memory = 4237.81 (MB), peak = 6380.89 (MB)
[INFO DRT-0187] Start routing data preparation.
[INFO DRT-0267] cpu time = 00:00:01, elapsed time = 00:00:01, memory = 4496.59 (MB), peak = 6380.89 (MB)
[INFO DRT-0194] Start detail routing.
[INFO DRT-0195] Start 0th optimization iteration.
    Completing 10% with 0 violations.
    elapsed time = 00:00:08, memory = 5107.48 (MB).
    Completing 20% with 0 violations.
    elapsed time = 00:00:16, memory = 4435.83 (MB).
    Completing 30% with 50 violations.
    elapsed time = 00:00:29, memory = 5686.52 (MB).
    Completing 40% with 50 violations.
    elapsed time = 00:00:36, memory = 5472.12 (MB).
    Completing 50% with 50 violations.
    elapsed time = 00:00:44, memory = 4207.03 (MB).
    Completing 60% with 66 violations.
    elapsed time = 00:00:57, memory = 5625.16 (MB).
    Completing 70% with 66 violations.
    elapsed time = 00:01:04, memory = 5240.03 (MB).
    Completing 80% with 116 violations.
    elapsed time = 00:01:17, memory = 5821.45 (MB).
    Completing 90% with 116 violations.
    elapsed time = 00:01:25, memory = 5601.84 (MB).
    Completing 100% with 128 violations.
    elapsed time = 00:01:38, memory = 4579.03 (MB).
[INFO DRT-0199]   Number of violations = 159.
Viol/Layer        met1   met2   met3   met4
Metal Spacing        8      1      8      2
Recheck              2      4     25      0
Short               25     28     54      2
[INFO DRT-0267] cpu time = 00:14:14, elapsed time = 00:01:38, memory = 4644.91 (MB), peak = 6380.89 (MB)
Total wire length = 7376922 um.
Total wire length on LAYER li1 = 0 um.
Total wire length on LAYER met1 = 2419870 um.
Total wire length on LAYER met2 = 3163968 um.
Total wire length on LAYER met3 = 1211345 um.
Total wire length on LAYER met4 = 551340 um.
Total wire length on LAYER met5 = 30397 um.
Total number of vias = 1206384.
Up-via summary (total 1206384):

--------------------------
 FR_MASTERSLICE          0
            li1     510628
           met1     599944
           met2      77935
           met3      17142
           met4        735
--------------------------
               1206384


[INFO DRT-0195] Start 1st optimization iteration.
    Completing 10% with 159 violations.
    elapsed time = 00:00:08, memory = 4966.59 (MB).
    Completing 20% with 159 violations.
    elapsed time = 00:00:15, memory = 4282.19 (MB).
    Completing 30% with 126 violations.
    elapsed time = 00:00:29, memory = 5019.34 (MB).
    Completing 40% with 126 violations.
    elapsed time = 00:00:36, memory = 4811.17 (MB).
    Completing 50% with 126 violations.
    elapsed time = 00:00:44, memory = 3680.70 (MB).
    Completing 60% with 108 violations.
    elapsed time = 00:00:57, memory = 4858.67 (MB).
    Completing 70% with 108 violations.
    elapsed time = 00:01:05, memory = 4032.81 (MB).
    Completing 80% with 66 violations.
    elapsed time = 00:01:19, memory = 5172.69 (MB).
    Completing 90% with 66 violations.
    elapsed time = 00:01:26, memory = 4756.69 (MB).
    Completing 100% with 37 violations.
    elapsed time = 00:01:39, memory = 4790.14 (MB).
[INFO DRT-0199]   Number of violations = 37.
Viol/Layer        met1   met2   met3
Metal Spacing       12      0      1
Short               22      2      0
[INFO DRT-0267] cpu time = 00:14:19, elapsed time = 00:01:39, memory = 4786.66 (MB), peak = 6380.89 (MB)
Total wire length = 7376885 um.
Total wire length on LAYER li1 = 0 um.
Total wire length on LAYER met1 = 2419871 um.
Total wire length on LAYER met2 = 3163973 um.
Total wire length on LAYER met3 = 1211285 um.
Total wire length on LAYER met4 = 551357 um.
Total wire length on LAYER met5 = 30397 um.
Total number of vias = 1206396.
Up-via summary (total 1206396):

--------------------------
 FR_MASTERSLICE          0
            li1     510626
           met1     599941
           met2      77949
           met3      17145
           met4        735
--------------------------
               1206396


[INFO DRT-0195] Start 2nd optimization iteration.
    Completing 10% with 37 violations.
    elapsed time = 00:00:00, memory = 5020.66 (MB).
    Completing 20% with 37 violations.
    elapsed time = 00:00:00, memory = 5020.81 (MB).
    Completing 30% with 36 violations.
    elapsed time = 00:00:00, memory = 5004.52 (MB).
    Completing 40% with 36 violations.
    elapsed time = 00:00:00, memory = 5004.52 (MB).
    Completing 50% with 36 violations.
    elapsed time = 00:00:01, memory = 4905.59 (MB).
    Completing 60% with 24 violations.
    elapsed time = 00:00:01, memory = 4905.72 (MB).
    Completing 70% with 24 violations.
    elapsed time = 00:00:01, memory = 4905.75 (MB).
    Completing 80% with 24 violations.
    elapsed time = 00:00:01, memory = 4905.75 (MB).
    Completing 90% with 24 violations.
    elapsed time = 00:00:01, memory = 4905.91 (MB).
    Completing 100% with 8 violations.
    elapsed time = 00:00:01, memory = 4985.02 (MB).
[INFO DRT-0199]   Number of violations = 8.
Viol/Layer        met1   met3
Metal Spacing        0      1
Short                7      0
[INFO DRT-0267] cpu time = 00:00:03, elapsed time = 00:00:01, memory = 4988.61 (MB), peak = 6380.89 (MB)
Total wire length = 7376891 um.
Total wire length on LAYER li1 = 0 um.
Total wire length on LAYER met1 = 2419866 um.
Total wire length on LAYER met2 = 3163976 um.
Total wire length on LAYER met3 = 1211294 um.
Total wire length on LAYER met4 = 551355 um.
Total wire length on LAYER met5 = 30397 um.
Total number of vias = 1206400.
Up-via summary (total 1206400):

--------------------------
 FR_MASTERSLICE          0
            li1     510626
           met1     599944
           met2      77950
           met3      17145
           met4        735
--------------------------
               1206400


[INFO DRT-0195] Start 3rd guides tiles iteration.
    Completing 20% with 8 violations.
    elapsed time = 00:00:00, memory = 4942.72 (MB).
    Completing 50% with 8 violations.
    elapsed time = 00:00:00, memory = 4942.83 (MB).
    Completing 70% with 0 violations.
    elapsed time = 00:00:00, memory = 4943.00 (MB).
    Completing 100% with 0 violations.
    elapsed time = 00:00:00, memory = 4943.00 (MB).
[INFO DRT-0199]   Number of violations = 0.
[INFO DRT-0267] cpu time = 00:00:00, elapsed time = 00:00:00, memory = 4953.09 (MB), peak = 6380.89 (MB)
Total wire length = 7376890 um.
Total wire length on LAYER li1 = 0 um.
Total wire length on LAYER met1 = 2419847 um.
Total wire length on LAYER met2 = 3163977 um.
Total wire length on LAYER met3 = 1211312 um.
Total wire length on LAYER met4 = 551354 um.
Total wire length on LAYER met5 = 30397 um.
Total number of vias = 1206409.
Up-via summary (total 1206409):

--------------------------
 FR_MASTERSLICE          0
            li1     510626
           met1     599953
           met2      77950
           met3      17145
           met4        735
--------------------------
               1206409


[INFO DRT-0198] Complete detail routing.
Total wire length = 7376890 um.
Total wire length on LAYER li1 = 0 um.
Total wire length on LAYER met1 = 2419847 um.
Total wire length on LAYER met2 = 3163977 um.
Total wire length on LAYER met3 = 1211312 um.
Total wire length on LAYER met4 = 551354 um.
Total wire length on LAYER met5 = 30397 um.
Total number of vias = 1206409.
Up-via summary (total 1206409):

--------------------------
 FR_MASTERSLICE          0
            li1     510626
           met1     599953
           met2      77950
           met3      17145
           met4        735
--------------------------
               1206409


[INFO DRT-0267] cpu time = 00:28:38, elapsed time = 00:03:21, memory = 4953.28 (MB), peak = 6380.89 (MB)

[INFO DRT-0180] Post processing.
[INFO DRT-0501] Runtime: 486.37s
[INFO ANT-0002] Found 2 net violations.
[INFO ANT-0001] Found 5 pin violations.
[INFO ANT-0002] Found 2 net violations.
[INFO ANT-0001] Found 5 pin violations.
Design area 1905391 um^2 54% utilization.
write_db /Users/shubhanshu/Desktop/Nebula/digital/artifacts/model_ppa_v2_20260913_2305/pnr_openrouter_nemotron-ultra/results/sky130hd/nebula_bench_v2/openrouter_nemotron-ultra/5_2_route.odb
Elapsed time: 1:35:32.89[h:]min:sec. CPU time: user 53837.14 sys 540.27 (948%). Peak memory: 6534032KB.
Log                       Ext     Elapsed/s Peak Memory/MB sha1sum result [0:20)
5_2_route                 .odb         5732           6380 429fbd00b6b543592615
/Users/shubhanshu/Desktop/Nebula/digital/orfs/flow/scripts/flow.sh 5_3_fillcell fillcell
Running fillcell.tcl, stage 5_3_fillcell
read_liberty /Users/shubhanshu/Desktop/Nebula/digital/orfs/flow/platforms/sky130hd/lib/sky130_fd_sc_hd__tt_025C_1v80.lib
read_db /Users/shubhanshu/Desktop/Nebula/digital/artifacts/model_ppa_v2_20260913_2305/pnr_openrouter_nemotron-ultra/results/sky130hd/nebula_bench_v2/openrouter_nemotron-ultra/5_2_route.odb
read_sdc /Users/shubhanshu/Desktop/Nebula/digital/artifacts/model_ppa_v2_20260913_2305/pnr_openrouter_nemotron-ultra/results/sky130hd/nebula_bench_v2/openrouter_nemotron-ultra/5_1_grt.sdc
source /Users/shubhanshu/Desktop/Nebula/digital/orfs/flow/platforms/sky130hd/setRC.tcl
filler_placement "sky130_fd_sc_hd__fill_1 sky130_fd_sc_hd__fill_2 sky130_fd_sc_hd__fill_4 sky130_fd_sc_hd__fill_8"
[INFO DPL-0001] Placed 298166 filler instances.
Design area 1905391 um^2 54% utilization.
write_db /Users/shubhanshu/Desktop/Nebula/digital/artifacts/model_ppa_v2_20260913_2305/pnr_openrouter_nemotron-ultra/results/sky130hd/nebula_bench_v2/openrouter_nemotron-ultra/5_3_fillcell.odb
Elapsed time: 0:04.47[h:]min:sec. CPU time: user 3.92 sys 0.50 (98%). Peak memory: 1039616KB.
Log                       Ext     Elapsed/s Peak Memory/MB sha1sum result [0:20)
5_3_fillcell              .odb            4           1015 a668f4c565873dfe3b53
cp /Users/shubhanshu/Desktop/Nebula/digital/artifacts/model_ppa_v2_20260913_2305/pnr_openrouter_nemotron-ultra/results/sky130hd/nebula_bench_v2/openrouter_nemotron-ultra/5_3_fillcell.odb /Users/shubhanshu/Desktop/Nebula/digital/artifacts/model_ppa_v2_20260913_2305/pnr_openrouter_nemotron-ultra/results/sky130hd/nebula_bench_v2/openrouter_nemotron-ultra/5_route.odb
cp /Users/shubhanshu/Desktop/Nebula/digital/artifacts/model_ppa_v2_20260913_2305/pnr_openrouter_nemotron-ultra/results/sky130hd/nebula_bench_v2/openrouter_nemotron-ultra/5_1_grt.sdc /Users/shubhanshu/Desktop/Nebula/digital/artifacts/model_ppa_v2_20260913_2305/pnr_openrouter_nemotron-ultra/results/sky130hd/nebula_bench_v2/openrouter_nemotron-ultra/5_route.sdc
/Users/shubhanshu/Desktop/Nebula/digital/orfs/flow/scripts/flow.sh 6_1_fill density_fill
Running density_fill.tcl, stage 6_1_fill
read_liberty /Users/shubhanshu/Desktop/Nebula/digital/orfs/flow/platforms/sky130hd/lib/sky130_fd_sc_hd__tt_025C_1v80.lib
read_db /Users/shubhanshu/Desktop/Nebula/digital/artifacts/model_ppa_v2_20260913_2305/pnr_openrouter_nemotron-ultra/results/sky130hd/nebula_bench_v2/openrouter_nemotron-ultra/5_route.odb
read_sdc /Users/shubhanshu/Desktop/Nebula/digital/artifacts/model_ppa_v2_20260913_2305/pnr_openrouter_nemotron-ultra/results/sky130hd/nebula_bench_v2/openrouter_nemotron-ultra/5_route.sdc
source /Users/shubhanshu/Desktop/Nebula/digital/orfs/flow/platforms/sky130hd/setRC.tcl
exec cp /Users/shubhanshu/Desktop/Nebula/digital/artifacts/model_ppa_v2_20260913_2305/pnr_openrouter_nemotron-ultra/results/sky130hd/nebula_bench_v2/openrouter_nemotron-ultra/5_route.odb /Users/shubhanshu/Desktop/Nebula/digital/artifacts/model_ppa_v2_20260913_2305/pnr_openrouter_nemotron-ultra/results/sky130hd/nebula_bench_v2/openrouter_nemotron-ultra/6_1_fill.odb
Elapsed time: 0:01.70[h:]min:sec. CPU time: user 1.42 sys 0.21 (95%). Peak memory: 694288KB.
Log                       Ext     Elapsed/s Peak Memory/MB sha1sum result [0:20)
6_1_fill                  .odb            1            678 a668f4c565873dfe3b53
cp /Users/shubhanshu/Desktop/Nebula/digital/artifacts/model_ppa_v2_20260913_2305/pnr_openrouter_nemotron-ultra/results/sky130hd/nebula_bench_v2/openrouter_nemotron-ultra/5_route.sdc /Users/shubhanshu/Desktop/Nebula/digital/artifacts/model_ppa_v2_20260913_2305/pnr_openrouter_nemotron-ultra/results/sky130hd/nebula_bench_v2/openrouter_nemotron-ultra/6_1_fill.sdc
/Users/shubhanshu/Desktop/Nebula/digital/orfs/flow/scripts/flow.sh 6_report final_report
Running final_report.tcl, stage 6_report
read_liberty /Users/shubhanshu/Desktop/Nebula/digital/orfs/flow/platforms/sky130hd/lib/sky130_fd_sc_hd__tt_025C_1v80.lib
read_db /Users/shubhanshu/Desktop/Nebula/digital/artifacts/model_ppa_v2_20260913_2305/pnr_openrouter_nemotron-ultra/results/sky130hd/nebula_bench_v2/openrouter_nemotron-ultra/6_1_fill.odb
read_sdc /Users/shubhanshu/Desktop/Nebula/digital/artifacts/model_ppa_v2_20260913_2305/pnr_openrouter_nemotron-ultra/results/sky130hd/nebula_bench_v2/openrouter_nemotron-ultra/6_1_fill.sdc
source /Users/shubhanshu/Desktop/Nebula/digital/orfs/flow/platforms/sky130hd/setRC.tcl
write_db /Users/shubhanshu/Desktop/Nebula/digital/artifacts/model_ppa_v2_20260913_2305/pnr_openrouter_nemotron-ultra/results/sky130hd/nebula_bench_v2/openrouter_nemotron-ultra/6_final.odb
write_sdc -no_timestamp /Users/shubhanshu/Desktop/Nebula/digital/artifacts/model_ppa_v2_20260913_2305/pnr_openrouter_nemotron-ultra/results/sky130hd/nebula_bench_v2/openrouter_nemotron-ultra/6_final.sdc
Deleted 0 routing obstructions
Warning: master sky130_ef_sc_hd__decap_12 has signal pins but no liberty cell
[INFO RCX-0431] Defined process_corner X with ext_model_index 0
[INFO RCX-0029] Defined extraction corner X
[WARNING RCX-0514] The ext_model_file option is deprecated. Use set_extraction_rules_file command instead.
[INFO RCX-0435] Reading extraction model file /Users/shubhanshu/Desktop/Nebula/digital/orfs/flow/platforms/sky130hd/rcx_patterns.rules ...
[INFO RCX-0436] RC segment generation soc_top (max_merge_res 50.0) ...
[INFO RCX-0040] Final 661708 rc segments
[INFO RCX-0439] Coupling Cap extraction soc_top ...
[INFO RCX-0440] Coupling threshhold is 0.1000 fF, coupling capacitance less than 0.1000 fF will be grounded.
[INFO RCX-0442] 12% of 1412870 wires extracted
[INFO RCX-0442] 24% of 1412870 wires extracted
[INFO RCX-0442] 39% of 1412870 wires extracted
[INFO RCX-0442] 55% of 1412870 wires extracted
[INFO RCX-0442] 65% of 1412870 wires extracted
[INFO RCX-0442] 76% of 1412870 wires extracted
[INFO RCX-0442] 88% of 1412870 wires extracted
[INFO RCX-0442] 100% of 1412870 wires extracted
[INFO RCX-0045] Extract 142788 nets, 803998 rsegs, 803998 caps, 1615791 ccs
[INFO RCX-0042] 100000 nets finished
[INFO RCX-0443] 142788 nets finished
[INFO PSM-0040] All shapes on net VDD are connected.
########## IR report #################
Net              : VDD
Corner           : default
Total power      : 2.90e+00 W
Supply voltage   : 1.80e+00 V
Worstcase voltage: 1.79e+00 V
Average voltage  : 1.80e+00 V
Average IR drop  : 1.71e-04 V
Worstcase IR drop: 1.10e-02 V
Percentage drop  : 0.61 %
######################################
[INFO PSM-0040] All shapes on net VSS are connected.
########## IR report #################
Net              : VSS
Corner           : default
Total power      : 2.90e+00 W
Supply voltage   : 0.00e+00 V
Worstcase voltage: 1.06e-02 V
Average voltage  : 1.74e-04 V
Average IR drop  : 1.74e-04 V
Worstcase IR drop: 1.06e-02 V
Percentage drop  : 0.59 %
######################################
Cell type report:                       Count       Area
  Fill cell                            298166 1622167.04
  Tap cell                              47056   58876.47
  Antenna cell                           1954    4889.69
  Clock buffer                           4857   98859.81
  Timing Repair Buffer                  18162  147174.90
  Inverter                               1949    7405.85
  Clock inverter                         1846   20613.52
  Sequential cell                       34161  958922.18
  Multi-Input combinational cell        81189  608648.74
  Total                                489340 3527558.21
Report metrics stage 6, finish...

==========================================================================
finish report_design_area
--------------------------------------------------------------------------
Design area 1905391 um^2 54% utilization.
Elapsed time: 2:27.88[h:]min:sec. CPU time: user 190.71 sys 72.43 (177%). Peak memory: 3311872KB.
Log                       Ext     Elapsed/s Peak Memory/MB sha1sum result [0:20)
6_report                                147           3234                  N/A
